/Users/nv/Documents/MRI/magnet_design/optimize_robust_aligned.py:54: DeprecationWarning: Importing 'StarmapParallelization' from 'pymoo.core.problem' is deprecated. Please use 'from pymoo.parallelization import StarmapParallelization' instead. This backward compatibility import will be removed in a future version.
  from pymoo.core.problem import StarmapParallelization
==========================================================================================
n_gen  |  n_eval  | n_nds  |     cv_min    |     cv_avg    |      eps      |   indicator  
==========================================================================================
     1 |       40 |      1 |  2.123411E+01 |  1.274362E+02 |             - |             -
     2 |       80 |      1 |  1.832246E+01 |  4.152837E+01 |             - |             -
     3 |      120 |      1 |  1.832246E+01 |  2.835937E+01 |             - |             -
     4 |      160 |      1 |  1.724794E+01 |  2.397798E+01 |             - |             -
     5 |      200 |      1 |  7.9038484761 |  2.111554E+01 |             - |             -
     6 |      240 |      1 |  7.9038484761 |  1.819510E+01 |             - |             -
     7 |      280 |      1 |  4.8200551765 |  1.540564E+01 |             - |             -
     8 |      320 |      1 |  3.1744117484 |  1.216152E+01 |             - |             -
     9 |      360 |      1 |  0.000000E+00 |  9.3940083995 |             - |             -
    10 |      400 |      2 |  0.000000E+00 |  6.9308027711 |  1.0723400283 |         ideal
    11 |      440 |      3 |  0.000000E+00 |  4.5053794400 |  0.1246349901 |             f
    12 |      480 |      5 |  0.000000E+00 |  2.7258925782 |  0.0450816996 |             f
    13 |      520 |      9 |  0.000000E+00 |  0.7687886076 |  0.1085778590 |             f
    14 |      560 |     10 |  0.000000E+00 |  0.000000E+00 |  0.0495789640 |         ideal
    15 |      600 |      3 |  0.000000E+00 |  0.000000E+00 |  0.2601525281 |         ideal
    16 |      640 |      7 |  0.000000E+00 |  0.000000E+00 |  0.1704280481 |         ideal
    17 |      680 |      7 |  0.000000E+00 |  0.000000E+00 |  0.2003321901 |         ideal
    18 |      720 |     11 |  0.000000E+00 |  0.000000E+00 |  0.1034898337 |         ideal
    19 |      760 |      8 |  0.000000E+00 |  0.000000E+00 |  0.1708503077 |         ideal
    20 |      800 |     11 |  0.000000E+00 |  0.000000E+00 |  0.0165228168 |         ideal
    21 |      840 |     13 |  0.000000E+00 |  0.000000E+00 |  0.0159106130 |             f
    22 |      880 |     11 |  0.000000E+00 |  0.000000E+00 |  0.0227923892 |             f
    23 |      920 |     13 |  0.000000E+00 |  0.000000E+00 |  0.0228321161 |             f
    24 |      960 |     13 |  0.000000E+00 |  0.000000E+00 |  0.1053816794 |         ideal
    25 |     1000 |     17 |  0.000000E+00 |  0.000000E+00 |  0.0237707727 |             f
    26 |     1040 |     20 |  0.000000E+00 |  0.000000E+00 |  0.0044436868 |             f
    27 |     1080 |     17 |  0.000000E+00 |  0.000000E+00 |  0.0112537522 |             f
    28 |     1120 |     24 |  0.000000E+00 |  0.000000E+00 |  0.0290631038 |         nadir
    29 |     1160 |     22 |  0.000000E+00 |  0.000000E+00 |  0.0027285747 |             f
    30 |     1200 |     26 |  0.000000E+00 |  0.000000E+00 |  0.0175569411 |         ideal
    31 |     1240 |     26 |  0.000000E+00 |  0.000000E+00 |  0.0211471448 |         ideal
    32 |     1280 |     29 |  0.000000E+00 |  0.000000E+00 |  0.0061097920 |             f
    33 |     1320 |     20 |  0.000000E+00 |  0.000000E+00 |  0.0079349654 |             f
    34 |     1360 |     24 |  0.000000E+00 |  0.000000E+00 |  0.0025321781 |             f
    35 |     1400 |     13 |  0.000000E+00 |  0.000000E+00 |  0.0087917265 |             f
    36 |     1440 |     16 |  0.000000E+00 |  0.000000E+00 |  0.0227306117 |         ideal
    37 |     1480 |     19 |  0.000000E+00 |  0.000000E+00 |  0.0131505915 |         ideal
    38 |     1520 |     21 |  0.000000E+00 |  0.000000E+00 |  0.0064813559 |         ideal
    39 |     1560 |     21 |  0.000000E+00 |  0.000000E+00 |  0.0082518217 |             f
    40 |     1600 |     25 |  0.000000E+00 |  0.000000E+00 |  0.0372708966 |         ideal
    41 |     1640 |     28 |  0.000000E+00 |  0.000000E+00 |  0.0023232193 |             f
    42 |     1680 |     30 |  0.000000E+00 |  0.000000E+00 |  0.0034556742 |         ideal
    43 |     1720 |     32 |  0.000000E+00 |  0.000000E+00 |  0.0049079482 |         nadir
    44 |     1760 |     37 |  0.000000E+00 |  0.000000E+00 |  0.0046293479 |             f
    45 |     1800 |     40 |  0.000000E+00 |  0.000000E+00 |  0.0031304599 |             f
    46 |     1840 |     40 |  0.000000E+00 |  0.000000E+00 |  0.0056397234 |         ideal
    47 |     1880 |     40 |  0.000000E+00 |  0.000000E+00 |  0.0571611943 |         ideal
    48 |     1920 |     40 |  0.000000E+00 |  0.000000E+00 |  0.0029470657 |             f
    49 |     1960 |     40 |  0.000000E+00 |  0.000000E+00 |  0.0402567335 |         ideal
    50 |     2000 |     40 |  0.000000E+00 |  0.000000E+00 |  0.0030281498 |             f
    51 |     2040 |     40 |  0.000000E+00 |  0.000000E+00 |  0.0740386831 |         ideal
    52 |     2080 |     40 |  0.000000E+00 |  0.000000E+00 |  0.0271832285 |         ideal
    53 |     2120 |     40 |  0.000000E+00 |  0.000000E+00 |  0.0038146517 |             f
    54 |     2160 |     40 |  0.000000E+00 |  0.000000E+00 |  0.0022529913 |             f
    55 |     2200 |     40 |  0.000000E+00 |  0.000000E+00 |  0.0027597774 |         nadir
    56 |     2240 |     40 |  0.000000E+00 |  0.000000E+00 |  0.0031012581 |         nadir
    57 |     2280 |     40 |  0.000000E+00 |  0.000000E+00 |  0.0023933990 |             f
    58 |     2320 |     40 |  0.000000E+00 |  0.000000E+00 |  0.0074312775 |         ideal
    59 |     2360 |     40 |  0.000000E+00 |  0.000000E+00 |  0.0183280928 |         ideal
    60 |     2400 |     40 |  0.000000E+00 |  0.000000E+00 |  0.0021447176 |             f
    61 |     2440 |     40 |  0.000000E+00 |  0.000000E+00 |  0.0210666433 |         ideal
    62 |     2480 |     40 |  0.000000E+00 |  0.000000E+00 |  0.0023367830 |             f
    63 |     2520 |     40 |  0.000000E+00 |  0.000000E+00 |  0.0036806948 |             f
    64 |     2560 |     40 |  0.000000E+00 |  0.000000E+00 |  0.0019253464 |             f
    65 |     2600 |     40 |  0.000000E+00 |  0.000000E+00 |  0.0037690276 |             f
    66 |     2640 |     40 |  0.000000E+00 |  0.000000E+00 |  0.0024677241 |             f
    67 |     2680 |     40 |  0.000000E+00 |  0.000000E+00 |  0.0165549644 |         ideal
    68 |     2720 |     40 |  0.000000E+00 |  0.000000E+00 |  0.0034361254 |             f
    69 |     2760 |     40 |  0.000000E+00 |  0.000000E+00 |  0.0024882028 |             f
    70 |     2800 |     40 |  0.000000E+00 |  0.000000E+00 |  0.0061369420 |             f
    71 |     2840 |     40 |  0.000000E+00 |  0.000000E+00 |  0.0016983873 |             f
    72 |     2880 |     40 |  0.000000E+00 |  0.000000E+00 |  0.0031007535 |             f
    73 |     2920 |     40 |  0.000000E+00 |  0.000000E+00 |  0.0032601551 |             f
    74 |     2960 |     40 |  0.000000E+00 |  0.000000E+00 |  0.0013423007 |             f
    75 |     3000 |     40 |  0.000000E+00 |  0.000000E+00 |  0.0050292555 |         ideal
    76 |     3040 |     40 |  0.000000E+00 |  0.000000E+00 |  0.0016029089 |             f
    77 |     3080 |     40 |  0.000000E+00 |  0.000000E+00 |  0.0035829376 |             f
    78 |     3120 |     40 |  0.000000E+00 |  0.000000E+00 |  0.0028812671 |             f
    79 |     3160 |     40 |  0.000000E+00 |  0.000000E+00 |  0.0034701351 |             f
    80 |     3200 |     40 |  0.000000E+00 |  0.000000E+00 |  0.0058850664 |             f
    81 |     3240 |     40 |  0.000000E+00 |  0.000000E+00 |  0.0027307111 |             f
    82 |     3280 |     40 |  0.000000E+00 |  0.000000E+00 |  0.0030033756 |             f
    83 |     3320 |     40 |  0.000000E+00 |  0.000000E+00 |  0.0030271603 |             f
    84 |     3360 |     40 |  0.000000E+00 |  0.000000E+00 |  0.0024532509 |             f
    85 |     3400 |     40 |  0.000000E+00 |  0.000000E+00 |  0.0211443412 |         nadir
    86 |     3440 |     40 |  0.000000E+00 |  0.000000E+00 |  0.0029787921 |             f
    87 |     3480 |     40 |  0.000000E+00 |  0.000000E+00 |  0.0042913096 |         nadir
    88 |     3520 |     40 |  0.000000E+00 |  0.000000E+00 |  0.0104332392 |         ideal
    89 |     3560 |     40 |  0.000000E+00 |  0.000000E+00 |  0.0028967504 |             f
    90 |     3600 |     40 |  0.000000E+00 |  0.000000E+00 |  0.0018065687 |             f
    91 |     3640 |     40 |  0.000000E+00 |  0.000000E+00 |  0.0042642811 |             f
    92 |     3680 |     40 |  0.000000E+00 |  0.000000E+00 |  0.0076439215 |         nadir
    93 |     3720 |     40 |  0.000000E+00 |  0.000000E+00 |  0.0022069090 |             f
    94 |     3760 |     40 |  0.000000E+00 |  0.000000E+00 |  0.0050886519 |             f
    95 |     3800 |     40 |  0.000000E+00 |  0.000000E+00 |  0.0199233153 |         ideal
    96 |     3840 |     40 |  0.000000E+00 |  0.000000E+00 |  0.0030775907 |             f
    97 |     3880 |     40 |  0.000000E+00 |  0.000000E+00 |  0.0054590294 |         nadir
    98 |     3920 |     40 |  0.000000E+00 |  0.000000E+00 |  0.0029862226 |             f
    99 |     3960 |     40 |  0.000000E+00 |  0.000000E+00 |  0.0016100217 |             f
   100 |     4000 |     40 |  0.000000E+00 |  0.000000E+00 |  0.0024159141 |             f
mean B0=45.3415 homogen=6361.778
mean B0=65.1164 homogen=135640.4622
mean B0=55.7032 homogen=38657.3279
mean B0=53.9714 homogen=35011.2022
mean B0=58.9616 homogen=72320.4503
mean B0=64.1762 homogen=127793.5221
mean B0=50.8711 homogen=25433.4548
mean B0=48.1187 homogen=17722.8053
mean B0=61.7147 homogen=96883.9105
mean B0=51.6513 homogen=26843.9576
mean B0=56.7966 homogen=46847.8299
mean B0=58.0042 homogen=60865.3917
mean B0=65.0716 homogen=134960.6588
mean B0=57.7074 homogen=55528.8546
mean B0=59.7996 homogen=80819.0868
mean B0=62.4865 homogen=111456.3473
mean B0=57.3107 homogen=48586.1727
mean B0=63.6421 homogen=119869.9095
mean B0=60.3066 homogen=85466.6298
mean B0=51.8902 homogen=29571.5739
mean B0=62.2526 homogen=103136.1814
mean B0=63.9167 homogen=123833.1809
mean B0=49.0721 homogen=11966.3174
mean B0=59.4006 homogen=74035.5332
mean B0=60.6132 homogen=86807.348
mean B0=62.3378 homogen=104122.6516
mean B0=63.1614 homogen=117124.9708
mean B0=61.148 homogen=94317.1567
mean B0=59.7048 homogen=76904.2465
mean B0=48.5245 homogen=23550.9092
mean B0=46.1866 homogen=6087.7327
mean B0=49.5704 homogen=14612.1369
mean B0=47.1659 homogen=7263.0563
mean B0=46.9003 homogen=6559.2485
mean B0=60.9233 homogen=91231.1057
mean B0=62.8822 homogen=113094.8872
mean B0=52.4712 homogen=31113.2622
mean B0=53.9439 homogen=34685.1767
mean B0=53.3367 homogen=32576.8611
mean B0=53.2658 homogen=32314.6494
   101 |     4040 |     40 |  0.000000E+00 |  0.000000E+00 |  0.0039344686 |             f
   102 |     4080 |     40 |  0.000000E+00 |  0.000000E+00 |  0.0018695737 |             f
   103 |     4120 |     40 |  0.000000E+00 |  0.000000E+00 |  0.0033111029 |             f
   104 |     4160 |     40 |  0.000000E+00 |  0.000000E+00 |  0.0030336585 |             f
   105 |     4200 |     40 |  0.000000E+00 |  0.000000E+00 |  0.0023692401 |             f
   106 |     4240 |     40 |  0.000000E+00 |  0.000000E+00 |  0.0050480764 |             f
   107 |     4280 |     40 |  0.000000E+00 |  0.000000E+00 |  0.0025314199 |             f
   108 |     4320 |     40 |  0.000000E+00 |  0.000000E+00 |  0.0021460303 |             f
   109 |     4360 |     40 |  0.000000E+00 |  0.000000E+00 |  0.0032945868 |             f
   110 |     4400 |     40 |  0.000000E+00 |  0.000000E+00 |  0.0025937154 |         nadir
   111 |     4440 |     40 |  0.000000E+00 |  0.000000E+00 |  0.0012373645 |             f
   112 |     4480 |     40 |  0.000000E+00 |  0.000000E+00 |  0.0028335040 |             f
   113 |     4520 |     40 |  0.000000E+00 |  0.000000E+00 |  0.0507311847 |         nadir
   114 |     4560 |     40 |  0.000000E+00 |  0.000000E+00 |  0.0020357393 |             f
   115 |     4600 |     40 |  0.000000E+00 |  0.000000E+00 |  0.0098815917 |         ideal
   116 |     4640 |     40 |  0.000000E+00 |  0.000000E+00 |  0.0017570078 |             f
   117 |     4680 |     40 |  0.000000E+00 |  0.000000E+00 |  0.0321626401 |         ideal
   118 |     4720 |     40 |  0.000000E+00 |  0.000000E+00 |  0.0035517528 |             f
   119 |     4760 |     40 |  0.000000E+00 |  0.000000E+00 |  0.0025627934 |             f
   120 |     4800 |     40 |  0.000000E+00 |  0.000000E+00 |  0.0002911194 |             f
   121 |     4840 |     40 |  0.000000E+00 |  0.000000E+00 |  0.0028587526 |             f
   122 |     4880 |     40 |  0.000000E+00 |  0.000000E+00 |  0.0098247540 |         ideal
   123 |     4920 |     40 |  0.000000E+00 |  0.000000E+00 |  0.0025148591 |         ideal
   124 |     4960 |     40 |  0.000000E+00 |  0.000000E+00 |  0.0052259346 |             f
   125 |     5000 |     40 |  0.000000E+00 |  0.000000E+00 |  0.0038896839 |         ideal
   126 |     5040 |     40 |  0.000000E+00 |  0.000000E+00 |  0.0017710077 |             f
   127 |     5080 |     40 |  0.000000E+00 |  0.000000E+00 |  0.0040599734 |             f
   128 |     5120 |     40 |  0.000000E+00 |  0.000000E+00 |  0.0026016297 |             f
   129 |     5160 |     40 |  0.000000E+00 |  0.000000E+00 |  0.0021685529 |             f
   130 |     5200 |     40 |  0.000000E+00 |  0.000000E+00 |  0.0043490498 |             f
   131 |     5240 |     40 |  0.000000E+00 |  0.000000E+00 |  0.0045838816 |             f
   132 |     5280 |     40 |  0.000000E+00 |  0.000000E+00 |  0.0023222267 |             f
   133 |     5320 |     40 |  0.000000E+00 |  0.000000E+00 |  0.0042408364 |             f
   134 |     5360 |     40 |  0.000000E+00 |  0.000000E+00 |  0.0020368325 |             f
   135 |     5400 |     40 |  0.000000E+00 |  0.000000E+00 |  0.0042500636 |             f
   136 |     5440 |     40 |  0.000000E+00 |  0.000000E+00 |  0.0015784602 |             f
   137 |     5480 |     40 |  0.000000E+00 |  0.000000E+00 |  0.0050863626 |             f
   138 |     5520 |     40 |  0.000000E+00 |  0.000000E+00 |  0.0013974887 |             f
   139 |     5560 |     40 |  0.000000E+00 |  0.000000E+00 |  0.0020604433 |             f
   140 |     5600 |     40 |  0.000000E+00 |  0.000000E+00 |  0.0028282737 |             f
   141 |     5640 |     40 |  0.000000E+00 |  0.000000E+00 |  0.0050545866 |         ideal
   142 |     5680 |     40 |  0.000000E+00 |  0.000000E+00 |  0.0012921204 |             f
   143 |     5720 |     40 |  0.000000E+00 |  0.000000E+00 |  0.0343883888 |         ideal
   144 |     5760 |     40 |  0.000000E+00 |  0.000000E+00 |  0.0213112869 |         ideal
   145 |     5800 |     40 |  0.000000E+00 |  0.000000E+00 |  0.0023977802 |             f
   146 |     5840 |     40 |  0.000000E+00 |  0.000000E+00 |  0.0030334567 |             f
   147 |     5880 |     40 |  0.000000E+00 |  0.000000E+00 |  0.0034205867 |             f
   148 |     5920 |     40 |  0.000000E+00 |  0.000000E+00 |  0.0029880817 |         ideal
   149 |     5960 |     40 |  0.000000E+00 |  0.000000E+00 |  0.0008282673 |             f
   150 |     6000 |     40 |  0.000000E+00 |  0.000000E+00 |  0.0036854993 |             f
   151 |     6040 |     40 |  0.000000E+00 |  0.000000E+00 |  0.0024128071 |             f
   152 |     6080 |     40 |  0.000000E+00 |  0.000000E+00 |  0.0060204813 |             f
   153 |     6120 |     40 |  0.000000E+00 |  0.000000E+00 |  0.0101859494 |         nadir
   154 |     6160 |     40 |  0.000000E+00 |  0.000000E+00 |  0.0110810473 |         ideal
   155 |     6200 |     40 |  0.000000E+00 |  0.000000E+00 |  0.0006463670 |             f
   156 |     6240 |     40 |  0.000000E+00 |  0.000000E+00 |  0.0028228581 |             f
   157 |     6280 |     40 |  0.000000E+00 |  0.000000E+00 |  0.0012510490 |             f
   158 |     6320 |     40 |  0.000000E+00 |  0.000000E+00 |  0.0015000586 |             f
   159 |     6360 |     40 |  0.000000E+00 |  0.000000E+00 |  0.0032293957 |             f
   160 |     6400 |     40 |  0.000000E+00 |  0.000000E+00 |  0.0046079630 |         ideal
   161 |     6440 |     40 |  0.000000E+00 |  0.000000E+00 |  0.0018086352 |             f
   162 |     6480 |     40 |  0.000000E+00 |  0.000000E+00 |  0.0022924583 |             f
   163 |     6520 |     40 |  0.000000E+00 |  0.000000E+00 |  0.0048603369 |             f
   164 |     6560 |     40 |  0.000000E+00 |  0.000000E+00 |  0.0030512112 |             f
   165 |     6600 |     40 |  0.000000E+00 |  0.000000E+00 |  0.0022181911 |             f
   166 |     6640 |     40 |  0.000000E+00 |  0.000000E+00 |  0.0036905834 |             f
   167 |     6680 |     40 |  0.000000E+00 |  0.000000E+00 |  0.0038071362 |             f
   168 |     6720 |     40 |  0.000000E+00 |  0.000000E+00 |  0.0012335588 |             f
   169 |     6760 |     40 |  0.000000E+00 |  0.000000E+00 |  0.0035300705 |             f
   170 |     6800 |     40 |  0.000000E+00 |  0.000000E+00 |  0.0034596985 |             f
   171 |     6840 |     40 |  0.000000E+00 |  0.000000E+00 |  0.0033759274 |         ideal
   172 |     6880 |     40 |  0.000000E+00 |  0.000000E+00 |  0.0014123970 |             f
   173 |     6920 |     40 |  0.000000E+00 |  0.000000E+00 |  0.0137682702 |         nadir
   174 |     6960 |     40 |  0.000000E+00 |  0.000000E+00 |  0.0020160162 |             f
   175 |     7000 |     40 |  0.000000E+00 |  0.000000E+00 |  0.0020683991 |             f
   176 |     7040 |     40 |  0.000000E+00 |  0.000000E+00 |  0.0035282339 |             f
   177 |     7080 |     40 |  0.000000E+00 |  0.000000E+00 |  0.0032530117 |             f
   178 |     7120 |     40 |  0.000000E+00 |  0.000000E+00 |  0.0023667579 |             f
   179 |     7160 |     40 |  0.000000E+00 |  0.000000E+00 |  0.0036140490 |             f
   180 |     7200 |     40 |  0.000000E+00 |  0.000000E+00 |  0.0019859870 |             f
   181 |     7240 |     40 |  0.000000E+00 |  0.000000E+00 |  0.0049868573 |             f
   182 |     7280 |     40 |  0.000000E+00 |  0.000000E+00 |  0.0016731614 |             f
   183 |     7320 |     40 |  0.000000E+00 |  0.000000E+00 |  0.0127260626 |         nadir
   184 |     7360 |     40 |  0.000000E+00 |  0.000000E+00 |  0.0015786445 |             f
   185 |     7400 |     40 |  0.000000E+00 |  0.000000E+00 |  0.0020472457 |             f
   186 |     7440 |     40 |  0.000000E+00 |  0.000000E+00 |  0.0158195738 |         nadir
   187 |     7480 |     40 |  0.000000E+00 |  0.000000E+00 |  0.0226920264 |         nadir
   188 |     7520 |     40 |  0.000000E+00 |  0.000000E+00 |  0.0023903392 |             f
   189 |     7560 |     40 |  0.000000E+00 |  0.000000E+00 |  0.0040749839 |             f
   190 |     7600 |     40 |  0.000000E+00 |  0.000000E+00 |  0.0018798913 |             f
   191 |     7640 |     40 |  0.000000E+00 |  0.000000E+00 |  0.0036544344 |             f
   192 |     7680 |     40 |  0.000000E+00 |  0.000000E+00 |  0.0019564965 |             f
   193 |     7720 |     40 |  0.000000E+00 |  0.000000E+00 |  0.0056101707 |             f
   194 |     7760 |     40 |  0.000000E+00 |  0.000000E+00 |  0.0011614788 |             f
   195 |     7800 |     40 |  0.000000E+00 |  0.000000E+00 |  0.0020214487 |             f
   196 |     7840 |     40 |  0.000000E+00 |  0.000000E+00 |  0.0028821781 |             f
   197 |     7880 |     40 |  0.000000E+00 |  0.000000E+00 |  0.0011881749 |             f
   198 |     7920 |     40 |  0.000000E+00 |  0.000000E+00 |  0.0033953370 |             f
   199 |     7960 |     40 |  0.000000E+00 |  0.000000E+00 |  0.0018082441 |             f
   200 |     8000 |     40 |  0.000000E+00 |  0.000000E+00 |  0.0039854802 |             f
mean B0=67.9887 homogen=162817.6986
mean B0=45.0556 homogen=3890.1045
mean B0=62.228 homogen=93742.7019
mean B0=51.5586 homogen=24707.1405
mean B0=56.533 homogen=37956.9959
mean B0=47.1864 homogen=13501.0142
mean B0=62.4611 homogen=104601.0252
mean B0=63.8189 homogen=117681.6033
mean B0=54.2849 homogen=34078.5085
mean B0=48.2761 homogen=12246.0046
mean B0=60.7689 homogen=80443.1914
mean B0=61.3448 homogen=88442.4179
mean B0=53.0652 homogen=27134.8751
mean B0=65.3719 homogen=133861.2089
mean B0=67.4539 homogen=155082.4784
mean B0=55.5214 homogen=37043.8248
mean B0=65.861 homogen=137932.2282
mean B0=59.5351 homogen=65829.2558
mean B0=63.2087 homogen=109484.5288
mean B0=58.2725 homogen=52800.4809
mean B0=49.0687 homogen=14947.3662
mean B0=50.171 homogen=20821.4203
mean B0=50.171 homogen=20821.4203
mean B0=54.6662 homogen=37260.1872
mean B0=66.6579 homogen=147421.869
mean B0=66.2682 homogen=142633.3364
mean B0=58.0432 homogen=48785.5376
mean B0=45.6811 homogen=2622.7412
mean B0=61.0114 homogen=86001.5844
mean B0=67.6059 homogen=156817.1797
mean B0=60.3328 homogen=72542.916
mean B0=63.0926 homogen=108175.8735
mean B0=64.543 homogen=121051.6943
mean B0=60.0149 homogen=70112.1577
mean B0=52.3435 homogen=21777.413
mean B0=55.0771 homogen=33566.2946
mean B0=65.0434 homogen=126848.4215
mean B0=58.835 homogen=60668.7295
mean B0=46.1968 homogen=9182.0665
mean B0=64.991 homogen=126238.0934
   201 |     8040 |     40 |  0.000000E+00 |  0.000000E+00 |  0.0015205846 |             f
   202 |     8080 |     40 |  0.000000E+00 |  0.000000E+00 |  0.0027828410 |             f
   203 |     8120 |     40 |  0.000000E+00 |  0.000000E+00 |  0.0033526007 |             f
   204 |     8160 |     40 |  0.000000E+00 |  0.000000E+00 |  0.0043411694 |             f
   205 |     8200 |     40 |  0.000000E+00 |  0.000000E+00 |  0.0048530251 |             f
   206 |     8240 |     40 |  0.000000E+00 |  0.000000E+00 |  0.0054582771 |         ideal
   207 |     8280 |     40 |  0.000000E+00 |  0.000000E+00 |  0.0018325374 |             f
   208 |     8320 |     40 |  0.000000E+00 |  0.000000E+00 |  0.0092569632 |         nadir
   209 |     8360 |     40 |  0.000000E+00 |  0.000000E+00 |  0.0021030070 |             f
   210 |     8400 |     40 |  0.000000E+00 |  0.000000E+00 |  0.0036923767 |             f
   211 |     8440 |     40 |  0.000000E+00 |  0.000000E+00 |  0.0041037767 |             f
   212 |     8480 |     40 |  0.000000E+00 |  0.000000E+00 |  0.0025342571 |             f
   213 |     8520 |     40 |  0.000000E+00 |  0.000000E+00 |  0.0021374002 |             f
   214 |     8560 |     40 |  0.000000E+00 |  0.000000E+00 |  0.0052205272 |             f
   215 |     8600 |     40 |  0.000000E+00 |  0.000000E+00 |  0.0043767366 |             f
   216 |     8640 |     40 |  0.000000E+00 |  0.000000E+00 |  0.0016386904 |             f
   217 |     8680 |     40 |  0.000000E+00 |  0.000000E+00 |  0.0024071112 |             f
   218 |     8720 |     40 |  0.000000E+00 |  0.000000E+00 |  0.0042202663 |             f
   219 |     8760 |     40 |  0.000000E+00 |  0.000000E+00 |  0.0007283161 |             f
   220 |     8800 |     40 |  0.000000E+00 |  0.000000E+00 |  0.0022500973 |             f
   221 |     8840 |     40 |  0.000000E+00 |  0.000000E+00 |  0.0045448616 |             f
   222 |     8880 |     40 |  0.000000E+00 |  0.000000E+00 |  0.0028916427 |             f
   223 |     8920 |     40 |  0.000000E+00 |  0.000000E+00 |  0.0037608540 |             f
   224 |     8960 |     40 |  0.000000E+00 |  0.000000E+00 |  0.0033210165 |             f
   225 |     9000 |     40 |  0.000000E+00 |  0.000000E+00 |  0.0031000352 |         ideal
   226 |     9040 |     40 |  0.000000E+00 |  0.000000E+00 |  0.0010892793 |             f
   227 |     9080 |     40 |  0.000000E+00 |  0.000000E+00 |  0.0039692670 |             f
   228 |     9120 |     40 |  0.000000E+00 |  0.000000E+00 |  0.0020742920 |             f
   229 |     9160 |     40 |  0.000000E+00 |  0.000000E+00 |  0.0041810140 |             f
   230 |     9200 |     40 |  0.000000E+00 |  0.000000E+00 |  0.0004214844 |             f
   231 |     9240 |     40 |  0.000000E+00 |  0.000000E+00 |  0.0004310173 |             f
   232 |     9280 |     40 |  0.000000E+00 |  0.000000E+00 |  0.0031713938 |             f
   233 |     9320 |     40 |  0.000000E+00 |  0.000000E+00 |  0.0018915822 |             f
   234 |     9360 |     40 |  0.000000E+00 |  0.000000E+00 |  0.0040060876 |             f
   235 |     9400 |     40 |  0.000000E+00 |  0.000000E+00 |  0.0022388655 |             f
   236 |     9440 |     40 |  0.000000E+00 |  0.000000E+00 |  0.0038799414 |             f
   237 |     9480 |     40 |  0.000000E+00 |  0.000000E+00 |  0.0018545163 |             f
   238 |     9520 |     40 |  0.000000E+00 |  0.000000E+00 |  0.0045155185 |             f
   239 |     9560 |     40 |  0.000000E+00 |  0.000000E+00 |  0.0025948027 |             f
   240 |     9600 |     40 |  0.000000E+00 |  0.000000E+00 |  0.0040530119 |             f
   241 |     9640 |     40 |  0.000000E+00 |  0.000000E+00 |  0.0039306521 |             f
   242 |     9680 |     40 |  0.000000E+00 |  0.000000E+00 |  0.0021573192 |             f
   243 |     9720 |     40 |  0.000000E+00 |  0.000000E+00 |  0.0039109333 |             f
   244 |     9760 |     40 |  0.000000E+00 |  0.000000E+00 |  0.0015905097 |             f
   245 |     9800 |     40 |  0.000000E+00 |  0.000000E+00 |  0.0037103331 |             f
   246 |     9840 |     40 |  0.000000E+00 |  0.000000E+00 |  0.0005984609 |             f
   247 |     9880 |     40 |  0.000000E+00 |  0.000000E+00 |  0.0026899907 |             f
   248 |     9920 |     40 |  0.000000E+00 |  0.000000E+00 |  0.0032528091 |             f
   249 |     9960 |     40 |  0.000000E+00 |  0.000000E+00 |  0.0045416770 |             f
   250 |    10000 |     40 |  0.000000E+00 |  0.000000E+00 |  0.0003700126 |             f
   251 |    10040 |     40 |  0.000000E+00 |  0.000000E+00 |  0.0020849528 |             f
   252 |    10080 |     40 |  0.000000E+00 |  0.000000E+00 |  0.0046186769 |             f
   253 |    10120 |     40 |  0.000000E+00 |  0.000000E+00 |  0.0016038543 |             f
   254 |    10160 |     40 |  0.000000E+00 |  0.000000E+00 |  0.0027267066 |             f
   255 |    10200 |     40 |  0.000000E+00 |  0.000000E+00 |  0.0019112492 |             f
   256 |    10240 |     40 |  0.000000E+00 |  0.000000E+00 |  0.0011719660 |             f
   257 |    10280 |     40 |  0.000000E+00 |  0.000000E+00 |  0.0044127227 |             f
   258 |    10320 |     40 |  0.000000E+00 |  0.000000E+00 |  0.0056717192 |             f
   259 |    10360 |     40 |  0.000000E+00 |  0.000000E+00 |  0.0026258213 |             f
   260 |    10400 |     40 |  0.000000E+00 |  0.000000E+00 |  0.0013082777 |             f
   261 |    10440 |     40 |  0.000000E+00 |  0.000000E+00 |  0.0024428579 |             f
   262 |    10480 |     40 |  0.000000E+00 |  0.000000E+00 |  0.0032654068 |             f
   263 |    10520 |     40 |  0.000000E+00 |  0.000000E+00 |  0.0029283393 |         ideal
   264 |    10560 |     40 |  0.000000E+00 |  0.000000E+00 |  0.0013336477 |             f
   265 |    10600 |     40 |  0.000000E+00 |  0.000000E+00 |  0.0042345478 |             f
   266 |    10640 |     40 |  0.000000E+00 |  0.000000E+00 |  0.0028349411 |             f
   267 |    10680 |     40 |  0.000000E+00 |  0.000000E+00 |  0.0012099519 |             f
   268 |    10720 |     40 |  0.000000E+00 |  0.000000E+00 |  0.0033942591 |             f
   269 |    10760 |     40 |  0.000000E+00 |  0.000000E+00 |  0.0025921639 |             f
   270 |    10800 |     40 |  0.000000E+00 |  0.000000E+00 |  0.0030941124 |             f
   271 |    10840 |     40 |  0.000000E+00 |  0.000000E+00 |  0.0025257472 |             f
   272 |    10880 |     40 |  0.000000E+00 |  0.000000E+00 |  0.0019364459 |             f
   273 |    10920 |     40 |  0.000000E+00 |  0.000000E+00 |  0.0028402199 |             f
   274 |    10960 |     40 |  0.000000E+00 |  0.000000E+00 |  0.0021867119 |             f
   275 |    11000 |     40 |  0.000000E+00 |  0.000000E+00 |  0.0030028274 |             f
   276 |    11040 |     40 |  0.000000E+00 |  0.000000E+00 |  0.0038571662 |             f
   277 |    11080 |     40 |  0.000000E+00 |  0.000000E+00 |  0.0022161031 |             f
   278 |    11120 |     40 |  0.000000E+00 |  0.000000E+00 |  0.0046103464 |             f
   279 |    11160 |     40 |  0.000000E+00 |  0.000000E+00 |  0.0032258842 |             f
   280 |    11200 |     40 |  0.000000E+00 |  0.000000E+00 |  0.0038151149 |             f
   281 |    11240 |     40 |  0.000000E+00 |  0.000000E+00 |  0.0012682795 |             f
   282 |    11280 |     40 |  0.000000E+00 |  0.000000E+00 |  0.0018315520 |             f
   283 |    11320 |     40 |  0.000000E+00 |  0.000000E+00 |  0.0039950187 |             f
   284 |    11360 |     40 |  0.000000E+00 |  0.000000E+00 |  0.0028161048 |             f
   285 |    11400 |     40 |  0.000000E+00 |  0.000000E+00 |  0.0019284474 |             f
   286 |    11440 |     40 |  0.000000E+00 |  0.000000E+00 |  0.0034118856 |             f
   287 |    11480 |     40 |  0.000000E+00 |  0.000000E+00 |  0.0035084222 |             f
   288 |    11520 |     40 |  0.000000E+00 |  0.000000E+00 |  0.0021466916 |             f
   289 |    11560 |     40 |  0.000000E+00 |  0.000000E+00 |  0.0048425565 |             f
   290 |    11600 |     40 |  0.000000E+00 |  0.000000E+00 |  0.0014170874 |             f
   291 |    11640 |     40 |  0.000000E+00 |  0.000000E+00 |  0.0040439353 |             f
   292 |    11680 |     40 |  0.000000E+00 |  0.000000E+00 |  0.0035655244 |             f
   293 |    11720 |     40 |  0.000000E+00 |  0.000000E+00 |  0.0022249400 |             f
   294 |    11760 |     40 |  0.000000E+00 |  0.000000E+00 |  0.0039470522 |             f
   295 |    11800 |     40 |  0.000000E+00 |  0.000000E+00 |  0.0022753048 |             f
   296 |    11840 |     40 |  0.000000E+00 |  0.000000E+00 |  0.0049949632 |             f
   297 |    11880 |     40 |  0.000000E+00 |  0.000000E+00 |  0.0042337320 |             f
   298 |    11920 |     40 |  0.000000E+00 |  0.000000E+00 |  0.0024983268 |             f
   299 |    11960 |     40 |  0.000000E+00 |  0.000000E+00 |  0.0049213770 |             f
   300 |    12000 |     40 |  0.000000E+00 |  0.000000E+00 |  0.0014454913 |             f
mean B0=45.0481 homogen=2849.804
mean B0=68.2493 homogen=162344.7605
mean B0=68.2493 homogen=162344.7605
mean B0=50.2258 homogen=18170.4511
mean B0=62.4292 homogen=100430.9675
mean B0=61.6925 homogen=87499.1255
mean B0=63.3566 homogen=108381.9228
mean B0=49.2267 homogen=19746.3372
mean B0=59.9558 homogen=74603.4823
mean B0=65.9882 homogen=136964.261
mean B0=66.671 homogen=145405.5183
mean B0=62.1913 homogen=92473.6927
mean B0=55.9863 homogen=41030.54
mean B0=58.83 homogen=57944.1493
mean B0=53.121 homogen=26617.8353
mean B0=66.974 homogen=148239.9776
mean B0=46.0561 homogen=7532.9409
mean B0=60.793 homogen=80707.6316
mean B0=51.1779 homogen=18124.6509
mean B0=54.1241 homogen=28692.1427
mean B0=46.6787 homogen=10958.8438
mean B0=56.4645 homogen=39389.2281
mean B0=48.6103 homogen=13072.0286
mean B0=65.0655 homogen=126099.1962
mean B0=58.0737 homogen=48408.4724
mean B0=64.3778 homogen=121672.0612
mean B0=48.0721 homogen=10857.375
mean B0=64.113 homogen=115881.2587
mean B0=53.9657 homogen=34666.3869
mean B0=65.5365 homogen=134724.7242
mean B0=67.56 homogen=155278.261
mean B0=57.2809 homogen=47840.9554
mean B0=52.2183 homogen=20947.3198
mean B0=45.3035 homogen=5216.853
mean B0=60.6625 homogen=78527.2171
mean B0=55.9863 homogen=41030.54
mean B0=56.9073 homogen=40640.1905
mean B0=51.2118 homogen=18252.3728
mean B0=59.1395 homogen=60043.158
mean B0=59.6066 homogen=63397.4874
   301 |    12040 |     40 |  0.000000E+00 |  0.000000E+00 |  0.0043973428 |             f
   302 |    12080 |     40 |  0.000000E+00 |  0.000000E+00 |  0.0018926372 |             f
   303 |    12120 |     40 |  0.000000E+00 |  0.000000E+00 |  0.0029882221 |             f
   304 |    12160 |     40 |  0.000000E+00 |  0.000000E+00 |  0.0019541867 |             f
   305 |    12200 |     40 |  0.000000E+00 |  0.000000E+00 |  0.0046792312 |             f
   306 |    12240 |     40 |  0.000000E+00 |  0.000000E+00 |  0.0019292846 |             f
   307 |    12280 |     40 |  0.000000E+00 |  0.000000E+00 |  0.0026591161 |             f
   308 |    12320 |     40 |  0.000000E+00 |  0.000000E+00 |  0.0027805420 |             f
   309 |    12360 |     40 |  0.000000E+00 |  0.000000E+00 |  0.0026556572 |             f
   310 |    12400 |     40 |  0.000000E+00 |  0.000000E+00 |  0.0039360454 |             f
   311 |    12440 |     40 |  0.000000E+00 |  0.000000E+00 |  0.0010071411 |             f
   312 |    12480 |     40 |  0.000000E+00 |  0.000000E+00 |  0.0033608907 |             f
   313 |    12520 |     40 |  0.000000E+00 |  0.000000E+00 |  0.0025799777 |             f
   314 |    12560 |     40 |  0.000000E+00 |  0.000000E+00 |  0.0026923017 |         nadir
   315 |    12600 |     40 |  0.000000E+00 |  0.000000E+00 |  0.0022376012 |             f
   316 |    12640 |     40 |  0.000000E+00 |  0.000000E+00 |  0.0029846246 |         ideal
   317 |    12680 |     40 |  0.000000E+00 |  0.000000E+00 |  0.0023518972 |             f
   318 |    12720 |     40 |  0.000000E+00 |  0.000000E+00 |  0.0041568083 |             f
   319 |    12760 |     40 |  0.000000E+00 |  0.000000E+00 |  0.0022780673 |             f
   320 |    12800 |     40 |  0.000000E+00 |  0.000000E+00 |  0.0037298023 |             f
   321 |    12840 |     40 |  0.000000E+00 |  0.000000E+00 |  0.0033684397 |             f
   322 |    12880 |     40 |  0.000000E+00 |  0.000000E+00 |  0.0026760641 |             f
   323 |    12920 |     40 |  0.000000E+00 |  0.000000E+00 |  0.0031921646 |             f
   324 |    12960 |     40 |  0.000000E+00 |  0.000000E+00 |  0.0020747536 |             f
   325 |    13000 |     40 |  0.000000E+00 |  0.000000E+00 |  0.0043314786 |             f
   326 |    13040 |     40 |  0.000000E+00 |  0.000000E+00 |  0.0043240226 |         nadir
   327 |    13080 |     40 |  0.000000E+00 |  0.000000E+00 |  0.0028975603 |             f
   328 |    13120 |     40 |  0.000000E+00 |  0.000000E+00 |  0.0007741975 |             f
   329 |    13160 |     40 |  0.000000E+00 |  0.000000E+00 |  0.0041078529 |             f
   330 |    13200 |     40 |  0.000000E+00 |  0.000000E+00 |  0.0030335675 |             f
   331 |    13240 |     40 |  0.000000E+00 |  0.000000E+00 |  0.0025223279 |             f
   332 |    13280 |     40 |  0.000000E+00 |  0.000000E+00 |  0.0039534517 |             f
   333 |    13320 |     40 |  0.000000E+00 |  0.000000E+00 |  0.0024803401 |             f
   334 |    13360 |     40 |  0.000000E+00 |  0.000000E+00 |  0.0060800567 |             f
   335 |    13400 |     40 |  0.000000E+00 |  0.000000E+00 |  0.0054780196 |             f
   336 |    13440 |     40 |  0.000000E+00 |  0.000000E+00 |  0.0029528169 |             f
   337 |    13480 |     40 |  0.000000E+00 |  0.000000E+00 |  0.0023337105 |             f
   338 |    13520 |     40 |  0.000000E+00 |  0.000000E+00 |  0.0036403549 |             f
   339 |    13560 |     40 |  0.000000E+00 |  0.000000E+00 |  0.0029516807 |             f
   340 |    13600 |     40 |  0.000000E+00 |  0.000000E+00 |  0.0016606652 |             f
   341 |    13640 |     40 |  0.000000E+00 |  0.000000E+00 |  0.0059251515 |             f
   342 |    13680 |     40 |  0.000000E+00 |  0.000000E+00 |  0.0026506205 |             f
   343 |    13720 |     40 |  0.000000E+00 |  0.000000E+00 |  0.0046665487 |             f
   344 |    13760 |     40 |  0.000000E+00 |  0.000000E+00 |  0.0029649123 |             f
   345 |    13800 |     40 |  0.000000E+00 |  0.000000E+00 |  0.0012044564 |             f
   346 |    13840 |     40 |  0.000000E+00 |  0.000000E+00 |  0.0021774902 |             f
   347 |    13880 |     40 |  0.000000E+00 |  0.000000E+00 |  0.0047016927 |             f
   348 |    13920 |     40 |  0.000000E+00 |  0.000000E+00 |  0.0027285422 |             f
   349 |    13960 |     40 |  0.000000E+00 |  0.000000E+00 |  0.0028229247 |             f
   350 |    14000 |     40 |  0.000000E+00 |  0.000000E+00 |  0.0019556473 |             f
   351 |    14040 |     40 |  0.000000E+00 |  0.000000E+00 |  0.0038276529 |             f
   352 |    14080 |     40 |  0.000000E+00 |  0.000000E+00 |  0.0036295277 |         ideal
   353 |    14120 |     40 |  0.000000E+00 |  0.000000E+00 |  0.0018548106 |             f
   354 |    14160 |     40 |  0.000000E+00 |  0.000000E+00 |  0.0036623540 |             f
   355 |    14200 |     40 |  0.000000E+00 |  0.000000E+00 |  0.0023048861 |             f
   356 |    14240 |     40 |  0.000000E+00 |  0.000000E+00 |  0.0046111668 |             f
   357 |    14280 |     40 |  0.000000E+00 |  0.000000E+00 |  0.0031034223 |             f
   358 |    14320 |     40 |  0.000000E+00 |  0.000000E+00 |  0.0041164115 |             f
   359 |    14360 |     40 |  0.000000E+00 |  0.000000E+00 |  0.0037122390 |             f
   360 |    14400 |     40 |  0.000000E+00 |  0.000000E+00 |  0.0037223628 |             f
   361 |    14440 |     40 |  0.000000E+00 |  0.000000E+00 |  0.0014300048 |             f
   362 |    14480 |     40 |  0.000000E+00 |  0.000000E+00 |  0.0028706574 |             f
   363 |    14520 |     40 |  0.000000E+00 |  0.000000E+00 |  0.0020503130 |             f
   364 |    14560 |     40 |  0.000000E+00 |  0.000000E+00 |  0.0035918813 |             f
   365 |    14600 |     40 |  0.000000E+00 |  0.000000E+00 |  0.0023136792 |             f
   366 |    14640 |     40 |  0.000000E+00 |  0.000000E+00 |  0.0043945911 |             f
   367 |    14680 |     40 |  0.000000E+00 |  0.000000E+00 |  0.0026735599 |             f
   368 |    14720 |     40 |  0.000000E+00 |  0.000000E+00 |  0.0028539833 |             f
   369 |    14760 |     40 |  0.000000E+00 |  0.000000E+00 |  0.0038121433 |             f
   370 |    14800 |     40 |  0.000000E+00 |  0.000000E+00 |  0.0025892884 |             f
   371 |    14840 |     40 |  0.000000E+00 |  0.000000E+00 |  0.0029769506 |             f
   372 |    14880 |     40 |  0.000000E+00 |  0.000000E+00 |  0.0007922512 |             f
   373 |    14920 |     40 |  0.000000E+00 |  0.000000E+00 |  0.0047190854 |             f
   374 |    14960 |     40 |  0.000000E+00 |  0.000000E+00 |  0.0050486686 |         nadir
   375 |    15000 |     40 |  0.000000E+00 |  0.000000E+00 |  0.0021685412 |             f
   376 |    15040 |     40 |  0.000000E+00 |  0.000000E+00 |  0.0042296204 |             f
   377 |    15080 |     40 |  0.000000E+00 |  0.000000E+00 |  0.0034785692 |             f
   378 |    15120 |     40 |  0.000000E+00 |  0.000000E+00 |  0.0024288840 |             f
   379 |    15160 |     40 |  0.000000E+00 |  0.000000E+00 |  0.0051805615 |             f
   380 |    15200 |     40 |  0.000000E+00 |  0.000000E+00 |  0.0027763284 |             f
   381 |    15240 |     40 |  0.000000E+00 |  0.000000E+00 |  0.0023244658 |             f
   382 |    15280 |     40 |  0.000000E+00 |  0.000000E+00 |  0.0047572407 |             f
   383 |    15320 |     40 |  0.000000E+00 |  0.000000E+00 |  0.0021111696 |             f
   384 |    15360 |     40 |  0.000000E+00 |  0.000000E+00 |  0.0048750099 |             f
   385 |    15400 |     40 |  0.000000E+00 |  0.000000E+00 |  0.0016704856 |             f
   386 |    15440 |     40 |  0.000000E+00 |  0.000000E+00 |  0.0029296622 |             f
   387 |    15480 |     40 |  0.000000E+00 |  0.000000E+00 |  0.0041163392 |             f
   388 |    15520 |     40 |  0.000000E+00 |  0.000000E+00 |  0.0014242748 |             f
   389 |    15560 |     40 |  0.000000E+00 |  0.000000E+00 |  0.0057189672 |             f
   390 |    15600 |     40 |  0.000000E+00 |  0.000000E+00 |  0.0029556859 |             f
   391 |    15640 |     40 |  0.000000E+00 |  0.000000E+00 |  0.0032999619 |             f
   392 |    15680 |     40 |  0.000000E+00 |  0.000000E+00 |  0.0032866263 |             f
   393 |    15720 |     40 |  0.000000E+00 |  0.000000E+00 |  0.0029598958 |             f
   394 |    15760 |     40 |  0.000000E+00 |  0.000000E+00 |  0.0031727812 |             f
   395 |    15800 |     40 |  0.000000E+00 |  0.000000E+00 |  0.0026438576 |             f
   396 |    15840 |     40 |  0.000000E+00 |  0.000000E+00 |  0.0033792404 |             f
   397 |    15880 |     40 |  0.000000E+00 |  0.000000E+00 |  0.0024612053 |             f
   398 |    15920 |     40 |  0.000000E+00 |  0.000000E+00 |  0.0040592458 |             f
   399 |    15960 |     40 |  0.000000E+00 |  0.000000E+00 |  0.0045778789 |             f
   400 |    16000 |     40 |  0.000000E+00 |  0.000000E+00 |  0.0033256476 |             f
mean B0=45.011 homogen=1951.6038
mean B0=68.5044 homogen=160136.8422
mean B0=67.0416 homogen=143223.6391
mean B0=65.7841 homogen=128508.7779
mean B0=64.8982 homogen=117114.2597
mean B0=53.9324 homogen=33576.2225
mean B0=48.9195 homogen=16015.5817
mean B0=64.0721 homogen=111491.1525
mean B0=61.7467 homogen=83893.3348
mean B0=61.1252 homogen=79151.0788
mean B0=51.749 homogen=21649.0199
mean B0=54.6837 homogen=31641.9571
mean B0=63.361 homogen=104255.2069
mean B0=62.9802 homogen=96414.7883
mean B0=58.8102 homogen=54572.4022
mean B0=52.5255 homogen=24084.8682
mean B0=57.7252 homogen=46162.0378
mean B0=47.2118 homogen=9539.3845
mean B0=60.8858 homogen=73307.7249
mean B0=47.6034 homogen=11477.2234
mean B0=59.6297 homogen=59396.185
mean B0=55.7921 homogen=41189.1001
mean B0=67.5819 homogen=151014.9406
mean B0=67.8843 homogen=155748.8494
mean B0=65.4593 homogen=125587.1901
mean B0=63.7548 homogen=105922.9995
mean B0=46.215 homogen=5781.9904
mean B0=55.1545 homogen=34256.6851
mean B0=46.0846 homogen=5162.0148
mean B0=67.2782 homogen=145975.2174
mean B0=62.0979 homogen=91405.1684
mean B0=52.7665 homogen=25816.8635
mean B0=50.4137 homogen=17507.9737
mean B0=50.7791 homogen=20669.5143
mean B0=49.5355 homogen=16107.1891
mean B0=59.3369 homogen=56736.6997
mean B0=56.7405 homogen=44933.0596
mean B0=57.6979 homogen=45967.7109
mean B0=51.2968 homogen=20565.14
mean B0=56.371 homogen=44100.4966
   401 |    16040 |     40 |  0.000000E+00 |  0.000000E+00 |  0.0034481781 |             f
   402 |    16080 |     40 |  0.000000E+00 |  0.000000E+00 |  0.0031012766 |             f
   403 |    16120 |     40 |  0.000000E+00 |  0.000000E+00 |  0.0032032194 |             f
   404 |    16160 |     40 |  0.000000E+00 |  0.000000E+00 |  0.0032172235 |             f
   405 |    16200 |     40 |  0.000000E+00 |  0.000000E+00 |  0.0030962751 |             f
   406 |    16240 |     40 |  0.000000E+00 |  0.000000E+00 |  0.0045856962 |             f
   407 |    16280 |     40 |  0.000000E+00 |  0.000000E+00 |  0.0031785558 |             f
   408 |    16320 |     40 |  0.000000E+00 |  0.000000E+00 |  0.0020048106 |             f
   409 |    16360 |     40 |  0.000000E+00 |  0.000000E+00 |  0.0042869073 |             f
   410 |    16400 |     40 |  0.000000E+00 |  0.000000E+00 |  0.0022726024 |             f
   411 |    16440 |     40 |  0.000000E+00 |  0.000000E+00 |  0.0073947288 |             f
   412 |    16480 |     40 |  0.000000E+00 |  0.000000E+00 |  0.0028573279 |             f
   413 |    16520 |     40 |  0.000000E+00 |  0.000000E+00 |  0.0017132086 |             f
   414 |    16560 |     40 |  0.000000E+00 |  0.000000E+00 |  0.0044437772 |             f
   415 |    16600 |     40 |  0.000000E+00 |  0.000000E+00 |  0.0033635712 |             f
   416 |    16640 |     40 |  0.000000E+00 |  0.000000E+00 |  0.0050281008 |             f
   417 |    16680 |     40 |  0.000000E+00 |  0.000000E+00 |  0.0022225967 |             f
   418 |    16720 |     40 |  0.000000E+00 |  0.000000E+00 |  0.0034532534 |             f
   419 |    16760 |     40 |  0.000000E+00 |  0.000000E+00 |  0.0037663977 |             f
   420 |    16800 |     40 |  0.000000E+00 |  0.000000E+00 |  0.0021391799 |             f
   421 |    16840 |     40 |  0.000000E+00 |  0.000000E+00 |  0.0037561508 |             f
   422 |    16880 |     40 |  0.000000E+00 |  0.000000E+00 |  0.0026345079 |             f
   423 |    16920 |     40 |  0.000000E+00 |  0.000000E+00 |  0.0045212168 |         ideal
   424 |    16960 |     40 |  0.000000E+00 |  0.000000E+00 |  0.0032510103 |             f
   425 |    17000 |     40 |  0.000000E+00 |  0.000000E+00 |  0.0032721368 |             f
   426 |    17040 |     40 |  0.000000E+00 |  0.000000E+00 |  0.0016050099 |             f
   427 |    17080 |     40 |  0.000000E+00 |  0.000000E+00 |  0.0039418997 |             f
   428 |    17120 |     40 |  0.000000E+00 |  0.000000E+00 |  0.0000764348 |             f
   429 |    17160 |     40 |  0.000000E+00 |  0.000000E+00 |  0.0013826831 |             f
   430 |    17200 |     40 |  0.000000E+00 |  0.000000E+00 |  0.0040292036 |             f
   431 |    17240 |     40 |  0.000000E+00 |  0.000000E+00 |  0.0036768538 |             f
   432 |    17280 |     40 |  0.000000E+00 |  0.000000E+00 |  0.0036195012 |             f
   433 |    17320 |     40 |  0.000000E+00 |  0.000000E+00 |  0.0036942710 |             f
   434 |    17360 |     40 |  0.000000E+00 |  0.000000E+00 |  0.0038976635 |             f
   435 |    17400 |     40 |  0.000000E+00 |  0.000000E+00 |  0.0018895188 |             f
   436 |    17440 |     40 |  0.000000E+00 |  0.000000E+00 |  0.0046233796 |             f
   437 |    17480 |     40 |  0.000000E+00 |  0.000000E+00 |  0.0012946515 |             f
   438 |    17520 |     40 |  0.000000E+00 |  0.000000E+00 |  0.0047071002 |             f
   439 |    17560 |     40 |  0.000000E+00 |  0.000000E+00 |  0.0040769906 |             f
   440 |    17600 |     40 |  0.000000E+00 |  0.000000E+00 |  0.0021137441 |             f
   441 |    17640 |     40 |  0.000000E+00 |  0.000000E+00 |  0.0031703138 |             f
   442 |    17680 |     40 |  0.000000E+00 |  0.000000E+00 |  0.0019127628 |             f
   443 |    17720 |     40 |  0.000000E+00 |  0.000000E+00 |  0.0038409658 |             f
   444 |    17760 |     40 |  0.000000E+00 |  0.000000E+00 |  0.0027663339 |             f
   445 |    17800 |     40 |  0.000000E+00 |  0.000000E+00 |  0.0022700775 |             f
   446 |    17840 |     40 |  0.000000E+00 |  0.000000E+00 |  0.0042185069 |             f
   447 |    17880 |     40 |  0.000000E+00 |  0.000000E+00 |  0.0027412258 |             f
   448 |    17920 |     40 |  0.000000E+00 |  0.000000E+00 |  0.0019664465 |             f
   449 |    17960 |     40 |  0.000000E+00 |  0.000000E+00 |  0.0044627470 |             f
   450 |    18000 |     40 |  0.000000E+00 |  0.000000E+00 |  0.0022976359 |             f
   451 |    18040 |     40 |  0.000000E+00 |  0.000000E+00 |  0.0052651717 |             f
   452 |    18080 |     40 |  0.000000E+00 |  0.000000E+00 |  0.0016362458 |             f
   453 |    18120 |     40 |  0.000000E+00 |  0.000000E+00 |  0.0032234895 |             f
   454 |    18160 |     40 |  0.000000E+00 |  0.000000E+00 |  0.0032894634 |             f
   455 |    18200 |     40 |  0.000000E+00 |  0.000000E+00 |  0.0020112808 |             f
   456 |    18240 |     40 |  0.000000E+00 |  0.000000E+00 |  0.0051033471 |             f
   457 |    18280 |     40 |  0.000000E+00 |  0.000000E+00 |  0.0029551415 |             f
   458 |    18320 |     40 |  0.000000E+00 |  0.000000E+00 |  0.0021783134 |             f
   459 |    18360 |     40 |  0.000000E+00 |  0.000000E+00 |  0.0041226324 |             f
   460 |    18400 |     40 |  0.000000E+00 |  0.000000E+00 |  0.0033031175 |             f
   461 |    18440 |     40 |  0.000000E+00 |  0.000000E+00 |  0.0018712974 |             f
   462 |    18480 |     40 |  0.000000E+00 |  0.000000E+00 |  0.0061610175 |             f
   463 |    18520 |     40 |  0.000000E+00 |  0.000000E+00 |  0.0031564460 |             f
   464 |    18560 |     40 |  0.000000E+00 |  0.000000E+00 |  0.0018862335 |             f
   465 |    18600 |     40 |  0.000000E+00 |  0.000000E+00 |  0.0051894287 |             f
   466 |    18640 |     40 |  0.000000E+00 |  0.000000E+00 |  0.0127180798 |         nadir
   467 |    18680 |     40 |  0.000000E+00 |  0.000000E+00 |  0.0034364657 |             f
   468 |    18720 |     40 |  0.000000E+00 |  0.000000E+00 |  0.0036150990 |             f
   469 |    18760 |     40 |  0.000000E+00 |  0.000000E+00 |  0.0048568945 |         nadir
   470 |    18800 |     40 |  0.000000E+00 |  0.000000E+00 |  0.0021097062 |             f
   471 |    18840 |     40 |  0.000000E+00 |  0.000000E+00 |  0.0030106135 |             f
   472 |    18880 |     40 |  0.000000E+00 |  0.000000E+00 |  0.0027439951 |             f
   473 |    18920 |     40 |  0.000000E+00 |  0.000000E+00 |  0.0031705626 |             f
   474 |    18960 |     40 |  0.000000E+00 |  0.000000E+00 |  0.0058569632 |             f
   475 |    19000 |     40 |  0.000000E+00 |  0.000000E+00 |  0.0042030504 |             f
   476 |    19040 |     40 |  0.000000E+00 |  0.000000E+00 |  0.0026320341 |         ideal
   477 |    19080 |     40 |  0.000000E+00 |  0.000000E+00 |  0.0017304032 |             f
   478 |    19120 |     40 |  0.000000E+00 |  0.000000E+00 |  0.0042541980 |             f
   479 |    19160 |     40 |  0.000000E+00 |  0.000000E+00 |  0.0027679365 |         ideal
   480 |    19200 |     40 |  0.000000E+00 |  0.000000E+00 |  0.0013263969 |             f
   481 |    19240 |     40 |  0.000000E+00 |  0.000000E+00 |  0.0034050793 |             f
   482 |    19280 |     40 |  0.000000E+00 |  0.000000E+00 |  0.0019869265 |             f
   483 |    19320 |     40 |  0.000000E+00 |  0.000000E+00 |  0.0043768836 |             f
   484 |    19360 |     40 |  0.000000E+00 |  0.000000E+00 |  0.0027156792 |             f
   485 |    19400 |     40 |  0.000000E+00 |  0.000000E+00 |  0.0027504715 |             f
   486 |    19440 |     40 |  0.000000E+00 |  0.000000E+00 |  0.0017220861 |             f
   487 |    19480 |     40 |  0.000000E+00 |  0.000000E+00 |  0.0044280291 |             f
   488 |    19520 |     40 |  0.000000E+00 |  0.000000E+00 |  0.0023155233 |             f
   489 |    19560 |     40 |  0.000000E+00 |  0.000000E+00 |  0.0037651277 |             f
   490 |    19600 |     40 |  0.000000E+00 |  0.000000E+00 |  0.0016398762 |             f
   491 |    19640 |     40 |  0.000000E+00 |  0.000000E+00 |  0.0018318627 |             f
   492 |    19680 |     40 |  0.000000E+00 |  0.000000E+00 |  0.0027936153 |         nadir
   493 |    19720 |     40 |  0.000000E+00 |  0.000000E+00 |  0.0040111594 |             f
   494 |    19760 |     40 |  0.000000E+00 |  0.000000E+00 |  0.0033217252 |             f
   495 |    19800 |     40 |  0.000000E+00 |  0.000000E+00 |  0.0021287887 |             f
   496 |    19840 |     40 |  0.000000E+00 |  0.000000E+00 |  0.0037823590 |             f
   497 |    19880 |     40 |  0.000000E+00 |  0.000000E+00 |  0.0017356878 |             f
   498 |    19920 |     40 |  0.000000E+00 |  0.000000E+00 |  0.0048000278 |             f
   499 |    19960 |     40 |  0.000000E+00 |  0.000000E+00 |  0.0050401161 |         ideal
   500 |    20000 |     40 |  0.000000E+00 |  0.000000E+00 |  0.0027305036 |             f
mean B0=68.6904 homogen=160885.4161
mean B0=45.1306 homogen=2041.7271
mean B0=63.8781 homogen=106608.9368
mean B0=51.6957 homogen=26599.676
mean B0=54.7172 homogen=34554.2352
mean B0=55.5149 homogen=39829.5816
mean B0=59.2915 homogen=52411.1832
mean B0=49.9646 homogen=15290.5874
mean B0=67.46 homogen=144611.3416
mean B0=51.0453 homogen=22736.915
mean B0=66.0845 homogen=130210.846
mean B0=65.1929 homogen=116450.0158
mean B0=65.1835 homogen=116369.8689
mean B0=59.9799 homogen=58005.1543
mean B0=57.4286 homogen=41776.2998
mean B0=67.9848 homogen=148855.4274
mean B0=52.9759 homogen=26053.0658
mean B0=47.4886 homogen=12512.1053
mean B0=48.6974 homogen=9714.9624
mean B0=63.4722 homogen=105195.7693
mean B0=61.639 homogen=79913.4644
mean B0=58.2347 homogen=46800.6292
mean B0=56.0794 homogen=35549.2016
mean B0=63.3293 homogen=94997.045
mean B0=61.3828 homogen=73222.1812
mean B0=56.4463 homogen=36669.4976
mean B0=66.8859 homogen=135946.0628
mean B0=53.7494 homogen=28190.5829
mean B0=46.553 homogen=4358.0541
mean B0=57.7699 homogen=45815.3356
mean B0=62.7402 homogen=89605.0481
mean B0=47.009 homogen=11316.5666
mean B0=66.4198 homogen=131684.9309
mean B0=45.3928 homogen=1656.5157
mean B0=49.2412 homogen=11585.8102
mean B0=60.5778 homogen=65338.0638
mean B0=62.2164 homogen=83640.0011
mean B0=68.4651 homogen=154420.2689
mean B0=62.2009 homogen=83544.6636
mean B0=46.0242 homogen=2507.6012
   501 |    20040 |     40 |  0.000000E+00 |  0.000000E+00 |  0.0037774459 |             f
   502 |    20080 |     40 |  0.000000E+00 |  0.000000E+00 |  0.0023902129 |             f
   503 |    20120 |     40 |  0.000000E+00 |  0.000000E+00 |  0.0030891656 |             f
   504 |    20160 |     40 |  0.000000E+00 |  0.000000E+00 |  0.0033324301 |             f
   505 |    20200 |     40 |  0.000000E+00 |  0.000000E+00 |  0.0023021056 |             f
   506 |    20240 |     40 |  0.000000E+00 |  0.000000E+00 |  0.0047485918 |             f
   507 |    20280 |     40 |  0.000000E+00 |  0.000000E+00 |  0.0037066805 |             f
   508 |    20320 |     40 |  0.000000E+00 |  0.000000E+00 |  0.0035055225 |             f
   509 |    20360 |     40 |  0.000000E+00 |  0.000000E+00 |  0.0026119446 |             f
   510 |    20400 |     40 |  0.000000E+00 |  0.000000E+00 |  0.0027361569 |             f
   511 |    20440 |     40 |  0.000000E+00 |  0.000000E+00 |  0.0021117748 |             f
   512 |    20480 |     40 |  0.000000E+00 |  0.000000E+00 |  0.0043211835 |             f
   513 |    20520 |     40 |  0.000000E+00 |  0.000000E+00 |  0.0025422411 |             f
   514 |    20560 |     40 |  0.000000E+00 |  0.000000E+00 |  0.0020021193 |             f
   515 |    20600 |     40 |  0.000000E+00 |  0.000000E+00 |  0.0042664429 |             f
   516 |    20640 |     40 |  0.000000E+00 |  0.000000E+00 |  0.0018731575 |             f
   517 |    20680 |     40 |  0.000000E+00 |  0.000000E+00 |  0.0061326595 |             f
   518 |    20720 |     40 |  0.000000E+00 |  0.000000E+00 |  0.0021557981 |             f
   519 |    20760 |     40 |  0.000000E+00 |  0.000000E+00 |  0.0037172298 |             f
   520 |    20800 |     40 |  0.000000E+00 |  0.000000E+00 |  0.0029723794 |             f
   521 |    20840 |     40 |  0.000000E+00 |  0.000000E+00 |  0.0016734650 |             f
   522 |    20880 |     40 |  0.000000E+00 |  0.000000E+00 |  0.0042854363 |             f
   523 |    20920 |     40 |  0.000000E+00 |  0.000000E+00 |  0.0013203688 |             f
   524 |    20960 |     40 |  0.000000E+00 |  0.000000E+00 |  0.0037694109 |             f
   525 |    21000 |     40 |  0.000000E+00 |  0.000000E+00 |  0.0028474089 |             f
   526 |    21040 |     40 |  0.000000E+00 |  0.000000E+00 |  0.0027309117 |             f
   527 |    21080 |     40 |  0.000000E+00 |  0.000000E+00 |  0.0037072360 |             f
   528 |    21120 |     40 |  0.000000E+00 |  0.000000E+00 |  0.0020342934 |             f
   529 |    21160 |     40 |  0.000000E+00 |  0.000000E+00 |  0.0050974648 |             f
   530 |    21200 |     40 |  0.000000E+00 |  0.000000E+00 |  0.0027018996 |             f
   531 |    21240 |     40 |  0.000000E+00 |  0.000000E+00 |  0.0031443275 |             f
   532 |    21280 |     40 |  0.000000E+00 |  0.000000E+00 |  0.0043057096 |             f
   533 |    21320 |     40 |  0.000000E+00 |  0.000000E+00 |  0.0016547676 |             f
   534 |    21360 |     40 |  0.000000E+00 |  0.000000E+00 |  0.0035220345 |             f
   535 |    21400 |     40 |  0.000000E+00 |  0.000000E+00 |  0.0007032798 |             f
   536 |    21440 |     40 |  0.000000E+00 |  0.000000E+00 |  0.0018757266 |             f
   537 |    21480 |     40 |  0.000000E+00 |  0.000000E+00 |  0.0044268290 |             f
   538 |    21520 |     40 |  0.000000E+00 |  0.000000E+00 |  0.0002005210 |             f
   539 |    21560 |     40 |  0.000000E+00 |  0.000000E+00 |  0.0026158730 |             f
   540 |    21600 |     40 |  0.000000E+00 |  0.000000E+00 |  0.0018756139 |             f
   541 |    21640 |     40 |  0.000000E+00 |  0.000000E+00 |  0.0027917166 |             f
   542 |    21680 |     40 |  0.000000E+00 |  0.000000E+00 |  0.0025058449 |             f
   543 |    21720 |     40 |  0.000000E+00 |  0.000000E+00 |  0.0039110703 |             f
   544 |    21760 |     40 |  0.000000E+00 |  0.000000E+00 |  0.0020663117 |             f
   545 |    21800 |     40 |  0.000000E+00 |  0.000000E+00 |  0.0041098124 |             f
   546 |    21840 |     40 |  0.000000E+00 |  0.000000E+00 |  0.0035708823 |             f
   547 |    21880 |     40 |  0.000000E+00 |  0.000000E+00 |  0.0033699349 |             f
   548 |    21920 |     40 |  0.000000E+00 |  0.000000E+00 |  0.0019608768 |             f
   549 |    21960 |     40 |  0.000000E+00 |  0.000000E+00 |  0.0032781281 |             f
   550 |    22000 |     40 |  0.000000E+00 |  0.000000E+00 |  0.0042542641 |             f
   551 |    22040 |     40 |  0.000000E+00 |  0.000000E+00 |  0.0026722278 |             f
   552 |    22080 |     40 |  0.000000E+00 |  0.000000E+00 |  0.0027740766 |             f
   553 |    22120 |     40 |  0.000000E+00 |  0.000000E+00 |  0.0009123931 |             f
   554 |    22160 |     40 |  0.000000E+00 |  0.000000E+00 |  0.0028434926 |             f
   555 |    22200 |     40 |  0.000000E+00 |  0.000000E+00 |  0.0023814917 |             f
   556 |    22240 |     40 |  0.000000E+00 |  0.000000E+00 |  0.0067062948 |             f
   557 |    22280 |     40 |  0.000000E+00 |  0.000000E+00 |  0.0029209461 |             f
   558 |    22320 |     40 |  0.000000E+00 |  0.000000E+00 |  0.0015664233 |             f
   559 |    22360 |     40 |  0.000000E+00 |  0.000000E+00 |  0.0050794462 |             f
   560 |    22400 |     40 |  0.000000E+00 |  0.000000E+00 |  0.0036710471 |             f
   561 |    22440 |     40 |  0.000000E+00 |  0.000000E+00 |  0.0007409486 |             f
   562 |    22480 |     40 |  0.000000E+00 |  0.000000E+00 |  0.0029562322 |             f
   563 |    22520 |     40 |  0.000000E+00 |  0.000000E+00 |  0.0033533988 |             f
   564 |    22560 |     40 |  0.000000E+00 |  0.000000E+00 |  0.0015977606 |             f
   565 |    22600 |     40 |  0.000000E+00 |  0.000000E+00 |  0.0045202504 |             f
   566 |    22640 |     40 |  0.000000E+00 |  0.000000E+00 |  0.0026395294 |             f
   567 |    22680 |     40 |  0.000000E+00 |  0.000000E+00 |  0.0028398217 |             f
   568 |    22720 |     40 |  0.000000E+00 |  0.000000E+00 |  0.0023238711 |             f
   569 |    22760 |     40 |  0.000000E+00 |  0.000000E+00 |  0.0026897554 |             f
   570 |    22800 |     40 |  0.000000E+00 |  0.000000E+00 |  0.0051917596 |             f
   571 |    22840 |     40 |  0.000000E+00 |  0.000000E+00 |  0.0630223549 |         nadir
   572 |    22880 |     40 |  0.000000E+00 |  0.000000E+00 |  0.0027715796 |             f
   573 |    22920 |     40 |  0.000000E+00 |  0.000000E+00 |  0.0011798567 |             f
   574 |    22960 |     40 |  0.000000E+00 |  0.000000E+00 |  0.0045257861 |             f
   575 |    23000 |     40 |  0.000000E+00 |  0.000000E+00 |  0.0014621918 |             f
   576 |    23040 |     40 |  0.000000E+00 |  0.000000E+00 |  0.0037659864 |             f
   577 |    23080 |     40 |  0.000000E+00 |  0.000000E+00 |  0.0023682974 |             f
   578 |    23120 |     40 |  0.000000E+00 |  0.000000E+00 |  0.0031238579 |             f
   579 |    23160 |     40 |  0.000000E+00 |  0.000000E+00 |  0.0019142821 |             f
   580 |    23200 |     40 |  0.000000E+00 |  0.000000E+00 |  0.0042884639 |             f
   581 |    23240 |     40 |  0.000000E+00 |  0.000000E+00 |  0.0015804000 |             f
   582 |    23280 |     40 |  0.000000E+00 |  0.000000E+00 |  0.0048484637 |             f
   583 |    23320 |     40 |  0.000000E+00 |  0.000000E+00 |  0.0016224243 |             f
   584 |    23360 |     40 |  0.000000E+00 |  0.000000E+00 |  0.0029700624 |             f
   585 |    23400 |     40 |  0.000000E+00 |  0.000000E+00 |  0.0028301913 |             f
   586 |    23440 |     40 |  0.000000E+00 |  0.000000E+00 |  0.0024869470 |             f
   587 |    23480 |     40 |  0.000000E+00 |  0.000000E+00 |  0.0053372655 |             f
   588 |    23520 |     40 |  0.000000E+00 |  0.000000E+00 |  0.0030202071 |             f
   589 |    23560 |     40 |  0.000000E+00 |  0.000000E+00 |  0.0022729026 |             f
   590 |    23600 |     40 |  0.000000E+00 |  0.000000E+00 |  0.0048195114 |             f
   591 |    23640 |     40 |  0.000000E+00 |  0.000000E+00 |  0.0016155182 |             f
   592 |    23680 |     40 |  0.000000E+00 |  0.000000E+00 |  0.0036252014 |             f
   593 |    23720 |     40 |  0.000000E+00 |  0.000000E+00 |  0.0024230116 |             f
   594 |    23760 |     40 |  0.000000E+00 |  0.000000E+00 |  0.0038679973 |             f
   595 |    23800 |     40 |  0.000000E+00 |  0.000000E+00 |  0.0023495307 |             f
   596 |    23840 |     40 |  0.000000E+00 |  0.000000E+00 |  0.0020224949 |             f
   597 |    23880 |     40 |  0.000000E+00 |  0.000000E+00 |  0.0026617063 |             f
   598 |    23920 |     40 |  0.000000E+00 |  0.000000E+00 |  0.0032693375 |             f
   599 |    23960 |     40 |  0.000000E+00 |  0.000000E+00 |  0.0015067864 |             f
   600 |    24000 |     40 |  0.000000E+00 |  0.000000E+00 |  0.0036900278 |             f
mean B0=45.1306 homogen=2041.8238
mean B0=68.613 homogen=151724.8758
mean B0=60.079 homogen=59991.8508
mean B0=63.6501 homogen=99072.1121
mean B0=61.4179 homogen=73941.1685
mean B0=62.8096 homogen=84903.3008
mean B0=55.8548 homogen=36310.4381
mean B0=57.5038 homogen=38582.5845
mean B0=67.9421 homogen=143877.8391
mean B0=65.8516 homogen=124016.7231
mean B0=52.4654 homogen=29429.3654
mean B0=59.7278 homogen=52440.9617
mean B0=45.7359 homogen=1878.5518
mean B0=65.897 homogen=126293.0267
mean B0=47.671 homogen=4753.8435
mean B0=65.1919 homogen=113646.2086
mean B0=56.5348 homogen=41559.0011
mean B0=58.9534 homogen=46976.8359
mean B0=50.436 homogen=17489.5784
mean B0=58.196 homogen=42534.2485
mean B0=66.8756 homogen=133012.7196
mean B0=62.2148 homogen=80360.2631
mean B0=46.8945 homogen=3524.1621
mean B0=52.9168 homogen=17282.4633
mean B0=51.57 homogen=18816.3432
mean B0=68.5172 homogen=150671.9138
mean B0=50.8943 homogen=17996.226
mean B0=51.7324 homogen=28029.6686
mean B0=54.2909 homogen=29050.4287
mean B0=46.6843 homogen=3379.2769
mean B0=66.8901 homogen=133136.053
mean B0=67.5587 homogen=139427.7376
mean B0=61.8437 homogen=77183.2416
mean B0=49.4768 homogen=9232.5423
mean B0=64.7283 homogen=107048.5745
mean B0=48.9737 homogen=9016.8661
mean B0=57.032 homogen=44572.7417
mean B0=64.0383 homogen=102102.269
mean B0=54.8706 homogen=30614.1171
mean B0=62.7905 homogen=84754.1445
   601 |    24040 |     40 |  0.000000E+00 |  0.000000E+00 |  0.0018753234 |             f
   602 |    24080 |     40 |  0.000000E+00 |  0.000000E+00 |  0.0027351329 |             f
   603 |    24120 |     40 |  0.000000E+00 |  0.000000E+00 |  0.0037225891 |             f
   604 |    24160 |     40 |  0.000000E+00 |  0.000000E+00 |  0.0031746120 |             f
   605 |    24200 |     40 |  0.000000E+00 |  0.000000E+00 |  0.0041373077 |         ideal
   606 |    24240 |     40 |  0.000000E+00 |  0.000000E+00 |  0.0026894677 |             f
   607 |    24280 |     40 |  0.000000E+00 |  0.000000E+00 |  0.0041232516 |             f
   608 |    24320 |     40 |  0.000000E+00 |  0.000000E+00 |  0.0020349247 |             f
   609 |    24360 |     40 |  0.000000E+00 |  0.000000E+00 |  0.0031022414 |             f
   610 |    24400 |     40 |  0.000000E+00 |  0.000000E+00 |  0.0127288855 |         ideal
   611 |    24440 |     40 |  0.000000E+00 |  0.000000E+00 |  0.0008291744 |             f
   612 |    24480 |     40 |  0.000000E+00 |  0.000000E+00 |  0.0044000740 |             f
   613 |    24520 |     40 |  0.000000E+00 |  0.000000E+00 |  0.0026554686 |             f
   614 |    24560 |     40 |  0.000000E+00 |  0.000000E+00 |  0.0011731739 |             f
   615 |    24600 |     40 |  0.000000E+00 |  0.000000E+00 |  0.0047734996 |             f
   616 |    24640 |     40 |  0.000000E+00 |  0.000000E+00 |  0.0035488336 |             f
   617 |    24680 |     40 |  0.000000E+00 |  0.000000E+00 |  0.0025815431 |             f
   618 |    24720 |     40 |  0.000000E+00 |  0.000000E+00 |  0.0024046168 |             f
   619 |    24760 |     40 |  0.000000E+00 |  0.000000E+00 |  0.0033202820 |             f
   620 |    24800 |     40 |  0.000000E+00 |  0.000000E+00 |  0.0015054044 |             f
   621 |    24840 |     40 |  0.000000E+00 |  0.000000E+00 |  0.0030476787 |             f
   622 |    24880 |     40 |  0.000000E+00 |  0.000000E+00 |  0.0020071342 |             f
   623 |    24920 |     40 |  0.000000E+00 |  0.000000E+00 |  0.0032200971 |             f
   624 |    24960 |     40 |  0.000000E+00 |  0.000000E+00 |  0.0025849148 |             f
   625 |    25000 |     40 |  0.000000E+00 |  0.000000E+00 |  0.0022002020 |             f
   626 |    25040 |     40 |  0.000000E+00 |  0.000000E+00 |  0.0044982524 |             f
   627 |    25080 |     40 |  0.000000E+00 |  0.000000E+00 |  0.0029164101 |             f
   628 |    25120 |     40 |  0.000000E+00 |  0.000000E+00 |  0.0015124804 |             f
   629 |    25160 |     40 |  0.000000E+00 |  0.000000E+00 |  0.0027764787 |             f
   630 |    25200 |     40 |  0.000000E+00 |  0.000000E+00 |  0.0032743072 |             f
   631 |    25240 |     40 |  0.000000E+00 |  0.000000E+00 |  0.0022867793 |             f
   632 |    25280 |     40 |  0.000000E+00 |  0.000000E+00 |  0.0031733393 |             f
   633 |    25320 |     40 |  0.000000E+00 |  0.000000E+00 |  0.0002552965 |             f
   634 |    25360 |     40 |  0.000000E+00 |  0.000000E+00 |  0.0015914821 |             f
   635 |    25400 |     40 |  0.000000E+00 |  0.000000E+00 |  0.0060246013 |             f
   636 |    25440 |     40 |  0.000000E+00 |  0.000000E+00 |  0.0030170781 |             f
   637 |    25480 |     40 |  0.000000E+00 |  0.000000E+00 |  0.0021541526 |             f
   638 |    25520 |     40 |  0.000000E+00 |  0.000000E+00 |  0.0053386191 |             f
   639 |    25560 |     40 |  0.000000E+00 |  0.000000E+00 |  0.0014120423 |             f
   640 |    25600 |     40 |  0.000000E+00 |  0.000000E+00 |  0.0027754544 |             f
   641 |    25640 |     40 |  0.000000E+00 |  0.000000E+00 |  0.0035822459 |             f
   642 |    25680 |     40 |  0.000000E+00 |  0.000000E+00 |  0.0025508658 |             f
   643 |    25720 |     40 |  0.000000E+00 |  0.000000E+00 |  0.0022733917 |             f
   644 |    25760 |     40 |  0.000000E+00 |  0.000000E+00 |  0.0034361768 |             f
   645 |    25800 |     40 |  0.000000E+00 |  0.000000E+00 |  0.0025937440 |             f
   646 |    25840 |     40 |  0.000000E+00 |  0.000000E+00 |  0.0030604506 |             f
   647 |    25880 |     40 |  0.000000E+00 |  0.000000E+00 |  0.0031249931 |             f
   648 |    25920 |     40 |  0.000000E+00 |  0.000000E+00 |  0.0025871077 |             f
   649 |    25960 |     40 |  0.000000E+00 |  0.000000E+00 |  0.0024197688 |             f
   650 |    26000 |     40 |  0.000000E+00 |  0.000000E+00 |  0.0046122481 |             f
   651 |    26040 |     40 |  0.000000E+00 |  0.000000E+00 |  0.0020439282 |             f
   652 |    26080 |     40 |  0.000000E+00 |  0.000000E+00 |  0.0045503479 |             f
   653 |    26120 |     40 |  0.000000E+00 |  0.000000E+00 |  0.0018866095 |             f
   654 |    26160 |     40 |  0.000000E+00 |  0.000000E+00 |  0.0042167317 |             f
   655 |    26200 |     40 |  0.000000E+00 |  0.000000E+00 |  0.0032846603 |             f
   656 |    26240 |     40 |  0.000000E+00 |  0.000000E+00 |  0.0024973129 |             f
   657 |    26280 |     40 |  0.000000E+00 |  0.000000E+00 |  0.0057819166 |             f
   658 |    26320 |     40 |  0.000000E+00 |  0.000000E+00 |  0.0034548221 |             f
   659 |    26360 |     40 |  0.000000E+00 |  0.000000E+00 |  0.0018527297 |             f
   660 |    26400 |     40 |  0.000000E+00 |  0.000000E+00 |  0.0053017853 |             f
   661 |    26440 |     40 |  0.000000E+00 |  0.000000E+00 |  0.0027973773 |             f
   662 |    26480 |     40 |  0.000000E+00 |  0.000000E+00 |  0.0025743406 |             f
   663 |    26520 |     40 |  0.000000E+00 |  0.000000E+00 |  0.0008713296 |             f
   664 |    26560 |     40 |  0.000000E+00 |  0.000000E+00 |  0.0030664239 |             f
   665 |    26600 |     40 |  0.000000E+00 |  0.000000E+00 |  0.0040509460 |             f
   666 |    26640 |     40 |  0.000000E+00 |  0.000000E+00 |  0.0025660773 |             f
   667 |    26680 |     40 |  0.000000E+00 |  0.000000E+00 |  0.0035288948 |             f
   668 |    26720 |     40 |  0.000000E+00 |  0.000000E+00 |  0.0037925466 |             f
   669 |    26760 |     40 |  0.000000E+00 |  0.000000E+00 |  0.0017427354 |             f
   670 |    26800 |     40 |  0.000000E+00 |  0.000000E+00 |  0.0044211170 |             f
   671 |    26840 |     40 |  0.000000E+00 |  0.000000E+00 |  0.0017844743 |             f
   672 |    26880 |     40 |  0.000000E+00 |  0.000000E+00 |  0.0037739241 |             f
   673 |    26920 |     40 |  0.000000E+00 |  0.000000E+00 |  0.0024377265 |             f
   674 |    26960 |     40 |  0.000000E+00 |  0.000000E+00 |  0.0037121693 |             f
   675 |    27000 |     40 |  0.000000E+00 |  0.000000E+00 |  0.0012069614 |             f
   676 |    27040 |     40 |  0.000000E+00 |  0.000000E+00 |  0.0024287637 |             f
   677 |    27080 |     40 |  0.000000E+00 |  0.000000E+00 |  0.0031923751 |             f
   678 |    27120 |     40 |  0.000000E+00 |  0.000000E+00 |  0.0037975095 |             f
   679 |    27160 |     40 |  0.000000E+00 |  0.000000E+00 |  0.0026388096 |             f
   680 |    27200 |     40 |  0.000000E+00 |  0.000000E+00 |  0.0047269354 |             f
   681 |    27240 |     40 |  0.000000E+00 |  0.000000E+00 |  0.0022976571 |             f
   682 |    27280 |     40 |  0.000000E+00 |  0.000000E+00 |  0.0039209827 |             f
   683 |    27320 |     40 |  0.000000E+00 |  0.000000E+00 |  0.0031038622 |             f
   684 |    27360 |     40 |  0.000000E+00 |  0.000000E+00 |  0.0027846130 |             f
   685 |    27400 |     40 |  0.000000E+00 |  0.000000E+00 |  0.0040202673 |             f
   686 |    27440 |     40 |  0.000000E+00 |  0.000000E+00 |  0.0037626364 |             f
   687 |    27480 |     40 |  0.000000E+00 |  0.000000E+00 |  0.0012210807 |             f
   688 |    27520 |     40 |  0.000000E+00 |  0.000000E+00 |  0.0052684137 |             f
   689 |    27560 |     40 |  0.000000E+00 |  0.000000E+00 |  0.0034268512 |             f
   690 |    27600 |     40 |  0.000000E+00 |  0.000000E+00 |  0.0029941985 |             f
   691 |    27640 |     40 |  0.000000E+00 |  0.000000E+00 |  0.0020366293 |             f
   692 |    27680 |     40 |  0.000000E+00 |  0.000000E+00 |  0.0061977579 |             f
   693 |    27720 |     40 |  0.000000E+00 |  0.000000E+00 |  0.0026574629 |             f
   694 |    27760 |     40 |  0.000000E+00 |  0.000000E+00 |  0.0038447202 |             f
   695 |    27800 |     40 |  0.000000E+00 |  0.000000E+00 |  0.0012725378 |             f
   696 |    27840 |     40 |  0.000000E+00 |  0.000000E+00 |  0.0039991797 |             f
   697 |    27880 |     40 |  0.000000E+00 |  0.000000E+00 |  0.0022882050 |             f
   698 |    27920 |     40 |  0.000000E+00 |  0.000000E+00 |  0.0044877636 |             f
   699 |    27960 |     40 |  0.000000E+00 |  0.000000E+00 |  0.0019456171 |             f
   700 |    28000 |     40 |  0.000000E+00 |  0.000000E+00 |  0.0025109046 |             f
mean B0=45.1102 homogen=1820.6778
mean B0=69.1139 homogen=157592.8863
mean B0=45.1102 homogen=1820.6778
mean B0=59.8936 homogen=58529.8947
mean B0=58.0394 homogen=38523.5657
mean B0=49.9781 homogen=13716.0856
mean B0=56.2008 homogen=39656.7927
mean B0=48.4857 homogen=11707.8698
mean B0=46.8455 homogen=4974.9991
mean B0=55.1779 homogen=36992.9341
mean B0=51.0454 homogen=15496.1029
mean B0=46.397 homogen=2590.9823
mean B0=49.0129 homogen=8043.3862
mean B0=64.0419 homogen=103543.3225
mean B0=62.5302 homogen=87296.3747
mean B0=66.9152 homogen=132546.764
mean B0=66.4379 homogen=130128.4415
mean B0=62.1911 homogen=78058.1684
mean B0=65.3116 homogen=114133.8799
mean B0=53.2369 homogen=23037.8402
mean B0=54.371 homogen=27267.6642
mean B0=66.1037 homogen=121975.4999
mean B0=68.5789 homogen=152256.3628
mean B0=63.0245 homogen=89080.3495
mean B0=53.9803 homogen=25358.0245
mean B0=45.3453 homogen=1405.5222
mean B0=57.1786 homogen=46264.9011
mean B0=52.3491 homogen=22862.8148
mean B0=64.862 homogen=110146.0687
mean B0=63.6214 homogen=93890.0237
mean B0=68.1505 homogen=148649.4613
mean B0=60.4191 homogen=61299.0614
mean B0=61.0695 homogen=65514.9719
mean B0=57.7689 homogen=43294.659
mean B0=52.7003 homogen=21355.8437
mean B0=67.4869 homogen=139073.3356
mean B0=67.8378 homogen=145157.1515
mean B0=63.6133 homogen=93859.2043
mean B0=65.7399 homogen=120461.885
mean B0=69.041 homogen=156793.281
   701 |    28040 |     40 |  0.000000E+00 |  0.000000E+00 |  0.0025985681 |             f
   702 |    28080 |     40 |  0.000000E+00 |  0.000000E+00 |  0.0034772115 |             f
   703 |    28120 |     40 |  0.000000E+00 |  0.000000E+00 |  0.0040621076 |             f
   704 |    28160 |     40 |  0.000000E+00 |  0.000000E+00 |  0.0009468940 |             f
   705 |    28200 |     40 |  0.000000E+00 |  0.000000E+00 |  0.0027868794 |             f
   706 |    28240 |     40 |  0.000000E+00 |  0.000000E+00 |  0.0025515992 |             f
   707 |    28280 |     40 |  0.000000E+00 |  0.000000E+00 |  0.0025873994 |             f
   708 |    28320 |     40 |  0.000000E+00 |  0.000000E+00 |  0.0064571104 |         ideal
   709 |    28360 |     40 |  0.000000E+00 |  0.000000E+00 |  0.0020406190 |             f
   710 |    28400 |     40 |  0.000000E+00 |  0.000000E+00 |  0.0048387007 |             f
   711 |    28440 |     40 |  0.000000E+00 |  0.000000E+00 |  0.0023748776 |             f
   712 |    28480 |     40 |  0.000000E+00 |  0.000000E+00 |  0.0045214477 |             f
   713 |    28520 |     40 |  0.000000E+00 |  0.000000E+00 |  0.0014515340 |             f
   714 |    28560 |     40 |  0.000000E+00 |  0.000000E+00 |  0.0038214075 |             f
   715 |    28600 |     40 |  0.000000E+00 |  0.000000E+00 |  0.0032764123 |             f
   716 |    28640 |     40 |  0.000000E+00 |  0.000000E+00 |  0.0048523624 |         nadir
   717 |    28680 |     40 |  0.000000E+00 |  0.000000E+00 |  0.0017238764 |             f
   718 |    28720 |     40 |  0.000000E+00 |  0.000000E+00 |  0.0050644012 |             f
   719 |    28760 |     40 |  0.000000E+00 |  0.000000E+00 |  0.0014347013 |             f
   720 |    28800 |     40 |  0.000000E+00 |  0.000000E+00 |  0.0047930425 |             f
   721 |    28840 |     40 |  0.000000E+00 |  0.000000E+00 |  0.0013442236 |             f
   722 |    28880 |     40 |  0.000000E+00 |  0.000000E+00 |  0.0043231264 |             f
   723 |    28920 |     40 |  0.000000E+00 |  0.000000E+00 |  0.0027399738 |             f
   724 |    28960 |     40 |  0.000000E+00 |  0.000000E+00 |  0.0014277788 |             f
   725 |    29000 |     40 |  0.000000E+00 |  0.000000E+00 |  0.0040232241 |             f
   726 |    29040 |     40 |  0.000000E+00 |  0.000000E+00 |  0.0030823783 |             f
   727 |    29080 |     40 |  0.000000E+00 |  0.000000E+00 |  0.0018571477 |             f
   728 |    29120 |     40 |  0.000000E+00 |  0.000000E+00 |  0.0037596610 |             f
   729 |    29160 |     40 |  0.000000E+00 |  0.000000E+00 |  0.0030947884 |             f
   730 |    29200 |     40 |  0.000000E+00 |  0.000000E+00 |  0.0024021507 |             f
   731 |    29240 |     40 |  0.000000E+00 |  0.000000E+00 |  0.0031368428 |             f
   732 |    29280 |     40 |  0.000000E+00 |  0.000000E+00 |  0.0032604569 |             f
   733 |    29320 |     40 |  0.000000E+00 |  0.000000E+00 |  0.0034577299 |             f
   734 |    29360 |     40 |  0.000000E+00 |  0.000000E+00 |  0.0021176316 |             f
   735 |    29400 |     40 |  0.000000E+00 |  0.000000E+00 |  0.0050813336 |             f
   736 |    29440 |     40 |  0.000000E+00 |  0.000000E+00 |  0.0020014149 |             f
   737 |    29480 |     40 |  0.000000E+00 |  0.000000E+00 |  0.0031112873 |             f
   738 |    29520 |     40 |  0.000000E+00 |  0.000000E+00 |  0.0023257265 |             f
   739 |    29560 |     40 |  0.000000E+00 |  0.000000E+00 |  0.0036677806 |             f
   740 |    29600 |     40 |  0.000000E+00 |  0.000000E+00 |  0.0017195324 |             f
   741 |    29640 |     40 |  0.000000E+00 |  0.000000E+00 |  0.0040892343 |             f
   742 |    29680 |     40 |  0.000000E+00 |  0.000000E+00 |  0.0022706306 |             f
   743 |    29720 |     40 |  0.000000E+00 |  0.000000E+00 |  0.0028185405 |             f
   744 |    29760 |     40 |  0.000000E+00 |  0.000000E+00 |  0.0023398311 |             f
   745 |    29800 |     40 |  0.000000E+00 |  0.000000E+00 |  0.0050808417 |             f
   746 |    29840 |     40 |  0.000000E+00 |  0.000000E+00 |  0.0021324512 |             f
   747 |    29880 |     40 |  0.000000E+00 |  0.000000E+00 |  0.0047297713 |             f
   748 |    29920 |     40 |  0.000000E+00 |  0.000000E+00 |  0.0022194085 |             f
   749 |    29960 |     40 |  0.000000E+00 |  0.000000E+00 |  0.0034427583 |             f
   750 |    30000 |     40 |  0.000000E+00 |  0.000000E+00 |  0.0051312264 |             f
   751 |    30040 |     40 |  0.000000E+00 |  0.000000E+00 |  0.0027101908 |             f
   752 |    30080 |     40 |  0.000000E+00 |  0.000000E+00 |  0.0016381000 |             f
   753 |    30120 |     40 |  0.000000E+00 |  0.000000E+00 |  0.0044011312 |             f
   754 |    30160 |     40 |  0.000000E+00 |  0.000000E+00 |  0.0029638681 |             f
   755 |    30200 |     40 |  0.000000E+00 |  0.000000E+00 |  0.0032520437 |             f
   756 |    30240 |     40 |  0.000000E+00 |  0.000000E+00 |  0.0036725481 |             f
   757 |    30280 |     40 |  0.000000E+00 |  0.000000E+00 |  0.0026452694 |             f
   758 |    30320 |     40 |  0.000000E+00 |  0.000000E+00 |  0.0014866725 |             f
   759 |    30360 |     40 |  0.000000E+00 |  0.000000E+00 |  0.0040668374 |             f
   760 |    30400 |     40 |  0.000000E+00 |  0.000000E+00 |  0.0036996343 |             f
   761 |    30440 |     40 |  0.000000E+00 |  0.000000E+00 |  0.0042187252 |             f
   762 |    30480 |     40 |  0.000000E+00 |  0.000000E+00 |  0.0058053623 |             f
   763 |    30520 |     40 |  0.000000E+00 |  0.000000E+00 |  0.0049784738 |             f
   764 |    30560 |     40 |  0.000000E+00 |  0.000000E+00 |  0.0030600706 |             f
   765 |    30600 |     40 |  0.000000E+00 |  0.000000E+00 |  0.0035340420 |             f
   766 |    30640 |     40 |  0.000000E+00 |  0.000000E+00 |  0.0031556021 |             f
   767 |    30680 |     40 |  0.000000E+00 |  0.000000E+00 |  0.0019129245 |             f
   768 |    30720 |     40 |  0.000000E+00 |  0.000000E+00 |  0.0040080668 |             f
   769 |    30760 |     40 |  0.000000E+00 |  0.000000E+00 |  0.0023189151 |             f
   770 |    30800 |     40 |  0.000000E+00 |  0.000000E+00 |  0.0029242686 |             f
   771 |    30840 |     40 |  0.000000E+00 |  0.000000E+00 |  0.0018103061 |             f
   772 |    30880 |     40 |  0.000000E+00 |  0.000000E+00 |  0.0047619363 |             f
   773 |    30920 |     40 |  0.000000E+00 |  0.000000E+00 |  0.0028045285 |             f
   774 |    30960 |     40 |  0.000000E+00 |  0.000000E+00 |  0.0024176917 |             f
   775 |    31000 |     40 |  0.000000E+00 |  0.000000E+00 |  0.0055676519 |             f
   776 |    31040 |     40 |  0.000000E+00 |  0.000000E+00 |  0.0011826505 |             f
   777 |    31080 |     40 |  0.000000E+00 |  0.000000E+00 |  0.0043601734 |             f
   778 |    31120 |     40 |  0.000000E+00 |  0.000000E+00 |  0.0019659732 |             f
   779 |    31160 |     40 |  0.000000E+00 |  0.000000E+00 |  0.0056826614 |             f
   780 |    31200 |     40 |  0.000000E+00 |  0.000000E+00 |  0.0035959066 |             f
   781 |    31240 |     40 |  0.000000E+00 |  0.000000E+00 |  0.0026850747 |             f
   782 |    31280 |     40 |  0.000000E+00 |  0.000000E+00 |  0.0039204797 |             f
   783 |    31320 |     40 |  0.000000E+00 |  0.000000E+00 |  0.0043602439 |             f
   784 |    31360 |     40 |  0.000000E+00 |  0.000000E+00 |  0.0025632174 |             f
   785 |    31400 |     40 |  0.000000E+00 |  0.000000E+00 |  0.0013839780 |             f
   786 |    31440 |     40 |  0.000000E+00 |  0.000000E+00 |  0.0046123633 |             f
   787 |    31480 |     40 |  0.000000E+00 |  0.000000E+00 |  0.0025681286 |             f
   788 |    31520 |     40 |  0.000000E+00 |  0.000000E+00 |  0.0050612073 |             f
   789 |    31560 |     40 |  0.000000E+00 |  0.000000E+00 |  0.0032697494 |             f
   790 |    31600 |     40 |  0.000000E+00 |  0.000000E+00 |  0.0021838276 |             f
   791 |    31640 |     40 |  0.000000E+00 |  0.000000E+00 |  0.0028931180 |             f
   792 |    31680 |     40 |  0.000000E+00 |  0.000000E+00 |  0.0028942360 |             f
   793 |    31720 |     40 |  0.000000E+00 |  0.000000E+00 |  0.0014105268 |             f
   794 |    31760 |     40 |  0.000000E+00 |  0.000000E+00 |  0.0040036560 |             f
   795 |    31800 |     40 |  0.000000E+00 |  0.000000E+00 |  0.0034389472 |             f
   796 |    31840 |     40 |  0.000000E+00 |  0.000000E+00 |  0.0026645535 |             f
   797 |    31880 |     40 |  0.000000E+00 |  0.000000E+00 |  0.0008150813 |             f
   798 |    31920 |     40 |  0.000000E+00 |  0.000000E+00 |  0.0012864779 |             f
   799 |    31960 |     40 |  0.000000E+00 |  0.000000E+00 |  0.0039534179 |             f
   800 |    32000 |     40 |  0.000000E+00 |  0.000000E+00 |  0.0037686523 |             f
mean B0=69.3486 homogen=159612.3744
mean B0=45.1111 homogen=1803.4791
mean B0=55.6916 homogen=39212.9935
mean B0=54.0686 homogen=31995.4479
mean B0=67.068 homogen=133103.7539
mean B0=52.3201 homogen=19575.321
mean B0=54.2445 homogen=25601.2762
mean B0=66.3768 homogen=127765.9872
mean B0=61.3913 homogen=71879.5809
mean B0=61.9583 homogen=75431.9156
mean B0=48.4766 homogen=10037.3672
mean B0=50.0686 homogen=17989.2352
mean B0=49.5317 homogen=14723.0261
mean B0=68.4677 homogen=149962.835
mean B0=50.6156 homogen=10034.9489
mean B0=60.6197 homogen=61218.8122
mean B0=46.708 homogen=3102.7619
mean B0=64.3928 homogen=102460.4944
mean B0=56.337 homogen=31709.0242
mean B0=64.6917 homogen=108487.4969
mean B0=67.6252 homogen=141412.6921
mean B0=50.994 homogen=11015.0531
mean B0=59.6589 homogen=52852.0733
mean B0=67.7433 homogen=142749.7911
mean B0=68.7014 homogen=152099.3928
mean B0=69.3485 homogen=159611.7509
mean B0=63.0325 homogen=89770.8772
mean B0=62.6318 homogen=82745.4087
mean B0=52.072 homogen=17960.3073
mean B0=57.9868 homogen=38033.3212
mean B0=46.708 homogen=3102.7619
mean B0=60.1006 homogen=56866.3987
mean B0=65.4569 homogen=118928.0672
mean B0=59.1004 homogen=46829.1526
mean B0=65.9528 homogen=120251.1651
mean B0=65.104 homogen=111786.7116
mean B0=56.5793 homogen=31368.8347
mean B0=47.4943 homogen=4030.446
mean B0=47.5884 homogen=4373.3311
mean B0=62.6318 homogen=82745.4087
   801 |    32040 |     40 |  0.000000E+00 |  0.000000E+00 |  0.0024718587 |             f
   802 |    32080 |     40 |  0.000000E+00 |  0.000000E+00 |  0.0032147810 |             f
   803 |    32120 |     40 |  0.000000E+00 |  0.000000E+00 |  0.0020541068 |             f
   804 |    32160 |     40 |  0.000000E+00 |  0.000000E+00 |  0.0025436866 |             f
   805 |    32200 |     40 |  0.000000E+00 |  0.000000E+00 |  0.0023578433 |             f
   806 |    32240 |     40 |  0.000000E+00 |  0.000000E+00 |  0.0054179260 |             f
   807 |    32280 |     40 |  0.000000E+00 |  0.000000E+00 |  0.0015048432 |             f
   808 |    32320 |     40 |  0.000000E+00 |  0.000000E+00 |  0.0033019301 |             f
   809 |    32360 |     40 |  0.000000E+00 |  0.000000E+00 |  0.0014960460 |             f
   810 |    32400 |     40 |  0.000000E+00 |  0.000000E+00 |  0.0033319773 |             f
   811 |    32440 |     40 |  0.000000E+00 |  0.000000E+00 |  0.0021373669 |             f
   812 |    32480 |     40 |  0.000000E+00 |  0.000000E+00 |  0.0031620697 |             f
   813 |    32520 |     40 |  0.000000E+00 |  0.000000E+00 |  0.0018391337 |             f
   814 |    32560 |     40 |  0.000000E+00 |  0.000000E+00 |  0.0025658156 |             f
   815 |    32600 |     40 |  0.000000E+00 |  0.000000E+00 |  0.0033774343 |             f
   816 |    32640 |     40 |  0.000000E+00 |  0.000000E+00 |  0.0018687782 |             f
   817 |    32680 |     40 |  0.000000E+00 |  0.000000E+00 |  0.0028635983 |             f
   818 |    32720 |     40 |  0.000000E+00 |  0.000000E+00 |  0.0015239355 |             f
   819 |    32760 |     40 |  0.000000E+00 |  0.000000E+00 |  0.0032840291 |             f
   820 |    32800 |     40 |  0.000000E+00 |  0.000000E+00 |  0.0017433126 |             f
   821 |    32840 |     40 |  0.000000E+00 |  0.000000E+00 |  0.0054584090 |             f
   822 |    32880 |     40 |  0.000000E+00 |  0.000000E+00 |  0.0018093301 |             f
   823 |    32920 |     40 |  0.000000E+00 |  0.000000E+00 |  0.0035762949 |             f
   824 |    32960 |     40 |  0.000000E+00 |  0.000000E+00 |  0.0034824101 |             f
   825 |    33000 |     40 |  0.000000E+00 |  0.000000E+00 |  0.0030611838 |             f
   826 |    33040 |     40 |  0.000000E+00 |  0.000000E+00 |  0.0024116261 |             f
   827 |    33080 |     40 |  0.000000E+00 |  0.000000E+00 |  0.0049188751 |             f
   828 |    33120 |     40 |  0.000000E+00 |  0.000000E+00 |  0.0039312854 |             f
   829 |    33160 |     40 |  0.000000E+00 |  0.000000E+00 |  0.0040969914 |             f
   830 |    33200 |     40 |  0.000000E+00 |  0.000000E+00 |  0.0022024824 |             f
   831 |    33240 |     40 |  0.000000E+00 |  0.000000E+00 |  0.0033919971 |             f
   832 |    33280 |     40 |  0.000000E+00 |  0.000000E+00 |  0.0017473614 |             f
   833 |    33320 |     40 |  0.000000E+00 |  0.000000E+00 |  0.0035557681 |             f
   834 |    33360 |     40 |  0.000000E+00 |  0.000000E+00 |  0.0008544173 |             f
   835 |    33400 |     40 |  0.000000E+00 |  0.000000E+00 |  0.0032485014 |             f
   836 |    33440 |     40 |  0.000000E+00 |  0.000000E+00 |  0.0042400124 |             f
   837 |    33480 |     40 |  0.000000E+00 |  0.000000E+00 |  0.0028267385 |             f
   838 |    33520 |     40 |  0.000000E+00 |  0.000000E+00 |  0.0020843147 |             f
   839 |    33560 |     40 |  0.000000E+00 |  0.000000E+00 |  0.0034452819 |             f
   840 |    33600 |     40 |  0.000000E+00 |  0.000000E+00 |  0.0016645027 |             f
   841 |    33640 |     40 |  0.000000E+00 |  0.000000E+00 |  0.0029373869 |             f
   842 |    33680 |     40 |  0.000000E+00 |  0.000000E+00 |  0.0022028730 |             f
   843 |    33720 |     40 |  0.000000E+00 |  0.000000E+00 |  0.0034817067 |             f
   844 |    33760 |     40 |  0.000000E+00 |  0.000000E+00 |  0.0022790972 |             f
   845 |    33800 |     40 |  0.000000E+00 |  0.000000E+00 |  0.0035247546 |             f
   846 |    33840 |     40 |  0.000000E+00 |  0.000000E+00 |  0.0025099833 |             f
   847 |    33880 |     40 |  0.000000E+00 |  0.000000E+00 |  0.0027235723 |             f
   848 |    33920 |     40 |  0.000000E+00 |  0.000000E+00 |  0.0013462659 |             f
   849 |    33960 |     40 |  0.000000E+00 |  0.000000E+00 |  0.0033159984 |             f
   850 |    34000 |     40 |  0.000000E+00 |  0.000000E+00 |  0.0033654737 |             f
   851 |    34040 |     40 |  0.000000E+00 |  0.000000E+00 |  0.0025915501 |             f
   852 |    34080 |     40 |  0.000000E+00 |  0.000000E+00 |  0.0015689324 |             f
   853 |    34120 |     40 |  0.000000E+00 |  0.000000E+00 |  0.0027095137 |             f
   854 |    34160 |     40 |  0.000000E+00 |  0.000000E+00 |  0.0015036668 |             f
   855 |    34200 |     40 |  0.000000E+00 |  0.000000E+00 |  0.0044509718 |             f
   856 |    34240 |     40 |  0.000000E+00 |  0.000000E+00 |  0.0015454164 |             f
   857 |    34280 |     40 |  0.000000E+00 |  0.000000E+00 |  0.0045127002 |             f
   858 |    34320 |     40 |  0.000000E+00 |  0.000000E+00 |  0.0009291043 |             f
   859 |    34360 |     40 |  0.000000E+00 |  0.000000E+00 |  0.0035340243 |             f
   860 |    34400 |     40 |  0.000000E+00 |  0.000000E+00 |  0.0020796901 |             f
   861 |    34440 |     40 |  0.000000E+00 |  0.000000E+00 |  0.0048949112 |             f
   862 |    34480 |     40 |  0.000000E+00 |  0.000000E+00 |  0.0012644922 |             f
   863 |    34520 |     40 |  0.000000E+00 |  0.000000E+00 |  0.0047363552 |             f
   864 |    34560 |     40 |  0.000000E+00 |  0.000000E+00 |  0.0019615391 |             f
   865 |    34600 |     40 |  0.000000E+00 |  0.000000E+00 |  0.0027478806 |             f
   866 |    34640 |     40 |  0.000000E+00 |  0.000000E+00 |  0.0042091433 |             f
   867 |    34680 |     40 |  0.000000E+00 |  0.000000E+00 |  0.0024535369 |             f
   868 |    34720 |     40 |  0.000000E+00 |  0.000000E+00 |  0.0044129243 |             f
   869 |    34760 |     40 |  0.000000E+00 |  0.000000E+00 |  0.0015888890 |             f
   870 |    34800 |     40 |  0.000000E+00 |  0.000000E+00 |  0.0048288771 |             f
   871 |    34840 |     40 |  0.000000E+00 |  0.000000E+00 |  0.0056264708 |             f
   872 |    34880 |     40 |  0.000000E+00 |  0.000000E+00 |  0.0018148392 |             f
   873 |    34920 |     40 |  0.000000E+00 |  0.000000E+00 |  0.0037592967 |             f
   874 |    34960 |     40 |  0.000000E+00 |  0.000000E+00 |  0.0035149720 |             f
   875 |    35000 |     40 |  0.000000E+00 |  0.000000E+00 |  0.0008681223 |             f
   876 |    35040 |     40 |  0.000000E+00 |  0.000000E+00 |  0.0029939554 |             f
   877 |    35080 |     40 |  0.000000E+00 |  0.000000E+00 |  0.0027470177 |             f
   878 |    35120 |     40 |  0.000000E+00 |  0.000000E+00 |  0.0039245553 |             f
   879 |    35160 |     40 |  0.000000E+00 |  0.000000E+00 |  0.0014046589 |             f
   880 |    35200 |     40 |  0.000000E+00 |  0.000000E+00 |  0.0034780207 |             f
   881 |    35240 |     40 |  0.000000E+00 |  0.000000E+00 |  0.0019788509 |             f
   882 |    35280 |     40 |  0.000000E+00 |  0.000000E+00 |  0.0034917793 |             f
   883 |    35320 |     40 |  0.000000E+00 |  0.000000E+00 |  0.0030147846 |             f
   884 |    35360 |     40 |  0.000000E+00 |  0.000000E+00 |  0.0030266545 |             f
   885 |    35400 |     40 |  0.000000E+00 |  0.000000E+00 |  0.0017532633 |             f
   886 |    35440 |     40 |  0.000000E+00 |  0.000000E+00 |  0.0035647893 |             f
   887 |    35480 |     40 |  0.000000E+00 |  0.000000E+00 |  0.0031989410 |             f
   888 |    35520 |     40 |  0.000000E+00 |  0.000000E+00 |  0.0021317895 |             f
   889 |    35560 |     40 |  0.000000E+00 |  0.000000E+00 |  0.0058546393 |             f
   890 |    35600 |     40 |  0.000000E+00 |  0.000000E+00 |  0.0033321658 |             f
   891 |    35640 |     40 |  0.000000E+00 |  0.000000E+00 |  0.0014750336 |             f
   892 |    35680 |     40 |  0.000000E+00 |  0.000000E+00 |  0.0036599991 |             f
   893 |    35720 |     40 |  0.000000E+00 |  0.000000E+00 |  0.0021421887 |             f
   894 |    35760 |     40 |  0.000000E+00 |  0.000000E+00 |  0.0046981665 |             f
   895 |    35800 |     40 |  0.000000E+00 |  0.000000E+00 |  0.0019188323 |             f
   896 |    35840 |     40 |  0.000000E+00 |  0.000000E+00 |  0.0042209518 |             f
   897 |    35880 |     40 |  0.000000E+00 |  0.000000E+00 |  0.0042734583 |             f
   898 |    35920 |     40 |  0.000000E+00 |  0.000000E+00 |  0.0008805038 |             f
   899 |    35960 |     40 |  0.000000E+00 |  0.000000E+00 |  0.0042373153 |             f
   900 |    36000 |     40 |  0.000000E+00 |  0.000000E+00 |  0.0029537655 |             f
mean B0=45.1128 homogen=1793.7714
mean B0=69.3616 homogen=159753.5353
mean B0=45.1128 homogen=1793.7714
mean B0=58.4659 homogen=49427.9858
mean B0=65.6951 homogen=122266.2281
mean B0=60.2626 homogen=59895.9774
mean B0=50.5041 homogen=16669.3157
mean B0=64.6112 homogen=109935.7172
mean B0=57.5847 homogen=41686.2999
mean B0=61.4508 homogen=75092.5475
mean B0=67.4668 homogen=137816.6467
mean B0=67.1172 homogen=134277.3712
mean B0=56.5554 homogen=47066.8062
mean B0=68.4303 homogen=150322.8831
mean B0=63.4188 homogen=91566.7124
mean B0=52.8707 homogen=27272.3175
mean B0=62.1447 homogen=77583.3334
mean B0=52.6048 homogen=24793.038
mean B0=62.3523 homogen=81634.6307
mean B0=51.5193 homogen=18218.0407
mean B0=56.2288 homogen=45118.4989
mean B0=54.7401 homogen=31210.4693
mean B0=49.4779 homogen=8518.1186
mean B0=55.5272 homogen=38184.6248
mean B0=54.5521 homogen=32721.7952
mean B0=46.2844 homogen=2879.3361
mean B0=48.1413 homogen=9268.3824
mean B0=68.0934 homogen=144982.8607
mean B0=58.1867 homogen=46950.5228
mean B0=63.9508 homogen=102345.3039
mean B0=51.6012 homogen=17724.8463
mean B0=48.746 homogen=6178.7841
mean B0=66.489 homogen=129754.6877
mean B0=55.6934 homogen=39813.3622
mean B0=60.929 homogen=64479.0761
mean B0=64.0264 homogen=103674.5509
mean B0=53.7483 homogen=29258.7123
mean B0=64.5914 homogen=109780.8257
mean B0=62.8761 homogen=85515.1363
mean B0=47.2085 homogen=5076.4439
   901 |    36040 |     40 |  0.000000E+00 |  0.000000E+00 |  0.0015245989 |             f
   902 |    36080 |     40 |  0.000000E+00 |  0.000000E+00 |  0.0028607516 |             f
   903 |    36120 |     40 |  0.000000E+00 |  0.000000E+00 |  0.0032131703 |             f
   904 |    36160 |     40 |  0.000000E+00 |  0.000000E+00 |  0.0026800528 |             f
   905 |    36200 |     40 |  0.000000E+00 |  0.000000E+00 |  0.0033544889 |             f
   906 |    36240 |     40 |  0.000000E+00 |  0.000000E+00 |  0.0014061050 |             f
   907 |    36280 |     40 |  0.000000E+00 |  0.000000E+00 |  0.0040583683 |             f
   908 |    36320 |     40 |  0.000000E+00 |  0.000000E+00 |  0.0025563767 |             f
   909 |    36360 |     40 |  0.000000E+00 |  0.000000E+00 |  0.0039967862 |             f
   910 |    36400 |     40 |  0.000000E+00 |  0.000000E+00 |  0.0016578038 |             f
   911 |    36440 |     40 |  0.000000E+00 |  0.000000E+00 |  0.0043557446 |             f
   912 |    36480 |     40 |  0.000000E+00 |  0.000000E+00 |  0.0015194946 |             f
   913 |    36520 |     40 |  0.000000E+00 |  0.000000E+00 |  0.0045723132 |             f
   914 |    36560 |     40 |  0.000000E+00 |  0.000000E+00 |  0.0022116467 |             f
   915 |    36600 |     40 |  0.000000E+00 |  0.000000E+00 |  0.0037758134 |             f
   916 |    36640 |     40 |  0.000000E+00 |  0.000000E+00 |  0.0008949892 |             f
   917 |    36680 |     40 |  0.000000E+00 |  0.000000E+00 |  0.0047229544 |             f
   918 |    36720 |     40 |  0.000000E+00 |  0.000000E+00 |  0.0016527570 |             f
   919 |    36760 |     40 |  0.000000E+00 |  0.000000E+00 |  0.0021279667 |             f
   920 |    36800 |     40 |  0.000000E+00 |  0.000000E+00 |  0.0054002110 |             f
   921 |    36840 |     40 |  0.000000E+00 |  0.000000E+00 |  0.0028183374 |             f
   922 |    36880 |     40 |  0.000000E+00 |  0.000000E+00 |  0.0004092577 |             f
   923 |    36920 |     40 |  0.000000E+00 |  0.000000E+00 |  0.0037997939 |             f
   924 |    36960 |     40 |  0.000000E+00 |  0.000000E+00 |  0.0044844663 |             f
   925 |    37000 |     40 |  0.000000E+00 |  0.000000E+00 |  0.0034532263 |             f
   926 |    37040 |     40 |  0.000000E+00 |  0.000000E+00 |  0.0034406165 |             f
   927 |    37080 |     40 |  0.000000E+00 |  0.000000E+00 |  0.0035264899 |             f
   928 |    37120 |     40 |  0.000000E+00 |  0.000000E+00 |  0.0021173311 |             f
   929 |    37160 |     40 |  0.000000E+00 |  0.000000E+00 |  0.0036329354 |             f
   930 |    37200 |     40 |  0.000000E+00 |  0.000000E+00 |  0.0022519671 |             f
   931 |    37240 |     40 |  0.000000E+00 |  0.000000E+00 |  0.0034139917 |             f
   932 |    37280 |     40 |  0.000000E+00 |  0.000000E+00 |  0.0009126145 |             f
   933 |    37320 |     40 |  0.000000E+00 |  0.000000E+00 |  0.0048334671 |             f
   934 |    37360 |     40 |  0.000000E+00 |  0.000000E+00 |  0.0027183662 |             f
   935 |    37400 |     40 |  0.000000E+00 |  0.000000E+00 |  0.0024094892 |             f
   936 |    37440 |     40 |  0.000000E+00 |  0.000000E+00 |  0.0041152904 |             f
   937 |    37480 |     40 |  0.000000E+00 |  0.000000E+00 |  0.0032397233 |             f
   938 |    37520 |     40 |  0.000000E+00 |  0.000000E+00 |  0.0032043291 |             f
   939 |    37560 |     40 |  0.000000E+00 |  0.000000E+00 |  0.0024290433 |             f
   940 |    37600 |     40 |  0.000000E+00 |  0.000000E+00 |  0.0040754095 |             f
   941 |    37640 |     40 |  0.000000E+00 |  0.000000E+00 |  0.0032160929 |             f
   942 |    37680 |     40 |  0.000000E+00 |  0.000000E+00 |  0.0033688730 |             f
   943 |    37720 |     40 |  0.000000E+00 |  0.000000E+00 |  0.0034413442 |             f
   944 |    37760 |     40 |  0.000000E+00 |  0.000000E+00 |  0.0019693837 |             f
   945 |    37800 |     40 |  0.000000E+00 |  0.000000E+00 |  0.0045056543 |             f
   946 |    37840 |     40 |  0.000000E+00 |  0.000000E+00 |  0.0027540443 |             f
   947 |    37880 |     40 |  0.000000E+00 |  0.000000E+00 |  0.0014154411 |             f
   948 |    37920 |     40 |  0.000000E+00 |  0.000000E+00 |  0.0016883351 |             f
   949 |    37960 |     40 |  0.000000E+00 |  0.000000E+00 |  0.0038005879 |             f
   950 |    38000 |     40 |  0.000000E+00 |  0.000000E+00 |  0.0049836905 |             f
   951 |    38040 |     40 |  0.000000E+00 |  0.000000E+00 |  0.0027803855 |             f
   952 |    38080 |     40 |  0.000000E+00 |  0.000000E+00 |  0.0036971895 |             f
   953 |    38120 |     40 |  0.000000E+00 |  0.000000E+00 |  0.0018363988 |             f
   954 |    38160 |     40 |  0.000000E+00 |  0.000000E+00 |  0.0047403744 |             f
   955 |    38200 |     40 |  0.000000E+00 |  0.000000E+00 |  0.0033758491 |             f
   956 |    38240 |     40 |  0.000000E+00 |  0.000000E+00 |  0.0046776803 |             f
   957 |    38280 |     40 |  0.000000E+00 |  0.000000E+00 |  0.0017303339 |             f
   958 |    38320 |     40 |  0.000000E+00 |  0.000000E+00 |  0.0055653042 |             f
   959 |    38360 |     40 |  0.000000E+00 |  0.000000E+00 |  0.0026399863 |             f
   960 |    38400 |     40 |  0.000000E+00 |  0.000000E+00 |  0.0016171551 |             f
   961 |    38440 |     40 |  0.000000E+00 |  0.000000E+00 |  0.0041778167 |             f
   962 |    38480 |     40 |  0.000000E+00 |  0.000000E+00 |  0.0052464278 |             f
   963 |    38520 |     40 |  0.000000E+00 |  0.000000E+00 |  0.0020595096 |             f
   964 |    38560 |     40 |  0.000000E+00 |  0.000000E+00 |  0.0035832159 |             f
   965 |    38600 |     40 |  0.000000E+00 |  0.000000E+00 |  0.0041322038 |             f
   966 |    38640 |     40 |  0.000000E+00 |  0.000000E+00 |  0.0017907420 |             f
   967 |    38680 |     40 |  0.000000E+00 |  0.000000E+00 |  0.0037048821 |             f
   968 |    38720 |     40 |  0.000000E+00 |  0.000000E+00 |  0.0025337714 |             f
   969 |    38760 |     40 |  0.000000E+00 |  0.000000E+00 |  0.0031871985 |             f
   970 |    38800 |     40 |  0.000000E+00 |  0.000000E+00 |  0.0014498318 |             f
   971 |    38840 |     40 |  0.000000E+00 |  0.000000E+00 |  0.0030832229 |             f
   972 |    38880 |     40 |  0.000000E+00 |  0.000000E+00 |  0.0010370205 |             f
   973 |    38920 |     40 |  0.000000E+00 |  0.000000E+00 |  0.0047198421 |             f
   974 |    38960 |     40 |  0.000000E+00 |  0.000000E+00 |  0.0016421146 |             f
   975 |    39000 |     40 |  0.000000E+00 |  0.000000E+00 |  0.0040336228 |             f
   976 |    39040 |     40 |  0.000000E+00 |  0.000000E+00 |  0.0024901860 |             f
   977 |    39080 |     40 |  0.000000E+00 |  0.000000E+00 |  0.0053899549 |             f
   978 |    39120 |     40 |  0.000000E+00 |  0.000000E+00 |  0.0024237871 |             f
   979 |    39160 |     40 |  0.000000E+00 |  0.000000E+00 |  0.0047044139 |             f
   980 |    39200 |     40 |  0.000000E+00 |  0.000000E+00 |  0.0024651414 |             f
   981 |    39240 |     40 |  0.000000E+00 |  0.000000E+00 |  0.0054088586 |             f
   982 |    39280 |     40 |  0.000000E+00 |  0.000000E+00 |  0.0024249666 |             f
   983 |    39320 |     40 |  0.000000E+00 |  0.000000E+00 |  0.0040309236 |             f
   984 |    39360 |     40 |  0.000000E+00 |  0.000000E+00 |  0.0041459436 |             f
   985 |    39400 |     40 |  0.000000E+00 |  0.000000E+00 |  0.0036128550 |             f
   986 |    39440 |     40 |  0.000000E+00 |  0.000000E+00 |  0.0020579955 |             f
   987 |    39480 |     40 |  0.000000E+00 |  0.000000E+00 |  0.0029156325 |             f
   988 |    39520 |     40 |  0.000000E+00 |  0.000000E+00 |  0.0040824986 |             f
   989 |    39560 |     40 |  0.000000E+00 |  0.000000E+00 |  0.0007386552 |             f
   990 |    39600 |     40 |  0.000000E+00 |  0.000000E+00 |  0.0033657216 |             f
   991 |    39640 |     40 |  0.000000E+00 |  0.000000E+00 |  0.0022485260 |             f
   992 |    39680 |     40 |  0.000000E+00 |  0.000000E+00 |  0.0046702766 |             f
   993 |    39720 |     40 |  0.000000E+00 |  0.000000E+00 |  0.0022573384 |             f
   994 |    39760 |     40 |  0.000000E+00 |  0.000000E+00 |  0.0030837066 |             f
   995 |    39800 |     40 |  0.000000E+00 |  0.000000E+00 |  0.0020782174 |             f
   996 |    39840 |     40 |  0.000000E+00 |  0.000000E+00 |  0.0040395993 |             f
   997 |    39880 |     40 |  0.000000E+00 |  0.000000E+00 |  0.0012186589 |             f
   998 |    39920 |     40 |  0.000000E+00 |  0.000000E+00 |  0.0035566300 |             f
   999 |    39960 |     40 |  0.000000E+00 |  0.000000E+00 |  0.0011243861 |             f
  1000 |    40000 |     40 |  0.000000E+00 |  0.000000E+00 |  0.0021951143 |             f
mean B0=45.1128 homogen=1793.7714
mean B0=45.1128 homogen=1793.7714
mean B0=69.362 homogen=159754.0733
mean B0=49.9076 homogen=8904.2508
mean B0=51.9035 homogen=22490.4868
mean B0=46.665 homogen=3333.3179
mean B0=68.0304 homogen=147719.9398
mean B0=62.7475 homogen=83934.8576
mean B0=65.2033 homogen=113510.6615
mean B0=53.9429 homogen=26063.3825
mean B0=60.1455 homogen=59634.8684
mean B0=61.8469 homogen=73893.9256
mean B0=64.37 homogen=105813.8585
mean B0=45.1615 homogen=1493.765
mean B0=63.6504 homogen=94592.5337
mean B0=57.4318 homogen=41318.836
mean B0=66.1645 homogen=122804.711
mean B0=67.0563 homogen=132957.217
mean B0=56.0444 homogen=30032.8292
mean B0=58.3996 homogen=48794.1882
mean B0=49.3167 homogen=14738.5761
mean B0=54.5881 homogen=28163.9651
mean B0=58.771 homogen=44221.8773
mean B0=47.9646 homogen=5399.5583
mean B0=64.4531 homogen=106270.9257
mean B0=53.0661 homogen=26508.5939
mean B0=61.0299 homogen=65741.1672
mean B0=52.3979 homogen=20713.6736
mean B0=63.0997 homogen=94317.588
mean B0=67.4195 homogen=137716.33
mean B0=60.8822 homogen=64650.0065
mean B0=47.5002 homogen=4238.6983
mean B0=65.741 homogen=118287.4353
mean B0=49.3167 homogen=14738.5761
mean B0=59.577 homogen=53168.2278
mean B0=66.427 homogen=129275.1551
mean B0=62.2735 homogen=78641.1817
mean B0=59.617 homogen=53424.1832
mean B0=67.4195 homogen=137716.33
mean B0=68.5811 homogen=151442.5765
  1001 |    40040 |     40 |  0.000000E+00 |  0.000000E+00 |  0.0032546641 |             f
  1002 |    40080 |     40 |  0.000000E+00 |  0.000000E+00 |  0.0031667860 |             f
  1003 |    40120 |     40 |  0.000000E+00 |  0.000000E+00 |  0.0046292004 |             f
  1004 |    40160 |     40 |  0.000000E+00 |  0.000000E+00 |  0.0022534112 |             f
  1005 |    40200 |     40 |  0.000000E+00 |  0.000000E+00 |  0.0046219927 |             f
  1006 |    40240 |     40 |  0.000000E+00 |  0.000000E+00 |  0.0027658692 |             f
  1007 |    40280 |     40 |  0.000000E+00 |  0.000000E+00 |  0.0031849391 |             f
  1008 |    40320 |     40 |  0.000000E+00 |  0.000000E+00 |  0.0018061089 |             f
  1009 |    40360 |     40 |  0.000000E+00 |  0.000000E+00 |  0.0053888841 |             f
  1010 |    40400 |     40 |  0.000000E+00 |  0.000000E+00 |  0.0026737194 |             f
  1011 |    40440 |     40 |  0.000000E+00 |  0.000000E+00 |  0.0025323067 |             f
  1012 |    40480 |     40 |  0.000000E+00 |  0.000000E+00 |  0.0026644124 |             f
  1013 |    40520 |     40 |  0.000000E+00 |  0.000000E+00 |  0.0032147053 |             f
  1014 |    40560 |     40 |  0.000000E+00 |  0.000000E+00 |  0.0014279643 |             f
  1015 |    40600 |     40 |  0.000000E+00 |  0.000000E+00 |  0.0040637895 |             f
  1016 |    40640 |     40 |  0.000000E+00 |  0.000000E+00 |  0.0017703581 |             f
  1017 |    40680 |     40 |  0.000000E+00 |  0.000000E+00 |  0.0031615550 |             f
  1018 |    40720 |     40 |  0.000000E+00 |  0.000000E+00 |  0.0042417884 |             f
  1019 |    40760 |     40 |  0.000000E+00 |  0.000000E+00 |  0.0030370267 |             f
  1020 |    40800 |     40 |  0.000000E+00 |  0.000000E+00 |  0.0028204444 |             f
  1021 |    40840 |     40 |  0.000000E+00 |  0.000000E+00 |  0.0023504192 |             f
  1022 |    40880 |     40 |  0.000000E+00 |  0.000000E+00 |  0.0039038723 |             f
  1023 |    40920 |     40 |  0.000000E+00 |  0.000000E+00 |  0.0030004072 |             f
  1024 |    40960 |     40 |  0.000000E+00 |  0.000000E+00 |  0.0010436002 |             f
  1025 |    41000 |     40 |  0.000000E+00 |  0.000000E+00 |  0.0041521642 |             f
  1026 |    41040 |     40 |  0.000000E+00 |  0.000000E+00 |  0.0013074026 |             f
  1027 |    41080 |     40 |  0.000000E+00 |  0.000000E+00 |  0.0033099184 |             f
  1028 |    41120 |     40 |  0.000000E+00 |  0.000000E+00 |  0.0022551590 |             f
  1029 |    41160 |     40 |  0.000000E+00 |  0.000000E+00 |  0.0033965895 |             f
  1030 |    41200 |     40 |  0.000000E+00 |  0.000000E+00 |  0.0023554921 |             f
  1031 |    41240 |     40 |  0.000000E+00 |  0.000000E+00 |  0.0039703162 |             f
  1032 |    41280 |     40 |  0.000000E+00 |  0.000000E+00 |  0.0014281874 |             f
  1033 |    41320 |     40 |  0.000000E+00 |  0.000000E+00 |  0.0048274442 |             f
  1034 |    41360 |     40 |  0.000000E+00 |  0.000000E+00 |  0.0021700721 |             f
  1035 |    41400 |     40 |  0.000000E+00 |  0.000000E+00 |  0.0034778091 |             f
  1036 |    41440 |     40 |  0.000000E+00 |  0.000000E+00 |  0.0035955499 |             f
  1037 |    41480 |     40 |  0.000000E+00 |  0.000000E+00 |  0.0017371640 |             f
  1038 |    41520 |     40 |  0.000000E+00 |  0.000000E+00 |  0.0051759889 |             f
  1039 |    41560 |     40 |  0.000000E+00 |  0.000000E+00 |  0.0036818839 |             f
  1040 |    41600 |     40 |  0.000000E+00 |  0.000000E+00 |  0.0019377260 |             f
  1041 |    41640 |     40 |  0.000000E+00 |  0.000000E+00 |  0.0035652106 |             f
  1042 |    41680 |     40 |  0.000000E+00 |  0.000000E+00 |  0.0022037618 |             f
  1043 |    41720 |     40 |  0.000000E+00 |  0.000000E+00 |  0.0036314265 |             f
  1044 |    41760 |     40 |  0.000000E+00 |  0.000000E+00 |  0.0024877577 |             f
  1045 |    41800 |     40 |  0.000000E+00 |  0.000000E+00 |  0.0055310412 |             f
  1046 |    41840 |     40 |  0.000000E+00 |  0.000000E+00 |  0.0017086583 |             f
  1047 |    41880 |     40 |  0.000000E+00 |  0.000000E+00 |  0.0038881258 |             f
  1048 |    41920 |     40 |  0.000000E+00 |  0.000000E+00 |  0.0023877875 |             f
  1049 |    41960 |     40 |  0.000000E+00 |  0.000000E+00 |  0.0043582045 |             f
  1050 |    42000 |     40 |  0.000000E+00 |  0.000000E+00 |  0.0019539881 |             f
  1051 |    42040 |     40 |  0.000000E+00 |  0.000000E+00 |  0.0036715250 |             f
  1052 |    42080 |     40 |  0.000000E+00 |  0.000000E+00 |  0.0026960718 |             f
  1053 |    42120 |     40 |  0.000000E+00 |  0.000000E+00 |  0.0029754607 |             f
  1054 |    42160 |     40 |  0.000000E+00 |  0.000000E+00 |  0.0018878512 |             f
  1055 |    42200 |     40 |  0.000000E+00 |  0.000000E+00 |  0.0046537861 |             f
  1056 |    42240 |     40 |  0.000000E+00 |  0.000000E+00 |  0.0026441987 |             f
  1057 |    42280 |     40 |  0.000000E+00 |  0.000000E+00 |  0.0021187736 |             f
  1058 |    42320 |     40 |  0.000000E+00 |  0.000000E+00 |  0.0053330832 |             f
  1059 |    42360 |     40 |  0.000000E+00 |  0.000000E+00 |  0.0017084219 |             f
  1060 |    42400 |     40 |  0.000000E+00 |  0.000000E+00 |  0.0039298802 |             f
  1061 |    42440 |     40 |  0.000000E+00 |  0.000000E+00 |  0.0022383398 |             f
  1062 |    42480 |     40 |  0.000000E+00 |  0.000000E+00 |  0.0036495452 |             f
  1063 |    42520 |     40 |  0.000000E+00 |  0.000000E+00 |  0.0028434178 |             f
  1064 |    42560 |     40 |  0.000000E+00 |  0.000000E+00 |  0.0015796942 |             f
  1065 |    42600 |     40 |  0.000000E+00 |  0.000000E+00 |  0.0031611723 |             f
  1066 |    42640 |     40 |  0.000000E+00 |  0.000000E+00 |  0.0025382520 |             f
  1067 |    42680 |     40 |  0.000000E+00 |  0.000000E+00 |  0.0025647201 |             f
  1068 |    42720 |     40 |  0.000000E+00 |  0.000000E+00 |  0.0016448448 |             f
  1069 |    42760 |     40 |  0.000000E+00 |  0.000000E+00 |  0.0044796957 |             f
  1070 |    42800 |     40 |  0.000000E+00 |  0.000000E+00 |  0.0016908058 |             f
  1071 |    42840 |     40 |  0.000000E+00 |  0.000000E+00 |  0.0035814184 |             f
  1072 |    42880 |     40 |  0.000000E+00 |  0.000000E+00 |  0.0023077096 |             f
  1073 |    42920 |     40 |  0.000000E+00 |  0.000000E+00 |  0.0040010910 |             f
  1074 |    42960 |     40 |  0.000000E+00 |  0.000000E+00 |  0.0035552806 |             f
  1075 |    43000 |     40 |  0.000000E+00 |  0.000000E+00 |  0.0014735556 |             f
  1076 |    43040 |     40 |  0.000000E+00 |  0.000000E+00 |  0.0042351415 |             f
  1077 |    43080 |     40 |  0.000000E+00 |  0.000000E+00 |  0.0014126023 |             f
  1078 |    43120 |     40 |  0.000000E+00 |  0.000000E+00 |  0.0018351677 |             f
  1079 |    43160 |     40 |  0.000000E+00 |  0.000000E+00 |  0.0038674283 |             f
  1080 |    43200 |     40 |  0.000000E+00 |  0.000000E+00 |  0.0027519634 |             f
  1081 |    43240 |     40 |  0.000000E+00 |  0.000000E+00 |  0.0036089131 |             f
  1082 |    43280 |     40 |  0.000000E+00 |  0.000000E+00 |  0.0018295469 |             f
  1083 |    43320 |     40 |  0.000000E+00 |  0.000000E+00 |  0.0037547637 |             f
  1084 |    43360 |     40 |  0.000000E+00 |  0.000000E+00 |  0.0034397848 |             f
  1085 |    43400 |     40 |  0.000000E+00 |  0.000000E+00 |  0.0007722388 |             f
  1086 |    43440 |     40 |  0.000000E+00 |  0.000000E+00 |  0.0020293581 |             f
  1087 |    43480 |     40 |  0.000000E+00 |  0.000000E+00 |  0.0053193794 |             f
  1088 |    43520 |     40 |  0.000000E+00 |  0.000000E+00 |  0.0030941862 |             f
  1089 |    43560 |     40 |  0.000000E+00 |  0.000000E+00 |  0.0012550647 |             f
  1090 |    43600 |     40 |  0.000000E+00 |  0.000000E+00 |  0.0036710729 |             f
  1091 |    43640 |     40 |  0.000000E+00 |  0.000000E+00 |  0.0023173920 |             f
  1092 |    43680 |     40 |  0.000000E+00 |  0.000000E+00 |  0.0036571628 |             f
  1093 |    43720 |     40 |  0.000000E+00 |  0.000000E+00 |  0.0027022769 |             f
  1094 |    43760 |     40 |  0.000000E+00 |  0.000000E+00 |  0.0036199804 |             f
  1095 |    43800 |     40 |  0.000000E+00 |  0.000000E+00 |  0.0019238109 |             f
  1096 |    43840 |     40 |  0.000000E+00 |  0.000000E+00 |  0.0047021661 |             f
  1097 |    43880 |     40 |  0.000000E+00 |  0.000000E+00 |  0.0034326675 |             f
  1098 |    43920 |     40 |  0.000000E+00 |  0.000000E+00 |  0.0019298162 |             f
  1099 |    43960 |     40 |  0.000000E+00 |  0.000000E+00 |  0.0023430185 |             f
  1100 |    44000 |     40 |  0.000000E+00 |  0.000000E+00 |  0.0063092871 |             f
mean B0=69.3621 homogen=159754.4257
mean B0=45.0936 homogen=1837.7822
mean B0=45.0936 homogen=1837.7822
mean B0=52.8244 homogen=28319.5495
mean B0=56.7223 homogen=41219.1682
mean B0=55.3274 homogen=37365.5727
mean B0=62.2594 homogen=80107.0029
mean B0=53.6721 homogen=19705.4399
mean B0=64.2029 homogen=101586.927
mean B0=50.6596 homogen=20506.9841
mean B0=65.2421 homogen=113086.7292
mean B0=66.4589 homogen=128134.4934
mean B0=47.6691 homogen=4769.3833
mean B0=58.896 homogen=45129.3929
mean B0=46.2858 homogen=3928.8265
mean B0=61.1054 homogen=68011.8659
mean B0=65.9287 homogen=120787.9087
mean B0=62.6753 homogen=84931.0936
mean B0=57.3905 homogen=47814.7319
mean B0=67.9754 homogen=143624.7316
mean B0=68.4582 homogen=150962.1432
mean B0=64.6019 homogen=111203.0694
mean B0=54.7147 homogen=26178.0733
mean B0=49.2956 homogen=7484.1949
mean B0=51.7256 homogen=25415.843
mean B0=67.1628 homogen=134324.3976
mean B0=59.7174 homogen=52727.6415
mean B0=63.1584 homogen=88836.7664
mean B0=61.5611 homogen=70957.1236
mean B0=67.0723 homogen=133335.5085
mean B0=45.3301 homogen=3051.2243
mean B0=52.0422 homogen=25931.8108
mean B0=67.7653 homogen=141337.3644
mean B0=48.6251 homogen=10473.5495
mean B0=49.9705 homogen=9940.0371
mean B0=59.951 homogen=54946.0675
mean B0=66.1237 homogen=122416.2287
mean B0=63.7678 homogen=98204.4086
mean B0=58.1386 homogen=40372.1774
mean B0=53.9528 homogen=20753.2812
  1101 |    44040 |     40 |  0.000000E+00 |  0.000000E+00 |  0.0009381174 |             f
  1102 |    44080 |     40 |  0.000000E+00 |  0.000000E+00 |  0.0033590744 |             f
  1103 |    44120 |     40 |  0.000000E+00 |  0.000000E+00 |  0.0025292082 |             f
  1104 |    44160 |     40 |  0.000000E+00 |  0.000000E+00 |  0.0020436797 |             f
  1105 |    44200 |     40 |  0.000000E+00 |  0.000000E+00 |  0.0035052720 |             f
  1106 |    44240 |     40 |  0.000000E+00 |  0.000000E+00 |  0.0014302502 |             f
  1107 |    44280 |     40 |  0.000000E+00 |  0.000000E+00 |  0.0034337517 |             f
  1108 |    44320 |     40 |  0.000000E+00 |  0.000000E+00 |  0.0018644964 |             f
  1109 |    44360 |     40 |  0.000000E+00 |  0.000000E+00 |  0.0040345555 |             f
  1110 |    44400 |     40 |  0.000000E+00 |  0.000000E+00 |  0.0025871001 |             f
  1111 |    44440 |     40 |  0.000000E+00 |  0.000000E+00 |  0.0022443241 |             f
  1112 |    44480 |     40 |  0.000000E+00 |  0.000000E+00 |  0.0049112263 |             f
  1113 |    44520 |     40 |  0.000000E+00 |  0.000000E+00 |  0.0034336449 |             f
  1114 |    44560 |     40 |  0.000000E+00 |  0.000000E+00 |  0.0006465775 |             f
  1115 |    44600 |     40 |  0.000000E+00 |  0.000000E+00 |  0.0033584099 |             f
  1116 |    44640 |     40 |  0.000000E+00 |  0.000000E+00 |  0.0022071602 |             f
  1117 |    44680 |     40 |  0.000000E+00 |  0.000000E+00 |  0.0060469150 |             f
  1118 |    44720 |     40 |  0.000000E+00 |  0.000000E+00 |  0.0026031675 |             f
  1119 |    44760 |     40 |  0.000000E+00 |  0.000000E+00 |  0.0029130402 |             f
  1120 |    44800 |     40 |  0.000000E+00 |  0.000000E+00 |  0.0006007204 |             f
  1121 |    44840 |     40 |  0.000000E+00 |  0.000000E+00 |  0.0032532676 |             f
  1122 |    44880 |     40 |  0.000000E+00 |  0.000000E+00 |  0.0033792183 |             f
  1123 |    44920 |     40 |  0.000000E+00 |  0.000000E+00 |  0.0020457635 |             f
  1124 |    44960 |     40 |  0.000000E+00 |  0.000000E+00 |  0.0028309075 |             f
  1125 |    45000 |     40 |  0.000000E+00 |  0.000000E+00 |  0.0010898718 |             f
  1126 |    45040 |     40 |  0.000000E+00 |  0.000000E+00 |  0.0037836241 |             f
  1127 |    45080 |     40 |  0.000000E+00 |  0.000000E+00 |  0.0022351666 |             f
  1128 |    45120 |     40 |  0.000000E+00 |  0.000000E+00 |  0.0050252450 |             f
  1129 |    45160 |     40 |  0.000000E+00 |  0.000000E+00 |  0.0017209922 |             f
  1130 |    45200 |     40 |  0.000000E+00 |  0.000000E+00 |  0.0034439477 |             f
  1131 |    45240 |     40 |  0.000000E+00 |  0.000000E+00 |  0.0010828293 |             f
  1132 |    45280 |     40 |  0.000000E+00 |  0.000000E+00 |  0.0034075424 |             f
  1133 |    45320 |     40 |  0.000000E+00 |  0.000000E+00 |  0.0036387881 |             f
  1134 |    45360 |     40 |  0.000000E+00 |  0.000000E+00 |  0.0022974742 |             f
  1135 |    45400 |     40 |  0.000000E+00 |  0.000000E+00 |  0.0030237939 |             f
  1136 |    45440 |     40 |  0.000000E+00 |  0.000000E+00 |  0.0039929739 |             f
  1137 |    45480 |     40 |  0.000000E+00 |  0.000000E+00 |  0.0036828706 |             f
  1138 |    45520 |     40 |  0.000000E+00 |  0.000000E+00 |  0.0023321182 |             f
  1139 |    45560 |     40 |  0.000000E+00 |  0.000000E+00 |  0.0040246657 |             f
  1140 |    45600 |     40 |  0.000000E+00 |  0.000000E+00 |  0.0031406812 |             f
  1141 |    45640 |     40 |  0.000000E+00 |  0.000000E+00 |  0.0045357042 |             f
  1142 |    45680 |     40 |  0.000000E+00 |  0.000000E+00 |  0.0025844582 |             f
  1143 |    45720 |     40 |  0.000000E+00 |  0.000000E+00 |  0.0030772392 |             f
  1144 |    45760 |     40 |  0.000000E+00 |  0.000000E+00 |  0.0052639556 |             f
  1145 |    45800 |     40 |  0.000000E+00 |  0.000000E+00 |  0.0019028927 |             f
  1146 |    45840 |     40 |  0.000000E+00 |  0.000000E+00 |  0.0041700662 |             f
  1147 |    45880 |     40 |  0.000000E+00 |  0.000000E+00 |  0.0023978611 |             f
  1148 |    45920 |     40 |  0.000000E+00 |  0.000000E+00 |  0.0044544613 |             f
  1149 |    45960 |     40 |  0.000000E+00 |  0.000000E+00 |  0.0026642504 |             f
  1150 |    46000 |     40 |  0.000000E+00 |  0.000000E+00 |  0.0029144036 |             f
  1151 |    46040 |     40 |  0.000000E+00 |  0.000000E+00 |  0.0042663221 |             f
  1152 |    46080 |     40 |  0.000000E+00 |  0.000000E+00 |  0.0012312454 |             f
  1153 |    46120 |     40 |  0.000000E+00 |  0.000000E+00 |  0.0062284809 |             f
  1154 |    46160 |     40 |  0.000000E+00 |  0.000000E+00 |  0.0007220037 |             f
  1155 |    46200 |     40 |  0.000000E+00 |  0.000000E+00 |  0.0019514515 |             f
  1156 |    46240 |     40 |  0.000000E+00 |  0.000000E+00 |  0.0044844152 |             f
  1157 |    46280 |     40 |  0.000000E+00 |  0.000000E+00 |  0.0015874853 |             f
  1158 |    46320 |     40 |  0.000000E+00 |  0.000000E+00 |  0.0027669880 |             f
  1159 |    46360 |     40 |  0.000000E+00 |  0.000000E+00 |  0.0003868677 |             f
  1160 |    46400 |     40 |  0.000000E+00 |  0.000000E+00 |  0.0030581384 |             f
  1161 |    46440 |     40 |  0.000000E+00 |  0.000000E+00 |  0.0036359376 |             f
  1162 |    46480 |     40 |  0.000000E+00 |  0.000000E+00 |  0.0026505842 |             f
  1163 |    46520 |     40 |  0.000000E+00 |  0.000000E+00 |  0.0028366655 |             f
  1164 |    46560 |     40 |  0.000000E+00 |  0.000000E+00 |  0.0023897611 |             f
  1165 |    46600 |     40 |  0.000000E+00 |  0.000000E+00 |  0.0027417018 |             f
  1166 |    46640 |     40 |  0.000000E+00 |  0.000000E+00 |  0.0029751198 |             f
  1167 |    46680 |     40 |  0.000000E+00 |  0.000000E+00 |  0.0028598277 |             f
  1168 |    46720 |     40 |  0.000000E+00 |  0.000000E+00 |  0.0028440817 |             f
  1169 |    46760 |     40 |  0.000000E+00 |  0.000000E+00 |  0.0009605623 |             f
  1170 |    46800 |     40 |  0.000000E+00 |  0.000000E+00 |  0.0035471664 |             f
  1171 |    46840 |     40 |  0.000000E+00 |  0.000000E+00 |  0.0012087627 |             f
  1172 |    46880 |     40 |  0.000000E+00 |  0.000000E+00 |  0.0034999775 |             f
  1173 |    46920 |     40 |  0.000000E+00 |  0.000000E+00 |  0.0030639163 |             f
  1174 |    46960 |     40 |  0.000000E+00 |  0.000000E+00 |  0.0047791298 |             f
  1175 |    47000 |     40 |  0.000000E+00 |  0.000000E+00 |  0.0033884321 |             f
  1176 |    47040 |     40 |  0.000000E+00 |  0.000000E+00 |  0.0027962781 |             f
  1177 |    47080 |     40 |  0.000000E+00 |  0.000000E+00 |  0.0025371135 |             f
  1178 |    47120 |     40 |  0.000000E+00 |  0.000000E+00 |  0.0017667008 |             f
  1179 |    47160 |     40 |  0.000000E+00 |  0.000000E+00 |  0.0043104535 |             f
  1180 |    47200 |     40 |  0.000000E+00 |  0.000000E+00 |  0.0031140531 |             f
  1181 |    47240 |     40 |  0.000000E+00 |  0.000000E+00 |  0.0010939828 |             f
  1182 |    47280 |     40 |  0.000000E+00 |  0.000000E+00 |  0.0036439475 |             f
  1183 |    47320 |     40 |  0.000000E+00 |  0.000000E+00 |  0.0034663347 |             f
  1184 |    47360 |     40 |  0.000000E+00 |  0.000000E+00 |  0.0033912404 |             f
  1185 |    47400 |     40 |  0.000000E+00 |  0.000000E+00 |  0.0012205279 |             f
  1186 |    47440 |     40 |  0.000000E+00 |  0.000000E+00 |  0.0041560250 |             f
  1187 |    47480 |     40 |  0.000000E+00 |  0.000000E+00 |  0.0026408464 |             f
  1188 |    47520 |     40 |  0.000000E+00 |  0.000000E+00 |  0.0051450258 |             f
  1189 |    47560 |     40 |  0.000000E+00 |  0.000000E+00 |  0.0028393962 |             f
  1190 |    47600 |     40 |  0.000000E+00 |  0.000000E+00 |  0.0025259352 |             f
  1191 |    47640 |     40 |  0.000000E+00 |  0.000000E+00 |  0.0027074770 |             f
  1192 |    47680 |     40 |  0.000000E+00 |  0.000000E+00 |  0.0019028714 |             f
  1193 |    47720 |     40 |  0.000000E+00 |  0.000000E+00 |  0.0033373165 |             f
  1194 |    47760 |     40 |  0.000000E+00 |  0.000000E+00 |  0.0037553738 |             f
  1195 |    47800 |     40 |  0.000000E+00 |  0.000000E+00 |  0.0028712274 |             f
  1196 |    47840 |     40 |  0.000000E+00 |  0.000000E+00 |  0.0030064678 |             f
  1197 |    47880 |     40 |  0.000000E+00 |  0.000000E+00 |  0.0012328842 |             f
  1198 |    47920 |     40 |  0.000000E+00 |  0.000000E+00 |  0.0051288927 |             f
  1199 |    47960 |     40 |  0.000000E+00 |  0.000000E+00 |  0.0016475848 |             f
  1200 |    48000 |     40 |  0.000000E+00 |  0.000000E+00 |  0.0029454445 |             f
mean B0=45.0937 homogen=1837.9972
mean B0=69.3621 homogen=159753.9468
mean B0=45.0937 homogen=1837.9972
mean B0=65.5601 homogen=117519.008
mean B0=67.3172 homogen=136390.9377
mean B0=47.8391 homogen=7225.7262
mean B0=58.1319 homogen=40100.6814
mean B0=49.0283 homogen=8782.9505
mean B0=60.0121 homogen=55661.115
mean B0=54.0009 homogen=37339.774
mean B0=46.6211 homogen=3220.7291
mean B0=57.3718 homogen=35848.2397
mean B0=56.4283 homogen=37147.2635
mean B0=51.2185 homogen=18097.8952
mean B0=62.4742 homogen=80863.5556
mean B0=68.6706 homogen=153539.475
mean B0=60.7978 homogen=62719.1752
mean B0=53.3773 homogen=31475.779
mean B0=61.7132 homogen=74687.3593
mean B0=54.7991 homogen=23942.3451
mean B0=52.3681 homogen=22104.4334
mean B0=52.329 homogen=21762.0614
mean B0=63.0195 homogen=91808.9177
mean B0=67.8475 homogen=146235.8032
mean B0=67.4434 homogen=137840.3419
mean B0=64.7808 homogen=109410.3861
mean B0=54.7579 homogen=23772.2856
mean B0=64.9521 homogen=111002.6765
mean B0=65.4291 homogen=116009.8792
mean B0=53.5279 homogen=31893.5025
mean B0=50.0419 homogen=16165.2973
mean B0=56.7954 homogen=38998.6629
mean B0=64.303 homogen=103148.5157
mean B0=45.6987 homogen=4819.9695
mean B0=64.2009 homogen=102349.5844
mean B0=61.7132 homogen=74687.331
mean B0=68.2317 homogen=148361.9124
mean B0=60.5846 homogen=62632.9044
mean B0=45.9936 homogen=4177.2477
mean B0=69.1341 homogen=157545.7517
  1201 |    48040 |     40 |  0.000000E+00 |  0.000000E+00 |  0.0043825623 |             f
  1202 |    48080 |     40 |  0.000000E+00 |  0.000000E+00 |  0.0017915799 |             f
  1203 |    48120 |     40 |  0.000000E+00 |  0.000000E+00 |  0.0022163735 |             f
  1204 |    48160 |     40 |  0.000000E+00 |  0.000000E+00 |  0.0052625688 |             f
  1205 |    48200 |     40 |  0.000000E+00 |  0.000000E+00 |  0.0043479853 |             f
  1206 |    48240 |     40 |  0.000000E+00 |  0.000000E+00 |  0.0021562416 |             f
  1207 |    48280 |     40 |  0.000000E+00 |  0.000000E+00 |  0.0030881868 |             f
  1208 |    48320 |     40 |  0.000000E+00 |  0.000000E+00 |  0.0030750784 |             f
  1209 |    48360 |     40 |  0.000000E+00 |  0.000000E+00 |  0.0022429013 |             f
  1210 |    48400 |     40 |  0.000000E+00 |  0.000000E+00 |  0.0051826192 |             f
  1211 |    48440 |     40 |  0.000000E+00 |  0.000000E+00 |  0.0033282627 |             f
  1212 |    48480 |     40 |  0.000000E+00 |  0.000000E+00 |  0.0030317070 |             f
  1213 |    48520 |     40 |  0.000000E+00 |  0.000000E+00 |  0.0016594874 |             f
  1214 |    48560 |     40 |  0.000000E+00 |  0.000000E+00 |  0.0031119624 |             f
  1215 |    48600 |     40 |  0.000000E+00 |  0.000000E+00 |  0.0037164729 |             f
  1216 |    48640 |     40 |  0.000000E+00 |  0.000000E+00 |  0.0027441664 |             f
  1217 |    48680 |     40 |  0.000000E+00 |  0.000000E+00 |  0.0026327138 |             f
  1218 |    48720 |     40 |  0.000000E+00 |  0.000000E+00 |  0.0022795632 |             f
  1219 |    48760 |     40 |  0.000000E+00 |  0.000000E+00 |  0.0048131777 |             f
  1220 |    48800 |     40 |  0.000000E+00 |  0.000000E+00 |  0.0056678197 |             f
  1221 |    48840 |     40 |  0.000000E+00 |  0.000000E+00 |  0.0020024562 |             f
  1222 |    48880 |     40 |  0.000000E+00 |  0.000000E+00 |  0.0051119675 |             f
  1223 |    48920 |     40 |  0.000000E+00 |  0.000000E+00 |  0.0035382869 |             f
  1224 |    48960 |     40 |  0.000000E+00 |  0.000000E+00 |  0.0043430569 |             f
  1225 |    49000 |     40 |  0.000000E+00 |  0.000000E+00 |  0.0020862357 |             f
  1226 |    49040 |     40 |  0.000000E+00 |  0.000000E+00 |  0.0046944295 |             f
  1227 |    49080 |     40 |  0.000000E+00 |  0.000000E+00 |  0.0033419837 |             f
  1228 |    49120 |     40 |  0.000000E+00 |  0.000000E+00 |  0.0037652464 |             f
  1229 |    49160 |     40 |  0.000000E+00 |  0.000000E+00 |  0.0020150881 |             f
  1230 |    49200 |     40 |  0.000000E+00 |  0.000000E+00 |  0.0029510089 |             f
  1231 |    49240 |     40 |  0.000000E+00 |  0.000000E+00 |  0.0015588277 |             f
  1232 |    49280 |     40 |  0.000000E+00 |  0.000000E+00 |  0.0030632381 |             f
  1233 |    49320 |     40 |  0.000000E+00 |  0.000000E+00 |  0.0016617491 |             f
  1234 |    49360 |     40 |  0.000000E+00 |  0.000000E+00 |  0.0036354349 |             f
  1235 |    49400 |     40 |  0.000000E+00 |  0.000000E+00 |  0.0035127145 |             f
  1236 |    49440 |     40 |  0.000000E+00 |  0.000000E+00 |  0.0029548537 |             f
  1237 |    49480 |     40 |  0.000000E+00 |  0.000000E+00 |  0.0031635309 |             f
  1238 |    49520 |     40 |  0.000000E+00 |  0.000000E+00 |  0.0023218727 |             f
  1239 |    49560 |     40 |  0.000000E+00 |  0.000000E+00 |  0.0039660705 |             f
  1240 |    49600 |     40 |  0.000000E+00 |  0.000000E+00 |  0.0026821947 |             f
  1241 |    49640 |     40 |  0.000000E+00 |  0.000000E+00 |  0.0037348898 |             f
  1242 |    49680 |     40 |  0.000000E+00 |  0.000000E+00 |  0.0014971035 |             f
  1243 |    49720 |     40 |  0.000000E+00 |  0.000000E+00 |  0.0061054443 |             f
  1244 |    49760 |     40 |  0.000000E+00 |  0.000000E+00 |  0.0019652292 |             f
  1245 |    49800 |     40 |  0.000000E+00 |  0.000000E+00 |  0.0047576458 |             f
  1246 |    49840 |     40 |  0.000000E+00 |  0.000000E+00 |  0.0021308497 |             f
  1247 |    49880 |     40 |  0.000000E+00 |  0.000000E+00 |  0.0044210592 |             f
  1248 |    49920 |     40 |  0.000000E+00 |  0.000000E+00 |  0.0027857989 |             f
  1249 |    49960 |     40 |  0.000000E+00 |  0.000000E+00 |  0.0032425459 |             f
  1250 |    50000 |     40 |  0.000000E+00 |  0.000000E+00 |  0.0025384287 |             f
  1251 |    50040 |     40 |  0.000000E+00 |  0.000000E+00 |  0.0017658651 |             f
  1252 |    50080 |     40 |  0.000000E+00 |  0.000000E+00 |  0.0030744505 |             f
  1253 |    50120 |     40 |  0.000000E+00 |  0.000000E+00 |  0.0014491690 |             f
  1254 |    50160 |     40 |  0.000000E+00 |  0.000000E+00 |  0.0038228331 |             f
  1255 |    50200 |     40 |  0.000000E+00 |  0.000000E+00 |  0.0019066657 |             f
  1256 |    50240 |     40 |  0.000000E+00 |  0.000000E+00 |  0.0039927036 |             f
  1257 |    50280 |     40 |  0.000000E+00 |  0.000000E+00 |  0.0017462051 |             f
  1258 |    50320 |     40 |  0.000000E+00 |  0.000000E+00 |  0.0026595357 |             f
  1259 |    50360 |     40 |  0.000000E+00 |  0.000000E+00 |  0.0031099745 |             f
  1260 |    50400 |     40 |  0.000000E+00 |  0.000000E+00 |  0.0014287703 |             f
  1261 |    50440 |     40 |  0.000000E+00 |  0.000000E+00 |  0.0029982196 |             f
  1262 |    50480 |     40 |  0.000000E+00 |  0.000000E+00 |  0.0018665506 |             f
  1263 |    50520 |     40 |  0.000000E+00 |  0.000000E+00 |  0.0053629382 |             f
  1264 |    50560 |     40 |  0.000000E+00 |  0.000000E+00 |  0.0018716238 |             f
  1265 |    50600 |     40 |  0.000000E+00 |  0.000000E+00 |  0.0032819644 |             f
  1266 |    50640 |     40 |  0.000000E+00 |  0.000000E+00 |  0.0039578486 |             f
  1267 |    50680 |     40 |  0.000000E+00 |  0.000000E+00 |  0.0020238454 |             f
  1268 |    50720 |     40 |  0.000000E+00 |  0.000000E+00 |  0.0055290099 |             f
  1269 |    50760 |     40 |  0.000000E+00 |  0.000000E+00 |  0.0017851755 |             f
  1270 |    50800 |     40 |  0.000000E+00 |  0.000000E+00 |  0.0042252134 |             f
  1271 |    50840 |     40 |  0.000000E+00 |  0.000000E+00 |  0.0024429801 |             f
  1272 |    50880 |     40 |  0.000000E+00 |  0.000000E+00 |  0.0040966859 |             f
  1273 |    50920 |     40 |  0.000000E+00 |  0.000000E+00 |  0.0041205682 |             f
  1274 |    50960 |     40 |  0.000000E+00 |  0.000000E+00 |  0.0023178235 |             f
  1275 |    51000 |     40 |  0.000000E+00 |  0.000000E+00 |  0.0045756242 |             f
  1276 |    51040 |     40 |  0.000000E+00 |  0.000000E+00 |  0.0025276959 |             f
  1277 |    51080 |     40 |  0.000000E+00 |  0.000000E+00 |  0.0019072365 |             f
  1278 |    51120 |     40 |  0.000000E+00 |  0.000000E+00 |  0.0031106478 |             f
  1279 |    51160 |     40 |  0.000000E+00 |  0.000000E+00 |  0.0011399850 |             f
  1280 |    51200 |     40 |  0.000000E+00 |  0.000000E+00 |  0.0033633143 |             f
  1281 |    51240 |     40 |  0.000000E+00 |  0.000000E+00 |  0.0015680417 |             f
  1282 |    51280 |     40 |  0.000000E+00 |  0.000000E+00 |  0.0041128056 |             f
  1283 |    51320 |     40 |  0.000000E+00 |  0.000000E+00 |  0.0022415916 |             f
  1284 |    51360 |     40 |  0.000000E+00 |  0.000000E+00 |  0.0023156741 |             f
  1285 |    51400 |     40 |  0.000000E+00 |  0.000000E+00 |  0.0047630607 |             f
  1286 |    51440 |     40 |  0.000000E+00 |  0.000000E+00 |  0.0019597968 |             f
  1287 |    51480 |     40 |  0.000000E+00 |  0.000000E+00 |  0.0036116874 |             f
  1288 |    51520 |     40 |  0.000000E+00 |  0.000000E+00 |  0.0020698668 |             f
  1289 |    51560 |     40 |  0.000000E+00 |  0.000000E+00 |  0.0050454533 |             f
  1290 |    51600 |     40 |  0.000000E+00 |  0.000000E+00 |  0.0017606200 |             f
  1291 |    51640 |     40 |  0.000000E+00 |  0.000000E+00 |  0.0037418719 |             f
  1292 |    51680 |     40 |  0.000000E+00 |  0.000000E+00 |  0.0031907490 |             f
  1293 |    51720 |     40 |  0.000000E+00 |  0.000000E+00 |  0.0035995510 |             f
  1294 |    51760 |     40 |  0.000000E+00 |  0.000000E+00 |  0.0020756905 |             f
  1295 |    51800 |     40 |  0.000000E+00 |  0.000000E+00 |  0.0030151600 |             f
  1296 |    51840 |     40 |  0.000000E+00 |  0.000000E+00 |  0.0026022517 |             f
  1297 |    51880 |     40 |  0.000000E+00 |  0.000000E+00 |  0.0022027759 |             f
  1298 |    51920 |     40 |  0.000000E+00 |  0.000000E+00 |  0.0042100098 |             f
  1299 |    51960 |     40 |  0.000000E+00 |  0.000000E+00 |  0.0012870007 |             f
  1300 |    52000 |     40 |  0.000000E+00 |  0.000000E+00 |  0.0027529556 |             f
mean B0=45.0937 homogen=1839.0376
mean B0=69.3622 homogen=159755.3077
mean B0=45.0937 homogen=1839.0376
mean B0=66.9074 homogen=131220.4639
mean B0=61.6 homogen=73628.1938
mean B0=65.9958 homogen=123181.4782
mean B0=56.1613 homogen=42222.6689
mean B0=57.2191 homogen=49071.1318
mean B0=50.2376 homogen=19264.9696
mean B0=64.314 homogen=104629.4722
mean B0=51.3442 homogen=17979.0422
mean B0=65.4264 homogen=115203.1167
mean B0=54.6476 homogen=27016.6116
mean B0=60.6277 homogen=61749.4976
mean B0=67.7519 homogen=142978.4661
mean B0=47.1259 homogen=4141.2529
mean B0=62.5003 homogen=82294.4561
mean B0=48.0689 homogen=9373.1934
mean B0=52.0008 homogen=21923.968
mean B0=53.5381 homogen=35454.3931
mean B0=52.8669 homogen=23820.0344
mean B0=59.498 homogen=50669.0423
mean B0=64.8173 homogen=110283.6254
mean B0=60.1556 homogen=56155.522
mean B0=63.3066 homogen=92335.4379
mean B0=63.0027 homogen=86881.7865
mean B0=68.287 homogen=149786.5756
mean B0=63.8724 homogen=96644.9557
mean B0=46.3805 homogen=5781.8967
mean B0=55.1163 homogen=28396.3944
mean B0=46.0032 homogen=3596.7294
mean B0=67.7545 homogen=142992.46
mean B0=68.287 homogen=149786.4344
mean B0=58.019 homogen=42364.2419
mean B0=59.0543 homogen=47736.3781
mean B0=65.0101 homogen=111833.8765
mean B0=49.6131 homogen=13672.5537
mean B0=48.7445 homogen=12935.0914
mean B0=49.6131 homogen=13672.6966
mean B0=62.6489 homogen=83176.1187
  1301 |    52040 |     40 |  0.000000E+00 |  0.000000E+00 |  0.0026616906 |             f
  1302 |    52080 |     40 |  0.000000E+00 |  0.000000E+00 |  0.0029067059 |             f
  1303 |    52120 |     40 |  0.000000E+00 |  0.000000E+00 |  0.0010705170 |             f
  1304 |    52160 |     40 |  0.000000E+00 |  0.000000E+00 |  0.0027585845 |             f
  1305 |    52200 |     40 |  0.000000E+00 |  0.000000E+00 |  0.0046219648 |             f
  1306 |    52240 |     40 |  0.000000E+00 |  0.000000E+00 |  0.0028115718 |             f
  1307 |    52280 |     40 |  0.000000E+00 |  0.000000E+00 |  0.0016301019 |             f
  1308 |    52320 |     40 |  0.000000E+00 |  0.000000E+00 |  0.0029366088 |             f
  1309 |    52360 |     40 |  0.000000E+00 |  0.000000E+00 |  0.0025464661 |             f
  1310 |    52400 |     40 |  0.000000E+00 |  0.000000E+00 |  0.0013484849 |             f
  1311 |    52440 |     40 |  0.000000E+00 |  0.000000E+00 |  0.0032267758 |             f
  1312 |    52480 |     40 |  0.000000E+00 |  0.000000E+00 |  0.0036999781 |             f
  1313 |    52520 |     40 |  0.000000E+00 |  0.000000E+00 |  0.0059724145 |             f
  1314 |    52560 |     40 |  0.000000E+00 |  0.000000E+00 |  0.0023070832 |             f
  1315 |    52600 |     40 |  0.000000E+00 |  0.000000E+00 |  0.0036637751 |             f
  1316 |    52640 |     40 |  0.000000E+00 |  0.000000E+00 |  0.0008380963 |             f
  1317 |    52680 |     40 |  0.000000E+00 |  0.000000E+00 |  0.0035829917 |             f
  1318 |    52720 |     40 |  0.000000E+00 |  0.000000E+00 |  0.0012512343 |             f
  1319 |    52760 |     40 |  0.000000E+00 |  0.000000E+00 |  0.0023321376 |             f
  1320 |    52800 |     40 |  0.000000E+00 |  0.000000E+00 |  0.0047238719 |             f
  1321 |    52840 |     40 |  0.000000E+00 |  0.000000E+00 |  0.0027308733 |             f
  1322 |    52880 |     40 |  0.000000E+00 |  0.000000E+00 |  0.0034991507 |             f
  1323 |    52920 |     40 |  0.000000E+00 |  0.000000E+00 |  0.0029061444 |             f
  1324 |    52960 |     40 |  0.000000E+00 |  0.000000E+00 |  0.0030536603 |             f
  1325 |    53000 |     40 |  0.000000E+00 |  0.000000E+00 |  0.0020521535 |             f
  1326 |    53040 |     40 |  0.000000E+00 |  0.000000E+00 |  0.0037019994 |             f
  1327 |    53080 |     40 |  0.000000E+00 |  0.000000E+00 |  0.0033175251 |             f
  1328 |    53120 |     40 |  0.000000E+00 |  0.000000E+00 |  0.0021799833 |             f
  1329 |    53160 |     40 |  0.000000E+00 |  0.000000E+00 |  0.0026562302 |             f
  1330 |    53200 |     40 |  0.000000E+00 |  0.000000E+00 |  0.0031326421 |             f
  1331 |    53240 |     40 |  0.000000E+00 |  0.000000E+00 |  0.0011894349 |             f
  1332 |    53280 |     40 |  0.000000E+00 |  0.000000E+00 |  0.0038312579 |             f
  1333 |    53320 |     40 |  0.000000E+00 |  0.000000E+00 |  0.0013616239 |             f
  1334 |    53360 |     40 |  0.000000E+00 |  0.000000E+00 |  0.0040348738 |             f
  1335 |    53400 |     40 |  0.000000E+00 |  0.000000E+00 |  0.0020542416 |             f
  1336 |    53440 |     40 |  0.000000E+00 |  0.000000E+00 |  0.0044954311 |             f
  1337 |    53480 |     40 |  0.000000E+00 |  0.000000E+00 |  0.0032253046 |             f
  1338 |    53520 |     40 |  0.000000E+00 |  0.000000E+00 |  0.0018811627 |             f
  1339 |    53560 |     40 |  0.000000E+00 |  0.000000E+00 |  0.0037390419 |             f
  1340 |    53600 |     40 |  0.000000E+00 |  0.000000E+00 |  0.0026370700 |             f
  1341 |    53640 |     40 |  0.000000E+00 |  0.000000E+00 |  0.0033033336 |             f
  1342 |    53680 |     40 |  0.000000E+00 |  0.000000E+00 |  0.0039309047 |             f
  1343 |    53720 |     40 |  0.000000E+00 |  0.000000E+00 |  0.0013242814 |             f
  1344 |    53760 |     40 |  0.000000E+00 |  0.000000E+00 |  0.0033846705 |             f
  1345 |    53800 |     40 |  0.000000E+00 |  0.000000E+00 |  0.0017275559 |             f
  1346 |    53840 |     40 |  0.000000E+00 |  0.000000E+00 |  0.0037637733 |             f
  1347 |    53880 |     40 |  0.000000E+00 |  0.000000E+00 |  0.0018033881 |             f
  1348 |    53920 |     40 |  0.000000E+00 |  0.000000E+00 |  0.0036426480 |             f
  1349 |    53960 |     40 |  0.000000E+00 |  0.000000E+00 |  0.0016978540 |             f
  1350 |    54000 |     40 |  0.000000E+00 |  0.000000E+00 |  0.0028777743 |             f
  1351 |    54040 |     40 |  0.000000E+00 |  0.000000E+00 |  0.0029562797 |             f
  1352 |    54080 |     40 |  0.000000E+00 |  0.000000E+00 |  0.0037693998 |             f
  1353 |    54120 |     40 |  0.000000E+00 |  0.000000E+00 |  0.0028809416 |             f
  1354 |    54160 |     40 |  0.000000E+00 |  0.000000E+00 |  0.0024742166 |             f
  1355 |    54200 |     40 |  0.000000E+00 |  0.000000E+00 |  0.0037433770 |             f
  1356 |    54240 |     40 |  0.000000E+00 |  0.000000E+00 |  0.0009578906 |             f
  1357 |    54280 |     40 |  0.000000E+00 |  0.000000E+00 |  0.0035618099 |             f
  1358 |    54320 |     40 |  0.000000E+00 |  0.000000E+00 |  0.0039091033 |             f
  1359 |    54360 |     40 |  0.000000E+00 |  0.000000E+00 |  0.0014250655 |             f
  1360 |    54400 |     40 |  0.000000E+00 |  0.000000E+00 |  0.0042958114 |             f
  1361 |    54440 |     40 |  0.000000E+00 |  0.000000E+00 |  0.0007565783 |             f
  1362 |    54480 |     40 |  0.000000E+00 |  0.000000E+00 |  0.0048553634 |             f
  1363 |    54520 |     40 |  0.000000E+00 |  0.000000E+00 |  0.0030068575 |             f
  1364 |    54560 |     40 |  0.000000E+00 |  0.000000E+00 |  0.0008630574 |             f
  1365 |    54600 |     40 |  0.000000E+00 |  0.000000E+00 |  0.0035570554 |             f
  1366 |    54640 |     40 |  0.000000E+00 |  0.000000E+00 |  0.0014571794 |             f
  1367 |    54680 |     40 |  0.000000E+00 |  0.000000E+00 |  0.0046165509 |             f
  1368 |    54720 |     40 |  0.000000E+00 |  0.000000E+00 |  0.0026195051 |             f
  1369 |    54760 |     40 |  0.000000E+00 |  0.000000E+00 |  0.0047558509 |             f
  1370 |    54800 |     40 |  0.000000E+00 |  0.000000E+00 |  0.0017920331 |             f
  1371 |    54840 |     40 |  0.000000E+00 |  0.000000E+00 |  0.0038965054 |             f
  1372 |    54880 |     40 |  0.000000E+00 |  0.000000E+00 |  0.0007539247 |             f
  1373 |    54920 |     40 |  0.000000E+00 |  0.000000E+00 |  0.0026527810 |             f
  1374 |    54960 |     40 |  0.000000E+00 |  0.000000E+00 |  0.0023296784 |             f
  1375 |    55000 |     40 |  0.000000E+00 |  0.000000E+00 |  0.0051283323 |             f
  1376 |    55040 |     40 |  0.000000E+00 |  0.000000E+00 |  0.0039060257 |             f
  1377 |    55080 |     40 |  0.000000E+00 |  0.000000E+00 |  0.0034293643 |             f
  1378 |    55120 |     40 |  0.000000E+00 |  0.000000E+00 |  0.0022009301 |             f
  1379 |    55160 |     40 |  0.000000E+00 |  0.000000E+00 |  0.0023222370 |             f
  1380 |    55200 |     40 |  0.000000E+00 |  0.000000E+00 |  0.0051365604 |             f
  1381 |    55240 |     40 |  0.000000E+00 |  0.000000E+00 |  0.0049047874 |             f
  1382 |    55280 |     40 |  0.000000E+00 |  0.000000E+00 |  0.0022965273 |             f
  1383 |    55320 |     40 |  0.000000E+00 |  0.000000E+00 |  0.0035832514 |             f
  1384 |    55360 |     40 |  0.000000E+00 |  0.000000E+00 |  0.0022684161 |             f
  1385 |    55400 |     40 |  0.000000E+00 |  0.000000E+00 |  0.0039309493 |             f
  1386 |    55440 |     40 |  0.000000E+00 |  0.000000E+00 |  0.0034574111 |             f
  1387 |    55480 |     40 |  0.000000E+00 |  0.000000E+00 |  0.0060273212 |             f
  1388 |    55520 |     40 |  0.000000E+00 |  0.000000E+00 |  0.0032755547 |             f
  1389 |    55560 |     40 |  0.000000E+00 |  0.000000E+00 |  0.0027697498 |             f
  1390 |    55600 |     40 |  0.000000E+00 |  0.000000E+00 |  0.0006763884 |             f
  1391 |    55640 |     40 |  0.000000E+00 |  0.000000E+00 |  0.0033007886 |             f
  1392 |    55680 |     40 |  0.000000E+00 |  0.000000E+00 |  0.0033502267 |             f
  1393 |    55720 |     40 |  0.000000E+00 |  0.000000E+00 |  0.0019416420 |             f
  1394 |    55760 |     40 |  0.000000E+00 |  0.000000E+00 |  0.0053521176 |             f
  1395 |    55800 |     40 |  0.000000E+00 |  0.000000E+00 |  0.0028618359 |             f
  1396 |    55840 |     40 |  0.000000E+00 |  0.000000E+00 |  0.0021626251 |             f
  1397 |    55880 |     40 |  0.000000E+00 |  0.000000E+00 |  0.0044311354 |             f
  1398 |    55920 |     40 |  0.000000E+00 |  0.000000E+00 |  0.0014044786 |             f
  1399 |    55960 |     40 |  0.000000E+00 |  0.000000E+00 |  0.0035915941 |             f
  1400 |    56000 |     40 |  0.000000E+00 |  0.000000E+00 |  0.0043142343 |             f
mean B0=45.0937 homogen=1839.0066
mean B0=69.3622 homogen=159755.0795
mean B0=69.3622 homogen=159755.0795
mean B0=45.0937 homogen=1839.0066
mean B0=47.9276 homogen=12283.7426
mean B0=45.7263 homogen=1746.0609
mean B0=66.4238 homogen=127380.1232
mean B0=67.2976 homogen=136631.1383
mean B0=52.5908 homogen=27380.686
mean B0=63.7389 homogen=95116.1293
mean B0=53.7975 homogen=29777.9599
mean B0=64.3371 homogen=107189.5803
mean B0=62.655 homogen=85956.4281
mean B0=54.1564 homogen=31278.8314
mean B0=62.0785 homogen=76610.7075
mean B0=67.6173 homogen=144761.4364
mean B0=56.2135 homogen=37771.9278
mean B0=68.3687 homogen=149527.2706
mean B0=60.7878 homogen=64177.7229
mean B0=54.8541 homogen=27400.9692
mean B0=59.8 homogen=55925.7455
mean B0=49.9844 homogen=13551.433
mean B0=48.9459 homogen=11738.864
mean B0=55.065 homogen=28988.0379
mean B0=58.0366 homogen=42163.2223
mean B0=61.6393 homogen=71694.3493
mean B0=65.8919 homogen=119522.6597
mean B0=65.8913 homogen=119520.4066
mean B0=65.2611 homogen=112705.945
mean B0=61.1379 homogen=66926.3506
mean B0=51.0875 homogen=15513.8103
mean B0=64.7166 homogen=108522.8405
mean B0=59.4294 homogen=49548.8916
mean B0=62.8521 homogen=88076.2852
mean B0=56.6258 homogen=34658.5026
mean B0=51.8721 homogen=21851.195
mean B0=68.8596 homogen=153901.5316
mean B0=63.3378 homogen=91470.6984
mean B0=56.6936 homogen=41909.8096
mean B0=50.3393 homogen=13254.4744
  1401 |    56040 |     40 |  0.000000E+00 |  0.000000E+00 |  0.0020393629 |             f
  1402 |    56080 |     40 |  0.000000E+00 |  0.000000E+00 |  0.0043186784 |             f
  1403 |    56120 |     40 |  0.000000E+00 |  0.000000E+00 |  0.0030424764 |             f
  1404 |    56160 |     40 |  0.000000E+00 |  0.000000E+00 |  0.0037059951 |             f
  1405 |    56200 |     40 |  0.000000E+00 |  0.000000E+00 |  0.0027187566 |             f
  1406 |    56240 |     40 |  0.000000E+00 |  0.000000E+00 |  0.0027892359 |             f
  1407 |    56280 |     40 |  0.000000E+00 |  0.000000E+00 |  0.0030560461 |             f
  1408 |    56320 |     40 |  0.000000E+00 |  0.000000E+00 |  0.0035722247 |             f
  1409 |    56360 |     40 |  0.000000E+00 |  0.000000E+00 |  0.0018020368 |             f
  1410 |    56400 |     40 |  0.000000E+00 |  0.000000E+00 |  0.0037300930 |             f
  1411 |    56440 |     40 |  0.000000E+00 |  0.000000E+00 |  0.0025984343 |             f
  1412 |    56480 |     40 |  0.000000E+00 |  0.000000E+00 |  0.0034675299 |             f
  1413 |    56520 |     40 |  0.000000E+00 |  0.000000E+00 |  0.0016621018 |             f
  1414 |    56560 |     40 |  0.000000E+00 |  0.000000E+00 |  0.0032401585 |             f
  1415 |    56600 |     40 |  0.000000E+00 |  0.000000E+00 |  0.0026961234 |             f
  1416 |    56640 |     40 |  0.000000E+00 |  0.000000E+00 |  0.0017697428 |             f
  1417 |    56680 |     40 |  0.000000E+00 |  0.000000E+00 |  0.0041449465 |             f
  1418 |    56720 |     40 |  0.000000E+00 |  0.000000E+00 |  0.0040907262 |             f
  1419 |    56760 |     40 |  0.000000E+00 |  0.000000E+00 |  0.0044853810 |             f
  1420 |    56800 |     40 |  0.000000E+00 |  0.000000E+00 |  0.0041341761 |             f
  1421 |    56840 |     40 |  0.000000E+00 |  0.000000E+00 |  0.0032268051 |             f
  1422 |    56880 |     40 |  0.000000E+00 |  0.000000E+00 |  0.0013104833 |             f
  1423 |    56920 |     40 |  0.000000E+00 |  0.000000E+00 |  0.0042050149 |             f
  1424 |    56960 |     40 |  0.000000E+00 |  0.000000E+00 |  0.0023758004 |             f
  1425 |    57000 |     40 |  0.000000E+00 |  0.000000E+00 |  0.0045299404 |             f
  1426 |    57040 |     40 |  0.000000E+00 |  0.000000E+00 |  0.0016597850 |             f
  1427 |    57080 |     40 |  0.000000E+00 |  0.000000E+00 |  0.0056691036 |             f
  1428 |    57120 |     40 |  0.000000E+00 |  0.000000E+00 |  0.0035614371 |             f
  1429 |    57160 |     40 |  0.000000E+00 |  0.000000E+00 |  0.0024096440 |             f
  1430 |    57200 |     40 |  0.000000E+00 |  0.000000E+00 |  0.0033410584 |             f
  1431 |    57240 |     40 |  0.000000E+00 |  0.000000E+00 |  0.0016074567 |             f
  1432 |    57280 |     40 |  0.000000E+00 |  0.000000E+00 |  0.0026279580 |             f
  1433 |    57320 |     40 |  0.000000E+00 |  0.000000E+00 |  0.0025675413 |             f
  1434 |    57360 |     40 |  0.000000E+00 |  0.000000E+00 |  0.0018668299 |             f
  1435 |    57400 |     40 |  0.000000E+00 |  0.000000E+00 |  0.0041929118 |             f
  1436 |    57440 |     40 |  0.000000E+00 |  0.000000E+00 |  0.0028443327 |             f
  1437 |    57480 |     40 |  0.000000E+00 |  0.000000E+00 |  0.0029943751 |             f
  1438 |    57520 |     40 |  0.000000E+00 |  0.000000E+00 |  0.0021805268 |             f
  1439 |    57560 |     40 |  0.000000E+00 |  0.000000E+00 |  0.0026073727 |             f
  1440 |    57600 |     40 |  0.000000E+00 |  0.000000E+00 |  0.0044378351 |             f
  1441 |    57640 |     40 |  0.000000E+00 |  0.000000E+00 |  0.0035605744 |             f
  1442 |    57680 |     40 |  0.000000E+00 |  0.000000E+00 |  0.0018506347 |             f
  1443 |    57720 |     40 |  0.000000E+00 |  0.000000E+00 |  0.0034151922 |             f
  1444 |    57760 |     40 |  0.000000E+00 |  0.000000E+00 |  0.0004715671 |             f
  1445 |    57800 |     40 |  0.000000E+00 |  0.000000E+00 |  0.0006250496 |             f
  1446 |    57840 |     40 |  0.000000E+00 |  0.000000E+00 |  0.0040626242 |             f
  1447 |    57880 |     40 |  0.000000E+00 |  0.000000E+00 |  0.0015754861 |             f
  1448 |    57920 |     40 |  0.000000E+00 |  0.000000E+00 |  0.0030804627 |             f
  1449 |    57960 |     40 |  0.000000E+00 |  0.000000E+00 |  0.0031565293 |             f
  1450 |    58000 |     40 |  0.000000E+00 |  0.000000E+00 |  0.0047448040 |             f
  1451 |    58040 |     40 |  0.000000E+00 |  0.000000E+00 |  0.0018513654 |             f
  1452 |    58080 |     40 |  0.000000E+00 |  0.000000E+00 |  0.0025754699 |             f
  1453 |    58120 |     40 |  0.000000E+00 |  0.000000E+00 |  0.0022962908 |             f
  1454 |    58160 |     40 |  0.000000E+00 |  0.000000E+00 |  0.0037669772 |             f
  1455 |    58200 |     40 |  0.000000E+00 |  0.000000E+00 |  0.0028268411 |             f
  1456 |    58240 |     40 |  0.000000E+00 |  0.000000E+00 |  0.0046394215 |             f
  1457 |    58280 |     40 |  0.000000E+00 |  0.000000E+00 |  0.0020616256 |             f
  1458 |    58320 |     40 |  0.000000E+00 |  0.000000E+00 |  0.0050247202 |             f
  1459 |    58360 |     40 |  0.000000E+00 |  0.000000E+00 |  0.0022482942 |             f
  1460 |    58400 |     40 |  0.000000E+00 |  0.000000E+00 |  0.0030132039 |             f
  1461 |    58440 |     40 |  0.000000E+00 |  0.000000E+00 |  0.0033892826 |             f
  1462 |    58480 |     40 |  0.000000E+00 |  0.000000E+00 |  0.0023701589 |             f
  1463 |    58520 |     40 |  0.000000E+00 |  0.000000E+00 |  0.0032297463 |             f
  1464 |    58560 |     40 |  0.000000E+00 |  0.000000E+00 |  0.0034047498 |             f
  1465 |    58600 |     40 |  0.000000E+00 |  0.000000E+00 |  0.0017668644 |             f
  1466 |    58640 |     40 |  0.000000E+00 |  0.000000E+00 |  0.0058823823 |             f
  1467 |    58680 |     40 |  0.000000E+00 |  0.000000E+00 |  0.0017582530 |             f
  1468 |    58720 |     40 |  0.000000E+00 |  0.000000E+00 |  0.0040817166 |             f
  1469 |    58760 |     40 |  0.000000E+00 |  0.000000E+00 |  0.0023917841 |             f
  1470 |    58800 |     40 |  0.000000E+00 |  0.000000E+00 |  0.0032517239 |             f
  1471 |    58840 |     40 |  0.000000E+00 |  0.000000E+00 |  0.0011816904 |             f
  1472 |    58880 |     40 |  0.000000E+00 |  0.000000E+00 |  0.0025472878 |             f
  1473 |    58920 |     40 |  0.000000E+00 |  0.000000E+00 |  0.0047156709 |             f
  1474 |    58960 |     40 |  0.000000E+00 |  0.000000E+00 |  0.0025418773 |             f
  1475 |    59000 |     40 |  0.000000E+00 |  0.000000E+00 |  0.0043037383 |             f
  1476 |    59040 |     40 |  0.000000E+00 |  0.000000E+00 |  0.0052127561 |             f
  1477 |    59080 |     40 |  0.000000E+00 |  0.000000E+00 |  0.0028806550 |             f
  1478 |    59120 |     40 |  0.000000E+00 |  0.000000E+00 |  0.0029475854 |             f
  1479 |    59160 |     40 |  0.000000E+00 |  0.000000E+00 |  0.0037700035 |             f
  1480 |    59200 |     40 |  0.000000E+00 |  0.000000E+00 |  0.0035436725 |             f
  1481 |    59240 |     40 |  0.000000E+00 |  0.000000E+00 |  0.0018302098 |             f
  1482 |    59280 |     40 |  0.000000E+00 |  0.000000E+00 |  0.0028053334 |             f
  1483 |    59320 |     40 |  0.000000E+00 |  0.000000E+00 |  0.0021256528 |             f
  1484 |    59360 |     40 |  0.000000E+00 |  0.000000E+00 |  0.0029725559 |             f
  1485 |    59400 |     40 |  0.000000E+00 |  0.000000E+00 |  0.0032870215 |             f
  1486 |    59440 |     40 |  0.000000E+00 |  0.000000E+00 |  0.0017323381 |             f
  1487 |    59480 |     40 |  0.000000E+00 |  0.000000E+00 |  0.0039273551 |             f
  1488 |    59520 |     40 |  0.000000E+00 |  0.000000E+00 |  0.0028685313 |             f
  1489 |    59560 |     40 |  0.000000E+00 |  0.000000E+00 |  0.0020465601 |             f
  1490 |    59600 |     40 |  0.000000E+00 |  0.000000E+00 |  0.0048957979 |             f
  1491 |    59640 |     40 |  0.000000E+00 |  0.000000E+00 |  0.0020256261 |             f
  1492 |    59680 |     40 |  0.000000E+00 |  0.000000E+00 |  0.0042496773 |             f
  1493 |    59720 |     40 |  0.000000E+00 |  0.000000E+00 |  0.0023376478 |             f
  1494 |    59760 |     40 |  0.000000E+00 |  0.000000E+00 |  0.0041771211 |             f
  1495 |    59800 |     40 |  0.000000E+00 |  0.000000E+00 |  0.0013633132 |             f
  1496 |    59840 |     40 |  0.000000E+00 |  0.000000E+00 |  0.0034008108 |             f
  1497 |    59880 |     40 |  0.000000E+00 |  0.000000E+00 |  0.0038755516 |             f
  1498 |    59920 |     40 |  0.000000E+00 |  0.000000E+00 |  0.0006960115 |             f
  1499 |    59960 |     40 |  0.000000E+00 |  0.000000E+00 |  0.0014304143 |             f
  1500 |    60000 |     40 |  0.000000E+00 |  0.000000E+00 |  0.0038179474 |             f
mean B0=69.3622 homogen=159755.0795
mean B0=45.0938 homogen=1836.3062
mean B0=69.3622 homogen=159755.0795
mean B0=45.0938 homogen=1836.3062
mean B0=47.0143 homogen=6034.1419
mean B0=65.4867 homogen=119333.0504
mean B0=57.494 homogen=37063.73
mean B0=56.2892 homogen=35424.5174
mean B0=68.2966 homogen=147344.8705
mean B0=63.0797 homogen=87632.5906
mean B0=65.9784 homogen=123951.7544
mean B0=48.0588 homogen=10616.2119
mean B0=64.8858 homogen=108157.2834
mean B0=66.7623 homogen=130478.4694
mean B0=45.3664 homogen=1165.3371
mean B0=60.281 homogen=57748.1226
mean B0=67.6673 homogen=144578.7564
mean B0=53.6037 homogen=25140.7691
mean B0=68.9549 homogen=156071.953
mean B0=49.006 homogen=12979.2822
mean B0=54.328 homogen=31316.8257
mean B0=51.8728 homogen=13894.8963
mean B0=63.9161 homogen=97573.7059
mean B0=54.5867 homogen=23528.2031
mean B0=49.6968 homogen=14893.7282
mean B0=61.1531 homogen=71709.7101
mean B0=58.526 homogen=43369.7652
mean B0=67.3179 homogen=135971.5152
mean B0=51.2705 homogen=17537.9974
mean B0=62.0542 homogen=76790.0212
mean B0=52.4938 homogen=18247.2384
mean B0=57.0006 homogen=41327.9531
mean B0=50.1971 homogen=9725.909
mean B0=64.5549 homogen=105154.2101
mean B0=62.5729 homogen=82365.5093
mean B0=60.9586 homogen=65111.7611
mean B0=50.0629 homogen=9410.0853
mean B0=54.5584 homogen=23426.6987
mean B0=67.2075 homogen=135043.2741
mean B0=63.6918 homogen=95056.0932
  1501 |    60040 |     40 |  0.000000E+00 |  0.000000E+00 |  0.0014264278 |             f
  1502 |    60080 |     40 |  0.000000E+00 |  0.000000E+00 |  0.0052685430 |             f
  1503 |    60120 |     40 |  0.000000E+00 |  0.000000E+00 |  0.0036642391 |             f
  1504 |    60160 |     40 |  0.000000E+00 |  0.000000E+00 |  0.0023332074 |             f
  1505 |    60200 |     40 |  0.000000E+00 |  0.000000E+00 |  0.0029991661 |             f
  1506 |    60240 |     40 |  0.000000E+00 |  0.000000E+00 |  0.0032386546 |             f
  1507 |    60280 |     40 |  0.000000E+00 |  0.000000E+00 |  0.0016712309 |             f
  1508 |    60320 |     40 |  0.000000E+00 |  0.000000E+00 |  0.0014198398 |             f
  1509 |    60360 |     40 |  0.000000E+00 |  0.000000E+00 |  0.0027153217 |             f
  1510 |    60400 |     40 |  0.000000E+00 |  0.000000E+00 |  0.0027294148 |             f
  1511 |    60440 |     40 |  0.000000E+00 |  0.000000E+00 |  0.0039114255 |             f
  1512 |    60480 |     40 |  0.000000E+00 |  0.000000E+00 |  0.0019683935 |             f
  1513 |    60520 |     40 |  0.000000E+00 |  0.000000E+00 |  0.0054882983 |             f
  1514 |    60560 |     40 |  0.000000E+00 |  0.000000E+00 |  0.0016294279 |             f
  1515 |    60600 |     40 |  0.000000E+00 |  0.000000E+00 |  0.0034296295 |             f
  1516 |    60640 |     40 |  0.000000E+00 |  0.000000E+00 |  0.0014251924 |             f
  1517 |    60680 |     40 |  0.000000E+00 |  0.000000E+00 |  0.0039219215 |             f
  1518 |    60720 |     40 |  0.000000E+00 |  0.000000E+00 |  0.0038851641 |             f
  1519 |    60760 |     40 |  0.000000E+00 |  0.000000E+00 |  0.0030113725 |             f
  1520 |    60800 |     40 |  0.000000E+00 |  0.000000E+00 |  0.0023282077 |             f
  1521 |    60840 |     40 |  0.000000E+00 |  0.000000E+00 |  0.0030097598 |             f
  1522 |    60880 |     40 |  0.000000E+00 |  0.000000E+00 |  0.0025341719 |             f
  1523 |    60920 |     40 |  0.000000E+00 |  0.000000E+00 |  0.0030539673 |             f
  1524 |    60960 |     40 |  0.000000E+00 |  0.000000E+00 |  0.0006837151 |             f
  1525 |    61000 |     40 |  0.000000E+00 |  0.000000E+00 |  0.0028226219 |             f
  1526 |    61040 |     40 |  0.000000E+00 |  0.000000E+00 |  0.0016561399 |             f
  1527 |    61080 |     40 |  0.000000E+00 |  0.000000E+00 |  0.0026152876 |             f
  1528 |    61120 |     40 |  0.000000E+00 |  0.000000E+00 |  0.0026246716 |             f
  1529 |    61160 |     40 |  0.000000E+00 |  0.000000E+00 |  0.0012733131 |             f
  1530 |    61200 |     40 |  0.000000E+00 |  0.000000E+00 |  0.0040162396 |             f
  1531 |    61240 |     40 |  0.000000E+00 |  0.000000E+00 |  0.0012480754 |             f
  1532 |    61280 |     40 |  0.000000E+00 |  0.000000E+00 |  0.0026804544 |             f
  1533 |    61320 |     40 |  0.000000E+00 |  0.000000E+00 |  0.0032388820 |             f
  1534 |    61360 |     40 |  0.000000E+00 |  0.000000E+00 |  0.0021571925 |             f
  1535 |    61400 |     40 |  0.000000E+00 |  0.000000E+00 |  0.0045550767 |             f
  1536 |    61440 |     40 |  0.000000E+00 |  0.000000E+00 |  0.0015191559 |             f
  1537 |    61480 |     40 |  0.000000E+00 |  0.000000E+00 |  0.0034217232 |             f
  1538 |    61520 |     40 |  0.000000E+00 |  0.000000E+00 |  0.0008471310 |             f
  1539 |    61560 |     40 |  0.000000E+00 |  0.000000E+00 |  0.0029309989 |             f
  1540 |    61600 |     40 |  0.000000E+00 |  0.000000E+00 |  0.0021046557 |             f
  1541 |    61640 |     40 |  0.000000E+00 |  0.000000E+00 |  0.0046752272 |             f
  1542 |    61680 |     40 |  0.000000E+00 |  0.000000E+00 |  0.0022776658 |             f
  1543 |    61720 |     40 |  0.000000E+00 |  0.000000E+00 |  0.0042020123 |             f
  1544 |    61760 |     40 |  0.000000E+00 |  0.000000E+00 |  0.0020940959 |             f
  1545 |    61800 |     40 |  0.000000E+00 |  0.000000E+00 |  0.0034476540 |             f
  1546 |    61840 |     40 |  0.000000E+00 |  0.000000E+00 |  0.0034952271 |             f
  1547 |    61880 |     40 |  0.000000E+00 |  0.000000E+00 |  0.0018497111 |             f
  1548 |    61920 |     40 |  0.000000E+00 |  0.000000E+00 |  0.0045554539 |             f
  1549 |    61960 |     40 |  0.000000E+00 |  0.000000E+00 |  0.0025638382 |             f
  1550 |    62000 |     40 |  0.000000E+00 |  0.000000E+00 |  0.0032149852 |             f
  1551 |    62040 |     40 |  0.000000E+00 |  0.000000E+00 |  0.0025132154 |             f
  1552 |    62080 |     40 |  0.000000E+00 |  0.000000E+00 |  0.0021083336 |             f
  1553 |    62120 |     40 |  0.000000E+00 |  0.000000E+00 |  0.0038037917 |             f
  1554 |    62160 |     40 |  0.000000E+00 |  0.000000E+00 |  0.0015442484 |             f
  1555 |    62200 |     40 |  0.000000E+00 |  0.000000E+00 |  0.0031109223 |             f
  1556 |    62240 |     40 |  0.000000E+00 |  0.000000E+00 |  0.0048678095 |             f
  1557 |    62280 |     40 |  0.000000E+00 |  0.000000E+00 |  0.0009314770 |             f
  1558 |    62320 |     40 |  0.000000E+00 |  0.000000E+00 |  0.0023848560 |             f
  1559 |    62360 |     40 |  0.000000E+00 |  0.000000E+00 |  0.0038561253 |             f
  1560 |    62400 |     40 |  0.000000E+00 |  0.000000E+00 |  0.0022386799 |             f
  1561 |    62440 |     40 |  0.000000E+00 |  0.000000E+00 |  0.0040037993 |             f
  1562 |    62480 |     40 |  0.000000E+00 |  0.000000E+00 |  0.0022576120 |             f
  1563 |    62520 |     40 |  0.000000E+00 |  0.000000E+00 |  0.0047938072 |             f
  1564 |    62560 |     40 |  0.000000E+00 |  0.000000E+00 |  0.0021543730 |             f
  1565 |    62600 |     40 |  0.000000E+00 |  0.000000E+00 |  0.0052632774 |             f
  1566 |    62640 |     40 |  0.000000E+00 |  0.000000E+00 |  0.0012645923 |             f
  1567 |    62680 |     40 |  0.000000E+00 |  0.000000E+00 |  0.0043609536 |             f
  1568 |    62720 |     40 |  0.000000E+00 |  0.000000E+00 |  0.0015246272 |             f
  1569 |    62760 |     40 |  0.000000E+00 |  0.000000E+00 |  0.0041847426 |             f
  1570 |    62800 |     40 |  0.000000E+00 |  0.000000E+00 |  0.0017204152 |             f
  1571 |    62840 |     40 |  0.000000E+00 |  0.000000E+00 |  0.0033062881 |             f
  1572 |    62880 |     40 |  0.000000E+00 |  0.000000E+00 |  0.0046822512 |             f
  1573 |    62920 |     40 |  0.000000E+00 |  0.000000E+00 |  0.0024060800 |             f
  1574 |    62960 |     40 |  0.000000E+00 |  0.000000E+00 |  0.0046594304 |             f
  1575 |    63000 |     40 |  0.000000E+00 |  0.000000E+00 |  0.0032419735 |             f
  1576 |    63040 |     40 |  0.000000E+00 |  0.000000E+00 |  0.0019933173 |             f
  1577 |    63080 |     40 |  0.000000E+00 |  0.000000E+00 |  0.0048961265 |             f
  1578 |    63120 |     40 |  0.000000E+00 |  0.000000E+00 |  0.0026165732 |             f
  1579 |    63160 |     40 |  0.000000E+00 |  0.000000E+00 |  0.0027467798 |             f
  1580 |    63200 |     40 |  0.000000E+00 |  0.000000E+00 |  0.0029951092 |             f
  1581 |    63240 |     40 |  0.000000E+00 |  0.000000E+00 |  0.0013920177 |             f
  1582 |    63280 |     40 |  0.000000E+00 |  0.000000E+00 |  0.0030631911 |             f
  1583 |    63320 |     40 |  0.000000E+00 |  0.000000E+00 |  0.0040977837 |             f
  1584 |    63360 |     40 |  0.000000E+00 |  0.000000E+00 |  0.0041341348 |             f
  1585 |    63400 |     40 |  0.000000E+00 |  0.000000E+00 |  0.0011294711 |             f
  1586 |    63440 |     40 |  0.000000E+00 |  0.000000E+00 |  0.0025859777 |             f
  1587 |    63480 |     40 |  0.000000E+00 |  0.000000E+00 |  0.0032003210 |             f
  1588 |    63520 |     40 |  0.000000E+00 |  0.000000E+00 |  0.0039492071 |             f
  1589 |    63560 |     40 |  0.000000E+00 |  0.000000E+00 |  0.0020828931 |             f
  1590 |    63600 |     40 |  0.000000E+00 |  0.000000E+00 |  0.0025412316 |             f
  1591 |    63640 |     40 |  0.000000E+00 |  0.000000E+00 |  0.0031248883 |             f
  1592 |    63680 |     40 |  0.000000E+00 |  0.000000E+00 |  0.0025204318 |             f
  1593 |    63720 |     40 |  0.000000E+00 |  0.000000E+00 |  0.0012743388 |             f
  1594 |    63760 |     40 |  0.000000E+00 |  0.000000E+00 |  0.0053271459 |             f
  1595 |    63800 |     40 |  0.000000E+00 |  0.000000E+00 |  0.0030465975 |             f
  1596 |    63840 |     40 |  0.000000E+00 |  0.000000E+00 |  0.0007593846 |             f
  1597 |    63880 |     40 |  0.000000E+00 |  0.000000E+00 |  0.0025168491 |             f
  1598 |    63920 |     40 |  0.000000E+00 |  0.000000E+00 |  0.0046017423 |             f
  1599 |    63960 |     40 |  0.000000E+00 |  0.000000E+00 |  0.0055556542 |             f
  1600 |    64000 |     40 |  0.000000E+00 |  0.000000E+00 |  0.0019507990 |             f
mean B0=45.0938 homogen=1836.3062
mean B0=69.3746 homogen=159845.938
mean B0=69.3746 homogen=159845.938
mean B0=45.0938 homogen=1836.3062
mean B0=63.1291 homogen=88204.9413
mean B0=51.4096 homogen=17316.1304
mean B0=62.621 homogen=82703.9778
mean B0=48.9539 homogen=9601.4942
mean B0=47.3442 homogen=10031.1148
mean B0=64.4466 homogen=107067.3545
mean B0=52.0917 homogen=16751.0521
mean B0=61.9109 homogen=74857.2894
mean B0=45.9473 homogen=3043.508
mean B0=53.661 homogen=30296.8625
mean B0=67.8921 homogen=145719.3072
mean B0=54.7489 homogen=34958.467
mean B0=50.3591 homogen=12944.4375
mean B0=46.7995 homogen=3700.6698
mean B0=61.2812 homogen=72283.368
mean B0=65.9187 homogen=121793.361
mean B0=53.3762 homogen=26006.232
mean B0=66.6497 homogen=131055.5009
mean B0=50.3591 homogen=12944.1533
mean B0=63.7634 homogen=98167.8137
mean B0=58.2271 homogen=40510.4051
mean B0=69.0088 homogen=155639.8403
mean B0=65.5094 homogen=115076.2442
mean B0=60.4167 homogen=61412.6669
mean B0=57.4319 homogen=46693.6651
mean B0=57.461 homogen=36362.3675
mean B0=63.7634 homogen=98167.8137
mean B0=67.2546 homogen=137502.1319
mean B0=60.3389 homogen=60583.7108
mean B0=59.6438 homogen=51360.8276
mean B0=48.6543 homogen=11489.1154
mean B0=56.6102 homogen=39515.3695
mean B0=67.2539 homogen=137499.5696
mean B0=55.5392 homogen=35786.776
mean B0=56.768 homogen=40246.096
mean B0=65.2525 homogen=112121.3825
  1601 |    64040 |     40 |  0.000000E+00 |  0.000000E+00 |  0.0053250395 |             f
  1602 |    64080 |     40 |  0.000000E+00 |  0.000000E+00 |  0.0036820255 |             f
  1603 |    64120 |     40 |  0.000000E+00 |  0.000000E+00 |  0.0017837360 |             f
  1604 |    64160 |     40 |  0.000000E+00 |  0.000000E+00 |  0.0041291189 |             f
  1605 |    64200 |     40 |  0.000000E+00 |  0.000000E+00 |  0.0009635476 |             f
  1606 |    64240 |     40 |  0.000000E+00 |  0.000000E+00 |  0.0025285947 |             f
  1607 |    64280 |     40 |  0.000000E+00 |  0.000000E+00 |  0.0032616613 |             f
  1608 |    64320 |     40 |  0.000000E+00 |  0.000000E+00 |  0.0029857950 |             f
  1609 |    64360 |     40 |  0.000000E+00 |  0.000000E+00 |  0.0028242367 |             f
  1610 |    64400 |     40 |  0.000000E+00 |  0.000000E+00 |  0.0001546961 |             f
  1611 |    64440 |     40 |  0.000000E+00 |  0.000000E+00 |  0.0041966437 |             f
  1612 |    64480 |     40 |  0.000000E+00 |  0.000000E+00 |  0.0014564249 |             f
  1613 |    64520 |     40 |  0.000000E+00 |  0.000000E+00 |  0.0048145130 |             f
  1614 |    64560 |     40 |  0.000000E+00 |  0.000000E+00 |  0.0030659286 |             f
  1615 |    64600 |     40 |  0.000000E+00 |  0.000000E+00 |  0.0015106495 |             f
  1616 |    64640 |     40 |  0.000000E+00 |  0.000000E+00 |  0.0028175384 |             f
  1617 |    64680 |     40 |  0.000000E+00 |  0.000000E+00 |  0.0009424222 |             f
  1618 |    64720 |     40 |  0.000000E+00 |  0.000000E+00 |  0.0016589831 |             f
  1619 |    64760 |     40 |  0.000000E+00 |  0.000000E+00 |  0.0035722951 |             f
  1620 |    64800 |     40 |  0.000000E+00 |  0.000000E+00 |  0.0034071452 |             f
  1621 |    64840 |     40 |  0.000000E+00 |  0.000000E+00 |  0.0025116046 |             f
  1622 |    64880 |     40 |  0.000000E+00 |  0.000000E+00 |  0.0028708915 |             f
  1623 |    64920 |     40 |  0.000000E+00 |  0.000000E+00 |  0.0023326178 |             f
  1624 |    64960 |     40 |  0.000000E+00 |  0.000000E+00 |  0.0052406870 |             f
  1625 |    65000 |     40 |  0.000000E+00 |  0.000000E+00 |  0.0030329083 |             f
  1626 |    65040 |     40 |  0.000000E+00 |  0.000000E+00 |  0.0021602581 |             f
  1627 |    65080 |     40 |  0.000000E+00 |  0.000000E+00 |  0.0026220771 |             f
  1628 |    65120 |     40 |  0.000000E+00 |  0.000000E+00 |  0.0016952933 |             f
  1629 |    65160 |     40 |  0.000000E+00 |  0.000000E+00 |  0.0048078242 |             f
  1630 |    65200 |     40 |  0.000000E+00 |  0.000000E+00 |  0.0023279937 |             f
  1631 |    65240 |     40 |  0.000000E+00 |  0.000000E+00 |  0.0032342913 |             f
  1632 |    65280 |     40 |  0.000000E+00 |  0.000000E+00 |  0.0011840483 |             f
  1633 |    65320 |     40 |  0.000000E+00 |  0.000000E+00 |  0.0031680528 |             f
  1634 |    65360 |     40 |  0.000000E+00 |  0.000000E+00 |  0.0018100670 |             f
  1635 |    65400 |     40 |  0.000000E+00 |  0.000000E+00 |  0.0031081318 |             f
  1636 |    65440 |     40 |  0.000000E+00 |  0.000000E+00 |  0.0032935220 |             f
  1637 |    65480 |     40 |  0.000000E+00 |  0.000000E+00 |  0.0030383120 |             f
  1638 |    65520 |     40 |  0.000000E+00 |  0.000000E+00 |  0.0027356345 |             f
  1639 |    65560 |     40 |  0.000000E+00 |  0.000000E+00 |  0.0025373423 |             f
  1640 |    65600 |     40 |  0.000000E+00 |  0.000000E+00 |  0.0021954326 |             f
  1641 |    65640 |     40 |  0.000000E+00 |  0.000000E+00 |  0.0042296925 |             f
  1642 |    65680 |     40 |  0.000000E+00 |  0.000000E+00 |  0.0016857610 |             f
  1643 |    65720 |     40 |  0.000000E+00 |  0.000000E+00 |  0.0036998571 |             f
  1644 |    65760 |     40 |  0.000000E+00 |  0.000000E+00 |  0.0028329328 |             f
  1645 |    65800 |     40 |  0.000000E+00 |  0.000000E+00 |  0.0022667358 |             f
  1646 |    65840 |     40 |  0.000000E+00 |  0.000000E+00 |  0.0026779066 |             f
  1647 |    65880 |     40 |  0.000000E+00 |  0.000000E+00 |  0.0026225919 |             f
  1648 |    65920 |     40 |  0.000000E+00 |  0.000000E+00 |  0.0014370509 |             f
  1649 |    65960 |     40 |  0.000000E+00 |  0.000000E+00 |  0.0030531953 |             f
  1650 |    66000 |     40 |  0.000000E+00 |  0.000000E+00 |  0.0029251329 |             f
  1651 |    66040 |     40 |  0.000000E+00 |  0.000000E+00 |  0.0017888105 |             f
  1652 |    66080 |     40 |  0.000000E+00 |  0.000000E+00 |  0.0057650412 |             f
  1653 |    66120 |     40 |  0.000000E+00 |  0.000000E+00 |  0.0020836994 |             f
  1654 |    66160 |     40 |  0.000000E+00 |  0.000000E+00 |  0.0043309674 |             f
  1655 |    66200 |     40 |  0.000000E+00 |  0.000000E+00 |  0.0024432218 |             f
  1656 |    66240 |     40 |  0.000000E+00 |  0.000000E+00 |  0.0036046371 |             f
  1657 |    66280 |     40 |  0.000000E+00 |  0.000000E+00 |  0.0019460906 |             f
  1658 |    66320 |     40 |  0.000000E+00 |  0.000000E+00 |  0.0023156138 |             f
  1659 |    66360 |     40 |  0.000000E+00 |  0.000000E+00 |  0.0044640310 |             f
  1660 |    66400 |     40 |  0.000000E+00 |  0.000000E+00 |  0.0025646689 |             f
  1661 |    66440 |     40 |  0.000000E+00 |  0.000000E+00 |  0.0025442843 |             f
  1662 |    66480 |     40 |  0.000000E+00 |  0.000000E+00 |  0.0016325923 |             f
  1663 |    66520 |     40 |  0.000000E+00 |  0.000000E+00 |  0.0034500918 |             f
  1664 |    66560 |     40 |  0.000000E+00 |  0.000000E+00 |  0.0026788512 |             f
  1665 |    66600 |     40 |  0.000000E+00 |  0.000000E+00 |  0.0039361017 |             f
  1666 |    66640 |     40 |  0.000000E+00 |  0.000000E+00 |  0.0026430881 |             f
  1667 |    66680 |     40 |  0.000000E+00 |  0.000000E+00 |  0.0028016049 |             f
  1668 |    66720 |     40 |  0.000000E+00 |  0.000000E+00 |  0.0042131064 |             f
  1669 |    66760 |     40 |  0.000000E+00 |  0.000000E+00 |  0.0038100327 |             f
  1670 |    66800 |     40 |  0.000000E+00 |  0.000000E+00 |  0.0025517229 |             f
  1671 |    66840 |     40 |  0.000000E+00 |  0.000000E+00 |  0.0017296529 |             f
  1672 |    66880 |     40 |  0.000000E+00 |  0.000000E+00 |  0.0046785253 |             f
  1673 |    66920 |     40 |  0.000000E+00 |  0.000000E+00 |  0.0039148522 |             f
  1674 |    66960 |     40 |  0.000000E+00 |  0.000000E+00 |  0.0028813204 |             f
  1675 |    67000 |     40 |  0.000000E+00 |  0.000000E+00 |  0.0042243751 |             f
  1676 |    67040 |     40 |  0.000000E+00 |  0.000000E+00 |  0.0029388506 |             f
  1677 |    67080 |     40 |  0.000000E+00 |  0.000000E+00 |  0.0041725361 |             f
  1678 |    67120 |     40 |  0.000000E+00 |  0.000000E+00 |  0.0019016961 |             f
  1679 |    67160 |     40 |  0.000000E+00 |  0.000000E+00 |  0.0038423307 |             f
  1680 |    67200 |     40 |  0.000000E+00 |  0.000000E+00 |  0.0010955247 |             f
  1681 |    67240 |     40 |  0.000000E+00 |  0.000000E+00 |  0.0053896813 |             f
  1682 |    67280 |     40 |  0.000000E+00 |  0.000000E+00 |  0.0024924331 |             f
  1683 |    67320 |     40 |  0.000000E+00 |  0.000000E+00 |  0.0039417343 |             f
  1684 |    67360 |     40 |  0.000000E+00 |  0.000000E+00 |  0.0019225089 |             f
  1685 |    67400 |     40 |  0.000000E+00 |  0.000000E+00 |  0.0021057743 |             f
  1686 |    67440 |     40 |  0.000000E+00 |  0.000000E+00 |  0.0038932322 |             f
  1687 |    67480 |     40 |  0.000000E+00 |  0.000000E+00 |  0.0017974352 |             f
  1688 |    67520 |     40 |  0.000000E+00 |  0.000000E+00 |  0.0037125756 |             f
  1689 |    67560 |     40 |  0.000000E+00 |  0.000000E+00 |  0.0028125752 |             f
  1690 |    67600 |     40 |  0.000000E+00 |  0.000000E+00 |  0.0031043941 |             f
  1691 |    67640 |     40 |  0.000000E+00 |  0.000000E+00 |  0.0013192371 |             f
  1692 |    67680 |     40 |  0.000000E+00 |  0.000000E+00 |  0.0031875189 |             f
  1693 |    67720 |     40 |  0.000000E+00 |  0.000000E+00 |  0.0021364671 |             f
  1694 |    67760 |     40 |  0.000000E+00 |  0.000000E+00 |  0.0041794114 |             f
  1695 |    67800 |     40 |  0.000000E+00 |  0.000000E+00 |  0.0011305751 |             f
  1696 |    67840 |     40 |  0.000000E+00 |  0.000000E+00 |  0.0052285659 |             f
  1697 |    67880 |     40 |  0.000000E+00 |  0.000000E+00 |  0.0028207593 |             f
  1698 |    67920 |     40 |  0.000000E+00 |  0.000000E+00 |  0.0037829047 |             f
  1699 |    67960 |     40 |  0.000000E+00 |  0.000000E+00 |  0.0032003193 |             f
  1700 |    68000 |     40 |  0.000000E+00 |  0.000000E+00 |  0.0027965879 |             f
mean B0=69.381 homogen=159902.6193
mean B0=45.0938 homogen=1836.3062
mean B0=45.0938 homogen=1836.3062
mean B0=69.381 homogen=159902.6193
mean B0=52.4596 homogen=25584.1596
mean B0=55.9912 homogen=37065.2178
mean B0=62.5773 homogen=87084.203
mean B0=57.2223 homogen=35524.732
mean B0=65.8201 homogen=118699.8842
mean B0=50.0406 homogen=16682.2418
mean B0=67.203 homogen=134728.393
mean B0=63.454 homogen=93754.6681
mean B0=54.936 homogen=33021.0207
mean B0=62.2578 homogen=78567.128
mean B0=53.2839 homogen=19651.1157
mean B0=64.1104 homogen=104930.0524
mean B0=64.893 homogen=110061.9058
mean B0=59.4085 homogen=54041.5262
mean B0=47.7617 homogen=7280.8917
mean B0=46.9563 homogen=4832.8895
mean B0=49.0832 homogen=16100.5367
mean B0=50.0406 homogen=16682.2418
mean B0=63.796 homogen=97571.506
mean B0=65.997 homogen=122777.572
mean B0=46.1251 homogen=2807.8425
mean B0=57.944 homogen=39427.4659
mean B0=53.5956 homogen=20779.9258
mean B0=67.8049 homogen=143341.3216
mean B0=66.6443 homogen=128207.5706
mean B0=61.6314 homogen=74174.5121
mean B0=60.8087 homogen=65097.3275
mean B0=67.8049 homogen=143341.3216
mean B0=68.667 homogen=151667.1422
mean B0=68.667 homogen=151667.1422
mean B0=55.4726 homogen=32802.6638
mean B0=61.3793 homogen=71413.0089
mean B0=64.7477 homogen=108904.8734
mean B0=69.2271 homogen=158314.7988
mean B0=66.8338 homogen=130366.7227
mean B0=45.2417 homogen=1623.7981
  1701 |    68040 |     40 |  0.000000E+00 |  0.000000E+00 |  0.0043167387 |             f
  1702 |    68080 |     40 |  0.000000E+00 |  0.000000E+00 |  0.0018702576 |             f
  1703 |    68120 |     40 |  0.000000E+00 |  0.000000E+00 |  0.0024432138 |             f
  1704 |    68160 |     40 |  0.000000E+00 |  0.000000E+00 |  0.0032494772 |             f
  1705 |    68200 |     40 |  0.000000E+00 |  0.000000E+00 |  0.0012466923 |             f
  1706 |    68240 |     40 |  0.000000E+00 |  0.000000E+00 |  0.0030694118 |             f
  1707 |    68280 |     40 |  0.000000E+00 |  0.000000E+00 |  0.0020238535 |             f
  1708 |    68320 |     40 |  0.000000E+00 |  0.000000E+00 |  0.0041016498 |             f
  1709 |    68360 |     40 |  0.000000E+00 |  0.000000E+00 |  0.0005172820 |             f
  1710 |    68400 |     40 |  0.000000E+00 |  0.000000E+00 |  0.0039677410 |             f
  1711 |    68440 |     40 |  0.000000E+00 |  0.000000E+00 |  0.0040854367 |             f
  1712 |    68480 |     40 |  0.000000E+00 |  0.000000E+00 |  0.0043871229 |             f
  1713 |    68520 |     40 |  0.000000E+00 |  0.000000E+00 |  0.0029450047 |             f
  1714 |    68560 |     40 |  0.000000E+00 |  0.000000E+00 |  0.0048348904 |             f
  1715 |    68600 |     40 |  0.000000E+00 |  0.000000E+00 |  0.0013863035 |             f
  1716 |    68640 |     40 |  0.000000E+00 |  0.000000E+00 |  0.0029583317 |             f
  1717 |    68680 |     40 |  0.000000E+00 |  0.000000E+00 |  0.0012413346 |             f
  1718 |    68720 |     40 |  0.000000E+00 |  0.000000E+00 |  0.0020511775 |             f
  1719 |    68760 |     40 |  0.000000E+00 |  0.000000E+00 |  0.0045725509 |             f
  1720 |    68800 |     40 |  0.000000E+00 |  0.000000E+00 |  0.0043558288 |             f
  1721 |    68840 |     40 |  0.000000E+00 |  0.000000E+00 |  0.0029935213 |             f
  1722 |    68880 |     40 |  0.000000E+00 |  0.000000E+00 |  0.0033136011 |             f
  1723 |    68920 |     40 |  0.000000E+00 |  0.000000E+00 |  0.0033313013 |             f
  1724 |    68960 |     40 |  0.000000E+00 |  0.000000E+00 |  0.0015900058 |             f
  1725 |    69000 |     40 |  0.000000E+00 |  0.000000E+00 |  0.0043727604 |             f
  1726 |    69040 |     40 |  0.000000E+00 |  0.000000E+00 |  0.0019736643 |             f
  1727 |    69080 |     40 |  0.000000E+00 |  0.000000E+00 |  0.0044148723 |             f
  1728 |    69120 |     40 |  0.000000E+00 |  0.000000E+00 |  0.0009703549 |             f
  1729 |    69160 |     40 |  0.000000E+00 |  0.000000E+00 |  0.0022907748 |             f
  1730 |    69200 |     40 |  0.000000E+00 |  0.000000E+00 |  0.0042738402 |             f
  1731 |    69240 |     40 |  0.000000E+00 |  0.000000E+00 |  0.0019536953 |             f
  1732 |    69280 |     40 |  0.000000E+00 |  0.000000E+00 |  0.0033628386 |             f
  1733 |    69320 |     40 |  0.000000E+00 |  0.000000E+00 |  0.0021597328 |             f
  1734 |    69360 |     40 |  0.000000E+00 |  0.000000E+00 |  0.0038016437 |             f
  1735 |    69400 |     40 |  0.000000E+00 |  0.000000E+00 |  0.0022459440 |             f
  1736 |    69440 |     40 |  0.000000E+00 |  0.000000E+00 |  0.0050139897 |             f
  1737 |    69480 |     40 |  0.000000E+00 |  0.000000E+00 |  0.0020374126 |             f
  1738 |    69520 |     40 |  0.000000E+00 |  0.000000E+00 |  0.0059359587 |             f
  1739 |    69560 |     40 |  0.000000E+00 |  0.000000E+00 |  0.0019975690 |             f
  1740 |    69600 |     40 |  0.000000E+00 |  0.000000E+00 |  0.0028360348 |             f
  1741 |    69640 |     40 |  0.000000E+00 |  0.000000E+00 |  0.0016363143 |             f
  1742 |    69680 |     40 |  0.000000E+00 |  0.000000E+00 |  0.0041608207 |             f
  1743 |    69720 |     40 |  0.000000E+00 |  0.000000E+00 |  0.0042816179 |             f
  1744 |    69760 |     40 |  0.000000E+00 |  0.000000E+00 |  0.0018262078 |             f
  1745 |    69800 |     40 |  0.000000E+00 |  0.000000E+00 |  0.0039864547 |             f
  1746 |    69840 |     40 |  0.000000E+00 |  0.000000E+00 |  0.0021381752 |             f
  1747 |    69880 |     40 |  0.000000E+00 |  0.000000E+00 |  0.0044614026 |             f
  1748 |    69920 |     40 |  0.000000E+00 |  0.000000E+00 |  0.0037681946 |             f
  1749 |    69960 |     40 |  0.000000E+00 |  0.000000E+00 |  0.0024210769 |             f
  1750 |    70000 |     40 |  0.000000E+00 |  0.000000E+00 |  0.0037075321 |             f
  1751 |    70040 |     40 |  0.000000E+00 |  0.000000E+00 |  0.0014996257 |             f
  1752 |    70080 |     40 |  0.000000E+00 |  0.000000E+00 |  0.0032535946 |             f
  1753 |    70120 |     40 |  0.000000E+00 |  0.000000E+00 |  0.0017837355 |             f
  1754 |    70160 |     40 |  0.000000E+00 |  0.000000E+00 |  0.0033272742 |             f
  1755 |    70200 |     40 |  0.000000E+00 |  0.000000E+00 |  0.0043215075 |         ideal
  1756 |    70240 |     40 |  0.000000E+00 |  0.000000E+00 |  0.0011197644 |             f
  1757 |    70280 |     40 |  0.000000E+00 |  0.000000E+00 |  0.0036704337 |             f
  1758 |    70320 |     40 |  0.000000E+00 |  0.000000E+00 |  0.0069947904 |         ideal
  1759 |    70360 |     40 |  0.000000E+00 |  0.000000E+00 |  0.0027652972 |             f
  1760 |    70400 |     40 |  0.000000E+00 |  0.000000E+00 |  0.0032253374 |             f
  1761 |    70440 |     40 |  0.000000E+00 |  0.000000E+00 |  0.0016099373 |             f
  1762 |    70480 |     40 |  0.000000E+00 |  0.000000E+00 |  0.0052500610 |             f
  1763 |    70520 |     40 |  0.000000E+00 |  0.000000E+00 |  0.0017976643 |             f
  1764 |    70560 |     40 |  0.000000E+00 |  0.000000E+00 |  0.0037666976 |             f
  1765 |    70600 |     40 |  0.000000E+00 |  0.000000E+00 |  0.0030442806 |             f
  1766 |    70640 |     40 |  0.000000E+00 |  0.000000E+00 |  0.0018922652 |             f
  1767 |    70680 |     40 |  0.000000E+00 |  0.000000E+00 |  0.0024842114 |             f
  1768 |    70720 |     40 |  0.000000E+00 |  0.000000E+00 |  0.0051245954 |             f
  1769 |    70760 |     40 |  0.000000E+00 |  0.000000E+00 |  0.0019309073 |             f
  1770 |    70800 |     40 |  0.000000E+00 |  0.000000E+00 |  0.0031923657 |             f
  1771 |    70840 |     40 |  0.000000E+00 |  0.000000E+00 |  0.0018649973 |             f
  1772 |    70880 |     40 |  0.000000E+00 |  0.000000E+00 |  0.0033251042 |             f
  1773 |    70920 |     40 |  0.000000E+00 |  0.000000E+00 |  0.0019387804 |             f
  1774 |    70960 |     40 |  0.000000E+00 |  0.000000E+00 |  0.0029094736 |             f
  1775 |    71000 |     40 |  0.000000E+00 |  0.000000E+00 |  0.0024339312 |             f
  1776 |    71040 |     40 |  0.000000E+00 |  0.000000E+00 |  0.0041549188 |             f
  1777 |    71080 |     40 |  0.000000E+00 |  0.000000E+00 |  0.0039425552 |             f
  1778 |    71120 |     40 |  0.000000E+00 |  0.000000E+00 |  0.0029325430 |             f
  1779 |    71160 |     40 |  0.000000E+00 |  0.000000E+00 |  0.0037989838 |             f
  1780 |    71200 |     40 |  0.000000E+00 |  0.000000E+00 |  0.0021967664 |             f
  1781 |    71240 |     40 |  0.000000E+00 |  0.000000E+00 |  0.0039977724 |             f
  1782 |    71280 |     40 |  0.000000E+00 |  0.000000E+00 |  0.0007506239 |             f
  1783 |    71320 |     40 |  0.000000E+00 |  0.000000E+00 |  0.0025418151 |             f
  1784 |    71360 |     40 |  0.000000E+00 |  0.000000E+00 |  0.0014661329 |             f
  1785 |    71400 |     40 |  0.000000E+00 |  0.000000E+00 |  0.0028307741 |             f
  1786 |    71440 |     40 |  0.000000E+00 |  0.000000E+00 |  0.0016302544 |             f
  1787 |    71480 |     40 |  0.000000E+00 |  0.000000E+00 |  0.0026364995 |             f
  1788 |    71520 |     40 |  0.000000E+00 |  0.000000E+00 |  0.0019887391 |             f
  1789 |    71560 |     40 |  0.000000E+00 |  0.000000E+00 |  0.0033351761 |             f
  1790 |    71600 |     40 |  0.000000E+00 |  0.000000E+00 |  0.0033537433 |             f
  1791 |    71640 |     40 |  0.000000E+00 |  0.000000E+00 |  0.0014555858 |             f
  1792 |    71680 |     40 |  0.000000E+00 |  0.000000E+00 |  0.0038744470 |             f
  1793 |    71720 |     40 |  0.000000E+00 |  0.000000E+00 |  0.0037931522 |             f
  1794 |    71760 |     40 |  0.000000E+00 |  0.000000E+00 |  0.0028438145 |             f
  1795 |    71800 |     40 |  0.000000E+00 |  0.000000E+00 |  0.0036550824 |             f
  1796 |    71840 |     40 |  0.000000E+00 |  0.000000E+00 |  0.0020036367 |             f
  1797 |    71880 |     40 |  0.000000E+00 |  0.000000E+00 |  0.0037312145 |             f
  1798 |    71920 |     40 |  0.000000E+00 |  0.000000E+00 |  0.0022487026 |             f
  1799 |    71960 |     40 |  0.000000E+00 |  0.000000E+00 |  0.0038040513 |             f
  1800 |    72000 |     40 |  0.000000E+00 |  0.000000E+00 |  0.0037161851 |             f
mean B0=45.0938 homogen=1835.6442
mean B0=69.6822 homogen=162014.8713
mean B0=52.3077 homogen=21270.5511
mean B0=62.3983 homogen=83453.156
mean B0=50.8586 homogen=17575.1436
mean B0=64.0189 homogen=97540.2068
mean B0=60.1966 homogen=56584.5178
mean B0=52.5713 homogen=15932.4964
mean B0=59.0644 homogen=46141.6078
mean B0=47.521 homogen=8799.2102
mean B0=50.0624 homogen=11644.8105
mean B0=63.0287 homogen=89471.9257
mean B0=65.6218 homogen=118516.8091
mean B0=60.9631 homogen=66702.9517
mean B0=58.3531 homogen=46021.7195
mean B0=56.5945 homogen=38174.5352
mean B0=45.8759 homogen=1773.3178
mean B0=69.2128 homogen=158598.0687
mean B0=63.3209 homogen=92693.0071
mean B0=57.6649 homogen=39810.2891
mean B0=61.4898 homogen=76025.9878
mean B0=48.6426 homogen=15320.8088
mean B0=46.6184 homogen=4125.1718
mean B0=64.4323 homogen=107424.7371
mean B0=48.8698 homogen=6518.388
mean B0=68.1143 homogen=145590.8219
mean B0=67.6291 homogen=138546.308
mean B0=68.8655 homogen=152679.9253
mean B0=67.0893 homogen=132558.8757
mean B0=65.9047 homogen=126254.9708
mean B0=60.4617 homogen=61839.9915
mean B0=53.7864 homogen=22254.5384
mean B0=65.0403 homogen=113022.2549
mean B0=66.6073 homogen=130316.0789
mean B0=53.8829 homogen=22551.1486
mean B0=47.0682 homogen=6272.3503
mean B0=61.4757 homogen=75794.5555
mean B0=57.6737 homogen=39878.9124
mean B0=64.5615 homogen=107586.1414
mean B0=55.7212 homogen=35620.2955
  1801 |    72040 |     40 |  0.000000E+00 |  0.000000E+00 |  0.0028042106 |             f
  1802 |    72080 |     40 |  0.000000E+00 |  0.000000E+00 |  0.0029497968 |             f
  1803 |    72120 |     40 |  0.000000E+00 |  0.000000E+00 |  0.0034179045 |             f
  1804 |    72160 |     40 |  0.000000E+00 |  0.000000E+00 |  0.0046921913 |             f
  1805 |    72200 |     40 |  0.000000E+00 |  0.000000E+00 |  0.0019937499 |             f
  1806 |    72240 |     40 |  0.000000E+00 |  0.000000E+00 |  0.0045859980 |             f
  1807 |    72280 |     40 |  0.000000E+00 |  0.000000E+00 |  0.0028313848 |             f
  1808 |    72320 |     40 |  0.000000E+00 |  0.000000E+00 |  0.0032271192 |             f
  1809 |    72360 |     40 |  0.000000E+00 |  0.000000E+00 |  0.0029926504 |             f
  1810 |    72400 |     40 |  0.000000E+00 |  0.000000E+00 |  0.0009387426 |             f
  1811 |    72440 |     40 |  0.000000E+00 |  0.000000E+00 |  0.0030833783 |             f
  1812 |    72480 |     40 |  0.000000E+00 |  0.000000E+00 |  0.0044632599 |             f
  1813 |    72520 |     40 |  0.000000E+00 |  0.000000E+00 |  0.0030679621 |             f
  1814 |    72560 |     40 |  0.000000E+00 |  0.000000E+00 |  0.0020234808 |             f
  1815 |    72600 |     40 |  0.000000E+00 |  0.000000E+00 |  0.0056006757 |             f
  1816 |    72640 |     40 |  0.000000E+00 |  0.000000E+00 |  0.0020507617 |             f
  1817 |    72680 |     40 |  0.000000E+00 |  0.000000E+00 |  0.0045887704 |             f
  1818 |    72720 |     40 |  0.000000E+00 |  0.000000E+00 |  0.0034991724 |             f
  1819 |    72760 |     40 |  0.000000E+00 |  0.000000E+00 |  0.0022568069 |             f
  1820 |    72800 |     40 |  0.000000E+00 |  0.000000E+00 |  0.0021498047 |             f
  1821 |    72840 |     40 |  0.000000E+00 |  0.000000E+00 |  0.0036236876 |             f
  1822 |    72880 |     40 |  0.000000E+00 |  0.000000E+00 |  0.0035799207 |             f
  1823 |    72920 |     40 |  0.000000E+00 |  0.000000E+00 |  0.0011976476 |             f
  1824 |    72960 |     40 |  0.000000E+00 |  0.000000E+00 |  0.0015579865 |             f
  1825 |    73000 |     40 |  0.000000E+00 |  0.000000E+00 |  0.0041415250 |             f
  1826 |    73040 |     40 |  0.000000E+00 |  0.000000E+00 |  0.0020154848 |             f
  1827 |    73080 |     40 |  0.000000E+00 |  0.000000E+00 |  0.0047054557 |             f
  1828 |    73120 |     40 |  0.000000E+00 |  0.000000E+00 |  0.0013998209 |             f
  1829 |    73160 |     40 |  0.000000E+00 |  0.000000E+00 |  0.0032866387 |             f
  1830 |    73200 |     40 |  0.000000E+00 |  0.000000E+00 |  0.0018818081 |             f
  1831 |    73240 |     40 |  0.000000E+00 |  0.000000E+00 |  0.0028103743 |             f
  1832 |    73280 |     40 |  0.000000E+00 |  0.000000E+00 |  0.0035753009 |             f
  1833 |    73320 |     40 |  0.000000E+00 |  0.000000E+00 |  0.0035518945 |             f
  1834 |    73360 |     40 |  0.000000E+00 |  0.000000E+00 |  0.0032688253 |             f
  1835 |    73400 |     40 |  0.000000E+00 |  0.000000E+00 |  0.0022041144 |             f
  1836 |    73440 |     40 |  0.000000E+00 |  0.000000E+00 |  0.0045438364 |             f
  1837 |    73480 |     40 |  0.000000E+00 |  0.000000E+00 |  0.0029092062 |             f
  1838 |    73520 |     40 |  0.000000E+00 |  0.000000E+00 |  0.0029747565 |             f
  1839 |    73560 |     40 |  0.000000E+00 |  0.000000E+00 |  0.0015957789 |             f
  1840 |    73600 |     40 |  0.000000E+00 |  0.000000E+00 |  0.0026419431 |             f
  1841 |    73640 |     40 |  0.000000E+00 |  0.000000E+00 |  0.0038020404 |             f
  1842 |    73680 |     40 |  0.000000E+00 |  0.000000E+00 |  0.0022691329 |             f
  1843 |    73720 |     40 |  0.000000E+00 |  0.000000E+00 |  0.0038399990 |             f
  1844 |    73760 |     40 |  0.000000E+00 |  0.000000E+00 |  0.0014393711 |             f
  1845 |    73800 |     40 |  0.000000E+00 |  0.000000E+00 |  0.0026694521 |             f
  1846 |    73840 |     40 |  0.000000E+00 |  0.000000E+00 |  0.0040778493 |             f
  1847 |    73880 |     40 |  0.000000E+00 |  0.000000E+00 |  0.0022100318 |             f
  1848 |    73920 |     40 |  0.000000E+00 |  0.000000E+00 |  0.0020647323 |             f
  1849 |    73960 |     40 |  0.000000E+00 |  0.000000E+00 |  0.0029487445 |             f
  1850 |    74000 |     40 |  0.000000E+00 |  0.000000E+00 |  0.0025499034 |             f
  1851 |    74040 |     40 |  0.000000E+00 |  0.000000E+00 |  0.0024682640 |             f
  1852 |    74080 |     40 |  0.000000E+00 |  0.000000E+00 |  0.0028066174 |             f
  1853 |    74120 |     40 |  0.000000E+00 |  0.000000E+00 |  0.0020749252 |             f
  1854 |    74160 |     40 |  0.000000E+00 |  0.000000E+00 |  0.0041667226 |             f
  1855 |    74200 |     40 |  0.000000E+00 |  0.000000E+00 |  0.0013393941 |             f
  1856 |    74240 |     40 |  0.000000E+00 |  0.000000E+00 |  0.0045576832 |             f
  1857 |    74280 |     40 |  0.000000E+00 |  0.000000E+00 |  0.0028561995 |             f
  1858 |    74320 |     40 |  0.000000E+00 |  0.000000E+00 |  0.0033718793 |             f
  1859 |    74360 |     40 |  0.000000E+00 |  0.000000E+00 |  0.0034121157 |             f
  1860 |    74400 |     40 |  0.000000E+00 |  0.000000E+00 |  0.0006879992 |             f
  1861 |    74440 |     40 |  0.000000E+00 |  0.000000E+00 |  0.0036783479 |             f
  1862 |    74480 |     40 |  0.000000E+00 |  0.000000E+00 |  0.0029820848 |             f
  1863 |    74520 |     40 |  0.000000E+00 |  0.000000E+00 |  0.0027435858 |             f
  1864 |    74560 |     40 |  0.000000E+00 |  0.000000E+00 |  0.0027349264 |             f
  1865 |    74600 |     40 |  0.000000E+00 |  0.000000E+00 |  0.0033651437 |             f
  1866 |    74640 |     40 |  0.000000E+00 |  0.000000E+00 |  0.0026407101 |             f
  1867 |    74680 |     40 |  0.000000E+00 |  0.000000E+00 |  0.0025439438 |             f
  1868 |    74720 |     40 |  0.000000E+00 |  0.000000E+00 |  0.0031347730 |             f
  1869 |    74760 |     40 |  0.000000E+00 |  0.000000E+00 |  0.0038277919 |             f
  1870 |    74800 |     40 |  0.000000E+00 |  0.000000E+00 |  0.0042541385 |             f
  1871 |    74840 |     40 |  0.000000E+00 |  0.000000E+00 |  0.0028073935 |             f
  1872 |    74880 |     40 |  0.000000E+00 |  0.000000E+00 |  0.0019244818 |             f
  1873 |    74920 |     40 |  0.000000E+00 |  0.000000E+00 |  0.0040026654 |             f
  1874 |    74960 |     40 |  0.000000E+00 |  0.000000E+00 |  0.0017074811 |             f
  1875 |    75000 |     40 |  0.000000E+00 |  0.000000E+00 |  0.0030870386 |             f
  1876 |    75040 |     40 |  0.000000E+00 |  0.000000E+00 |  0.0043844959 |             f
  1877 |    75080 |     40 |  0.000000E+00 |  0.000000E+00 |  0.0024558567 |             f
  1878 |    75120 |     40 |  0.000000E+00 |  0.000000E+00 |  0.0055130095 |             f
  1879 |    75160 |     40 |  0.000000E+00 |  0.000000E+00 |  0.0022404385 |             f
  1880 |    75200 |     40 |  0.000000E+00 |  0.000000E+00 |  0.0034421321 |             f
  1881 |    75240 |     40 |  0.000000E+00 |  0.000000E+00 |  0.0043556778 |             f
  1882 |    75280 |     40 |  0.000000E+00 |  0.000000E+00 |  0.0010665267 |             f
  1883 |    75320 |     40 |  0.000000E+00 |  0.000000E+00 |  0.0015130679 |             f
  1884 |    75360 |     40 |  0.000000E+00 |  0.000000E+00 |  0.0029280056 |             f
  1885 |    75400 |     40 |  0.000000E+00 |  0.000000E+00 |  0.0014796005 |             f
  1886 |    75440 |     40 |  0.000000E+00 |  0.000000E+00 |  0.0036726487 |             f
  1887 |    75480 |     40 |  0.000000E+00 |  0.000000E+00 |  0.0030200614 |             f
  1888 |    75520 |     40 |  0.000000E+00 |  0.000000E+00 |  0.0025382392 |             f
  1889 |    75560 |     40 |  0.000000E+00 |  0.000000E+00 |  0.0019776571 |             f
  1890 |    75600 |     40 |  0.000000E+00 |  0.000000E+00 |  0.0035320450 |             f
  1891 |    75640 |     40 |  0.000000E+00 |  0.000000E+00 |  0.0017528419 |             f
  1892 |    75680 |     40 |  0.000000E+00 |  0.000000E+00 |  0.0026183789 |             f
  1893 |    75720 |     40 |  0.000000E+00 |  0.000000E+00 |  0.0031266805 |             f
  1894 |    75760 |     40 |  0.000000E+00 |  0.000000E+00 |  0.0019733913 |             f
  1895 |    75800 |     40 |  0.000000E+00 |  0.000000E+00 |  0.0035657870 |             f
  1896 |    75840 |     40 |  0.000000E+00 |  0.000000E+00 |  0.0020593606 |             f
  1897 |    75880 |     40 |  0.000000E+00 |  0.000000E+00 |  0.0049613850 |             f
  1898 |    75920 |     40 |  0.000000E+00 |  0.000000E+00 |  0.0029880559 |             f
  1899 |    75960 |     40 |  0.000000E+00 |  0.000000E+00 |  0.0035955342 |             f
  1900 |    76000 |     40 |  0.000000E+00 |  0.000000E+00 |  0.0014473025 |             f
mean B0=69.7475 homogen=162716.725
mean B0=45.0938 homogen=1835.6442
mean B0=58.8108 homogen=44283.0454
mean B0=68.576 homogen=152222.3822
mean B0=61.7859 homogen=76361.3115
mean B0=55.6177 homogen=35544.4787
mean B0=57.7248 homogen=51111.9866
mean B0=66.4195 homogen=127414.7904
mean B0=69.1048 homogen=157035.6988
mean B0=54.0229 homogen=26252.1386
mean B0=49.5535 homogen=8447.188
mean B0=48.2744 homogen=9985.6635
mean B0=51.4574 homogen=16896.2991
mean B0=64.1834 homogen=103915.5513
mean B0=56.5838 homogen=42287.5765
mean B0=60.7659 homogen=63795.4566
mean B0=67.9881 homogen=141955.33
mean B0=60.1149 homogen=55384.0278
mean B0=57.1609 homogen=49142.9325
mean B0=63.3096 homogen=91958.3563
mean B0=67.0362 homogen=133562.8469
mean B0=62.666 homogen=84029.9771
mean B0=56.0093 homogen=37165.0483
mean B0=66.0739 homogen=120596.0523
mean B0=67.2506 homogen=135373.9133
mean B0=64.8164 homogen=107975.5541
mean B0=67.7396 homogen=141585.9138
mean B0=60.2069 homogen=55630.8006
mean B0=52.4567 homogen=25185.0781
mean B0=65.4296 homogen=115316.6561
mean B0=50.671 homogen=16718.346
mean B0=65.7788 homogen=118460.9574
mean B0=60.7658 homogen=63794.5924
mean B0=46.48 homogen=5944.9195
mean B0=53.1105 homogen=29743.0579
mean B0=63.4146 homogen=93105.4955
mean B0=50.8534 homogen=15460.9488
mean B0=52.5304 homogen=25605.8404
mean B0=47.9331 homogen=8366.0324
mean B0=49.6993 homogen=8788.4271
  1901 |    76040 |     40 |  0.000000E+00 |  0.000000E+00 |  0.0043067530 |             f
  1902 |    76080 |     40 |  0.000000E+00 |  0.000000E+00 |  0.0042917979 |             f
  1903 |    76120 |     40 |  0.000000E+00 |  0.000000E+00 |  0.0024530695 |             f
  1904 |    76160 |     40 |  0.000000E+00 |  0.000000E+00 |  0.0035132533 |             f
  1905 |    76200 |     40 |  0.000000E+00 |  0.000000E+00 |  0.0029569856 |             f
  1906 |    76240 |     40 |  0.000000E+00 |  0.000000E+00 |  0.0020748977 |             f
  1907 |    76280 |     40 |  0.000000E+00 |  0.000000E+00 |  0.0042717449 |             f
  1908 |    76320 |     40 |  0.000000E+00 |  0.000000E+00 |  0.0035592687 |             f
  1909 |    76360 |     40 |  0.000000E+00 |  0.000000E+00 |  0.0026599199 |             f
  1910 |    76400 |     40 |  0.000000E+00 |  0.000000E+00 |  0.0027691548 |             f
  1911 |    76440 |     40 |  0.000000E+00 |  0.000000E+00 |  0.0028788403 |             f
  1912 |    76480 |     40 |  0.000000E+00 |  0.000000E+00 |  0.0040807892 |             f
  1913 |    76520 |     40 |  0.000000E+00 |  0.000000E+00 |  0.0032353004 |             f
  1914 |    76560 |     40 |  0.000000E+00 |  0.000000E+00 |  0.0028792991 |             f
  1915 |    76600 |     40 |  0.000000E+00 |  0.000000E+00 |  0.0023192262 |             f
  1916 |    76640 |     40 |  0.000000E+00 |  0.000000E+00 |  0.0037780434 |             f
  1917 |    76680 |     40 |  0.000000E+00 |  0.000000E+00 |  0.0022546078 |             f
  1918 |    76720 |     40 |  0.000000E+00 |  0.000000E+00 |  0.0043744873 |             f
  1919 |    76760 |     40 |  0.000000E+00 |  0.000000E+00 |  0.0017266420 |             f
  1920 |    76800 |     40 |  0.000000E+00 |  0.000000E+00 |  0.0046235989 |             f
  1921 |    76840 |     40 |  0.000000E+00 |  0.000000E+00 |  0.0032101003 |             f
  1922 |    76880 |     40 |  0.000000E+00 |  0.000000E+00 |  0.0037037221 |             f
  1923 |    76920 |     40 |  0.000000E+00 |  0.000000E+00 |  0.0028093306 |             f
  1924 |    76960 |     40 |  0.000000E+00 |  0.000000E+00 |  0.0017024912 |             f
  1925 |    77000 |     40 |  0.000000E+00 |  0.000000E+00 |  0.0055823925 |         nadir
  1926 |    77040 |     40 |  0.000000E+00 |  0.000000E+00 |  0.0020622818 |             f
  1927 |    77080 |     40 |  0.000000E+00 |  0.000000E+00 |  0.0036191021 |             f
  1928 |    77120 |     40 |  0.000000E+00 |  0.000000E+00 |  0.0017438560 |             f
  1929 |    77160 |     40 |  0.000000E+00 |  0.000000E+00 |  0.0035523568 |             f
  1930 |    77200 |     40 |  0.000000E+00 |  0.000000E+00 |  0.0014881678 |             f
  1931 |    77240 |     40 |  0.000000E+00 |  0.000000E+00 |  0.0035403783 |             f
  1932 |    77280 |     40 |  0.000000E+00 |  0.000000E+00 |  0.0041009824 |             f
  1933 |    77320 |     40 |  0.000000E+00 |  0.000000E+00 |  0.0028638447 |             f
  1934 |    77360 |     40 |  0.000000E+00 |  0.000000E+00 |  0.0039201120 |             f
  1935 |    77400 |     40 |  0.000000E+00 |  0.000000E+00 |  0.0020312456 |             f
  1936 |    77440 |     40 |  0.000000E+00 |  0.000000E+00 |  0.0043569410 |             f
  1937 |    77480 |     40 |  0.000000E+00 |  0.000000E+00 |  0.0025983243 |             f
  1938 |    77520 |     40 |  0.000000E+00 |  0.000000E+00 |  0.0009893773 |             f
  1939 |    77560 |     40 |  0.000000E+00 |  0.000000E+00 |  0.0026140433 |             f
  1940 |    77600 |     40 |  0.000000E+00 |  0.000000E+00 |  0.0033126032 |             f
  1941 |    77640 |     40 |  0.000000E+00 |  0.000000E+00 |  0.0053120626 |             f
  1942 |    77680 |     40 |  0.000000E+00 |  0.000000E+00 |  0.0028801702 |             f
  1943 |    77720 |     40 |  0.000000E+00 |  0.000000E+00 |  0.0023008909 |             f
  1944 |    77760 |     40 |  0.000000E+00 |  0.000000E+00 |  0.0064950747 |         nadir
  1945 |    77800 |     40 |  0.000000E+00 |  0.000000E+00 |  0.0032455493 |             f
  1946 |    77840 |     40 |  0.000000E+00 |  0.000000E+00 |  0.0022433451 |             f
  1947 |    77880 |     40 |  0.000000E+00 |  0.000000E+00 |  0.0028367182 |             f
  1948 |    77920 |     40 |  0.000000E+00 |  0.000000E+00 |  0.0031840644 |             f
  1949 |    77960 |     40 |  0.000000E+00 |  0.000000E+00 |  0.0055511941 |             f
  1950 |    78000 |     40 |  0.000000E+00 |  0.000000E+00 |  0.0033954485 |             f
  1951 |    78040 |     40 |  0.000000E+00 |  0.000000E+00 |  0.0018499628 |             f
  1952 |    78080 |     40 |  0.000000E+00 |  0.000000E+00 |  0.0024495378 |             f
  1953 |    78120 |     40 |  0.000000E+00 |  0.000000E+00 |  0.0035123935 |             f
  1954 |    78160 |     40 |  0.000000E+00 |  0.000000E+00 |  0.0028955440 |             f
  1955 |    78200 |     40 |  0.000000E+00 |  0.000000E+00 |  0.0012374149 |             f
  1956 |    78240 |     40 |  0.000000E+00 |  0.000000E+00 |  0.0036502489 |             f
  1957 |    78280 |     40 |  0.000000E+00 |  0.000000E+00 |  0.0026510415 |             f
  1958 |    78320 |     40 |  0.000000E+00 |  0.000000E+00 |  0.0017183035 |             f
  1959 |    78360 |     40 |  0.000000E+00 |  0.000000E+00 |  0.0036929982 |             f
  1960 |    78400 |     40 |  0.000000E+00 |  0.000000E+00 |  0.0025154840 |             f
  1961 |    78440 |     40 |  0.000000E+00 |  0.000000E+00 |  0.0015438058 |             f
  1962 |    78480 |     40 |  0.000000E+00 |  0.000000E+00 |  0.0035583530 |             f
  1963 |    78520 |     40 |  0.000000E+00 |  0.000000E+00 |  0.0032734603 |             f
  1964 |    78560 |     40 |  0.000000E+00 |  0.000000E+00 |  0.0037966696 |             f
  1965 |    78600 |     40 |  0.000000E+00 |  0.000000E+00 |  0.0039519621 |             f
  1966 |    78640 |     40 |  0.000000E+00 |  0.000000E+00 |  0.0024540450 |             f
  1967 |    78680 |     40 |  0.000000E+00 |  0.000000E+00 |  0.0028819335 |             f
  1968 |    78720 |     40 |  0.000000E+00 |  0.000000E+00 |  0.0021802576 |             f
  1969 |    78760 |     40 |  0.000000E+00 |  0.000000E+00 |  0.0049471527 |             f
  1970 |    78800 |     40 |  0.000000E+00 |  0.000000E+00 |  0.0032489603 |             f
  1971 |    78840 |     40 |  0.000000E+00 |  0.000000E+00 |  0.0027237343 |             f
  1972 |    78880 |     40 |  0.000000E+00 |  0.000000E+00 |  0.0006640329 |             f
  1973 |    78920 |     40 |  0.000000E+00 |  0.000000E+00 |  0.0024286647 |             f
  1974 |    78960 |     40 |  0.000000E+00 |  0.000000E+00 |  0.0035211928 |         nadir
  1975 |    79000 |     40 |  0.000000E+00 |  0.000000E+00 |  0.0005406823 |             f
  1976 |    79040 |     40 |  0.000000E+00 |  0.000000E+00 |  0.0034312790 |             f
  1977 |    79080 |     40 |  0.000000E+00 |  0.000000E+00 |  0.0016499443 |             f
  1978 |    79120 |     40 |  0.000000E+00 |  0.000000E+00 |  0.0031996921 |             f
  1979 |    79160 |     40 |  0.000000E+00 |  0.000000E+00 |  0.0033855351 |         nadir
  1980 |    79200 |     40 |  0.000000E+00 |  0.000000E+00 |  0.0020509615 |             f
  1981 |    79240 |     40 |  0.000000E+00 |  0.000000E+00 |  0.0052505637 |             f
  1982 |    79280 |     40 |  0.000000E+00 |  0.000000E+00 |  0.0038320810 |             f
  1983 |    79320 |     40 |  0.000000E+00 |  0.000000E+00 |  0.0052238269 |             f
  1984 |    79360 |     40 |  0.000000E+00 |  0.000000E+00 |  0.0026990231 |             f
  1985 |    79400 |     40 |  0.000000E+00 |  0.000000E+00 |  0.0017369224 |             f
  1986 |    79440 |     40 |  0.000000E+00 |  0.000000E+00 |  0.0029032977 |             f
  1987 |    79480 |     40 |  0.000000E+00 |  0.000000E+00 |  0.0029344001 |             f
  1988 |    79520 |     40 |  0.000000E+00 |  0.000000E+00 |  0.0033714910 |             f
  1989 |    79560 |     40 |  0.000000E+00 |  0.000000E+00 |  0.0036169111 |             f
  1990 |    79600 |     40 |  0.000000E+00 |  0.000000E+00 |  0.0014515486 |             f
  1991 |    79640 |     40 |  0.000000E+00 |  0.000000E+00 |  0.0041577825 |             f
  1992 |    79680 |     40 |  0.000000E+00 |  0.000000E+00 |  0.0013806939 |             f
  1993 |    79720 |     40 |  0.000000E+00 |  0.000000E+00 |  0.0033346466 |             f
  1994 |    79760 |     40 |  0.000000E+00 |  0.000000E+00 |  0.0026312800 |             f
  1995 |    79800 |     40 |  0.000000E+00 |  0.000000E+00 |  0.0043534849 |             f
  1996 |    79840 |     40 |  0.000000E+00 |  0.000000E+00 |  0.0041145091 |             f
  1997 |    79880 |     40 |  0.000000E+00 |  0.000000E+00 |  0.0017838198 |             f
  1998 |    79920 |     40 |  0.000000E+00 |  0.000000E+00 |  0.0065787578 |             f
  1999 |    79960 |     40 |  0.000000E+00 |  0.000000E+00 |  0.0034323805 |             f
  2000 |    80000 |     40 |  0.000000E+00 |  0.000000E+00 |  0.0031814091 |             f
mean B0=45.0133 homogen=1850.7731
mean B0=69.8147 homogen=161727.7251
mean B0=68.2482 homogen=143688.6551
mean B0=66.2742 homogen=121177.0813
mean B0=66.8697 homogen=128130.8502
mean B0=47.9953 homogen=6309.9048
mean B0=61.0518 homogen=74523.792
mean B0=54.639 homogen=35719.1133
mean B0=60.6474 homogen=60456.9072
mean B0=61.987 homogen=77520.2452
mean B0=59.8578 homogen=52380.0733
mean B0=49.315 homogen=13416.4175
mean B0=67.351 homogen=137498.9485
mean B0=46.898 homogen=8820.7111
mean B0=69.0679 homogen=155502.0184
mean B0=57.0387 homogen=37265.75
mean B0=65.5053 homogen=113519.4628
mean B0=57.9902 homogen=48153.9821
mean B0=62.686 homogen=82375.0886
mean B0=64.5472 homogen=104314.3172
mean B0=51.4135 homogen=21231.1185
mean B0=62.8991 homogen=86148.6821
mean B0=63.5314 homogen=90657.4573
mean B0=53.4841 homogen=26381.8061
mean B0=55.1798 homogen=41750.0647
mean B0=58.7964 homogen=46886.0741
mean B0=67.635 homogen=140724.752
mean B0=55.5737 homogen=43819.8801
mean B0=64.0351 homogen=97190.1254
mean B0=46.3143 homogen=3963.7599
mean B0=69.0679 homogen=155501.0155
mean B0=69.8147 homogen=161727.2218
mean B0=52.21 homogen=26768.1561
mean B0=50.0835 homogen=14459.9197
mean B0=60.2623 homogen=55936.4
mean B0=50.9189 homogen=20335.7241
mean B0=45.7698 homogen=5399.1922
mean B0=57.5557 homogen=44119.0925
mean B0=52.8298 homogen=21740.5613
mean B0=64.8187 homogen=106364.5455
mean B0=45.0133 homogen=1850.7731
mean B0=69.8147 homogen=161727.7251
mean B0=68.2482 homogen=143688.6551
mean B0=66.2742 homogen=121177.0813
mean B0=66.8697 homogen=128130.8502
mean B0=47.9953 homogen=6309.9048
mean B0=61.0518 homogen=74523.792
mean B0=54.639 homogen=35719.1133
mean B0=60.6474 homogen=60456.9072
mean B0=61.987 homogen=77520.2452
mean B0=59.8578 homogen=52380.0733
mean B0=49.315 homogen=13416.4175
mean B0=67.351 homogen=137498.9485
mean B0=46.898 homogen=8820.7111
mean B0=69.0679 homogen=155502.0184
mean B0=57.0387 homogen=37265.75
mean B0=65.5053 homogen=113519.4628
mean B0=57.9902 homogen=48153.9821
mean B0=62.686 homogen=82375.0886
mean B0=64.5472 homogen=104314.3172
mean B0=51.4135 homogen=21231.1185
mean B0=62.8991 homogen=86148.6821
mean B0=63.5314 homogen=90657.4573
mean B0=53.4841 homogen=26381.8061
mean B0=55.1798 homogen=41750.0647
mean B0=58.7964 homogen=46886.0741
mean B0=67.635 homogen=140724.752
mean B0=55.5737 homogen=43819.8801
mean B0=64.0351 homogen=97190.1254
mean B0=46.3143 homogen=3963.7599
mean B0=69.0679 homogen=155501.0155
mean B0=69.8147 homogen=161727.2218
mean B0=52.21 homogen=26768.1561
mean B0=50.0835 homogen=14459.9197
mean B0=60.2623 homogen=55936.4
mean B0=50.9189 homogen=20335.7241
mean B0=45.7698 homogen=5399.1922
mean B0=57.5557 homogen=44119.0925
mean B0=52.8298 homogen=21740.5613
mean B0=64.8187 homogen=106364.5455
    pareto_idx  magnets  layers        sim_ppm  asbuilt_p90_ppm      B0_mT  length_mm
35          35      639       3   21517.592053     23566.475378  50.889211    114.544
29          29      640       3    5599.030951      7946.399712  46.326772    125.066
6            6      642       3   76791.141454     78875.705721  60.702830     91.974
38          38      643       3   31754.483349     33722.039167  52.887460    109.892
7            7      644       3   37448.836546     39356.302827  54.548814    107.210
20          20      645       3   22265.692671     24245.330699  51.380739    114.164
25          25      646       3   54699.965645     56799.431289  58.747254     98.012
17          17      647       3   52153.952643     54105.320861  57.859929    100.582
23          23      647       3   32495.380530     34384.476269  53.479785    109.502
24          24      647       3   42383.188678     43991.578373  55.011062    107.644
32          32      647       3   27112.706687     28738.919324  52.127705    113.748
33          33      648       3   17025.071289     19147.875463  50.078591    118.510
37          37      648       3   49049.920288     51040.506300  57.462781    101.602
15          15      649       3   45981.517292     47772.668624  57.030553    102.596
16          16      649       3  115804.798098    117422.249870  64.637845     87.744
18          18      649       3   84290.693314     85823.731183  62.228432     91.974
36          36      649       3    5439.027563      7594.671322  45.751881    128.644
9            9      649       3   79300.384696     80845.022689  61.576531     93.402
0            0      649       3    1917.824453      4661.464933  45.014753    128.644
31          31      650       3  164656.863005    166209.556802  68.230779     81.324
30          30      650       3  158229.136422    159760.540675  67.578770     82.694
28          28      650       3   99193.279279    100841.550299  63.383674     90.182
27          27      650       3   44508.491808     46213.829298  55.392149    106.862
34          34      650       3   62601.185376     64520.683032  60.115705     95.882
26          26      650       3  143200.445716    144725.234025  66.371552     84.554
19          19      650       3  106425.437332    107934.588834  63.803735     89.030
21          21      650       3   88057.872608     89563.105910  62.391781     91.502
14          14      650       3  158227.959969    159745.077353  67.578762     82.694
13          13      650       3    8778.771097     10918.404997  46.862837    126.802
12          12      650       3  139938.853747    141448.890039  66.135188     84.992
11          11      650       3   13668.858783     15954.017517  49.294688    120.660
10          10      650       3   59968.015849     61859.851763  59.762743     96.240
8            8      650       3   66002.954120     67937.439480  60.445699     95.302
5            5      650       3   10158.479374     12445.394832  48.022049    123.718
4            4      650       3  130590.413930    132140.226167  65.793513     85.870
3            3      650       3  123592.765776    125182.977638  65.297742     86.742
2            2      650       3  146332.654453    147924.346808  66.943361     83.742
1            1      650       3  164656.657062    166212.388483  68.230790     81.324
22          22      650       3   92647.869835     94256.421937  62.968884     90.848
39          39      650       3  108511.916687    110126.572808  64.046002     88.960
