/Users/nv/Documents/MRI/magnet_design/optimize_robust_aligned.py:54: DeprecationWarning: Importing 'StarmapParallelization' from 'pymoo.core.problem' is deprecated. Please use 'from pymoo.parallelization import StarmapParallelization' instead. This backward compatibility import will be removed in a future version.
  from pymoo.core.problem import StarmapParallelization
==========================================================================================
n_gen  |  n_eval  | n_nds  |     cv_min    |     cv_avg    |      eps      |   indicator  
==========================================================================================
     1 |       40 |      1 |  2.812025E+01 |  1.632731E+02 |             - |             -
     2 |       80 |      1 |  2.539851E+01 |  5.292849E+01 |             - |             -
     3 |      120 |      1 |  2.158347E+01 |  3.648744E+01 |             - |             -
     4 |      160 |      1 |  1.507959E+01 |  3.148065E+01 |             - |             -
     5 |      200 |      1 |  6.3074224069 |  2.692931E+01 |             - |             -
     6 |      240 |      1 |  6.3074224069 |  2.299165E+01 |             - |             -
     7 |      280 |      1 |  6.3074224069 |  1.982756E+01 |             - |             -
     8 |      320 |      1 |  6.3074224069 |  1.705321E+01 |             - |             -
     9 |      360 |      1 |  4.6136295779 |  1.385272E+01 |             - |             -
    10 |      400 |      1 |  4.6136295779 |  1.170349E+01 |             - |             -
    11 |      440 |      1 |  0.1212199440 |  9.1180257313 |             - |             -
    12 |      480 |      1 |  0.1212199440 |  7.0850732699 |             - |             -
    13 |      520 |      1 |  0.000000E+00 |  5.2996964582 |             - |             -
    14 |      560 |      1 |  0.000000E+00 |  3.6041000156 |  2.689478E+04 |         ideal
    15 |      600 |      4 |  0.000000E+00 |  1.7530008531 |  0.5071641590 |         ideal
    16 |      640 |      3 |  0.000000E+00 |  0.5444481182 |  0.1501058347 |         ideal
    17 |      680 |      3 |  0.000000E+00 |  0.0065514949 |  0.0049597314 |         ideal
    18 |      720 |      5 |  0.000000E+00 |  0.000000E+00 |  0.4614350627 |         ideal
    19 |      760 |      6 |  0.000000E+00 |  0.000000E+00 |  0.2576984144 |         ideal
    20 |      800 |      7 |  0.000000E+00 |  0.000000E+00 |  0.1446127741 |         ideal
    21 |      840 |      7 |  0.000000E+00 |  0.000000E+00 |  0.1090362721 |         ideal
    22 |      880 |      5 |  0.000000E+00 |  0.000000E+00 |  0.0730822527 |             f
    23 |      920 |      8 |  0.000000E+00 |  0.000000E+00 |  0.0217781143 |         ideal
    24 |      960 |      6 |  0.000000E+00 |  0.000000E+00 |  0.0771010335 |         ideal
    25 |     1000 |      8 |  0.000000E+00 |  0.000000E+00 |  0.0335114192 |         ideal
    26 |     1040 |     10 |  0.000000E+00 |  0.000000E+00 |  0.1276939637 |         ideal
    27 |     1080 |     12 |  0.000000E+00 |  0.000000E+00 |  0.0550086398 |         ideal
    28 |     1120 |     11 |  0.000000E+00 |  0.000000E+00 |  0.0256826532 |         ideal
    29 |     1160 |     12 |  0.000000E+00 |  0.000000E+00 |  0.0287958218 |         ideal
    30 |     1200 |     15 |  0.000000E+00 |  0.000000E+00 |  0.0922705224 |         ideal
    31 |     1240 |     17 |  0.000000E+00 |  0.000000E+00 |  0.0205333265 |             f
    32 |     1280 |     18 |  0.000000E+00 |  0.000000E+00 |  0.0058713883 |             f
    33 |     1320 |     21 |  0.000000E+00 |  0.000000E+00 |  0.0206260497 |             f
    34 |     1360 |     23 |  0.000000E+00 |  0.000000E+00 |  0.0155623879 |             f
    35 |     1400 |     18 |  0.000000E+00 |  0.000000E+00 |  0.0069015339 |             f
    36 |     1440 |     18 |  0.000000E+00 |  0.000000E+00 |  0.0389745652 |         ideal
    37 |     1480 |     20 |  0.000000E+00 |  0.000000E+00 |  0.0405317739 |         ideal
    38 |     1520 |     20 |  0.000000E+00 |  0.000000E+00 |  0.0098345814 |         ideal
    39 |     1560 |     24 |  0.000000E+00 |  0.000000E+00 |  0.0206738195 |         nadir
    40 |     1600 |     19 |  0.000000E+00 |  0.000000E+00 |  0.0060210970 |         ideal
    41 |     1640 |     20 |  0.000000E+00 |  0.000000E+00 |  0.0236227487 |             f
    42 |     1680 |     21 |  0.000000E+00 |  0.000000E+00 |  0.0218439232 |         ideal
    43 |     1720 |     22 |  0.000000E+00 |  0.000000E+00 |  0.0047603914 |             f
    44 |     1760 |     23 |  0.000000E+00 |  0.000000E+00 |  0.0068244327 |             f
    45 |     1800 |     24 |  0.000000E+00 |  0.000000E+00 |  0.0062541835 |             f
    46 |     1840 |     23 |  0.000000E+00 |  0.000000E+00 |  0.0553571665 |         ideal
    47 |     1880 |     26 |  0.000000E+00 |  0.000000E+00 |  0.0045059110 |             f
    48 |     1920 |     29 |  0.000000E+00 |  0.000000E+00 |  0.0140970947 |         ideal
    49 |     1960 |     27 |  0.000000E+00 |  0.000000E+00 |  0.0082508012 |         nadir
    50 |     2000 |     32 |  0.000000E+00 |  0.000000E+00 |  0.0060428655 |             f
    51 |     2040 |     36 |  0.000000E+00 |  0.000000E+00 |  0.0036753593 |             f
    52 |     2080 |     32 |  0.000000E+00 |  0.000000E+00 |  0.0027759724 |             f
    53 |     2120 |     36 |  0.000000E+00 |  0.000000E+00 |  0.0190873072 |         ideal
    54 |     2160 |     36 |  0.000000E+00 |  0.000000E+00 |  0.0027524663 |             f
    55 |     2200 |     35 |  0.000000E+00 |  0.000000E+00 |  0.0016893510 |             f
    56 |     2240 |     33 |  0.000000E+00 |  0.000000E+00 |  0.0526029770 |         ideal
    57 |     2280 |     33 |  0.000000E+00 |  0.000000E+00 |  0.0030475425 |             f
    58 |     2320 |     35 |  0.000000E+00 |  0.000000E+00 |  0.0025988764 |             f
    59 |     2360 |     40 |  0.000000E+00 |  0.000000E+00 |  0.0047407881 |             f
    60 |     2400 |     40 |  0.000000E+00 |  0.000000E+00 |  0.0054714024 |         ideal
    61 |     2440 |     38 |  0.000000E+00 |  0.000000E+00 |  0.0739717540 |         ideal
    62 |     2480 |     39 |  0.000000E+00 |  0.000000E+00 |  0.0004400843 |             f
    63 |     2520 |     40 |  0.000000E+00 |  0.000000E+00 |  0.0062855581 |         ideal
    64 |     2560 |     38 |  0.000000E+00 |  0.000000E+00 |  0.0026046373 |             f
    65 |     2600 |     40 |  0.000000E+00 |  0.000000E+00 |  0.0012594635 |             f
    66 |     2640 |     40 |  0.000000E+00 |  0.000000E+00 |  0.0522363067 |         ideal
    67 |     2680 |     38 |  0.000000E+00 |  0.000000E+00 |  0.0062336667 |             f
    68 |     2720 |     26 |  0.000000E+00 |  0.000000E+00 |  0.0063957777 |             f
    69 |     2760 |     36 |  0.000000E+00 |  0.000000E+00 |  0.0047458581 |         ideal
    70 |     2800 |     40 |  0.000000E+00 |  0.000000E+00 |  0.0024137549 |             f
    71 |     2840 |     40 |  0.000000E+00 |  0.000000E+00 |  0.0053076172 |             f
    72 |     2880 |     40 |  0.000000E+00 |  0.000000E+00 |  0.0032164619 |             f
    73 |     2920 |     40 |  0.000000E+00 |  0.000000E+00 |  0.0012766434 |             f
    74 |     2960 |     40 |  0.000000E+00 |  0.000000E+00 |  0.0049151896 |             f
    75 |     3000 |     40 |  0.000000E+00 |  0.000000E+00 |  0.0010650553 |             f
    76 |     3040 |     40 |  0.000000E+00 |  0.000000E+00 |  0.0016405660 |             f
    77 |     3080 |     40 |  0.000000E+00 |  0.000000E+00 |  0.0031804526 |             f
    78 |     3120 |     40 |  0.000000E+00 |  0.000000E+00 |  0.0005355407 |             f
    79 |     3160 |     39 |  0.000000E+00 |  0.000000E+00 |  0.0029547048 |             f
    80 |     3200 |     40 |  0.000000E+00 |  0.000000E+00 |  0.0008734760 |             f
    81 |     3240 |     40 |  0.000000E+00 |  0.000000E+00 |  0.0021599516 |             f
    82 |     3280 |     40 |  0.000000E+00 |  0.000000E+00 |  0.0046288583 |             f
    83 |     3320 |     40 |  0.000000E+00 |  0.000000E+00 |  0.0027001371 |             f
    84 |     3360 |     40 |  0.000000E+00 |  0.000000E+00 |  0.0121926742 |         ideal
    85 |     3400 |     38 |  0.000000E+00 |  0.000000E+00 |  0.0047511920 |             f
    86 |     3440 |     40 |  0.000000E+00 |  0.000000E+00 |  0.0049226461 |             f
    87 |     3480 |     40 |  0.000000E+00 |  0.000000E+00 |  0.0030525889 |             f
    88 |     3520 |     39 |  0.000000E+00 |  0.000000E+00 |  0.0029264426 |         nadir
    89 |     3560 |     40 |  0.000000E+00 |  0.000000E+00 |  0.0093996221 |         ideal
    90 |     3600 |     40 |  0.000000E+00 |  0.000000E+00 |  0.0969280931 |         ideal
    91 |     3640 |     40 |  0.000000E+00 |  0.000000E+00 |  0.0044244383 |             f
    92 |     3680 |     40 |  0.000000E+00 |  0.000000E+00 |  0.0030752265 |             f
    93 |     3720 |     39 |  0.000000E+00 |  0.000000E+00 |  0.0008541720 |             f
    94 |     3760 |     40 |  0.000000E+00 |  0.000000E+00 |  0.0054139270 |             f
    95 |     3800 |     40 |  0.000000E+00 |  0.000000E+00 |  0.0188064212 |         ideal
    96 |     3840 |     40 |  0.000000E+00 |  0.000000E+00 |  0.0804801447 |         ideal
    97 |     3880 |     40 |  0.000000E+00 |  0.000000E+00 |  0.0008379959 |             f
    98 |     3920 |     40 |  0.000000E+00 |  0.000000E+00 |  0.0276585195 |         ideal
    99 |     3960 |     40 |  0.000000E+00 |  0.000000E+00 |  0.0036461818 |         ideal
   100 |     4000 |     40 |  0.000000E+00 |  0.000000E+00 |  0.0017227629 |             f
mean B0=45.6674 homogen=2687.1535
mean B0=64.7217 homogen=91590.9707
mean B0=64.0132 homogen=80177.4039
mean B0=62.4432 homogen=65247.3811
mean B0=50.7136 homogen=8295.3647
mean B0=60.2184 homogen=53056.5044
mean B0=59.8642 homogen=37898.3204
mean B0=47.7332 homogen=4313.2337
mean B0=64.6498 homogen=91128.2604
mean B0=46.4339 homogen=4869.3213
mean B0=47.202 homogen=4087.2785
mean B0=58.0018 homogen=32656.5898
mean B0=53.4426 homogen=9701.0574
mean B0=60.6081 homogen=56797.4482
mean B0=46.1331 homogen=2518.4925
mean B0=52.4922 homogen=11045.5364
mean B0=51.8359 homogen=8574.6007
mean B0=56.7135 homogen=21834.6692
mean B0=52.8222 homogen=9094.4593
mean B0=51.2484 homogen=10356.9769
mean B0=56.0288 homogen=27024.9764
mean B0=57.5598 homogen=31049.4285
mean B0=58.8164 homogen=35442.3755
mean B0=61.9314 homogen=62841.4093
mean B0=58.527 homogen=33529.8819
mean B0=59.0739 homogen=35877.933
mean B0=61.0237 homogen=59032.3589
mean B0=47.7332 homogen=4313.4425
mean B0=60.8075 homogen=57735.6758
mean B0=62.4425 homogen=65245.2333
mean B0=54.1776 homogen=10598.0555
mean B0=54.1048 homogen=12508.2151
mean B0=58.5168 homogen=32771.6998
mean B0=61.799 homogen=61592.2119
mean B0=55.2825 homogen=13890.2032
mean B0=55.9324 homogen=26269.421
mean B0=61.0879 homogen=61469.3827
mean B0=54.9923 homogen=12780.8331
mean B0=57.166 homogen=25611.5979
mean B0=51.6768 homogen=11924.3075
   101 |     4040 |     40 |  0.000000E+00 |  0.000000E+00 |  0.0026059972 |             f
   102 |     4080 |     40 |  0.000000E+00 |  0.000000E+00 |  0.0275791566 |         ideal
   103 |     4120 |     40 |  0.000000E+00 |  0.000000E+00 |  0.0016627176 |             f
   104 |     4160 |     40 |  0.000000E+00 |  0.000000E+00 |  0.0029349343 |             f
   105 |     4200 |     40 |  0.000000E+00 |  0.000000E+00 |  0.0028112070 |             f
   106 |     4240 |     40 |  0.000000E+00 |  0.000000E+00 |  0.0009683081 |             f
   107 |     4280 |     40 |  0.000000E+00 |  0.000000E+00 |  0.0052310518 |         ideal
   108 |     4320 |     40 |  0.000000E+00 |  0.000000E+00 |  0.0202448475 |         ideal
   109 |     4360 |     40 |  0.000000E+00 |  0.000000E+00 |  0.0008765513 |             f
   110 |     4400 |     40 |  0.000000E+00 |  0.000000E+00 |  0.0019430803 |             f
   111 |     4440 |     40 |  0.000000E+00 |  0.000000E+00 |  0.0047934557 |             f
   112 |     4480 |     40 |  0.000000E+00 |  0.000000E+00 |  0.0366559802 |         ideal
   113 |     4520 |     40 |  0.000000E+00 |  0.000000E+00 |  0.0013150273 |             f
   114 |     4560 |     40 |  0.000000E+00 |  0.000000E+00 |  0.0032003473 |             f
   115 |     4600 |     40 |  0.000000E+00 |  0.000000E+00 |  0.0031710012 |             f
   116 |     4640 |     40 |  0.000000E+00 |  0.000000E+00 |  0.0021099097 |             f
   117 |     4680 |     40 |  0.000000E+00 |  0.000000E+00 |  0.0055238700 |         ideal
   118 |     4720 |     40 |  0.000000E+00 |  0.000000E+00 |  0.0017998784 |             f
   119 |     4760 |     40 |  0.000000E+00 |  0.000000E+00 |  0.0027754739 |             f
   120 |     4800 |     40 |  0.000000E+00 |  0.000000E+00 |  0.0011506321 |             f
   121 |     4840 |     40 |  0.000000E+00 |  0.000000E+00 |  0.0022695344 |             f
   122 |     4880 |     40 |  0.000000E+00 |  0.000000E+00 |  0.0048499745 |             f
   123 |     4920 |     40 |  0.000000E+00 |  0.000000E+00 |  0.0106842957 |         nadir
   124 |     4960 |     40 |  0.000000E+00 |  0.000000E+00 |  0.0005035830 |             f
   125 |     5000 |     40 |  0.000000E+00 |  0.000000E+00 |  0.0020449471 |             f
   126 |     5040 |     40 |  0.000000E+00 |  0.000000E+00 |  0.0027146391 |             f
   127 |     5080 |     40 |  0.000000E+00 |  0.000000E+00 |  0.0013151594 |             f
   128 |     5120 |     40 |  0.000000E+00 |  0.000000E+00 |  0.0026038370 |             f
   129 |     5160 |     40 |  0.000000E+00 |  0.000000E+00 |  0.0024247872 |             f
   130 |     5200 |     40 |  0.000000E+00 |  0.000000E+00 |  0.0043562821 |             f
   131 |     5240 |     40 |  0.000000E+00 |  0.000000E+00 |  0.0013078912 |             f
   132 |     5280 |     40 |  0.000000E+00 |  0.000000E+00 |  0.0023360453 |             f
   133 |     5320 |     40 |  0.000000E+00 |  0.000000E+00 |  0.0035497962 |             f
   134 |     5360 |     40 |  0.000000E+00 |  0.000000E+00 |  0.0010452117 |             f
   135 |     5400 |     40 |  0.000000E+00 |  0.000000E+00 |  0.0022011749 |             f
   136 |     5440 |     40 |  0.000000E+00 |  0.000000E+00 |  0.0036767533 |             f
   137 |     5480 |     40 |  0.000000E+00 |  0.000000E+00 |  0.0024034661 |             f
   138 |     5520 |     40 |  0.000000E+00 |  0.000000E+00 |  0.0028060261 |             f
   139 |     5560 |     40 |  0.000000E+00 |  0.000000E+00 |  0.0514948218 |         nadir
   140 |     5600 |     40 |  0.000000E+00 |  0.000000E+00 |  0.0069518816 |         ideal
   141 |     5640 |     40 |  0.000000E+00 |  0.000000E+00 |  0.0017450665 |             f
   142 |     5680 |     40 |  0.000000E+00 |  0.000000E+00 |  0.0046212456 |             f
   143 |     5720 |     40 |  0.000000E+00 |  0.000000E+00 |  0.0008613715 |             f
   144 |     5760 |     40 |  0.000000E+00 |  0.000000E+00 |  0.0011779282 |             f
   145 |     5800 |     40 |  0.000000E+00 |  0.000000E+00 |  0.0016418189 |             f
   146 |     5840 |     40 |  0.000000E+00 |  0.000000E+00 |  0.0096387232 |         nadir
   147 |     5880 |     40 |  0.000000E+00 |  0.000000E+00 |  0.0009431624 |             f
   148 |     5920 |     40 |  0.000000E+00 |  0.000000E+00 |  0.0020470581 |             f
   149 |     5960 |     40 |  0.000000E+00 |  0.000000E+00 |  0.0026526240 |             f
   150 |     6000 |     40 |  0.000000E+00 |  0.000000E+00 |  0.0018809704 |             f
   151 |     6040 |     40 |  0.000000E+00 |  0.000000E+00 |  0.0030603939 |             f
   152 |     6080 |     40 |  0.000000E+00 |  0.000000E+00 |  0.0016525372 |             f
   153 |     6120 |     40 |  0.000000E+00 |  0.000000E+00 |  0.0029176278 |             f
   154 |     6160 |     40 |  0.000000E+00 |  0.000000E+00 |  0.0009045371 |             f
   155 |     6200 |     40 |  0.000000E+00 |  0.000000E+00 |  0.0014222387 |             f
   156 |     6240 |     40 |  0.000000E+00 |  0.000000E+00 |  0.0028023989 |             f
   157 |     6280 |     40 |  0.000000E+00 |  0.000000E+00 |  0.0015952102 |             f
   158 |     6320 |     40 |  0.000000E+00 |  0.000000E+00 |  0.0017428387 |             f
   159 |     6360 |     40 |  0.000000E+00 |  0.000000E+00 |  0.0174742569 |         nadir
   160 |     6400 |     40 |  0.000000E+00 |  0.000000E+00 |  0.0005709839 |             f
   161 |     6440 |     40 |  0.000000E+00 |  0.000000E+00 |  0.0112830935 |         nadir
   162 |     6480 |     40 |  0.000000E+00 |  0.000000E+00 |  0.0013782836 |             f
   163 |     6520 |     40 |  0.000000E+00 |  0.000000E+00 |  0.0037016393 |         ideal
   164 |     6560 |     40 |  0.000000E+00 |  0.000000E+00 |  0.0011928147 |             f
   165 |     6600 |     40 |  0.000000E+00 |  0.000000E+00 |  0.0035428941 |             f
   166 |     6640 |     40 |  0.000000E+00 |  0.000000E+00 |  0.0009185446 |             f
   167 |     6680 |     40 |  0.000000E+00 |  0.000000E+00 |  0.0109335935 |         nadir
   168 |     6720 |     40 |  0.000000E+00 |  0.000000E+00 |  0.0013701369 |             f
   169 |     6760 |     40 |  0.000000E+00 |  0.000000E+00 |  0.0042168707 |             f
   170 |     6800 |     40 |  0.000000E+00 |  0.000000E+00 |  0.0020709824 |             f
   171 |     6840 |     40 |  0.000000E+00 |  0.000000E+00 |  0.0036944826 |             f
   172 |     6880 |     40 |  0.000000E+00 |  0.000000E+00 |  0.0044908918 |         ideal
   173 |     6920 |     40 |  0.000000E+00 |  0.000000E+00 |  0.0301236525 |         ideal
   174 |     6960 |     40 |  0.000000E+00 |  0.000000E+00 |  0.0022087523 |             f
   175 |     7000 |     40 |  0.000000E+00 |  0.000000E+00 |  0.0024440915 |             f
   176 |     7040 |     40 |  0.000000E+00 |  0.000000E+00 |  0.0034388422 |             f
   177 |     7080 |     40 |  0.000000E+00 |  0.000000E+00 |  0.0013477400 |             f
   178 |     7120 |     40 |  0.000000E+00 |  0.000000E+00 |  0.0025423852 |             f
   179 |     7160 |     40 |  0.000000E+00 |  0.000000E+00 |  0.0014389759 |             f
   180 |     7200 |     40 |  0.000000E+00 |  0.000000E+00 |  0.0019779644 |             f
   181 |     7240 |     40 |  0.000000E+00 |  0.000000E+00 |  0.0039527964 |             f
   182 |     7280 |     40 |  0.000000E+00 |  0.000000E+00 |  0.0019042295 |             f
   183 |     7320 |     40 |  0.000000E+00 |  0.000000E+00 |  0.0019774226 |             f
   184 |     7360 |     40 |  0.000000E+00 |  0.000000E+00 |  0.0039895170 |             f
   185 |     7400 |     40 |  0.000000E+00 |  0.000000E+00 |  0.0003589056 |             f
   186 |     7440 |     40 |  0.000000E+00 |  0.000000E+00 |  0.0015736513 |             f
   187 |     7480 |     40 |  0.000000E+00 |  0.000000E+00 |  0.0027748909 |             f
   188 |     7520 |     40 |  0.000000E+00 |  0.000000E+00 |  0.0043558851 |         ideal
   189 |     7560 |     40 |  0.000000E+00 |  0.000000E+00 |  0.0002892285 |             f
   190 |     7600 |     40 |  0.000000E+00 |  0.000000E+00 |  0.0022054876 |             f
   191 |     7640 |     40 |  0.000000E+00 |  0.000000E+00 |  0.0044272890 |             f
   192 |     7680 |     40 |  0.000000E+00 |  0.000000E+00 |  0.0024435053 |             f
   193 |     7720 |     40 |  0.000000E+00 |  0.000000E+00 |  0.0042675134 |             f
   194 |     7760 |     40 |  0.000000E+00 |  0.000000E+00 |  0.0015907102 |             f
   195 |     7800 |     40 |  0.000000E+00 |  0.000000E+00 |  0.0028958808 |             f
   196 |     7840 |     40 |  0.000000E+00 |  0.000000E+00 |  0.0004685756 |             f
   197 |     7880 |     40 |  0.000000E+00 |  0.000000E+00 |  0.0634788817 |         ideal
   198 |     7920 |     40 |  0.000000E+00 |  0.000000E+00 |  0.0038624335 |             f
   199 |     7960 |     40 |  0.000000E+00 |  0.000000E+00 |  0.0014890725 |             f
   200 |     8000 |     40 |  0.000000E+00 |  0.000000E+00 |  0.0028939536 |             f
mean B0=45.6897 homogen=3214.7684
mean B0=69.4864 homogen=113509.4783
mean B0=67.929 homogen=104262.6102
mean B0=48.6892 homogen=5287.4008
mean B0=49.7342 homogen=9628.1516
mean B0=67.0876 homogen=96075.5845
mean B0=66.812 homogen=86385.5958
mean B0=63.5681 homogen=63974.9525
mean B0=50.8785 homogen=7689.9823
mean B0=46.3892 homogen=3169.9086
mean B0=65.8266 homogen=86112.3395
mean B0=61.4367 homogen=43843.9676
mean B0=67.2659 homogen=101786.5786
mean B0=54.9414 homogen=16454.486
mean B0=62.6529 homogen=54246.7414
mean B0=65.4928 homogen=80568.7216
mean B0=55.7708 homogen=20818.8507
mean B0=54.1232 homogen=14606.3853
mean B0=52.8645 homogen=7930.0216
mean B0=58.92 homogen=34737.1098
mean B0=56.6857 homogen=21624.1394
mean B0=52.0639 homogen=17876.9984
mean B0=61.2014 homogen=39720.7936
mean B0=59.809 homogen=34509.6276
mean B0=51.2982 homogen=15387.4531
mean B0=53.5841 homogen=10317.0817
mean B0=57.1981 homogen=23127.7421
mean B0=62.2325 homogen=49782.7438
mean B0=64.6282 homogen=74424.1757
mean B0=69.247 homogen=111073.6576
mean B0=69.247 homogen=111073.6576
mean B0=64.1772 homogen=67844.476
mean B0=59.109 homogen=35084.71
mean B0=60.4404 homogen=35385.8413
mean B0=63.6244 homogen=64340.8019
mean B0=62.6529 homogen=54246.7414
mean B0=64.1772 homogen=67844.1033
mean B0=60.4356 homogen=37676.7721
mean B0=65.1314 homogen=76944.2515
mean B0=65.1935 homogen=77388.9841
   201 |     8040 |     40 |  0.000000E+00 |  0.000000E+00 |  0.0016553821 |             f
   202 |     8080 |     40 |  0.000000E+00 |  0.000000E+00 |  0.0026403016 |             f
   203 |     8120 |     40 |  0.000000E+00 |  0.000000E+00 |  0.0020353057 |             f
   204 |     8160 |     40 |  0.000000E+00 |  0.000000E+00 |  0.0028044354 |             f
   205 |     8200 |     40 |  0.000000E+00 |  0.000000E+00 |  0.0017463556 |             f
   206 |     8240 |     40 |  0.000000E+00 |  0.000000E+00 |  0.0035470388 |             f
   207 |     8280 |     40 |  0.000000E+00 |  0.000000E+00 |  0.0030830619 |             f
   208 |     8320 |     40 |  0.000000E+00 |  0.000000E+00 |  0.0023865186 |             f
   209 |     8360 |     40 |  0.000000E+00 |  0.000000E+00 |  0.0055549614 |             f
   210 |     8400 |     40 |  0.000000E+00 |  0.000000E+00 |  0.0020253550 |             f
   211 |     8440 |     40 |  0.000000E+00 |  0.000000E+00 |  0.0044819438 |             f
   212 |     8480 |     40 |  0.000000E+00 |  0.000000E+00 |  0.0019019200 |             f
   213 |     8520 |     40 |  0.000000E+00 |  0.000000E+00 |  0.0163558840 |         ideal
   214 |     8560 |     40 |  0.000000E+00 |  0.000000E+00 |  0.0032724740 |             f
   215 |     8600 |     40 |  0.000000E+00 |  0.000000E+00 |  0.0038532878 |         nadir
   216 |     8640 |     40 |  0.000000E+00 |  0.000000E+00 |  0.0015356466 |             f
   217 |     8680 |     40 |  0.000000E+00 |  0.000000E+00 |  0.0029433565 |             f
   218 |     8720 |     40 |  0.000000E+00 |  0.000000E+00 |  0.0019698567 |             f
   219 |     8760 |     40 |  0.000000E+00 |  0.000000E+00 |  0.0027436165 |             f
   220 |     8800 |     40 |  0.000000E+00 |  0.000000E+00 |  0.0024213930 |             f
   221 |     8840 |     40 |  0.000000E+00 |  0.000000E+00 |  0.0033204244 |             f
   222 |     8880 |     40 |  0.000000E+00 |  0.000000E+00 |  0.0013607764 |             f
   223 |     8920 |     40 |  0.000000E+00 |  0.000000E+00 |  0.0033568179 |             f
   224 |     8960 |     40 |  0.000000E+00 |  0.000000E+00 |  0.0021095332 |             f
   225 |     9000 |     40 |  0.000000E+00 |  0.000000E+00 |  0.0028575352 |             f
   226 |     9040 |     40 |  0.000000E+00 |  0.000000E+00 |  0.0029157495 |             f
   227 |     9080 |     40 |  0.000000E+00 |  0.000000E+00 |  0.0022964782 |             f
   228 |     9120 |     40 |  0.000000E+00 |  0.000000E+00 |  0.0031597221 |             f
   229 |     9160 |     40 |  0.000000E+00 |  0.000000E+00 |  0.0019717141 |             f
   230 |     9200 |     40 |  0.000000E+00 |  0.000000E+00 |  0.0018060622 |             f
   231 |     9240 |     40 |  0.000000E+00 |  0.000000E+00 |  0.0034811542 |             f
   232 |     9280 |     40 |  0.000000E+00 |  0.000000E+00 |  0.0017462570 |             f
   233 |     9320 |     40 |  0.000000E+00 |  0.000000E+00 |  0.0034702859 |             f
   234 |     9360 |     40 |  0.000000E+00 |  0.000000E+00 |  0.0013896420 |             f
   235 |     9400 |     40 |  0.000000E+00 |  0.000000E+00 |  0.0020024914 |             f
   236 |     9440 |     40 |  0.000000E+00 |  0.000000E+00 |  0.0034379370 |             f
   237 |     9480 |     40 |  0.000000E+00 |  0.000000E+00 |  0.0006547938 |             f
   238 |     9520 |     40 |  0.000000E+00 |  0.000000E+00 |  0.0024190012 |             f
   239 |     9560 |     40 |  0.000000E+00 |  0.000000E+00 |  0.0088916453 |         ideal
   240 |     9600 |     40 |  0.000000E+00 |  0.000000E+00 |  0.0023772736 |             f
   241 |     9640 |     40 |  0.000000E+00 |  0.000000E+00 |  0.0031402702 |             f
   242 |     9680 |     40 |  0.000000E+00 |  0.000000E+00 |  0.0082104722 |         ideal
   243 |     9720 |     40 |  0.000000E+00 |  0.000000E+00 |  0.0008650794 |             f
   244 |     9760 |     40 |  0.000000E+00 |  0.000000E+00 |  0.0026901300 |         nadir
   245 |     9800 |     40 |  0.000000E+00 |  0.000000E+00 |  0.0017338486 |             f
   246 |     9840 |     40 |  0.000000E+00 |  0.000000E+00 |  0.0033277729 |             f
   247 |     9880 |     40 |  0.000000E+00 |  0.000000E+00 |  0.0009324033 |             f
   248 |     9920 |     40 |  0.000000E+00 |  0.000000E+00 |  0.0029007350 |             f
   249 |     9960 |     40 |  0.000000E+00 |  0.000000E+00 |  0.0013417304 |             f
   250 |    10000 |     40 |  0.000000E+00 |  0.000000E+00 |  0.0035560814 |             f
   251 |    10040 |     40 |  0.000000E+00 |  0.000000E+00 |  0.0011535916 |             f
   252 |    10080 |     40 |  0.000000E+00 |  0.000000E+00 |  0.0024846820 |             f
   253 |    10120 |     40 |  0.000000E+00 |  0.000000E+00 |  0.0192558592 |         nadir
   254 |    10160 |     40 |  0.000000E+00 |  0.000000E+00 |  0.0010036803 |             f
   255 |    10200 |     40 |  0.000000E+00 |  0.000000E+00 |  0.0023273643 |             f
   256 |    10240 |     40 |  0.000000E+00 |  0.000000E+00 |  0.0074447689 |         ideal
   257 |    10280 |     40 |  0.000000E+00 |  0.000000E+00 |  0.0041508823 |         ideal
   258 |    10320 |     40 |  0.000000E+00 |  0.000000E+00 |  0.0018136498 |             f
   259 |    10360 |     40 |  0.000000E+00 |  0.000000E+00 |  0.0035645679 |             f
   260 |    10400 |     40 |  0.000000E+00 |  0.000000E+00 |  0.0036600259 |             f
   261 |    10440 |     40 |  0.000000E+00 |  0.000000E+00 |  0.0034934563 |         nadir
   262 |    10480 |     40 |  0.000000E+00 |  0.000000E+00 |  0.0020823142 |             f
   263 |    10520 |     40 |  0.000000E+00 |  0.000000E+00 |  0.0035064130 |             f
   264 |    10560 |     40 |  0.000000E+00 |  0.000000E+00 |  0.0033597921 |             f
   265 |    10600 |     40 |  0.000000E+00 |  0.000000E+00 |  0.0031582952 |             f
   266 |    10640 |     40 |  0.000000E+00 |  0.000000E+00 |  0.0028196705 |             f
   267 |    10680 |     40 |  0.000000E+00 |  0.000000E+00 |  0.0024055826 |             f
   268 |    10720 |     40 |  0.000000E+00 |  0.000000E+00 |  0.0031247532 |             f
   269 |    10760 |     40 |  0.000000E+00 |  0.000000E+00 |  0.0012325084 |             f
   270 |    10800 |     40 |  0.000000E+00 |  0.000000E+00 |  0.0037809183 |             f
   271 |    10840 |     40 |  0.000000E+00 |  0.000000E+00 |  0.0039141685 |             f
   272 |    10880 |     40 |  0.000000E+00 |  0.000000E+00 |  0.0025479376 |             f
   273 |    10920 |     40 |  0.000000E+00 |  0.000000E+00 |  0.0015312229 |             f
   274 |    10960 |     40 |  0.000000E+00 |  0.000000E+00 |  0.0027323591 |             f
   275 |    11000 |     40 |  0.000000E+00 |  0.000000E+00 |  0.0030825831 |             f
   276 |    11040 |     40 |  0.000000E+00 |  0.000000E+00 |  0.0051416072 |         ideal
   277 |    11080 |     40 |  0.000000E+00 |  0.000000E+00 |  0.0010825668 |             f
   278 |    11120 |     40 |  0.000000E+00 |  0.000000E+00 |  0.0017698404 |             f
   279 |    11160 |     40 |  0.000000E+00 |  0.000000E+00 |  0.0045071343 |             f
   280 |    11200 |     40 |  0.000000E+00 |  0.000000E+00 |  0.0011883874 |             f
   281 |    11240 |     40 |  0.000000E+00 |  0.000000E+00 |  0.2905962459 |         nadir
   282 |    11280 |     40 |  0.000000E+00 |  0.000000E+00 |  0.0091473368 |         nadir
   283 |    11320 |     40 |  0.000000E+00 |  0.000000E+00 |  0.0082759466 |         nadir
   284 |    11360 |     40 |  0.000000E+00 |  0.000000E+00 |  0.0021453181 |             f
   285 |    11400 |     40 |  0.000000E+00 |  0.000000E+00 |  0.0051645301 |             f
   286 |    11440 |     40 |  0.000000E+00 |  0.000000E+00 |  0.0026119462 |             f
   287 |    11480 |     40 |  0.000000E+00 |  0.000000E+00 |  0.0068561109 |         ideal
   288 |    11520 |     40 |  0.000000E+00 |  0.000000E+00 |  0.0021775063 |             f
   289 |    11560 |     40 |  0.000000E+00 |  0.000000E+00 |  0.0044358594 |             f
   290 |    11600 |     40 |  0.000000E+00 |  0.000000E+00 |  0.0035431703 |             f
   291 |    11640 |     40 |  0.000000E+00 |  0.000000E+00 |  0.0020622025 |             f
   292 |    11680 |     40 |  0.000000E+00 |  0.000000E+00 |  0.0301173337 |         nadir
   293 |    11720 |     40 |  0.000000E+00 |  0.000000E+00 |  0.0020448172 |             f
   294 |    11760 |     40 |  0.000000E+00 |  0.000000E+00 |  0.0048689616 |         ideal
   295 |    11800 |     40 |  0.000000E+00 |  0.000000E+00 |  0.0041204904 |             f
   296 |    11840 |     40 |  0.000000E+00 |  0.000000E+00 |  0.0042699256 |             f
   297 |    11880 |     40 |  0.000000E+00 |  0.000000E+00 |  0.0097413089 |         ideal
   298 |    11920 |     40 |  0.000000E+00 |  0.000000E+00 |  0.0025220668 |             f
   299 |    11960 |     40 |  0.000000E+00 |  0.000000E+00 |  0.0032981441 |             f
   300 |    12000 |     40 |  0.000000E+00 |  0.000000E+00 |  0.0012042901 |             f
mean B0=70.9558 homogen=124387.9413
mean B0=50.3719 homogen=3018.0372
mean B0=61.282 homogen=37858.7702
mean B0=65.8789 homogen=71815.4017
mean B0=69.8369 homogen=114566.2646
mean B0=62.72 homogen=44101.8144
mean B0=52.1448 homogen=4297.6817
mean B0=50.8824 homogen=2055.5692
mean B0=66.5324 homogen=80427.7989
mean B0=69.4566 homogen=107327.9262
mean B0=70.6603 homogen=120761.9509
mean B0=60.0966 homogen=28134.9323
mean B0=65.0585 homogen=65133.4638
mean B0=58.7817 homogen=30556.5901
mean B0=67.3794 homogen=88540.8223
mean B0=53.2778 homogen=12284.1864
mean B0=55.5904 homogen=11654.6295
mean B0=52.7593 homogen=5865.8631
mean B0=64.7772 homogen=61337.5898
mean B0=53.9816 homogen=13909.6858
mean B0=57.1432 homogen=26562.6632
mean B0=63.8441 homogen=52856.9016
mean B0=68.3988 homogen=98368.7437
mean B0=67.073 homogen=83268.1521
mean B0=67.9922 homogen=94798.9824
mean B0=59.9383 homogen=35805.1674
mean B0=68.9412 homogen=102173.1501
mean B0=63.2819 homogen=46633.3131
mean B0=64.1427 homogen=54755.3036
mean B0=57.8871 homogen=27493.9726
mean B0=54.56 homogen=15635.8765
mean B0=57.2024 homogen=26787.7693
mean B0=58.8885 homogen=29073.6788
mean B0=57.8465 homogen=27563.7153
mean B0=68.8431 homogen=101276.7644
mean B0=67.2844 homogen=86327.9554
mean B0=63.0413 homogen=47845.8546
mean B0=55.4465 homogen=11217.0817
mean B0=54.9627 homogen=18265.7045
mean B0=68.0869 homogen=95298.8124
   301 |    12040 |     40 |  0.000000E+00 |  0.000000E+00 |  0.0049269511 |             f
   302 |    12080 |     40 |  0.000000E+00 |  0.000000E+00 |  0.0022420546 |             f
   303 |    12120 |     40 |  0.000000E+00 |  0.000000E+00 |  0.0035283784 |             f
   304 |    12160 |     40 |  0.000000E+00 |  0.000000E+00 |  0.0018247738 |             f
   305 |    12200 |     40 |  0.000000E+00 |  0.000000E+00 |  0.0054395157 |             f
   306 |    12240 |     40 |  0.000000E+00 |  0.000000E+00 |  0.0024065487 |             f
   307 |    12280 |     40 |  0.000000E+00 |  0.000000E+00 |  0.0060084955 |             f
   308 |    12320 |     40 |  0.000000E+00 |  0.000000E+00 |  0.0015355325 |             f
   309 |    12360 |     40 |  0.000000E+00 |  0.000000E+00 |  0.0025565111 |             f
   310 |    12400 |     40 |  0.000000E+00 |  0.000000E+00 |  0.0017134482 |             f
   311 |    12440 |     40 |  0.000000E+00 |  0.000000E+00 |  0.0038285639 |             f
   312 |    12480 |     40 |  0.000000E+00 |  0.000000E+00 |  0.0006329669 |             f
   313 |    12520 |     40 |  0.000000E+00 |  0.000000E+00 |  0.0047219733 |             f
   314 |    12560 |     40 |  0.000000E+00 |  0.000000E+00 |  0.0014493824 |             f
   315 |    12600 |     40 |  0.000000E+00 |  0.000000E+00 |  0.0039320698 |             f
   316 |    12640 |     40 |  0.000000E+00 |  0.000000E+00 |  0.0033746171 |             f
   317 |    12680 |     40 |  0.000000E+00 |  0.000000E+00 |  0.0032945210 |             f
   318 |    12720 |     40 |  0.000000E+00 |  0.000000E+00 |  0.0045239468 |             f
   319 |    12760 |     40 |  0.000000E+00 |  0.000000E+00 |  0.0028058876 |             f
   320 |    12800 |     40 |  0.000000E+00 |  0.000000E+00 |  0.0040077542 |             f
   321 |    12840 |     40 |  0.000000E+00 |  0.000000E+00 |  0.0027896287 |             f
   322 |    12880 |     40 |  0.000000E+00 |  0.000000E+00 |  0.0018709629 |             f
   323 |    12920 |     40 |  0.000000E+00 |  0.000000E+00 |  0.0044814220 |             f
   324 |    12960 |     40 |  0.000000E+00 |  0.000000E+00 |  0.0047251426 |             f
   325 |    13000 |     40 |  0.000000E+00 |  0.000000E+00 |  0.0023069315 |             f
   326 |    13040 |     40 |  0.000000E+00 |  0.000000E+00 |  0.0038281065 |             f
   327 |    13080 |     40 |  0.000000E+00 |  0.000000E+00 |  0.0022560632 |             f
   328 |    13120 |     40 |  0.000000E+00 |  0.000000E+00 |  0.0045981874 |             f
   329 |    13160 |     40 |  0.000000E+00 |  0.000000E+00 |  0.0038597477 |             f
   330 |    13200 |     40 |  0.000000E+00 |  0.000000E+00 |  0.0019191915 |             f
   331 |    13240 |     40 |  0.000000E+00 |  0.000000E+00 |  0.0044254254 |         nadir
   332 |    13280 |     40 |  0.000000E+00 |  0.000000E+00 |  0.0030046941 |             f
   333 |    13320 |     40 |  0.000000E+00 |  0.000000E+00 |  0.0031195022 |             f
   334 |    13360 |     40 |  0.000000E+00 |  0.000000E+00 |  0.0028158724 |             f
   335 |    13400 |     40 |  0.000000E+00 |  0.000000E+00 |  0.0032042492 |             f
   336 |    13440 |     40 |  0.000000E+00 |  0.000000E+00 |  0.0031588377 |             f
   337 |    13480 |     40 |  0.000000E+00 |  0.000000E+00 |  0.0023421986 |             f
   338 |    13520 |     40 |  0.000000E+00 |  0.000000E+00 |  0.0035427819 |             f
   339 |    13560 |     40 |  0.000000E+00 |  0.000000E+00 |  0.0027620715 |             f
   340 |    13600 |     40 |  0.000000E+00 |  0.000000E+00 |  0.0006662345 |             f
   341 |    13640 |     40 |  0.000000E+00 |  0.000000E+00 |  0.0013682750 |             f
   342 |    13680 |     40 |  0.000000E+00 |  0.000000E+00 |  0.0041330943 |         ideal
   343 |    13720 |     40 |  0.000000E+00 |  0.000000E+00 |  0.0013141609 |             f
   344 |    13760 |     40 |  0.000000E+00 |  0.000000E+00 |  0.0035407489 |             f
   345 |    13800 |     40 |  0.000000E+00 |  0.000000E+00 |  0.0018703110 |             f
   346 |    13840 |     40 |  0.000000E+00 |  0.000000E+00 |  0.0042322510 |             f
   347 |    13880 |     40 |  0.000000E+00 |  0.000000E+00 |  0.0031872152 |             f
   348 |    13920 |     40 |  0.000000E+00 |  0.000000E+00 |  0.0014970691 |             f
   349 |    13960 |     40 |  0.000000E+00 |  0.000000E+00 |  0.0037833862 |             f
   350 |    14000 |     40 |  0.000000E+00 |  0.000000E+00 |  0.0022094938 |             f
   351 |    14040 |     40 |  0.000000E+00 |  0.000000E+00 |  0.0043621676 |             f
   352 |    14080 |     40 |  0.000000E+00 |  0.000000E+00 |  0.0040199896 |             f
   353 |    14120 |     40 |  0.000000E+00 |  0.000000E+00 |  0.0024842051 |             f
   354 |    14160 |     40 |  0.000000E+00 |  0.000000E+00 |  0.0052167535 |             f
   355 |    14200 |     40 |  0.000000E+00 |  0.000000E+00 |  0.0036265631 |             f
   356 |    14240 |     40 |  0.000000E+00 |  0.000000E+00 |  0.0025551936 |             f
   357 |    14280 |     40 |  0.000000E+00 |  0.000000E+00 |  0.0030876659 |             f
   358 |    14320 |     40 |  0.000000E+00 |  0.000000E+00 |  0.0024264644 |             f
   359 |    14360 |     40 |  0.000000E+00 |  0.000000E+00 |  0.0040204468 |             f
   360 |    14400 |     40 |  0.000000E+00 |  0.000000E+00 |  0.0022283752 |             f
   361 |    14440 |     40 |  0.000000E+00 |  0.000000E+00 |  0.0040629260 |             f
   362 |    14480 |     40 |  0.000000E+00 |  0.000000E+00 |  0.0039067768 |             f
   363 |    14520 |     40 |  0.000000E+00 |  0.000000E+00 |  0.0057733760 |             f
   364 |    14560 |     40 |  0.000000E+00 |  0.000000E+00 |  0.0016778426 |             f
   365 |    14600 |     40 |  0.000000E+00 |  0.000000E+00 |  0.0035248457 |             f
   366 |    14640 |     40 |  0.000000E+00 |  0.000000E+00 |  0.0029574323 |             f
   367 |    14680 |     40 |  0.000000E+00 |  0.000000E+00 |  0.0037692203 |             f
   368 |    14720 |     40 |  0.000000E+00 |  0.000000E+00 |  0.0028093500 |             f
   369 |    14760 |     40 |  0.000000E+00 |  0.000000E+00 |  0.0026691408 |             f
   370 |    14800 |     40 |  0.000000E+00 |  0.000000E+00 |  0.0060993956 |             f
   371 |    14840 |     40 |  0.000000E+00 |  0.000000E+00 |  0.0030121780 |             f
   372 |    14880 |     40 |  0.000000E+00 |  0.000000E+00 |  0.0055156203 |             f
   373 |    14920 |     40 |  0.000000E+00 |  0.000000E+00 |  0.0033848707 |             f
   374 |    14960 |     40 |  0.000000E+00 |  0.000000E+00 |  0.0032262696 |             f
   375 |    15000 |     40 |  0.000000E+00 |  0.000000E+00 |  0.0023142394 |             f
   376 |    15040 |     40 |  0.000000E+00 |  0.000000E+00 |  0.0039307584 |             f
   377 |    15080 |     40 |  0.000000E+00 |  0.000000E+00 |  0.0020812614 |             f
   378 |    15120 |     40 |  0.000000E+00 |  0.000000E+00 |  0.0032423271 |             f
   379 |    15160 |     40 |  0.000000E+00 |  0.000000E+00 |  0.0031816271 |             f
   380 |    15200 |     40 |  0.000000E+00 |  0.000000E+00 |  0.0025216482 |             f
   381 |    15240 |     40 |  0.000000E+00 |  0.000000E+00 |  0.0027992795 |             f
   382 |    15280 |     40 |  0.000000E+00 |  0.000000E+00 |  0.0035108560 |             f
   383 |    15320 |     40 |  0.000000E+00 |  0.000000E+00 |  0.0029252593 |             f
   384 |    15360 |     40 |  0.000000E+00 |  0.000000E+00 |  0.0037392538 |             f
   385 |    15400 |     40 |  0.000000E+00 |  0.000000E+00 |  0.0007291679 |             f
   386 |    15440 |     40 |  0.000000E+00 |  0.000000E+00 |  0.0027637602 |             f
   387 |    15480 |     40 |  0.000000E+00 |  0.000000E+00 |  0.0022545414 |             f
   388 |    15520 |     40 |  0.000000E+00 |  0.000000E+00 |  0.0038828386 |             f
   389 |    15560 |     40 |  0.000000E+00 |  0.000000E+00 |  0.0011832679 |             f
   390 |    15600 |     40 |  0.000000E+00 |  0.000000E+00 |  0.0051253746 |             f
   391 |    15640 |     40 |  0.000000E+00 |  0.000000E+00 |  0.0027564026 |             f
   392 |    15680 |     40 |  0.000000E+00 |  0.000000E+00 |  0.0021580064 |             f
   393 |    15720 |     40 |  0.000000E+00 |  0.000000E+00 |  0.0053396890 |             f
   394 |    15760 |     40 |  0.000000E+00 |  0.000000E+00 |  0.0018835198 |             f
   395 |    15800 |     40 |  0.000000E+00 |  0.000000E+00 |  0.0042931743 |             f
   396 |    15840 |     40 |  0.000000E+00 |  0.000000E+00 |  0.0011366328 |             f
   397 |    15880 |     40 |  0.000000E+00 |  0.000000E+00 |  0.0149588767 |         nadir
   398 |    15920 |     40 |  0.000000E+00 |  0.000000E+00 |  0.0024665705 |             f
   399 |    15960 |     40 |  0.000000E+00 |  0.000000E+00 |  0.0037600464 |             f
   400 |    16000 |     40 |  0.000000E+00 |  0.000000E+00 |  0.0010196190 |             f
mean B0=50.4153 homogen=2953.8137
mean B0=71.1221 homogen=125236.7749
mean B0=50.4153 homogen=2953.8137
mean B0=51.5895 homogen=2754.1858
mean B0=66.9276 homogen=83835.9036
mean B0=62.6019 homogen=43651.3124
mean B0=68.2678 homogen=95063.5008
mean B0=61.7318 homogen=39610.7372
mean B0=61.056 homogen=35732.4977
mean B0=64.5286 homogen=61116.2096
mean B0=65.7004 homogen=69609.0475
mean B0=52.6987 homogen=4984.3811
mean B0=68.9619 homogen=104517.3569
mean B0=63.25 homogen=48938.2839
mean B0=66.4547 homogen=77018.0949
mean B0=58.6098 homogen=27795.3006
mean B0=67.9109 homogen=91018.993
mean B0=54.0587 homogen=12800.8571
mean B0=65.7074 homogen=69623.4566
mean B0=55.7127 homogen=17519.368
mean B0=50.7325 homogen=4233.331
mean B0=52.9681 homogen=5551.1015
mean B0=70.0549 homogen=114407.3128
mean B0=57.437 homogen=19683.6326
mean B0=70.7349 homogen=123049.6557
mean B0=59.2899 homogen=35132.6218
mean B0=57.3709 homogen=18963.6239
mean B0=60.1595 homogen=37374.9827
mean B0=57.0032 homogen=24762.1833
mean B0=60.2896 homogen=40123.0987
mean B0=64.0089 homogen=52846.6057
mean B0=69.1626 homogen=105853.1778
mean B0=63.7014 homogen=50932.313
mean B0=69.6779 homogen=109871.7176
mean B0=64.5003 homogen=61136.7804
mean B0=66.5998 homogen=78442.8623
mean B0=70.5469 homogen=118633.5708
mean B0=54.9516 homogen=12547.8687
mean B0=56.4442 homogen=23531.7888
mean B0=56.2396 homogen=22697.4023
   401 |    16040 |     40 |  0.000000E+00 |  0.000000E+00 |  0.0097835485 |         nadir
   402 |    16080 |     40 |  0.000000E+00 |  0.000000E+00 |  0.0028296919 |             f
   403 |    16120 |     40 |  0.000000E+00 |  0.000000E+00 |  0.0032441991 |             f
   404 |    16160 |     40 |  0.000000E+00 |  0.000000E+00 |  0.0032354881 |             f
   405 |    16200 |     40 |  0.000000E+00 |  0.000000E+00 |  0.0015815761 |             f
   406 |    16240 |     40 |  0.000000E+00 |  0.000000E+00 |  0.0037159959 |             f
   407 |    16280 |     40 |  0.000000E+00 |  0.000000E+00 |  0.0037637254 |             f
   408 |    16320 |     40 |  0.000000E+00 |  0.000000E+00 |  0.0014841716 |             f
   409 |    16360 |     40 |  0.000000E+00 |  0.000000E+00 |  0.0029799788 |             f
   410 |    16400 |     40 |  0.000000E+00 |  0.000000E+00 |  0.0020221918 |             f
   411 |    16440 |     40 |  0.000000E+00 |  0.000000E+00 |  0.0033297970 |             f
   412 |    16480 |     40 |  0.000000E+00 |  0.000000E+00 |  0.0033742127 |             f
   413 |    16520 |     40 |  0.000000E+00 |  0.000000E+00 |  0.0015268369 |             f
   414 |    16560 |     40 |  0.000000E+00 |  0.000000E+00 |  0.0045879972 |             f
   415 |    16600 |     40 |  0.000000E+00 |  0.000000E+00 |  0.0060397230 |             f
   416 |    16640 |     40 |  0.000000E+00 |  0.000000E+00 |  0.0024129975 |             f
   417 |    16680 |     40 |  0.000000E+00 |  0.000000E+00 |  0.0040543981 |             f
   418 |    16720 |     40 |  0.000000E+00 |  0.000000E+00 |  0.0007139406 |             f
   419 |    16760 |     40 |  0.000000E+00 |  0.000000E+00 |  0.0020867240 |             f
   420 |    16800 |     40 |  0.000000E+00 |  0.000000E+00 |  0.0054300844 |             f
   421 |    16840 |     40 |  0.000000E+00 |  0.000000E+00 |  0.0024326906 |             f
   422 |    16880 |     40 |  0.000000E+00 |  0.000000E+00 |  0.0037734701 |             f
   423 |    16920 |     40 |  0.000000E+00 |  0.000000E+00 |  0.0021769848 |             f
   424 |    16960 |     40 |  0.000000E+00 |  0.000000E+00 |  0.0043145188 |             f
   425 |    17000 |     40 |  0.000000E+00 |  0.000000E+00 |  0.0028553906 |             f
   426 |    17040 |     40 |  0.000000E+00 |  0.000000E+00 |  0.0038454587 |             f
   427 |    17080 |     40 |  0.000000E+00 |  0.000000E+00 |  0.0029744621 |             f
   428 |    17120 |     40 |  0.000000E+00 |  0.000000E+00 |  0.0037952621 |             f
   429 |    17160 |     40 |  0.000000E+00 |  0.000000E+00 |  0.0031818921 |             f
   430 |    17200 |     40 |  0.000000E+00 |  0.000000E+00 |  0.0023346860 |             f
   431 |    17240 |     40 |  0.000000E+00 |  0.000000E+00 |  0.0034084431 |             f
   432 |    17280 |     40 |  0.000000E+00 |  0.000000E+00 |  0.0024650990 |             f
   433 |    17320 |     40 |  0.000000E+00 |  0.000000E+00 |  0.0037438811 |             f
   434 |    17360 |     40 |  0.000000E+00 |  0.000000E+00 |  0.0026478367 |             f
   435 |    17400 |     40 |  0.000000E+00 |  0.000000E+00 |  0.0020288928 |             f
   436 |    17440 |     40 |  0.000000E+00 |  0.000000E+00 |  0.0052198678 |             f
   437 |    17480 |     40 |  0.000000E+00 |  0.000000E+00 |  0.0025179233 |             f
   438 |    17520 |     40 |  0.000000E+00 |  0.000000E+00 |  0.0014006498 |             f
   439 |    17560 |     40 |  0.000000E+00 |  0.000000E+00 |  0.0018407639 |             f
   440 |    17600 |     40 |  0.000000E+00 |  0.000000E+00 |  0.0042509476 |             f
   441 |    17640 |     40 |  0.000000E+00 |  0.000000E+00 |  0.0024951224 |             f
   442 |    17680 |     40 |  0.000000E+00 |  0.000000E+00 |  0.0039448435 |             f
   443 |    17720 |     40 |  0.000000E+00 |  0.000000E+00 |  0.0015372869 |             f
   444 |    17760 |     40 |  0.000000E+00 |  0.000000E+00 |  0.0029730492 |             f
   445 |    17800 |     40 |  0.000000E+00 |  0.000000E+00 |  0.0014590190 |             f
   446 |    17840 |     40 |  0.000000E+00 |  0.000000E+00 |  0.0028249360 |             f
   447 |    17880 |     40 |  0.000000E+00 |  0.000000E+00 |  0.0032235492 |             f
   448 |    17920 |     40 |  0.000000E+00 |  0.000000E+00 |  0.0023893010 |             f
   449 |    17960 |     40 |  0.000000E+00 |  0.000000E+00 |  0.0049314805 |             f
   450 |    18000 |     40 |  0.000000E+00 |  0.000000E+00 |  0.0030871958 |             f
   451 |    18040 |     40 |  0.000000E+00 |  0.000000E+00 |  0.0028724223 |         nadir
   452 |    18080 |     40 |  0.000000E+00 |  0.000000E+00 |  0.0013057377 |             f
   453 |    18120 |     40 |  0.000000E+00 |  0.000000E+00 |  0.0020816342 |             f
   454 |    18160 |     40 |  0.000000E+00 |  0.000000E+00 |  0.0038586388 |             f
   455 |    18200 |     40 |  0.000000E+00 |  0.000000E+00 |  0.0028773083 |             f
   456 |    18240 |     40 |  0.000000E+00 |  0.000000E+00 |  0.0040810788 |             f
   457 |    18280 |     40 |  0.000000E+00 |  0.000000E+00 |  0.0029381536 |             f
   458 |    18320 |     40 |  0.000000E+00 |  0.000000E+00 |  0.0044146821 |             f
   459 |    18360 |     40 |  0.000000E+00 |  0.000000E+00 |  0.0020814273 |             f
   460 |    18400 |     40 |  0.000000E+00 |  0.000000E+00 |  0.0031261858 |             f
   461 |    18440 |     40 |  0.000000E+00 |  0.000000E+00 |  0.0023497536 |             f
   462 |    18480 |     40 |  0.000000E+00 |  0.000000E+00 |  0.0049612663 |             f
   463 |    18520 |     40 |  0.000000E+00 |  0.000000E+00 |  0.0020797556 |             f
   464 |    18560 |     40 |  0.000000E+00 |  0.000000E+00 |  0.0041217777 |             f
   465 |    18600 |     40 |  0.000000E+00 |  0.000000E+00 |  0.0021850097 |             f
   466 |    18640 |     40 |  0.000000E+00 |  0.000000E+00 |  0.0036475784 |             f
   467 |    18680 |     40 |  0.000000E+00 |  0.000000E+00 |  0.0039656824 |         nadir
   468 |    18720 |     40 |  0.000000E+00 |  0.000000E+00 |  0.0032885127 |             f
   469 |    18760 |     40 |  0.000000E+00 |  0.000000E+00 |  0.0008561109 |             f
   470 |    18800 |     40 |  0.000000E+00 |  0.000000E+00 |  0.0026545846 |             f
   471 |    18840 |     40 |  0.000000E+00 |  0.000000E+00 |  0.0024980735 |             f
   472 |    18880 |     40 |  0.000000E+00 |  0.000000E+00 |  0.0035358596 |             f
   473 |    18920 |     40 |  0.000000E+00 |  0.000000E+00 |  0.0031015103 |             f
   474 |    18960 |     40 |  0.000000E+00 |  0.000000E+00 |  0.0011026380 |             f
   475 |    19000 |     40 |  0.000000E+00 |  0.000000E+00 |  0.0029259770 |             f
   476 |    19040 |     40 |  0.000000E+00 |  0.000000E+00 |  0.0024185714 |             f
   477 |    19080 |     40 |  0.000000E+00 |  0.000000E+00 |  0.0038794588 |             f
   478 |    19120 |     40 |  0.000000E+00 |  0.000000E+00 |  0.0008550312 |             f
   479 |    19160 |     40 |  0.000000E+00 |  0.000000E+00 |  0.0018006874 |             f
   480 |    19200 |     40 |  0.000000E+00 |  0.000000E+00 |  0.0030992247 |             f
   481 |    19240 |     40 |  0.000000E+00 |  0.000000E+00 |  0.0027356475 |             f
   482 |    19280 |     40 |  0.000000E+00 |  0.000000E+00 |  0.0029300394 |             f
   483 |    19320 |     40 |  0.000000E+00 |  0.000000E+00 |  0.0024573890 |             f
   484 |    19360 |     40 |  0.000000E+00 |  0.000000E+00 |  0.0031298336 |             f
   485 |    19400 |     40 |  0.000000E+00 |  0.000000E+00 |  0.0018863086 |             f
   486 |    19440 |     40 |  0.000000E+00 |  0.000000E+00 |  0.0028246770 |             f
   487 |    19480 |     40 |  0.000000E+00 |  0.000000E+00 |  0.0025556584 |             f
   488 |    19520 |     40 |  0.000000E+00 |  0.000000E+00 |  0.0024093470 |             f
   489 |    19560 |     40 |  0.000000E+00 |  0.000000E+00 |  0.0043603279 |             f
   490 |    19600 |     40 |  0.000000E+00 |  0.000000E+00 |  0.0032975032 |             f
   491 |    19640 |     40 |  0.000000E+00 |  0.000000E+00 |  0.0017115329 |             f
   492 |    19680 |     40 |  0.000000E+00 |  0.000000E+00 |  0.0030636431 |             f
   493 |    19720 |     40 |  0.000000E+00 |  0.000000E+00 |  0.0020049980 |             f
   494 |    19760 |     40 |  0.000000E+00 |  0.000000E+00 |  0.0035715554 |             f
   495 |    19800 |     40 |  0.000000E+00 |  0.000000E+00 |  0.0018261539 |             f
   496 |    19840 |     40 |  0.000000E+00 |  0.000000E+00 |  0.0015716724 |             f
   497 |    19880 |     40 |  0.000000E+00 |  0.000000E+00 |  0.0045656992 |             f
   498 |    19920 |     40 |  0.000000E+00 |  0.000000E+00 |  0.0021493951 |             f
   499 |    19960 |     40 |  0.000000E+00 |  0.000000E+00 |  0.0041799505 |             f
   500 |    20000 |     40 |  0.000000E+00 |  0.000000E+00 |  0.0024172015 |             f
mean B0=71.2428 homogen=124588.0706
mean B0=50.4915 homogen=2918.1972
mean B0=61.039 homogen=42514.8312
mean B0=64.9273 homogen=62111.6074
mean B0=62.3659 homogen=40244.4212
mean B0=70.6141 homogen=117359.6706
mean B0=60.0492 homogen=36580.4486
mean B0=68.885 homogen=102184.4582
mean B0=50.8893 homogen=3056.8797
mean B0=63.7266 homogen=49197.8872
mean B0=56.4295 homogen=23227.2689
mean B0=51.9263 homogen=9062.6748
mean B0=55.7325 homogen=19703.962
mean B0=59.2515 homogen=30362.0936
mean B0=53.4484 homogen=11660.1986
mean B0=67.1315 homogen=81809.2216
mean B0=57.1578 homogen=23378.9425
mean B0=51.8406 homogen=9015.6473
mean B0=67.8613 homogen=91093.9772
mean B0=65.978 homogen=73214.073
mean B0=71.1489 homogen=123644.7314
mean B0=63.0313 homogen=45426.338
mean B0=66.4705 homogen=76607.9731
mean B0=57.0317 homogen=16396.5138
mean B0=58.1659 homogen=21151.2297
mean B0=64.0707 homogen=58877.0652
mean B0=54.982 homogen=16919.2236
mean B0=69.958 homogen=112381.3288
mean B0=64.3579 homogen=59800.7408
mean B0=68.3274 homogen=94523.0706
mean B0=66.7386 homogen=79339.4225
mean B0=62.8547 homogen=44085.3203
mean B0=69.9029 homogen=111824.1375
mean B0=53.9819 homogen=16204.7342
mean B0=57.6834 homogen=18642.0962
mean B0=67.6225 homogen=86625.9201
mean B0=68.6031 homogen=96180.7917
mean B0=69.5548 homogen=106010.7199
mean B0=59.7654 homogen=33786.8123
mean B0=55.1787 homogen=18474.7758
   501 |    20040 |     40 |  0.000000E+00 |  0.000000E+00 |  0.0064212499 |             f
   502 |    20080 |     40 |  0.000000E+00 |  0.000000E+00 |  0.0019056975 |             f
   503 |    20120 |     40 |  0.000000E+00 |  0.000000E+00 |  0.0047490406 |             f
   504 |    20160 |     40 |  0.000000E+00 |  0.000000E+00 |  0.0009343753 |             f
   505 |    20200 |     40 |  0.000000E+00 |  0.000000E+00 |  0.0038224577 |             f
   506 |    20240 |     40 |  0.000000E+00 |  0.000000E+00 |  0.0018606805 |             f
   507 |    20280 |     40 |  0.000000E+00 |  0.000000E+00 |  0.0034461803 |             f
   508 |    20320 |     40 |  0.000000E+00 |  0.000000E+00 |  0.0024914197 |             f
   509 |    20360 |     40 |  0.000000E+00 |  0.000000E+00 |  0.0040842500 |             f
   510 |    20400 |     40 |  0.000000E+00 |  0.000000E+00 |  0.0019924389 |             f
   511 |    20440 |     40 |  0.000000E+00 |  0.000000E+00 |  0.0037830773 |             f
   512 |    20480 |     40 |  0.000000E+00 |  0.000000E+00 |  0.0018233400 |             f
   513 |    20520 |     40 |  0.000000E+00 |  0.000000E+00 |  0.0034074824 |             f
   514 |    20560 |     40 |  0.000000E+00 |  0.000000E+00 |  0.0042468208 |             f
   515 |    20600 |     40 |  0.000000E+00 |  0.000000E+00 |  0.0033425111 |             f
   516 |    20640 |     40 |  0.000000E+00 |  0.000000E+00 |  0.0018707480 |             f
   517 |    20680 |     40 |  0.000000E+00 |  0.000000E+00 |  0.0041755267 |             f
   518 |    20720 |     40 |  0.000000E+00 |  0.000000E+00 |  0.0029144049 |             f
   519 |    20760 |     40 |  0.000000E+00 |  0.000000E+00 |  0.0045888338 |             f
   520 |    20800 |     40 |  0.000000E+00 |  0.000000E+00 |  0.0021446309 |             f
   521 |    20840 |     40 |  0.000000E+00 |  0.000000E+00 |  0.0044935309 |             f
   522 |    20880 |     40 |  0.000000E+00 |  0.000000E+00 |  0.0014022678 |             f
   523 |    20920 |     40 |  0.000000E+00 |  0.000000E+00 |  0.0032928973 |             f
   524 |    20960 |     40 |  0.000000E+00 |  0.000000E+00 |  0.0016044669 |             f
   525 |    21000 |     40 |  0.000000E+00 |  0.000000E+00 |  0.0034518103 |             f
   526 |    21040 |     40 |  0.000000E+00 |  0.000000E+00 |  0.0008643653 |             f
   527 |    21080 |     40 |  0.000000E+00 |  0.000000E+00 |  0.0024665773 |             f
   528 |    21120 |     40 |  0.000000E+00 |  0.000000E+00 |  0.0035975460 |             f
   529 |    21160 |     40 |  0.000000E+00 |  0.000000E+00 |  0.0019836090 |             f
   530 |    21200 |     40 |  0.000000E+00 |  0.000000E+00 |  0.0048256116 |             f
   531 |    21240 |     40 |  0.000000E+00 |  0.000000E+00 |  0.0034149895 |             f
   532 |    21280 |     40 |  0.000000E+00 |  0.000000E+00 |  0.0014597260 |             f
   533 |    21320 |     40 |  0.000000E+00 |  0.000000E+00 |  0.0030429446 |             f
   534 |    21360 |     40 |  0.000000E+00 |  0.000000E+00 |  0.0018034200 |             f
   535 |    21400 |     40 |  0.000000E+00 |  0.000000E+00 |  0.0031752299 |             f
   536 |    21440 |     40 |  0.000000E+00 |  0.000000E+00 |  0.0009082868 |             f
   537 |    21480 |     40 |  0.000000E+00 |  0.000000E+00 |  0.0039300959 |             f
   538 |    21520 |     40 |  0.000000E+00 |  0.000000E+00 |  0.0019712368 |             f
   539 |    21560 |     40 |  0.000000E+00 |  0.000000E+00 |  0.0024314835 |             f
   540 |    21600 |     40 |  0.000000E+00 |  0.000000E+00 |  0.0036224755 |             f
   541 |    21640 |     40 |  0.000000E+00 |  0.000000E+00 |  0.0037670632 |             f
   542 |    21680 |     40 |  0.000000E+00 |  0.000000E+00 |  0.0131395846 |         ideal
   543 |    21720 |     40 |  0.000000E+00 |  0.000000E+00 |  0.0036180783 |             f
   544 |    21760 |     40 |  0.000000E+00 |  0.000000E+00 |  0.0036625076 |             f
   545 |    21800 |     40 |  0.000000E+00 |  0.000000E+00 |  0.0016856226 |             f
   546 |    21840 |     40 |  0.000000E+00 |  0.000000E+00 |  0.0027024981 |             f
   547 |    21880 |     40 |  0.000000E+00 |  0.000000E+00 |  0.0030502488 |             f
   548 |    21920 |     40 |  0.000000E+00 |  0.000000E+00 |  0.0042041858 |             f
   549 |    21960 |     40 |  0.000000E+00 |  0.000000E+00 |  0.0033979862 |             f
   550 |    22000 |     40 |  0.000000E+00 |  0.000000E+00 |  0.0035617160 |             f
   551 |    22040 |     40 |  0.000000E+00 |  0.000000E+00 |  0.0018299413 |             f
   552 |    22080 |     40 |  0.000000E+00 |  0.000000E+00 |  0.0045504836 |             f
   553 |    22120 |     40 |  0.000000E+00 |  0.000000E+00 |  0.0021081791 |             f
   554 |    22160 |     40 |  0.000000E+00 |  0.000000E+00 |  0.0028588695 |             f
   555 |    22200 |     40 |  0.000000E+00 |  0.000000E+00 |  0.0043027153 |             f
   556 |    22240 |     40 |  0.000000E+00 |  0.000000E+00 |  0.0040877365 |             f
   557 |    22280 |     40 |  0.000000E+00 |  0.000000E+00 |  0.0026882781 |             f
   558 |    22320 |     40 |  0.000000E+00 |  0.000000E+00 |  0.0043907422 |             f
   559 |    22360 |     40 |  0.000000E+00 |  0.000000E+00 |  0.0024525367 |             f
   560 |    22400 |     40 |  0.000000E+00 |  0.000000E+00 |  0.0052856990 |             f
   561 |    22440 |     40 |  0.000000E+00 |  0.000000E+00 |  0.0027187737 |             f
   562 |    22480 |     40 |  0.000000E+00 |  0.000000E+00 |  0.0013156268 |             f
   563 |    22520 |     40 |  0.000000E+00 |  0.000000E+00 |  0.0044460385 |             f
   564 |    22560 |     40 |  0.000000E+00 |  0.000000E+00 |  0.0036065432 |             f
   565 |    22600 |     40 |  0.000000E+00 |  0.000000E+00 |  0.0013901523 |             f
   566 |    22640 |     40 |  0.000000E+00 |  0.000000E+00 |  0.0033568925 |             f
   567 |    22680 |     40 |  0.000000E+00 |  0.000000E+00 |  0.0031703214 |             f
   568 |    22720 |     40 |  0.000000E+00 |  0.000000E+00 |  0.0035095292 |             f
   569 |    22760 |     40 |  0.000000E+00 |  0.000000E+00 |  0.0028016437 |             f
   570 |    22800 |     40 |  0.000000E+00 |  0.000000E+00 |  0.0028612097 |             f
   571 |    22840 |     40 |  0.000000E+00 |  0.000000E+00 |  0.0028921699 |             f
   572 |    22880 |     40 |  0.000000E+00 |  0.000000E+00 |  0.0012512036 |             f
   573 |    22920 |     40 |  0.000000E+00 |  0.000000E+00 |  0.0022163937 |             f
   574 |    22960 |     40 |  0.000000E+00 |  0.000000E+00 |  0.0051959502 |             f
   575 |    23000 |     40 |  0.000000E+00 |  0.000000E+00 |  0.0024918781 |             f
   576 |    23040 |     40 |  0.000000E+00 |  0.000000E+00 |  0.0049874224 |             f
   577 |    23080 |     40 |  0.000000E+00 |  0.000000E+00 |  0.0022157553 |             f
   578 |    23120 |     40 |  0.000000E+00 |  0.000000E+00 |  0.0039475398 |             f
   579 |    23160 |     40 |  0.000000E+00 |  0.000000E+00 |  0.0020123811 |             f
   580 |    23200 |     40 |  0.000000E+00 |  0.000000E+00 |  0.0030907136 |             f
   581 |    23240 |     40 |  0.000000E+00 |  0.000000E+00 |  0.0018466899 |             f
   582 |    23280 |     40 |  0.000000E+00 |  0.000000E+00 |  0.0043272582 |             f
   583 |    23320 |     40 |  0.000000E+00 |  0.000000E+00 |  0.0034045678 |             f
   584 |    23360 |     40 |  0.000000E+00 |  0.000000E+00 |  0.0022975166 |             f
   585 |    23400 |     40 |  0.000000E+00 |  0.000000E+00 |  0.0034288701 |             f
   586 |    23440 |     40 |  0.000000E+00 |  0.000000E+00 |  0.0034221862 |             f
   587 |    23480 |     40 |  0.000000E+00 |  0.000000E+00 |  0.0044951518 |             f
   588 |    23520 |     40 |  0.000000E+00 |  0.000000E+00 |  0.0025471791 |             f
   589 |    23560 |     40 |  0.000000E+00 |  0.000000E+00 |  0.0032654860 |             f
   590 |    23600 |     40 |  0.000000E+00 |  0.000000E+00 |  0.0027295555 |             f
   591 |    23640 |     40 |  0.000000E+00 |  0.000000E+00 |  0.0049164988 |             f
   592 |    23680 |     40 |  0.000000E+00 |  0.000000E+00 |  0.0026768125 |             f
   593 |    23720 |     40 |  0.000000E+00 |  0.000000E+00 |  0.0016963060 |             f
   594 |    23760 |     40 |  0.000000E+00 |  0.000000E+00 |  0.0032634867 |             f
   595 |    23800 |     40 |  0.000000E+00 |  0.000000E+00 |  0.0026383544 |             f
   596 |    23840 |     40 |  0.000000E+00 |  0.000000E+00 |  0.0031609784 |             f
   597 |    23880 |     40 |  0.000000E+00 |  0.000000E+00 |  0.0012504209 |             f
   598 |    23920 |     40 |  0.000000E+00 |  0.000000E+00 |  0.0034065829 |             f
   599 |    23960 |     40 |  0.000000E+00 |  0.000000E+00 |  0.0008533074 |             f
   600 |    24000 |     40 |  0.000000E+00 |  0.000000E+00 |  0.0039902036 |             f
mean B0=71.5176 homogen=124497.0392
mean B0=50.4923 homogen=2923.3357
mean B0=50.4923 homogen=2923.3357
mean B0=55.1469 homogen=10863.3928
mean B0=69.7332 homogen=106537.5676
mean B0=67.3823 homogen=86773.6412
mean B0=68.0893 homogen=91657.915
mean B0=54.1569 homogen=14827.1845
mean B0=56.1309 homogen=20941.8737
mean B0=70.4267 homogen=115181.3768
mean B0=62.8996 homogen=42571.9305
mean B0=68.902 homogen=100152.8728
mean B0=61.5322 homogen=44038.9457
mean B0=68.4251 homogen=96968.0079
mean B0=51.2481 homogen=2871.116
mean B0=52.1857 homogen=5103.4728
mean B0=56.7268 homogen=25817.3024
mean B0=59.5835 homogen=31996.0171
mean B0=69.4583 homogen=103825.4552
mean B0=63.8772 homogen=49934.3386
mean B0=53.0292 homogen=6388.9964
mean B0=65.6317 homogen=66784.1823
mean B0=66.3656 homogen=73750.4422
mean B0=58.9271 homogen=26835.4534
mean B0=71.1405 homogen=120935.9379
mean B0=64.4649 homogen=57054.7141
mean B0=67.0902 homogen=81095.6736
mean B0=51.9346 homogen=4702.5414
mean B0=66.719 homogen=78130.7
mean B0=64.6896 homogen=58997.6579
mean B0=65.1677 homogen=61683.4226
mean B0=63.6053 homogen=47442.7954
mean B0=70.7702 homogen=118774.4587
mean B0=60.5149 homogen=40588.6441
mean B0=66.0043 homogen=71269.9945
mean B0=61.1536 homogen=42032.1141
mean B0=58.0615 homogen=26923.1246
mean B0=65.3938 homogen=63624.1063
mean B0=60.0417 homogen=37282.9643
mean B0=57.2797 homogen=25392.5618
   601 |    24040 |     40 |  0.000000E+00 |  0.000000E+00 |  0.0024434846 |             f
   602 |    24080 |     40 |  0.000000E+00 |  0.000000E+00 |  0.0033111326 |             f
   603 |    24120 |     40 |  0.000000E+00 |  0.000000E+00 |  0.0016738954 |             f
   604 |    24160 |     40 |  0.000000E+00 |  0.000000E+00 |  0.0044337298 |             f
   605 |    24200 |     40 |  0.000000E+00 |  0.000000E+00 |  0.0024018640 |             f
   606 |    24240 |     40 |  0.000000E+00 |  0.000000E+00 |  0.0027472483 |             f
   607 |    24280 |     40 |  0.000000E+00 |  0.000000E+00 |  0.0032452693 |             f
   608 |    24320 |     40 |  0.000000E+00 |  0.000000E+00 |  0.0033625736 |             f
   609 |    24360 |     40 |  0.000000E+00 |  0.000000E+00 |  0.0023386812 |             f
   610 |    24400 |     40 |  0.000000E+00 |  0.000000E+00 |  0.0043506950 |             f
   611 |    24440 |     40 |  0.000000E+00 |  0.000000E+00 |  0.0022288516 |             f
   612 |    24480 |     40 |  0.000000E+00 |  0.000000E+00 |  0.0026904041 |             f
   613 |    24520 |     40 |  0.000000E+00 |  0.000000E+00 |  0.0022113516 |             f
   614 |    24560 |     40 |  0.000000E+00 |  0.000000E+00 |  0.0028889685 |             f
   615 |    24600 |     40 |  0.000000E+00 |  0.000000E+00 |  0.0025181024 |             f
   616 |    24640 |     40 |  0.000000E+00 |  0.000000E+00 |  0.0025505125 |             f
   617 |    24680 |     40 |  0.000000E+00 |  0.000000E+00 |  0.0016880792 |             f
   618 |    24720 |     40 |  0.000000E+00 |  0.000000E+00 |  0.0055052619 |             f
   619 |    24760 |     40 |  0.000000E+00 |  0.000000E+00 |  0.0012598226 |             f
   620 |    24800 |     40 |  0.000000E+00 |  0.000000E+00 |  0.0029135489 |             f
   621 |    24840 |     40 |  0.000000E+00 |  0.000000E+00 |  0.0024930970 |             f
   622 |    24880 |     40 |  0.000000E+00 |  0.000000E+00 |  0.0032564300 |             f
   623 |    24920 |     40 |  0.000000E+00 |  0.000000E+00 |  0.0025175081 |             f
   624 |    24960 |     40 |  0.000000E+00 |  0.000000E+00 |  0.0011500088 |             f
   625 |    25000 |     40 |  0.000000E+00 |  0.000000E+00 |  0.0020356512 |             f
   626 |    25040 |     40 |  0.000000E+00 |  0.000000E+00 |  0.0036784140 |             f
   627 |    25080 |     40 |  0.000000E+00 |  0.000000E+00 |  0.0025270382 |             f
   628 |    25120 |     40 |  0.000000E+00 |  0.000000E+00 |  0.0013961188 |             f
   629 |    25160 |     40 |  0.000000E+00 |  0.000000E+00 |  0.0060283692 |         nadir
   630 |    25200 |     40 |  0.000000E+00 |  0.000000E+00 |  0.0044541993 |             f
   631 |    25240 |     40 |  0.000000E+00 |  0.000000E+00 |  0.0021502251 |             f
   632 |    25280 |     40 |  0.000000E+00 |  0.000000E+00 |  0.0027389102 |             f
   633 |    25320 |     40 |  0.000000E+00 |  0.000000E+00 |  0.0021217846 |             f
   634 |    25360 |     40 |  0.000000E+00 |  0.000000E+00 |  0.0040679162 |             f
   635 |    25400 |     40 |  0.000000E+00 |  0.000000E+00 |  0.0016932758 |             f
   636 |    25440 |     40 |  0.000000E+00 |  0.000000E+00 |  0.0044726948 |             f
   637 |    25480 |     40 |  0.000000E+00 |  0.000000E+00 |  0.0017353792 |             f
   638 |    25520 |     40 |  0.000000E+00 |  0.000000E+00 |  0.0021702004 |             f
   639 |    25560 |     40 |  0.000000E+00 |  0.000000E+00 |  0.0025894203 |             f
   640 |    25600 |     40 |  0.000000E+00 |  0.000000E+00 |  0.0034504830 |             f
   641 |    25640 |     40 |  0.000000E+00 |  0.000000E+00 |  0.0034371087 |             f
   642 |    25680 |     40 |  0.000000E+00 |  0.000000E+00 |  0.0045877048 |             f
   643 |    25720 |     40 |  0.000000E+00 |  0.000000E+00 |  0.0009825542 |             f
   644 |    25760 |     40 |  0.000000E+00 |  0.000000E+00 |  0.0037090391 |             f
   645 |    25800 |     40 |  0.000000E+00 |  0.000000E+00 |  0.0033560401 |             f
   646 |    25840 |     40 |  0.000000E+00 |  0.000000E+00 |  0.0033164787 |             f
   647 |    25880 |     40 |  0.000000E+00 |  0.000000E+00 |  0.0016635150 |             f
   648 |    25920 |     40 |  0.000000E+00 |  0.000000E+00 |  0.0037150311 |             f
   649 |    25960 |     40 |  0.000000E+00 |  0.000000E+00 |  0.0029142068 |             f
   650 |    26000 |     40 |  0.000000E+00 |  0.000000E+00 |  0.0030549000 |             f
   651 |    26040 |     40 |  0.000000E+00 |  0.000000E+00 |  0.0027315385 |             f
   652 |    26080 |     40 |  0.000000E+00 |  0.000000E+00 |  0.0037157621 |             f
   653 |    26120 |     40 |  0.000000E+00 |  0.000000E+00 |  0.0045908892 |             f
   654 |    26160 |     40 |  0.000000E+00 |  0.000000E+00 |  0.0023300344 |             f
   655 |    26200 |     40 |  0.000000E+00 |  0.000000E+00 |  0.0044885546 |             f
   656 |    26240 |     40 |  0.000000E+00 |  0.000000E+00 |  0.0031323869 |             f
   657 |    26280 |     40 |  0.000000E+00 |  0.000000E+00 |  0.0031140192 |             f
   658 |    26320 |     40 |  0.000000E+00 |  0.000000E+00 |  0.0023269212 |             f
   659 |    26360 |     40 |  0.000000E+00 |  0.000000E+00 |  0.0043594344 |             f
   660 |    26400 |     40 |  0.000000E+00 |  0.000000E+00 |  0.0016060533 |             f
   661 |    26440 |     40 |  0.000000E+00 |  0.000000E+00 |  0.0030113511 |             f
   662 |    26480 |     40 |  0.000000E+00 |  0.000000E+00 |  0.0034621955 |             f
   663 |    26520 |     40 |  0.000000E+00 |  0.000000E+00 |  0.0031674920 |             f
   664 |    26560 |     40 |  0.000000E+00 |  0.000000E+00 |  0.0037364762 |             f
   665 |    26600 |     40 |  0.000000E+00 |  0.000000E+00 |  0.0047583133 |             f
   666 |    26640 |     40 |  0.000000E+00 |  0.000000E+00 |  0.0017361963 |             f
   667 |    26680 |     40 |  0.000000E+00 |  0.000000E+00 |  0.0039961252 |             f
   668 |    26720 |     40 |  0.000000E+00 |  0.000000E+00 |  0.0032956760 |             f
   669 |    26760 |     40 |  0.000000E+00 |  0.000000E+00 |  0.0027149310 |             f
   670 |    26800 |     40 |  0.000000E+00 |  0.000000E+00 |  0.0045150325 |             f
   671 |    26840 |     40 |  0.000000E+00 |  0.000000E+00 |  0.0019046815 |             f
   672 |    26880 |     40 |  0.000000E+00 |  0.000000E+00 |  0.0028387150 |             f
   673 |    26920 |     40 |  0.000000E+00 |  0.000000E+00 |  0.0026659303 |             f
   674 |    26960 |     40 |  0.000000E+00 |  0.000000E+00 |  0.0022361978 |             f
   675 |    27000 |     40 |  0.000000E+00 |  0.000000E+00 |  0.0056002674 |             f
   676 |    27040 |     40 |  0.000000E+00 |  0.000000E+00 |  0.0024096229 |             f
   677 |    27080 |     40 |  0.000000E+00 |  0.000000E+00 |  0.0044738996 |             f
   678 |    27120 |     40 |  0.000000E+00 |  0.000000E+00 |  0.0022674993 |             f
   679 |    27160 |     40 |  0.000000E+00 |  0.000000E+00 |  0.0046421667 |             f
   680 |    27200 |     40 |  0.000000E+00 |  0.000000E+00 |  0.0018002529 |             f
   681 |    27240 |     40 |  0.000000E+00 |  0.000000E+00 |  0.0038423023 |             f
   682 |    27280 |     40 |  0.000000E+00 |  0.000000E+00 |  0.0032362578 |             f
   683 |    27320 |     40 |  0.000000E+00 |  0.000000E+00 |  0.0029606794 |             f
   684 |    27360 |     40 |  0.000000E+00 |  0.000000E+00 |  0.0026930610 |             f
   685 |    27400 |     40 |  0.000000E+00 |  0.000000E+00 |  0.0029519361 |             f
   686 |    27440 |     40 |  0.000000E+00 |  0.000000E+00 |  0.0024481470 |             f
   687 |    27480 |     40 |  0.000000E+00 |  0.000000E+00 |  0.0055485114 |             f
   688 |    27520 |     40 |  0.000000E+00 |  0.000000E+00 |  0.0027443571 |             f
   689 |    27560 |     40 |  0.000000E+00 |  0.000000E+00 |  0.0029589609 |             f
   690 |    27600 |     40 |  0.000000E+00 |  0.000000E+00 |  0.0021897651 |             f
   691 |    27640 |     40 |  0.000000E+00 |  0.000000E+00 |  0.0053616782 |             f
   692 |    27680 |     40 |  0.000000E+00 |  0.000000E+00 |  0.0024122804 |             f
   693 |    27720 |     40 |  0.000000E+00 |  0.000000E+00 |  0.0044494303 |             f
   694 |    27760 |     40 |  0.000000E+00 |  0.000000E+00 |  0.0035323796 |         ideal
   695 |    27800 |     40 |  0.000000E+00 |  0.000000E+00 |  0.0035801366 |             f
   696 |    27840 |     40 |  0.000000E+00 |  0.000000E+00 |  0.0035118203 |             f
   697 |    27880 |     40 |  0.000000E+00 |  0.000000E+00 |  0.0009616703 |             f
   698 |    27920 |     40 |  0.000000E+00 |  0.000000E+00 |  0.0028517820 |             f
   699 |    27960 |     40 |  0.000000E+00 |  0.000000E+00 |  0.0031112401 |             f
   700 |    28000 |     40 |  0.000000E+00 |  0.000000E+00 |  0.0027152763 |             f
mean B0=71.6322 homogen=127866.8906
mean B0=71.6322 homogen=127866.8906
mean B0=50.5964 homogen=2771.8484
mean B0=69.6037 homogen=110577.2809
mean B0=55.2514 homogen=15306.7762
mean B0=69.5011 homogen=104245.0315
mean B0=60.8359 homogen=40695.8549
mean B0=63.8141 homogen=48576.9158
mean B0=61.5062 homogen=44389.251
mean B0=53.5645 homogen=9870.3572
mean B0=64.9403 homogen=60597.3272
mean B0=52.6957 homogen=6714.306
mean B0=66.5084 homogen=75145.6931
mean B0=70.976 homogen=119040.4044
mean B0=68.7862 homogen=97025.6499
mean B0=51.745 homogen=3826.1702
mean B0=51.5666 homogen=2765.8645
mean B0=55.8102 homogen=16371.0587
mean B0=67.5731 homogen=86498.2418
mean B0=60.0869 homogen=32172.7677
mean B0=62.2146 homogen=40957.4231
mean B0=67.0826 homogen=80089.1108
mean B0=58.5117 homogen=29629.926
mean B0=56.5756 homogen=24888.3561
mean B0=63.6676 homogen=48520.9017
mean B0=66.0388 homogen=71834.2994
mean B0=70.976 homogen=119040.4044
mean B0=62.9598 homogen=42493.4416
mean B0=57.3224 homogen=23721.3796
mean B0=52.9778 homogen=12068.0514
mean B0=50.6003 homogen=3043.794
mean B0=58.5588 homogen=31173.8229
mean B0=68.4866 homogen=94664.9022
mean B0=59.2356 homogen=32377.4768
mean B0=71.3186 homogen=122804.5621
mean B0=57.5749 homogen=27204.2735
mean B0=65.5213 homogen=64723.7254
mean B0=59.4139 homogen=32323.8511
mean B0=59.8947 homogen=31616.0049
mean B0=56.2187 homogen=19732.198
   701 |    28040 |     40 |  0.000000E+00 |  0.000000E+00 |  0.0028222758 |             f
   702 |    28080 |     40 |  0.000000E+00 |  0.000000E+00 |  0.0012795145 |             f
   703 |    28120 |     40 |  0.000000E+00 |  0.000000E+00 |  0.0044895462 |             f
   704 |    28160 |     40 |  0.000000E+00 |  0.000000E+00 |  0.0040873096 |             f
   705 |    28200 |     40 |  0.000000E+00 |  0.000000E+00 |  0.0024821017 |             f
   706 |    28240 |     40 |  0.000000E+00 |  0.000000E+00 |  0.0052606262 |             f
   707 |    28280 |     40 |  0.000000E+00 |  0.000000E+00 |  0.0026105448 |             f
   708 |    28320 |     40 |  0.000000E+00 |  0.000000E+00 |  0.0018739790 |             f
   709 |    28360 |     40 |  0.000000E+00 |  0.000000E+00 |  0.0035689629 |             f
   710 |    28400 |     40 |  0.000000E+00 |  0.000000E+00 |  0.0028749272 |             f
   711 |    28440 |     40 |  0.000000E+00 |  0.000000E+00 |  0.0011968110 |             f
   712 |    28480 |     40 |  0.000000E+00 |  0.000000E+00 |  0.0031576500 |             f
   713 |    28520 |     40 |  0.000000E+00 |  0.000000E+00 |  0.0027309065 |             f
   714 |    28560 |     40 |  0.000000E+00 |  0.000000E+00 |  0.0031774070 |             f
   715 |    28600 |     40 |  0.000000E+00 |  0.000000E+00 |  0.0018406142 |             f
   716 |    28640 |     40 |  0.000000E+00 |  0.000000E+00 |  0.0028976294 |             f
   717 |    28680 |     40 |  0.000000E+00 |  0.000000E+00 |  0.0023992181 |             f
   718 |    28720 |     40 |  0.000000E+00 |  0.000000E+00 |  0.0046544261 |             f
   719 |    28760 |     40 |  0.000000E+00 |  0.000000E+00 |  0.0021825894 |             f
   720 |    28800 |     40 |  0.000000E+00 |  0.000000E+00 |  0.0041220048 |             f
   721 |    28840 |     40 |  0.000000E+00 |  0.000000E+00 |  0.0021904658 |             f
   722 |    28880 |     40 |  0.000000E+00 |  0.000000E+00 |  0.0024017470 |             f
   723 |    28920 |     40 |  0.000000E+00 |  0.000000E+00 |  0.0052593792 |             f
   724 |    28960 |     40 |  0.000000E+00 |  0.000000E+00 |  0.0024629335 |             f
   725 |    29000 |     40 |  0.000000E+00 |  0.000000E+00 |  0.0047694405 |             f
   726 |    29040 |     40 |  0.000000E+00 |  0.000000E+00 |  0.0036536613 |             f
   727 |    29080 |     40 |  0.000000E+00 |  0.000000E+00 |  0.0019258758 |             f
   728 |    29120 |     40 |  0.000000E+00 |  0.000000E+00 |  0.0037366815 |             f
   729 |    29160 |     40 |  0.000000E+00 |  0.000000E+00 |  0.0027572821 |             f
   730 |    29200 |     40 |  0.000000E+00 |  0.000000E+00 |  0.0017874321 |             f
   731 |    29240 |     40 |  0.000000E+00 |  0.000000E+00 |  0.0039553976 |             f
   732 |    29280 |     40 |  0.000000E+00 |  0.000000E+00 |  0.0238868626 |         nadir
   733 |    29320 |     40 |  0.000000E+00 |  0.000000E+00 |  0.0029175261 |             f
   734 |    29360 |     40 |  0.000000E+00 |  0.000000E+00 |  0.0031764489 |             f
   735 |    29400 |     40 |  0.000000E+00 |  0.000000E+00 |  0.0030327389 |             f
   736 |    29440 |     40 |  0.000000E+00 |  0.000000E+00 |  0.0017049764 |             f
   737 |    29480 |     40 |  0.000000E+00 |  0.000000E+00 |  0.0040218702 |             f
   738 |    29520 |     40 |  0.000000E+00 |  0.000000E+00 |  0.0004216881 |             f
   739 |    29560 |     40 |  0.000000E+00 |  0.000000E+00 |  0.0022778921 |             f
   740 |    29600 |     40 |  0.000000E+00 |  0.000000E+00 |  0.0038866275 |             f
   741 |    29640 |     40 |  0.000000E+00 |  0.000000E+00 |  0.0030296225 |             f
   742 |    29680 |     40 |  0.000000E+00 |  0.000000E+00 |  0.0022909556 |             f
   743 |    29720 |     40 |  0.000000E+00 |  0.000000E+00 |  0.0037015195 |             f
   744 |    29760 |     40 |  0.000000E+00 |  0.000000E+00 |  0.0033120022 |             f
   745 |    29800 |     40 |  0.000000E+00 |  0.000000E+00 |  0.0017980745 |             f
   746 |    29840 |     40 |  0.000000E+00 |  0.000000E+00 |  0.0033455569 |             f
   747 |    29880 |     40 |  0.000000E+00 |  0.000000E+00 |  0.0028351540 |             f
   748 |    29920 |     40 |  0.000000E+00 |  0.000000E+00 |  0.0025501449 |             f
   749 |    29960 |     40 |  0.000000E+00 |  0.000000E+00 |  0.0038592333 |             f
   750 |    30000 |     40 |  0.000000E+00 |  0.000000E+00 |  0.0017842316 |             f
   751 |    30040 |     40 |  0.000000E+00 |  0.000000E+00 |  0.0041903708 |             f
   752 |    30080 |     40 |  0.000000E+00 |  0.000000E+00 |  0.0032971387 |             f
   753 |    30120 |     40 |  0.000000E+00 |  0.000000E+00 |  0.0024585618 |             f
   754 |    30160 |     40 |  0.000000E+00 |  0.000000E+00 |  0.0044192170 |             f
   755 |    30200 |     40 |  0.000000E+00 |  0.000000E+00 |  0.0029525177 |             f
   756 |    30240 |     40 |  0.000000E+00 |  0.000000E+00 |  0.0027362244 |             f
   757 |    30280 |     40 |  0.000000E+00 |  0.000000E+00 |  0.0017481691 |             f
   758 |    30320 |     40 |  0.000000E+00 |  0.000000E+00 |  0.0045033950 |             f
   759 |    30360 |     40 |  0.000000E+00 |  0.000000E+00 |  0.0010401646 |             f
   760 |    30400 |     40 |  0.000000E+00 |  0.000000E+00 |  0.0020706014 |             f
   761 |    30440 |     40 |  0.000000E+00 |  0.000000E+00 |  0.0048752437 |             f
   762 |    30480 |     40 |  0.000000E+00 |  0.000000E+00 |  0.0014318346 |             f
   763 |    30520 |     40 |  0.000000E+00 |  0.000000E+00 |  0.0036216796 |             f
   764 |    30560 |     40 |  0.000000E+00 |  0.000000E+00 |  0.0033626234 |             f
   765 |    30600 |     40 |  0.000000E+00 |  0.000000E+00 |  0.0024499721 |             f
   766 |    30640 |     40 |  0.000000E+00 |  0.000000E+00 |  0.0041962041 |             f
   767 |    30680 |     40 |  0.000000E+00 |  0.000000E+00 |  0.0026701233 |             f
   768 |    30720 |     40 |  0.000000E+00 |  0.000000E+00 |  0.0017865659 |             f
   769 |    30760 |     40 |  0.000000E+00 |  0.000000E+00 |  0.0043107533 |             f
   770 |    30800 |     40 |  0.000000E+00 |  0.000000E+00 |  0.0012995853 |             f
   771 |    30840 |     40 |  0.000000E+00 |  0.000000E+00 |  0.0024086661 |             f
   772 |    30880 |     40 |  0.000000E+00 |  0.000000E+00 |  0.0035666004 |             f
   773 |    30920 |     40 |  0.000000E+00 |  0.000000E+00 |  0.0013961953 |             f
   774 |    30960 |     40 |  0.000000E+00 |  0.000000E+00 |  0.0045781208 |             f
   775 |    31000 |     40 |  0.000000E+00 |  0.000000E+00 |  0.0044822887 |             f
   776 |    31040 |     40 |  0.000000E+00 |  0.000000E+00 |  0.0017393867 |             f
   777 |    31080 |     40 |  0.000000E+00 |  0.000000E+00 |  0.0051736270 |             f
   778 |    31120 |     40 |  0.000000E+00 |  0.000000E+00 |  0.0017213542 |             f
   779 |    31160 |     40 |  0.000000E+00 |  0.000000E+00 |  0.0051001048 |             f
   780 |    31200 |     40 |  0.000000E+00 |  0.000000E+00 |  0.0048082047 |             f
   781 |    31240 |     40 |  0.000000E+00 |  0.000000E+00 |  0.0036692976 |             f
   782 |    31280 |     40 |  0.000000E+00 |  0.000000E+00 |  0.0041976961 |             f
   783 |    31320 |     40 |  0.000000E+00 |  0.000000E+00 |  0.0041949680 |         ideal
   784 |    31360 |     40 |  0.000000E+00 |  0.000000E+00 |  0.0015041015 |             f
   785 |    31400 |     40 |  0.000000E+00 |  0.000000E+00 |  0.0024984127 |             f
   786 |    31440 |     40 |  0.000000E+00 |  0.000000E+00 |  0.0041533866 |             f
   787 |    31480 |     40 |  0.000000E+00 |  0.000000E+00 |  0.0026956395 |             f
   788 |    31520 |     40 |  0.000000E+00 |  0.000000E+00 |  0.0032034295 |             f
   789 |    31560 |     40 |  0.000000E+00 |  0.000000E+00 |  0.0028032279 |             f
   790 |    31600 |     40 |  0.000000E+00 |  0.000000E+00 |  0.0015289953 |             f
   791 |    31640 |     40 |  0.000000E+00 |  0.000000E+00 |  0.0027642600 |             f
   792 |    31680 |     40 |  0.000000E+00 |  0.000000E+00 |  0.0012039929 |             f
   793 |    31720 |     40 |  0.000000E+00 |  0.000000E+00 |  0.0058095207 |             f
   794 |    31760 |     40 |  0.000000E+00 |  0.000000E+00 |  0.0024008813 |             f
   795 |    31800 |     40 |  0.000000E+00 |  0.000000E+00 |  0.0058046388 |             f
   796 |    31840 |     40 |  0.000000E+00 |  0.000000E+00 |  0.0038463754 |             f
   797 |    31880 |     40 |  0.000000E+00 |  0.000000E+00 |  0.0021455835 |             f
   798 |    31920 |     40 |  0.000000E+00 |  0.000000E+00 |  0.0038794576 |             f
   799 |    31960 |     40 |  0.000000E+00 |  0.000000E+00 |  0.0033154886 |             f
   800 |    32000 |     40 |  0.000000E+00 |  0.000000E+00 |  0.0010468920 |             f
mean B0=50.5964 homogen=2773.2947
mean B0=71.7207 homogen=124554.5195
mean B0=50.5964 homogen=2773.2947
mean B0=51.8357 homogen=4076.0
mean B0=67.169 homogen=81018.3346
mean B0=71.3232 homogen=122993.5152
mean B0=70.285 homogen=112161.0409
mean B0=56.5399 homogen=19729.6689
mean B0=57.5192 homogen=26310.5829
mean B0=53.0171 homogen=8139.2101
mean B0=60.5784 homogen=32579.097
mean B0=66.3039 homogen=72763.0906
mean B0=58.3278 homogen=24865.9825
mean B0=61.4501 homogen=40239.034
mean B0=59.1133 homogen=31291.1694
mean B0=69.1843 homogen=101013.5478
mean B0=61.9689 homogen=41105.454
mean B0=54.2086 homogen=7573.0627
mean B0=68.3209 homogen=94132.3201
mean B0=68.7456 homogen=96716.8734
mean B0=67.7968 homogen=90626.4221
mean B0=62.6818 homogen=42209.0255
mean B0=63.2216 homogen=43922.0677
mean B0=55.7238 homogen=18417.0635
mean B0=50.6184 homogen=3144.0964
mean B0=59.5842 homogen=26694.3063
mean B0=69.9101 homogen=111107.8335
mean B0=65.6357 homogen=68832.2595
mean B0=55.7238 homogen=18414.93
mean B0=59.4278 homogen=26656.7616
mean B0=65.091 homogen=63837.5745
mean B0=67.4844 homogen=87561.0183
mean B0=65.2522 homogen=66416.296
mean B0=69.5616 homogen=106811.3694
mean B0=66.142 homogen=70714.7508
mean B0=54.1606 homogen=7457.3301
mean B0=53.7485 homogen=7395.6305
mean B0=64.6377 homogen=56084.1863
mean B0=69.4379 homogen=105794.9746
mean B0=63.6142 homogen=47232.1315
   801 |    32040 |     40 |  0.000000E+00 |  0.000000E+00 |  0.0042955088 |             f
   802 |    32080 |     40 |  0.000000E+00 |  0.000000E+00 |  0.0015806774 |             f
   803 |    32120 |     40 |  0.000000E+00 |  0.000000E+00 |  0.0037239267 |             f
   804 |    32160 |     40 |  0.000000E+00 |  0.000000E+00 |  0.0012813842 |             f
   805 |    32200 |     40 |  0.000000E+00 |  0.000000E+00 |  0.0021597794 |             f
   806 |    32240 |     40 |  0.000000E+00 |  0.000000E+00 |  0.0028171474 |             f
   807 |    32280 |     40 |  0.000000E+00 |  0.000000E+00 |  0.0022776768 |             f
   808 |    32320 |     40 |  0.000000E+00 |  0.000000E+00 |  0.0046346549 |             f
   809 |    32360 |     40 |  0.000000E+00 |  0.000000E+00 |  0.0021309502 |             f
   810 |    32400 |     40 |  0.000000E+00 |  0.000000E+00 |  0.0037159586 |             f
   811 |    32440 |     40 |  0.000000E+00 |  0.000000E+00 |  0.0029658836 |             f
   812 |    32480 |     40 |  0.000000E+00 |  0.000000E+00 |  0.0045963104 |             f
   813 |    32520 |     40 |  0.000000E+00 |  0.000000E+00 |  0.0035701434 |             f
   814 |    32560 |     40 |  0.000000E+00 |  0.000000E+00 |  0.0033488016 |             f
   815 |    32600 |     40 |  0.000000E+00 |  0.000000E+00 |  0.0023828223 |             f
   816 |    32640 |     40 |  0.000000E+00 |  0.000000E+00 |  0.0044808360 |             f
   817 |    32680 |     40 |  0.000000E+00 |  0.000000E+00 |  0.0031994146 |             f
   818 |    32720 |     40 |  0.000000E+00 |  0.000000E+00 |  0.0030692120 |             f
   819 |    32760 |     40 |  0.000000E+00 |  0.000000E+00 |  0.0023844867 |             f
   820 |    32800 |     40 |  0.000000E+00 |  0.000000E+00 |  0.0042838460 |             f
   821 |    32840 |     40 |  0.000000E+00 |  0.000000E+00 |  0.0039648227 |             f
   822 |    32880 |     40 |  0.000000E+00 |  0.000000E+00 |  0.0030775594 |             f
   823 |    32920 |     40 |  0.000000E+00 |  0.000000E+00 |  0.0024969062 |             f
   824 |    32960 |     40 |  0.000000E+00 |  0.000000E+00 |  0.0044070963 |             f
   825 |    33000 |     40 |  0.000000E+00 |  0.000000E+00 |  0.0020521324 |             f
   826 |    33040 |     40 |  0.000000E+00 |  0.000000E+00 |  0.0035390569 |             f
   827 |    33080 |     40 |  0.000000E+00 |  0.000000E+00 |  0.0024701037 |             f
   828 |    33120 |     40 |  0.000000E+00 |  0.000000E+00 |  0.0034188583 |             f
   829 |    33160 |     40 |  0.000000E+00 |  0.000000E+00 |  0.0024598114 |             f
   830 |    33200 |     40 |  0.000000E+00 |  0.000000E+00 |  0.0051586198 |             f
   831 |    33240 |     40 |  0.000000E+00 |  0.000000E+00 |  0.0033956275 |             f
   832 |    33280 |     40 |  0.000000E+00 |  0.000000E+00 |  0.0033667661 |             f
   833 |    33320 |     40 |  0.000000E+00 |  0.000000E+00 |  0.0025945207 |             f
   834 |    33360 |     40 |  0.000000E+00 |  0.000000E+00 |  0.0035790856 |             f
   835 |    33400 |     40 |  0.000000E+00 |  0.000000E+00 |  0.0017278416 |             f
   836 |    33440 |     40 |  0.000000E+00 |  0.000000E+00 |  0.0034949846 |             f
   837 |    33480 |     40 |  0.000000E+00 |  0.000000E+00 |  0.0022937558 |             f
   838 |    33520 |     40 |  0.000000E+00 |  0.000000E+00 |  0.0052158597 |             f
   839 |    33560 |     40 |  0.000000E+00 |  0.000000E+00 |  0.0031240704 |             f
   840 |    33600 |     40 |  0.000000E+00 |  0.000000E+00 |  0.0024619418 |             f
   841 |    33640 |     40 |  0.000000E+00 |  0.000000E+00 |  0.0044620275 |             f
   842 |    33680 |     40 |  0.000000E+00 |  0.000000E+00 |  0.0007577940 |             f
   843 |    33720 |     40 |  0.000000E+00 |  0.000000E+00 |  0.0038305128 |             f
   844 |    33760 |     40 |  0.000000E+00 |  0.000000E+00 |  0.0018865279 |             f
   845 |    33800 |     40 |  0.000000E+00 |  0.000000E+00 |  0.0040450609 |             f
   846 |    33840 |     40 |  0.000000E+00 |  0.000000E+00 |  0.0026087924 |             f
   847 |    33880 |     40 |  0.000000E+00 |  0.000000E+00 |  0.0024823142 |             f
   848 |    33920 |     40 |  0.000000E+00 |  0.000000E+00 |  0.0040571665 |             f
   849 |    33960 |     40 |  0.000000E+00 |  0.000000E+00 |  0.0022651509 |             f
   850 |    34000 |     40 |  0.000000E+00 |  0.000000E+00 |  0.0046983153 |             f
   851 |    34040 |     40 |  0.000000E+00 |  0.000000E+00 |  0.0021767475 |             f
   852 |    34080 |     40 |  0.000000E+00 |  0.000000E+00 |  0.0036268658 |             f
   853 |    34120 |     40 |  0.000000E+00 |  0.000000E+00 |  0.0027797798 |             f
   854 |    34160 |     40 |  0.000000E+00 |  0.000000E+00 |  0.0030142509 |             f
   855 |    34200 |     40 |  0.000000E+00 |  0.000000E+00 |  0.0003452201 |             f
   856 |    34240 |     40 |  0.000000E+00 |  0.000000E+00 |  0.0063255691 |         nadir
   857 |    34280 |     40 |  0.000000E+00 |  0.000000E+00 |  0.0029802952 |             f
   858 |    34320 |     40 |  0.000000E+00 |  0.000000E+00 |  0.0028829422 |             f
   859 |    34360 |     40 |  0.000000E+00 |  0.000000E+00 |  0.0021067842 |             f
   860 |    34400 |     40 |  0.000000E+00 |  0.000000E+00 |  0.0030547246 |             f
   861 |    34440 |     40 |  0.000000E+00 |  0.000000E+00 |  0.0021705867 |             f
   862 |    34480 |     40 |  0.000000E+00 |  0.000000E+00 |  0.0042136011 |             f
   863 |    34520 |     40 |  0.000000E+00 |  0.000000E+00 |  0.0017921817 |             f
   864 |    34560 |     40 |  0.000000E+00 |  0.000000E+00 |  0.0054856401 |             f
   865 |    34600 |     40 |  0.000000E+00 |  0.000000E+00 |  0.0032381924 |             f
   866 |    34640 |     40 |  0.000000E+00 |  0.000000E+00 |  0.0028947982 |             f
   867 |    34680 |     40 |  0.000000E+00 |  0.000000E+00 |  0.0019262813 |             f
   868 |    34720 |     40 |  0.000000E+00 |  0.000000E+00 |  0.0039288083 |             f
   869 |    34760 |     40 |  0.000000E+00 |  0.000000E+00 |  0.0020719279 |             f
   870 |    34800 |     40 |  0.000000E+00 |  0.000000E+00 |  0.0044995140 |             f
   871 |    34840 |     40 |  0.000000E+00 |  0.000000E+00 |  0.0021920273 |             f
   872 |    34880 |     40 |  0.000000E+00 |  0.000000E+00 |  0.0058070065 |             f
   873 |    34920 |     40 |  0.000000E+00 |  0.000000E+00 |  0.0036890014 |             f
   874 |    34960 |     40 |  0.000000E+00 |  0.000000E+00 |  0.0026246953 |             f
   875 |    35000 |     40 |  0.000000E+00 |  0.000000E+00 |  0.0011539632 |             f
   876 |    35040 |     40 |  0.000000E+00 |  0.000000E+00 |  0.0024621449 |             f
   877 |    35080 |     40 |  0.000000E+00 |  0.000000E+00 |  0.0048479650 |             f
   878 |    35120 |     40 |  0.000000E+00 |  0.000000E+00 |  0.0004790983 |             f
   879 |    35160 |     40 |  0.000000E+00 |  0.000000E+00 |  0.0034641654 |             f
   880 |    35200 |     40 |  0.000000E+00 |  0.000000E+00 |  0.0018018400 |             f
   881 |    35240 |     40 |  0.000000E+00 |  0.000000E+00 |  0.0040127916 |             f
   882 |    35280 |     40 |  0.000000E+00 |  0.000000E+00 |  0.0019512681 |             f
   883 |    35320 |     40 |  0.000000E+00 |  0.000000E+00 |  0.0033463903 |             f
   884 |    35360 |     40 |  0.000000E+00 |  0.000000E+00 |  0.0016542234 |             f
   885 |    35400 |     40 |  0.000000E+00 |  0.000000E+00 |  0.0018417045 |             f
   886 |    35440 |     40 |  0.000000E+00 |  0.000000E+00 |  0.0057568935 |             f
   887 |    35480 |     40 |  0.000000E+00 |  0.000000E+00 |  0.0042231096 |             f
   888 |    35520 |     40 |  0.000000E+00 |  0.000000E+00 |  0.0022680276 |             f
   889 |    35560 |     40 |  0.000000E+00 |  0.000000E+00 |  0.0036422582 |             f
   890 |    35600 |     40 |  0.000000E+00 |  0.000000E+00 |  0.0033031159 |             f
   891 |    35640 |     40 |  0.000000E+00 |  0.000000E+00 |  0.0034077431 |             f
   892 |    35680 |     40 |  0.000000E+00 |  0.000000E+00 |  0.0036153367 |             f
   893 |    35720 |     40 |  0.000000E+00 |  0.000000E+00 |  0.0031264212 |             f
   894 |    35760 |     40 |  0.000000E+00 |  0.000000E+00 |  0.0035433219 |             f
   895 |    35800 |     40 |  0.000000E+00 |  0.000000E+00 |  0.0019772723 |             f
   896 |    35840 |     40 |  0.000000E+00 |  0.000000E+00 |  0.0047924176 |             f
   897 |    35880 |     40 |  0.000000E+00 |  0.000000E+00 |  0.0005153379 |             f
   898 |    35920 |     40 |  0.000000E+00 |  0.000000E+00 |  0.0050034066 |             f
   899 |    35960 |     40 |  0.000000E+00 |  0.000000E+00 |  0.0029533912 |             f
   900 |    36000 |     40 |  0.000000E+00 |  0.000000E+00 |  0.0028135122 |             f
mean B0=71.786 homogen=125214.3156
mean B0=50.4622 homogen=2844.7635
mean B0=60.0506 homogen=32234.4168
mean B0=58.0975 homogen=21117.2238
mean B0=52.995 homogen=5519.9696
mean B0=51.6169 homogen=5417.1954
mean B0=67.091 homogen=81646.9698
mean B0=60.728 homogen=38991.0689
mean B0=69.6042 homogen=103080.5008
mean B0=68.1081 homogen=88330.3335
mean B0=69.0319 homogen=99879.3056
mean B0=65.0405 homogen=60615.2841
mean B0=61.5667 homogen=34983.7581
mean B0=55.37 homogen=10568.4681
mean B0=68.6167 homogen=93920.131
mean B0=65.8497 homogen=66250.6895
mean B0=57.3883 homogen=17158.2242
mean B0=64.1654 homogen=50452.5003
mean B0=70.2748 homogen=110169.4822
mean B0=62.7125 homogen=40258.3825
mean B0=70.4024 homogen=115487.4315
mean B0=66.9159 homogen=76464.202
mean B0=70.8009 homogen=118467.4031
mean B0=66.6253 homogen=73868.2158
mean B0=56.3326 homogen=19351.5965
mean B0=53.6667 homogen=11964.679
mean B0=54.4712 homogen=8305.0514
mean B0=62.2553 homogen=40135.5779
mean B0=68.3811 homogen=90973.1529
mean B0=71.513 homogen=122421.0076
mean B0=71.1689 homogen=120532.3649
mean B0=54.1412 homogen=13807.5553
mean B0=57.0503 homogen=21397.1462
mean B0=57.2197 homogen=22808.0658
mean B0=65.3066 homogen=61809.1315
mean B0=54.4693 homogen=8300.4581
mean B0=66.0575 homogen=70500.0713
mean B0=66.1625 homogen=71526.9287
mean B0=51.0076 homogen=4689.2277
mean B0=56.1351 homogen=17785.5095
   901 |    36040 |     40 |  0.000000E+00 |  0.000000E+00 |  0.0024477786 |             f
   902 |    36080 |     40 |  0.000000E+00 |  0.000000E+00 |  0.0042251223 |             f
   903 |    36120 |     40 |  0.000000E+00 |  0.000000E+00 |  0.0029170273 |             f
   904 |    36160 |     40 |  0.000000E+00 |  0.000000E+00 |  0.0022323226 |             f
   905 |    36200 |     40 |  0.000000E+00 |  0.000000E+00 |  0.0122247410 |         nadir
   906 |    36240 |     40 |  0.000000E+00 |  0.000000E+00 |  0.0026724935 |             f
   907 |    36280 |     40 |  0.000000E+00 |  0.000000E+00 |  0.0016162974 |             f
   908 |    36320 |     40 |  0.000000E+00 |  0.000000E+00 |  0.0039778431 |             f
   909 |    36360 |     40 |  0.000000E+00 |  0.000000E+00 |  0.0026486584 |             f
   910 |    36400 |     40 |  0.000000E+00 |  0.000000E+00 |  0.0038135428 |             f
   911 |    36440 |     40 |  0.000000E+00 |  0.000000E+00 |  0.0027726475 |             f
   912 |    36480 |     40 |  0.000000E+00 |  0.000000E+00 |  0.0028161607 |             f
   913 |    36520 |     40 |  0.000000E+00 |  0.000000E+00 |  0.0016600329 |             f
   914 |    36560 |     40 |  0.000000E+00 |  0.000000E+00 |  0.0021162763 |             f
   915 |    36600 |     40 |  0.000000E+00 |  0.000000E+00 |  0.0034984662 |             f
   916 |    36640 |     40 |  0.000000E+00 |  0.000000E+00 |  0.0031563400 |             f
   917 |    36680 |     40 |  0.000000E+00 |  0.000000E+00 |  0.0036090893 |             f
   918 |    36720 |     40 |  0.000000E+00 |  0.000000E+00 |  0.0021906483 |             f
   919 |    36760 |     40 |  0.000000E+00 |  0.000000E+00 |  0.0035703978 |             f
   920 |    36800 |     40 |  0.000000E+00 |  0.000000E+00 |  0.0037202971 |             f
   921 |    36840 |     40 |  0.000000E+00 |  0.000000E+00 |  0.0025923446 |         nadir
   922 |    36880 |     40 |  0.000000E+00 |  0.000000E+00 |  0.0030001208 |             f
   923 |    36920 |     40 |  0.000000E+00 |  0.000000E+00 |  0.0023113702 |             f
   924 |    36960 |     40 |  0.000000E+00 |  0.000000E+00 |  0.0044718403 |             f
   925 |    37000 |     40 |  0.000000E+00 |  0.000000E+00 |  0.0040001108 |             f
   926 |    37040 |     40 |  0.000000E+00 |  0.000000E+00 |  0.0028922067 |             f
   927 |    37080 |     40 |  0.000000E+00 |  0.000000E+00 |  0.0005971328 |             f
   928 |    37120 |     40 |  0.000000E+00 |  0.000000E+00 |  0.0016504891 |             f
   929 |    37160 |     40 |  0.000000E+00 |  0.000000E+00 |  0.0036172907 |             f
   930 |    37200 |     40 |  0.000000E+00 |  0.000000E+00 |  0.0027443493 |             f
   931 |    37240 |     40 |  0.000000E+00 |  0.000000E+00 |  0.0021294943 |             f
   932 |    37280 |     40 |  0.000000E+00 |  0.000000E+00 |  0.0059502201 |             f
   933 |    37320 |     40 |  0.000000E+00 |  0.000000E+00 |  0.0038258457 |             f
   934 |    37360 |     40 |  0.000000E+00 |  0.000000E+00 |  0.0030289218 |             f
   935 |    37400 |     40 |  0.000000E+00 |  0.000000E+00 |  0.0018143317 |             f
   936 |    37440 |     40 |  0.000000E+00 |  0.000000E+00 |  0.0024725813 |             f
   937 |    37480 |     40 |  0.000000E+00 |  0.000000E+00 |  0.0039650416 |             f
   938 |    37520 |     40 |  0.000000E+00 |  0.000000E+00 |  0.0033247435 |             f
   939 |    37560 |     40 |  0.000000E+00 |  0.000000E+00 |  0.0024582811 |             f
   940 |    37600 |     40 |  0.000000E+00 |  0.000000E+00 |  0.0028683430 |             f
   941 |    37640 |     40 |  0.000000E+00 |  0.000000E+00 |  0.0033609183 |             f
   942 |    37680 |     40 |  0.000000E+00 |  0.000000E+00 |  0.0020250130 |             f
   943 |    37720 |     40 |  0.000000E+00 |  0.000000E+00 |  0.0034914526 |             f
   944 |    37760 |     40 |  0.000000E+00 |  0.000000E+00 |  0.0030850942 |             f
   945 |    37800 |     40 |  0.000000E+00 |  0.000000E+00 |  0.0024642793 |             f
   946 |    37840 |     40 |  0.000000E+00 |  0.000000E+00 |  0.0039781138 |             f
   947 |    37880 |     40 |  0.000000E+00 |  0.000000E+00 |  0.0032020397 |             f
   948 |    37920 |     40 |  0.000000E+00 |  0.000000E+00 |  0.0019699143 |             f
   949 |    37960 |     40 |  0.000000E+00 |  0.000000E+00 |  0.0049621954 |             f
   950 |    38000 |     40 |  0.000000E+00 |  0.000000E+00 |  0.0026809740 |             f
   951 |    38040 |     40 |  0.000000E+00 |  0.000000E+00 |  0.0034606885 |             f
   952 |    38080 |     40 |  0.000000E+00 |  0.000000E+00 |  0.0020643904 |             f
   953 |    38120 |     40 |  0.000000E+00 |  0.000000E+00 |  0.0033252371 |             f
   954 |    38160 |     40 |  0.000000E+00 |  0.000000E+00 |  0.0033182858 |             f
   955 |    38200 |     40 |  0.000000E+00 |  0.000000E+00 |  0.0021993716 |             f
   956 |    38240 |     40 |  0.000000E+00 |  0.000000E+00 |  0.0036491065 |             f
   957 |    38280 |     40 |  0.000000E+00 |  0.000000E+00 |  0.0019861812 |             f
   958 |    38320 |     40 |  0.000000E+00 |  0.000000E+00 |  0.0045457157 |             f
   959 |    38360 |     40 |  0.000000E+00 |  0.000000E+00 |  0.0026036224 |             f
   960 |    38400 |     40 |  0.000000E+00 |  0.000000E+00 |  0.0034717346 |             f
   961 |    38440 |     40 |  0.000000E+00 |  0.000000E+00 |  0.0031248859 |             f
   962 |    38480 |     40 |  0.000000E+00 |  0.000000E+00 |  0.0024704826 |             f
   963 |    38520 |     40 |  0.000000E+00 |  0.000000E+00 |  0.0035023056 |             f
   964 |    38560 |     40 |  0.000000E+00 |  0.000000E+00 |  0.0044980548 |             f
   965 |    38600 |     40 |  0.000000E+00 |  0.000000E+00 |  0.0013712771 |             f
   966 |    38640 |     40 |  0.000000E+00 |  0.000000E+00 |  0.0042062974 |             f
   967 |    38680 |     40 |  0.000000E+00 |  0.000000E+00 |  0.0023711132 |             f
   968 |    38720 |     40 |  0.000000E+00 |  0.000000E+00 |  0.0060665995 |             f
   969 |    38760 |     40 |  0.000000E+00 |  0.000000E+00 |  0.0009166943 |             f
   970 |    38800 |     40 |  0.000000E+00 |  0.000000E+00 |  0.0042398060 |             f
   971 |    38840 |     40 |  0.000000E+00 |  0.000000E+00 |  0.0027679733 |             f
   972 |    38880 |     40 |  0.000000E+00 |  0.000000E+00 |  0.0014396298 |             f
   973 |    38920 |     40 |  0.000000E+00 |  0.000000E+00 |  0.0039524071 |             f
   974 |    38960 |     40 |  0.000000E+00 |  0.000000E+00 |  0.0028442224 |             f
   975 |    39000 |     40 |  0.000000E+00 |  0.000000E+00 |  0.0021684811 |             f
   976 |    39040 |     40 |  0.000000E+00 |  0.000000E+00 |  0.0026815085 |             f
   977 |    39080 |     40 |  0.000000E+00 |  0.000000E+00 |  0.0021572910 |             f
   978 |    39120 |     40 |  0.000000E+00 |  0.000000E+00 |  0.0055979580 |             f
   979 |    39160 |     40 |  0.000000E+00 |  0.000000E+00 |  0.0009116338 |             f
   980 |    39200 |     40 |  0.000000E+00 |  0.000000E+00 |  0.0029757364 |             f
   981 |    39240 |     40 |  0.000000E+00 |  0.000000E+00 |  0.0028983436 |             f
   982 |    39280 |     40 |  0.000000E+00 |  0.000000E+00 |  0.0034376800 |             f
   983 |    39320 |     40 |  0.000000E+00 |  0.000000E+00 |  0.0011190327 |             f
   984 |    39360 |     40 |  0.000000E+00 |  0.000000E+00 |  0.0038073002 |             f
   985 |    39400 |     40 |  0.000000E+00 |  0.000000E+00 |  0.0021311804 |             f
   986 |    39440 |     40 |  0.000000E+00 |  0.000000E+00 |  0.0037680402 |             f
   987 |    39480 |     40 |  0.000000E+00 |  0.000000E+00 |  0.0016365646 |             f
   988 |    39520 |     40 |  0.000000E+00 |  0.000000E+00 |  0.0038019776 |             f
   989 |    39560 |     40 |  0.000000E+00 |  0.000000E+00 |  0.0037993922 |             f
   990 |    39600 |     40 |  0.000000E+00 |  0.000000E+00 |  0.0009342813 |             f
   991 |    39640 |     40 |  0.000000E+00 |  0.000000E+00 |  0.0024642700 |             f
   992 |    39680 |     40 |  0.000000E+00 |  0.000000E+00 |  0.0046928010 |             f
   993 |    39720 |     40 |  0.000000E+00 |  0.000000E+00 |  0.0034098134 |             f
   994 |    39760 |     40 |  0.000000E+00 |  0.000000E+00 |  0.0040054075 |             f
   995 |    39800 |     40 |  0.000000E+00 |  0.000000E+00 |  0.0024370652 |             f
   996 |    39840 |     40 |  0.000000E+00 |  0.000000E+00 |  0.0050080577 |             f
   997 |    39880 |     40 |  0.000000E+00 |  0.000000E+00 |  0.0030586446 |             f
   998 |    39920 |     40 |  0.000000E+00 |  0.000000E+00 |  0.0031836210 |             f
   999 |    39960 |     40 |  0.000000E+00 |  0.000000E+00 |  0.0025403259 |             f
  1000 |    40000 |     40 |  0.000000E+00 |  0.000000E+00 |  0.0031333111 |             f
mean B0=71.8108 homogen=125427.04
mean B0=71.8108 homogen=125427.04
mean B0=50.7586 homogen=2643.1427
mean B0=50.7586 homogen=2643.1427
mean B0=69.2145 homogen=99565.9134
mean B0=55.2487 homogen=14545.8312
mean B0=56.6886 homogen=17244.0678
mean B0=67.6869 homogen=86277.2183
mean B0=68.2177 homogen=90967.2887
mean B0=55.5918 homogen=10523.0532
mean B0=70.7669 homogen=117383.6801
mean B0=67.2528 homogen=81395.427
mean B0=59.7193 homogen=36482.5793
mean B0=66.9083 homogen=77135.6722
mean B0=52.4265 homogen=8703.8529
mean B0=54.0921 homogen=7974.4659
mean B0=60.6655 homogen=31697.8711
mean B0=57.3567 homogen=19666.0366
mean B0=51.4922 homogen=2029.0668
mean B0=58.6879 homogen=28484.0962
mean B0=69.6065 homogen=105520.7372
mean B0=63.881 homogen=48564.1632
mean B0=64.7113 homogen=56150.5854
mean B0=59.4692 homogen=34018.8331
mean B0=62.7808 homogen=42623.1493
mean B0=70.3705 homogen=111650.471
mean B0=63.2006 homogen=42933.9565
mean B0=58.5498 homogen=28545.1459
mean B0=65.2534 homogen=62419.7415
mean B0=69.834 homogen=106254.828
mean B0=65.7899 homogen=65442.4397
mean B0=52.6392 homogen=9260.3263
mean B0=64.1619 homogen=49895.8141
mean B0=66.1317 homogen=70706.678
mean B0=54.092 homogen=7975.7493
mean B0=53.2778 homogen=5829.7736
mean B0=71.1844 homogen=120842.6108
mean B0=57.6885 homogen=20739.9715
mean B0=71.4052 homogen=121490.1544
mean B0=68.2176 homogen=90967.1427
  1001 |    40040 |     40 |  0.000000E+00 |  0.000000E+00 |  0.0018043859 |             f
  1002 |    40080 |     40 |  0.000000E+00 |  0.000000E+00 |  0.0031789028 |             f
  1003 |    40120 |     40 |  0.000000E+00 |  0.000000E+00 |  0.0015555600 |             f
  1004 |    40160 |     40 |  0.000000E+00 |  0.000000E+00 |  0.0035724292 |             f
  1005 |    40200 |     40 |  0.000000E+00 |  0.000000E+00 |  0.0042266879 |             f
  1006 |    40240 |     40 |  0.000000E+00 |  0.000000E+00 |  0.0013254884 |             f
  1007 |    40280 |     40 |  0.000000E+00 |  0.000000E+00 |  0.0042860568 |             f
  1008 |    40320 |     40 |  0.000000E+00 |  0.000000E+00 |  0.0033408305 |             f
  1009 |    40360 |     40 |  0.000000E+00 |  0.000000E+00 |  0.0026559938 |             f
  1010 |    40400 |     40 |  0.000000E+00 |  0.000000E+00 |  0.0035160887 |             f
  1011 |    40440 |     40 |  0.000000E+00 |  0.000000E+00 |  0.0013969118 |             f
  1012 |    40480 |     40 |  0.000000E+00 |  0.000000E+00 |  0.0026932345 |             f
  1013 |    40520 |     40 |  0.000000E+00 |  0.000000E+00 |  0.0016055608 |             f
  1014 |    40560 |     40 |  0.000000E+00 |  0.000000E+00 |  0.0037175127 |             f
  1015 |    40600 |     40 |  0.000000E+00 |  0.000000E+00 |  0.0043191418 |             f
  1016 |    40640 |     40 |  0.000000E+00 |  0.000000E+00 |  0.0020858214 |             f
  1017 |    40680 |     40 |  0.000000E+00 |  0.000000E+00 |  0.0041914420 |             f
  1018 |    40720 |     40 |  0.000000E+00 |  0.000000E+00 |  0.0029218034 |             f
  1019 |    40760 |     40 |  0.000000E+00 |  0.000000E+00 |  0.0031589878 |             f
  1020 |    40800 |     40 |  0.000000E+00 |  0.000000E+00 |  0.0020574325 |             f
  1021 |    40840 |     40 |  0.000000E+00 |  0.000000E+00 |  0.0054181044 |             f
  1022 |    40880 |     40 |  0.000000E+00 |  0.000000E+00 |  0.0018008710 |             f
  1023 |    40920 |     40 |  0.000000E+00 |  0.000000E+00 |  0.0049291569 |             f
  1024 |    40960 |     40 |  0.000000E+00 |  0.000000E+00 |  0.0034438073 |             f
  1025 |    41000 |     40 |  0.000000E+00 |  0.000000E+00 |  0.0034287283 |             f
  1026 |    41040 |     40 |  0.000000E+00 |  0.000000E+00 |  0.0022146791 |             f
  1027 |    41080 |     40 |  0.000000E+00 |  0.000000E+00 |  0.0034522608 |             f
  1028 |    41120 |     40 |  0.000000E+00 |  0.000000E+00 |  0.0023826891 |             f
  1029 |    41160 |     40 |  0.000000E+00 |  0.000000E+00 |  0.0049054889 |             f
  1030 |    41200 |     40 |  0.000000E+00 |  0.000000E+00 |  0.0027337719 |             f
  1031 |    41240 |     40 |  0.000000E+00 |  0.000000E+00 |  0.0022800021 |             f
  1032 |    41280 |     40 |  0.000000E+00 |  0.000000E+00 |  0.0046168362 |             f
  1033 |    41320 |     40 |  0.000000E+00 |  0.000000E+00 |  0.0022696694 |             f
  1034 |    41360 |     40 |  0.000000E+00 |  0.000000E+00 |  0.0063895692 |             f
  1035 |    41400 |     40 |  0.000000E+00 |  0.000000E+00 |  0.0012080753 |             f
  1036 |    41440 |     40 |  0.000000E+00 |  0.000000E+00 |  0.0042472317 |             f
  1037 |    41480 |     40 |  0.000000E+00 |  0.000000E+00 |  0.0026279968 |             f
  1038 |    41520 |     40 |  0.000000E+00 |  0.000000E+00 |  0.0032902630 |             f
  1039 |    41560 |     40 |  0.000000E+00 |  0.000000E+00 |  0.0038642378 |             f
  1040 |    41600 |     40 |  0.000000E+00 |  0.000000E+00 |  0.0014286901 |             f
  1041 |    41640 |     40 |  0.000000E+00 |  0.000000E+00 |  0.0037752273 |             f
  1042 |    41680 |     40 |  0.000000E+00 |  0.000000E+00 |  0.0032505937 |             f
  1043 |    41720 |     40 |  0.000000E+00 |  0.000000E+00 |  0.0031401878 |             f
  1044 |    41760 |     40 |  0.000000E+00 |  0.000000E+00 |  0.0086983827 |         ideal
  1045 |    41800 |     40 |  0.000000E+00 |  0.000000E+00 |  0.0036382356 |             f
  1046 |    41840 |     40 |  0.000000E+00 |  0.000000E+00 |  0.0004552891 |             f
  1047 |    41880 |     40 |  0.000000E+00 |  0.000000E+00 |  0.0018027020 |             f
  1048 |    41920 |     40 |  0.000000E+00 |  0.000000E+00 |  0.0034526048 |             f
  1049 |    41960 |     40 |  0.000000E+00 |  0.000000E+00 |  0.0026890256 |             f
  1050 |    42000 |     40 |  0.000000E+00 |  0.000000E+00 |  0.0015763507 |             f
  1051 |    42040 |     40 |  0.000000E+00 |  0.000000E+00 |  0.0037023035 |             f
  1052 |    42080 |     40 |  0.000000E+00 |  0.000000E+00 |  0.0028908115 |             f
  1053 |    42120 |     40 |  0.000000E+00 |  0.000000E+00 |  0.0011890428 |             f
  1054 |    42160 |     40 |  0.000000E+00 |  0.000000E+00 |  0.0034590731 |             f
  1055 |    42200 |     40 |  0.000000E+00 |  0.000000E+00 |  0.0019933352 |             f
  1056 |    42240 |     40 |  0.000000E+00 |  0.000000E+00 |  0.0133687743 |         nadir
  1057 |    42280 |     40 |  0.000000E+00 |  0.000000E+00 |  0.0031133486 |             f
  1058 |    42320 |     40 |  0.000000E+00 |  0.000000E+00 |  0.0012243464 |             f
  1059 |    42360 |     40 |  0.000000E+00 |  0.000000E+00 |  0.0029762259 |             f
  1060 |    42400 |     40 |  0.000000E+00 |  0.000000E+00 |  0.0028504607 |             f
  1061 |    42440 |     40 |  0.000000E+00 |  0.000000E+00 |  0.0035781227 |             f
  1062 |    42480 |     40 |  0.000000E+00 |  0.000000E+00 |  0.0022075138 |             f
  1063 |    42520 |     40 |  0.000000E+00 |  0.000000E+00 |  0.0041750592 |             f
  1064 |    42560 |     40 |  0.000000E+00 |  0.000000E+00 |  0.0034449024 |             f
  1065 |    42600 |     40 |  0.000000E+00 |  0.000000E+00 |  0.0009236953 |             f
  1066 |    42640 |     40 |  0.000000E+00 |  0.000000E+00 |  0.0030868208 |             f
  1067 |    42680 |     40 |  0.000000E+00 |  0.000000E+00 |  0.0016756425 |             f
  1068 |    42720 |     40 |  0.000000E+00 |  0.000000E+00 |  0.0050482567 |             f
  1069 |    42760 |     40 |  0.000000E+00 |  0.000000E+00 |  0.0024625265 |             f
  1070 |    42800 |     40 |  0.000000E+00 |  0.000000E+00 |  0.0046473010 |             f
  1071 |    42840 |     40 |  0.000000E+00 |  0.000000E+00 |  0.0026159250 |             f
  1072 |    42880 |     40 |  0.000000E+00 |  0.000000E+00 |  0.0029522567 |             f
  1073 |    42920 |     40 |  0.000000E+00 |  0.000000E+00 |  0.0014094786 |             f
  1074 |    42960 |     40 |  0.000000E+00 |  0.000000E+00 |  0.0086219300 |         nadir
  1075 |    43000 |     40 |  0.000000E+00 |  0.000000E+00 |  0.0010216531 |             f
  1076 |    43040 |     40 |  0.000000E+00 |  0.000000E+00 |  0.0030602898 |         nadir
  1077 |    43080 |     40 |  0.000000E+00 |  0.000000E+00 |  0.0033480350 |             f
  1078 |    43120 |     40 |  0.000000E+00 |  0.000000E+00 |  0.0012951163 |             f
  1079 |    43160 |     40 |  0.000000E+00 |  0.000000E+00 |  0.0023214176 |             f
  1080 |    43200 |     40 |  0.000000E+00 |  0.000000E+00 |  0.0028019934 |             f
  1081 |    43240 |     40 |  0.000000E+00 |  0.000000E+00 |  0.0048596764 |             f
  1082 |    43280 |     40 |  0.000000E+00 |  0.000000E+00 |  0.0019766110 |             f
  1083 |    43320 |     40 |  0.000000E+00 |  0.000000E+00 |  0.0051685074 |             f
  1084 |    43360 |     40 |  0.000000E+00 |  0.000000E+00 |  0.0012772705 |             f
  1085 |    43400 |     40 |  0.000000E+00 |  0.000000E+00 |  0.0053289289 |             f
  1086 |    43440 |     40 |  0.000000E+00 |  0.000000E+00 |  0.0036321874 |         nadir
  1087 |    43480 |     40 |  0.000000E+00 |  0.000000E+00 |  0.0026861114 |             f
  1088 |    43520 |     40 |  0.000000E+00 |  0.000000E+00 |  0.0004316997 |             f
  1089 |    43560 |     40 |  0.000000E+00 |  0.000000E+00 |  0.0021275022 |             f
  1090 |    43600 |     40 |  0.000000E+00 |  0.000000E+00 |  0.0034772618 |             f
  1091 |    43640 |     40 |  0.000000E+00 |  0.000000E+00 |  0.0016819295 |             f
  1092 |    43680 |     40 |  0.000000E+00 |  0.000000E+00 |  0.0043800619 |             f
  1093 |    43720 |     40 |  0.000000E+00 |  0.000000E+00 |  0.0019881687 |             f
  1094 |    43760 |     40 |  0.000000E+00 |  0.000000E+00 |  0.0028912944 |         ideal
  1095 |    43800 |     40 |  0.000000E+00 |  0.000000E+00 |  0.0042230503 |         nadir
  1096 |    43840 |     40 |  0.000000E+00 |  0.000000E+00 |  0.0043007479 |             f
  1097 |    43880 |     40 |  0.000000E+00 |  0.000000E+00 |  0.0010489967 |             f
  1098 |    43920 |     40 |  0.000000E+00 |  0.000000E+00 |  0.0029670225 |             f
  1099 |    43960 |     40 |  0.000000E+00 |  0.000000E+00 |  0.0039567649 |             f
  1100 |    44000 |     40 |  0.000000E+00 |  0.000000E+00 |  0.0010745157 |             f
mean B0=50.7919 homogen=2130.3407
mean B0=50.7919 homogen=2130.3407
mean B0=72.1698 homogen=126812.2984
mean B0=57.0197 homogen=18066.559
mean B0=61.4198 homogen=38407.9171
mean B0=55.2835 homogen=9645.4082
mean B0=54.1241 homogen=12867.7368
mean B0=51.3767 homogen=2009.185
mean B0=52.7523 homogen=7659.8564
mean B0=60.3071 homogen=31605.63
mean B0=57.8667 homogen=18750.8253
mean B0=54.8944 homogen=8609.8095
mean B0=67.7892 homogen=82604.3157
mean B0=57.6597 homogen=20980.335
mean B0=53.2644 homogen=9919.3
mean B0=63.2467 homogen=43440.9142
mean B0=70.5503 homogen=114216.2782
mean B0=69.4184 homogen=98978.8359
mean B0=67.473 homogen=78438.1697
mean B0=68.3541 homogen=88066.1095
mean B0=66.374 homogen=68488.6456
mean B0=71.1559 homogen=116102.9662
mean B0=62.0635 homogen=38621.4626
mean B0=68.6048 homogen=90528.466
mean B0=64.1171 homogen=49431.8745
mean B0=66.7624 homogen=73857.717
mean B0=59.0438 homogen=26353.287
mean B0=59.6426 homogen=29166.4603
mean B0=63.7343 homogen=44573.9103
mean B0=66.8228 homogen=75728.9167
mean B0=71.5089 homogen=120735.5434
mean B0=71.8604 homogen=123585.17
mean B0=61.9246 homogen=36979.7479
mean B0=70.2674 homogen=107597.0206
mean B0=69.6516 homogen=104465.8088
mean B0=65.1057 homogen=56106.0333
mean B0=69.6889 homogen=105188.5329
mean B0=65.0042 homogen=56323.8584
mean B0=69.0556 homogen=94198.432
mean B0=65.5596 homogen=60571.4708
  1101 |    44040 |     40 |  0.000000E+00 |  0.000000E+00 |  0.0027843671 |             f
  1102 |    44080 |     40 |  0.000000E+00 |  0.000000E+00 |  0.0045639924 |         nadir
  1103 |    44120 |     40 |  0.000000E+00 |  0.000000E+00 |  0.0017307979 |             f
  1104 |    44160 |     40 |  0.000000E+00 |  0.000000E+00 |  0.0041954321 |             f
  1105 |    44200 |     40 |  0.000000E+00 |  0.000000E+00 |  0.0024510893 |             f
  1106 |    44240 |     40 |  0.000000E+00 |  0.000000E+00 |  0.0040451471 |             f
  1107 |    44280 |     40 |  0.000000E+00 |  0.000000E+00 |  0.0027427366 |             f
  1108 |    44320 |     40 |  0.000000E+00 |  0.000000E+00 |  0.0036958968 |             f
  1109 |    44360 |     40 |  0.000000E+00 |  0.000000E+00 |  0.0024577965 |             f
  1110 |    44400 |     40 |  0.000000E+00 |  0.000000E+00 |  0.0044606178 |             f
  1111 |    44440 |     40 |  0.000000E+00 |  0.000000E+00 |  0.0018307243 |             f
  1112 |    44480 |     40 |  0.000000E+00 |  0.000000E+00 |  0.0038798253 |             f
  1113 |    44520 |     40 |  0.000000E+00 |  0.000000E+00 |  0.0051366504 |             f
  1114 |    44560 |     40 |  0.000000E+00 |  0.000000E+00 |  0.0021610021 |             f
  1115 |    44600 |     40 |  0.000000E+00 |  0.000000E+00 |  0.0074052837 |             f
  1116 |    44640 |     40 |  0.000000E+00 |  0.000000E+00 |  0.0027415975 |         nadir
  1117 |    44680 |     40 |  0.000000E+00 |  0.000000E+00 |  0.0038238908 |             f
  1118 |    44720 |     40 |  0.000000E+00 |  0.000000E+00 |  0.0018981112 |             f
  1119 |    44760 |     40 |  0.000000E+00 |  0.000000E+00 |  0.0040589267 |             f
  1120 |    44800 |     40 |  0.000000E+00 |  0.000000E+00 |  0.0024266969 |             f
  1121 |    44840 |     40 |  0.000000E+00 |  0.000000E+00 |  0.0038095035 |             f
  1122 |    44880 |     40 |  0.000000E+00 |  0.000000E+00 |  0.0032880260 |             f
  1123 |    44920 |     40 |  0.000000E+00 |  0.000000E+00 |  0.0012006341 |             f
  1124 |    44960 |     40 |  0.000000E+00 |  0.000000E+00 |  0.0027063051 |             f
  1125 |    45000 |     40 |  0.000000E+00 |  0.000000E+00 |  0.0034681647 |             f
  1126 |    45040 |     40 |  0.000000E+00 |  0.000000E+00 |  0.0022191478 |             f
  1127 |    45080 |     40 |  0.000000E+00 |  0.000000E+00 |  0.0038058681 |             f
  1128 |    45120 |     40 |  0.000000E+00 |  0.000000E+00 |  0.0047921807 |             f
  1129 |    45160 |     40 |  0.000000E+00 |  0.000000E+00 |  0.0018789755 |             f
  1130 |    45200 |     40 |  0.000000E+00 |  0.000000E+00 |  0.0026366786 |             f
  1131 |    45240 |     40 |  0.000000E+00 |  0.000000E+00 |  0.0033629618 |             f
  1132 |    45280 |     40 |  0.000000E+00 |  0.000000E+00 |  0.0022171630 |             f
  1133 |    45320 |     40 |  0.000000E+00 |  0.000000E+00 |  0.0033948737 |             f
  1134 |    45360 |     40 |  0.000000E+00 |  0.000000E+00 |  0.0029463764 |             f
  1135 |    45400 |     40 |  0.000000E+00 |  0.000000E+00 |  0.0014519222 |             f
  1136 |    45440 |     40 |  0.000000E+00 |  0.000000E+00 |  0.0023433040 |             f
  1137 |    45480 |     40 |  0.000000E+00 |  0.000000E+00 |  0.0035838647 |             f
  1138 |    45520 |     40 |  0.000000E+00 |  0.000000E+00 |  0.0030374269 |         ideal
  1139 |    45560 |     40 |  0.000000E+00 |  0.000000E+00 |  0.0036554367 |             f
  1140 |    45600 |     40 |  0.000000E+00 |  0.000000E+00 |  0.0013217507 |             f
  1141 |    45640 |     40 |  0.000000E+00 |  0.000000E+00 |  0.0033785656 |             f
  1142 |    45680 |     40 |  0.000000E+00 |  0.000000E+00 |  0.0022136494 |             f
  1143 |    45720 |     40 |  0.000000E+00 |  0.000000E+00 |  0.0054810009 |             f
  1144 |    45760 |     40 |  0.000000E+00 |  0.000000E+00 |  0.0021280066 |             f
  1145 |    45800 |     40 |  0.000000E+00 |  0.000000E+00 |  0.0031015764 |             f
  1146 |    45840 |     40 |  0.000000E+00 |  0.000000E+00 |  0.0028802731 |             f
  1147 |    45880 |     40 |  0.000000E+00 |  0.000000E+00 |  0.0029582577 |             f
  1148 |    45920 |     40 |  0.000000E+00 |  0.000000E+00 |  0.0016011489 |             f
  1149 |    45960 |     40 |  0.000000E+00 |  0.000000E+00 |  0.0032940164 |             f
  1150 |    46000 |     40 |  0.000000E+00 |  0.000000E+00 |  0.0030742856 |             f
  1151 |    46040 |     40 |  0.000000E+00 |  0.000000E+00 |  0.0035618004 |             f
  1152 |    46080 |     40 |  0.000000E+00 |  0.000000E+00 |  0.0036832450 |             f
  1153 |    46120 |     40 |  0.000000E+00 |  0.000000E+00 |  0.0027200648 |             f
  1154 |    46160 |     40 |  0.000000E+00 |  0.000000E+00 |  0.0021697511 |             f
  1155 |    46200 |     40 |  0.000000E+00 |  0.000000E+00 |  0.0032089125 |             f
  1156 |    46240 |     40 |  0.000000E+00 |  0.000000E+00 |  0.0018158649 |             f
  1157 |    46280 |     40 |  0.000000E+00 |  0.000000E+00 |  0.0041125595 |             f
  1158 |    46320 |     40 |  0.000000E+00 |  0.000000E+00 |  0.0023354771 |             f
  1159 |    46360 |     40 |  0.000000E+00 |  0.000000E+00 |  0.0037220875 |             f
  1160 |    46400 |     40 |  0.000000E+00 |  0.000000E+00 |  0.0022024015 |             f
  1161 |    46440 |     40 |  0.000000E+00 |  0.000000E+00 |  0.0058940884 |             f
  1162 |    46480 |     40 |  0.000000E+00 |  0.000000E+00 |  0.0036778741 |             f
  1163 |    46520 |     40 |  0.000000E+00 |  0.000000E+00 |  0.0024229753 |             f
  1164 |    46560 |     40 |  0.000000E+00 |  0.000000E+00 |  0.0054375543 |             f
  1165 |    46600 |     40 |  0.000000E+00 |  0.000000E+00 |  0.0030877791 |             f
  1166 |    46640 |     40 |  0.000000E+00 |  0.000000E+00 |  0.0028009939 |             f
  1167 |    46680 |     40 |  0.000000E+00 |  0.000000E+00 |  0.0019712766 |             f
  1168 |    46720 |     40 |  0.000000E+00 |  0.000000E+00 |  0.0051699993 |             f
  1169 |    46760 |     40 |  0.000000E+00 |  0.000000E+00 |  0.0021373583 |             f
  1170 |    46800 |     40 |  0.000000E+00 |  0.000000E+00 |  0.0040381404 |             f
  1171 |    46840 |     40 |  0.000000E+00 |  0.000000E+00 |  0.0019169554 |             f
  1172 |    46880 |     40 |  0.000000E+00 |  0.000000E+00 |  0.0032361395 |             f
  1173 |    46920 |     40 |  0.000000E+00 |  0.000000E+00 |  0.0035261687 |             f
  1174 |    46960 |     40 |  0.000000E+00 |  0.000000E+00 |  0.0019210092 |             f
  1175 |    47000 |     40 |  0.000000E+00 |  0.000000E+00 |  0.0051974443 |             f
  1176 |    47040 |     40 |  0.000000E+00 |  0.000000E+00 |  0.0027573612 |             f
  1177 |    47080 |     40 |  0.000000E+00 |  0.000000E+00 |  0.0035176018 |             f
  1178 |    47120 |     40 |  0.000000E+00 |  0.000000E+00 |  0.0030147229 |             f
  1179 |    47160 |     40 |  0.000000E+00 |  0.000000E+00 |  0.0019247082 |             f
  1180 |    47200 |     40 |  0.000000E+00 |  0.000000E+00 |  0.0045342275 |             f
  1181 |    47240 |     40 |  0.000000E+00 |  0.000000E+00 |  0.0024688323 |             f
  1182 |    47280 |     40 |  0.000000E+00 |  0.000000E+00 |  0.0033524756 |             f
  1183 |    47320 |     40 |  0.000000E+00 |  0.000000E+00 |  0.0035851924 |             f
  1184 |    47360 |     40 |  0.000000E+00 |  0.000000E+00 |  0.0022000768 |             f
  1185 |    47400 |     40 |  0.000000E+00 |  0.000000E+00 |  0.0032752502 |             f
  1186 |    47440 |     40 |  0.000000E+00 |  0.000000E+00 |  0.0027244170 |             f
  1187 |    47480 |     40 |  0.000000E+00 |  0.000000E+00 |  0.0044311636 |             f
  1188 |    47520 |     40 |  0.000000E+00 |  0.000000E+00 |  0.0018292896 |             f
  1189 |    47560 |     40 |  0.000000E+00 |  0.000000E+00 |  0.0030051455 |             f
  1190 |    47600 |     40 |  0.000000E+00 |  0.000000E+00 |  0.0041317604 |             f
  1191 |    47640 |     40 |  0.000000E+00 |  0.000000E+00 |  0.0012655550 |             f
  1192 |    47680 |     40 |  0.000000E+00 |  0.000000E+00 |  0.0045202974 |             f
  1193 |    47720 |     40 |  0.000000E+00 |  0.000000E+00 |  0.0017808088 |             f
  1194 |    47760 |     40 |  0.000000E+00 |  0.000000E+00 |  0.0038279716 |             f
  1195 |    47800 |     40 |  0.000000E+00 |  0.000000E+00 |  0.0024491727 |             f
  1196 |    47840 |     40 |  0.000000E+00 |  0.000000E+00 |  0.0055398374 |             f
  1197 |    47880 |     40 |  0.000000E+00 |  0.000000E+00 |  0.0015722854 |             f
  1198 |    47920 |     40 |  0.000000E+00 |  0.000000E+00 |  0.0035040290 |             f
  1199 |    47960 |     40 |  0.000000E+00 |  0.000000E+00 |  0.0030545774 |             f
  1200 |    48000 |     40 |  0.000000E+00 |  0.000000E+00 |  0.0013917844 |             f
mean B0=72.3552 homogen=128545.6431
mean B0=50.7552 homogen=2212.2054
mean B0=59.2514 homogen=25581.3804
mean B0=68.7172 homogen=90535.3444
mean B0=71.846 homogen=122004.4875
mean B0=53.1484 homogen=4626.0754
mean B0=55.7447 homogen=14117.3156
mean B0=71.2476 homogen=117543.4178
mean B0=69.1675 homogen=99439.2818
mean B0=60.134 homogen=30975.224
mean B0=62.6731 homogen=43769.7068
mean B0=64.3102 homogen=49128.1572
mean B0=56.9658 homogen=24230.27
mean B0=53.3775 homogen=5483.3845
mean B0=60.6613 homogen=35932.2428
mean B0=67.4887 homogen=79561.1599
mean B0=54.4323 homogen=15955.5248
mean B0=63.9125 homogen=45244.1352
mean B0=66.9623 homogen=73337.1076
mean B0=51.7337 homogen=3397.3166
mean B0=65.6567 homogen=63196.3734
mean B0=68.0743 homogen=86184.2232
mean B0=62.147 homogen=38429.2171
mean B0=69.522 homogen=102521.6967
mean B0=60.9433 homogen=29119.3427
mean B0=55.2853 homogen=13045.1769
mean B0=72.3072 homogen=128087.8118
mean B0=67.2764 homogen=78216.6341
mean B0=70.4495 homogen=107996.387
mean B0=70.1299 homogen=107213.5657
mean B0=64.925 homogen=55166.5268
mean B0=65.1436 homogen=57666.5354
mean B0=58.1766 homogen=25429.556
mean B0=68.0744 homogen=86183.5919
mean B0=57.8017 homogen=22023.069
mean B0=58.1766 homogen=25429.556
mean B0=57.1528 homogen=19125.0163
mean B0=51.7337 homogen=3397.3166
mean B0=66.1914 homogen=66669.2469
mean B0=66.7288 homogen=71134.1946
  1201 |    48040 |     40 |  0.000000E+00 |  0.000000E+00 |  0.0028113168 |             f
  1202 |    48080 |     40 |  0.000000E+00 |  0.000000E+00 |  0.0032992096 |             f
  1203 |    48120 |     40 |  0.000000E+00 |  0.000000E+00 |  0.0029321876 |             f
  1204 |    48160 |     40 |  0.000000E+00 |  0.000000E+00 |  0.0039644945 |             f
  1205 |    48200 |     40 |  0.000000E+00 |  0.000000E+00 |  0.0046797240 |             f
  1206 |    48240 |     40 |  0.000000E+00 |  0.000000E+00 |  0.0051413480 |             f
  1207 |    48280 |     40 |  0.000000E+00 |  0.000000E+00 |  0.0008930131 |             f
  1208 |    48320 |     40 |  0.000000E+00 |  0.000000E+00 |  0.0038770709 |             f
  1209 |    48360 |     40 |  0.000000E+00 |  0.000000E+00 |  0.0024883455 |             f
  1210 |    48400 |     40 |  0.000000E+00 |  0.000000E+00 |  0.0034611843 |             f
  1211 |    48440 |     40 |  0.000000E+00 |  0.000000E+00 |  0.0021283331 |             f
  1212 |    48480 |     40 |  0.000000E+00 |  0.000000E+00 |  0.0031657655 |             f
  1213 |    48520 |     40 |  0.000000E+00 |  0.000000E+00 |  0.0027571192 |             f
  1214 |    48560 |     40 |  0.000000E+00 |  0.000000E+00 |  0.0036815591 |             f
  1215 |    48600 |     40 |  0.000000E+00 |  0.000000E+00 |  0.0022357633 |             f
  1216 |    48640 |     40 |  0.000000E+00 |  0.000000E+00 |  0.0033779708 |             f
  1217 |    48680 |     40 |  0.000000E+00 |  0.000000E+00 |  0.0022075812 |             f
  1218 |    48720 |     40 |  0.000000E+00 |  0.000000E+00 |  0.0054332417 |             f
  1219 |    48760 |     40 |  0.000000E+00 |  0.000000E+00 |  0.0031664920 |             f
  1220 |    48800 |     40 |  0.000000E+00 |  0.000000E+00 |  0.0037084860 |             f
  1221 |    48840 |     40 |  0.000000E+00 |  0.000000E+00 |  0.0021855187 |             f
  1222 |    48880 |     40 |  0.000000E+00 |  0.000000E+00 |  0.0021715956 |             f
  1223 |    48920 |     40 |  0.000000E+00 |  0.000000E+00 |  0.0050072372 |             f
  1224 |    48960 |     40 |  0.000000E+00 |  0.000000E+00 |  0.0039566863 |             f
  1225 |    49000 |     40 |  0.000000E+00 |  0.000000E+00 |  0.0021919566 |             f
  1226 |    49040 |     40 |  0.000000E+00 |  0.000000E+00 |  0.0037230986 |             f
  1227 |    49080 |     40 |  0.000000E+00 |  0.000000E+00 |  0.0018094307 |             f
  1228 |    49120 |     40 |  0.000000E+00 |  0.000000E+00 |  0.0037678484 |             f
  1229 |    49160 |     40 |  0.000000E+00 |  0.000000E+00 |  0.0013977022 |             f
  1230 |    49200 |     40 |  0.000000E+00 |  0.000000E+00 |  0.0023495562 |             f
  1231 |    49240 |     40 |  0.000000E+00 |  0.000000E+00 |  0.0039811705 |             f
  1232 |    49280 |     40 |  0.000000E+00 |  0.000000E+00 |  0.0033099967 |             f
  1233 |    49320 |     40 |  0.000000E+00 |  0.000000E+00 |  0.0020666462 |             f
  1234 |    49360 |     40 |  0.000000E+00 |  0.000000E+00 |  0.0022699166 |             f
  1235 |    49400 |     40 |  0.000000E+00 |  0.000000E+00 |  0.0046335274 |             f
  1236 |    49440 |     40 |  0.000000E+00 |  0.000000E+00 |  0.0041813129 |             f
  1237 |    49480 |     40 |  0.000000E+00 |  0.000000E+00 |  0.0038012935 |             f
  1238 |    49520 |     40 |  0.000000E+00 |  0.000000E+00 |  0.0028881310 |             f
  1239 |    49560 |     40 |  0.000000E+00 |  0.000000E+00 |  0.0017436658 |             f
  1240 |    49600 |     40 |  0.000000E+00 |  0.000000E+00 |  0.0045127838 |             f
  1241 |    49640 |     40 |  0.000000E+00 |  0.000000E+00 |  0.0033062485 |             f
  1242 |    49680 |     40 |  0.000000E+00 |  0.000000E+00 |  0.0023933901 |             f
  1243 |    49720 |     40 |  0.000000E+00 |  0.000000E+00 |  0.0040691521 |             f
  1244 |    49760 |     40 |  0.000000E+00 |  0.000000E+00 |  0.0022265361 |             f
  1245 |    49800 |     40 |  0.000000E+00 |  0.000000E+00 |  0.0048337981 |             f
  1246 |    49840 |     40 |  0.000000E+00 |  0.000000E+00 |  0.0014899136 |             f
  1247 |    49880 |     40 |  0.000000E+00 |  0.000000E+00 |  0.0031561158 |             f
  1248 |    49920 |     40 |  0.000000E+00 |  0.000000E+00 |  0.0029318017 |             f
  1249 |    49960 |     40 |  0.000000E+00 |  0.000000E+00 |  0.0020917779 |             f
  1250 |    50000 |     40 |  0.000000E+00 |  0.000000E+00 |  0.0045954548 |             f
  1251 |    50040 |     40 |  0.000000E+00 |  0.000000E+00 |  0.0018494680 |             f
  1252 |    50080 |     40 |  0.000000E+00 |  0.000000E+00 |  0.0052398859 |             f
  1253 |    50120 |     40 |  0.000000E+00 |  0.000000E+00 |  0.0013859946 |             f
  1254 |    50160 |     40 |  0.000000E+00 |  0.000000E+00 |  0.0026074506 |             f
  1255 |    50200 |     40 |  0.000000E+00 |  0.000000E+00 |  0.0029896962 |             f
  1256 |    50240 |     40 |  0.000000E+00 |  0.000000E+00 |  0.0014453247 |             f
  1257 |    50280 |     40 |  0.000000E+00 |  0.000000E+00 |  0.0038114330 |             f
  1258 |    50320 |     40 |  0.000000E+00 |  0.000000E+00 |  0.0031428229 |             f
  1259 |    50360 |     40 |  0.000000E+00 |  0.000000E+00 |  0.0011995543 |             f
  1260 |    50400 |     40 |  0.000000E+00 |  0.000000E+00 |  0.0023539709 |             f
  1261 |    50440 |     40 |  0.000000E+00 |  0.000000E+00 |  0.0038240261 |             f
  1262 |    50480 |     40 |  0.000000E+00 |  0.000000E+00 |  0.0018049222 |             f
  1263 |    50520 |     40 |  0.000000E+00 |  0.000000E+00 |  0.0056441000 |             f
  1264 |    50560 |     40 |  0.000000E+00 |  0.000000E+00 |  0.0041974174 |             f
  1265 |    50600 |     40 |  0.000000E+00 |  0.000000E+00 |  0.0008563142 |             f
  1266 |    50640 |     40 |  0.000000E+00 |  0.000000E+00 |  0.0024873953 |             f
  1267 |    50680 |     40 |  0.000000E+00 |  0.000000E+00 |  0.0056177749 |             f
  1268 |    50720 |     40 |  0.000000E+00 |  0.000000E+00 |  0.0016248187 |             f
  1269 |    50760 |     40 |  0.000000E+00 |  0.000000E+00 |  0.0020263437 |             f
  1270 |    50800 |     40 |  0.000000E+00 |  0.000000E+00 |  0.0033466322 |             f
  1271 |    50840 |     40 |  0.000000E+00 |  0.000000E+00 |  0.0036434821 |             f
  1272 |    50880 |     40 |  0.000000E+00 |  0.000000E+00 |  0.0030352085 |             f
  1273 |    50920 |     40 |  0.000000E+00 |  0.000000E+00 |  0.0015943102 |             f
  1274 |    50960 |     40 |  0.000000E+00 |  0.000000E+00 |  0.0021000776 |             f
  1275 |    51000 |     40 |  0.000000E+00 |  0.000000E+00 |  0.0050483636 |             f
  1276 |    51040 |     40 |  0.000000E+00 |  0.000000E+00 |  0.0018598507 |             f
  1277 |    51080 |     40 |  0.000000E+00 |  0.000000E+00 |  0.0024679202 |             f
  1278 |    51120 |     40 |  0.000000E+00 |  0.000000E+00 |  0.0038405010 |             f
  1279 |    51160 |     40 |  0.000000E+00 |  0.000000E+00 |  0.0025162967 |             f
  1280 |    51200 |     40 |  0.000000E+00 |  0.000000E+00 |  0.0037633265 |             f
  1281 |    51240 |     40 |  0.000000E+00 |  0.000000E+00 |  0.0023739006 |             f
  1282 |    51280 |     40 |  0.000000E+00 |  0.000000E+00 |  0.0044537777 |             f
  1283 |    51320 |     40 |  0.000000E+00 |  0.000000E+00 |  0.0015454831 |             f
  1284 |    51360 |     40 |  0.000000E+00 |  0.000000E+00 |  0.0028979667 |             f
  1285 |    51400 |     40 |  0.000000E+00 |  0.000000E+00 |  0.0033132475 |             f
  1286 |    51440 |     40 |  0.000000E+00 |  0.000000E+00 |  0.0020569404 |             f
  1287 |    51480 |     40 |  0.000000E+00 |  0.000000E+00 |  0.0050074305 |             f
  1288 |    51520 |     40 |  0.000000E+00 |  0.000000E+00 |  0.0026281030 |             f
  1289 |    51560 |     40 |  0.000000E+00 |  0.000000E+00 |  0.0032848645 |             f
  1290 |    51600 |     40 |  0.000000E+00 |  0.000000E+00 |  0.0032374245 |             f
  1291 |    51640 |     40 |  0.000000E+00 |  0.000000E+00 |  0.0014575703 |             f
  1292 |    51680 |     40 |  0.000000E+00 |  0.000000E+00 |  0.0028371632 |             f
  1293 |    51720 |     40 |  0.000000E+00 |  0.000000E+00 |  0.0025591917 |             f
  1294 |    51760 |     40 |  0.000000E+00 |  0.000000E+00 |  0.0023336569 |             f
  1295 |    51800 |     40 |  0.000000E+00 |  0.000000E+00 |  0.0040063115 |             f
  1296 |    51840 |     40 |  0.000000E+00 |  0.000000E+00 |  0.0013693075 |             f
  1297 |    51880 |     40 |  0.000000E+00 |  0.000000E+00 |  0.0037358528 |             f
  1298 |    51920 |     40 |  0.000000E+00 |  0.000000E+00 |  0.0040445750 |             f
  1299 |    51960 |     40 |  0.000000E+00 |  0.000000E+00 |  0.0041713480 |             f
  1300 |    52000 |     40 |  0.000000E+00 |  0.000000E+00 |  0.0028241515 |             f
mean B0=50.7727 homogen=2318.711
mean B0=72.3622 homogen=128611.8676
mean B0=72.3622 homogen=128611.8676
mean B0=61.6109 homogen=41351.2371
mean B0=68.1906 homogen=88360.135
mean B0=63.0854 homogen=40197.5709
mean B0=52.8095 homogen=3610.4594
mean B0=60.7271 homogen=32879.436
mean B0=53.8243 homogen=9924.1955
mean B0=69.0618 homogen=94982.7669
mean B0=66.9122 homogen=72527.6211
mean B0=54.7058 homogen=12633.1715
mean B0=59.0579 homogen=22971.8114
mean B0=59.7203 homogen=25701.2381
mean B0=56.2101 homogen=22114.4793
mean B0=67.4443 homogen=80923.3903
mean B0=70.4981 homogen=111979.4436
mean B0=51.8388 homogen=2422.8488
mean B0=67.4146 homogen=80648.6658
mean B0=66.4726 homogen=68696.643
mean B0=65.1551 homogen=57703.9233
mean B0=58.6099 homogen=28616.3556
mean B0=57.6172 homogen=25366.4226
mean B0=55.6027 homogen=16217.2145
mean B0=70.055 homogen=107600.9532
mean B0=51.2939 homogen=1642.4689
mean B0=65.7721 homogen=61656.0285
mean B0=69.8775 homogen=106215.946
mean B0=69.485 homogen=98207.9334
mean B0=66.1974 homogen=65772.4365
mean B0=71.1308 homogen=115725.39
mean B0=70.925 homogen=114167.4716
mean B0=64.5197 homogen=53625.7309
mean B0=64.9386 homogen=55015.9221
mean B0=58.3393 homogen=27603.3445
mean B0=55.3768 homogen=14630.5935
mean B0=71.4627 homogen=119070.8905
mean B0=63.7338 homogen=43991.981
mean B0=63.6335 homogen=42838.608
mean B0=69.5973 homogen=100785.2346
  1301 |    52040 |     40 |  0.000000E+00 |  0.000000E+00 |  0.0017961200 |             f
  1302 |    52080 |     40 |  0.000000E+00 |  0.000000E+00 |  0.0038782576 |             f
  1303 |    52120 |     40 |  0.000000E+00 |  0.000000E+00 |  0.0037176836 |             f
  1304 |    52160 |     40 |  0.000000E+00 |  0.000000E+00 |  0.0019294401 |             f
  1305 |    52200 |     40 |  0.000000E+00 |  0.000000E+00 |  0.0035763857 |             f
  1306 |    52240 |     40 |  0.000000E+00 |  0.000000E+00 |  0.0016011243 |             f
  1307 |    52280 |     40 |  0.000000E+00 |  0.000000E+00 |  0.0044682245 |             f
  1308 |    52320 |     40 |  0.000000E+00 |  0.000000E+00 |  0.0013148222 |             f
  1309 |    52360 |     40 |  0.000000E+00 |  0.000000E+00 |  0.0022046943 |             f
  1310 |    52400 |     40 |  0.000000E+00 |  0.000000E+00 |  0.0050725282 |             f
  1311 |    52440 |     40 |  0.000000E+00 |  0.000000E+00 |  0.0027409463 |             f
  1312 |    52480 |     40 |  0.000000E+00 |  0.000000E+00 |  0.0022183744 |             f
  1313 |    52520 |     40 |  0.000000E+00 |  0.000000E+00 |  0.0048938845 |             f
  1314 |    52560 |     40 |  0.000000E+00 |  0.000000E+00 |  0.0013363524 |             f
  1315 |    52600 |     40 |  0.000000E+00 |  0.000000E+00 |  0.0049712696 |             f
  1316 |    52640 |     40 |  0.000000E+00 |  0.000000E+00 |  0.0018393315 |             f
  1317 |    52680 |     40 |  0.000000E+00 |  0.000000E+00 |  0.0030821825 |             f
  1318 |    52720 |     40 |  0.000000E+00 |  0.000000E+00 |  0.0029990766 |             f
  1319 |    52760 |     40 |  0.000000E+00 |  0.000000E+00 |  0.0030150993 |             f
  1320 |    52800 |     40 |  0.000000E+00 |  0.000000E+00 |  0.0042910751 |             f
  1321 |    52840 |     40 |  0.000000E+00 |  0.000000E+00 |  0.0036427629 |             f
  1322 |    52880 |     40 |  0.000000E+00 |  0.000000E+00 |  0.0012659766 |             f
  1323 |    52920 |     40 |  0.000000E+00 |  0.000000E+00 |  0.0033659584 |             f
  1324 |    52960 |     40 |  0.000000E+00 |  0.000000E+00 |  0.0026616358 |             f
  1325 |    53000 |     40 |  0.000000E+00 |  0.000000E+00 |  0.0023424391 |             f
  1326 |    53040 |     40 |  0.000000E+00 |  0.000000E+00 |  0.0048469256 |             f
  1327 |    53080 |     40 |  0.000000E+00 |  0.000000E+00 |  0.0029092391 |             f
  1328 |    53120 |     40 |  0.000000E+00 |  0.000000E+00 |  0.0030137715 |             f
  1329 |    53160 |     40 |  0.000000E+00 |  0.000000E+00 |  0.0014800280 |             f
  1330 |    53200 |     40 |  0.000000E+00 |  0.000000E+00 |  0.0031713627 |             f
  1331 |    53240 |     40 |  0.000000E+00 |  0.000000E+00 |  0.0022539499 |             f
  1332 |    53280 |     40 |  0.000000E+00 |  0.000000E+00 |  0.0052692755 |             f
  1333 |    53320 |     40 |  0.000000E+00 |  0.000000E+00 |  0.0019600455 |             f
  1334 |    53360 |     40 |  0.000000E+00 |  0.000000E+00 |  0.0046377687 |             f
  1335 |    53400 |     40 |  0.000000E+00 |  0.000000E+00 |  0.0027541841 |             f
  1336 |    53440 |     40 |  0.000000E+00 |  0.000000E+00 |  0.0012722071 |             f
  1337 |    53480 |     40 |  0.000000E+00 |  0.000000E+00 |  0.0040061112 |             f
  1338 |    53520 |     40 |  0.000000E+00 |  0.000000E+00 |  0.0022437333 |             f
  1339 |    53560 |     40 |  0.000000E+00 |  0.000000E+00 |  0.0046813526 |             f
  1340 |    53600 |     40 |  0.000000E+00 |  0.000000E+00 |  0.0020930740 |             f
  1341 |    53640 |     40 |  0.000000E+00 |  0.000000E+00 |  0.0042652458 |             f
  1342 |    53680 |     40 |  0.000000E+00 |  0.000000E+00 |  0.0010957638 |             f
  1343 |    53720 |     40 |  0.000000E+00 |  0.000000E+00 |  0.0038064884 |             f
  1344 |    53760 |     40 |  0.000000E+00 |  0.000000E+00 |  0.0013479563 |             f
  1345 |    53800 |     40 |  0.000000E+00 |  0.000000E+00 |  0.0037465885 |             f
  1346 |    53840 |     40 |  0.000000E+00 |  0.000000E+00 |  0.0028242135 |             f
  1347 |    53880 |     40 |  0.000000E+00 |  0.000000E+00 |  0.0013786648 |             f
  1348 |    53920 |     40 |  0.000000E+00 |  0.000000E+00 |  0.0023388147 |             f
  1349 |    53960 |     40 |  0.000000E+00 |  0.000000E+00 |  0.0047170294 |             f
  1350 |    54000 |     40 |  0.000000E+00 |  0.000000E+00 |  0.0032127207 |             f
  1351 |    54040 |     40 |  0.000000E+00 |  0.000000E+00 |  0.0016354092 |             f
  1352 |    54080 |     40 |  0.000000E+00 |  0.000000E+00 |  0.0044992863 |             f
  1353 |    54120 |     40 |  0.000000E+00 |  0.000000E+00 |  0.0029578077 |             f
  1354 |    54160 |     40 |  0.000000E+00 |  0.000000E+00 |  0.0017825781 |             f
  1355 |    54200 |     40 |  0.000000E+00 |  0.000000E+00 |  0.0053863512 |             f
  1356 |    54240 |     40 |  0.000000E+00 |  0.000000E+00 |  0.0022477671 |             f
  1357 |    54280 |     40 |  0.000000E+00 |  0.000000E+00 |  0.0040470168 |             f
  1358 |    54320 |     40 |  0.000000E+00 |  0.000000E+00 |  0.0007667005 |             f
  1359 |    54360 |     40 |  0.000000E+00 |  0.000000E+00 |  0.0043435866 |             f
  1360 |    54400 |     40 |  0.000000E+00 |  0.000000E+00 |  0.0036957012 |             f
  1361 |    54440 |     40 |  0.000000E+00 |  0.000000E+00 |  0.0026219863 |             f
  1362 |    54480 |     40 |  0.000000E+00 |  0.000000E+00 |  0.0033510806 |             f
  1363 |    54520 |     40 |  0.000000E+00 |  0.000000E+00 |  0.0023965462 |             f
  1364 |    54560 |     40 |  0.000000E+00 |  0.000000E+00 |  0.0043561609 |             f
  1365 |    54600 |     40 |  0.000000E+00 |  0.000000E+00 |  0.0007711332 |             f
  1366 |    54640 |     40 |  0.000000E+00 |  0.000000E+00 |  0.0030841912 |             f
  1367 |    54680 |     40 |  0.000000E+00 |  0.000000E+00 |  0.0024256156 |             f
  1368 |    54720 |     40 |  0.000000E+00 |  0.000000E+00 |  0.0059448212 |             f
  1369 |    54760 |     40 |  0.000000E+00 |  0.000000E+00 |  0.0017516948 |             f
  1370 |    54800 |     40 |  0.000000E+00 |  0.000000E+00 |  0.0029117279 |             f
  1371 |    54840 |     40 |  0.000000E+00 |  0.000000E+00 |  0.0019139085 |             f
  1372 |    54880 |     40 |  0.000000E+00 |  0.000000E+00 |  0.0051486510 |             f
  1373 |    54920 |     40 |  0.000000E+00 |  0.000000E+00 |  0.0028837198 |             f
  1374 |    54960 |     40 |  0.000000E+00 |  0.000000E+00 |  0.0014722972 |             f
  1375 |    55000 |     40 |  0.000000E+00 |  0.000000E+00 |  0.0028672065 |             f
  1376 |    55040 |     40 |  0.000000E+00 |  0.000000E+00 |  0.0041844899 |             f
  1377 |    55080 |     40 |  0.000000E+00 |  0.000000E+00 |  0.0032311155 |             f
  1378 |    55120 |     40 |  0.000000E+00 |  0.000000E+00 |  0.0025462623 |             f
  1379 |    55160 |     40 |  0.000000E+00 |  0.000000E+00 |  0.0026183565 |             f
  1380 |    55200 |     40 |  0.000000E+00 |  0.000000E+00 |  0.0038277544 |             f
  1381 |    55240 |     40 |  0.000000E+00 |  0.000000E+00 |  0.0013671945 |             f
  1382 |    55280 |     40 |  0.000000E+00 |  0.000000E+00 |  0.0040843509 |             f
  1383 |    55320 |     40 |  0.000000E+00 |  0.000000E+00 |  0.0015876556 |             f
  1384 |    55360 |     40 |  0.000000E+00 |  0.000000E+00 |  0.0017954618 |             f
  1385 |    55400 |     40 |  0.000000E+00 |  0.000000E+00 |  0.0033187215 |             f
  1386 |    55440 |     40 |  0.000000E+00 |  0.000000E+00 |  0.0022534352 |             f
  1387 |    55480 |     40 |  0.000000E+00 |  0.000000E+00 |  0.0050715580 |             f
  1388 |    55520 |     40 |  0.000000E+00 |  0.000000E+00 |  0.0012865950 |             f
  1389 |    55560 |     40 |  0.000000E+00 |  0.000000E+00 |  0.0029730414 |             f
  1390 |    55600 |     40 |  0.000000E+00 |  0.000000E+00 |  0.0027383883 |             f
  1391 |    55640 |     40 |  0.000000E+00 |  0.000000E+00 |  0.0016073866 |             f
  1392 |    55680 |     40 |  0.000000E+00 |  0.000000E+00 |  0.0057772223 |             f
  1393 |    55720 |     40 |  0.000000E+00 |  0.000000E+00 |  0.0029431316 |             f
  1394 |    55760 |     40 |  0.000000E+00 |  0.000000E+00 |  0.0022578645 |             f
  1395 |    55800 |     40 |  0.000000E+00 |  0.000000E+00 |  0.0037533058 |             f
  1396 |    55840 |     40 |  0.000000E+00 |  0.000000E+00 |  0.0035110407 |             f
  1397 |    55880 |     40 |  0.000000E+00 |  0.000000E+00 |  0.0041741451 |             f
  1398 |    55920 |     40 |  0.000000E+00 |  0.000000E+00 |  0.0030354694 |             f
  1399 |    55960 |     40 |  0.000000E+00 |  0.000000E+00 |  0.0017281274 |             f
  1400 |    56000 |     40 |  0.000000E+00 |  0.000000E+00 |  0.0045519994 |             f
mean B0=50.7728 homogen=2317.7853
mean B0=50.7728 homogen=2317.7853
mean B0=72.3909 homogen=128830.9147
mean B0=70.9765 homogen=112189.2235
mean B0=68.6726 homogen=89776.7504
mean B0=55.5663 homogen=16592.0197
mean B0=63.7444 homogen=44399.7284
mean B0=71.8787 homogen=121428.5818
mean B0=62.2652 homogen=37401.6461
mean B0=54.5041 homogen=10873.7373
mean B0=66.6695 homogen=71676.7029
mean B0=67.5343 homogen=80158.7304
mean B0=69.8131 homogen=101384.1415
mean B0=61.2476 homogen=35470.2625
mean B0=67.5343 homogen=80158.7304
mean B0=64.6242 homogen=55035.3727
mean B0=61.469 homogen=36533.1793
mean B0=66.0782 homogen=64345.8277
mean B0=62.0665 homogen=36397.4107
mean B0=56.0608 homogen=12391.0073
mean B0=67.0774 homogen=73274.7068
mean B0=60.3025 homogen=32191.5658
mean B0=72.0339 homogen=122827.3476
mean B0=70.142 homogen=106092.4554
mean B0=56.3723 homogen=12865.6276
mean B0=52.4611 homogen=3378.6714
mean B0=68.8638 homogen=92126.9274
mean B0=69.3433 homogen=98077.6097
mean B0=59.107 homogen=22008.4088
mean B0=59.1096 homogen=26241.6819
mean B0=57.4115 homogen=21378.8636
mean B0=60.3025 homogen=32192.0315
mean B0=69.1492 homogen=96538.1665
mean B0=58.6011 homogen=25455.4369
mean B0=72.3393 homogen=128436.4975
mean B0=57.971 homogen=22700.3131
mean B0=70.5945 homogen=108361.2366
mean B0=52.9442 homogen=3802.454
mean B0=53.4299 homogen=4818.1759
mean B0=51.8547 homogen=2332.5633
  1401 |    56040 |     40 |  0.000000E+00 |  0.000000E+00 |  0.0028523863 |             f
  1402 |    56080 |     40 |  0.000000E+00 |  0.000000E+00 |  0.0034900694 |             f
  1403 |    56120 |     40 |  0.000000E+00 |  0.000000E+00 |  0.0025322598 |             f
  1404 |    56160 |     40 |  0.000000E+00 |  0.000000E+00 |  0.0027992438 |             f
  1405 |    56200 |     40 |  0.000000E+00 |  0.000000E+00 |  0.0043311158 |             f
  1406 |    56240 |     40 |  0.000000E+00 |  0.000000E+00 |  0.0034582515 |             f
  1407 |    56280 |     40 |  0.000000E+00 |  0.000000E+00 |  0.0017373596 |             f
  1408 |    56320 |     40 |  0.000000E+00 |  0.000000E+00 |  0.0035685957 |             f
  1409 |    56360 |     40 |  0.000000E+00 |  0.000000E+00 |  0.0027618725 |             f
  1410 |    56400 |     40 |  0.000000E+00 |  0.000000E+00 |  0.0034359818 |             f
  1411 |    56440 |     40 |  0.000000E+00 |  0.000000E+00 |  0.0026773140 |             f
  1412 |    56480 |     40 |  0.000000E+00 |  0.000000E+00 |  0.0026516163 |             f
  1413 |    56520 |     40 |  0.000000E+00 |  0.000000E+00 |  0.0018424567 |             f
  1414 |    56560 |     40 |  0.000000E+00 |  0.000000E+00 |  0.0033293196 |             f
  1415 |    56600 |     40 |  0.000000E+00 |  0.000000E+00 |  0.0026288624 |             f
  1416 |    56640 |     40 |  0.000000E+00 |  0.000000E+00 |  0.0022439887 |             f
  1417 |    56680 |     40 |  0.000000E+00 |  0.000000E+00 |  0.0043980774 |             f
  1418 |    56720 |     40 |  0.000000E+00 |  0.000000E+00 |  0.0017402966 |             f
  1419 |    56760 |     40 |  0.000000E+00 |  0.000000E+00 |  0.0030580880 |             f
  1420 |    56800 |     40 |  0.000000E+00 |  0.000000E+00 |  0.0020005292 |             f
  1421 |    56840 |     40 |  0.000000E+00 |  0.000000E+00 |  0.0040375210 |             f
  1422 |    56880 |     40 |  0.000000E+00 |  0.000000E+00 |  0.0023948434 |             f
  1423 |    56920 |     40 |  0.000000E+00 |  0.000000E+00 |  0.0050368485 |             f
  1424 |    56960 |     40 |  0.000000E+00 |  0.000000E+00 |  0.0024052327 |             f
  1425 |    57000 |     40 |  0.000000E+00 |  0.000000E+00 |  0.0048473368 |             f
  1426 |    57040 |     40 |  0.000000E+00 |  0.000000E+00 |  0.0029145943 |             f
  1427 |    57080 |     40 |  0.000000E+00 |  0.000000E+00 |  0.0036536727 |             f
  1428 |    57120 |     40 |  0.000000E+00 |  0.000000E+00 |  0.0030716570 |             f
  1429 |    57160 |     40 |  0.000000E+00 |  0.000000E+00 |  0.0039820062 |             f
  1430 |    57200 |     40 |  0.000000E+00 |  0.000000E+00 |  0.0038460571 |             f
  1431 |    57240 |     40 |  0.000000E+00 |  0.000000E+00 |  0.0000153091 |             f
  1432 |    57280 |     40 |  0.000000E+00 |  0.000000E+00 |  0.0038486486 |             f
  1433 |    57320 |     40 |  0.000000E+00 |  0.000000E+00 |  0.0025530708 |             f
  1434 |    57360 |     40 |  0.000000E+00 |  0.000000E+00 |  0.0035591271 |             f
  1435 |    57400 |     40 |  0.000000E+00 |  0.000000E+00 |  0.0021345473 |             f
  1436 |    57440 |     40 |  0.000000E+00 |  0.000000E+00 |  0.0045246187 |             f
  1437 |    57480 |     40 |  0.000000E+00 |  0.000000E+00 |  0.0021645491 |             f
  1438 |    57520 |     40 |  0.000000E+00 |  0.000000E+00 |  0.0041854970 |             f
  1439 |    57560 |     40 |  0.000000E+00 |  0.000000E+00 |  0.0024869754 |             f
  1440 |    57600 |     40 |  0.000000E+00 |  0.000000E+00 |  0.0044766399 |             f
  1441 |    57640 |     40 |  0.000000E+00 |  0.000000E+00 |  0.0027766747 |             f
  1442 |    57680 |     40 |  0.000000E+00 |  0.000000E+00 |  0.0014067750 |             f
  1443 |    57720 |     40 |  0.000000E+00 |  0.000000E+00 |  0.0039907548 |             f
  1444 |    57760 |     40 |  0.000000E+00 |  0.000000E+00 |  0.0029969376 |             f
  1445 |    57800 |     40 |  0.000000E+00 |  0.000000E+00 |  0.0040227825 |             f
  1446 |    57840 |     40 |  0.000000E+00 |  0.000000E+00 |  0.0039355440 |             f
  1447 |    57880 |     40 |  0.000000E+00 |  0.000000E+00 |  0.0041346831 |             f
  1448 |    57920 |     40 |  0.000000E+00 |  0.000000E+00 |  0.0024289549 |             f
  1449 |    57960 |     40 |  0.000000E+00 |  0.000000E+00 |  0.0047608443 |             f
  1450 |    58000 |     40 |  0.000000E+00 |  0.000000E+00 |  0.0011531902 |             f
  1451 |    58040 |     40 |  0.000000E+00 |  0.000000E+00 |  0.0063173838 |             f
  1452 |    58080 |     40 |  0.000000E+00 |  0.000000E+00 |  0.0026677484 |             f
  1453 |    58120 |     40 |  0.000000E+00 |  0.000000E+00 |  0.0027054441 |             f
  1454 |    58160 |     40 |  0.000000E+00 |  0.000000E+00 |  0.0027758624 |             f
  1455 |    58200 |     40 |  0.000000E+00 |  0.000000E+00 |  0.0017451708 |             f
  1456 |    58240 |     40 |  0.000000E+00 |  0.000000E+00 |  0.0041343859 |             f
  1457 |    58280 |     40 |  0.000000E+00 |  0.000000E+00 |  0.0021413238 |             f
  1458 |    58320 |     40 |  0.000000E+00 |  0.000000E+00 |  0.0059019185 |             f
  1459 |    58360 |     40 |  0.000000E+00 |  0.000000E+00 |  0.0031226255 |             f
  1460 |    58400 |     40 |  0.000000E+00 |  0.000000E+00 |  0.0027422725 |             f
  1461 |    58440 |     40 |  0.000000E+00 |  0.000000E+00 |  0.0024819580 |             f
  1462 |    58480 |     40 |  0.000000E+00 |  0.000000E+00 |  0.0038149750 |             f
  1463 |    58520 |     40 |  0.000000E+00 |  0.000000E+00 |  0.0014808902 |             f
  1464 |    58560 |     40 |  0.000000E+00 |  0.000000E+00 |  0.0039905797 |             f
  1465 |    58600 |     40 |  0.000000E+00 |  0.000000E+00 |  0.0021581671 |             f
  1466 |    58640 |     40 |  0.000000E+00 |  0.000000E+00 |  0.0025846295 |             f
  1467 |    58680 |     40 |  0.000000E+00 |  0.000000E+00 |  0.0035572976 |             f
  1468 |    58720 |     40 |  0.000000E+00 |  0.000000E+00 |  0.0013930858 |             f
  1469 |    58760 |     40 |  0.000000E+00 |  0.000000E+00 |  0.0026839235 |             f
  1470 |    58800 |     40 |  0.000000E+00 |  0.000000E+00 |  0.0017320643 |             f
  1471 |    58840 |     40 |  0.000000E+00 |  0.000000E+00 |  0.0049854023 |             f
  1472 |    58880 |     40 |  0.000000E+00 |  0.000000E+00 |  0.0029158632 |             f
  1473 |    58920 |     40 |  0.000000E+00 |  0.000000E+00 |  0.0042565083 |             f
  1474 |    58960 |     40 |  0.000000E+00 |  0.000000E+00 |  0.0016375761 |             f
  1475 |    59000 |     40 |  0.000000E+00 |  0.000000E+00 |  0.0037567293 |             f
  1476 |    59040 |     40 |  0.000000E+00 |  0.000000E+00 |  0.0025164773 |             f
  1477 |    59080 |     40 |  0.000000E+00 |  0.000000E+00 |  0.0010031941 |             f
  1478 |    59120 |     40 |  0.000000E+00 |  0.000000E+00 |  0.0019240785 |             f
  1479 |    59160 |     40 |  0.000000E+00 |  0.000000E+00 |  0.0041000219 |             f
  1480 |    59200 |     40 |  0.000000E+00 |  0.000000E+00 |  0.0019990708 |             f
  1481 |    59240 |     40 |  0.000000E+00 |  0.000000E+00 |  0.0036982556 |             f
  1482 |    59280 |     40 |  0.000000E+00 |  0.000000E+00 |  0.0039844046 |             f
  1483 |    59320 |     40 |  0.000000E+00 |  0.000000E+00 |  0.0039863702 |             f
  1484 |    59360 |     40 |  0.000000E+00 |  0.000000E+00 |  0.0043893472 |             f
  1485 |    59400 |     40 |  0.000000E+00 |  0.000000E+00 |  0.0021186666 |             f
  1486 |    59440 |     40 |  0.000000E+00 |  0.000000E+00 |  0.0044287121 |             f
  1487 |    59480 |     40 |  0.000000E+00 |  0.000000E+00 |  0.0022637059 |             f
  1488 |    59520 |     40 |  0.000000E+00 |  0.000000E+00 |  0.0064620235 |             f
  1489 |    59560 |     40 |  0.000000E+00 |  0.000000E+00 |  0.0029848132 |             f
  1490 |    59600 |     40 |  0.000000E+00 |  0.000000E+00 |  0.0041347156 |             f
  1491 |    59640 |     40 |  0.000000E+00 |  0.000000E+00 |  0.0018014804 |             f
  1492 |    59680 |     40 |  0.000000E+00 |  0.000000E+00 |  0.0027692568 |             f
  1493 |    59720 |     40 |  0.000000E+00 |  0.000000E+00 |  0.0012194925 |             f
  1494 |    59760 |     40 |  0.000000E+00 |  0.000000E+00 |  0.0032539780 |             f
  1495 |    59800 |     40 |  0.000000E+00 |  0.000000E+00 |  0.0040834049 |             f
  1496 |    59840 |     40 |  0.000000E+00 |  0.000000E+00 |  0.0025581900 |             f
  1497 |    59880 |     40 |  0.000000E+00 |  0.000000E+00 |  0.0015591806 |             f
  1498 |    59920 |     40 |  0.000000E+00 |  0.000000E+00 |  0.0034232902 |             f
  1499 |    59960 |     40 |  0.000000E+00 |  0.000000E+00 |  0.0016611336 |             f
  1500 |    60000 |     40 |  0.000000E+00 |  0.000000E+00 |  0.0039278796 |             f
mean B0=72.3943 homogen=128843.268
mean B0=50.773 homogen=2314.8255
mean B0=50.773 homogen=2314.8255
mean B0=60.6616 homogen=28100.9304
mean B0=62.8883 homogen=38977.7289
mean B0=56.3211 homogen=12276.7503
mean B0=66.3776 homogen=66389.1893
mean B0=55.244 homogen=9577.2369
mean B0=69.8931 homogen=101450.6141
mean B0=67.875 homogen=81671.9068
mean B0=69.0128 homogen=92476.6635
mean B0=59.6914 homogen=32372.8584
mean B0=67.0895 homogen=73386.5678
mean B0=71.8535 homogen=120941.3382
mean B0=55.8839 homogen=21397.0056
mean B0=67.0884 homogen=73385.8358
mean B0=72.1193 homogen=127281.5907
mean B0=57.7598 homogen=26403.8392
mean B0=70.5973 homogen=111305.4354
mean B0=54.7583 homogen=12695.5228
mean B0=58.6019 homogen=22557.0706
mean B0=52.9166 homogen=4352.4772
mean B0=53.5517 homogen=5246.5963
mean B0=57.7598 homogen=26403.8392
mean B0=59.6914 homogen=32372.4467
mean B0=63.7225 homogen=43140.0363
mean B0=64.4296 homogen=48049.8592
mean B0=58.5463 homogen=22234.2724
mean B0=68.3817 homogen=86178.6921
mean B0=63.7883 homogen=43520.1402
mean B0=62.8892 homogen=38980.4713
mean B0=52.1118 homogen=2987.1029
mean B0=68.8205 homogen=91003.8603
mean B0=70.9128 homogen=113913.4186
mean B0=70.1645 homogen=108013.2634
mean B0=69.8998 homogen=101521.2055
mean B0=50.9375 homogen=4017.2827
mean B0=71.6208 homogen=118603.1789
mean B0=65.939 homogen=63936.2825
mean B0=51.7064 homogen=3715.1886
  1501 |    60040 |     40 |  0.000000E+00 |  0.000000E+00 |  0.0021638961 |             f
  1502 |    60080 |     40 |  0.000000E+00 |  0.000000E+00 |  0.0058261404 |             f
  1503 |    60120 |     40 |  0.000000E+00 |  0.000000E+00 |  0.0021340936 |             f
  1504 |    60160 |     40 |  0.000000E+00 |  0.000000E+00 |  0.0039983982 |             f
  1505 |    60200 |     40 |  0.000000E+00 |  0.000000E+00 |  0.0010406933 |             f
  1506 |    60240 |     40 |  0.000000E+00 |  0.000000E+00 |  0.0030085008 |             f
  1507 |    60280 |     40 |  0.000000E+00 |  0.000000E+00 |  0.0020555937 |             f
  1508 |    60320 |     40 |  0.000000E+00 |  0.000000E+00 |  0.0049366570 |             f
  1509 |    60360 |     40 |  0.000000E+00 |  0.000000E+00 |  0.0033347949 |             f
  1510 |    60400 |     40 |  0.000000E+00 |  0.000000E+00 |  0.0052086328 |             f
  1511 |    60440 |     40 |  0.000000E+00 |  0.000000E+00 |  0.0024111816 |             f
  1512 |    60480 |     40 |  0.000000E+00 |  0.000000E+00 |  0.0030407542 |             f
  1513 |    60520 |     40 |  0.000000E+00 |  0.000000E+00 |  0.0014760549 |             f
  1514 |    60560 |     40 |  0.000000E+00 |  0.000000E+00 |  0.0032163511 |             f
  1515 |    60600 |     40 |  0.000000E+00 |  0.000000E+00 |  0.0020008075 |             f
  1516 |    60640 |     40 |  0.000000E+00 |  0.000000E+00 |  0.0040268064 |             f
  1517 |    60680 |     40 |  0.000000E+00 |  0.000000E+00 |  0.0016323434 |             f
  1518 |    60720 |     40 |  0.000000E+00 |  0.000000E+00 |  0.0037586960 |             f
  1519 |    60760 |     40 |  0.000000E+00 |  0.000000E+00 |  0.0040456336 |             f
  1520 |    60800 |     40 |  0.000000E+00 |  0.000000E+00 |  0.0020399014 |             f
  1521 |    60840 |     40 |  0.000000E+00 |  0.000000E+00 |  0.0028338952 |             f
  1522 |    60880 |     40 |  0.000000E+00 |  0.000000E+00 |  0.0033237276 |             f
  1523 |    60920 |     40 |  0.000000E+00 |  0.000000E+00 |  0.0010732785 |             f
  1524 |    60960 |     40 |  0.000000E+00 |  0.000000E+00 |  0.0034367258 |             f
  1525 |    61000 |     40 |  0.000000E+00 |  0.000000E+00 |  0.0017107189 |             f
  1526 |    61040 |     40 |  0.000000E+00 |  0.000000E+00 |  0.0050230103 |             f
  1527 |    61080 |     40 |  0.000000E+00 |  0.000000E+00 |  0.0038773147 |             f
  1528 |    61120 |     40 |  0.000000E+00 |  0.000000E+00 |  0.0025035934 |             f
  1529 |    61160 |     40 |  0.000000E+00 |  0.000000E+00 |  0.0027368473 |             f
  1530 |    61200 |     40 |  0.000000E+00 |  0.000000E+00 |  0.0040019237 |             f
  1531 |    61240 |     40 |  0.000000E+00 |  0.000000E+00 |  0.0033349290 |             f
  1532 |    61280 |     40 |  0.000000E+00 |  0.000000E+00 |  0.0027377675 |             f
  1533 |    61320 |     40 |  0.000000E+00 |  0.000000E+00 |  0.0022023466 |             f
  1534 |    61360 |     40 |  0.000000E+00 |  0.000000E+00 |  0.0058787341 |             f
  1535 |    61400 |     40 |  0.000000E+00 |  0.000000E+00 |  0.0029833062 |             f
  1536 |    61440 |     40 |  0.000000E+00 |  0.000000E+00 |  0.0024553257 |             f
  1537 |    61480 |     40 |  0.000000E+00 |  0.000000E+00 |  0.0047948620 |             f
  1538 |    61520 |     40 |  0.000000E+00 |  0.000000E+00 |  0.0019389262 |             f
  1539 |    61560 |     40 |  0.000000E+00 |  0.000000E+00 |  0.0043198417 |             f
  1540 |    61600 |     40 |  0.000000E+00 |  0.000000E+00 |  0.0034155859 |             f
  1541 |    61640 |     40 |  0.000000E+00 |  0.000000E+00 |  0.0027285299 |             f
  1542 |    61680 |     40 |  0.000000E+00 |  0.000000E+00 |  0.0024564039 |             f
  1543 |    61720 |     40 |  0.000000E+00 |  0.000000E+00 |  0.0042642876 |             f
  1544 |    61760 |     40 |  0.000000E+00 |  0.000000E+00 |  0.0036447597 |             f
  1545 |    61800 |     40 |  0.000000E+00 |  0.000000E+00 |  0.0044453239 |             f
  1546 |    61840 |     40 |  0.000000E+00 |  0.000000E+00 |  0.0031325618 |             f
  1547 |    61880 |     40 |  0.000000E+00 |  0.000000E+00 |  0.0027022805 |             f
  1548 |    61920 |     40 |  0.000000E+00 |  0.000000E+00 |  0.0030232731 |             f
  1549 |    61960 |     40 |  0.000000E+00 |  0.000000E+00 |  0.0007938905 |             f
  1550 |    62000 |     40 |  0.000000E+00 |  0.000000E+00 |  0.0038790569 |             f
  1551 |    62040 |     40 |  0.000000E+00 |  0.000000E+00 |  0.0017042091 |             f
  1552 |    62080 |     40 |  0.000000E+00 |  0.000000E+00 |  0.0051919714 |             f
  1553 |    62120 |     40 |  0.000000E+00 |  0.000000E+00 |  0.0025551509 |             f
  1554 |    62160 |     40 |  0.000000E+00 |  0.000000E+00 |  0.0022067100 |             f
  1555 |    62200 |     40 |  0.000000E+00 |  0.000000E+00 |  0.0044816592 |             f
  1556 |    62240 |     40 |  0.000000E+00 |  0.000000E+00 |  0.0020290634 |             f
  1557 |    62280 |     40 |  0.000000E+00 |  0.000000E+00 |  0.0020597822 |             f
  1558 |    62320 |     40 |  0.000000E+00 |  0.000000E+00 |  0.0022597708 |             f
  1559 |    62360 |     40 |  0.000000E+00 |  0.000000E+00 |  0.0042221477 |             f
  1560 |    62400 |     40 |  0.000000E+00 |  0.000000E+00 |  0.0022703980 |             f
  1561 |    62440 |     40 |  0.000000E+00 |  0.000000E+00 |  0.0026462835 |             f
  1562 |    62480 |     40 |  0.000000E+00 |  0.000000E+00 |  0.0011334767 |             f
  1563 |    62520 |     40 |  0.000000E+00 |  0.000000E+00 |  0.0034848342 |             f
  1564 |    62560 |     40 |  0.000000E+00 |  0.000000E+00 |  0.0032211379 |             f
  1565 |    62600 |     40 |  0.000000E+00 |  0.000000E+00 |  0.0026457338 |             f
  1566 |    62640 |     40 |  0.000000E+00 |  0.000000E+00 |  0.0052444679 |             f
  1567 |    62680 |     40 |  0.000000E+00 |  0.000000E+00 |  0.0031546329 |             f
  1568 |    62720 |     40 |  0.000000E+00 |  0.000000E+00 |  0.0021669288 |             f
  1569 |    62760 |     40 |  0.000000E+00 |  0.000000E+00 |  0.0052435902 |             f
  1570 |    62800 |     40 |  0.000000E+00 |  0.000000E+00 |  0.0016889647 |             f
  1571 |    62840 |     40 |  0.000000E+00 |  0.000000E+00 |  0.0043090065 |             f
  1572 |    62880 |     40 |  0.000000E+00 |  0.000000E+00 |  0.0035679457 |             f
  1573 |    62920 |     40 |  0.000000E+00 |  0.000000E+00 |  0.0014428340 |             f
  1574 |    62960 |     40 |  0.000000E+00 |  0.000000E+00 |  0.0040288060 |             f
  1575 |    63000 |     40 |  0.000000E+00 |  0.000000E+00 |  0.0027852287 |             f
  1576 |    63040 |     40 |  0.000000E+00 |  0.000000E+00 |  0.0025782888 |             f
  1577 |    63080 |     40 |  0.000000E+00 |  0.000000E+00 |  0.0015600322 |             f
  1578 |    63120 |     40 |  0.000000E+00 |  0.000000E+00 |  0.0020372875 |             f
  1579 |    63160 |     40 |  0.000000E+00 |  0.000000E+00 |  0.0030291177 |             f
  1580 |    63200 |     40 |  0.000000E+00 |  0.000000E+00 |  0.0023491817 |             f
  1581 |    63240 |     40 |  0.000000E+00 |  0.000000E+00 |  0.0037599904 |             f
  1582 |    63280 |     40 |  0.000000E+00 |  0.000000E+00 |  0.0031994850 |             f
  1583 |    63320 |     40 |  0.000000E+00 |  0.000000E+00 |  0.0018786657 |             f
  1584 |    63360 |     40 |  0.000000E+00 |  0.000000E+00 |  0.0040395806 |             f
  1585 |    63400 |     40 |  0.000000E+00 |  0.000000E+00 |  0.0047206846 |             f
  1586 |    63440 |     40 |  0.000000E+00 |  0.000000E+00 |  0.0026953801 |             f
  1587 |    63480 |     40 |  0.000000E+00 |  0.000000E+00 |  0.0024874400 |             f
  1588 |    63520 |     40 |  0.000000E+00 |  0.000000E+00 |  0.0046306091 |             f
  1589 |    63560 |     40 |  0.000000E+00 |  0.000000E+00 |  0.0032006035 |             f
  1590 |    63600 |     40 |  0.000000E+00 |  0.000000E+00 |  0.0012707210 |             f
  1591 |    63640 |     40 |  0.000000E+00 |  0.000000E+00 |  0.0035798142 |             f
  1592 |    63680 |     40 |  0.000000E+00 |  0.000000E+00 |  0.0020690009 |             f
  1593 |    63720 |     40 |  0.000000E+00 |  0.000000E+00 |  0.0035378237 |             f
  1594 |    63760 |     40 |  0.000000E+00 |  0.000000E+00 |  0.0025459351 |             f
  1595 |    63800 |     40 |  0.000000E+00 |  0.000000E+00 |  0.0019405690 |             f
  1596 |    63840 |     40 |  0.000000E+00 |  0.000000E+00 |  0.0025545649 |             f
  1597 |    63880 |     40 |  0.000000E+00 |  0.000000E+00 |  0.0031264837 |             f
  1598 |    63920 |     40 |  0.000000E+00 |  0.000000E+00 |  0.0013435845 |             f
  1599 |    63960 |     40 |  0.000000E+00 |  0.000000E+00 |  0.0036168931 |             f
  1600 |    64000 |     40 |  0.000000E+00 |  0.000000E+00 |  0.0027885387 |             f
mean B0=50.7734 homogen=2316.1559
mean B0=50.7734 homogen=2316.1559
mean B0=72.3943 homogen=128845.3362
mean B0=66.5411 homogen=68272.0526
mean B0=66.7309 homogen=76131.4902
mean B0=70.2487 homogen=107002.4576
mean B0=60.4125 homogen=30812.2715
mean B0=70.9046 homogen=114359.4243
mean B0=62.5149 homogen=40847.7145
mean B0=52.0593 homogen=4162.4414
mean B0=63.655 homogen=42020.8698
mean B0=56.5765 homogen=20832.4396
mean B0=65.5973 homogen=59438.3197
mean B0=57.4547 homogen=15597.7952
mean B0=69.9121 homogen=101838.3657
mean B0=59.0427 homogen=24842.6535
mean B0=71.7782 homogen=120156.2732
mean B0=52.5785 homogen=5342.6952
mean B0=57.7609 homogen=16631.3084
mean B0=54.7749 homogen=8972.8233
mean B0=72.1667 homogen=125146.1783
mean B0=61.3985 homogen=38532.222
mean B0=67.7809 homogen=80418.8743
mean B0=64.7003 homogen=50815.8473
mean B0=71.3018 homogen=116427.237
mean B0=50.8365 homogen=2744.1051
mean B0=59.0425 homogen=24843.0879
mean B0=65.3852 homogen=56782.7922
mean B0=54.0835 homogen=7786.3634
mean B0=69.3459 homogen=97987.4878
mean B0=62.2202 homogen=39336.3736
mean B0=53.3528 homogen=6879.1954
mean B0=69.2105 homogen=96623.8096
mean B0=68.8399 homogen=90839.6149
mean B0=68.2461 homogen=86568.5457
mean B0=55.2259 homogen=10420.3088
mean B0=68.3875 homogen=87148.28
mean B0=68.9457 homogen=91901.3831
mean B0=56.3789 homogen=16439.3388
mean B0=54.0124 homogen=7735.3444
  1601 |    64040 |     40 |  0.000000E+00 |  0.000000E+00 |  0.0021937158 |             f
  1602 |    64080 |     40 |  0.000000E+00 |  0.000000E+00 |  0.0027613415 |             f
  1603 |    64120 |     40 |  0.000000E+00 |  0.000000E+00 |  0.0039989228 |             f
  1604 |    64160 |     40 |  0.000000E+00 |  0.000000E+00 |  0.0035447936 |             f
  1605 |    64200 |     40 |  0.000000E+00 |  0.000000E+00 |  0.0043454433 |             f
  1606 |    64240 |     40 |  0.000000E+00 |  0.000000E+00 |  0.0027313348 |             f
  1607 |    64280 |     40 |  0.000000E+00 |  0.000000E+00 |  0.0026210269 |             f
  1608 |    64320 |     40 |  0.000000E+00 |  0.000000E+00 |  0.0009749936 |             f
  1609 |    64360 |     40 |  0.000000E+00 |  0.000000E+00 |  0.0041741048 |             f
  1610 |    64400 |     40 |  0.000000E+00 |  0.000000E+00 |  0.0037076660 |             f
  1611 |    64440 |     40 |  0.000000E+00 |  0.000000E+00 |  0.0028263015 |             f
  1612 |    64480 |     40 |  0.000000E+00 |  0.000000E+00 |  0.0028817563 |             f
  1613 |    64520 |     40 |  0.000000E+00 |  0.000000E+00 |  0.0022297585 |             f
  1614 |    64560 |     40 |  0.000000E+00 |  0.000000E+00 |  0.0056159697 |             f
  1615 |    64600 |     40 |  0.000000E+00 |  0.000000E+00 |  0.0018503936 |             f
  1616 |    64640 |     40 |  0.000000E+00 |  0.000000E+00 |  0.0041189026 |             f
  1617 |    64680 |     40 |  0.000000E+00 |  0.000000E+00 |  0.0014713988 |             f
  1618 |    64720 |     40 |  0.000000E+00 |  0.000000E+00 |  0.0036352657 |             f
  1619 |    64760 |     40 |  0.000000E+00 |  0.000000E+00 |  0.0029456293 |             f
  1620 |    64800 |     40 |  0.000000E+00 |  0.000000E+00 |  0.0022947109 |             f
  1621 |    64840 |     40 |  0.000000E+00 |  0.000000E+00 |  0.0039074141 |             f
  1622 |    64880 |     40 |  0.000000E+00 |  0.000000E+00 |  0.0015604690 |             f
  1623 |    64920 |     40 |  0.000000E+00 |  0.000000E+00 |  0.0041103388 |             f
  1624 |    64960 |     40 |  0.000000E+00 |  0.000000E+00 |  0.0025873626 |             f
  1625 |    65000 |     40 |  0.000000E+00 |  0.000000E+00 |  0.0022406237 |             f
  1626 |    65040 |     40 |  0.000000E+00 |  0.000000E+00 |  0.0037255447 |             f
  1627 |    65080 |     40 |  0.000000E+00 |  0.000000E+00 |  0.0036622255 |             f
  1628 |    65120 |     40 |  0.000000E+00 |  0.000000E+00 |  0.0033860842 |             f
  1629 |    65160 |     40 |  0.000000E+00 |  0.000000E+00 |  0.0024710083 |             f
  1630 |    65200 |     40 |  0.000000E+00 |  0.000000E+00 |  0.0052414342 |             f
  1631 |    65240 |     40 |  0.000000E+00 |  0.000000E+00 |  0.0017515433 |             f
  1632 |    65280 |     40 |  0.000000E+00 |  0.000000E+00 |  0.0040524501 |             f
  1633 |    65320 |     40 |  0.000000E+00 |  0.000000E+00 |  0.0029271642 |             f
  1634 |    65360 |     40 |  0.000000E+00 |  0.000000E+00 |  0.0034771451 |             f
  1635 |    65400 |     40 |  0.000000E+00 |  0.000000E+00 |  0.0013062945 |             f
  1636 |    65440 |     40 |  0.000000E+00 |  0.000000E+00 |  0.0033518045 |             f
  1637 |    65480 |     40 |  0.000000E+00 |  0.000000E+00 |  0.0028510557 |             f
  1638 |    65520 |     40 |  0.000000E+00 |  0.000000E+00 |  0.0031023323 |             f
  1639 |    65560 |     40 |  0.000000E+00 |  0.000000E+00 |  0.0025304506 |             f
  1640 |    65600 |     40 |  0.000000E+00 |  0.000000E+00 |  0.0016621553 |             f
  1641 |    65640 |     40 |  0.000000E+00 |  0.000000E+00 |  0.0034737305 |             f
  1642 |    65680 |     40 |  0.000000E+00 |  0.000000E+00 |  0.0024504563 |             f
  1643 |    65720 |     40 |  0.000000E+00 |  0.000000E+00 |  0.0039050740 |             f
  1644 |    65760 |     40 |  0.000000E+00 |  0.000000E+00 |  0.0029101970 |             f
  1645 |    65800 |     40 |  0.000000E+00 |  0.000000E+00 |  0.0035004781 |             f
  1646 |    65840 |     40 |  0.000000E+00 |  0.000000E+00 |  0.0046067236 |             f
  1647 |    65880 |     40 |  0.000000E+00 |  0.000000E+00 |  0.0009214722 |             f
  1648 |    65920 |     40 |  0.000000E+00 |  0.000000E+00 |  0.0032756456 |             f
  1649 |    65960 |     40 |  0.000000E+00 |  0.000000E+00 |  0.0011714123 |             f
  1650 |    66000 |     40 |  0.000000E+00 |  0.000000E+00 |  0.0026652764 |             f
  1651 |    66040 |     40 |  0.000000E+00 |  0.000000E+00 |  0.0027216408 |             f
  1652 |    66080 |     40 |  0.000000E+00 |  0.000000E+00 |  0.0020916254 |             f
  1653 |    66120 |     40 |  0.000000E+00 |  0.000000E+00 |  0.0039102281 |             f
  1654 |    66160 |     40 |  0.000000E+00 |  0.000000E+00 |  0.0017347975 |             f
  1655 |    66200 |     40 |  0.000000E+00 |  0.000000E+00 |  0.0026453516 |             f
  1656 |    66240 |     40 |  0.000000E+00 |  0.000000E+00 |  0.0022417839 |             f
  1657 |    66280 |     40 |  0.000000E+00 |  0.000000E+00 |  0.0046046255 |             f
  1658 |    66320 |     40 |  0.000000E+00 |  0.000000E+00 |  0.0022434564 |             f
  1659 |    66360 |     40 |  0.000000E+00 |  0.000000E+00 |  0.0040353403 |             f
  1660 |    66400 |     40 |  0.000000E+00 |  0.000000E+00 |  0.0020861249 |             f
  1661 |    66440 |     40 |  0.000000E+00 |  0.000000E+00 |  0.0029538182 |             f
  1662 |    66480 |     40 |  0.000000E+00 |  0.000000E+00 |  0.0013565979 |             f
  1663 |    66520 |     40 |  0.000000E+00 |  0.000000E+00 |  0.0051745792 |             f
  1664 |    66560 |     40 |  0.000000E+00 |  0.000000E+00 |  0.0033904098 |             f
  1665 |    66600 |     40 |  0.000000E+00 |  0.000000E+00 |  0.0011941010 |             f
  1666 |    66640 |     40 |  0.000000E+00 |  0.000000E+00 |  0.0039690367 |             f
  1667 |    66680 |     40 |  0.000000E+00 |  0.000000E+00 |  0.0040617494 |             f
  1668 |    66720 |     40 |  0.000000E+00 |  0.000000E+00 |  0.0032044886 |             f
  1669 |    66760 |     40 |  0.000000E+00 |  0.000000E+00 |  0.0028671266 |             f
  1670 |    66800 |     40 |  0.000000E+00 |  0.000000E+00 |  0.0012633083 |             f
  1671 |    66840 |     40 |  0.000000E+00 |  0.000000E+00 |  0.0038836112 |             f
  1672 |    66880 |     40 |  0.000000E+00 |  0.000000E+00 |  0.0043129026 |             f
  1673 |    66920 |     40 |  0.000000E+00 |  0.000000E+00 |  0.0029646317 |             f
  1674 |    66960 |     40 |  0.000000E+00 |  0.000000E+00 |  0.0040336726 |             f
  1675 |    67000 |     40 |  0.000000E+00 |  0.000000E+00 |  0.0010534308 |             f
  1676 |    67040 |     40 |  0.000000E+00 |  0.000000E+00 |  0.0022858681 |             f
  1677 |    67080 |     40 |  0.000000E+00 |  0.000000E+00 |  0.0024809811 |             f
  1678 |    67120 |     40 |  0.000000E+00 |  0.000000E+00 |  0.0030713468 |             f
  1679 |    67160 |     40 |  0.000000E+00 |  0.000000E+00 |  0.0007977559 |             f
  1680 |    67200 |     40 |  0.000000E+00 |  0.000000E+00 |  0.0028917606 |             f
  1681 |    67240 |     40 |  0.000000E+00 |  0.000000E+00 |  0.0028107404 |             f
  1682 |    67280 |     40 |  0.000000E+00 |  0.000000E+00 |  0.0038349459 |             f
  1683 |    67320 |     40 |  0.000000E+00 |  0.000000E+00 |  0.0024575563 |             f
  1684 |    67360 |     40 |  0.000000E+00 |  0.000000E+00 |  0.0048694643 |             f
  1685 |    67400 |     40 |  0.000000E+00 |  0.000000E+00 |  0.0021743347 |             f
  1686 |    67440 |     40 |  0.000000E+00 |  0.000000E+00 |  0.0044275509 |             f
  1687 |    67480 |     40 |  0.000000E+00 |  0.000000E+00 |  0.0030857708 |             f
  1688 |    67520 |     40 |  0.000000E+00 |  0.000000E+00 |  0.0036140847 |             f
  1689 |    67560 |     40 |  0.000000E+00 |  0.000000E+00 |  0.0027103434 |             f
  1690 |    67600 |     40 |  0.000000E+00 |  0.000000E+00 |  0.0001984408 |             f
  1691 |    67640 |     40 |  0.000000E+00 |  0.000000E+00 |  0.0024808462 |             f
  1692 |    67680 |     40 |  0.000000E+00 |  0.000000E+00 |  0.0049100482 |             f
  1693 |    67720 |     40 |  0.000000E+00 |  0.000000E+00 |  0.0006891624 |             f
  1694 |    67760 |     40 |  0.000000E+00 |  0.000000E+00 |  0.0028370547 |             f
  1695 |    67800 |     40 |  0.000000E+00 |  0.000000E+00 |  0.0045688683 |             f
  1696 |    67840 |     40 |  0.000000E+00 |  0.000000E+00 |  0.0022733490 |             f
  1697 |    67880 |     40 |  0.000000E+00 |  0.000000E+00 |  0.0041182414 |             f
  1698 |    67920 |     40 |  0.000000E+00 |  0.000000E+00 |  0.0022191504 |             f
  1699 |    67960 |     40 |  0.000000E+00 |  0.000000E+00 |  0.0052406426 |             f
  1700 |    68000 |     40 |  0.000000E+00 |  0.000000E+00 |  0.0055593487 |             f
mean B0=50.7734 homogen=2316.1559
mean B0=72.4001 homogen=128867.8313
mean B0=50.7734 homogen=2316.1559
mean B0=62.0763 homogen=37354.9093
mean B0=70.9842 homogen=115265.8968
mean B0=70.3522 homogen=106712.5078
mean B0=68.2242 homogen=85743.768
mean B0=60.6429 homogen=27275.3164
mean B0=54.5012 homogen=16316.2365
mean B0=69.9409 homogen=104211.7434
mean B0=65.5247 homogen=57880.8309
mean B0=69.3919 homogen=96752.5058
mean B0=68.6837 homogen=91030.3648
mean B0=57.7662 homogen=26775.605
mean B0=63.6872 homogen=46321.2406
mean B0=62.9083 homogen=38137.4788
mean B0=66.2679 homogen=66256.8845
mean B0=71.6272 homogen=122163.2858
mean B0=66.9718 homogen=72189.6842
mean B0=53.9404 homogen=6894.1439
mean B0=72.0796 homogen=126316.1953
mean B0=67.1859 homogen=76103.7895
mean B0=60.2497 homogen=28380.8102
mean B0=63.2065 homogen=40087.9454
mean B0=69.0041 homogen=95233.9045
mean B0=67.6811 homogen=79211.7618
mean B0=55.3185 homogen=8756.1844
mean B0=64.4219 homogen=48331.6529
mean B0=56.6701 homogen=18243.3717
mean B0=56.1237 homogen=13974.9623
mean B0=58.4444 homogen=24557.2517
mean B0=51.9825 homogen=2611.5189
mean B0=51.5982 homogen=3865.4989
mean B0=53.3579 homogen=12098.7818
mean B0=57.1773 homogen=23027.1722
mean B0=53.174 homogen=5948.5748
mean B0=65.1536 homogen=54798.6184
mean B0=71.5145 homogen=117515.5408
mean B0=57.3896 homogen=24828.0698
mean B0=59.1487 homogen=27447.0271
  1701 |    68040 |     40 |  0.000000E+00 |  0.000000E+00 |  0.0036374604 |             f
  1702 |    68080 |     40 |  0.000000E+00 |  0.000000E+00 |  0.0038184080 |             f
  1703 |    68120 |     40 |  0.000000E+00 |  0.000000E+00 |  0.0015973263 |             f
  1704 |    68160 |     40 |  0.000000E+00 |  0.000000E+00 |  0.0033173890 |             f
  1705 |    68200 |     40 |  0.000000E+00 |  0.000000E+00 |  0.0023429926 |             f
  1706 |    68240 |     40 |  0.000000E+00 |  0.000000E+00 |  0.0050366943 |             f
  1707 |    68280 |     40 |  0.000000E+00 |  0.000000E+00 |  0.0005254263 |             f
  1708 |    68320 |     40 |  0.000000E+00 |  0.000000E+00 |  0.0042736986 |             f
  1709 |    68360 |     40 |  0.000000E+00 |  0.000000E+00 |  0.0031969813 |             f
  1710 |    68400 |     40 |  0.000000E+00 |  0.000000E+00 |  0.0013779489 |             f
  1711 |    68440 |     40 |  0.000000E+00 |  0.000000E+00 |  0.0037930830 |             f
  1712 |    68480 |     40 |  0.000000E+00 |  0.000000E+00 |  0.0010976551 |             f
  1713 |    68520 |     40 |  0.000000E+00 |  0.000000E+00 |  0.0023579527 |             f
  1714 |    68560 |     40 |  0.000000E+00 |  0.000000E+00 |  0.0030627078 |             f
  1715 |    68600 |     40 |  0.000000E+00 |  0.000000E+00 |  0.0028489935 |             f
  1716 |    68640 |     40 |  0.000000E+00 |  0.000000E+00 |  0.0017347292 |             f
  1717 |    68680 |     40 |  0.000000E+00 |  0.000000E+00 |  0.0026973425 |             f
  1718 |    68720 |     40 |  0.000000E+00 |  0.000000E+00 |  0.0033269640 |             f
  1719 |    68760 |     40 |  0.000000E+00 |  0.000000E+00 |  0.0050403385 |             f
  1720 |    68800 |     40 |  0.000000E+00 |  0.000000E+00 |  0.0038125466 |             f
  1721 |    68840 |     40 |  0.000000E+00 |  0.000000E+00 |  0.0027458981 |             f
  1722 |    68880 |     40 |  0.000000E+00 |  0.000000E+00 |  0.0023404763 |             f
  1723 |    68920 |     40 |  0.000000E+00 |  0.000000E+00 |  0.0028421207 |             f
  1724 |    68960 |     40 |  0.000000E+00 |  0.000000E+00 |  0.0019915218 |             f
  1725 |    69000 |     40 |  0.000000E+00 |  0.000000E+00 |  0.0042858487 |             f
  1726 |    69040 |     40 |  0.000000E+00 |  0.000000E+00 |  0.0037050029 |             f
  1727 |    69080 |     40 |  0.000000E+00 |  0.000000E+00 |  0.0020175384 |             f
  1728 |    69120 |     40 |  0.000000E+00 |  0.000000E+00 |  0.0032931538 |             f
  1729 |    69160 |     40 |  0.000000E+00 |  0.000000E+00 |  0.0036993147 |             f
  1730 |    69200 |     40 |  0.000000E+00 |  0.000000E+00 |  0.0036080388 |             f
  1731 |    69240 |     40 |  0.000000E+00 |  0.000000E+00 |  0.0016853484 |             f
  1732 |    69280 |     40 |  0.000000E+00 |  0.000000E+00 |  0.0028773805 |             f
  1733 |    69320 |     40 |  0.000000E+00 |  0.000000E+00 |  0.0005369044 |             f
  1734 |    69360 |     40 |  0.000000E+00 |  0.000000E+00 |  0.0031927242 |             f
  1735 |    69400 |     40 |  0.000000E+00 |  0.000000E+00 |  0.0015817610 |             f
  1736 |    69440 |     40 |  0.000000E+00 |  0.000000E+00 |  0.0047164387 |             f
  1737 |    69480 |     40 |  0.000000E+00 |  0.000000E+00 |  0.0019534836 |             f
  1738 |    69520 |     40 |  0.000000E+00 |  0.000000E+00 |  0.0032258102 |             f
  1739 |    69560 |     40 |  0.000000E+00 |  0.000000E+00 |  0.0027488050 |             f
  1740 |    69600 |     40 |  0.000000E+00 |  0.000000E+00 |  0.0014381389 |             f
  1741 |    69640 |     40 |  0.000000E+00 |  0.000000E+00 |  0.0034526960 |             f
  1742 |    69680 |     40 |  0.000000E+00 |  0.000000E+00 |  0.0051898123 |             f
  1743 |    69720 |     40 |  0.000000E+00 |  0.000000E+00 |  0.0025428615 |             f
  1744 |    69760 |     40 |  0.000000E+00 |  0.000000E+00 |  0.0038908426 |             f
  1745 |    69800 |     40 |  0.000000E+00 |  0.000000E+00 |  0.0027632097 |             f
  1746 |    69840 |     40 |  0.000000E+00 |  0.000000E+00 |  0.0028507893 |             f
  1747 |    69880 |     40 |  0.000000E+00 |  0.000000E+00 |  0.0034621655 |             f
  1748 |    69920 |     40 |  0.000000E+00 |  0.000000E+00 |  0.0018115295 |             f
  1749 |    69960 |     40 |  0.000000E+00 |  0.000000E+00 |  0.0031183109 |             f
  1750 |    70000 |     40 |  0.000000E+00 |  0.000000E+00 |  0.0026274816 |             f
  1751 |    70040 |     40 |  0.000000E+00 |  0.000000E+00 |  0.0021262614 |             f
  1752 |    70080 |     40 |  0.000000E+00 |  0.000000E+00 |  0.0048788419 |             f
  1753 |    70120 |     40 |  0.000000E+00 |  0.000000E+00 |  0.0019804401 |             f
  1754 |    70160 |     40 |  0.000000E+00 |  0.000000E+00 |  0.0048164500 |             f
  1755 |    70200 |     40 |  0.000000E+00 |  0.000000E+00 |  0.0037883058 |             f
  1756 |    70240 |     40 |  0.000000E+00 |  0.000000E+00 |  0.0042219962 |             f
  1757 |    70280 |     40 |  0.000000E+00 |  0.000000E+00 |  0.0041415153 |             f
  1758 |    70320 |     40 |  0.000000E+00 |  0.000000E+00 |  0.0017468747 |             f
  1759 |    70360 |     40 |  0.000000E+00 |  0.000000E+00 |  0.0023952868 |             f
  1760 |    70400 |     40 |  0.000000E+00 |  0.000000E+00 |  0.0049010000 |             f
  1761 |    70440 |     40 |  0.000000E+00 |  0.000000E+00 |  0.0012575971 |             f
  1762 |    70480 |     40 |  0.000000E+00 |  0.000000E+00 |  0.0033886259 |             f
  1763 |    70520 |     40 |  0.000000E+00 |  0.000000E+00 |  0.0058880324 |             f
  1764 |    70560 |     40 |  0.000000E+00 |  0.000000E+00 |  0.0019855750 |             f
  1765 |    70600 |     40 |  0.000000E+00 |  0.000000E+00 |  0.0049939133 |             f
  1766 |    70640 |     40 |  0.000000E+00 |  0.000000E+00 |  0.0019543470 |             f
  1767 |    70680 |     40 |  0.000000E+00 |  0.000000E+00 |  0.0039484705 |             f
  1768 |    70720 |     40 |  0.000000E+00 |  0.000000E+00 |  0.0043935298 |             f
  1769 |    70760 |     40 |  0.000000E+00 |  0.000000E+00 |  0.0037239451 |             f
  1770 |    70800 |     40 |  0.000000E+00 |  0.000000E+00 |  0.0029422750 |             f
  1771 |    70840 |     40 |  0.000000E+00 |  0.000000E+00 |  0.0034240034 |             f
  1772 |    70880 |     40 |  0.000000E+00 |  0.000000E+00 |  0.0012492958 |             f
  1773 |    70920 |     40 |  0.000000E+00 |  0.000000E+00 |  0.0024764609 |             f
  1774 |    70960 |     40 |  0.000000E+00 |  0.000000E+00 |  0.0043937437 |             f
  1775 |    71000 |     40 |  0.000000E+00 |  0.000000E+00 |  0.0014752628 |             f
  1776 |    71040 |     40 |  0.000000E+00 |  0.000000E+00 |  0.0035448109 |             f
  1777 |    71080 |     40 |  0.000000E+00 |  0.000000E+00 |  0.0032024008 |             f
  1778 |    71120 |     40 |  0.000000E+00 |  0.000000E+00 |  0.0015173779 |             f
  1779 |    71160 |     40 |  0.000000E+00 |  0.000000E+00 |  0.0034243083 |             f
  1780 |    71200 |     40 |  0.000000E+00 |  0.000000E+00 |  0.0038230039 |             f
  1781 |    71240 |     40 |  0.000000E+00 |  0.000000E+00 |  0.0040667848 |             f
  1782 |    71280 |     40 |  0.000000E+00 |  0.000000E+00 |  0.0019012034 |             f
  1783 |    71320 |     40 |  0.000000E+00 |  0.000000E+00 |  0.0034658481 |             f
  1784 |    71360 |     40 |  0.000000E+00 |  0.000000E+00 |  0.0028233169 |             f
  1785 |    71400 |     40 |  0.000000E+00 |  0.000000E+00 |  0.0019145444 |             f
  1786 |    71440 |     40 |  0.000000E+00 |  0.000000E+00 |  0.0055806252 |             f
  1787 |    71480 |     40 |  0.000000E+00 |  0.000000E+00 |  0.0017409146 |             f
  1788 |    71520 |     40 |  0.000000E+00 |  0.000000E+00 |  0.0034273747 |             f
  1789 |    71560 |     40 |  0.000000E+00 |  0.000000E+00 |  0.0020442938 |             f
  1790 |    71600 |     40 |  0.000000E+00 |  0.000000E+00 |  0.0037029900 |             f
  1791 |    71640 |     40 |  0.000000E+00 |  0.000000E+00 |  0.0018845547 |             f
  1792 |    71680 |     40 |  0.000000E+00 |  0.000000E+00 |  0.0038809953 |             f
  1793 |    71720 |     40 |  0.000000E+00 |  0.000000E+00 |  0.0020783099 |             f
  1794 |    71760 |     40 |  0.000000E+00 |  0.000000E+00 |  0.0048437257 |             f
  1795 |    71800 |     40 |  0.000000E+00 |  0.000000E+00 |  0.0021574460 |             f
  1796 |    71840 |     40 |  0.000000E+00 |  0.000000E+00 |  0.0034134829 |             f
  1797 |    71880 |     40 |  0.000000E+00 |  0.000000E+00 |  0.0015151216 |             f
  1798 |    71920 |     40 |  0.000000E+00 |  0.000000E+00 |  0.0036556312 |             f
  1799 |    71960 |     40 |  0.000000E+00 |  0.000000E+00 |  0.0031800997 |             f
  1800 |    72000 |     40 |  0.000000E+00 |  0.000000E+00 |  0.0042475976 |             f
mean B0=50.7734 homogen=2315.9825
mean B0=72.4003 homogen=128865.7603
mean B0=72.4003 homogen=128865.7603
mean B0=59.4319 homogen=33679.7022
mean B0=70.5992 homogen=110148.7118
mean B0=71.69 homogen=119490.0012
mean B0=57.5964 homogen=20835.5279
mean B0=56.9351 homogen=21156.2582
mean B0=57.5964 homogen=20835.5279
mean B0=60.8761 homogen=30917.157
mean B0=71.9682 homogen=122253.3529
mean B0=62.0848 homogen=35255.556
mean B0=51.597 homogen=1876.6294
mean B0=65.2523 homogen=57036.3488
mean B0=63.019 homogen=38278.1895
mean B0=67.4534 homogen=76965.4575
mean B0=68.2302 homogen=91031.7844
mean B0=54.2196 homogen=10361.039
mean B0=52.892 homogen=5022.5525
mean B0=60.4078 homogen=35319.0433
mean B0=55.0776 homogen=14014.3341
mean B0=70.0819 homogen=103385.4321
mean B0=69.1967 homogen=95892.9489
mean B0=66.9341 homogen=72835.264
mean B0=72.3789 homogen=128699.3904
mean B0=66.1054 homogen=66858.8791
mean B0=55.2414 homogen=13277.553
mean B0=52.1949 homogen=4092.5229
mean B0=65.7411 homogen=60564.1074
mean B0=60.3282 homogen=34983.8508
mean B0=68.0718 homogen=84000.0597
mean B0=67.8385 homogen=83023.4869
mean B0=55.9949 homogen=18119.4428
mean B0=68.7075 homogen=91246.2174
mean B0=68.9872 homogen=93863.6678
mean B0=56.0937 homogen=20310.6034
mean B0=67.2736 homogen=75296.9357
mean B0=65.9575 homogen=64045.4384
mean B0=69.6508 homogen=99101.2429
mean B0=64.7976 homogen=51326.3909
  1801 |    72040 |     40 |  0.000000E+00 |  0.000000E+00 |  0.0029935332 |             f
  1802 |    72080 |     40 |  0.000000E+00 |  0.000000E+00 |  0.0035920814 |             f
  1803 |    72120 |     40 |  0.000000E+00 |  0.000000E+00 |  0.0015549991 |             f
  1804 |    72160 |     40 |  0.000000E+00 |  0.000000E+00 |  0.0029217447 |             f
  1805 |    72200 |     40 |  0.000000E+00 |  0.000000E+00 |  0.0033730485 |             f
  1806 |    72240 |     40 |  0.000000E+00 |  0.000000E+00 |  0.0021332625 |             f
  1807 |    72280 |     40 |  0.000000E+00 |  0.000000E+00 |  0.0027061331 |             f
  1808 |    72320 |     40 |  0.000000E+00 |  0.000000E+00 |  0.0020561947 |             f
  1809 |    72360 |     40 |  0.000000E+00 |  0.000000E+00 |  0.0040545205 |             f
  1810 |    72400 |     40 |  0.000000E+00 |  0.000000E+00 |  0.0019770714 |             f
  1811 |    72440 |     40 |  0.000000E+00 |  0.000000E+00 |  0.0040458193 |             f
  1812 |    72480 |     40 |  0.000000E+00 |  0.000000E+00 |  0.0021163631 |             f
  1813 |    72520 |     40 |  0.000000E+00 |  0.000000E+00 |  0.0045909916 |             f
  1814 |    72560 |     40 |  0.000000E+00 |  0.000000E+00 |  0.0014753887 |             f
  1815 |    72600 |     40 |  0.000000E+00 |  0.000000E+00 |  0.0049561739 |             f
  1816 |    72640 |     40 |  0.000000E+00 |  0.000000E+00 |  0.0025734803 |             f
  1817 |    72680 |     40 |  0.000000E+00 |  0.000000E+00 |  0.0027771588 |             f
  1818 |    72720 |     40 |  0.000000E+00 |  0.000000E+00 |  0.0023981353 |             f
  1819 |    72760 |     40 |  0.000000E+00 |  0.000000E+00 |  0.0027343066 |             f
  1820 |    72800 |     40 |  0.000000E+00 |  0.000000E+00 |  0.0010636261 |             f
  1821 |    72840 |     40 |  0.000000E+00 |  0.000000E+00 |  0.0044922914 |             f
  1822 |    72880 |     40 |  0.000000E+00 |  0.000000E+00 |  0.0025966761 |             f
  1823 |    72920 |     40 |  0.000000E+00 |  0.000000E+00 |  0.0035519708 |             f
  1824 |    72960 |     40 |  0.000000E+00 |  0.000000E+00 |  0.0028731877 |             f
  1825 |    73000 |     40 |  0.000000E+00 |  0.000000E+00 |  0.0018025899 |             f
  1826 |    73040 |     40 |  0.000000E+00 |  0.000000E+00 |  0.0037489406 |             f
  1827 |    73080 |     40 |  0.000000E+00 |  0.000000E+00 |  0.0028571221 |             f
  1828 |    73120 |     40 |  0.000000E+00 |  0.000000E+00 |  0.0022391581 |             f
  1829 |    73160 |     40 |  0.000000E+00 |  0.000000E+00 |  0.0049949642 |             f
  1830 |    73200 |     40 |  0.000000E+00 |  0.000000E+00 |  0.0026728369 |             f
  1831 |    73240 |     40 |  0.000000E+00 |  0.000000E+00 |  0.0013803050 |             f
  1832 |    73280 |     40 |  0.000000E+00 |  0.000000E+00 |  0.0022747593 |             f
  1833 |    73320 |     40 |  0.000000E+00 |  0.000000E+00 |  0.0034140634 |             f
  1834 |    73360 |     40 |  0.000000E+00 |  0.000000E+00 |  0.0031188511 |             f
  1835 |    73400 |     40 |  0.000000E+00 |  0.000000E+00 |  0.0032917345 |             f
  1836 |    73440 |     40 |  0.000000E+00 |  0.000000E+00 |  0.0029009440 |             f
  1837 |    73480 |     40 |  0.000000E+00 |  0.000000E+00 |  0.0025403063 |             f
  1838 |    73520 |     40 |  0.000000E+00 |  0.000000E+00 |  0.0037380359 |             f
  1839 |    73560 |     40 |  0.000000E+00 |  0.000000E+00 |  0.0021911872 |             f
  1840 |    73600 |     40 |  0.000000E+00 |  0.000000E+00 |  0.0036032967 |             f
  1841 |    73640 |     40 |  0.000000E+00 |  0.000000E+00 |  0.0022495166 |             f
  1842 |    73680 |     40 |  0.000000E+00 |  0.000000E+00 |  0.0034987934 |             f
  1843 |    73720 |     40 |  0.000000E+00 |  0.000000E+00 |  0.0038964982 |             f
  1844 |    73760 |     40 |  0.000000E+00 |  0.000000E+00 |  0.0030778455 |             f
  1845 |    73800 |     40 |  0.000000E+00 |  0.000000E+00 |  0.0017677281 |             f
  1846 |    73840 |     40 |  0.000000E+00 |  0.000000E+00 |  0.0025153562 |             f
  1847 |    73880 |     40 |  0.000000E+00 |  0.000000E+00 |  0.0032139052 |             f
  1848 |    73920 |     40 |  0.000000E+00 |  0.000000E+00 |  0.0026589324 |             f
  1849 |    73960 |     40 |  0.000000E+00 |  0.000000E+00 |  0.0020315549 |             f
  1850 |    74000 |     40 |  0.000000E+00 |  0.000000E+00 |  0.0047426229 |             f
  1851 |    74040 |     40 |  0.000000E+00 |  0.000000E+00 |  0.0017634684 |             f
  1852 |    74080 |     40 |  0.000000E+00 |  0.000000E+00 |  0.0033057495 |             f
  1853 |    74120 |     40 |  0.000000E+00 |  0.000000E+00 |  0.0031849535 |             f
  1854 |    74160 |     40 |  0.000000E+00 |  0.000000E+00 |  0.0023577486 |             f
  1855 |    74200 |     40 |  0.000000E+00 |  0.000000E+00 |  0.0049482422 |             f
  1856 |    74240 |     40 |  0.000000E+00 |  0.000000E+00 |  0.0045300014 |             f
  1857 |    74280 |     40 |  0.000000E+00 |  0.000000E+00 |  0.0012848612 |             f
  1858 |    74320 |     40 |  0.000000E+00 |  0.000000E+00 |  0.0046932010 |             f
  1859 |    74360 |     40 |  0.000000E+00 |  0.000000E+00 |  0.0015242507 |             f
  1860 |    74400 |     40 |  0.000000E+00 |  0.000000E+00 |  0.0033527376 |             f
  1861 |    74440 |     40 |  0.000000E+00 |  0.000000E+00 |  0.0018179628 |             f
  1862 |    74480 |     40 |  0.000000E+00 |  0.000000E+00 |  0.0027322426 |             f
  1863 |    74520 |     40 |  0.000000E+00 |  0.000000E+00 |  0.0040440403 |             f
  1864 |    74560 |     40 |  0.000000E+00 |  0.000000E+00 |  0.0029382953 |             f
  1865 |    74600 |     40 |  0.000000E+00 |  0.000000E+00 |  0.0018477810 |             f
  1866 |    74640 |     40 |  0.000000E+00 |  0.000000E+00 |  0.0059405039 |             f
  1867 |    74680 |     40 |  0.000000E+00 |  0.000000E+00 |  0.0011487219 |             f
  1868 |    74720 |     40 |  0.000000E+00 |  0.000000E+00 |  0.0043395250 |             f
  1869 |    74760 |     40 |  0.000000E+00 |  0.000000E+00 |  0.0016151082 |             f
  1870 |    74800 |     40 |  0.000000E+00 |  0.000000E+00 |  0.0033201126 |             f
  1871 |    74840 |     40 |  0.000000E+00 |  0.000000E+00 |  0.0021023701 |             f
  1872 |    74880 |     40 |  0.000000E+00 |  0.000000E+00 |  0.0030294576 |             f
  1873 |    74920 |     40 |  0.000000E+00 |  0.000000E+00 |  0.0026474548 |             f
  1874 |    74960 |     40 |  0.000000E+00 |  0.000000E+00 |  0.0021707988 |             f
  1875 |    75000 |     40 |  0.000000E+00 |  0.000000E+00 |  0.0041292451 |             f
  1876 |    75040 |     40 |  0.000000E+00 |  0.000000E+00 |  0.0032789945 |             f
  1877 |    75080 |     40 |  0.000000E+00 |  0.000000E+00 |  0.0032711511 |             f
  1878 |    75120 |     40 |  0.000000E+00 |  0.000000E+00 |  0.0028380020 |             f
  1879 |    75160 |     40 |  0.000000E+00 |  0.000000E+00 |  0.0027748740 |             f
  1880 |    75200 |     40 |  0.000000E+00 |  0.000000E+00 |  0.0022277385 |             f
  1881 |    75240 |     40 |  0.000000E+00 |  0.000000E+00 |  0.0048985413 |             f
  1882 |    75280 |     40 |  0.000000E+00 |  0.000000E+00 |  0.0019241796 |             f
  1883 |    75320 |     40 |  0.000000E+00 |  0.000000E+00 |  0.0032457404 |             f
  1884 |    75360 |     40 |  0.000000E+00 |  0.000000E+00 |  0.0018342169 |             f
  1885 |    75400 |     40 |  0.000000E+00 |  0.000000E+00 |  0.0033833689 |             f
  1886 |    75440 |     40 |  0.000000E+00 |  0.000000E+00 |  0.0038442446 |             f
  1887 |    75480 |     40 |  0.000000E+00 |  0.000000E+00 |  0.0029681185 |             f
  1888 |    75520 |     40 |  0.000000E+00 |  0.000000E+00 |  0.0023153681 |             f
  1889 |    75560 |     40 |  0.000000E+00 |  0.000000E+00 |  0.0032498379 |             f
  1890 |    75600 |     40 |  0.000000E+00 |  0.000000E+00 |  0.0026638447 |             f
  1891 |    75640 |     40 |  0.000000E+00 |  0.000000E+00 |  0.0010342559 |             f
  1892 |    75680 |     40 |  0.000000E+00 |  0.000000E+00 |  0.0043747911 |             f
  1893 |    75720 |     40 |  0.000000E+00 |  0.000000E+00 |  0.0034350653 |             f
  1894 |    75760 |     40 |  0.000000E+00 |  0.000000E+00 |  0.0026626737 |             f
  1895 |    75800 |     40 |  0.000000E+00 |  0.000000E+00 |  0.0035052192 |             f
  1896 |    75840 |     40 |  0.000000E+00 |  0.000000E+00 |  0.0020724404 |             f
  1897 |    75880 |     40 |  0.000000E+00 |  0.000000E+00 |  0.0039601325 |             f
  1898 |    75920 |     40 |  0.000000E+00 |  0.000000E+00 |  0.0032313281 |             f
  1899 |    75960 |     40 |  0.000000E+00 |  0.000000E+00 |  0.0021164955 |             f
  1900 |    76000 |     40 |  0.000000E+00 |  0.000000E+00 |  0.0040447869 |             f
mean B0=72.4011 homogen=128869.2463
mean B0=72.4011 homogen=128869.2463
mean B0=50.7734 homogen=2315.858
mean B0=50.7734 homogen=2315.858
mean B0=58.1045 homogen=28106.6087
mean B0=64.4129 homogen=47429.9656
mean B0=65.2448 homogen=59212.6113
mean B0=54.2035 homogen=10351.7829
mean B0=65.8908 homogen=61914.8212
mean B0=62.1269 homogen=39403.0982
mean B0=67.8598 homogen=80602.9578
mean B0=67.0108 homogen=74706.5712
mean B0=68.4723 homogen=86680.9969
mean B0=69.1094 homogen=94950.1769
mean B0=69.7361 homogen=104648.1668
mean B0=57.0512 homogen=18100.1594
mean B0=55.559 homogen=16778.077
mean B0=56.0624 homogen=15136.8693
mean B0=71.9223 homogen=121703.4019
mean B0=58.9605 homogen=24016.2309
mean B0=69.6079 homogen=98676.3428
mean B0=67.3955 homogen=76005.8278
mean B0=59.8732 homogen=31195.4616
mean B0=51.8538 homogen=1964.8575
mean B0=66.5096 homogen=67319.9362
mean B0=63.593 homogen=42626.6855
mean B0=53.2219 homogen=4256.3244
mean B0=71.3379 homogen=119999.7911
mean B0=63.4601 homogen=41620.4755
mean B0=60.6403 homogen=37568.6797
mean B0=52.4774 homogen=7186.1833
mean B0=62.5063 homogen=37625.7606
mean B0=61.2759 homogen=36639.0439
mean B0=56.5584 homogen=14924.2102
mean B0=55.559 homogen=16778.077
mean B0=71.2243 homogen=116026.7172
mean B0=52.9493 homogen=7497.0646
mean B0=66.5094 homogen=67320.1154
mean B0=72.1509 homogen=126968.7513
mean B0=70.3446 homogen=107209.9674
  1901 |    76040 |     40 |  0.000000E+00 |  0.000000E+00 |  0.0016382149 |             f
  1902 |    76080 |     40 |  0.000000E+00 |  0.000000E+00 |  0.0030771991 |             f
  1903 |    76120 |     40 |  0.000000E+00 |  0.000000E+00 |  0.0016932127 |             f
  1904 |    76160 |     40 |  0.000000E+00 |  0.000000E+00 |  0.0018711129 |             f
  1905 |    76200 |     40 |  0.000000E+00 |  0.000000E+00 |  0.0037271045 |             f
  1906 |    76240 |     40 |  0.000000E+00 |  0.000000E+00 |  0.0037883975 |             f
  1907 |    76280 |     40 |  0.000000E+00 |  0.000000E+00 |  0.0029883396 |             f
  1908 |    76320 |     40 |  0.000000E+00 |  0.000000E+00 |  0.0009535400 |             f
  1909 |    76360 |     40 |  0.000000E+00 |  0.000000E+00 |  0.0026684142 |             f
  1910 |    76400 |     40 |  0.000000E+00 |  0.000000E+00 |  0.0035486054 |             f
  1911 |    76440 |     40 |  0.000000E+00 |  0.000000E+00 |  0.0029332147 |             f
  1912 |    76480 |     40 |  0.000000E+00 |  0.000000E+00 |  0.0014146559 |             f
  1913 |    76520 |     40 |  0.000000E+00 |  0.000000E+00 |  0.0024484880 |             f
  1914 |    76560 |     40 |  0.000000E+00 |  0.000000E+00 |  0.0040831493 |             f
  1915 |    76600 |     40 |  0.000000E+00 |  0.000000E+00 |  0.0031870933 |             f
  1916 |    76640 |     40 |  0.000000E+00 |  0.000000E+00 |  0.0016095671 |             f
  1917 |    76680 |     40 |  0.000000E+00 |  0.000000E+00 |  0.0025201907 |             f
  1918 |    76720 |     40 |  0.000000E+00 |  0.000000E+00 |  0.0047421215 |             f
  1919 |    76760 |     40 |  0.000000E+00 |  0.000000E+00 |  0.0031715896 |             f
  1920 |    76800 |     40 |  0.000000E+00 |  0.000000E+00 |  0.0008757757 |             f
  1921 |    76840 |     40 |  0.000000E+00 |  0.000000E+00 |  0.0054650594 |             f
  1922 |    76880 |     40 |  0.000000E+00 |  0.000000E+00 |  0.0029224419 |             f
  1923 |    76920 |     40 |  0.000000E+00 |  0.000000E+00 |  0.0026932370 |             f
  1924 |    76960 |     40 |  0.000000E+00 |  0.000000E+00 |  0.0014519013 |             f
  1925 |    77000 |     40 |  0.000000E+00 |  0.000000E+00 |  0.0015992585 |             f
  1926 |    77040 |     40 |  0.000000E+00 |  0.000000E+00 |  0.0051884327 |             f
  1927 |    77080 |     40 |  0.000000E+00 |  0.000000E+00 |  0.0025948250 |             f
  1928 |    77120 |     40 |  0.000000E+00 |  0.000000E+00 |  0.0016311763 |             f
  1929 |    77160 |     40 |  0.000000E+00 |  0.000000E+00 |  0.0051215228 |             f
  1930 |    77200 |     40 |  0.000000E+00 |  0.000000E+00 |  0.0011225027 |             f
  1931 |    77240 |     40 |  0.000000E+00 |  0.000000E+00 |  0.0029413241 |             f
  1932 |    77280 |     40 |  0.000000E+00 |  0.000000E+00 |  0.0015835676 |             f
  1933 |    77320 |     40 |  0.000000E+00 |  0.000000E+00 |  0.0038188598 |             f
  1934 |    77360 |     40 |  0.000000E+00 |  0.000000E+00 |  0.0029956136 |             f
  1935 |    77400 |     40 |  0.000000E+00 |  0.000000E+00 |  0.0009693732 |             f
  1936 |    77440 |     40 |  0.000000E+00 |  0.000000E+00 |  0.0026754425 |             f
  1937 |    77480 |     40 |  0.000000E+00 |  0.000000E+00 |  0.0021103831 |             f
  1938 |    77520 |     40 |  0.000000E+00 |  0.000000E+00 |  0.0045873340 |             f
  1939 |    77560 |     40 |  0.000000E+00 |  0.000000E+00 |  0.0020136673 |             f
  1940 |    77600 |     40 |  0.000000E+00 |  0.000000E+00 |  0.0038918924 |             f
  1941 |    77640 |     40 |  0.000000E+00 |  0.000000E+00 |  0.0020199017 |             f
  1942 |    77680 |     40 |  0.000000E+00 |  0.000000E+00 |  0.0044164377 |             f
  1943 |    77720 |     40 |  0.000000E+00 |  0.000000E+00 |  0.0026838252 |             f
  1944 |    77760 |     40 |  0.000000E+00 |  0.000000E+00 |  0.0029353476 |             f
  1945 |    77800 |     40 |  0.000000E+00 |  0.000000E+00 |  0.0017580707 |             f
  1946 |    77840 |     40 |  0.000000E+00 |  0.000000E+00 |  0.0042619578 |             f
  1947 |    77880 |     40 |  0.000000E+00 |  0.000000E+00 |  0.0015333739 |             f
  1948 |    77920 |     40 |  0.000000E+00 |  0.000000E+00 |  0.0054973330 |             f
  1949 |    77960 |     40 |  0.000000E+00 |  0.000000E+00 |  0.0017373045 |             f
  1950 |    78000 |     40 |  0.000000E+00 |  0.000000E+00 |  0.0042780063 |             f
  1951 |    78040 |     40 |  0.000000E+00 |  0.000000E+00 |  0.0017744875 |             f
  1952 |    78080 |     40 |  0.000000E+00 |  0.000000E+00 |  0.0047234383 |             f
  1953 |    78120 |     40 |  0.000000E+00 |  0.000000E+00 |  0.0031523270 |             f
  1954 |    78160 |     40 |  0.000000E+00 |  0.000000E+00 |  0.0030953940 |             f
  1955 |    78200 |     40 |  0.000000E+00 |  0.000000E+00 |  0.0037993919 |             f
  1956 |    78240 |     40 |  0.000000E+00 |  0.000000E+00 |  0.0017278181 |             f
  1957 |    78280 |     40 |  0.000000E+00 |  0.000000E+00 |  0.0032029212 |             f
  1958 |    78320 |     40 |  0.000000E+00 |  0.000000E+00 |  0.0026896312 |             f
  1959 |    78360 |     40 |  0.000000E+00 |  0.000000E+00 |  0.0016046202 |             f
  1960 |    78400 |     40 |  0.000000E+00 |  0.000000E+00 |  0.0028477088 |             f
  1961 |    78440 |     40 |  0.000000E+00 |  0.000000E+00 |  0.0014615797 |             f
  1962 |    78480 |     40 |  0.000000E+00 |  0.000000E+00 |  0.0037438575 |             f
  1963 |    78520 |     40 |  0.000000E+00 |  0.000000E+00 |  0.0023239546 |             f
  1964 |    78560 |     40 |  0.000000E+00 |  0.000000E+00 |  0.0040282460 |             f
  1965 |    78600 |     40 |  0.000000E+00 |  0.000000E+00 |  0.0015162752 |             f
  1966 |    78640 |     40 |  0.000000E+00 |  0.000000E+00 |  0.0039053170 |             f
  1967 |    78680 |     40 |  0.000000E+00 |  0.000000E+00 |  0.0039921735 |             f
  1968 |    78720 |     40 |  0.000000E+00 |  0.000000E+00 |  0.0008084376 |             f
  1969 |    78760 |     40 |  0.000000E+00 |  0.000000E+00 |  0.0021084263 |             f
  1970 |    78800 |     40 |  0.000000E+00 |  0.000000E+00 |  0.0056324717 |             f
  1971 |    78840 |     40 |  0.000000E+00 |  0.000000E+00 |  0.0025309021 |             f
  1972 |    78880 |     40 |  0.000000E+00 |  0.000000E+00 |  0.0010605761 |             f
  1973 |    78920 |     40 |  0.000000E+00 |  0.000000E+00 |  0.0044865137 |             f
  1974 |    78960 |     40 |  0.000000E+00 |  0.000000E+00 |  0.0016369240 |             f
  1975 |    79000 |     40 |  0.000000E+00 |  0.000000E+00 |  0.0019404526 |             f
  1976 |    79040 |     40 |  0.000000E+00 |  0.000000E+00 |  0.0040498803 |             f
  1977 |    79080 |     40 |  0.000000E+00 |  0.000000E+00 |  0.0021423160 |             f
  1978 |    79120 |     40 |  0.000000E+00 |  0.000000E+00 |  0.0042665019 |             f
  1979 |    79160 |     40 |  0.000000E+00 |  0.000000E+00 |  0.0031068429 |             f
  1980 |    79200 |     40 |  0.000000E+00 |  0.000000E+00 |  0.0011957817 |             f
  1981 |    79240 |     40 |  0.000000E+00 |  0.000000E+00 |  0.0030354582 |             f
  1982 |    79280 |     40 |  0.000000E+00 |  0.000000E+00 |  0.0022336288 |             f
  1983 |    79320 |     40 |  0.000000E+00 |  0.000000E+00 |  0.0044736647 |             f
  1984 |    79360 |     40 |  0.000000E+00 |  0.000000E+00 |  0.0019769248 |             f
  1985 |    79400 |     40 |  0.000000E+00 |  0.000000E+00 |  0.0037188605 |             f
  1986 |    79440 |     40 |  0.000000E+00 |  0.000000E+00 |  0.0027266585 |             f
  1987 |    79480 |     40 |  0.000000E+00 |  0.000000E+00 |  0.0012785964 |             f
  1988 |    79520 |     40 |  0.000000E+00 |  0.000000E+00 |  0.0033459918 |             f
  1989 |    79560 |     40 |  0.000000E+00 |  0.000000E+00 |  0.0028410318 |             f
  1990 |    79600 |     40 |  0.000000E+00 |  0.000000E+00 |  0.0035765733 |             f
  1991 |    79640 |     40 |  0.000000E+00 |  0.000000E+00 |  0.0027413007 |             f
  1992 |    79680 |     40 |  0.000000E+00 |  0.000000E+00 |  0.0016727024 |             f
  1993 |    79720 |     40 |  0.000000E+00 |  0.000000E+00 |  0.0033879349 |             f
  1994 |    79760 |     40 |  0.000000E+00 |  0.000000E+00 |  0.0022135462 |             f
  1995 |    79800 |     40 |  0.000000E+00 |  0.000000E+00 |  0.0044533703 |             f
  1996 |    79840 |     40 |  0.000000E+00 |  0.000000E+00 |  0.0044592616 |             f
  1997 |    79880 |     40 |  0.000000E+00 |  0.000000E+00 |  0.0037036461 |             f
  1998 |    79920 |     40 |  0.000000E+00 |  0.000000E+00 |  0.0028520585 |             f
  1999 |    79960 |     40 |  0.000000E+00 |  0.000000E+00 |  0.0023401914 |             f
  2000 |    80000 |     40 |  0.000000E+00 |  0.000000E+00 |  0.0044502818 |             f
mean B0=72.4039 homogen=128880.5429
mean B0=50.7734 homogen=2315.858
mean B0=50.7734 homogen=2315.858
mean B0=67.1263 homogen=76020.2143
mean B0=59.3801 homogen=28171.1226
mean B0=70.0168 homogen=107115.427
mean B0=71.6448 homogen=121906.8239
mean B0=52.1357 homogen=5337.274
mean B0=58.1586 homogen=22184.0643
mean B0=68.5776 homogen=89552.1759
mean B0=66.5223 homogen=67265.0671
mean B0=70.5784 homogen=110351.4199
mean B0=69.6653 homogen=98592.1297
mean B0=61.016 homogen=32166.4061
mean B0=53.0576 homogen=9723.5455
mean B0=55.4152 homogen=13526.3794
mean B0=60.2809 homogen=31046.4885
mean B0=61.835 homogen=32254.2087
mean B0=69.3135 homogen=96205.2503
mean B0=50.8366 homogen=2704.765
mean B0=56.3615 homogen=17814.3905
mean B0=56.6974 homogen=25240.9292
mean B0=72.2461 homogen=127537.566
mean B0=53.9321 homogen=6420.1224
mean B0=61.3834 homogen=33353.2386
mean B0=64.4837 homogen=50316.6016
mean B0=71.3688 homogen=116383.8909
mean B0=65.8977 homogen=61219.1206
mean B0=67.99 homogen=84892.7666
mean B0=59.938 homogen=29423.2802
mean B0=54.3933 homogen=8905.6401
mean B0=64.0719 homogen=47292.1012
mean B0=66.3999 homogen=66295.7629
mean B0=67.6617 homogen=79209.6399
mean B0=68.3398 homogen=87179.6353
mean B0=57.1356 homogen=15436.2118
mean B0=57.7062 homogen=17962.9879
mean B0=71.0252 homogen=114406.2623
mean B0=67.7967 homogen=80069.9766
mean B0=64.7391 homogen=54939.2014
mean B0=72.4039 homogen=128880.5429
mean B0=50.7734 homogen=2315.858
mean B0=50.7734 homogen=2315.858
mean B0=67.1263 homogen=76020.2143
mean B0=59.3801 homogen=28171.1226
mean B0=70.0168 homogen=107115.427
mean B0=71.6448 homogen=121906.8239
mean B0=52.1357 homogen=5337.274
mean B0=58.1586 homogen=22184.0643
mean B0=68.5776 homogen=89552.1759
mean B0=66.5223 homogen=67265.0671
mean B0=70.5784 homogen=110351.4199
mean B0=69.6653 homogen=98592.1297
mean B0=61.016 homogen=32166.4061
mean B0=53.0576 homogen=9723.5455
mean B0=55.4152 homogen=13526.3794
mean B0=60.2809 homogen=31046.4885
mean B0=61.835 homogen=32254.2087
mean B0=69.3135 homogen=96205.2503
mean B0=50.8366 homogen=2704.765
mean B0=56.3615 homogen=17814.3905
mean B0=56.6974 homogen=25240.9292
mean B0=72.2461 homogen=127537.566
mean B0=53.9321 homogen=6420.1224
mean B0=61.3834 homogen=33353.2386
mean B0=64.4837 homogen=50316.6016
mean B0=71.3688 homogen=116383.8909
mean B0=65.8977 homogen=61219.1206
mean B0=67.99 homogen=84892.7666
mean B0=59.938 homogen=29423.2802
mean B0=54.3933 homogen=8905.6401
mean B0=64.0719 homogen=47292.1012
mean B0=66.3999 homogen=66295.7629
mean B0=67.6617 homogen=79209.6399
mean B0=68.3398 homogen=87179.6353
mean B0=57.1356 homogen=15436.2118
mean B0=57.7062 homogen=17962.9879
mean B0=71.0252 homogen=114406.2623
mean B0=67.7967 homogen=80069.9766
mean B0=64.7391 homogen=54939.2014
    pareto_idx  magnets  layers        sim_ppm  asbuilt_p90_ppm      B0_mT  length_mm
21          21      628       3   25819.685503     28097.781988  56.630637    141.604
7            7      647       3    5152.929780      7444.273135  52.136291    133.308
8            8      647       3   28084.016859     30177.053170  58.162736    121.334
29          29      647       3   34787.237000     36847.542600  59.913628    117.984
30          30      647       3   15139.942653     17468.266272  54.442142    128.810
39          39      648       3   59849.903828     61747.970638  64.541046    109.818
20          20      648       3   20300.810503     22454.421473  56.348037    125.000
35          35      648       3   26208.943716     28297.628002  57.237460    122.930
5            5      648       3  108572.151531    110160.924071  69.090019    102.306
17          17      648       3   45266.920041     47371.425268  61.917788    113.564
13          13      648       3   40077.987141     42179.479808  61.016933    115.742
28          28      649       3   86425.453578     88206.205076  67.374970    105.474
16          16      649       3   34871.574864     37005.905305  60.234736    117.940
31          31      649       3   52914.432750     54928.719296  63.944113    110.720
9            9      649       3   91176.504570     92974.997307  67.906262    104.332
34          34      649       3   88804.003190     90601.039661  67.701443    104.652
4            4      649       3   31618.085721     33675.032043  59.340164    119.800
23          23      649       3   12317.430719     14627.610553  53.988411    129.472
25          25      649       3   55580.016354     57482.826658  64.324630    109.940
32          32      650       3   67868.107165     69540.124793  66.043708    107.442
33          33      650       3   80794.944396     82441.572136  67.132186    105.806
27          27      650       3   63817.283590     65574.579879  65.607608    108.208
36          36      650       3   26704.261626     28657.994875  57.763592    122.656
37          37      650       3  115906.513259    117456.322839  69.987213    101.430
26          26      650       3  117985.338176    119533.946893  70.305614    100.816
0            0      650       3  130730.759957    132349.339116  71.168813     99.862
22          22      650       3  129357.506588    130968.629951  71.031258    100.106
38          38      650       3   81676.144055     83323.509578  67.257511    105.566
18          18      650       3   97784.503913     99343.789184  68.545722    103.748
15          15      650       3   16445.242348     18475.353567  55.418591    127.002
14          14      650       3    9551.946567     11547.572423  53.034612    132.726
12          12      650       3  100228.708588    101779.446241  68.867119    103.048
11          11      650       3  111819.536273    113390.517046  69.599628    102.078
10          10      650       3   68850.873357     70505.555054  66.154566    107.248
6            6      650       3  123663.724280    125261.304385  70.515696    100.982
3            3      650       3   77510.354745     79117.220556  66.630571    106.732
2            2      650       3    2043.603203      5662.106643  50.771829    137.492
1            1      650       3    2043.603203      5662.106643  50.771829    137.492
24          24      650       3   40390.014066     42224.861517  61.367398    115.742
19          19      650       3    2392.859675      5677.365032  50.832060    137.364
