/Users/nv/Documents/MRI/magnet_design/optimize_bore50mm_6p35mm_N42.py:54: DeprecationWarning: Importing 'StarmapParallelization' from 'pymoo.core.problem' is deprecated. Please use 'from pymoo.parallelization import StarmapParallelization' instead. This backward compatibility import will be removed in a future version.
  from pymoo.core.problem import StarmapParallelization
mean B0=19.3642 homogen=178178.3433
mean B0=24.7564 homogen=518486.9785
mean B0=5.4406 homogen=1309308.5792
mean B0=21.7008 homogen=463039.2962
mean B0=18.5192 homogen=613356.8393
mean B0=19.9418 homogen=295906.0967
mean B0=20.1195 homogen=610015.234
mean B0=10.0235 homogen=429659.6847
mean B0=40.6628 homogen=336544.2821
mean B0=30.6409 homogen=316201.5969
mean B0=21.0736 homogen=329938.0942
mean B0=45.1738 homogen=319532.5557
mean B0=22.9217 homogen=395033.9282
mean B0=8.8902 homogen=306255.6967
mean B0=28.4182 homogen=363127.572
mean B0=40.354 homogen=95548.2691
mean B0=0 homogen=1000000.0
mean B0=38.2919 homogen=181143.843
mean B0=35.0934 homogen=171586.1953
mean B0=39.7623 homogen=105843.1084
mean B0=18.8848 homogen=811129.7482
mean B0=28.7825 homogen=284311.731
mean B0=9.4097 homogen=966251.0854
mean B0=31.898 homogen=310934.8583
mean B0=4.2341 homogen=980369.0927
mean B0=4.1611 homogen=838910.5318
mean B0=47.6922 homogen=161297.5328
mean B0=22.1046 homogen=815517.3834
mean B0=27.9137 homogen=569100.7495
mean B0=32.9015 homogen=244406.8913
mean B0=2.5971 homogen=1072739.7803
mean B0=37.8827 homogen=406383.5371
mean B0=17.7293 homogen=298452.6419
mean B0=11.7622 homogen=933719.9178
mean B0=35.4018 homogen=361967.3298
mean B0=36.4594 homogen=265842.1124
mean B0=4.1931 homogen=1115042.0523
mean B0=9.5052 homogen=880851.7472
mean B0=25.0596 homogen=539121.8006
mean B0=5.8365 homogen=338259.1981
==========================================================================================
n_gen  |  n_eval  | n_nds  |     cv_min    |     cv_avg    |      eps      |   indicator  
==========================================================================================
     1 |       40 |      2 |  0.000000E+00 |  0.000000E+00 |             - |             -
mean B0=32.4407 homogen=94062.3982
mean B0=48.3009 homogen=86207.0276
mean B0=25.4158 homogen=406617.0141
mean B0=27.0441 homogen=430920.4084
mean B0=20.0021 homogen=608122.7682
mean B0=46.5329 homogen=173018.4129
mean B0=20.9644 homogen=788677.9132
mean B0=33.458 homogen=265514.9792
mean B0=16.6467 homogen=639650.8247
mean B0=8.633 homogen=198030.7358
mean B0=0 homogen=1000000.0
mean B0=9.4097 homogen=966251.0854
mean B0=30.3159 homogen=355709.8455
mean B0=34.6813 homogen=105271.5506
mean B0=6.8034 homogen=901715.0507
mean B0=28.4182 homogen=363127.572
mean B0=16.5443 homogen=926100.1153
mean B0=38.4156 homogen=308269.0159
mean B0=15.8108 homogen=572083.9129
mean B0=14.034 homogen=583799.9331
mean B0=35.2797 homogen=236284.9454
mean B0=34.4861 homogen=202086.9988
mean B0=2.5156 homogen=1055297.7749
mean B0=33.2739 homogen=213323.3468
mean B0=10.8353 homogen=406420.4483
mean B0=35.72 homogen=315868.5579
mean B0=38.9639 homogen=338660.3367
mean B0=28.3503 homogen=460642.6739
mean B0=4.8591 homogen=86005.1268
mean B0=27.1184 homogen=136192.447
mean B0=17.7108 homogen=319870.4609
mean B0=29.3132 homogen=174361.4593
mean B0=31.9719 homogen=311637.3781
mean B0=3.9276 homogen=594928.2614
mean B0=31.4046 homogen=491729.6269
mean B0=22.1046 homogen=815517.3834
mean B0=0.33 homogen=857673.7535
mean B0=35.7434 homogen=314044.912
mean B0=7.0056 homogen=826220.3665
mean B0=17.9419 homogen=382516.7016
     2 |       80 |      2 |  0.000000E+00 |  0.000000E+00 |  4.726650E+01 |         ideal
mean B0=18.442 homogen=287832.5891
mean B0=20.4332 homogen=154897.7351
mean B0=19.4652 homogen=232380.1793
mean B0=29.3966 homogen=417142.3383
mean B0=41.9711 homogen=22646.3622
mean B0=29.307 homogen=133183.0702
mean B0=29.336 homogen=317159.8604
mean B0=37.6792 homogen=243274.7979
mean B0=42.0823 homogen=224721.2536
mean B0=22.2958 homogen=485956.6453
mean B0=21.3896 homogen=293503.9494
mean B0=22.6707 homogen=562685.3511
mean B0=41.3268 homogen=94538.3878
mean B0=18.2958 homogen=519656.6656
mean B0=29.1177 homogen=93693.6121
mean B0=27.2084 homogen=293514.2213
mean B0=26.1844 homogen=336238.8425
mean B0=23.0132 homogen=475055.0815
mean B0=19.5568 homogen=229169.6216
mean B0=43.1828 homogen=45368.0247
mean B0=34.1554 homogen=298399.632
mean B0=16.3251 homogen=786290.0298
mean B0=5.8581 homogen=321023.136
mean B0=35.8532 homogen=116171.8056
mean B0=29.6159 homogen=506939.3224
mean B0=29.5428 homogen=290955.5858
mean B0=56.2325 homogen=261624.4074
mean B0=28.6448 homogen=273869.9526
mean B0=27.0471 homogen=68375.8351
mean B0=47.3667 homogen=336809.0128
mean B0=25.1813 homogen=124107.455
mean B0=24.7862 homogen=619269.4317
mean B0=39.567 homogen=106374.7773
mean B0=25.4339 homogen=489382.028
mean B0=45.7556 homogen=244853.1138
mean B0=9.9045 homogen=350644.5226
mean B0=40.6511 homogen=370695.2425
mean B0=25.4956 homogen=299708.3189
mean B0=20.9905 homogen=320360.2883
mean B0=39.9903 homogen=106105.1387
     3 |      120 |      4 |  0.000000E+00 |  0.000000E+00 |  0.5561573559 |         ideal
mean B0=30.3308 homogen=272677.3023
mean B0=41.0608 homogen=55712.3926
mean B0=21.9176 homogen=458782.5028
mean B0=31.2428 homogen=146621.5547
mean B0=48.9581 homogen=395113.0817
mean B0=55.202 homogen=269458.5411
mean B0=46.9759 homogen=293064.3963
mean B0=2.0691 homogen=756609.9637
mean B0=48.2889 homogen=86442.9442
mean B0=35.2797 homogen=118098.9981
mean B0=47.1496 homogen=248708.4815
mean B0=17.811 homogen=517424.3631
mean B0=43.9176 homogen=231418.1625
mean B0=36.5758 homogen=280816.5352
mean B0=39.9876 homogen=331594.8635
mean B0=34.9908 homogen=187806.3178
mean B0=48.9366 homogen=271426.7162
mean B0=53.3287 homogen=267543.545
mean B0=34.5766 homogen=264411.6998
mean B0=48.5005 homogen=131124.8323
mean B0=43.1424 homogen=135037.0029
mean B0=44.9179 homogen=326514.612
mean B0=25.8451 homogen=490582.896
mean B0=33.1569 homogen=185762.4966
mean B0=22.9081 homogen=257768.2492
mean B0=19.5833 homogen=510530.604
mean B0=28.3538 homogen=101172.6967
mean B0=21.4576 homogen=444340.2093
mean B0=29.3505 homogen=265514.2723
mean B0=27.8092 homogen=526571.4063
mean B0=38.5817 homogen=114360.1191
mean B0=43.3911 homogen=66275.4521
mean B0=34.4734 homogen=370141.8156
mean B0=34.9815 homogen=76111.6209
mean B0=42.7321 homogen=80106.7815
mean B0=35.3936 homogen=117756.0486
mean B0=32.9152 homogen=136218.0111
mean B0=32.3602 homogen=295428.0334
mean B0=37.8553 homogen=91756.6805
mean B0=19.6435 homogen=157389.5081
     4 |      160 |      6 |  0.000000E+00 |  0.000000E+00 |  0.0461958920 |             f
mean B0=41.8742 homogen=27749.6073
mean B0=44.8219 homogen=42772.2326
mean B0=33.6661 homogen=241031.0901
mean B0=49.5549 homogen=221537.7165
mean B0=12.5824 homogen=809868.0611
mean B0=43.1798 homogen=85502.1341
mean B0=28.4353 homogen=99666.6796
mean B0=48.9581 homogen=395518.4939
mean B0=39.3793 homogen=348833.5073
mean B0=46.9942 homogen=91555.4848
mean B0=34.4093 homogen=392946.5533
mean B0=35.2312 homogen=235483.9571
mean B0=46.9491 homogen=217367.5168
mean B0=49.8942 homogen=298332.1009
mean B0=16.75 homogen=452684.9202
mean B0=48.0163 homogen=53751.8383
mean B0=43.012 homogen=396438.6839
mean B0=36.5054 homogen=137313.4663
mean B0=48.6223 homogen=298288.0812
mean B0=49.1536 homogen=133166.1478
mean B0=40.4931 homogen=102059.4709
mean B0=44.7007 homogen=55293.0698
mean B0=39.9277 homogen=153786.4995
mean B0=41.4207 homogen=204336.231
mean B0=28.8394 homogen=163294.7489
mean B0=43.2798 homogen=383218.6141
mean B0=38.9557 homogen=136858.2232
mean B0=31.6804 homogen=46534.9255
mean B0=41.6582 homogen=257289.9984
mean B0=45.2413 homogen=22454.9559
mean B0=39.5814 homogen=246222.2266
mean B0=33.1769 homogen=233266.2631
mean B0=46.4461 homogen=307782.4895
mean B0=57.5464 homogen=235080.7082
mean B0=11.6136 homogen=288681.5005
mean B0=49.7776 homogen=91046.0011
mean B0=40.9308 homogen=391937.6144
mean B0=36.6243 homogen=146332.0996
mean B0=42.662 homogen=272291.8752
mean B0=31.0741 homogen=119963.1015
     5 |      200 |      5 |  0.000000E+00 |  0.000000E+00 |  0.1067712585 |         ideal
mean B0=36.8891 homogen=153279.8917
mean B0=36.2464 homogen=564381.8591
mean B0=46.7552 homogen=238813.8998
mean B0=43.6085 homogen=155078.1916
mean B0=49.4676 homogen=99978.5571
mean B0=44.246 homogen=294912.2426
mean B0=41.2709 homogen=263394.9892
mean B0=46.9801 homogen=293103.6799
mean B0=43.3029 homogen=131833.5223
mean B0=39.6296 homogen=34586.807
mean B0=56.8793 homogen=247288.3106
mean B0=45.9887 homogen=180906.6061
mean B0=50.191 homogen=81169.3883
mean B0=45.0526 homogen=378463.574
mean B0=48.5501 homogen=91918.723
mean B0=42.3916 homogen=217309.8685
mean B0=43.3161 homogen=45828.1222
mean B0=58.7401 homogen=261094.4246
mean B0=31.1815 homogen=156173.8983
mean B0=41.3198 homogen=383342.6693
mean B0=9.9749 homogen=35929.2073
mean B0=24.4863 homogen=472500.7034
mean B0=38.7074 homogen=484449.8404
mean B0=46.7527 homogen=74595.3503
mean B0=40.9153 homogen=54590.6829
mean B0=50.3707 homogen=218694.9327
mean B0=27.7489 homogen=80277.8643
mean B0=48.618 homogen=298244.3328
mean B0=44.4198 homogen=57360.0578
mean B0=48.6371 homogen=215358.1951
mean B0=49.8431 homogen=374778.0906
mean B0=57.0967 homogen=256922.6203
mean B0=47.0711 homogen=153788.1721
mean B0=58.0985 homogen=278784.2012
mean B0=37.3088 homogen=107954.7005
mean B0=56.5273 homogen=125460.0295
mean B0=34.8356 homogen=75029.9808
mean B0=40.6344 homogen=20032.003
mean B0=40.3815 homogen=364854.1825
mean B0=51.0356 homogen=86141.4725
     6 |      240 |      8 |  0.000000E+00 |  0.000000E+00 |  0.0659289055 |         ideal
mean B0=56.3205 homogen=322772.9339
mean B0=44.4885 homogen=169859.8593
mean B0=27.5085 homogen=441839.302
mean B0=23.2517 homogen=360978.9037
mean B0=43.1754 homogen=45629.2252
mean B0=47.377 homogen=262792.6095
mean B0=41.525 homogen=47898.7507
mean B0=33.4168 homogen=171055.8582
mean B0=43.6104 homogen=79500.1802
mean B0=40.1261 homogen=155324.8087
mean B0=44.4993 homogen=27000.956
mean B0=53.025 homogen=336564.4185
mean B0=49.1221 homogen=97053.0172
mean B0=51.0742 homogen=86939.5906
mean B0=56.7264 homogen=126519.0926
mean B0=42.5196 homogen=207618.4389
mean B0=34.4707 homogen=370243.2817
mean B0=33.417 homogen=63901.9404
mean B0=46.6717 homogen=138559.6837
mean B0=48.2943 homogen=110349.8295
mean B0=53.3287 homogen=267543.545
mean B0=41.2896 homogen=236707.7938
mean B0=12.0752 homogen=171067.4363
mean B0=78.1193 homogen=120615.9011
mean B0=45.2388 homogen=78831.5781
mean B0=53.3072 homogen=297879.4495
mean B0=38.9646 homogen=110645.7282
mean B0=54.7116 homogen=61693.4985
mean B0=43.8766 homogen=49456.6318
mean B0=49.2327 homogen=146425.692
mean B0=43.6625 homogen=129950.1777
mean B0=63.1626 homogen=191144.87
mean B0=43.6924 homogen=45166.8008
mean B0=41.9065 homogen=22537.9668
mean B0=46.6027 homogen=95412.9886
mean B0=29.4089 homogen=325474.3218
mean B0=48.6482 homogen=83467.9886
mean B0=59.2551 homogen=190923.4948
mean B0=53.576 homogen=146678.1499
mean B0=48.7936 homogen=87039.6852
     7 |      280 |      5 |  0.000000E+00 |  0.000000E+00 |  0.5169871823 |         ideal
mean B0=51.4369 homogen=117667.7412
mean B0=51.1379 homogen=108311.3289
mean B0=51.1856 homogen=89981.1592
mean B0=35.8961 homogen=62355.7075
mean B0=48.8566 homogen=93121.154
mean B0=54.8887 homogen=262979.3299
mean B0=46.9879 homogen=123730.9171
mean B0=55.0615 homogen=258384.6406
mean B0=55.7784 homogen=293067.5948
mean B0=56.983 homogen=80526.4904
mean B0=31.4212 homogen=438018.5152
mean B0=44.0041 homogen=56936.1547
mean B0=49.9228 homogen=208553.9296
mean B0=58.4777 homogen=199496.6857
mean B0=28.5922 homogen=103552.5204
mean B0=42.1689 homogen=61732.522
mean B0=50.353 homogen=92524.8892
mean B0=52.5981 homogen=45922.2931
mean B0=43.7229 homogen=52098.0636
mean B0=50.3743 homogen=218763.2539
mean B0=47.8897 homogen=121679.5483
mean B0=60.1262 homogen=174564.3646
mean B0=34.65 homogen=87312.1797
mean B0=52.7702 homogen=51071.4739
mean B0=45.6178 homogen=131626.7928
mean B0=54.9564 homogen=79300.736
mean B0=47.0261 homogen=43192.5152
mean B0=48.2644 homogen=138064.6709
mean B0=53.9768 homogen=390517.3168
mean B0=39.746 homogen=82511.5879
mean B0=44.1408 homogen=22200.4011
mean B0=48.1039 homogen=78578.5503
mean B0=44.3313 homogen=60778.3654
mean B0=63.1877 homogen=73869.3612
mean B0=57.0168 homogen=236463.607
mean B0=43.5367 homogen=43881.9866
mean B0=44.3368 homogen=27083.1048
mean B0=49.3844 homogen=89197.6244
mean B0=61.0651 homogen=178039.4482
mean B0=57.3284 homogen=129837.0593
     8 |      320 |      9 |  0.000000E+00 |  0.000000E+00 |  0.0729709043 |             f
mean B0=45.512 homogen=100323.486
mean B0=57.846 homogen=68792.7318
mean B0=61.7552 homogen=33424.4403
mean B0=40.3796 homogen=37426.8624
mean B0=44.847 homogen=100240.2319
mean B0=42.2462 homogen=24218.805
mean B0=49.9995 homogen=384479.4448
mean B0=57.1215 homogen=67892.5348
mean B0=51.5674 homogen=12346.2092
mean B0=47.9698 homogen=58666.6897
mean B0=48.2182 homogen=79137.8245
mean B0=43.5157 homogen=43301.0358
mean B0=56.8039 homogen=142699.5643
mean B0=50.1895 homogen=146616.3792
mean B0=40.1966 homogen=69201.8543
mean B0=54.832 homogen=72497.8314
mean B0=57.8149 homogen=185944.0806
mean B0=54.2062 homogen=160547.635
mean B0=52.4162 homogen=71751.726
mean B0=40.8524 homogen=185608.154
mean B0=47.4683 homogen=43234.7494
mean B0=39.4423 homogen=245903.0429
mean B0=53.8647 homogen=265530.7231
mean B0=52.7408 homogen=123380.5679
mean B0=43.4521 homogen=61504.7237
mean B0=47.5763 homogen=91449.7084
mean B0=58.9281 homogen=76239.0976
mean B0=69.0788 homogen=153997.8521
mean B0=50.5674 homogen=140233.3212
mean B0=59.6815 homogen=52088.4444
mean B0=58.4099 homogen=200203.8811
mean B0=59.0416 homogen=187662.1689
mean B0=45.0991 homogen=64530.5091
mean B0=61.1432 homogen=130773.7777
mean B0=52.3792 homogen=77423.7323
mean B0=46.7372 homogen=144111.2297
mean B0=52.6085 homogen=103696.2359
mean B0=48.6739 homogen=63062.7497
mean B0=38.748 homogen=47052.5623
mean B0=50.5677 homogen=39012.7797
     9 |      360 |      4 |  0.000000E+00 |  0.000000E+00 |  0.0709874918 |         ideal
mean B0=54.5246 homogen=219057.397
mean B0=47.2647 homogen=65734.2866
mean B0=54.7898 homogen=228818.17
mean B0=63.8061 homogen=166968.331
mean B0=60.7135 homogen=142677.5973
mean B0=28.5385 homogen=414121.8453
mean B0=51.741 homogen=54607.7552
mean B0=49.9883 homogen=107953.8371
mean B0=55.278 homogen=150703.8844
mean B0=45.331 homogen=50672.7594
mean B0=48.992 homogen=112294.9753
mean B0=54.7651 homogen=85213.6024
mean B0=73.3759 homogen=23536.8061
mean B0=46.8168 homogen=132508.3485
mean B0=48.299 homogen=90482.1033
mean B0=51.68 homogen=27012.4589
mean B0=25.1313 homogen=170306.7638
mean B0=55.1524 homogen=262441.2808
mean B0=47.2152 homogen=97588.7018
mean B0=44.5388 homogen=81249.1104
mean B0=57.7889 homogen=121865.6885
mean B0=49.0809 homogen=96630.6286
mean B0=47.6386 homogen=63211.7419
mean B0=46.6192 homogen=38364.4439
mean B0=37.5091 homogen=50472.9342
mean B0=30.3083 homogen=366074.4018
mean B0=47.0261 homogen=43192.2606
mean B0=57.6603 homogen=29912.4629
mean B0=65.9322 homogen=39789.8244
mean B0=42.2872 homogen=24010.3639
mean B0=54.3901 homogen=135093.2046
mean B0=70.3333 homogen=131490.0588
mean B0=38.5093 homogen=85328.0754
mean B0=51.0944 homogen=112558.5565
mean B0=63.7437 homogen=200212.8135
mean B0=69.2184 homogen=68201.9199
mean B0=53.4814 homogen=76427.9504
mean B0=52.4707 homogen=46119.0872
mean B0=62.323 homogen=64723.133
mean B0=50.1819 homogen=232930.05
    10 |      400 |      3 |  0.000000E+00 |  0.000000E+00 |  0.1490286089 |             f
mean B0=35.5343 homogen=350345.3226
mean B0=68.0355 homogen=92899.2339
mean B0=65.99 homogen=79010.5424
mean B0=53.2966 homogen=47899.8167
mean B0=40.3226 homogen=61460.9312
mean B0=61.1251 homogen=130219.824
mean B0=43.3442 homogen=24401.7799
mean B0=44.0531 homogen=145916.1755
mean B0=75.1979 homogen=70052.1307
mean B0=41.5813 homogen=202523.6087
mean B0=45.5723 homogen=38871.0395
mean B0=66.9819 homogen=91636.1486
mean B0=51.1475 homogen=34361.8864
mean B0=55.2525 homogen=53681.2921
mean B0=49.589 homogen=55140.0082
mean B0=64.0035 homogen=28067.8485
mean B0=49.8778 homogen=62388.9003
mean B0=46.9025 homogen=53496.2345
mean B0=47.4115 homogen=146072.8576
mean B0=43.408 homogen=25586.8174
mean B0=39.4618 homogen=203161.5201
mean B0=58.8157 homogen=138021.8822
mean B0=50.7482 homogen=87237.2739
mean B0=53.2888 homogen=33360.1535
mean B0=54.8122 homogen=62738.1709
mean B0=37.5133 homogen=50826.2201
mean B0=44.2976 homogen=80970.7693
mean B0=60.6661 homogen=171811.7846
mean B0=63.5948 homogen=57828.7993
mean B0=52.2959 homogen=47783.4613
mean B0=50.1659 homogen=72679.24
mean B0=55.9231 homogen=100404.9891
mean B0=55.2392 homogen=60685.2206
mean B0=40.0412 homogen=34453.5498
mean B0=33.2348 homogen=142100.0687
mean B0=56.3707 homogen=114476.1921
mean B0=65.6158 homogen=69931.3238
mean B0=57.22 homogen=90189.31
mean B0=55.2121 homogen=86458.7441
mean B0=39.3095 homogen=22769.1119
    11 |      440 |      4 |  0.000000E+00 |  0.000000E+00 |  0.1087675417 |             f
mean B0=55.3072 homogen=21848.6994
mean B0=71.596 homogen=144068.753
mean B0=31.4529 homogen=108501.4335
mean B0=51.0586 homogen=251288.2875
mean B0=66.9828 homogen=91632.9408
mean B0=44.1221 homogen=96430.6472
mean B0=51.1717 homogen=48788.7086
mean B0=39.8759 homogen=22289.7343
mean B0=53.0005 homogen=50195.4559
mean B0=60.8991 homogen=49099.0811
mean B0=41.4958 homogen=34403.8972
mean B0=46.5145 homogen=53311.3282
mean B0=45.133 homogen=29303.4084
mean B0=39.4665 homogen=117388.4817
mean B0=65.2793 homogen=50620.999
mean B0=62.1963 homogen=120278.6843
mean B0=64.0034 homogen=28075.23
mean B0=56.9738 homogen=30857.0141
mean B0=43.7769 homogen=21465.6823
mean B0=69.24 homogen=84111.9802
mean B0=61.3659 homogen=56229.111
mean B0=62.4772 homogen=153959.5913
mean B0=62.2554 homogen=35850.0777
mean B0=36.7562 homogen=222671.0261
mean B0=61.7538 homogen=33427.7399
mean B0=62.938 homogen=65059.2441
mean B0=41.9154 homogen=24716.2836
mean B0=62.6456 homogen=76350.2656
mean B0=44.5323 homogen=27255.563
mean B0=74.0142 homogen=52881.2428
mean B0=53.2936 homogen=36371.4491
mean B0=68.0419 homogen=33401.6038
mean B0=51.5846 homogen=12374.2602
mean B0=68.7365 homogen=84405.3322
mean B0=64.4811 homogen=57137.7853
mean B0=58.7446 homogen=47440.0456
mean B0=65.9903 homogen=79019.5414
mean B0=65.4309 homogen=76239.7035
mean B0=43.77 homogen=24010.2998
mean B0=42.8205 homogen=22421.8142
    12 |      480 |      7 |  0.000000E+00 |  0.000000E+00 |  0.0473420615 |             f
mean B0=64.4694 homogen=43507.414
mean B0=69.4078 homogen=68842.6287
mean B0=40.6353 homogen=92697.4717
mean B0=54.5166 homogen=28788.2934
mean B0=67.3624 homogen=85618.4313
mean B0=55.6522 homogen=18442.1028
mean B0=70.9753 homogen=52360.1906
mean B0=72.349 homogen=44538.8882
mean B0=28.4242 homogen=124951.9568
mean B0=28.1593 homogen=417280.7728
mean B0=62.1461 homogen=321371.8274
mean B0=66.1378 homogen=16796.5113
mean B0=39.9999 homogen=21363.2393
mean B0=63.7568 homogen=27580.9414
mean B0=63.0962 homogen=27882.8757
mean B0=66.3486 homogen=79968.2859
mean B0=65.2863 homogen=142841.5593
mean B0=65.6899 homogen=27385.6336
mean B0=50.0082 homogen=77224.2667
mean B0=69.0243 homogen=97365.6918
mean B0=52.7458 homogen=12041.0247
mean B0=65.4263 homogen=69394.1513
mean B0=40.4675 homogen=27797.369
mean B0=43.5105 homogen=28843.687
mean B0=45.9467 homogen=19240.176
mean B0=61.689 homogen=88700.5002
mean B0=44.9509 homogen=28810.4689
mean B0=63.3379 homogen=37587.1305
mean B0=51.5117 homogen=12307.0476
mean B0=51.7134 homogen=262348.6831
mean B0=68.4822 homogen=30846.2702
mean B0=63.1755 homogen=74068.0716
mean B0=46.1488 homogen=30844.9495
mean B0=47.7093 homogen=124372.7979
mean B0=62.0455 homogen=63594.871
mean B0=63.2815 homogen=40374.5074
mean B0=46.4726 homogen=37084.8252
mean B0=61.7708 homogen=146281.3485
mean B0=59.9361 homogen=84951.9153
mean B0=64.0334 homogen=31254.9861
    13 |      520 |      6 |  0.000000E+00 |  0.000000E+00 |  0.0028108208 |         ideal
mean B0=47.5744 homogen=73634.5874
mean B0=76.6498 homogen=137747.0657
mean B0=40.4732 homogen=21225.5052
mean B0=59.9422 homogen=43642.5028
mean B0=63.8118 homogen=32781.1985
mean B0=60.4411 homogen=40008.5594
mean B0=52.7176 homogen=11996.2586
mean B0=65.1621 homogen=36474.2083
mean B0=58.9306 homogen=63115.2701
mean B0=58.8564 homogen=62169.9872
mean B0=68.4822 homogen=30846.2702
mean B0=53.7714 homogen=30585.722
mean B0=69.1955 homogen=85429.3437
mean B0=60.9158 homogen=112303.1094
mean B0=47.8261 homogen=88216.2031
mean B0=74.0684 homogen=51098.5904
mean B0=52.8325 homogen=73653.1134
mean B0=44.6749 homogen=66734.2808
mean B0=75.836 homogen=52630.6397
mean B0=76.6843 homogen=24244.7853
mean B0=50.8707 homogen=29882.3076
mean B0=46.8268 homogen=31197.3092
mean B0=53.7444 homogen=34120.9901
mean B0=61.3148 homogen=30713.2081
mean B0=71.6763 homogen=141586.1255
mean B0=57.7494 homogen=65470.1758
mean B0=51.6099 homogen=12409.885
mean B0=62.2597 homogen=25000.0832
mean B0=53.6855 homogen=59524.5334
mean B0=58.4939 homogen=111343.6196
mean B0=62.7971 homogen=171134.8027
mean B0=67.9443 homogen=59851.1456
mean B0=56.6533 homogen=12326.3274
mean B0=49.8102 homogen=84394.3283
mean B0=64.5676 homogen=63682.0889
mean B0=69.0195 homogen=34765.5726
mean B0=72.1826 homogen=69479.9145
mean B0=64.5888 homogen=78445.6557
mean B0=57.523 homogen=12688.1204
mean B0=63.5375 homogen=48611.3127
    14 |      560 |      8 |  0.000000E+00 |  0.000000E+00 |  0.0591999070 |             f
mean B0=60.1832 homogen=33892.3293
mean B0=63.224 homogen=46532.3199
mean B0=65.2501 homogen=26490.3797
mean B0=63.8382 homogen=28820.492
mean B0=37.9587 homogen=46427.7251
mean B0=77.791 homogen=29449.8471
mean B0=63.3563 homogen=25224.0509
mean B0=63.1568 homogen=99864.6756
mean B0=49.9756 homogen=27900.2323
mean B0=74.0383 homogen=53284.1009
mean B0=62.2089 homogen=33333.5317
mean B0=60.6947 homogen=35164.3428
mean B0=26.9403 homogen=155693.2683
mean B0=52.0184 homogen=12165.5128
mean B0=51.0572 homogen=24325.4798
mean B0=63.1437 homogen=31321.7244
mean B0=72.7051 homogen=37419.0744
mean B0=68.6786 homogen=31098.4487
mean B0=73.7351 homogen=82418.9004
mean B0=60.0995 homogen=73445.4079
mean B0=75.7191 homogen=93234.8204
mean B0=69.2439 homogen=29993.0578
mean B0=63.943 homogen=32539.6474
mean B0=74.4574 homogen=52000.7149
mean B0=53.5461 homogen=14543.9169
mean B0=51.417 homogen=30702.9799
mean B0=74.3789 homogen=12789.4891
mean B0=52.1357 homogen=17639.3009
mean B0=55.7844 homogen=28429.4249
mean B0=78.071 homogen=120407.9735
mean B0=59.0512 homogen=18312.0714
mean B0=41.8069 homogen=21340.6163
mean B0=52.7823 homogen=19840.7206
mean B0=57.8917 homogen=42163.0646
mean B0=65.17 homogen=40757.4652
mean B0=82.4199 homogen=20234.1134
mean B0=65.9649 homogen=21623.545
mean B0=50.0841 homogen=44804.7805
mean B0=72.7688 homogen=37405.4077
mean B0=81.6871 homogen=66160.2351
    15 |      600 |      6 |  0.000000E+00 |  0.000000E+00 |  0.1447902494 |         ideal
mean B0=70.5899 homogen=118870.547
mean B0=46.5507 homogen=297209.0769
mean B0=71.9619 homogen=90917.2931
mean B0=62.6501 homogen=14461.4982
mean B0=70.5592 homogen=32906.1736
mean B0=40.95 homogen=319698.57
mean B0=61.9192 homogen=29951.6442
mean B0=61.1675 homogen=19114.4476
mean B0=60.1612 homogen=36162.6727
mean B0=69.4245 homogen=69775.5961
mean B0=66.2294 homogen=60124.4146
mean B0=73.259 homogen=35230.2411
mean B0=61.529 homogen=63356.6547
mean B0=71.9898 homogen=59380.0572
mean B0=71.2362 homogen=100357.547
mean B0=67.422 homogen=90197.3978
mean B0=73.2141 homogen=60824.4813
mean B0=43.4659 homogen=25546.43
mean B0=58.1602 homogen=23176.7556
mean B0=83.5161 homogen=80637.9056
mean B0=57.5456 homogen=42235.7043
mean B0=41.7067 homogen=322458.4439
mean B0=68.4109 homogen=45134.7079
mean B0=68.3106 homogen=90385.687
mean B0=86.3905 homogen=23546.6022
mean B0=43.5105 homogen=290770.7933
mean B0=57.2332 homogen=32555.094
mean B0=65.8326 homogen=89101.1873
mean B0=74.1778 homogen=77359.6393
mean B0=57.6218 homogen=23365.4694
mean B0=67.0633 homogen=24859.938
mean B0=84.4975 homogen=81569.2486
mean B0=68.0703 homogen=57970.6306
mean B0=57.3301 homogen=99168.5595
mean B0=73.0972 homogen=70435.5197
mean B0=71.4551 homogen=35116.5156
mean B0=52.4648 homogen=16541.2844
mean B0=57.3563 homogen=66820.1893
mean B0=69.1425 homogen=160378.0039
mean B0=72.4289 homogen=62244.2468
    16 |      640 |      7 |  0.000000E+00 |  0.000000E+00 |  0.1179179006 |         ideal
mean B0=69.0351 homogen=95672.744
mean B0=57.9117 homogen=35888.4404
mean B0=64.9352 homogen=23556.7704
mean B0=89.6652 homogen=52449.4661
mean B0=60.7976 homogen=41907.1972
mean B0=51.0911 homogen=13358.1745
mean B0=62.0676 homogen=56685.2479
mean B0=70.1532 homogen=30971.7257
mean B0=79.3245 homogen=55304.0619
mean B0=66.5949 homogen=24826.1153
mean B0=59.0036 homogen=57231.271
mean B0=65.9649 homogen=21623.3717
mean B0=72.0573 homogen=65334.5331
mean B0=78.708 homogen=59467.7472
mean B0=61.9094 homogen=23366.371
mean B0=52.7799 homogen=11991.6002
mean B0=76.4443 homogen=15444.3566
mean B0=74.399 homogen=12740.8458
mean B0=63.3119 homogen=56426.8878
mean B0=63.6355 homogen=17049.3804
mean B0=57.3536 homogen=57398.5025
mean B0=63.7139 homogen=24707.2021
mean B0=70.1117 homogen=31433.0015
mean B0=65.5276 homogen=92365.8227
mean B0=69.4633 homogen=39024.788
mean B0=57.5913 homogen=22436.2052
mean B0=74.5379 homogen=31998.4881
mean B0=76.2322 homogen=65678.318
mean B0=77.5666 homogen=81118.7839
mean B0=56.9178 homogen=27878.6046
mean B0=62.2265 homogen=56840.8024
mean B0=66.1378 homogen=16796.6607
mean B0=92.5936 homogen=63898.1565
mean B0=70.4926 homogen=27065.3856
mean B0=57.0732 homogen=20239.8794
mean B0=72.3802 homogen=41923.1989
mean B0=64.2202 homogen=93358.5011
mean B0=77.14 homogen=141863.4118
mean B0=60.334 homogen=23242.1266
mean B0=46.6021 homogen=241884.2966
    17 |      680 |      9 |  0.000000E+00 |  0.000000E+00 |  0.1558035453 |         ideal
mean B0=77.9633 homogen=36126.8105
mean B0=59.2932 homogen=65235.3348
mean B0=74.136 homogen=69579.8185
mean B0=84.8702 homogen=65147.4967
mean B0=70.9915 homogen=43148.5018
mean B0=79.1224 homogen=57134.528
mean B0=63.2038 homogen=47349.2861
mean B0=67.2285 homogen=30709.9038
mean B0=59.2729 homogen=71660.9551
mean B0=73.4698 homogen=37906.8453
mean B0=68.1998 homogen=50140.8066
mean B0=75.814 homogen=46865.8726
mean B0=75.0553 homogen=58885.2215
mean B0=89.9489 homogen=55038.5106
mean B0=77.5248 homogen=18124.6859
mean B0=28.8919 homogen=451834.4731
mean B0=52.9796 homogen=11931.5224
mean B0=75.2603 homogen=108479.3066
mean B0=86.3905 homogen=23547.3014
mean B0=57.1803 homogen=34109.2195
mean B0=69.1426 homogen=36859.1726
mean B0=74.8222 homogen=121833.9373
mean B0=47.7534 homogen=40672.672
mean B0=73.7946 homogen=12363.1246
mean B0=52.585 homogen=13339.6257
mean B0=78.4949 homogen=96393.7373
mean B0=43.0186 homogen=214770.2007
mean B0=74.6306 homogen=43849.861
mean B0=68.8125 homogen=108221.3997
mean B0=79.3416 homogen=89861.1068
mean B0=70.4209 homogen=97724.5519
mean B0=94.7068 homogen=64908.0842
mean B0=65.6466 homogen=25000.671
mean B0=79.2253 homogen=51068.7699
mean B0=63.0923 homogen=18882.2552
mean B0=55.6889 homogen=186315.0168
mean B0=76.9035 homogen=35777.3242
mean B0=86.3268 homogen=92283.628
mean B0=82.4199 homogen=20234.1134
mean B0=70.1663 homogen=46534.7844
    18 |      720 |     13 |  0.000000E+00 |  0.000000E+00 |  0.0506428381 |         ideal
mean B0=74.6223 homogen=14455.0526
mean B0=75.3817 homogen=57792.5305
mean B0=53.1814 homogen=50713.2777
mean B0=58.515 homogen=18614.6136
mean B0=75.4059 homogen=33154.0393
mean B0=79.0783 homogen=57355.8109
mean B0=88.8294 homogen=62500.376
mean B0=70.5912 homogen=236597.7586
mean B0=32.2307 homogen=147876.601
mean B0=81.4688 homogen=17102.4363
mean B0=84.3576 homogen=56914.2783
mean B0=69.3562 homogen=40913.4607
mean B0=77.1551 homogen=53917.7704
mean B0=62.77 homogen=31104.7686
mean B0=77.1828 homogen=16877.0474
mean B0=86.7252 homogen=91167.4953
mean B0=55.9504 homogen=69175.5558
mean B0=71.3009 homogen=37510.6125
mean B0=72.8414 homogen=64108.5489
mean B0=81.4615 homogen=81498.4178
mean B0=77.6544 homogen=34549.7242
mean B0=83.9969 homogen=26536.0914
mean B0=74.4782 homogen=49684.2641
mean B0=63.497 homogen=39329.434
mean B0=87.1073 homogen=44391.8466
mean B0=76.4511 homogen=15452.0231
mean B0=77.159 homogen=15211.5365
mean B0=85.4394 homogen=27725.6076
mean B0=52.7176 homogen=11996.2586
mean B0=76.4665 homogen=43087.2687
mean B0=64.7289 homogen=32157.1043
mean B0=70.2002 homogen=8873.1626
mean B0=58.5872 homogen=12026.2408
mean B0=54.5319 homogen=43843.6402
mean B0=84.8914 homogen=78895.0559
mean B0=89.2412 homogen=53571.4456
mean B0=66.256 homogen=74614.2506
mean B0=96.3786 homogen=55668.1935
mean B0=68.9089 homogen=12846.919
mean B0=74.6384 homogen=12053.5556
    19 |      760 |     12 |  0.000000E+00 |  0.000000E+00 |  0.0653565087 |         ideal
mean B0=66.0151 homogen=87715.522
mean B0=74.6091 homogen=12335.4301
mean B0=88.2478 homogen=21002.6854
mean B0=75.6867 homogen=52171.0652
mean B0=68.7932 homogen=36201.063
mean B0=75.0035 homogen=18134.8915
mean B0=69.8704 homogen=22686.8038
mean B0=77.1828 homogen=16876.8434
mean B0=85.9792 homogen=66351.7881
mean B0=68.0391 homogen=35638.8973
mean B0=76.3812 homogen=42563.7811
mean B0=82.4199 homogen=20233.9415
mean B0=76.7826 homogen=15080.5341
mean B0=79.7507 homogen=34386.6161
mean B0=75.6878 homogen=21343.8627
mean B0=48.1321 homogen=51381.2291
mean B0=85.3588 homogen=72897.8371
mean B0=89.8771 homogen=59532.7612
mean B0=86.3859 homogen=23530.1052
mean B0=56.7377 homogen=19470.0181
mean B0=73.2442 homogen=11418.1846
mean B0=83.8396 homogen=31959.5469
mean B0=76.6368 homogen=14726.7066
mean B0=62.436 homogen=48164.1544
mean B0=67.3064 homogen=34380.0795
mean B0=53.2896 homogen=11990.8975
mean B0=71.057 homogen=80161.5948
mean B0=51.4747 homogen=101778.76
mean B0=82.1963 homogen=25409.7788
mean B0=59.2212 homogen=56811.3606
mean B0=62.1385 homogen=83851.0517
mean B0=85.4394 homogen=27725.5674
mean B0=72.6309 homogen=29658.8816
mean B0=79.4561 homogen=26637.8474
mean B0=60.7989 homogen=38706.6078
mean B0=80.8201 homogen=50961.3718
mean B0=86.7252 homogen=91167.4953
mean B0=86.4684 homogen=38139.5437
mean B0=88.829 homogen=62512.3084
mean B0=82.4157 homogen=12455.023
    20 |      800 |      9 |  0.000000E+00 |  0.000000E+00 |  0.0277825376 |             f
mean B0=88.8821 homogen=27801.8381
mean B0=92.8129 homogen=37055.3156
mean B0=86.6222 homogen=37142.653
mean B0=68.8243 homogen=40254.0147
mean B0=82.5199 homogen=19826.5461
mean B0=77.498 homogen=15355.5578
mean B0=78.8482 homogen=15917.4435
mean B0=58.1951 homogen=14973.2445
mean B0=70.7217 homogen=42224.7784
mean B0=79.4776 homogen=28967.1508
mean B0=79.3581 homogen=19076.2396
mean B0=78.9371 homogen=12889.5267
mean B0=92.9622 homogen=59049.1692
mean B0=89.3939 homogen=58821.7069
mean B0=76.4652 homogen=15506.7618
mean B0=67.8981 homogen=40998.35
mean B0=76.7862 homogen=12678.93
mean B0=87.0837 homogen=15848.5028
mean B0=74.9518 homogen=19790.186
mean B0=74.416 homogen=12848.6683
mean B0=90.094 homogen=53704.1513
mean B0=91.5429 homogen=29998.6856
mean B0=62.5508 homogen=55448.0924
mean B0=75.3797 homogen=15870.029
mean B0=89.7703 homogen=58538.6432
mean B0=81.0776 homogen=19454.5724
mean B0=83.4678 homogen=18779.2354
mean B0=74.1847 homogen=37651.3501
mean B0=54.7498 homogen=36902.2501
mean B0=80.6604 homogen=20435.206
mean B0=85.6525 homogen=58922.624
mean B0=72.2105 homogen=243945.5864
mean B0=91.5089 homogen=57674.6215
mean B0=86.2739 homogen=50374.121
mean B0=73.2265 homogen=11381.7295
mean B0=60.507 homogen=10899.7221
mean B0=69.7923 homogen=11577.2885
mean B0=69.851 homogen=15896.1194
mean B0=52.9339 homogen=11883.8865
mean B0=73.7768 homogen=12362.0298
    21 |      840 |     11 |  0.000000E+00 |  0.000000E+00 |  0.0770139874 |             f
mean B0=79.1566 homogen=13579.5962
mean B0=82.8678 homogen=107722.3178
mean B0=45.8361 homogen=101611.4381
mean B0=91.9678 homogen=27467.9119
mean B0=79.8735 homogen=20744.0728
mean B0=85.3497 homogen=59628.1808
mean B0=81.6762 homogen=13046.2809
mean B0=53.4192 homogen=97717.281
mean B0=90.6343 homogen=74964.581
mean B0=74.5261 homogen=12476.499
mean B0=60.8034 homogen=37610.6653
mean B0=73.2263 homogen=11379.3653
mean B0=86.6108 homogen=38934.8788
mean B0=86.3881 homogen=23539.1486
mean B0=71.1145 homogen=7914.346
mean B0=92.9516 homogen=35865.9542
mean B0=84.2783 homogen=37000.9622
mean B0=76.7615 homogen=13068.7186
mean B0=90.0378 homogen=60353.3355
mean B0=74.6315 homogen=11312.6204
mean B0=94.1842 homogen=68447.2982
mean B0=55.7302 homogen=35121.3281
mean B0=87.85 homogen=9830.0088
mean B0=89.5223 homogen=59983.2881
mean B0=74.1874 homogen=10329.3266
mean B0=83.8616 homogen=31153.1661
mean B0=91.0327 homogen=38593.5868
mean B0=69.0407 homogen=71655.9729
mean B0=77.4164 homogen=10179.7886
mean B0=56.991 homogen=20949.2523
mean B0=83.0331 homogen=20568.5474
mean B0=84.2555 homogen=54165.712
mean B0=62.7464 homogen=290515.4736
mean B0=85.8107 homogen=27366.281
mean B0=83.7897 homogen=20381.2513
mean B0=85.5393 homogen=26607.6377
mean B0=74.7205 homogen=20556.6156
mean B0=81.0847 homogen=20080.414
mean B0=70.2766 homogen=10084.3111
mean B0=92.5843 homogen=74093.5924
    22 |      880 |      6 |  0.000000E+00 |  0.000000E+00 |  0.0200783102 |         ideal
mean B0=88.757 homogen=41915.1271
mean B0=87.0929 homogen=15873.1707
mean B0=73.2262 homogen=11379.3419
mean B0=83.391 homogen=20310.843
mean B0=93.646 homogen=65042.0156
mean B0=94.9592 homogen=53316.1918
mean B0=87.5993 homogen=61600.8923
mean B0=64.0073 homogen=58311.8255
mean B0=93.956 homogen=51849.2465
mean B0=85.0516 homogen=29104.4516
mean B0=79.136 homogen=13376.1801
mean B0=96.1039 homogen=53075.6403
mean B0=88.5186 homogen=31774.9879
mean B0=87.293 homogen=19014.8926
mean B0=87.5824 homogen=42973.9571
mean B0=62.1358 homogen=179735.9126
mean B0=90.094 homogen=53704.1513
mean B0=78.3657 homogen=32138.3568
mean B0=90.3047 homogen=36290.4752
mean B0=81.2134 homogen=24937.8449
mean B0=89.3255 homogen=59168.0745
mean B0=86.5487 homogen=10988.1335
mean B0=76.7863 homogen=12671.1242
mean B0=82.2181 homogen=59384.5711
mean B0=60.7391 homogen=12266.4642
mean B0=85.9861 homogen=34907.4451
mean B0=67.9115 homogen=27241.825
mean B0=75.7854 homogen=8768.9372
mean B0=79.8685 homogen=31349.7216
mean B0=84.6632 homogen=18575.4878
mean B0=77.2296 homogen=10741.9498
mean B0=88.3296 homogen=43714.9159
mean B0=90.0009 homogen=46058.717
mean B0=93.6717 homogen=56718.4753
mean B0=85.7427 homogen=23179.4639
mean B0=85.921 homogen=23748.1102
mean B0=86.3859 homogen=23530.1052
mean B0=82.7301 homogen=75008.8172
mean B0=95.4164 homogen=48805.8524
mean B0=68.1613 homogen=44499.1429
    23 |      920 |      9 |  0.000000E+00 |  0.000000E+00 |  0.0433089399 |             f
mean B0=65.8274 homogen=12623.7197
mean B0=91.6776 homogen=26991.0272
mean B0=86.3881 homogen=23539.1486
mean B0=92.0798 homogen=35129.4881
mean B0=89.9016 homogen=47391.8807
mean B0=64.7885 homogen=58563.0018
mean B0=94.4944 homogen=57377.109
mean B0=87.1906 homogen=12240.3044
mean B0=77.1471 homogen=9349.2909
mean B0=94.2052 homogen=53373.7723
mean B0=84.8206 homogen=28404.6232
mean B0=69.2199 homogen=178456.6771
mean B0=88.8382 homogen=33269.0541
mean B0=83.9251 homogen=43760.5075
mean B0=93.6945 homogen=43613.1019
mean B0=75.3391 homogen=13735.2206
mean B0=86.3206 homogen=13924.9464
mean B0=89.0099 homogen=28304.1003
mean B0=74.9061 homogen=10896.9916
mean B0=83.7899 homogen=35905.7437
mean B0=66.1341 homogen=11241.8205
mean B0=84.6983 homogen=32408.7758
mean B0=86.3905 homogen=23547.4265
mean B0=94.5097 homogen=60276.4521
mean B0=82.6726 homogen=13381.2402
mean B0=93.444 homogen=46319.7332
mean B0=82.3906 homogen=14734.6094
mean B0=94.7068 homogen=64908.0842
mean B0=76.5316 homogen=34020.8745
mean B0=85.9041 homogen=15717.3701
mean B0=78.8343 homogen=19093.0921
mean B0=87.9935 homogen=25623.0675
mean B0=91.4205 homogen=35534.1625
mean B0=81.6566 homogen=17061.9235
mean B0=89.5627 homogen=28114.6002
mean B0=68.8176 homogen=36179.8887
mean B0=78.0337 homogen=12044.3449
mean B0=84.5439 homogen=19015.3405
mean B0=90.6191 homogen=28283.9557
mean B0=73.1876 homogen=24050.8789
    24 |      960 |     13 |  0.000000E+00 |  0.000000E+00 |  0.0182001074 |             f
mean B0=88.0621 homogen=28279.0003
mean B0=93.1673 homogen=27275.9866
mean B0=96.0141 homogen=55032.2341
mean B0=84.6217 homogen=22371.3153
mean B0=88.745 homogen=40399.7498
mean B0=88.2258 homogen=15347.0713
mean B0=86.8791 homogen=13245.6461
mean B0=73.3375 homogen=55251.2027
mean B0=94.402 homogen=34399.4399
mean B0=74.5512 homogen=10968.2638
mean B0=86.2135 homogen=16340.5299
mean B0=96.2115 homogen=52851.0073
mean B0=77.7998 homogen=12170.3112
mean B0=79.2987 homogen=25009.1448
mean B0=89.2734 homogen=29295.3592
mean B0=83.26 homogen=19095.9118
mean B0=71.8808 homogen=183664.7799
mean B0=87.1458 homogen=18405.3022
mean B0=84.9577 homogen=69366.7977
mean B0=92.8355 homogen=52587.9113
mean B0=87.2018 homogen=17051.8609
mean B0=70.795 homogen=9836.2684
mean B0=88.9449 homogen=29205.6673
mean B0=94.1647 homogen=42791.7172
mean B0=65.2199 homogen=30648.1394
mean B0=89.6047 homogen=39621.4446
mean B0=77.4865 homogen=10871.5603
mean B0=81.7134 homogen=35945.5432
mean B0=87.09 homogen=33570.9681
mean B0=89.2133 homogen=25769.3271
mean B0=67.2053 homogen=150309.5971
mean B0=93.9015 homogen=51914.4775
mean B0=88.5829 homogen=25810.3259
mean B0=86.8494 homogen=52197.3344
mean B0=90.4116 homogen=27113.6221
mean B0=92.1511 homogen=35722.7376
mean B0=87.5263 homogen=25839.5277
mean B0=93.8555 homogen=44527.6841
mean B0=87.3161 homogen=30143.8275
mean B0=94.7185 homogen=48010.0407
    25 |     1000 |     14 |  0.000000E+00 |  0.000000E+00 |  0.0263349278 |             f
mean B0=90.8525 homogen=42695.9537
mean B0=93.0294 homogen=35625.9459
mean B0=86.8233 homogen=21033.8973
mean B0=70.7767 homogen=8481.7414
mean B0=87.8292 homogen=18873.3663
mean B0=54.854 homogen=337857.4742
mean B0=96.0118 homogen=55026.8561
mean B0=79.4693 homogen=20216.4159
mean B0=82.7755 homogen=16965.8846
mean B0=94.207 homogen=40717.3849
mean B0=74.7068 homogen=32415.3433
mean B0=85.168 homogen=27160.3775
mean B0=94.7241 homogen=53486.169
mean B0=96.2115 homogen=52851.0073
mean B0=89.7672 homogen=23685.7584
mean B0=73.3532 homogen=11075.9983
mean B0=89.4069 homogen=24176.394
mean B0=86.7648 homogen=33310.5746
mean B0=76.1973 homogen=36796.5336
mean B0=77.6624 homogen=9753.2372
mean B0=52.7142 homogen=121994.5091
mean B0=73.9342 homogen=162031.5637
mean B0=93.305 homogen=43337.1579
mean B0=86.7892 homogen=43188.7956
mean B0=92.6176 homogen=35497.2707
mean B0=67.1193 homogen=260921.9277
mean B0=95.3995 homogen=48774.1788
mean B0=92.6539 homogen=65549.2711
mean B0=71.7814 homogen=16295.1482
mean B0=77.7927 homogen=184264.2621
mean B0=81.7535 homogen=34471.3841
mean B0=77.2335 homogen=27017.095
mean B0=88.0908 homogen=10586.1904
mean B0=91.6776 homogen=26991.0272
mean B0=86.8944 homogen=15455.6691
mean B0=74.8097 homogen=20476.7546
mean B0=97.5541 homogen=48073.6376
mean B0=95.1333 homogen=38918.7562
mean B0=82.4365 homogen=51313.8525
mean B0=87.4409 homogen=33282.6389
    26 |     1040 |     15 |  0.000000E+00 |  0.000000E+00 |  0.0444579499 |         ideal
mean B0=81.5741 homogen=13011.3384
mean B0=75.6498 homogen=9159.3358
mean B0=52.6682 homogen=112241.4404
mean B0=91.8394 homogen=26444.5686
mean B0=95.7751 homogen=51209.6331
mean B0=94.4062 homogen=52447.4343
mean B0=87.5538 homogen=13105.79
mean B0=73.1484 homogen=14700.9004
mean B0=76.548 homogen=205035.5928
mean B0=67.0536 homogen=34864.2923
mean B0=97.0829 homogen=45477.4005
mean B0=90.2575 homogen=19797.0459
mean B0=75.8285 homogen=17080.9146
mean B0=87.2049 homogen=17041.1254
mean B0=96.0441 homogen=62737.1252
mean B0=95.9879 homogen=35031.9746
mean B0=85.9193 homogen=9881.8318
mean B0=94.7214 homogen=61683.8543
mean B0=91.9074 homogen=34320.7507
mean B0=77.4405 homogen=9938.8393
mean B0=87.1704 homogen=11243.9541
mean B0=92.0009 homogen=27987.6786
mean B0=91.7292 homogen=33473.3507
mean B0=86.3917 homogen=20257.3901
mean B0=77.7766 homogen=11487.1702
mean B0=75.8587 homogen=14738.9898
mean B0=86.1851 homogen=37253.9948
mean B0=93.5849 homogen=58034.3039
mean B0=93.141 homogen=23063.6892
mean B0=71.488 homogen=11154.4208
mean B0=88.5878 homogen=24190.8497
mean B0=75.3023 homogen=23886.2019
mean B0=91.392 homogen=44078.173
mean B0=91.6741 homogen=26972.209
mean B0=93.7667 homogen=38446.6595
mean B0=93.6973 homogen=42832.9429
mean B0=91.8256 homogen=22036.5168
mean B0=90.762 homogen=19112.6063
mean B0=92.7877 homogen=36152.8332
mean B0=88.7251 homogen=16742.4777
    27 |     1080 |     16 |  0.000000E+00 |  0.000000E+00 |  0.0292273695 |             f
mean B0=91.8256 homogen=22036.5168
mean B0=83.6827 homogen=60797.4458
mean B0=91.0029 homogen=18375.9745
mean B0=89.6243 homogen=24942.2164
mean B0=97.645 homogen=38648.4897
mean B0=89.6098 homogen=106350.6913
mean B0=87.3156 homogen=14354.2616
mean B0=93.6851 homogen=38541.0033
mean B0=77.5012 homogen=151743.2236
mean B0=91.4366 homogen=40302.881
mean B0=83.8699 homogen=18247.5954
mean B0=93.0639 homogen=26745.1102
mean B0=91.63 homogen=41074.5451
mean B0=91.0515 homogen=37506.8827
mean B0=94.6096 homogen=46063.238
mean B0=83.1792 homogen=18788.8556
mean B0=88.2618 homogen=19704.4872
mean B0=86.1958 homogen=19070.5108
mean B0=95.3658 homogen=49140.3911
mean B0=70.9129 homogen=8226.1174
mean B0=96.1039 homogen=53075.6403
mean B0=96.1926 homogen=43101.562
mean B0=94.6429 homogen=38941.5232
mean B0=89.5653 homogen=16994.4203
mean B0=87.0354 homogen=14938.089
mean B0=92.7448 homogen=23310.3754
mean B0=75.6498 homogen=9159.3358
mean B0=96.1939 homogen=52650.4579
mean B0=88.8032 homogen=16732.7556
mean B0=87.2652 homogen=12085.9717
mean B0=94.9381 homogen=46223.2415
mean B0=87.9282 homogen=18448.027
mean B0=69.674 homogen=44473.6038
mean B0=73.0363 homogen=14821.226
mean B0=96.201 homogen=52801.0763
mean B0=87.8503 homogen=33315.9996
mean B0=89.118 homogen=45719.7213
mean B0=96.0253 homogen=42772.0038
mean B0=96.4267 homogen=55318.5149
mean B0=88.1745 homogen=10471.9979
    28 |     1120 |     17 |  0.000000E+00 |  0.000000E+00 |  0.0034282491 |         ideal
mean B0=90.0374 homogen=16408.2116
mean B0=77.0039 homogen=9629.5039
mean B0=85.7828 homogen=9602.5921
mean B0=94.0226 homogen=46150.7221
mean B0=86.891 homogen=60832.848
mean B0=74.8421 homogen=20349.3892
mean B0=87.4411 homogen=11199.8511
mean B0=91.1904 homogen=17501.4401
mean B0=95.2472 homogen=47642.3593
mean B0=94.5505 homogen=35351.0981
mean B0=92.6682 homogen=23222.0429
mean B0=84.5887 homogen=12570.6592
mean B0=92.7562 homogen=21650.6114
mean B0=97.3273 homogen=43524.1005
mean B0=93.3189 homogen=26369.9648
mean B0=96.8705 homogen=26642.114
mean B0=87.0337 homogen=17078.5922
mean B0=92.6011 homogen=45766.6685
mean B0=77.6651 homogen=124354.2669
mean B0=90.3302 homogen=33099.6411
mean B0=69.1614 homogen=34791.1674
mean B0=70.1819 homogen=9656.8546
mean B0=91.8546 homogen=32764.5342
mean B0=88.4664 homogen=16480.9671
mean B0=98.2546 homogen=36306.0406
mean B0=70.4581 homogen=41796.7846
mean B0=91.8275 homogen=22032.4936
mean B0=92.4489 homogen=31243.5654
mean B0=77.1472 homogen=9356.7198
mean B0=68.5344 homogen=21959.6036
mean B0=90.833 homogen=19139.7377
mean B0=71.4979 homogen=88370.825
mean B0=84.4683 homogen=18457.8395
mean B0=91.0268 homogen=33179.7154
mean B0=79.3342 homogen=33969.1388
mean B0=91.8419 homogen=26437.8629
mean B0=96.8796 homogen=44944.3011
mean B0=72.7727 homogen=17532.5863
mean B0=70.7909 homogen=86397.719
mean B0=95.8746 homogen=35826.2283
    29 |     1160 |     15 |  0.000000E+00 |  0.000000E+00 |  0.0224611876 |         ideal
mean B0=99.0476 homogen=32857.3887
mean B0=91.0021 homogen=16900.5979
mean B0=51.4534 homogen=113665.8792
mean B0=90.518 homogen=23368.2445
mean B0=79.3009 homogen=26561.7272
mean B0=91.8557 homogen=33120.9685
mean B0=87.2269 homogen=11693.2776
mean B0=72.0074 homogen=11919.2091
mean B0=92.8992 homogen=21804.4189
mean B0=82.0656 homogen=17784.6018
mean B0=74.4601 homogen=18129.6902
mean B0=84.8177 homogen=82635.9438
mean B0=84.3304 homogen=31316.8259
mean B0=78.5843 homogen=147619.0986
mean B0=54.1707 homogen=337136.0872
mean B0=85.6063 homogen=21313.3417
mean B0=90.3478 homogen=33304.3239
mean B0=91.4459 homogen=15416.8863
mean B0=92.7359 homogen=20602.3545
mean B0=71.2317 homogen=7767.606
mean B0=89.6832 homogen=30677.9311
mean B0=89.0781 homogen=21773.3587
mean B0=76.5509 homogen=7582.4874
mean B0=90.4524 homogen=18611.2482
mean B0=74.9075 homogen=13198.7017
mean B0=89.7672 homogen=22547.7555
mean B0=93.1971 homogen=27232.4364
mean B0=75.3692 homogen=11099.4584
mean B0=93.9262 homogen=45150.3068
mean B0=90.2775 homogen=46193.2875
mean B0=86.9753 homogen=33722.4802
mean B0=93.5688 homogen=28827.0231
mean B0=54.1093 homogen=98877.5507
mean B0=85.7811 homogen=9613.5787
mean B0=70.9078 homogen=221427.5357
mean B0=88.2548 homogen=15237.3587
mean B0=92.9447 homogen=55326.4913
mean B0=89.4045 homogen=21990.5955
mean B0=90.4301 homogen=36538.2828
mean B0=96.4253 homogen=51978.9274
    30 |     1200 |     15 |  0.000000E+00 |  0.000000E+00 |  0.0352459176 |         ideal
mean B0=94.1226 homogen=23831.0581
mean B0=92.489 homogen=15748.551
mean B0=77.0305 homogen=10188.0411
mean B0=93.1988 homogen=27243.8134
mean B0=95.9199 homogen=28377.8492
mean B0=78.9711 homogen=22109.3035
mean B0=70.6421 homogen=8386.5728
mean B0=91.676 homogen=22590.4887
mean B0=91.9643 homogen=26954.4208
mean B0=96.7387 homogen=45522.3947
mean B0=93.5687 homogen=28827.7664
mean B0=64.7271 homogen=147481.9023
mean B0=88.0414 homogen=10716.5193
mean B0=96.1676 homogen=34422.7533
mean B0=90.3709 homogen=20480.385
mean B0=89.6417 homogen=21150.9711
mean B0=72.3463 homogen=271820.8582
mean B0=65.1992 homogen=92233.215
mean B0=91.8085 homogen=11835.2604
mean B0=91.1664 homogen=27424.6977
mean B0=90.318 homogen=13880.3449
mean B0=70.4438 homogen=32897.0002
mean B0=88.3691 homogen=17696.0067
mean B0=93.0634 homogen=26745.715
mean B0=92.1573 homogen=14757.8328
mean B0=88.736 homogen=28904.7475
mean B0=99.81 homogen=35349.6592
mean B0=89.128 homogen=19562.8338
mean B0=88.1139 homogen=15757.3838
mean B0=77.2457 homogen=9505.2773
mean B0=87.3637 homogen=13225.5363
mean B0=83.8163 homogen=27473.5758
mean B0=92.9606 homogen=27390.5667
mean B0=92.6162 homogen=21987.3618
mean B0=92.8332 homogen=23464.7038
mean B0=90.2713 homogen=32640.5789
mean B0=79.6397 homogen=17174.6478
mean B0=86.9092 homogen=33066.1229
mean B0=72.8755 homogen=153807.2595
mean B0=95.2064 homogen=27967.3666
    31 |     1240 |     18 |  0.000000E+00 |  0.000000E+00 |  0.0327822950 |         ideal
mean B0=51.7832 homogen=111616.9401
mean B0=88.6086 homogen=16235.9848
mean B0=74.5905 homogen=27803.1805
mean B0=93.1276 homogen=23140.732
mean B0=73.4045 homogen=23188.9218
mean B0=93.8648 homogen=23416.6534
mean B0=64.5688 homogen=283776.5334
mean B0=97.6274 homogen=46432.4649
mean B0=92.8268 homogen=51122.7877
mean B0=98.0626 homogen=42508.3192
mean B0=76.3434 homogen=35536.404
mean B0=86.3567 homogen=10855.0374
mean B0=72.4185 homogen=16712.1817
mean B0=92.502 homogen=11780.9335
mean B0=88.1995 homogen=11344.1544
mean B0=97.682 homogen=38750.6954
mean B0=87.2253 homogen=13335.865
mean B0=88.1389 homogen=20711.8543
mean B0=92.6216 homogen=34940.6114
mean B0=84.6334 homogen=26630.4373
mean B0=95.8434 homogen=24355.3475
mean B0=91.4772 homogen=15991.7499
mean B0=94.6902 homogen=34994.0744
mean B0=92.847 homogen=23508.3041
mean B0=88.5635 homogen=21389.6925
mean B0=98.1372 homogen=41595.5556
mean B0=69.4634 homogen=264520.9877
mean B0=91.1033 homogen=38425.5125
mean B0=78.1867 homogen=51320.5015
mean B0=74.2346 homogen=19799.368
mean B0=81.8183 homogen=107787.8407
mean B0=94.0108 homogen=24217.0428
mean B0=76.3706 homogen=13485.9501
mean B0=92.2342 homogen=23127.8748
mean B0=96.7315 homogen=27844.5877
mean B0=91.9566 homogen=114068.9453
mean B0=92.7543 homogen=21827.1546
mean B0=88.6333 homogen=10764.0017
mean B0=87.6877 homogen=9735.7683
mean B0=90.1415 homogen=19298.2627
    32 |     1280 |     20 |  0.000000E+00 |  0.000000E+00 |  0.0077469286 |             f
mean B0=72.9497 homogen=23308.9089
mean B0=77.1462 homogen=9347.2612
mean B0=90.8545 homogen=19316.3029
mean B0=95.8251 homogen=24099.2505
mean B0=92.9753 homogen=22679.1342
mean B0=88.0749 homogen=10675.5928
mean B0=87.2042 homogen=14012.7102
mean B0=89.7236 homogen=32848.2073
mean B0=96.2236 homogen=56112.2453
mean B0=95.1066 homogen=20405.728
mean B0=77.7873 homogen=10084.2329
mean B0=89.7184 homogen=25413.3705
mean B0=93.8012 homogen=23301.7423
mean B0=92.8556 homogen=21775.981
mean B0=82.927 homogen=39269.3281
mean B0=92.7562 homogen=21650.6114
mean B0=100.1816 homogen=31750.1693
mean B0=85.9882 homogen=9979.8039
mean B0=61.6006 homogen=71405.5908
mean B0=87.6896 homogen=9753.6011
mean B0=96.469 homogen=58371.9746
mean B0=77.246 homogen=9510.2584
mean B0=86.4916 homogen=11713.8656
mean B0=76.6313 homogen=7606.0724
mean B0=88.2011 homogen=10179.5855
mean B0=86.1887 homogen=13503.0976
mean B0=92.1001 homogen=13543.1471
mean B0=92.9942 homogen=22863.7131
mean B0=72.4045 homogen=21926.89
mean B0=49.755 homogen=110035.1772
mean B0=87.7561 homogen=11539.1177
mean B0=77.3531 homogen=8331.2778
mean B0=96.4004 homogen=33641.5471
mean B0=92.7871 homogen=20864.8824
mean B0=93.8351 homogen=22643.0746
mean B0=95.928 homogen=34573.1601
mean B0=90.3529 homogen=16313.187
mean B0=97.8506 homogen=42735.3611
mean B0=75.3093 homogen=146713.8615
mean B0=92.7406 homogen=21757.5236
    33 |     1320 |     15 |  0.000000E+00 |  0.000000E+00 |  0.0157250739 |         ideal
mean B0=97.8242 homogen=27152.2693
mean B0=87.6952 homogen=11658.9019
mean B0=72.2985 homogen=12223.6762
mean B0=80.3413 homogen=10580.4061
mean B0=90.9351 homogen=23865.59
mean B0=87.3867 homogen=24735.1566
mean B0=85.95 homogen=24444.4819
mean B0=95.8029 homogen=24578.9312
mean B0=94.0171 homogen=23948.8301
mean B0=88.2249 homogen=14368.9466
mean B0=87.2634 homogen=14831.8664
mean B0=92.8084 homogen=16520.7385
mean B0=92.8981 homogen=21809.761
mean B0=92.238 homogen=26381.0494
mean B0=88.7502 homogen=10833.1195
mean B0=74.2042 homogen=134039.9147
mean B0=86.7073 homogen=34422.7527
mean B0=96.899 homogen=37942.3523
mean B0=93.2187 homogen=29475.3258
mean B0=89.9667 homogen=22669.3142
mean B0=79.3078 homogen=21403.6163
mean B0=78.6111 homogen=31184.2002
mean B0=77.0207 homogen=8239.6875
mean B0=95.2233 homogen=29688.9473
mean B0=73.9759 homogen=19072.3789
mean B0=76.6648 homogen=8382.4215
mean B0=98.1974 homogen=39454.2501
mean B0=96.7791 homogen=27661.0326
mean B0=92.3133 homogen=21379.3404
mean B0=77.6189 homogen=9744.0066
mean B0=73.8035 homogen=15749.0499
mean B0=92.4394 homogen=14842.3924
mean B0=92.8572 homogen=21776.0345
mean B0=88.7851 homogen=10734.8312
mean B0=93.9399 homogen=24126.8498
mean B0=92.0937 homogen=19935.4653
mean B0=76.5141 homogen=11548.6547
mean B0=94.7316 homogen=28407.1772
mean B0=88.496 homogen=67583.8517
mean B0=91.291 homogen=13093.8184
    34 |     1360 |     18 |  0.000000E+00 |  0.000000E+00 |  0.0141409223 |             f
mean B0=97.9766 homogen=26678.0811
mean B0=96.6317 homogen=35393.5018
mean B0=87.5341 homogen=10583.3294
mean B0=85.4049 homogen=11710.12
mean B0=99.7525 homogen=36163.3548
mean B0=99.9976 homogen=32404.5952
mean B0=93.0807 homogen=23045.0048
mean B0=81.5782 homogen=135976.6385
mean B0=71.4693 homogen=16300.9591
mean B0=75.1985 homogen=31112.5335
mean B0=70.6279 homogen=27342.5855
mean B0=95.725 homogen=25169.2684
mean B0=72.2972 homogen=78274.6075
mean B0=70.9415 homogen=17734.563
mean B0=92.1748 homogen=14761.6875
mean B0=92.0584 homogen=17352.3665
mean B0=94.9812 homogen=24535.6738
mean B0=76.8514 homogen=8799.104
mean B0=92.9555 homogen=26222.7917
mean B0=92.0261 homogen=14868.6002
mean B0=88.6531 homogen=11023.7293
mean B0=89.4364 homogen=25730.5748
mean B0=88.3219 homogen=10580.8859
mean B0=97.7301 homogen=26138.6056
mean B0=87.4659 homogen=10359.7786
mean B0=96.0591 homogen=23229.2772
mean B0=93.3296 homogen=21737.3259
mean B0=90.8393 homogen=14963.1865
mean B0=92.3968 homogen=15620.2531
mean B0=86.8831 homogen=27555.7917
mean B0=90.9608 homogen=15059.5886
mean B0=95.953 homogen=22680.9514
mean B0=50.9158 homogen=111542.275
mean B0=94.0748 homogen=32691.1545
mean B0=85.984 homogen=9947.3667
mean B0=97.2653 homogen=28741.8664
mean B0=96.8657 homogen=43829.9676
mean B0=88.3647 homogen=12222.1363
mean B0=77.8186 homogen=10309.0641
mean B0=88.8423 homogen=13010.4022
    35 |     1400 |     19 |  0.000000E+00 |  0.000000E+00 |  0.0092746109 |             f
mean B0=85.841 homogen=9624.4541
mean B0=84.2836 homogen=7718.015
mean B0=90.7565 homogen=59891.9931
mean B0=96.45 homogen=23390.633
mean B0=93.3842 homogen=24456.8837
mean B0=93.4817 homogen=21551.3705
mean B0=91.8293 homogen=11224.3297
mean B0=74.8616 homogen=26360.2408
mean B0=77.1041 homogen=9948.8483
mean B0=96.0591 homogen=23229.2772
mean B0=91.2725 homogen=9464.5432
mean B0=71.504 homogen=7450.2901
mean B0=76.0502 homogen=29257.1768
mean B0=82.9235 homogen=22568.8601
mean B0=78.4852 homogen=17137.5752
mean B0=72.1242 homogen=65183.874
mean B0=89.8493 homogen=46694.4786
mean B0=91.0206 homogen=17672.1295
mean B0=88.6493 homogen=10622.422
mean B0=97.0319 homogen=20043.1267
mean B0=85.4237 homogen=11947.598
mean B0=87.2381 homogen=11070.4045
mean B0=80.7759 homogen=33895.6261
mean B0=93.2315 homogen=24624.3082
mean B0=92.0507 homogen=28386.3743
mean B0=88.4565 homogen=12240.4897
mean B0=92.5292 homogen=22110.6341
mean B0=90.4474 homogen=41398.0756
mean B0=79.6164 homogen=13968.4955
mean B0=92.4861 homogen=11845.3457
mean B0=91.9571 homogen=12525.1524
mean B0=82.6651 homogen=36498.7177
mean B0=100.1856 homogen=31719.8156
mean B0=93.6381 homogen=20456.9926
mean B0=80.7739 homogen=34413.7557
mean B0=95.0802 homogen=19499.0774
mean B0=79.2334 homogen=50842.9079
mean B0=89.6649 homogen=10552.8515
mean B0=95.682 homogen=36178.3209
mean B0=86.5733 homogen=17391.9191
    36 |     1440 |     13 |  0.000000E+00 |  0.000000E+00 |  0.0054470506 |         ideal
mean B0=91.9705 homogen=16985.266
mean B0=85.8375 homogen=9518.5586
mean B0=77.4558 homogen=11916.1311
mean B0=98.0171 homogen=24831.0955
mean B0=91.0917 homogen=9860.2342
mean B0=96.4314 homogen=36173.7035
mean B0=92.2962 homogen=11326.2802
mean B0=70.5614 homogen=8712.994
mean B0=100.382 homogen=28153.8306
mean B0=92.0648 homogen=14604.826
mean B0=93.2742 homogen=13334.9478
mean B0=85.4069 homogen=37637.6678
mean B0=95.2869 homogen=30125.4366
mean B0=75.2375 homogen=16264.7927
mean B0=86.6669 homogen=10632.1649
mean B0=86.3417 homogen=10610.1184
mean B0=97.2948 homogen=22363.4246
mean B0=60.0058 homogen=214924.1267
mean B0=74.9999 homogen=23188.314
mean B0=89.1617 homogen=13165.1402
mean B0=76.7631 homogen=10240.2051
mean B0=94.4131 homogen=19614.2833
mean B0=91.5767 homogen=36114.8642
mean B0=99.6411 homogen=35168.9118
mean B0=98.0664 homogen=25938.0392
mean B0=91.1666 homogen=26811.7959
mean B0=87.8099 homogen=10079.1351
mean B0=77.6354 homogen=10684.3796
mean B0=95.0592 homogen=21958.827
mean B0=96.3414 homogen=25334.0023
mean B0=94.9351 homogen=28496.3158
mean B0=75.5026 homogen=22575.3732
mean B0=91.815 homogen=24527.1139
mean B0=95.9917 homogen=23524.9197
mean B0=81.7542 homogen=19180.7521
mean B0=97.1521 homogen=27971.7894
mean B0=95.3695 homogen=29227.3706
mean B0=77.246 homogen=9510.2584
mean B0=87.9397 homogen=34229.8206
mean B0=86.142 homogen=13661.3998
    37 |     1480 |     15 |  0.000000E+00 |  0.000000E+00 |  0.0068001001 |         ideal
mean B0=83.4632 homogen=61193.7908
mean B0=92.1203 homogen=16147.9008
mean B0=86.4605 homogen=24319.6844
mean B0=89.8251 homogen=22333.9526
mean B0=97.9423 homogen=26484.5841
mean B0=90.4357 homogen=11840.7058
mean B0=91.086 homogen=9872.9517
mean B0=86.4578 homogen=17444.8762
mean B0=93.2253 homogen=24317.8925
mean B0=76.1076 homogen=9884.1477
mean B0=95.5929 homogen=21990.3039
mean B0=83.3933 homogen=59993.1747
mean B0=71.5563 homogen=57684.5652
mean B0=93.351 homogen=26727.1796
mean B0=88.3132 homogen=10044.1894
mean B0=51.2703 homogen=115050.3683
mean B0=94.0104 homogen=19841.1563
mean B0=93.9232 homogen=31323.0438
mean B0=74.9866 homogen=147554.4458
mean B0=96.2354 homogen=23074.5327
mean B0=83.1013 homogen=10800.3173
mean B0=92.4103 homogen=14153.7702
mean B0=79.2175 homogen=17360.908
mean B0=73.9778 homogen=19752.7994
mean B0=98.9571 homogen=26205.4909
mean B0=95.436 homogen=33870.996
mean B0=91.2787 homogen=9451.3066
mean B0=91.7082 homogen=16160.8558
mean B0=95.1616 homogen=26358.6937
mean B0=98.4276 homogen=27458.9639
mean B0=92.2139 homogen=13061.2298
mean B0=66.0284 homogen=140996.0529
mean B0=98.1245 homogen=19890.2483
mean B0=94.5639 homogen=29588.0978
mean B0=92.6964 homogen=22123.1067
mean B0=62.8517 homogen=176186.728
mean B0=94.1567 homogen=23302.9232
mean B0=96.3836 homogen=25280.9172
mean B0=85.8833 homogen=9635.6635
mean B0=92.1022 homogen=25026.6721
    38 |     1520 |     13 |  0.000000E+00 |  0.000000E+00 |  0.0055896086 |             f
mean B0=92.077 homogen=12314.2905
mean B0=91.7588 homogen=11408.8316
mean B0=92.555 homogen=12028.3762
mean B0=92.2962 homogen=11326.2802
mean B0=91.3536 homogen=11015.6608
mean B0=92.7386 homogen=19202.6764
mean B0=89.2296 homogen=10899.4612
mean B0=58.2598 homogen=185058.5553
mean B0=81.7844 homogen=9581.3187
mean B0=97.1681 homogen=18482.8353
mean B0=98.6854 homogen=19791.0632
mean B0=79.076 homogen=27393.9162
mean B0=93.3285 homogen=13370.3267
mean B0=90.3181 homogen=33908.3736
mean B0=91.2061 homogen=9259.3461
mean B0=97.4974 homogen=22498.3317
mean B0=80.9642 homogen=32030.2638
mean B0=84.0528 homogen=30395.1274
mean B0=72.0968 homogen=11134.6374
mean B0=97.8234 homogen=27549.2551
mean B0=98.9025 homogen=50395.4991
mean B0=91.2247 homogen=9680.6524
mean B0=97.9472 homogen=25995.3498
mean B0=80.6866 homogen=19438.0275
mean B0=93.3938 homogen=12932.9853
mean B0=89.5972 homogen=19618.043
mean B0=94.1702 homogen=30785.8833
mean B0=73.6452 homogen=220665.5175
mean B0=91.2804 homogen=32514.7145
mean B0=99.4759 homogen=38985.8402
mean B0=92.119 homogen=13078.7949
mean B0=92.0322 homogen=31960.0978
mean B0=92.3475 homogen=14193.4999
mean B0=93.1606 homogen=17732.3949
mean B0=92.5615 homogen=12054.8996
mean B0=84.3805 homogen=14268.0381
mean B0=92.2408 homogen=27583.9461
mean B0=77.5318 homogen=11551.0992
mean B0=75.798 homogen=9510.8363
mean B0=93.8266 homogen=20959.5231
    39 |     1560 |     18 |  0.000000E+00 |  0.000000E+00 |  0.0094376752 |             f
mean B0=95.0163 homogen=19939.1364
mean B0=73.7028 homogen=17984.9776
mean B0=92.3268 homogen=11289.3732
mean B0=85.7541 homogen=9694.4045
mean B0=91.2048 homogen=63128.5581
mean B0=92.2091 homogen=13306.8097
mean B0=98.5951 homogen=23965.3333
mean B0=100.9966 homogen=27122.4767
mean B0=89.9411 homogen=8804.3044
mean B0=93.9583 homogen=15080.3587
mean B0=98.8619 homogen=34909.7471
mean B0=93.4286 homogen=15365.7088
mean B0=91.8603 homogen=10849.6545
mean B0=78.1233 homogen=10482.2058
mean B0=91.201 homogen=15976.0098
mean B0=85.2237 homogen=19960.637
mean B0=87.1915 homogen=127945.3786
mean B0=92.6852 homogen=13534.8758
mean B0=97.6635 homogen=27165.2849
mean B0=90.868 homogen=8883.6808
mean B0=92.1738 homogen=14237.7063
mean B0=91.8754 homogen=14329.339
mean B0=91.1785 homogen=9723.2573
mean B0=93.373 homogen=13058.2396
mean B0=82.5341 homogen=23656.386
mean B0=92.826 homogen=11508.1255
mean B0=96.1258 homogen=23023.4203
mean B0=77.9817 homogen=169161.0086
mean B0=85.6822 homogen=6987.1247
mean B0=73.7207 homogen=16394.2898
mean B0=77.638 homogen=13377.6703
mean B0=97.7939 homogen=37774.772
mean B0=92.7687 homogen=12012.1964
mean B0=89.8622 homogen=20837.1171
mean B0=98.3908 homogen=27286.6287
mean B0=75.9099 homogen=7162.0332
mean B0=74.6257 homogen=27245.236
mean B0=100.5785 homogen=30749.5956
mean B0=93.8613 homogen=13281.3104
mean B0=92.7483 homogen=13590.5167
    40 |     1600 |     15 |  0.000000E+00 |  0.000000E+00 |  0.0401289104 |         ideal
mean B0=92.9988 homogen=14292.0345
mean B0=89.3498 homogen=40173.726
mean B0=97.8744 homogen=40916.8004
mean B0=89.4634 homogen=8269.8354
mean B0=93.3089 homogen=14005.0599
mean B0=93.097 homogen=19566.3633
mean B0=88.5282 homogen=11008.1185
mean B0=92.7967 homogen=11985.9178
mean B0=94.8987 homogen=49201.0225
mean B0=91.1447 homogen=11416.6656
mean B0=99.1408 homogen=22479.9216
mean B0=95.8569 homogen=18918.9711
mean B0=94.2579 homogen=13201.8262
mean B0=76.6313 homogen=7606.0724
mean B0=90.6225 homogen=15121.0979
mean B0=93.1917 homogen=11984.4891
mean B0=92.8118 homogen=19799.0633
mean B0=92.1592 homogen=11460.0894
mean B0=84.6973 homogen=31354.2759
mean B0=90.0338 homogen=11412.0301
mean B0=71.5922 homogen=7489.4249
mean B0=88.9227 homogen=19814.1002
mean B0=98.8372 homogen=38859.826
mean B0=90.6991 homogen=17787.0391
mean B0=98.7289 homogen=35404.5484
mean B0=79.1571 homogen=129657.2891
mean B0=91.8813 homogen=10454.5272
mean B0=99.7151 homogen=30747.1728
mean B0=78.3359 homogen=12720.0239
mean B0=85.813 homogen=10990.0108
mean B0=94.5141 homogen=19727.3832
mean B0=95.5625 homogen=26557.9249
mean B0=100.3631 homogen=32214.4355
mean B0=73.5784 homogen=64426.3005
mean B0=86.3197 homogen=14309.9545
mean B0=91.9823 homogen=12391.0028
mean B0=73.9556 homogen=21267.3598
mean B0=91.347 homogen=9088.2841
mean B0=79.0698 homogen=22100.8418
mean B0=93.7118 homogen=11074.335
    41 |     1640 |     12 |  0.000000E+00 |  0.000000E+00 |  0.0248236457 |             f
mean B0=96.7661 homogen=19619.64
mean B0=86.4165 homogen=9208.6657
mean B0=86.1975 homogen=14927.5728
mean B0=79.3035 homogen=22117.0375
mean B0=95.0779 homogen=25769.2042
mean B0=72.8709 homogen=11748.1869
mean B0=91.7069 homogen=14187.3669
mean B0=98.0717 homogen=25913.0065
mean B0=94.1057 homogen=12822.8312
mean B0=88.6774 homogen=22191.0924
mean B0=96.0063 homogen=26790.7228
mean B0=96.2545 homogen=27206.9007
mean B0=94.4434 homogen=30633.452
mean B0=90.6322 homogen=11840.9558
mean B0=93.1126 homogen=13857.4741
mean B0=90.1576 homogen=23796.557
mean B0=91.4369 homogen=12303.6913
mean B0=77.673 homogen=47638.888
mean B0=92.9987 homogen=11458.5661
mean B0=96.9602 homogen=19301.5349
mean B0=79.4912 homogen=30238.0185
mean B0=72.3777 homogen=29788.8522
mean B0=91.0096 homogen=21685.1439
mean B0=89.3028 homogen=5374.7376
mean B0=98.617 homogen=23621.6455
mean B0=90.0628 homogen=10262.3367
mean B0=76.6846 homogen=182629.9553
mean B0=100.9909 homogen=27134.8154
mean B0=99.3697 homogen=23070.6206
mean B0=93.9484 homogen=103904.1849
mean B0=91.8578 homogen=14349.3385
mean B0=79.3383 homogen=7868.5464
mean B0=94.2679 homogen=18520.3819
mean B0=77.2555 homogen=8730.1087
mean B0=92.7568 homogen=13913.1316
mean B0=98.1533 homogen=38441.2825
mean B0=83.9033 homogen=156238.019
mean B0=90.2402 homogen=45890.386
mean B0=93.6792 homogen=11155.5553
mean B0=100.7806 homogen=26459.6123
    42 |     1680 |     15 |  0.000000E+00 |  0.000000E+00 |  0.0741404489 |         ideal
mean B0=85.8054 homogen=9586.1522
mean B0=97.494 homogen=42431.7919
mean B0=99.6813 homogen=22341.0135
mean B0=90.7909 homogen=9054.1994
mean B0=80.4575 homogen=28523.514
mean B0=92.8962 homogen=12588.1526
mean B0=93.7546 homogen=24209.4475
mean B0=95.0938 homogen=28190.8176
mean B0=76.9017 homogen=11842.0066
mean B0=91.3589 homogen=107917.3623
mean B0=82.7435 homogen=178991.6529
mean B0=88.8135 homogen=11510.0209
mean B0=98.9845 homogen=25985.9907
mean B0=76.9926 homogen=9832.2862
mean B0=90.9745 homogen=11925.9021
mean B0=96.9688 homogen=25234.8097
mean B0=92.9564 homogen=16652.373
mean B0=89.4672 homogen=11408.3934
mean B0=100.8169 homogen=27623.3147
mean B0=92.3084 homogen=11021.7304
mean B0=91.9163 homogen=14367.6949
mean B0=99.3356 homogen=24386.7187
mean B0=96.8647 homogen=19184.7029
mean B0=94.0357 homogen=14499.6325
mean B0=92.7499 homogen=14078.9489
mean B0=91.0016 homogen=10757.1154
mean B0=93.7171 homogen=31946.1318
mean B0=94.7343 homogen=18452.9677
mean B0=89.0021 homogen=21283.3601
mean B0=94.8855 homogen=21674.9806
mean B0=98.8406 homogen=21774.4313
mean B0=96.9659 homogen=23434.6081
mean B0=91.7756 homogen=79716.3866
mean B0=97.413 homogen=23128.522
mean B0=94.2314 homogen=10334.3267
mean B0=97.4171 homogen=29854.6513
mean B0=91.2719 homogen=9677.3964
mean B0=90.2351 homogen=11372.0202
mean B0=97.2066 homogen=19814.4229
mean B0=88.3277 homogen=12346.1276
    43 |     1720 |     14 |  0.000000E+00 |  0.000000E+00 |  0.0248797270 |             f
mean B0=99.4901 homogen=22943.0799
mean B0=90.8317 homogen=22844.9792
mean B0=95.4857 homogen=14695.4849
mean B0=67.4588 homogen=266939.3005
mean B0=99.4457 homogen=23185.0247
mean B0=93.5305 homogen=11409.0757
mean B0=78.086 homogen=141480.2625
mean B0=97.8366 homogen=23730.8067
mean B0=97.0575 homogen=18473.6743
mean B0=101.0963 homogen=26782.8182
mean B0=91.2449 homogen=9552.1338
mean B0=91.395 homogen=8049.0032
mean B0=98.348 homogen=25513.9452
mean B0=94.0727 homogen=11009.9145
mean B0=86.4617 homogen=8727.5812
mean B0=88.5929 homogen=16893.4161
mean B0=98.9185 homogen=21461.537
mean B0=99.6098 homogen=28006.3569
mean B0=89.7297 homogen=3915.5339
mean B0=91.0522 homogen=10085.626
mean B0=82.1732 homogen=28719.2671
mean B0=91.0767 homogen=9406.5543
mean B0=76.4532 homogen=211513.7077
mean B0=93.2196 homogen=22245.0651
mean B0=90.7285 homogen=9231.8667
mean B0=73.9291 homogen=16279.7375
mean B0=90.5642 homogen=84903.7733
mean B0=95.3432 homogen=15933.1098
mean B0=98.0123 homogen=19211.595
mean B0=100.5008 homogen=27295.2806
mean B0=83.3345 homogen=13144.3872
mean B0=93.0522 homogen=17548.7524
mean B0=93.0486 homogen=16456.8828
mean B0=91.2921 homogen=12416.706
mean B0=96.7071 homogen=18781.0393
mean B0=87.7358 homogen=20922.2107
mean B0=98.6907 homogen=19811.9505
mean B0=98.2943 homogen=20409.4637
mean B0=76.5347 homogen=8020.9864
mean B0=84.5106 homogen=8999.1481
    44 |     1760 |     14 |  0.000000E+00 |  0.000000E+00 |  0.0638118471 |         ideal
mean B0=89.9015 homogen=4327.3092
mean B0=97.432 homogen=14821.5934
mean B0=99.8249 homogen=22748.3976
mean B0=88.759 homogen=13037.5127
mean B0=63.2184 homogen=66928.8684
mean B0=92.2653 homogen=10799.3478
mean B0=93.9421 homogen=11797.6519
mean B0=89.5187 homogen=7947.2623
mean B0=83.3423 homogen=30492.2519
mean B0=92.0071 homogen=18409.1952
mean B0=99.0404 homogen=22626.0377
mean B0=92.0173 homogen=15421.632
mean B0=99.48 homogen=33582.0759
mean B0=86.3487 homogen=10439.0009
mean B0=93.0451 homogen=19128.4083
mean B0=98.4809 homogen=20249.7301
mean B0=101.0087 homogen=27039.3677
mean B0=94.1057 homogen=12822.8312
mean B0=73.0802 homogen=148120.7363
mean B0=59.8719 homogen=100267.6191
mean B0=98.8161 homogen=21743.7444
mean B0=100.8583 homogen=31014.7241
mean B0=93.9904 homogen=10600.0759
mean B0=90.8719 homogen=8803.6286
mean B0=93.6662 homogen=12041.2519
mean B0=100.6369 homogen=26591.4708
mean B0=94.4224 homogen=24140.4485
mean B0=97.9436 homogen=19073.6684
mean B0=97.1407 homogen=16405.1716
mean B0=96.0795 homogen=29245.8328
mean B0=96.8211 homogen=19066.2341
mean B0=93.6513 homogen=10953.2502
mean B0=97.4673 homogen=18101.7485
mean B0=96.8825 homogen=18701.837
mean B0=101.0886 homogen=24352.6765
mean B0=87.8747 homogen=24381.4278
mean B0=97.1965 homogen=19730.2834
mean B0=95.2897 homogen=16165.4371
mean B0=98.5168 homogen=20093.0483
mean B0=95.4579 homogen=17081.0354
    45 |     1800 |     17 |  0.000000E+00 |  0.000000E+00 |  0.0201682496 |             f
mean B0=96.9082 homogen=17121.4967
mean B0=90.2317 homogen=10924.3453
mean B0=89.4011 homogen=5492.8781
mean B0=60.8526 homogen=111320.5557
mean B0=101.1896 homogen=24765.8826
mean B0=84.4058 homogen=148490.8762
mean B0=97.6806 homogen=19983.5042
mean B0=94.6784 homogen=13071.6857
mean B0=83.1213 homogen=135723.0198
mean B0=100.8602 homogen=26114.7646
mean B0=90.6127 homogen=15891.8936
mean B0=94.824 homogen=18997.3061
mean B0=92.397 homogen=6278.2093
mean B0=99.3013 homogen=20673.3575
mean B0=69.7895 homogen=61582.3184
mean B0=89.8717 homogen=5644.4745
mean B0=97.1214 homogen=19773.6968
mean B0=94.6057 homogen=26991.5062
mean B0=100.0595 homogen=20443.9984
mean B0=97.8848 homogen=26209.8217
mean B0=96.6017 homogen=18575.7802
mean B0=98.8878 homogen=20646.7313
mean B0=89.0924 homogen=8940.8509
mean B0=98.8306 homogen=18015.6002
mean B0=97.8476 homogen=19547.0518
mean B0=99.5318 homogen=22019.2409
mean B0=98.3199 homogen=19592.5247
mean B0=96.8468 homogen=20871.7895
mean B0=96.9404 homogen=15505.3393
mean B0=98.6102 homogen=20088.3917
mean B0=91.1563 homogen=9633.3268
mean B0=98.6333 homogen=23269.4751
mean B0=95.9363 homogen=16392.6885
mean B0=97.6183 homogen=19282.0896
mean B0=93.9889 homogen=14545.9267
mean B0=93.7906 homogen=14522.5115
mean B0=94.1191 homogen=13041.2106
mean B0=97.5872 homogen=30805.1343
mean B0=98.1149 homogen=22460.6773
mean B0=96.6154 homogen=24387.2757
    46 |     1840 |     11 |  0.000000E+00 |  0.000000E+00 |  0.0081343415 |         ideal
mean B0=94.3382 homogen=19930.6385
mean B0=97.6298 homogen=18146.844
mean B0=100.8771 homogen=26029.4416
mean B0=94.3585 homogen=11199.2923
mean B0=98.3606 homogen=19402.0058
mean B0=89.6656 homogen=3684.1072
mean B0=90.1359 homogen=7387.846
mean B0=96.2255 homogen=21490.2618
mean B0=94.0273 homogen=19935.3986
mean B0=99.7554 homogen=22434.1011
mean B0=97.6962 homogen=17439.1449
mean B0=69.3317 homogen=268732.0498
mean B0=98.6827 homogen=19785.2402
mean B0=91.7166 homogen=12630.8917
mean B0=93.4234 homogen=15473.3215
mean B0=97.6074 homogen=18935.4254
mean B0=93.0959 homogen=34330.4886
mean B0=98.8392 homogen=20799.9505
mean B0=101.0933 homogen=26785.7148
mean B0=95.7789 homogen=16545.5802
mean B0=97.2382 homogen=15569.7441
mean B0=93.405 homogen=12936.639
mean B0=93.9582 homogen=103178.9294
mean B0=94.5764 homogen=14060.9201
mean B0=101.3809 homogen=23918.0259
mean B0=78.0935 homogen=139617.6894
mean B0=92.4806 homogen=11820.8126
mean B0=96.2828 homogen=17375.3515
mean B0=96.9899 homogen=31032.9183
mean B0=98.0307 homogen=19446.2148
mean B0=97.3222 homogen=31366.1543
mean B0=91.7131 homogen=11352.8348
mean B0=89.8764 homogen=5670.5914
mean B0=99.7207 homogen=24727.7745
mean B0=72.6411 homogen=67237.218
mean B0=98.1184 homogen=19872.3581
mean B0=94.1549 homogen=11847.764
mean B0=97.9643 homogen=19511.9403
mean B0=100.014 homogen=20688.0265
mean B0=95.7718 homogen=19272.8568
    47 |     1880 |     13 |  0.000000E+00 |  0.000000E+00 |  0.0163308442 |         ideal
mean B0=91.5334 homogen=11732.7101
mean B0=90.8191 homogen=21214.2318
mean B0=78.0881 homogen=241136.1644
mean B0=89.8708 homogen=4313.6327
mean B0=96.9404 homogen=15505.3393
mean B0=98.888 homogen=19252.75
mean B0=96.1592 homogen=14236.3526
mean B0=92.1307 homogen=15592.352
mean B0=94.0298 homogen=10724.6867
mean B0=101.0432 homogen=24296.991
mean B0=97.2197 homogen=15541.2283
mean B0=99.894 homogen=22374.6073
mean B0=80.2983 homogen=21802.1833
mean B0=97.8816 homogen=19857.063
mean B0=97.9482 homogen=20024.5083
mean B0=89.2501 homogen=5129.4373
mean B0=89.9869 homogen=4225.9906
mean B0=93.7752 homogen=11781.0202
mean B0=96.1617 homogen=19818.3519
mean B0=99.1077 homogen=18397.248
mean B0=93.664 homogen=18687.4239
mean B0=93.9808 homogen=10463.2308
mean B0=98.3606 homogen=19402.0058
mean B0=101.2286 homogen=24759.8677
mean B0=100.0595 homogen=20443.9984
mean B0=91.3989 homogen=9418.9032
mean B0=97.1156 homogen=25151.4865
mean B0=83.0083 homogen=43415.952
mean B0=90.172 homogen=6802.2795
mean B0=94.3627 homogen=13607.7915
mean B0=90.0716 homogen=21355.3759
mean B0=98.7111 homogen=19596.5816
mean B0=96.4414 homogen=16974.6722
mean B0=89.8265 homogen=3729.1518
mean B0=93.5387 homogen=10749.1644
mean B0=92.4999 homogen=6306.7487
mean B0=93.529 homogen=14522.9698
mean B0=67.6688 homogen=64626.9692
mean B0=99.197 homogen=20933.9221
mean B0=92.581 homogen=12123.0908
    48 |     1920 |     16 |  0.000000E+00 |  0.000000E+00 |  0.0076360072 |             f
mean B0=99.8827 homogen=21305.0214
mean B0=93.9825 homogen=10664.22
mean B0=96.9721 homogen=21749.0124
mean B0=82.7061 homogen=35270.4737
mean B0=98.5624 homogen=21285.5539
mean B0=93.7359 homogen=13428.9542
mean B0=95.9818 homogen=14996.539
mean B0=98.6248 homogen=21437.1085
mean B0=94.8503 homogen=19624.1812
mean B0=97.5706 homogen=18386.8688
mean B0=88.8881 homogen=68026.0963
mean B0=96.8843 homogen=20433.562
mean B0=94.7753 homogen=25103.4069
mean B0=85.3594 homogen=121675.0293
mean B0=77.9294 homogen=27451.8391
mean B0=98.8138 homogen=17905.1019
mean B0=97.2403 homogen=15563.2711
mean B0=98.5743 homogen=18678.6717
mean B0=89.9015 homogen=4327.3092
mean B0=94.1817 homogen=11288.4308
mean B0=101.5393 homogen=24881.9617
mean B0=94.2739 homogen=12853.0086
mean B0=94.5263 homogen=14086.6939
mean B0=95.522 homogen=14590.2118
mean B0=95.7201 homogen=12197.7203
mean B0=90.2226 homogen=6039.8822
mean B0=99.3919 homogen=33125.1664
mean B0=91.5553 homogen=7625.0148
mean B0=94.7147 homogen=11567.4828
mean B0=89.5414 homogen=5290.8543
mean B0=97.6382 homogen=19074.7799
mean B0=91.2226 homogen=10156.7891
mean B0=93.8272 homogen=21320.1045
mean B0=95.9203 homogen=13038.6887
mean B0=92.3262 homogen=6810.8322
mean B0=98.947 homogen=26762.1196
mean B0=96.9381 homogen=15513.1165
mean B0=98.4538 homogen=19023.9086
mean B0=89.7297 homogen=3915.5339
mean B0=94.7851 homogen=14602.03
    49 |     1960 |     21 |  0.000000E+00 |  0.000000E+00 |  0.0133377661 |         ideal
mean B0=95.1834 homogen=12093.2268
mean B0=66.6595 homogen=70062.037
mean B0=97.0011 homogen=15255.2765
mean B0=93.379 homogen=27979.272
mean B0=99.4305 homogen=19445.0395
mean B0=83.8511 homogen=163975.9778
mean B0=93.4555 homogen=16193.4647
mean B0=95.8039 homogen=15818.4568
mean B0=95.0374 homogen=15527.6155
mean B0=95.5135 homogen=15305.3412
mean B0=92.2631 homogen=20168.8274
mean B0=99.9348 homogen=21173.0422
mean B0=93.9896 homogen=11964.3967
mean B0=88.2851 homogen=21560.3493
mean B0=96.5432 homogen=22407.4675
mean B0=91.9367 homogen=5656.6463
mean B0=80.7625 homogen=134807.7006
mean B0=93.8131 homogen=11464.3045
mean B0=100.0896 homogen=20493.2932
mean B0=101.1701 homogen=24798.4872
mean B0=101.078 homogen=24455.4078
mean B0=96.23 homogen=30195.1895
mean B0=67.5859 homogen=67478.0772
mean B0=93.7445 homogen=26074.3182
mean B0=99.2265 homogen=18587.3714
mean B0=89.499 homogen=4223.8103
mean B0=98.8612 homogen=19249.6385
mean B0=101.8049 homogen=25904.2791
mean B0=90.5041 homogen=4286.1962
mean B0=94.6777 homogen=13180.8817
mean B0=95.1275 homogen=24143.895
mean B0=73.5635 homogen=63407.1701
mean B0=92.2745 homogen=27105.506
mean B0=92.7185 homogen=10752.6832
mean B0=99.9248 homogen=19850.0754
mean B0=89.1432 homogen=11330.6287
mean B0=90.3291 homogen=4839.1826
mean B0=95.7269 homogen=32008.5393
mean B0=96.4265 homogen=14755.7749
mean B0=101.1017 homogen=24259.6571
    50 |     2000 |     29 |  0.000000E+00 |  0.000000E+00 |  0.0218856146 |         ideal
mean B0=92.611 homogen=6169.8821
mean B0=98.9641 homogen=35237.004
mean B0=97.1916 homogen=18662.9846
mean B0=91.9885 homogen=5521.6895
mean B0=90.0674 homogen=12391.3201
mean B0=99.1527 homogen=19218.7755
mean B0=95.0835 homogen=11293.1823
mean B0=100.2337 homogen=20633.4461
mean B0=99.0981 homogen=21670.3904
mean B0=100.4505 homogen=20086.8542
mean B0=90.0147 homogen=4183.347
mean B0=90.7007 homogen=6980.534
mean B0=99.8626 homogen=20160.4731
mean B0=94.9808 homogen=26559.6553
mean B0=101.8491 homogen=25890.2775
mean B0=96.3441 homogen=15467.0282
mean B0=90.271 homogen=3806.1087
mean B0=93.8623 homogen=7721.703
mean B0=92.2078 homogen=14326.2168
mean B0=96.1446 homogen=16069.9969
mean B0=101.2278 homogen=24493.6904
mean B0=96.5286 homogen=18144.9308
mean B0=90.2227 homogen=4526.7517
mean B0=101.1016 homogen=24259.4791
mean B0=78.8829 homogen=28989.4543
mean B0=100.1676 homogen=20754.903
mean B0=99.539 homogen=20144.0046
mean B0=89.6592 homogen=3714.9257
mean B0=96.5798 homogen=16472.7502
mean B0=98.7221 homogen=20201.2346
mean B0=95.5568 homogen=14447.9381
mean B0=94.794 homogen=13802.1959
mean B0=93.9657 homogen=11365.3369
mean B0=93.3357 homogen=17074.8602
mean B0=99.1888 homogen=18650.2479
mean B0=94.1794 homogen=14277.4164
mean B0=100.2412 homogen=19924.9204
mean B0=94.5564 homogen=11594.701
mean B0=101.6666 homogen=22162.5885
mean B0=97.274 homogen=17282.6995
    51 |     2040 |     27 |  0.000000E+00 |  0.000000E+00 |  0.0036209200 |         ideal
mean B0=99.3292 homogen=22781.0255
mean B0=77.1392 homogen=240323.0866
mean B0=98.7406 homogen=18107.158
mean B0=91.5041 homogen=13594.3652
mean B0=98.8024 homogen=21342.4703
mean B0=94.5129 homogen=12009.541
mean B0=76.7386 homogen=58659.0593
mean B0=100.3062 homogen=35157.1204
mean B0=90.1579 homogen=61916.5924
mean B0=91.9651 homogen=16075.2668
mean B0=94.5421 homogen=12076.8182
mean B0=97.6167 homogen=27932.4191
mean B0=97.4475 homogen=13472.0597
mean B0=93.761 homogen=10726.1688
mean B0=97.3709 homogen=17859.6107
mean B0=90.271 homogen=3806.1087
mean B0=100.3761 homogen=23482.7155
mean B0=89.8719 homogen=4050.2637
mean B0=96.2697 homogen=12020.2758
mean B0=90.3715 homogen=3973.4153
mean B0=96.0815 homogen=17456.6173
mean B0=98.9003 homogen=21022.4859
mean B0=97.5405 homogen=18271.4185
mean B0=93.3125 homogen=9618.559
mean B0=96.5068 homogen=11621.4899
mean B0=100.1127 homogen=20107.046
mean B0=101.8488 homogen=25829.2252
mean B0=95.0314 homogen=17126.9537
mean B0=70.7854 homogen=63560.8448
mean B0=93.2353 homogen=14019.3578
mean B0=91.7072 homogen=7874.0466
mean B0=96.0691 homogen=12867.7049
mean B0=97.6626 homogen=27433.8973
mean B0=97.8939 homogen=17113.9362
mean B0=98.9016 homogen=15221.4378
mean B0=86.1371 homogen=69234.9603
mean B0=100.2355 homogen=19096.5529
mean B0=92.3257 homogen=6852.2228
mean B0=89.9946 homogen=6260.5582
mean B0=92.7909 homogen=6526.4507
    52 |     2080 |     24 |  0.000000E+00 |  0.000000E+00 |  0.0135201891 |             f
mean B0=78.7104 homogen=27974.1172
mean B0=97.3874 homogen=21190.5074
mean B0=98.2573 homogen=14440.5758
mean B0=101.7144 homogen=24890.3863
mean B0=100.9272 homogen=25316.451
mean B0=66.5238 homogen=63031.9227
mean B0=96.0333 homogen=26681.4119
mean B0=96.4251 homogen=11056.6212
mean B0=90.3141 homogen=3908.6655
mean B0=84.7501 homogen=70645.0677
mean B0=95.3387 homogen=30118.3007
mean B0=94.8447 homogen=13446.4023
mean B0=96.5206 homogen=14043.0415
mean B0=99.3628 homogen=32850.8333
mean B0=96.2805 homogen=12825.1643
mean B0=92.3506 homogen=5582.6645
mean B0=94.3263 homogen=13264.1592
mean B0=97.2118 homogen=19156.0504
mean B0=100.3582 homogen=19690.4965
mean B0=90.3291 homogen=4839.467
mean B0=92.3273 homogen=6886.4241
mean B0=90.6402 homogen=5369.77
mean B0=98.4426 homogen=18593.0494
mean B0=93.5489 homogen=9010.2287
mean B0=92.7688 homogen=11819.4103
mean B0=92.5866 homogen=6524.7981
mean B0=96.4271 homogen=12302.2297
mean B0=95.4282 homogen=11454.5116
mean B0=93.9328 homogen=10535.2895
mean B0=89.6657 homogen=3687.7278
mean B0=99.4901 homogen=18823.8135
mean B0=94.1757 homogen=12911.3351
mean B0=100.1291 homogen=21244.7724
mean B0=97.3409 homogen=13297.824
mean B0=93.9431 homogen=27768.3677
mean B0=89.9526 homogen=4095.8173
mean B0=100.644 homogen=20922.3158
mean B0=87.348 homogen=79438.1849
mean B0=101.7614 homogen=22537.2142
mean B0=101.8489 homogen=25828.1566
    53 |     2120 |     32 |  0.000000E+00 |  0.000000E+00 |  0.0089070515 |             f
mean B0=80.5473 homogen=26176.1997
mean B0=92.2129 homogen=6143.1931
mean B0=95.6182 homogen=17113.4613
mean B0=100.2463 homogen=25416.5674
mean B0=85.7551 homogen=21937.1818
mean B0=81.6042 homogen=152465.7983
mean B0=92.0874 homogen=12589.4005
mean B0=97.6318 homogen=19046.3423
mean B0=100.7843 homogen=21230.2675
mean B0=98.8138 homogen=17905.1019
mean B0=100.4289 homogen=20087.8646
mean B0=92.0001 homogen=5071.624
mean B0=89.7469 homogen=4247.4097
mean B0=98.8691 homogen=15887.6298
mean B0=91.9843 homogen=5529.7598
mean B0=94.0456 homogen=9556.8676
mean B0=98.6696 homogen=15387.3937
mean B0=100.7829 homogen=27782.839
mean B0=97.1222 homogen=15027.2206
mean B0=95.6215 homogen=24972.8834
mean B0=100.2373 homogen=19100.7301
mean B0=96.5087 homogen=10831.1684
mean B0=96.2367 homogen=34603.105
mean B0=91.8476 homogen=7402.8242
mean B0=100.1376 homogen=20159.8636
mean B0=97.0731 homogen=30453.0748
mean B0=97.2552 homogen=30421.9735
mean B0=87.9885 homogen=25649.8998
mean B0=92.2999 homogen=7499.1819
mean B0=100.6657 homogen=24040.5787
mean B0=97.2891 homogen=13902.6728
mean B0=91.2118 homogen=7467.6575
mean B0=90.2575 homogen=4532.998
mean B0=98.0591 homogen=19858.6111
mean B0=90.7729 homogen=22871.0068
mean B0=90.6002 homogen=4656.7219
mean B0=83.0868 homogen=14048.453
mean B0=98.6072 homogen=18927.6276
mean B0=101.8446 homogen=25835.7817
mean B0=95.9893 homogen=15871.6101
    54 |     2160 |     34 |  0.000000E+00 |  0.000000E+00 |  0.0031605369 |             f
mean B0=97.5236 homogen=14252.7684
mean B0=95.7001 homogen=17532.8281
mean B0=96.1578 homogen=15416.8867
mean B0=79.3366 homogen=27807.3963
mean B0=99.3305 homogen=15729.9231
mean B0=101.8584 homogen=22413.0825
mean B0=100.1326 homogen=18871.5279
mean B0=96.5848 homogen=14712.5909
mean B0=96.515 homogen=11198.6262
mean B0=97.2532 homogen=13579.7407
mean B0=93.6425 homogen=8410.1699
mean B0=99.5003 homogen=18790.3629
mean B0=101.8491 homogen=25890.5329
mean B0=98.1024 homogen=21142.5204
mean B0=90.3716 homogen=3956.7698
mean B0=95.2546 homogen=26715.1823
mean B0=93.4333 homogen=9092.292
mean B0=100.4558 homogen=20387.2461
mean B0=92.3511 homogen=5580.2999
mean B0=90.5839 homogen=15042.709
mean B0=97.264 homogen=11369.7228
mean B0=99.0088 homogen=33654.4093
mean B0=95.8436 homogen=28553.4713
mean B0=92.089 homogen=5969.5556
mean B0=101.3114 homogen=25251.3212
mean B0=90.1688 homogen=3987.9974
mean B0=93.6698 homogen=8455.6004
mean B0=101.4917 homogen=22951.2324
mean B0=90.266 homogen=4147.4685
mean B0=86.1492 homogen=122702.512
mean B0=89.9141 homogen=3761.3496
mean B0=90.3963 homogen=23580.4612
mean B0=98.5499 homogen=29693.8836
mean B0=89.6657 homogen=3687.7278
mean B0=92.6109 homogen=6186.4111
mean B0=93.5445 homogen=16428.5168
mean B0=100.7427 homogen=19143.9917
mean B0=99.5459 homogen=19036.6491
mean B0=89.6659 homogen=3689.4167
mean B0=90.4704 homogen=4437.4197
    55 |     2200 |     36 |  0.000000E+00 |  0.000000E+00 |  0.1856585825 |         nadir
mean B0=99.4651 homogen=15792.027
mean B0=96.2317 homogen=13758.5427
mean B0=98.2045 homogen=31007.4144
mean B0=89.9141 homogen=3761.3496
mean B0=99.9286 homogen=20856.1518
mean B0=93.901 homogen=16484.977
mean B0=89.8244 homogen=4041.4841
mean B0=100.838 homogen=25071.6369
mean B0=94.1484 homogen=15845.6894
mean B0=98.8786 homogen=15174.8065
mean B0=92.699 homogen=17798.9938
mean B0=77.9685 homogen=27309.2935
mean B0=94.7862 homogen=16188.8179
mean B0=99.089 homogen=34045.1485
mean B0=100.4736 homogen=21656.8464
mean B0=95.912 homogen=16611.7834
mean B0=89.3434 homogen=4665.2032
mean B0=92.1858 homogen=6431.0486
mean B0=92.6083 homogen=6163.6756
mean B0=94.5017 homogen=20381.4765
mean B0=97.1218 homogen=13500.6396
mean B0=93.22 homogen=11709.5189
mean B0=93.4205 homogen=19653.0049
mean B0=86.9246 homogen=23746.4862
mean B0=98.072 homogen=14497.0522
mean B0=96.4799 homogen=26455.2539
mean B0=97.69 homogen=16293.7822
mean B0=100.5479 homogen=21127.834
mean B0=92.9952 homogen=13938.3429
mean B0=97.5527 homogen=14061.824
mean B0=83.6617 homogen=5472.7644
mean B0=89.6917 homogen=5321.552
mean B0=95.0197 homogen=23895.2437
mean B0=96.0648 homogen=18924.7894
mean B0=90.2038 homogen=3663.4281
mean B0=92.5758 homogen=6094.6041
mean B0=88.6583 homogen=24837.4238
mean B0=92.1908 homogen=4498.0948
mean B0=89.6617 homogen=3719.5979
mean B0=95.1736 homogen=29877.3044
    56 |     2240 |     34 |  0.000000E+00 |  0.000000E+00 |  0.0461831651 |         nadir
mean B0=93.4061 homogen=7465.1312
mean B0=95.088 homogen=25478.0184
mean B0=100.1656 homogen=18995.8473
mean B0=85.6454 homogen=68058.7232
mean B0=91.1806 homogen=5139.815
mean B0=93.7722 homogen=6774.651
mean B0=95.8292 homogen=12017.2359
mean B0=93.7884 homogen=7826.3703
mean B0=100.7733 homogen=23890.3619
mean B0=99.8479 homogen=20234.6475
mean B0=99.1956 homogen=15332.2794
mean B0=94.3371 homogen=16054.6982
mean B0=99.3301 homogen=15699.0012
mean B0=97.7674 homogen=13275.3429
mean B0=97.7471 homogen=15137.3621
mean B0=101.9989 homogen=23763.6914
mean B0=86.4655 homogen=17827.602
mean B0=92.8604 homogen=6854.5898
mean B0=80.9837 homogen=40842.1468
mean B0=98.683 homogen=27236.9634
mean B0=96.9621 homogen=11717.8621
mean B0=92.9106 homogen=17742.1739
mean B0=90.434 homogen=3802.9184
mean B0=88.6775 homogen=12089.9873
mean B0=91.752 homogen=7287.348
mean B0=95.963 homogen=12072.6529
mean B0=95.8682 homogen=12014.1311
mean B0=92.8184 homogen=7445.0467
mean B0=100.6697 homogen=19069.6813
mean B0=78.9003 homogen=135156.0854
mean B0=76.5409 homogen=240367.8555
mean B0=97.0787 homogen=25495.068
mean B0=100.7841 homogen=21200.5902
mean B0=102.3443 homogen=24228.1888
mean B0=97.5413 homogen=13040.786
mean B0=95.9319 homogen=29841.871
mean B0=93.6859 homogen=8679.6593
mean B0=97.6018 homogen=14286.7692
mean B0=94.674 homogen=12700.7003
mean B0=94.0558 homogen=15545.4723
    57 |     2280 |     36 |  0.000000E+00 |  0.000000E+00 |  0.0400279122 |         ideal
mean B0=92.5915 homogen=24752.6346
mean B0=92.0997 homogen=4874.7552
mean B0=91.6491 homogen=6340.5926
mean B0=98.2478 homogen=15893.986
mean B0=99.3346 homogen=15487.225
mean B0=93.7547 homogen=10851.3557
mean B0=99.5598 homogen=15740.1679
mean B0=98.7492 homogen=15300.0947
mean B0=90.7053 homogen=4032.9203
mean B0=98.1773 homogen=14332.4417
mean B0=97.1509 homogen=11691.3582
mean B0=93.3522 homogen=21876.7536
mean B0=98.644 homogen=15069.5794
mean B0=96.5072 homogen=28201.0347
mean B0=96.7847 homogen=22385.5447
mean B0=99.4743 homogen=18748.9673
mean B0=100.5681 homogen=20578.6417
mean B0=97.9565 homogen=28010.1767
mean B0=99.544 homogen=22632.7094
mean B0=96.3047 homogen=89250.4232
mean B0=99.5078 homogen=32345.2135
mean B0=100.5663 homogen=25298.9631
mean B0=97.0869 homogen=9999.7507
mean B0=101.1925 homogen=24407.6465
mean B0=91.1968 homogen=21941.4214
mean B0=100.611 homogen=26637.2716
mean B0=100.4982 homogen=19068.9243
mean B0=97.4878 homogen=14095.3536
mean B0=93.566 homogen=7395.9879
mean B0=93.9004 homogen=7787.6781
mean B0=92.7101 homogen=6025.4979
mean B0=96.2239 homogen=12696.9298
mean B0=97.5949 homogen=20247.0467
mean B0=94.1534 homogen=20702.542
mean B0=95.7596 homogen=16708.7273
mean B0=89.6967 homogen=3640.9581
mean B0=100.3357 homogen=19350.7014
mean B0=96.4332 homogen=17273.4405
mean B0=93.5363 homogen=8594.8682
mean B0=94.8815 homogen=12078.2433
    58 |     2320 |     35 |  0.000000E+00 |  0.000000E+00 |  0.0400929243 |         nadir
mean B0=89.6634 homogen=3689.1203
mean B0=91.9692 homogen=6713.0084
mean B0=101.2364 homogen=19188.1787
mean B0=99.9904 homogen=16811.9962
mean B0=97.7984 homogen=14163.2406
mean B0=100.576 homogen=20577.3755
mean B0=100.2151 homogen=18986.4709
mean B0=92.0296 homogen=4029.9444
mean B0=91.8168 homogen=4808.3007
mean B0=98.6527 homogen=15412.6405
mean B0=100.0525 homogen=15548.6639
mean B0=97.7525 homogen=12022.7016
mean B0=93.9722 homogen=10012.7601
mean B0=102.3372 homogen=24203.0604
mean B0=89.8546 homogen=5598.8248
mean B0=98.2452 homogen=26034.2273
mean B0=100.7566 homogen=21307.5553
mean B0=98.3535 homogen=15893.1742
mean B0=92.8896 homogen=8978.9195
mean B0=102.0542 homogen=26055.1592
mean B0=91.7915 homogen=4339.3818
mean B0=100.5402 homogen=19736.1437
mean B0=97.0037 homogen=15222.6346
mean B0=101.4337 homogen=23859.5946
mean B0=97.2546 homogen=26144.5738
mean B0=98.3847 homogen=14804.3085
mean B0=100.4503 homogen=19153.4797
mean B0=92.4628 homogen=7088.7681
mean B0=92.2032 homogen=6263.8806
mean B0=98.021 homogen=13054.2141
mean B0=96.2743 homogen=19892.5784
mean B0=96.7687 homogen=9647.5329
mean B0=91.3671 homogen=9958.6513
mean B0=86.2245 homogen=32805.8423
mean B0=101.5168 homogen=24483.9187
mean B0=91.7584 homogen=14890.9216
mean B0=92.7613 homogen=6065.3756
mean B0=97.829 homogen=12222.0595
mean B0=98.7124 homogen=22108.2435
mean B0=92.4066 homogen=7250.4362
    59 |     2360 |     39 |  0.000000E+00 |  0.000000E+00 |  0.0072892131 |             f
mean B0=102.3587 homogen=23797.1021
mean B0=95.4841 homogen=17332.8142
mean B0=73.4278 homogen=64870.044
mean B0=100.5675 homogen=26585.5555
mean B0=98.6006 homogen=12130.4607
mean B0=96.0716 homogen=17996.1531
mean B0=100.399 homogen=18855.5059
mean B0=99.3761 homogen=14833.7111
mean B0=99.1216 homogen=13308.7196
mean B0=92.8347 homogen=6355.5222
mean B0=95.5081 homogen=18431.8403
mean B0=87.9016 homogen=22822.0748
mean B0=97.9289 homogen=13986.9159
mean B0=92.4099 homogen=5502.7632
mean B0=93.9411 homogen=10428.5369
mean B0=101.7848 homogen=20540.1457
mean B0=82.5478 homogen=10565.7231
mean B0=100.7382 homogen=19024.0556
mean B0=90.4656 homogen=3425.8794
mean B0=99.0876 homogen=14710.5965
mean B0=93.2375 homogen=9824.5191
mean B0=95.8749 homogen=23464.8917
mean B0=74.1383 homogen=67026.3008
mean B0=100.5388 homogen=19631.3239
mean B0=95.9171 homogen=8846.2415
mean B0=98.3368 homogen=27696.1904
mean B0=100.3657 homogen=24338.4466
mean B0=97.9923 homogen=14859.7609
mean B0=100.9095 homogen=24797.3776
mean B0=92.6368 homogen=5824.6472
mean B0=92.5142 homogen=16805.7657
mean B0=91.4977 homogen=23419.1046
mean B0=98.0415 homogen=19125.1485
mean B0=92.7261 homogen=6411.3145
mean B0=100.6442 homogen=18369.8906
mean B0=91.7475 homogen=5140.7411
mean B0=99.8778 homogen=36264.7162
mean B0=98.8074 homogen=15387.0402
mean B0=89.4395 homogen=4228.3122
mean B0=93.7432 homogen=23849.6315
    60 |     2400 |     28 |  0.000000E+00 |  0.000000E+00 |  0.0105579646 |         ideal
mean B0=101.2298 homogen=19177.1537
mean B0=93.3477 homogen=8075.1013
mean B0=102.3463 homogen=24189.6161
mean B0=99.3716 homogen=14812.3141
mean B0=90.8128 homogen=4444.7334
mean B0=99.7905 homogen=35113.7318
mean B0=96.9827 homogen=10500.2875
mean B0=101.0765 homogen=21048.669
mean B0=100.0206 homogen=21780.5343
mean B0=70.191 homogen=71711.9632
mean B0=92.6273 homogen=5957.6392
mean B0=96.5699 homogen=10958.0353
mean B0=93.8638 homogen=7850.9189
mean B0=97.7207 homogen=11954.0011
mean B0=101.2072 homogen=19427.5492
mean B0=100.6442 homogen=18369.8906
mean B0=94.3425 homogen=11925.3274
mean B0=97.0869 homogen=9999.7507
mean B0=94.0134 homogen=9486.9641
mean B0=89.9343 homogen=23117.8632
mean B0=92.6428 homogen=5812.9953
mean B0=89.561 homogen=7203.9203
mean B0=90.2987 homogen=15401.7816
mean B0=100.0556 homogen=15561.4481
mean B0=93.9005 homogen=7787.6972
mean B0=96.0018 homogen=20006.898
mean B0=99.1212 homogen=16290.7962
mean B0=102.6777 homogen=22886.9643
mean B0=94.0208 homogen=6840.4539
mean B0=94.9622 homogen=11784.2802
mean B0=90.5922 homogen=3798.1242
mean B0=93.9702 homogen=6633.6653
mean B0=87.3422 homogen=35369.4862
mean B0=98.6335 homogen=12199.7567
mean B0=98.6805 homogen=16023.8067
mean B0=100.7382 homogen=19024.5231
mean B0=94.1876 homogen=13017.3584
mean B0=101.6666 homogen=22162.5885
mean B0=92.2234 homogen=4556.4458
mean B0=102.3017 homogen=23605.7279
    61 |     2440 |     35 |  0.000000E+00 |  0.000000E+00 |  0.0261219638 |         ideal
mean B0=95.9486 homogen=17989.4589
mean B0=86.2611 homogen=31783.955
mean B0=100.4137 homogen=16108.5864
mean B0=100.3738 homogen=21545.4058
mean B0=101.3405 homogen=19514.2525
mean B0=68.9162 homogen=262695.4131
mean B0=96.1549 homogen=19179.6705
mean B0=95.4783 homogen=11323.3497
mean B0=92.8834 homogen=6350.4347
mean B0=101.5325 homogen=18325.6744
mean B0=92.5823 homogen=5469.2838
mean B0=90.0446 homogen=3910.7584
mean B0=92.4099 homogen=5502.7632
mean B0=98.888 homogen=14061.7504
mean B0=99.0989 homogen=14556.3231
mean B0=97.6699 homogen=12097.4863
mean B0=97.0136 homogen=9740.2186
mean B0=96.7079 homogen=9471.5266
mean B0=100.6285 homogen=19040.0495
mean B0=100.3847 homogen=21530.8397
mean B0=92.291 homogen=8535.0187
mean B0=83.6994 homogen=145306.6731
mean B0=102.539 homogen=22675.8039
mean B0=93.4613 homogen=7893.4656
mean B0=97.1619 homogen=11868.1788
mean B0=93.9702 homogen=6633.6548
mean B0=94.0687 homogen=15311.3382
mean B0=93.5856 homogen=7988.918
mean B0=102.437 homogen=23946.9321
mean B0=87.7032 homogen=37153.7973
mean B0=93.6793 homogen=7600.4588
mean B0=91.1352 homogen=4589.0587
mean B0=91.8904 homogen=31953.5003
mean B0=100.9785 homogen=18874.6711
mean B0=98.047 homogen=12662.1828
mean B0=73.975 homogen=173825.8135
mean B0=98.5661 homogen=11698.2083
mean B0=97.8134 homogen=11495.4134
mean B0=100.7669 homogen=18302.5863
mean B0=95.1132 homogen=7773.9001
    62 |     2480 |     36 |  0.000000E+00 |  0.000000E+00 |  0.0081503006 |             f
mean B0=94.5052 homogen=15132.4622
mean B0=101.6955 homogen=20587.2527
mean B0=88.7751 homogen=22282.8423
mean B0=99.1126 homogen=18935.7262
mean B0=96.2909 homogen=17236.6247
mean B0=93.6763 homogen=10628.0063
mean B0=96.7916 homogen=10158.1947
mean B0=98.6035 homogen=12082.2609
mean B0=98.4992 homogen=34296.5956
mean B0=93.5498 homogen=6863.4048
mean B0=98.5984 homogen=12135.037
mean B0=99.8872 homogen=34340.3127
mean B0=100.6429 homogen=19627.6472
mean B0=95.1444 homogen=25735.4024
mean B0=94.737 homogen=17493.2218
mean B0=96.3467 homogen=13287.4701
mean B0=69.1957 homogen=65970.8014
mean B0=102.6777 homogen=22886.9643
mean B0=101.0669 homogen=26430.6945
mean B0=96.6588 homogen=22364.8869
mean B0=93.3521 homogen=16699.8362
mean B0=100.5008 homogen=16389.1785
mean B0=92.6317 homogen=5846.5743
mean B0=95.2792 homogen=12670.4072
mean B0=98.9885 homogen=28391.8522
mean B0=95.0158 homogen=17294.5608
mean B0=98.7896 homogen=11661.7752
mean B0=97.2776 homogen=9965.005
mean B0=93.4427 homogen=18130.7636
mean B0=97.8052 homogen=12643.7187
mean B0=98.5996 homogen=11771.7732
mean B0=92.7546 homogen=15540.4581
mean B0=99.486 homogen=15844.587
mean B0=95.1685 homogen=21238.5615
mean B0=93.3125 homogen=21461.5817
mean B0=96.1348 homogen=18910.7209
mean B0=92.2676 homogen=4678.0058
mean B0=97.0869 homogen=9999.7507
mean B0=94.3189 homogen=8441.9092
mean B0=91.4502 homogen=16485.0217
    63 |     2520 |     35 |  0.000000E+00 |  0.000000E+00 |  0.0016405810 |             f
mean B0=92.8064 homogen=5986.6418
mean B0=94.2352 homogen=6516.4357
mean B0=102.5213 homogen=23894.4444
mean B0=94.4194 homogen=8080.2986
mean B0=101.9027 homogen=22224.8699
mean B0=102.729 homogen=23412.622
mean B0=92.2769 homogen=4697.6904
mean B0=95.9444 homogen=25938.9356
mean B0=77.3005 homogen=62712.714
mean B0=75.5344 homogen=245010.8772
mean B0=82.3858 homogen=92312.0746
mean B0=100.0526 homogen=15549.7043
mean B0=100.0929 homogen=15459.6623
mean B0=95.6451 homogen=9394.4446
mean B0=92.1892 homogen=16996.5381
mean B0=95.4639 homogen=22355.4722
mean B0=91.9675 homogen=4178.3694
mean B0=75.3942 homogen=16371.1731
mean B0=95.5156 homogen=16398.0027
mean B0=101.8103 homogen=20512.6739
mean B0=97.6033 homogen=12098.3094
mean B0=90.8848 homogen=4449.674
mean B0=99.5225 homogen=15756.6979
mean B0=99.4068 homogen=16132.9336
mean B0=87.7759 homogen=65475.94
mean B0=102.2097 homogen=23153.5159
mean B0=92.023 homogen=4932.6138
mean B0=91.9807 homogen=6919.8963
mean B0=87.3413 homogen=21613.0232
mean B0=100.4468 homogen=17301.4845
mean B0=92.4039 homogen=5528.9167
mean B0=100.4138 homogen=16108.3752
mean B0=90.4971 homogen=16794.5512
mean B0=94.3084 homogen=6845.3016
mean B0=93.7385 homogen=14504.4847
mean B0=91.0339 homogen=37361.3069
mean B0=97.073 homogen=9871.2716
mean B0=101.2077 homogen=19101.6653
mean B0=94.2652 homogen=12285.0251
mean B0=95.0884 homogen=7779.002
    64 |     2560 |     36 |  0.000000E+00 |  0.000000E+00 |  0.0041825404 |         ideal
mean B0=99.9087 homogen=24420.7333
mean B0=91.4084 homogen=14560.3668
mean B0=97.2539 homogen=11052.1467
mean B0=91.9302 homogen=4802.0271
mean B0=96.4534 homogen=18489.733
mean B0=95.973 homogen=9319.1381
mean B0=94.9266 homogen=7264.9331
mean B0=102.6711 homogen=22841.7019
mean B0=92.8834 homogen=6350.4347
mean B0=98.1599 homogen=12884.2984
mean B0=90.156 homogen=3323.3838
mean B0=96.8974 homogen=9548.7932
mean B0=102.4597 homogen=23699.363
mean B0=91.2058 homogen=85906.8541
mean B0=102.3083 homogen=24145.9309
mean B0=95.6493 homogen=9373.9245
mean B0=101.3824 homogen=18354.5588
mean B0=92.3128 homogen=4254.5187
mean B0=94.7696 homogen=7343.8223
mean B0=97.081 homogen=9894.1783
mean B0=93.5744 homogen=76285.4014
mean B0=91.92 homogen=32719.5854
mean B0=97.7812 homogen=11145.6988
mean B0=80.2145 homogen=18612.6071
mean B0=95.497 homogen=27214.077
mean B0=100.0587 homogen=15345.3276
mean B0=92.4254 homogen=4240.3453
mean B0=68.8976 homogen=65517.7196
mean B0=102.729 homogen=23412.622
mean B0=75.4353 homogen=242872.2409
mean B0=91.0603 homogen=4020.9899
mean B0=92.5823 homogen=5469.2838
mean B0=102.5301 homogen=22691.1158
mean B0=95.1563 homogen=20807.6044
mean B0=98.4683 homogen=18327.8321
mean B0=91.4731 homogen=8051.2973
mean B0=102.0562 homogen=22354.2453
mean B0=100.3591 homogen=16742.3523
mean B0=99.6207 homogen=15584.0291
mean B0=100.5008 homogen=16389.1785
    65 |     2600 |     40 |  0.000000E+00 |  0.000000E+00 |  0.0051020151 |         ideal
mean B0=96.5028 homogen=9849.2891
mean B0=97.2924 homogen=9793.2237
mean B0=96.5067 homogen=14167.9903
mean B0=96.804 homogen=9352.4453
mean B0=94.1551 homogen=6634.8533
mean B0=102.2596 homogen=21915.6041
mean B0=98.9261 homogen=13920.9867
mean B0=89.942 homogen=63432.0216
mean B0=102.7316 homogen=23376.0005
mean B0=92.536 homogen=6994.4945
mean B0=100.0233 homogen=16430.8727
mean B0=99.7731 homogen=21298.4242
mean B0=92.8817 homogen=6484.1912
mean B0=99.7542 homogen=16517.9993
mean B0=90.5308 homogen=3664.9531
mean B0=96.5419 homogen=21961.4476
mean B0=99.9072 homogen=20079.1264
mean B0=101.882 homogen=22106.2102
mean B0=93.2065 homogen=6180.0121
mean B0=96.6222 homogen=19349.9557
mean B0=91.2196 homogen=4389.8287
mean B0=95.713 homogen=10570.3982
mean B0=95.3128 homogen=22256.9313
mean B0=99.8329 homogen=16065.8058
mean B0=100.6642 homogen=15871.9545
mean B0=97.9741 homogen=10502.8791
mean B0=102.9448 homogen=24168.5755
mean B0=94.0064 homogen=13212.7871
mean B0=99.6941 homogen=15849.3565
mean B0=99.9072 homogen=22688.679
mean B0=92.7002 homogen=5452.9723
mean B0=100.377 homogen=16252.2378
mean B0=92.0303 homogen=4058.0828
mean B0=94.3081 homogen=6864.8033
mean B0=90.156 homogen=3323.3838
mean B0=98.6822 homogen=27698.2719
mean B0=97.8073 homogen=12916.2726
mean B0=94.9591 homogen=7465.1487
mean B0=97.2291 homogen=11313.3442
mean B0=96.2476 homogen=13839.874
    66 |     2640 |     38 |  0.000000E+00 |  0.000000E+00 |  0.0168699684 |         ideal
mean B0=100.9639 homogen=26174.1749
mean B0=93.3192 homogen=5784.4961
mean B0=71.4241 homogen=66575.6764
mean B0=95.4613 homogen=30735.7682
mean B0=95.0814 homogen=7896.3216
mean B0=94.6917 homogen=7768.4441
mean B0=99.8756 homogen=19921.5598
mean B0=95.7915 homogen=7908.0144
mean B0=98.1879 homogen=20838.4461
mean B0=96.712 homogen=19875.7629
mean B0=100.6561 homogen=15704.0431
mean B0=102.822 homogen=23692.3744
mean B0=80.9156 homogen=152516.454
mean B0=73.4493 homogen=249268.0177
mean B0=101.1871 homogen=22906.8396
mean B0=92.5818 homogen=5466.5104
mean B0=96.8269 homogen=9497.2364
mean B0=92.9288 homogen=19576.7107
mean B0=101.0182 homogen=19696.3829
mean B0=94.8839 homogen=14566.5198
mean B0=91.9926 homogen=9132.0742
mean B0=91.919 homogen=4383.8485
mean B0=96.0962 homogen=11521.1645
mean B0=96.5252 homogen=21665.2438
mean B0=99.4069 homogen=14919.3568
mean B0=100.3223 homogen=19803.7564
mean B0=96.5068 homogen=29616.968
mean B0=96.2474 homogen=16906.4371
mean B0=92.7718 homogen=13121.739
mean B0=94.1051 homogen=15121.2957
mean B0=98.7971 homogen=11823.7127
mean B0=95.8253 homogen=9422.7891
mean B0=99.9381 homogen=35163.5305
mean B0=75.7826 homogen=237982.5795
mean B0=91.5803 homogen=6348.0047
mean B0=70.2129 homogen=67594.8527
mean B0=91.3642 homogen=5488.7692
mean B0=88.7246 homogen=46930.4541
mean B0=89.0392 homogen=16027.0728
mean B0=94.9666 homogen=18564.7737
    67 |     2680 |     40 |  0.000000E+00 |  0.000000E+00 |  0.0026090898 |             f
mean B0=102.7316 homogen=23376.0005
mean B0=95.1634 homogen=7849.6487
mean B0=101.5936 homogen=14581.3926
mean B0=101.8155 homogen=20522.611
mean B0=98.5377 homogen=12947.4798
mean B0=90.5308 homogen=3664.9531
mean B0=98.5433 homogen=11835.2068
mean B0=104.1072 homogen=58411.5478
mean B0=92.0302 homogen=4063.8999
mean B0=91.0187 homogen=3956.5237
mean B0=96.7979 homogen=12372.0179
mean B0=95.9282 homogen=19681.4589
mean B0=102.7008 homogen=22995.3378
mean B0=92.2671 homogen=4526.6375
mean B0=94.6369 homogen=6541.9571
mean B0=96.4111 homogen=9103.0915
mean B0=93.2292 homogen=6344.3119
mean B0=64.378 homogen=89123.0494
mean B0=102.5969 homogen=22929.4362
mean B0=79.2554 homogen=29924.6002
mean B0=99.1216 homogen=13308.7104
mean B0=101.4716 homogen=18207.2175
mean B0=94.973 homogen=10290.4878
mean B0=90.5924 homogen=3798.5141
mean B0=98.1597 homogen=11938.7505
mean B0=100.0929 homogen=15459.6623
mean B0=94.8002 homogen=13924.7642
mean B0=98.7896 homogen=11661.7752
mean B0=93.341 homogen=5740.233
mean B0=96.7779 homogen=9471.9494
mean B0=93.9297 homogen=6519.1917
mean B0=98.4205 homogen=29023.9418
mean B0=102.477 homogen=22759.269
mean B0=100.2064 homogen=15023.7
mean B0=98.0496 homogen=10223.1502
mean B0=90.6319 homogen=4200.0394
mean B0=103.0831 homogen=24520.8785
mean B0=95.0757 homogen=7525.4879
mean B0=90.3944 homogen=3217.8311
mean B0=96.3129 homogen=9401.6872
    68 |     2720 |     40 |  0.000000E+00 |  0.000000E+00 |  0.0847723440 |         ideal
mean B0=99.5133 homogen=13166.8116
mean B0=102.2329 homogen=24873.857
mean B0=103.1 homogen=24369.1275
mean B0=100.6313 homogen=18066.9323
mean B0=99.4041 homogen=14546.0598
mean B0=99.0113 homogen=12821.2758
mean B0=52.3908 homogen=96685.5869
mean B0=95.2231 homogen=16124.3391
mean B0=97.8218 homogen=10850.0904
mean B0=102.2692 homogen=23266.8058
mean B0=95.4176 homogen=9497.6803
mean B0=67.4435 homogen=68169.074
mean B0=92.2968 homogen=4589.0677
mean B0=94.2008 homogen=8219.4785
mean B0=95.1634 homogen=7849.6487
mean B0=90.3989 homogen=3217.8038
mean B0=96.5656 homogen=10941.4708
mean B0=97.0579 homogen=10230.7005
mean B0=98.9449 homogen=14301.1315
mean B0=92.4258 homogen=14814.5688
mean B0=100.7919 homogen=23943.5977
mean B0=95.1816 homogen=6616.4721
mean B0=101.1752 homogen=18472.2452
mean B0=102.2495 homogen=18718.1595
mean B0=102.1431 homogen=25769.2295
mean B0=102.728 homogen=23238.2464
mean B0=94.9386 homogen=7444.3177
mean B0=96.7108 homogen=19316.7547
mean B0=91.2007 homogen=4396.1208
mean B0=97.1133 homogen=9536.5624
mean B0=91.0358 homogen=4834.1914
mean B0=104.1189 homogen=58476.099
mean B0=96.051 homogen=8477.6879
mean B0=102.9714 homogen=23952.83
mean B0=81.8399 homogen=32183.8256
mean B0=92.1413 homogen=3846.2553
mean B0=91.9358 homogen=7634.1836
mean B0=94.2787 homogen=6490.2119
mean B0=102.8202 homogen=23384.7963
mean B0=96.6048 homogen=20584.6172
    69 |     2760 |     36 |  0.000000E+00 |  0.000000E+00 |  0.0042614645 |             f
mean B0=102.7376 homogen=22038.2763
mean B0=98.7526 homogen=31192.825
mean B0=94.4009 homogen=15699.2234
mean B0=101.5936 homogen=14581.3851
mean B0=105.4077 homogen=45442.4436
mean B0=98.5991 homogen=12382.9188
mean B0=108.6004 homogen=48004.586
mean B0=93.145 homogen=6734.0102
mean B0=87.2921 homogen=27496.5824
mean B0=97.1562 homogen=8357.4997
mean B0=98.7714 homogen=13664.4059
mean B0=102.105 homogen=24123.9225
mean B0=94.2515 homogen=6419.0539
mean B0=87.0372 homogen=68439.2511
mean B0=98.906 homogen=14479.6914
mean B0=102.3511 homogen=23000.2905
mean B0=97.2413 homogen=17150.4786
mean B0=94.6629 homogen=6494.2915
mean B0=98.4176 homogen=37717.0619
mean B0=97.0593 homogen=9996.761
mean B0=86.2721 homogen=120693.0934
mean B0=92.4317 homogen=21436.8664
mean B0=100.0815 homogen=28249.5184
mean B0=94.227 homogen=6536.253
mean B0=91.7947 homogen=10051.4665
mean B0=97.5009 homogen=9285.9357
mean B0=98.7592 homogen=21974.742
mean B0=62.6739 homogen=92530.4743
mean B0=99.2295 homogen=15080.5556
mean B0=101.11 homogen=20292.2496
mean B0=95.4427 homogen=5953.986
mean B0=92.6323 homogen=4958.708
mean B0=96.0776 homogen=8537.2253
mean B0=96.5106 homogen=11022.7378
mean B0=100.6287 homogen=24496.0155
mean B0=96.8726 homogen=9112.0793
mean B0=102.634 homogen=22771.2647
mean B0=98.4178 homogen=14363.341
mean B0=94.2698 homogen=20494.5177
mean B0=90.5037 homogen=3973.858
    70 |     2800 |     29 |  0.000000E+00 |  0.000000E+00 |  0.2462161089 |         ideal
mean B0=108.8215 homogen=46801.5512
mean B0=99.5737 homogen=14260.352
mean B0=84.5333 homogen=131565.8146
mean B0=98.6008 homogen=11817.6585
mean B0=96.4453 homogen=18247.5413
mean B0=102.7785 homogen=24594.4926
mean B0=96.6495 homogen=13567.7496
mean B0=85.7337 homogen=28353.7366
mean B0=79.103 homogen=242117.3126
mean B0=73.3058 homogen=67852.6653
mean B0=98.3557 homogen=12719.7786
mean B0=101.6724 homogen=19470.8519
mean B0=103.2355 homogen=24547.1634
mean B0=98.5316 homogen=12154.567
mean B0=85.5743 homogen=68728.8786
mean B0=95.8139 homogen=22079.7408
mean B0=95.5248 homogen=6232.6264
mean B0=94.4458 homogen=6978.2113
mean B0=102.0218 homogen=21920.6587
mean B0=97.6005 homogen=25258.6983
mean B0=102.0207 homogen=18844.4768
mean B0=95.0549 homogen=11407.8497
mean B0=102.7961 homogen=22103.4689
mean B0=94.6628 homogen=23360.338
mean B0=97.2607 homogen=53894.1674
mean B0=97.6363 homogen=9759.9138
mean B0=98.2062 homogen=29617.1188
mean B0=92.1677 homogen=3724.2001
mean B0=103.4368 homogen=50774.3875
mean B0=67.2996 homogen=270467.7551
mean B0=105.8657 homogen=49112.8703
mean B0=98.9509 homogen=12879.1964
mean B0=90.2356 homogen=4009.4739
mean B0=95.5758 homogen=6571.0783
mean B0=90.5935 homogen=4398.0635
mean B0=98.013 homogen=15462.8062
mean B0=81.0518 homogen=27320.5128
mean B0=101.9158 homogen=22758.3733
mean B0=103.1236 homogen=24576.0925
mean B0=99.1648 homogen=12302.6296
    71 |     2840 |     34 |  0.000000E+00 |  0.000000E+00 |  0.0120034761 |         ideal
mean B0=95.3326 homogen=6756.9582
mean B0=102.3911 homogen=22899.3194
mean B0=92.6049 homogen=4228.2179
mean B0=100.5645 homogen=17811.5837
mean B0=98.8768 homogen=11557.3643
mean B0=68.2695 homogen=69988.6985
mean B0=92.0357 homogen=3941.3213
mean B0=99.9856 homogen=33435.26
mean B0=98.8851 homogen=8610.5257
mean B0=108.8855 homogen=46472.5693
mean B0=97.3164 homogen=10182.4201
mean B0=97.3524 homogen=9768.8668
mean B0=97.6113 homogen=10069.8128
mean B0=99.5359 homogen=13566.2156
mean B0=102.9114 homogen=23817.6766
mean B0=94.2198 homogen=15270.0094
mean B0=102.6341 homogen=24693.496
mean B0=97.2738 homogen=22848.3964
mean B0=92.7669 homogen=8901.2231
mean B0=99.5451 homogen=30459.4355
mean B0=103.4097 homogen=23595.8594
mean B0=105.2524 homogen=49557.6048
mean B0=102.3834 homogen=23296.9566
mean B0=98.535 homogen=12227.0939
mean B0=97.4197 homogen=9514.0517
mean B0=94.5367 homogen=8918.7073
mean B0=93.0377 homogen=5050.9948
mean B0=84.6591 homogen=53292.8893
mean B0=95.8311 homogen=11713.5931
mean B0=74.7352 homogen=243768.8823
mean B0=90.7661 homogen=64713.8049
mean B0=102.9298 homogen=22725.0458
mean B0=103.0775 homogen=24797.0796
mean B0=102.0836 homogen=18569.2646
mean B0=102.8709 homogen=23472.3662
mean B0=101.6043 homogen=14605.8006
mean B0=98.7461 homogen=14862.2888
mean B0=97.56 homogen=51141.383
mean B0=87.3872 homogen=21290.5623
mean B0=102.2381 homogen=18661.6593
    72 |     2880 |     30 |  0.000000E+00 |  0.000000E+00 |  0.0034618555 |         ideal
mean B0=93.4724 homogen=8845.4351
mean B0=105.4185 homogen=43991.2049
mean B0=98.1609 homogen=18972.5086
mean B0=92.4804 homogen=5327.4594
mean B0=97.7975 homogen=10363.8894
mean B0=101.9238 homogen=26167.4473
mean B0=96.753 homogen=9977.788
mean B0=86.0878 homogen=27103.2007
mean B0=100.5583 homogen=19008.2544
mean B0=102.0634 homogen=18485.3601
mean B0=96.4672 homogen=75514.1305
mean B0=93.9863 homogen=4864.0719
mean B0=92.3519 homogen=3838.5741
mean B0=100.9689 homogen=16425.7722
mean B0=97.1137 homogen=8548.5723
mean B0=95.6371 homogen=6518.0364
mean B0=90.3944 homogen=3219.2517
mean B0=103.3331 homogen=22555.7138
mean B0=102.0231 homogen=18831.6283
mean B0=102.3669 homogen=18787.3921
mean B0=90.8236 homogen=31135.8842
mean B0=102.9474 homogen=22532.3854
mean B0=96.0598 homogen=13974.3162
mean B0=84.816 homogen=15202.5251
mean B0=93.7287 homogen=7079.6959
mean B0=98.0329 homogen=133387.626
mean B0=94.3446 homogen=71461.8651
mean B0=95.5798 homogen=6058.5397
mean B0=107.6874 homogen=49937.8462
mean B0=102.2694 homogen=18801.1425
mean B0=97.1207 homogen=15667.6069
mean B0=94.3866 homogen=7347.4434
mean B0=90.7254 homogen=4106.8286
mean B0=102.5004 homogen=23281.3474
mean B0=95.8655 homogen=27103.5152
mean B0=102.2057 homogen=21900.463
mean B0=91.5207 homogen=9808.1227
mean B0=99.108 homogen=12242.5138
mean B0=101.5912 homogen=14577.2839
mean B0=103.1768 homogen=24453.3471
    73 |     2920 |     33 |  0.000000E+00 |  0.000000E+00 |  0.0039938159 |             f
mean B0=99.0882 homogen=16035.5123
mean B0=99.5542 homogen=13499.9061
mean B0=94.7951 homogen=10364.1673
mean B0=94.887 homogen=29948.8467
mean B0=102.7207 homogen=21154.447
mean B0=106.5647 homogen=30839.8304
mean B0=97.2655 homogen=19278.6499
mean B0=101.4424 homogen=14649.0558
mean B0=95.8785 homogen=12171.0531
mean B0=86.501 homogen=124249.2119
mean B0=102.5835 homogen=18580.8649
mean B0=95.2775 homogen=19372.7968
mean B0=102.0762 homogen=35318.0416
mean B0=108.7348 homogen=47126.9595
mean B0=97.1608 homogen=8348.5427
mean B0=90.2991 homogen=37751.3847
mean B0=90.6071 homogen=3856.2698
mean B0=99.3987 homogen=14579.5132
mean B0=102.7215 homogen=50090.4441
mean B0=98.8448 homogen=9561.0383
mean B0=103.5453 homogen=23998.7248
mean B0=102.688 homogen=21432.2128
mean B0=95.3134 homogen=76179.6973
mean B0=71.1244 homogen=69368.6051
mean B0=102.7599 homogen=20936.1993
mean B0=99.8158 homogen=15652.6733
mean B0=98.4683 homogen=29347.0491
mean B0=99.1465 homogen=12387.7634
mean B0=92.5141 homogen=8865.6752
mean B0=103.0536 homogen=22675.2277
mean B0=102.2761 homogen=19094.0663
mean B0=97.0927 homogen=31983.0751
mean B0=101.3248 homogen=56628.8807
mean B0=86.9535 homogen=125239.6512
mean B0=99.5685 homogen=14253.3167
mean B0=100.6492 homogen=29352.4684
mean B0=91.704 homogen=5580.78
mean B0=97.0872 homogen=11191.4254
mean B0=96.3795 homogen=16091.7348
mean B0=101.6255 homogen=14613.2528
    74 |     2960 |     34 |  0.000000E+00 |  0.000000E+00 |  0.0086106363 |             f
mean B0=101.6052 homogen=14617.1316
mean B0=90.5152 homogen=16592.1809
mean B0=95.7146 homogen=31766.5112
mean B0=91.9008 homogen=4687.8734
mean B0=100.9794 homogen=15473.8785
mean B0=94.169 homogen=5521.9929
mean B0=103.1343 homogen=21319.7783
mean B0=80.276 homogen=33277.4854
mean B0=97.5172 homogen=14924.3322
mean B0=102.1589 homogen=23647.8115
mean B0=102.7834 homogen=18881.7469
mean B0=110.2204 homogen=42475.0673
mean B0=96.5228 homogen=9854.4586
mean B0=77.6521 homogen=64288.2636
mean B0=96.64 homogen=27607.601
mean B0=82.6563 homogen=130772.6909
mean B0=102.9002 homogen=21406.1622
mean B0=100.7976 homogen=13320.5342
mean B0=93.963 homogen=5799.2505
mean B0=105.3353 homogen=40592.7441
mean B0=102.7479 homogen=20902.9308
mean B0=97.266 homogen=8364.3297
mean B0=102.2948 homogen=56941.8668
mean B0=99.039 homogen=12075.2016
mean B0=99.8764 homogen=15065.2823
mean B0=98.6941 homogen=9499.7666
mean B0=94.2686 homogen=80140.8524
mean B0=94.1719 homogen=6505.3225
mean B0=100.8732 homogen=35991.4241
mean B0=92.6526 homogen=5901.7235
mean B0=85.5982 homogen=133750.8524
mean B0=98.2956 homogen=12124.4219
mean B0=102.0696 homogen=24659.9465
mean B0=85.9055 homogen=122745.2283
mean B0=102.297 homogen=40945.0459
mean B0=94.6413 homogen=80143.8015
mean B0=101.7484 homogen=25844.2979
mean B0=99.9131 homogen=16135.5223
mean B0=92.0812 homogen=3619.5653
mean B0=91.2097 homogen=8772.4825
    75 |     3000 |     35 |  0.000000E+00 |  0.000000E+00 |  0.0673490638 |         ideal
mean B0=98.0407 homogen=20604.2466
mean B0=95.0123 homogen=78683.8364
mean B0=103.2353 homogen=24548.874
mean B0=101.478 homogen=14585.1673
mean B0=102.8506 homogen=19213.6301
mean B0=95.7342 homogen=74869.4705
mean B0=100.6095 homogen=19225.9455
mean B0=90.6239 homogen=3794.1815
mean B0=103.6088 homogen=27039.1728
mean B0=96.5619 homogen=10736.3108
mean B0=94.5369 homogen=3798.4207
mean B0=98.7908 homogen=12768.2418
mean B0=102.6635 homogen=18739.6078
mean B0=102.9867 homogen=20717.5198
mean B0=101.5338 homogen=20683.2471
mean B0=94.6653 homogen=7265.7267
mean B0=105.156 homogen=47883.8566
mean B0=92.3469 homogen=3812.5464
mean B0=83.8227 homogen=22637.6539
mean B0=93.031 homogen=71933.9063
mean B0=97.1639 homogen=8050.8875
mean B0=99.7672 homogen=14109.222
mean B0=90.3993 homogen=3214.9121
mean B0=108.8817 homogen=46564.0385
mean B0=99.0912 homogen=12245.5979
mean B0=100.4454 homogen=11267.9266
mean B0=107.4808 homogen=44885.6468
mean B0=91.9039 homogen=4409.091
mean B0=81.5105 homogen=54109.8548
mean B0=102.6308 homogen=26578.7079
mean B0=101.5993 homogen=20398.2154
mean B0=105.6579 homogen=39099.472
mean B0=87.1535 homogen=125158.1547
mean B0=95.7177 homogen=14585.4
mean B0=99.2992 homogen=25132.6887
mean B0=93.0515 homogen=6084.2188
mean B0=83.6491 homogen=24942.9187
mean B0=90.3997 homogen=3242.0464
mean B0=93.1876 homogen=6628.3355
mean B0=100.9387 homogen=12989.9858
    76 |     3040 |     34 |  0.000000E+00 |  0.000000E+00 |  0.0065512285 |             f
mean B0=102.8474 homogen=19220.5437
mean B0=98.6892 homogen=7612.3615
mean B0=101.4417 homogen=15355.9688
mean B0=98.0737 homogen=15291.4482
mean B0=100.0307 homogen=23863.1224
mean B0=93.3835 homogen=7340.43
mean B0=92.5485 homogen=23658.8023
mean B0=95.237 homogen=80389.1592
mean B0=103.0604 homogen=24032.7709
mean B0=97.1 homogen=8232.8978
mean B0=85.6394 homogen=17746.4698
mean B0=100.7969 homogen=13307.1765
mean B0=102.6635 homogen=18739.6078
mean B0=106.4324 homogen=40171.9462
mean B0=92.6204 homogen=5047.9075
mean B0=93.5823 homogen=16233.1387
mean B0=110.4772 homogen=40041.5138
mean B0=76.1279 homogen=69055.0892
mean B0=105.9299 homogen=40532.3377
mean B0=86.2644 homogen=35982.7796
mean B0=98.8878 homogen=8637.289
mean B0=96.2528 homogen=7109.7167
mean B0=95.3497 homogen=5904.6457
mean B0=98.9802 homogen=23668.71
mean B0=93.6567 homogen=7145.0728
mean B0=100.6248 homogen=27795.3266
mean B0=101.0049 homogen=25387.2889
mean B0=107.328 homogen=45777.5515
mean B0=95.9602 homogen=7308.6298
mean B0=102.6553 homogen=18707.9436
mean B0=100.9436 homogen=27437.6492
mean B0=103.0375 homogen=20774.3149
mean B0=101.5937 homogen=14581.7535
mean B0=92.4923 homogen=6743.8801
mean B0=95.0962 homogen=7765.2795
mean B0=95.7853 homogen=18190.3703
mean B0=105.432 homogen=41552.4453
mean B0=103.152 homogen=22298.4065
mean B0=103.7329 homogen=28209.3521
mean B0=93.5145 homogen=7699.5051
    77 |     3080 |     40 |  0.000000E+00 |  0.000000E+00 |  0.0127857651 |         ideal
mean B0=93.8207 homogen=7403.2196
mean B0=103.0077 homogen=25206.8544
mean B0=78.6491 homogen=26707.1204
mean B0=98.3184 homogen=19900.0289
mean B0=97.3283 homogen=14412.2335
mean B0=95.4813 homogen=7150.5181
mean B0=90.3969 homogen=3257.0271
mean B0=103.3613 homogen=22610.1512
mean B0=103.138 homogen=21307.8248
mean B0=102.66 homogen=18737.2531
mean B0=101.5534 homogen=14428.5027
mean B0=96.3676 homogen=13229.6666
mean B0=92.7292 homogen=4496.0426
mean B0=89.4759 homogen=17166.6926
mean B0=96.2994 homogen=14484.3215
mean B0=97.641 homogen=20981.6328
mean B0=90.7179 homogen=163402.8548
mean B0=106.7502 homogen=29731.794
mean B0=101.5937 homogen=14581.7535
mean B0=99.2635 homogen=21339.0934
mean B0=89.1686 homogen=15652.0238
mean B0=104.156 homogen=20869.946
mean B0=103.6499 homogen=26927.6878
mean B0=98.1119 homogen=15391.2174
mean B0=97.9051 homogen=10294.3974
mean B0=96.3493 homogen=14031.134
mean B0=102.1253 homogen=18631.0036
mean B0=102.5472 homogen=18504.2765
mean B0=102.8372 homogen=19451.3052
mean B0=102.9892 homogen=20721.7419
mean B0=95.3746 homogen=5716.0064
mean B0=86.4179 homogen=105805.4383
mean B0=92.3631 homogen=23819.1438
mean B0=102.8498 homogen=19209.2887
mean B0=100.4179 homogen=10766.3869
mean B0=98.6789 homogen=9418.8071
mean B0=102.7494 homogen=19182.9687
mean B0=103.1469 homogen=22776.6744
mean B0=103.152 homogen=22298.4065
mean B0=95.5051 homogen=5952.6725
    78 |     3120 |     40 |  0.000000E+00 |  0.000000E+00 |  0.0028390825 |             f
mean B0=100.0088 homogen=18977.263
mean B0=93.4911 homogen=3345.1611
mean B0=95.6372 homogen=6516.8667
mean B0=102.821 homogen=18968.5271
mean B0=104.0644 homogen=28334.1295
mean B0=95.97 homogen=7365.0074
mean B0=97.9654 homogen=22234.458
mean B0=95.5533 homogen=6346.8048
mean B0=90.0033 homogen=4329.1657
mean B0=92.7278 homogen=13949.046
mean B0=100.3145 homogen=10972.938
mean B0=101.4908 homogen=14579.1061
mean B0=104.2866 homogen=21433.7877
mean B0=95.128 homogen=79536.4414
mean B0=99.8546 homogen=13065.6457
mean B0=88.575 homogen=67324.7975
mean B0=101.591 homogen=14571.0728
mean B0=104.3729 homogen=21203.5749
mean B0=97.52 homogen=12969.5162
mean B0=102.5799 homogen=18556.4998
mean B0=101.7442 homogen=14770.6129
mean B0=94.0344 homogen=5618.4521
mean B0=101.5936 homogen=14580.8208
mean B0=102.5484 homogen=18504.7509
mean B0=105.9372 homogen=45131.2869
mean B0=77.3397 homogen=65137.5482
mean B0=95.4098 homogen=7825.3451
mean B0=101.8023 homogen=22063.6132
mean B0=102.5354 homogen=19081.004
mean B0=97.0689 homogen=10639.9867
mean B0=101.5301 homogen=20247.7645
mean B0=103.1036 homogen=20871.7145
mean B0=101.5113 homogen=14213.5186
mean B0=102.5263 homogen=19899.4239
mean B0=96.2107 homogen=6658.9747
mean B0=95.6016 homogen=6994.8106
mean B0=101.5937 homogen=14578.0617
mean B0=107.5369 homogen=34847.9948
mean B0=96.6448 homogen=17390.5347
mean B0=102.7778 homogen=19081.7428
    79 |     3160 |     40 |  0.000000E+00 |  0.000000E+00 |  0.0060444071 |             f
mean B0=103.6366 homogen=18682.2208
mean B0=102.1693 homogen=18633.1954
mean B0=104.1448 homogen=20973.449
mean B0=102.7804 homogen=18816.8367
mean B0=98.4195 homogen=12867.9555
mean B0=90.4705 homogen=3420.7679
mean B0=103.0638 homogen=21026.0126
mean B0=102.7096 homogen=19006.0687
mean B0=101.6023 homogen=14601.279
mean B0=102.748 homogen=18838.7071
mean B0=93.9337 homogen=78097.2252
mean B0=93.3752 homogen=18674.8823
mean B0=101.0143 homogen=13176.1917
mean B0=102.4978 homogen=21760.6171
mean B0=99.434 homogen=58633.1339
mean B0=102.6635 homogen=18739.6457
mean B0=98.1813 homogen=14654.9714
mean B0=95.3885 homogen=6421.7667
mean B0=96.096 homogen=5973.6011
mean B0=106.5102 homogen=46407.5875
mean B0=102.1236 homogen=29694.1478
mean B0=93.4529 homogen=3439.6489
mean B0=103.2085 homogen=20251.8891
mean B0=106.7258 homogen=30733.444
mean B0=98.0402 homogen=14442.2277
mean B0=98.741 homogen=9423.2702
mean B0=101.5567 homogen=14293.7152
mean B0=102.7957 homogen=18912.289
mean B0=101.6516 homogen=14380.9673
mean B0=102.656 homogen=18709.8795
mean B0=100.8885 homogen=18907.998
mean B0=97.7941 homogen=26761.6908
mean B0=100.1209 homogen=37300.0232
mean B0=95.8032 homogen=6935.4112
mean B0=101.9235 homogen=15620.7552
mean B0=102.6635 homogen=18739.6078
mean B0=96.6287 homogen=12406.9439
mean B0=95.4249 homogen=5720.9029
mean B0=99.9841 homogen=12572.2633
mean B0=95.4322 homogen=9922.5219
    80 |     3200 |     32 |  0.000000E+00 |  0.000000E+00 |  0.0032059206 |             f
mean B0=102.2325 homogen=11439.9611
mean B0=103.2699 homogen=21354.6493
mean B0=98.5839 homogen=10145.8025
mean B0=99.2449 homogen=18113.7346
mean B0=90.7552 homogen=5421.4432
mean B0=95.3384 homogen=6987.3295
mean B0=95.8964 homogen=7108.3985
mean B0=93.9382 homogen=14891.8848
mean B0=95.2648 homogen=7760.576
mean B0=101.5112 homogen=14213.4974
mean B0=98.2367 homogen=26741.2522
mean B0=93.3506 homogen=3904.4931
mean B0=100.3573 homogen=11168.8028
mean B0=95.4059 homogen=5770.0051
mean B0=82.6292 homogen=33713.6367
mean B0=100.2113 homogen=30612.0457
mean B0=97.9128 homogen=15715.6768
mean B0=101.0771 homogen=24886.7253
mean B0=103.9797 homogen=38812.0434
mean B0=102.5799 homogen=18555.2546
mean B0=106.097 homogen=31016.1682
mean B0=103.4667 homogen=18161.2152
mean B0=90.6463 homogen=155853.7734
mean B0=101.8038 homogen=15133.5758
mean B0=97.8136 homogen=11099.1657
mean B0=101.8226 homogen=13834.8249
mean B0=100.9234 homogen=12993.4692
mean B0=97.741 homogen=16637.0503
mean B0=108.3794 homogen=35262.6784
mean B0=101.0337 homogen=12649.312
mean B0=102.2384 homogen=21562.1199
mean B0=92.9673 homogen=73611.2688
mean B0=101.8393 homogen=15213.5582
mean B0=103.6366 homogen=18682.2208
mean B0=94.4191 homogen=16904.4455
mean B0=98.131 homogen=33828.9267
mean B0=96.8674 homogen=12883.9119
mean B0=96.2526 homogen=7231.1162
mean B0=82.5721 homogen=14527.6455
mean B0=102.5472 homogen=18504.811
    81 |     3240 |     25 |  0.000000E+00 |  0.000000E+00 |  0.0054706891 |             f
mean B0=97.3549 homogen=13710.4183
mean B0=85.2893 homogen=22649.0437
mean B0=95.8561 homogen=6962.1549
mean B0=103.9695 homogen=60696.1146
mean B0=103.001 homogen=48977.8864
mean B0=102.4948 homogen=18621.8983
mean B0=94.5366 homogen=3802.811
mean B0=101.9709 homogen=13497.2072
mean B0=110.2159 homogen=42630.101
mean B0=96.2238 homogen=7015.1749
mean B0=102.0506 homogen=16058.043
mean B0=89.3353 homogen=7100.1754
mean B0=76.545 homogen=67829.8766
mean B0=104.3532 homogen=21191.8824
mean B0=89.829 homogen=17781.668
mean B0=92.9514 homogen=21618.079
mean B0=102.9645 homogen=19485.618
mean B0=90.7191 homogen=3505.7242
mean B0=85.1709 homogen=18867.523
mean B0=103.5356 homogen=18349.8967
mean B0=73.6885 homogen=67620.4091
mean B0=98.2624 homogen=7373.6477
mean B0=86.5863 homogen=27068.3305
mean B0=99.5321 homogen=60146.5901
mean B0=99.2045 homogen=22200.4689
mean B0=101.0352 homogen=12646.5236
mean B0=63.6578 homogen=117090.1766
mean B0=106.6796 homogen=30580.4864
mean B0=95.7298 homogen=6728.8523
mean B0=88.2465 homogen=39745.1784
mean B0=106.6031 homogen=31811.8942
mean B0=93.2065 homogen=4974.5169
mean B0=97.8999 homogen=13861.2162
mean B0=104.1623 homogen=20984.4008
mean B0=95.732 homogen=6673.607
mean B0=92.0701 homogen=6202.0588
mean B0=102.5116 homogen=14741.5258
mean B0=98.4752 homogen=9825.5522
mean B0=102.3459 homogen=11508.8077
mean B0=102.1477 homogen=18736.1942
    82 |     3280 |     32 |  0.000000E+00 |  0.000000E+00 |  0.0041302283 |             f
mean B0=96.4613 homogen=6629.5997
mean B0=108.1079 homogen=36371.0778
mean B0=94.9782 homogen=9067.8911
mean B0=103.947 homogen=20613.0675
mean B0=105.0887 homogen=22885.2905
mean B0=95.9964 homogen=7074.8994
mean B0=96.9851 homogen=14188.4904
mean B0=100.1521 homogen=12243.9774
mean B0=98.7177 homogen=21038.5298
mean B0=106.7155 homogen=29859.3797
mean B0=104.3942 homogen=18067.3239
mean B0=98.7509 homogen=9388.587
mean B0=89.2546 homogen=10286.8966
mean B0=104.0491 homogen=29839.9637
mean B0=95.22 homogen=6447.298
mean B0=93.3834 homogen=6509.6217
mean B0=100.047 homogen=12369.6963
mean B0=100.3065 homogen=11637.4757
mean B0=104.4297 homogen=21375.2507
mean B0=102.452 homogen=18132.7285
mean B0=103.8759 homogen=20944.0734
mean B0=96.4955 homogen=5621.7864
mean B0=90.999 homogen=165238.9427
mean B0=96.3198 homogen=7205.948
mean B0=102.4024 homogen=18527.3245
mean B0=90.7678 homogen=63694.7001
mean B0=95.1632 homogen=8893.3286
mean B0=93.7641 homogen=4596.0959
mean B0=104.2321 homogen=47407.3563
mean B0=94.6863 homogen=3497.0421
mean B0=75.7991 homogen=74692.6008
mean B0=106.6678 homogen=30648.8952
mean B0=104.0316 homogen=21369.5316
mean B0=105.1112 homogen=43646.2967
mean B0=99.5313 homogen=57573.012
mean B0=95.079 homogen=10444.4157
mean B0=97.2865 homogen=72931.2684
mean B0=102.0554 homogen=18274.3956
mean B0=102.2961 homogen=12044.3827
mean B0=92.4441 homogen=5678.1902
    83 |     3320 |     21 |  0.000000E+00 |  0.000000E+00 |  0.0065609898 |             f
mean B0=101.0849 homogen=19917.7309
mean B0=104.5973 homogen=21730.238
mean B0=93.221 homogen=8793.9139
mean B0=99.9517 homogen=12727.0949
mean B0=76.2379 homogen=74889.5568
mean B0=106.4476 homogen=33547.5479
mean B0=98.5489 homogen=10031.9787
mean B0=99.1583 homogen=26669.2047
mean B0=111.0234 homogen=33245.2238
mean B0=100.5582 homogen=10298.0944
mean B0=78.0501 homogen=63664.8983
mean B0=98.5344 homogen=6534.2553
mean B0=94.7471 homogen=27483.1287
mean B0=100.4623 homogen=81273.1262
mean B0=96.1463 homogen=6210.0267
mean B0=82.9307 homogen=43291.4212
mean B0=102.4109 homogen=19716.1607
mean B0=88.0331 homogen=124310.9965
mean B0=94.6932 homogen=22910.5771
mean B0=107.6143 homogen=39997.7761
mean B0=95.585 homogen=7823.2577
mean B0=103.7908 homogen=19861.2857
mean B0=91.4403 homogen=6729.6124
mean B0=90.028 homogen=24822.2023
mean B0=106.7189 homogen=30083.5285
mean B0=95.718 homogen=76144.0139
mean B0=90.5787 homogen=3479.7192
mean B0=98.3752 homogen=19044.1045
mean B0=106.322 homogen=40842.2248
mean B0=92.8191 homogen=3562.3107
mean B0=103.5341 homogen=17982.0468
mean B0=108.8046 homogen=54315.4124
mean B0=97.689 homogen=27273.8408
mean B0=97.8807 homogen=54134.5283
mean B0=100.3885 homogen=11264.2022
mean B0=96.1655 homogen=18336.3923
mean B0=92.8694 homogen=147053.7255
mean B0=96.8627 homogen=5542.2477
mean B0=95.5556 homogen=5964.4685
mean B0=98.7557 homogen=8940.9134
    84 |     3360 |     20 |  0.000000E+00 |  0.000000E+00 |  0.0264841656 |         ideal
mean B0=93.4547 homogen=7345.724
mean B0=101.4644 homogen=14302.1714
mean B0=88.2607 homogen=16098.5498
mean B0=98.0169 homogen=7993.7248
mean B0=98.6247 homogen=8653.844
mean B0=95.5812 homogen=8624.089
mean B0=95.661 homogen=70237.8347
mean B0=100.5236 homogen=25861.7613
mean B0=100.2488 homogen=9776.8559
mean B0=110.3284 homogen=40694.3469
mean B0=93.5428 homogen=3303.688
mean B0=96.4332 homogen=12817.548
mean B0=106.359 homogen=20735.5684
mean B0=107.3393 homogen=39751.9539
mean B0=107.6607 homogen=34297.1094
mean B0=102.9922 homogen=22776.8921
mean B0=102.607 homogen=13704.6448
mean B0=103.4665 homogen=18161.2969
mean B0=102.1667 homogen=60352.9059
mean B0=100.6837 homogen=27929.3605
mean B0=91.5119 homogen=8633.2358
mean B0=105.3107 homogen=20551.6521
mean B0=105.0914 homogen=22549.8825
mean B0=102.7058 homogen=17389.1553
mean B0=104.2265 homogen=20474.7618
mean B0=92.7758 homogen=5766.6305
mean B0=99.5028 homogen=26400.7574
mean B0=103.5833 homogen=30281.8755
mean B0=100.4964 homogen=10712.8748
mean B0=93.5798 homogen=3110.1529
mean B0=90.3823 homogen=3280.1495
mean B0=101.4712 homogen=26752.8633
mean B0=100.6338 homogen=12424.9806
mean B0=103.2968 homogen=32333.0848
mean B0=105.3387 homogen=44247.1828
mean B0=102.3603 homogen=15091.0579
mean B0=108.5358 homogen=35926.4724
mean B0=103.5342 homogen=17981.9734
mean B0=99.9889 homogen=13089.1532
mean B0=98.4919 homogen=13274.8626
    85 |     3400 |     19 |  0.000000E+00 |  0.000000E+00 |  0.0034763207 |         ideal
mean B0=109.3141 homogen=41151.9021
mean B0=104.1868 homogen=16398.741
mean B0=106.7789 homogen=49881.916
mean B0=103.1719 homogen=25282.3835
mean B0=85.1321 homogen=129294.458
mean B0=93.8574 homogen=26551.383
mean B0=93.0881 homogen=5766.5295
mean B0=100.9897 homogen=11281.8241
mean B0=98.7935 homogen=9331.3509
mean B0=99.7004 homogen=13686.3136
mean B0=104.3056 homogen=18222.3882
mean B0=100.7777 homogen=9841.4268
mean B0=94.772 homogen=3914.3692
mean B0=100.5051 homogen=10747.1498
mean B0=106.3781 homogen=30400.1029
mean B0=107.3436 homogen=37555.7368
mean B0=101.369 homogen=14688.49
mean B0=85.472 homogen=140959.8515
mean B0=105.5933 homogen=38987.5635
mean B0=98.747 homogen=29256.7341
mean B0=102.6088 homogen=21839.8254
mean B0=103.4713 homogen=18198.2299
mean B0=106.4491 homogen=20420.5141
mean B0=99.5646 homogen=11538.5032
mean B0=111.0991 homogen=40064.2972
mean B0=92.8316 homogen=24077.8353
mean B0=93.843 homogen=7092.6386
mean B0=99.6978 homogen=11156.8937
mean B0=90.4719 homogen=3456.3966
mean B0=99.3928 homogen=10540.1827
mean B0=89.0901 homogen=133170.3473
mean B0=100.2889 homogen=11755.1922
mean B0=96.7763 homogen=5574.7738
mean B0=89.7014 homogen=65765.5642
mean B0=102.5947 homogen=11706.3907
mean B0=104.5765 homogen=21716.4597
mean B0=103.6493 homogen=19738.016
mean B0=96.3674 homogen=13473.5166
mean B0=108.4912 homogen=35646.2758
mean B0=99.3921 homogen=56359.773
    86 |     3440 |     21 |  0.000000E+00 |  0.000000E+00 |  0.0043245993 |         ideal
mean B0=106.6714 homogen=30814.9979
mean B0=112.7943 homogen=36503.3677
mean B0=101.6286 homogen=9326.3708
mean B0=93.3978 homogen=3316.9909
mean B0=104.3784 homogen=18031.7763
mean B0=111.0728 homogen=33902.6895
mean B0=110.4772 homogen=40041.5138
mean B0=105.7109 homogen=38315.449
mean B0=86.6872 homogen=71128.9285
mean B0=97.9523 homogen=24087.3192
mean B0=100.6224 homogen=13055.981
mean B0=98.5582 homogen=15724.1019
mean B0=94.7006 homogen=3636.3726
mean B0=103.0035 homogen=43008.3963
mean B0=100.7202 homogen=10847.099
mean B0=94.793 homogen=4122.8202
mean B0=96.6287 homogen=5866.5159
mean B0=102.5573 homogen=13817.325
mean B0=102.4232 homogen=14858.0945
mean B0=103.4232 homogen=13612.4738
mean B0=102.7511 homogen=16881.0994
mean B0=103.5437 homogen=24972.317
mean B0=101.5854 homogen=15275.767
mean B0=80.6093 homogen=67952.3013
mean B0=98.9001 homogen=8650.7826
mean B0=102.5245 homogen=12155.691
mean B0=98.5344 homogen=6534.2553
mean B0=75.4915 homogen=59262.6842
mean B0=101.9869 homogen=15379.8579
mean B0=102.3531 homogen=11811.1289
mean B0=102.3703 homogen=18761.2059
mean B0=84.5835 homogen=38626.5011
mean B0=92.4842 homogen=6394.4651
mean B0=96.547 homogen=19462.518
mean B0=94.5405 homogen=4120.1262
mean B0=98.0075 homogen=8523.8802
mean B0=98.853 homogen=7441.4279
mean B0=106.4044 homogen=20691.8001
mean B0=98.973 homogen=8533.4778
mean B0=99.9792 homogen=14205.1617
    87 |     3480 |     23 |  0.000000E+00 |  0.000000E+00 |  0.0882226216 |         ideal
mean B0=105.4395 homogen=40754.7009
mean B0=94.5141 homogen=3625.0355
mean B0=102.5949 homogen=11706.4829
mean B0=95.4144 homogen=8683.676
mean B0=105.1554 homogen=52893.9036
mean B0=93.6019 homogen=3466.9905
mean B0=99.4496 homogen=50354.5284
mean B0=100.2584 homogen=26611.5432
mean B0=84.5393 homogen=33864.0769
mean B0=98.794 homogen=8926.4812
mean B0=102.9766 homogen=17896.6572
mean B0=102.2179 homogen=12828.2004
mean B0=106.4483 homogen=38526.3536
mean B0=92.0724 homogen=52179.3018
mean B0=93.002 homogen=19850.8393
mean B0=102.1352 homogen=18345.2608
mean B0=106.1145 homogen=21428.192
mean B0=110.9707 homogen=33497.9484
mean B0=102.881 homogen=13129.6868
mean B0=86.9926 homogen=31476.4734
mean B0=95.6385 homogen=10368.5763
mean B0=94.801 homogen=4669.9607
mean B0=110.6182 homogen=37015.8233
mean B0=103.3781 homogen=17511.1264
mean B0=101.6709 homogen=38766.7444
mean B0=88.2467 homogen=16480.9935
mean B0=95.8257 homogen=22193.1327
mean B0=101.3031 homogen=20176.3075
mean B0=107.549 homogen=35106.845
mean B0=101.4172 homogen=11697.5824
mean B0=103.2423 homogen=17758.7453
mean B0=108.0412 homogen=44726.8506
mean B0=102.9217 homogen=28082.9402
mean B0=101.5441 homogen=42867.9299
mean B0=99.3739 homogen=24732.5099
mean B0=96.8097 homogen=8200.2528
mean B0=98.3531 homogen=7091.9006
mean B0=104.347 homogen=18011.9373
mean B0=103.2694 homogen=17564.4471
mean B0=94.1217 homogen=13003.1784
    88 |     3520 |     28 |  0.000000E+00 |  0.000000E+00 |  0.0021639495 |             f
mean B0=99.0342 homogen=8614.4295
mean B0=95.4221 homogen=9058.9278
mean B0=100.0655 homogen=14583.5143
mean B0=98.5324 homogen=6546.8436
mean B0=109.3355 homogen=28833.0147
mean B0=94.2609 homogen=3745.6984
mean B0=103.8656 homogen=31490.3959
mean B0=104.7092 homogen=17209.9667
mean B0=105.4259 homogen=37606.0772
mean B0=93.3306 homogen=23524.8302
mean B0=92.8509 homogen=21741.896
mean B0=96.6647 homogen=19697.5834
mean B0=98.8018 homogen=7640.285
mean B0=106.4491 homogen=20420.5141
mean B0=104.6005 homogen=18427.765
mean B0=103.588 homogen=17389.497
mean B0=104.0948 homogen=20467.4724
mean B0=102.9949 homogen=16629.5136
mean B0=106.6815 homogen=30126.7371
mean B0=102.9504 homogen=26014.5592
mean B0=94.6405 homogen=3524.0853
mean B0=100.6802 homogen=13784.9865
mean B0=98.5181 homogen=25381.6325
mean B0=102.8843 homogen=13112.7632
mean B0=95.2304 homogen=6150.531
mean B0=104.0373 homogen=18836.2891
mean B0=105.1969 homogen=34127.3039
mean B0=95.6529 homogen=11763.1069
mean B0=95.5757 homogen=7875.4909
mean B0=106.7121 homogen=29138.9868
mean B0=102.2024 homogen=10434.9869
mean B0=102.9056 homogen=43365.5416
mean B0=96.823 homogen=5378.1852
mean B0=112.7943 homogen=36503.3677
mean B0=102.3399 homogen=12638.3917
mean B0=103.0213 homogen=11781.7762
mean B0=90.503 homogen=3129.5142
mean B0=101.5633 homogen=11292.0883
mean B0=98.5595 homogen=6429.4808
mean B0=105.5465 homogen=32809.5285
    89 |     3560 |     30 |  0.000000E+00 |  0.000000E+00 |  0.0086527743 |             f
mean B0=94.0913 homogen=5484.0053
mean B0=97.6339 homogen=19495.5693
mean B0=98.2539 homogen=20611.926
mean B0=102.7273 homogen=35067.0718
mean B0=95.7829 homogen=8294.5184
mean B0=102.039 homogen=17174.0518
mean B0=104.3685 homogen=54512.341
mean B0=99.0037 homogen=8623.6415
mean B0=80.5776 homogen=176857.4415
mean B0=107.2215 homogen=37142.02
mean B0=91.5644 homogen=5611.736
mean B0=102.0673 homogen=11432.2108
mean B0=94.5111 homogen=3102.4152
mean B0=99.2138 homogen=16869.5191
mean B0=102.4586 homogen=12778.7605
mean B0=85.9555 homogen=122931.1231
mean B0=85.8194 homogen=29925.7864
mean B0=94.8306 homogen=4642.0513
mean B0=103.6446 homogen=15046.8555
mean B0=81.319 homogen=31133.1142
mean B0=110.4197 homogen=32415.6152
mean B0=99.1288 homogen=25541.1007
mean B0=96.3689 homogen=15269.192
mean B0=100.147 homogen=9617.1794
mean B0=112.1173 homogen=43154.872
mean B0=107.6809 homogen=40883.8114
mean B0=103.5637 homogen=41401.3146
mean B0=106.4118 homogen=20296.3464
mean B0=104.5066 homogen=35472.5997
mean B0=88.926 homogen=36080.8885
mean B0=81.4761 homogen=57147.8698
mean B0=104.7171 homogen=16571.61
mean B0=94.922 homogen=3679.0425
mean B0=98.3408 homogen=18206.6689
mean B0=110.633 homogen=37087.078
mean B0=101.7895 homogen=12703.3291
mean B0=109.4056 homogen=30547.2133
mean B0=106.4214 homogen=20391.4361
mean B0=103.3639 homogen=23510.437
mean B0=96.3891 homogen=13956.3548
    90 |     3600 |     32 |  0.000000E+00 |  0.000000E+00 |  0.0509377466 |         nadir
mean B0=97.1752 homogen=5747.9479
mean B0=105.8942 homogen=21406.5417
mean B0=111.9631 homogen=35693.7849
mean B0=103.7252 homogen=42152.1405
mean B0=110.2617 homogen=33938.8286
mean B0=99.9036 homogen=13187.7241
mean B0=104.1387 homogen=16342.3785
mean B0=101.1184 homogen=49468.6395
mean B0=100.5838 homogen=24221.4162
mean B0=106.6282 homogen=27228.0941
mean B0=91.41 homogen=12958.7777
mean B0=100.7375 homogen=20933.9588
mean B0=73.339 homogen=65845.8519
mean B0=93.8977 homogen=3889.0601
mean B0=102.5951 homogen=11705.1809
mean B0=100.9133 homogen=29248.1415
mean B0=103.3634 homogen=10684.301
mean B0=113.3825 homogen=37305.7617
mean B0=98.1919 homogen=92804.9288
mean B0=88.7942 homogen=171220.7136
mean B0=110.4091 homogen=43789.5678
mean B0=109.1293 homogen=35475.6289
mean B0=99.7179 homogen=8150.3861
mean B0=101.3543 homogen=33583.5032
mean B0=88.9332 homogen=33258.9488
mean B0=102.3739 homogen=12925.3247
mean B0=101.6978 homogen=13182.8912
mean B0=86.4051 homogen=90400.6389
mean B0=102.8774 homogen=27007.7851
mean B0=78.2524 homogen=80098.158
mean B0=97.4823 homogen=6666.2933
mean B0=95.2249 homogen=58774.4467
mean B0=103.7274 homogen=34758.6285
mean B0=101.3277 homogen=9768.4386
mean B0=102.3458 homogen=11505.6835
mean B0=99.2081 homogen=18902.323
mean B0=106.5745 homogen=22634.7786
mean B0=109.7626 homogen=41019.5409
mean B0=106.2761 homogen=20983.5965
mean B0=84.6535 homogen=110311.8883
    91 |     3640 |     33 |  0.000000E+00 |  0.000000E+00 |  0.0311720293 |         ideal
mean B0=105.3529 homogen=45493.8426
mean B0=88.274 homogen=125392.3385
mean B0=112.7804 homogen=36527.7248
mean B0=107.0098 homogen=30732.3964
mean B0=111.612 homogen=32019.1755
mean B0=110.6236 homogen=34756.8562
mean B0=74.2714 homogen=256120.6582
mean B0=106.4474 homogen=20423.5308
mean B0=101.6538 homogen=48458.9655
mean B0=110.4733 homogen=35353.6192
mean B0=110.8693 homogen=34126.8252
mean B0=105.1092 homogen=31338.1248
mean B0=109.1265 homogen=32419.5348
mean B0=96.445 homogen=13344.7318
mean B0=98.1231 homogen=29934.7916
mean B0=104.8366 homogen=17695.2892
mean B0=101.7218 homogen=9668.0111
mean B0=96.7206 homogen=80282.0317
mean B0=107.8054 homogen=22459.3806
mean B0=82.1237 homogen=22268.4971
mean B0=102.2578 homogen=35000.452
mean B0=93.7053 homogen=31431.599
mean B0=85.3438 homogen=124371.6138
mean B0=107.191 homogen=22092.0696
mean B0=102.9244 homogen=12280.8425
mean B0=104.2144 homogen=16478.6172
mean B0=103.4958 homogen=16648.359
mean B0=106.4231 homogen=20388.2381
mean B0=103.2599 homogen=40479.3847
mean B0=92.7932 homogen=138009.5566
mean B0=111.9111 homogen=33609.7655
mean B0=103.5969 homogen=41699.5201
mean B0=104.2524 homogen=17536.6555
mean B0=96.9239 homogen=15228.0382
mean B0=87.4692 homogen=147649.2908
mean B0=106.255 homogen=21476.8474
mean B0=99.6206 homogen=7864.614
mean B0=96.6313 homogen=6489.6353
mean B0=110.6984 homogen=42193.1549
mean B0=101.6938 homogen=12303.7966
    92 |     3680 |     36 |  0.000000E+00 |  0.000000E+00 |  0.0069945811 |             f
mean B0=78.0998 homogen=73780.8315
mean B0=111.2337 homogen=32503.7177
mean B0=97.3979 homogen=11310.6788
mean B0=93.7413 homogen=87051.5605
mean B0=104.7171 homogen=16571.61
mean B0=90.2191 homogen=93518.2953
mean B0=96.716 homogen=5442.852
mean B0=97.8534 homogen=10694.9145
mean B0=99.3367 homogen=17228.2126
mean B0=90.6499 homogen=10409.6074
mean B0=101.756 homogen=9652.4816
mean B0=110.0639 homogen=32649.2944
mean B0=103.4223 homogen=13613.6755
mean B0=111.5066 homogen=31593.538
mean B0=103.3852 homogen=16891.0284
mean B0=112.0861 homogen=36389.0789
mean B0=106.8267 homogen=20641.9941
mean B0=112.9909 homogen=37108.1077
mean B0=99.6793 homogen=8311.6925
mean B0=103.6661 homogen=15119.6479
mean B0=99.6662 homogen=12341.3816
mean B0=101.1387 homogen=10012.4583
mean B0=105.4229 homogen=23265.672
mean B0=95.1764 homogen=10283.6612
mean B0=94.6863 homogen=3497.0421
mean B0=90.1078 homogen=20763.0514
mean B0=94.8077 homogen=3309.1962
mean B0=106.7147 homogen=25111.2523
mean B0=98.7867 homogen=19668.653
mean B0=106.6324 homogen=19485.3919
mean B0=112.029 homogen=33772.7282
mean B0=112.0087 homogen=35126.211
mean B0=111.8373 homogen=37090.9646
mean B0=107.2936 homogen=21726.295
mean B0=95.3165 homogen=3821.8632
mean B0=112.8021 homogen=39676.2746
mean B0=98.5 homogen=7487.9672
mean B0=99.6353 homogen=26320.1242
mean B0=85.225 homogen=32358.0384
mean B0=105.8408 homogen=21978.2167
    93 |     3720 |     39 |  0.000000E+00 |  0.000000E+00 |  0.0040230070 |             f
mean B0=99.4658 homogen=8783.6282
mean B0=104.1149 homogen=16302.2454
mean B0=104.9872 homogen=16952.8193
mean B0=76.2489 homogen=70577.098
mean B0=113.9826 homogen=36801.3378
mean B0=100.3752 homogen=25844.9915
mean B0=111.1583 homogen=37888.4234
mean B0=104.5343 homogen=14070.9154
mean B0=101.1738 homogen=10502.5195
mean B0=106.328 homogen=19957.3436
mean B0=95.3944 homogen=3050.499
mean B0=107.8033 homogen=22470.5466
mean B0=104.4381 homogen=32242.3688
mean B0=92.6753 homogen=61396.3746
mean B0=104.493 homogen=17877.7182
mean B0=109.7089 homogen=32910.8661
mean B0=103.3753 homogen=14104.7752
mean B0=104.4195 homogen=16971.3234
mean B0=112.6209 homogen=34255.3007
mean B0=106.4267 homogen=20964.012
mean B0=98.8019 homogen=13668.8531
mean B0=103.0084 homogen=13174.0627
mean B0=98.1634 homogen=7237.2255
mean B0=95.3115 homogen=8018.8343
mean B0=102.7084 homogen=120423.2525
mean B0=112.6957 homogen=36869.2272
mean B0=99.9322 homogen=6013.2803
mean B0=102.4792 homogen=11383.7127
mean B0=112.0128 homogen=30851.7018
mean B0=93.3081 homogen=11820.7835
mean B0=108.0509 homogen=42988.7154
mean B0=112.0888 homogen=36374.4801
mean B0=103.6834 homogen=40648.2886
mean B0=109.6456 homogen=49071.4313
mean B0=97.1655 homogen=5722.7385
mean B0=105.9618 homogen=26075.7208
mean B0=102.362 homogen=11545.3917
mean B0=113.1794 homogen=38236.2062
mean B0=106.9714 homogen=20413.6268
mean B0=94.5579 homogen=3476.1857
    94 |     3760 |     27 |  0.000000E+00 |  0.000000E+00 |  0.0322803802 |         ideal
mean B0=96.9108 homogen=5452.3574
mean B0=105.2269 homogen=18650.6473
mean B0=109.4719 homogen=29205.9144
mean B0=103.0508 homogen=11411.2406
mean B0=101.2027 homogen=17857.5511
mean B0=81.2343 homogen=33075.0875
mean B0=103.3411 homogen=14921.367
mean B0=98.3353 homogen=8177.335
mean B0=104.0468 homogen=17342.8905
mean B0=107.7581 homogen=22847.2752
mean B0=109.1447 homogen=31353.2553
mean B0=112.4914 homogen=35614.3252
mean B0=83.338 homogen=223507.862
mean B0=97.7009 homogen=17991.8982
mean B0=105.5247 homogen=28488.9912
mean B0=102.4519 homogen=11482.2924
mean B0=99.1867 homogen=7256.0274
mean B0=106.4867 homogen=19835.5832
mean B0=112.3449 homogen=39306.9142
mean B0=87.2653 homogen=21734.7598
mean B0=103.6597 homogen=12948.3345
mean B0=104.2649 homogen=15613.0598
mean B0=111.7492 homogen=33735.6464
mean B0=97.4625 homogen=6225.4756
mean B0=88.9453 homogen=7269.9144
mean B0=101.8502 homogen=11282.034
mean B0=106.6129 homogen=27307.962
mean B0=95.986 homogen=6162.8618
mean B0=89.0196 homogen=127729.1371
mean B0=95.3456 homogen=5646.5478
mean B0=110.1556 homogen=41849.6952
mean B0=113.4134 homogen=36116.6368
mean B0=107.295 homogen=21044.2453
mean B0=112.4791 homogen=34440.8856
mean B0=104.918 homogen=16713.2108
mean B0=106.7586 homogen=20749.29
mean B0=98.9661 homogen=7583.2286
mean B0=111.2826 homogen=34720.2338
mean B0=114.3196 homogen=34415.5916
mean B0=97.3226 homogen=9033.8753
    95 |     3800 |     27 |  0.000000E+00 |  0.000000E+00 |  0.0178069148 |         ideal
mean B0=107.9519 homogen=21874.2052
mean B0=111.9243 homogen=34096.4003
mean B0=94.5109 homogen=3103.5281
mean B0=106.9363 homogen=20522.7622
mean B0=110.8648 homogen=34254.714
mean B0=88.2083 homogen=134447.7442
mean B0=113.7963 homogen=40642.3997
mean B0=101.7727 homogen=39878.014
mean B0=100.6275 homogen=30011.9979
mean B0=103.4232 homogen=13612.4738
mean B0=106.6342 homogen=19481.4655
mean B0=103.442 homogen=11014.8729
mean B0=100.329 homogen=46656.3365
mean B0=103.9602 homogen=53251.1285
mean B0=103.8079 homogen=11256.0437
mean B0=103.1195 homogen=18302.6185
mean B0=102.2024 homogen=10434.9869
mean B0=114.3196 homogen=34415.5916
mean B0=102.7613 homogen=18936.0659
mean B0=77.4142 homogen=22633.8887
mean B0=103.1473 homogen=23226.2414
mean B0=101.7577 homogen=9704.9943
mean B0=95.3946 homogen=3049.3481
mean B0=95.3661 homogen=3786.5862
mean B0=97.2231 homogen=18839.9835
mean B0=79.8147 homogen=216681.5365
mean B0=104.8229 homogen=19541.0271
mean B0=105.4367 homogen=49505.8712
mean B0=100.85 homogen=21521.4929
mean B0=99.9322 homogen=6013.2803
mean B0=99.4045 homogen=91652.4092
mean B0=75.0785 homogen=73934.3995
mean B0=81.1546 homogen=30009.4405
mean B0=104.0876 homogen=42704.0183
mean B0=88.3165 homogen=16783.0288
mean B0=104.8058 homogen=16824.5185
mean B0=105.2269 homogen=18650.6473
mean B0=97.1655 homogen=5722.7385
mean B0=111.7066 homogen=36429.8761
mean B0=96.7914 homogen=5891.2632
    96 |     3840 |     34 |  0.000000E+00 |  0.000000E+00 |  0.0018566328 |             f
mean B0=102.922 homogen=12280.1673
mean B0=100.7645 homogen=12766.1383
mean B0=105.8693 homogen=21193.8597
mean B0=100.1778 homogen=25952.2053
mean B0=107.3658 homogen=29737.7386
mean B0=108.414 homogen=23039.145
mean B0=104.4803 homogen=11998.0046
mean B0=95.3946 homogen=3049.3637
mean B0=102.3904 homogen=9902.4252
mean B0=96.9108 homogen=5452.3574
mean B0=107.1635 homogen=33547.1111
mean B0=114.3019 homogen=34343.8231
mean B0=107.5044 homogen=20859.2014
mean B0=102.2569 homogen=10506.8318
mean B0=104.1217 homogen=33405.5543
mean B0=105.1044 homogen=16778.6268
mean B0=109.4056 homogen=30547.2133
mean B0=97.6554 homogen=6351.7664
mean B0=106.8371 homogen=20208.4393
mean B0=104.5986 homogen=35525.0498
mean B0=98.7861 homogen=5857.4412
mean B0=111.372 homogen=38118.7441
mean B0=107.0537 homogen=19202.2824
mean B0=99.8275 homogen=12479.6151
mean B0=106.7913 homogen=45841.4758
mean B0=113.887 homogen=36269.386
mean B0=102.0226 homogen=12181.3582
mean B0=95.3944 homogen=3050.4679
mean B0=91.1206 homogen=10409.5976
mean B0=97.0994 homogen=5602.6276
mean B0=106.7616 homogen=27439.7465
mean B0=104.5108 homogen=14936.7439
mean B0=109.13 homogen=29039.9901
mean B0=103.5781 homogen=20904.4873
mean B0=104.9141 homogen=53550.7932
mean B0=106.5101 homogen=19177.6947
mean B0=100.5624 homogen=24644.1415
mean B0=98.8952 homogen=7508.0488
mean B0=97.3067 homogen=5982.9528
mean B0=105.9429 homogen=27045.6316
    97 |     3880 |     39 |  0.000000E+00 |  0.000000E+00 |  0.0076327090 |             f
mean B0=112.9048 homogen=38534.2999
mean B0=98.2033 homogen=27524.8802
mean B0=95.2544 homogen=94127.2003
mean B0=109.3116 homogen=28056.8919
mean B0=108.0793 homogen=22034.3075
mean B0=99.6266 homogen=15909.6848
mean B0=93.6254 homogen=144951.3488
mean B0=101.62 homogen=15970.9
mean B0=104.7179 homogen=18254.963
mean B0=96.6186 homogen=6460.8878
mean B0=101.577 homogen=10159.4151
mean B0=102.2762 homogen=7917.8682
mean B0=104.9654 homogen=18437.5997
mean B0=101.9397 homogen=13598.5659
mean B0=105.8085 homogen=29960.0756
mean B0=109.5677 homogen=26552.4376
mean B0=105.7063 homogen=46762.624
mean B0=95.4275 homogen=21570.8722
mean B0=82.0904 homogen=35781.9576
mean B0=78.5566 homogen=73970.1592
mean B0=105.0102 homogen=12342.5277
mean B0=98.5537 homogen=9289.4763
mean B0=103.7417 homogen=27743.9138
mean B0=104.7215 homogen=16819.5911
mean B0=107.3769 homogen=20978.8205
mean B0=99.1434 homogen=18854.7069
mean B0=103.6976 homogen=14535.0141
mean B0=98.7822 homogen=15748.1951
mean B0=81.1443 homogen=204587.5253
mean B0=107.5222 homogen=19543.2896
mean B0=114.5296 homogen=33846.3522
mean B0=104.2251 homogen=16225.4999
mean B0=99.0772 homogen=6219.5749
mean B0=89.4537 homogen=137647.6836
mean B0=106.6711 homogen=24739.1442
mean B0=113.1856 homogen=39262.071
mean B0=102.2941 homogen=37787.2657
mean B0=114.1859 homogen=35915.1653
mean B0=110.6943 homogen=38505.8689
mean B0=96.8444 homogen=5394.6659
    98 |     3920 |     32 |  0.000000E+00 |  0.000000E+00 |  0.0109773136 |         ideal
mean B0=109.9563 homogen=25543.8498
mean B0=107.9548 homogen=21881.0554
mean B0=100.0191 homogen=6555.4633
mean B0=112.045 homogen=33838.2966
mean B0=102.3351 homogen=9759.6853
mean B0=97.1655 homogen=5722.7385
mean B0=109.3116 homogen=28056.8919
mean B0=105.2242 homogen=18658.2101
mean B0=99.1111 homogen=6485.9246
mean B0=114.1933 homogen=34431.0102
mean B0=96.9552 homogen=5418.4632
mean B0=97.1333 homogen=5525.2649
mean B0=96.9364 homogen=5308.4519
mean B0=101.3928 homogen=14808.7267
mean B0=63.3964 homogen=132825.2536
mean B0=113.7936 homogen=36316.9751
mean B0=95.5808 homogen=3916.8465
mean B0=104.2367 homogen=11890.6036
mean B0=112.721 homogen=38831.9399
mean B0=101.7288 homogen=107179.5767
mean B0=85.1384 homogen=123246.1571
mean B0=107.5843 homogen=24003.1003
mean B0=102.1812 homogen=8323.4786
mean B0=112.6063 homogen=34206.3311
mean B0=83.486 homogen=33521.3455
mean B0=97.1655 homogen=5722.7385
mean B0=98.6958 homogen=5590.0846
mean B0=107.5254 homogen=19533.8898
mean B0=105.1853 homogen=18348.6619
mean B0=92.2573 homogen=31470.6473
mean B0=99.5592 homogen=7116.7095
mean B0=112.1571 homogen=30252.1493
mean B0=81.632 homogen=72650.7561
mean B0=105.5398 homogen=13388.6036
mean B0=94.6249 homogen=4506.3347
mean B0=108.1253 homogen=21914.3152
mean B0=108.8605 homogen=27342.6479
mean B0=103.3435 homogen=11532.2589
mean B0=104.9761 homogen=14616.8033
mean B0=104.9651 homogen=21644.0059
    99 |     3960 |     30 |  0.000000E+00 |  0.000000E+00 |  0.0065149881 |             f
mean B0=97.1878 homogen=7312.1468
mean B0=108.4799 homogen=22220.3961
mean B0=101.5962 homogen=11001.081
mean B0=77.4341 homogen=75016.3164
mean B0=97.4216 homogen=12118.9377
mean B0=95.0657 homogen=41537.1525
mean B0=107.9547 homogen=21899.2404
mean B0=102.1889 homogen=8416.2515
mean B0=102.4233 homogen=12706.2523
mean B0=107.5537 homogen=22072.013
mean B0=108.0103 homogen=20386.6041
mean B0=63.2943 homogen=132685.9023
mean B0=92.0077 homogen=64458.2537
mean B0=114.4393 homogen=33965.3837
mean B0=107.5203 homogen=19539.733
mean B0=107.3345 homogen=19398.2175
mean B0=97.7014 homogen=5787.7624
mean B0=108.2504 homogen=36894.0087
mean B0=102.0414 homogen=11707.9013
mean B0=104.9535 homogen=14270.9189
mean B0=98.2443 homogen=13080.0911
mean B0=113.2157 homogen=30220.0535
mean B0=106.0744 homogen=29957.5057
mean B0=94.2504 homogen=5607.6925
mean B0=102.8153 homogen=20784.0004
mean B0=107.7119 homogen=32848.3391
mean B0=100.0297 homogen=6522.8397
mean B0=90.9876 homogen=115255.2142
mean B0=103.297 homogen=9090.5191
mean B0=106.9081 homogen=18930.2401
mean B0=108.6343 homogen=23047.5274
mean B0=104.8687 homogen=14297.7429
mean B0=95.336 homogen=4372.7172
mean B0=114.4196 homogen=34271.8907
mean B0=91.4545 homogen=111625.9676
mean B0=98.9989 homogen=6179.5509
mean B0=103.3888 homogen=12049.2413
mean B0=109.3916 homogen=30801.8247
mean B0=99.0676 homogen=11578.2864
mean B0=103.8823 homogen=11240.7149
   100 |     4000 |     30 |  0.000000E+00 |  0.000000E+00 |  0.0068319471 |             f
mean B0=105.0102 homogen=12342.5277
mean B0=108.4863 homogen=22861.6281
mean B0=108.5847 homogen=22514.4419
mean B0=84.8875 homogen=73247.623
mean B0=110.5809 homogen=25334.1768
mean B0=108.1261 homogen=21979.8842
mean B0=95.1259 homogen=36949.6328
mean B0=102.5657 homogen=14131.5143
mean B0=102.2959 homogen=8363.5199
mean B0=105.5293 homogen=11480.5865
mean B0=99.7519 homogen=12893.5235
mean B0=98.903 homogen=16168.4026
mean B0=101.7222 homogen=14813.1271
mean B0=99.9902 homogen=7103.4226
mean B0=94.699 homogen=41079.9484
mean B0=80.2921 homogen=74518.6063
mean B0=101.299 homogen=32683.0066
mean B0=104.3073 homogen=12187.065
mean B0=103.7308 homogen=13897.7776
mean B0=93.231 homogen=74881.8289
mean B0=104.9761 homogen=14616.8033
mean B0=107.4528 homogen=19711.0245
mean B0=103.8428 homogen=11725.7226
mean B0=109.1242 homogen=24266.032
mean B0=94.5317 homogen=82490.3924
mean B0=95.4035 homogen=3129.6241
mean B0=100.8252 homogen=25992.511
mean B0=95.8879 homogen=7773.9023
mean B0=107.185 homogen=18645.9643
mean B0=107.0328 homogen=21382.412
mean B0=88.3067 homogen=135056.8681
mean B0=101.522 homogen=16752.954
mean B0=104.0343 homogen=38935.5549
mean B0=98.7144 homogen=5085.3962
mean B0=102.5628 homogen=32913.5288
mean B0=103.6852 homogen=13348.0597
mean B0=105.4061 homogen=37865.3345
mean B0=98.9571 homogen=5740.6072
mean B0=100.1607 homogen=7187.0645
mean B0=114.6131 homogen=35910.9565
   101 |     4040 |     31 |  0.000000E+00 |  0.000000E+00 |  0.0043414092 |         ideal
mean B0=107.4527 homogen=21329.1746
mean B0=97.1488 homogen=6145.72
mean B0=99.8769 homogen=7722.4987
mean B0=83.3185 homogen=50413.1273
mean B0=89.1745 homogen=32892.5117
mean B0=101.8463 homogen=113210.422
mean B0=75.7953 homogen=73087.6291
mean B0=102.1598 homogen=9481.3992
mean B0=107.0144 homogen=18564.9953
mean B0=101.8197 homogen=9612.0537
mean B0=95.157 homogen=40254.8753
mean B0=108.5003 homogen=21797.4786
mean B0=113.9327 homogen=35285.3919
mean B0=108.3086 homogen=22601.3594
mean B0=115.3742 homogen=33954.7471
mean B0=100.2498 homogen=7352.8409
mean B0=110.8347 homogen=25989.0905
mean B0=108.3312 homogen=22940.7256
mean B0=88.9815 homogen=9922.6925
mean B0=107.8788 homogen=21759.5183
mean B0=105.1254 homogen=9148.2042
mean B0=102.2572 homogen=11394.5705
mean B0=104.5736 homogen=12512.5014
mean B0=97.6676 homogen=15375.5035
mean B0=108.4893 homogen=22865.9716
mean B0=79.6924 homogen=219057.2583
mean B0=98.7998 homogen=10442.4026
mean B0=114.5794 homogen=35320.9391
mean B0=108.473 homogen=22117.2773
mean B0=106.4505 homogen=30733.222
mean B0=104.0691 homogen=15215.6527
mean B0=101.7546 homogen=20027.638
mean B0=109.5405 homogen=20380.4307
mean B0=101.9885 homogen=8532.2261
mean B0=97.8909 homogen=5466.9639
mean B0=95.3065 homogen=3478.5602
mean B0=103.2425 homogen=10261.4289
mean B0=109.6018 homogen=24627.2373
mean B0=88.2831 homogen=94871.9266
mean B0=107.4013 homogen=19348.7386
   102 |     4080 |     27 |  0.000000E+00 |  0.000000E+00 |  0.0380949241 |         ideal
mean B0=109.5118 homogen=23590.5374
mean B0=110.8322 homogen=24718.8666
mean B0=114.285 homogen=34387.0483
mean B0=111.3645 homogen=36732.6511
mean B0=100.0331 homogen=6461.5039
mean B0=113.4361 homogen=36654.4378
mean B0=101.3087 homogen=116062.9884
mean B0=106.0225 homogen=22773.5123
mean B0=108.3061 homogen=36204.2784
mean B0=107.4766 homogen=19533.0562
mean B0=97.8979 homogen=5466.2423
mean B0=95.6829 homogen=3337.2407
mean B0=104.8602 homogen=11442.8128
mean B0=101.7089 homogen=12008.5171
mean B0=100.2587 homogen=7369.7245
mean B0=99.8016 homogen=9584.8601
mean B0=100.1376 homogen=7795.9701
mean B0=102.2186 homogen=7765.7292
mean B0=84.8661 homogen=179404.7897
mean B0=97.0967 homogen=5952.0983
mean B0=82.7642 homogen=75817.6422
mean B0=104.8659 homogen=9657.0789
mean B0=109.9958 homogen=25597.1322
mean B0=97.7411 homogen=10396.7539
mean B0=95.2814 homogen=3347.5886
mean B0=114.4188 homogen=29569.1365
mean B0=100.2241 homogen=7195.7733
mean B0=95.8289 homogen=6911.5802
mean B0=108.2884 homogen=28486.5618
mean B0=106.8387 homogen=19298.0723
mean B0=100.0226 homogen=6523.8327
mean B0=103.0062 homogen=10083.7441
mean B0=108.6691 homogen=20620.3853
mean B0=102.0501 homogen=8255.761
mean B0=107.5735 homogen=19588.3163
mean B0=102.2968 homogen=9838.2243
mean B0=98.7218 homogen=22042.1588
mean B0=99.012 homogen=5887.9827
mean B0=109.1046 homogen=21904.3906
mean B0=105.2829 homogen=18301.7907
   103 |     4120 |     33 |  0.000000E+00 |  0.000000E+00 |  0.0037992269 |             f
mean B0=113.1357 homogen=38427.188
mean B0=110.5909 homogen=25319.5151
mean B0=105.5577 homogen=11712.7204
mean B0=113.5952 homogen=37283.9275
mean B0=105.4841 homogen=18928.9971
mean B0=106.8138 homogen=18771.5639
mean B0=94.4164 homogen=29401.305
mean B0=100.4503 homogen=6324.6945
mean B0=73.2126 homogen=65181.2097
mean B0=102.2964 homogen=7930.1321
mean B0=100.5817 homogen=13918.4937
mean B0=106.4667 homogen=24271.0914
mean B0=95.2783 homogen=3328.6149
mean B0=99.4498 homogen=5893.0214
mean B0=109.5039 homogen=28365.9387
mean B0=99.0179 homogen=5491.611
mean B0=107.3311 homogen=18417.2241
mean B0=81.7992 homogen=75119.3281
mean B0=105.3139 homogen=18164.3185
mean B0=102.3489 homogen=8522.1239
mean B0=99.2011 homogen=9432.9804
mean B0=110.6175 homogen=28148.1458
mean B0=107.389 homogen=20268.4421
mean B0=105.9835 homogen=9046.0058
mean B0=98.8272 homogen=5241.0705
mean B0=96.625 homogen=19695.9106
mean B0=101.6825 homogen=11011.2389
mean B0=87.1956 homogen=11221.3238
mean B0=113.646 homogen=38933.731
mean B0=110.9891 homogen=27869.2445
mean B0=98.1121 homogen=16233.6184
mean B0=92.7122 homogen=21245.1453
mean B0=105.7125 homogen=11128.4051
mean B0=95.5131 homogen=3868.2317
mean B0=101.264 homogen=10018.9975
mean B0=77.7696 homogen=21778.907
mean B0=114.2456 homogen=29482.2082
mean B0=105.7459 homogen=18270.9276
mean B0=102.443 homogen=9023.5536
mean B0=106.9405 homogen=18675.4585
   104 |     4160 |     30 |  0.000000E+00 |  0.000000E+00 |  0.0070936514 |             f
mean B0=102.221 homogen=7775.4664
mean B0=103.4736 homogen=11457.6408
mean B0=104.155 homogen=16853.2072
mean B0=102.2245 homogen=8535.6761
mean B0=105.2802 homogen=47049.369
mean B0=100.5556 homogen=11142.1312
mean B0=103.3688 homogen=24481.2836
mean B0=114.6062 homogen=30135.0595
mean B0=95.6733 homogen=3319.1302
mean B0=112.3104 homogen=28074.8982
mean B0=100.7382 homogen=4980.5894
mean B0=112.9333 homogen=30936.213
mean B0=114.779 homogen=35749.6739
mean B0=97.9468 homogen=5523.6622
mean B0=105.9123 homogen=10598.2476
mean B0=106.2468 homogen=26660.9626
mean B0=99.6401 homogen=7854.3678
mean B0=100.0927 homogen=20999.7575
mean B0=95.5986 homogen=3960.8812
mean B0=102.715 homogen=12362.8482
mean B0=98.713 homogen=5083.3422
mean B0=114.1953 homogen=37101.3358
mean B0=107.488 homogen=19793.8675
mean B0=114.6735 homogen=33846.2725
mean B0=100.243 homogen=6738.5418
mean B0=83.4804 homogen=65645.711
mean B0=95.6979 homogen=70580.2035
mean B0=110.8018 homogen=27281.2264
mean B0=95.403 homogen=3020.8612
mean B0=105.817 homogen=20141.5104
mean B0=105.4213 homogen=22739.6784
mean B0=95.4872 homogen=2848.5572
mean B0=103.5718 homogen=17521.0698
mean B0=80.4754 homogen=72519.5642
mean B0=109.342 homogen=20002.4085
mean B0=110.8274 homogen=24707.2907
mean B0=113.3023 homogen=32562.846
mean B0=101.0766 homogen=26322.6911
mean B0=99.8817 homogen=6131.692
mean B0=108.3512 homogen=19062.8447
   105 |     4200 |     26 |  0.000000E+00 |  0.000000E+00 |  0.0064550149 |         ideal
mean B0=102.8344 homogen=8454.8695
mean B0=115.8066 homogen=40343.7038
mean B0=107.3073 homogen=18436.6668
mean B0=102.2272 homogen=7793.8001
mean B0=106.2492 homogen=9513.5503
mean B0=102.2934 homogen=8885.1036
mean B0=108.1597 homogen=31398.1541
mean B0=103.4241 homogen=45784.5581
mean B0=97.125 homogen=18140.3058
mean B0=94.7948 homogen=3736.4226
mean B0=109.0873 homogen=18441.0543
mean B0=96.0171 homogen=3291.9604
mean B0=113.2303 homogen=33121.3867
mean B0=111.314 homogen=26982.4039
mean B0=112.3104 homogen=28074.8982
mean B0=110.2683 homogen=23861.086
mean B0=108.6908 homogen=28833.704
mean B0=106.6939 homogen=21209.4831
mean B0=99.3127 homogen=6737.1468
mean B0=115.3622 homogen=33963.3537
mean B0=101.8751 homogen=10064.2023
mean B0=108.3216 homogen=23308.8027
mean B0=112.8306 homogen=32231.4321
mean B0=114.3872 homogen=28332.1435
mean B0=105.4811 homogen=10519.6641
mean B0=97.3622 homogen=22142.4975
mean B0=105.8228 homogen=38085.5946
mean B0=99.6242 homogen=64398.0525
mean B0=99.9007 homogen=19505.5842
mean B0=111.5997 homogen=25122.8683
mean B0=111.3844 homogen=26261.2253
mean B0=101.7686 homogen=8253.4264
mean B0=107.63 homogen=20081.9493
mean B0=100.8374 homogen=44402.412
mean B0=95.6826 homogen=77623.9365
mean B0=113.4637 homogen=29590.1268
mean B0=106.0932 homogen=23181.2608
mean B0=111.5129 homogen=31431.1462
mean B0=99.6517 homogen=89758.2592
mean B0=95.4929 homogen=2836.2965
   106 |     4240 |     27 |  0.000000E+00 |  0.000000E+00 |  0.0212864615 |         ideal
mean B0=109.8776 homogen=25080.7976
mean B0=112.5018 homogen=26835.0388
mean B0=115.3742 homogen=33954.7471
mean B0=102.748 homogen=7458.151
mean B0=104.8557 homogen=8937.8798
mean B0=108.6118 homogen=20464.7125
mean B0=78.1595 homogen=78689.7811
mean B0=105.3147 homogen=8303.0781
mean B0=105.3407 homogen=46370.5388
mean B0=101.395 homogen=71722.0425
mean B0=100.2387 homogen=10287.7153
mean B0=112.5508 homogen=28678.9697
mean B0=83.5695 homogen=53111.1314
mean B0=96.9492 homogen=6317.6113
mean B0=111.1868 homogen=29231.4265
mean B0=111.8691 homogen=29620.8669
mean B0=112.1312 homogen=26794.2082
mean B0=113.4896 homogen=33048.0284
mean B0=97.9564 homogen=21244.6636
mean B0=113.7977 homogen=31200.1851
mean B0=103.4195 homogen=43437.4205
mean B0=107.7536 homogen=18243.8169
mean B0=100.7382 homogen=4980.5894
mean B0=112.9522 homogen=36603.7311
mean B0=102.8794 homogen=9050.0184
mean B0=108.2163 homogen=20005.845
mean B0=108.3496 homogen=20443.8504
mean B0=102.9444 homogen=8303.4636
mean B0=102.7129 homogen=46969.7964
mean B0=108.5347 homogen=34631.9864
mean B0=102.8052 homogen=8600.0362
mean B0=108.1424 homogen=58474.3049
mean B0=98.3849 homogen=6339.0348
mean B0=68.6988 homogen=253690.2077
mean B0=99.7033 homogen=7718.184
mean B0=102.6088 homogen=8837.0663
mean B0=105.1521 homogen=10024.7174
mean B0=103.4052 homogen=11613.4631
mean B0=108.4767 homogen=19261.5787
mean B0=108.5694 homogen=25355.8777
   107 |     4280 |     25 |  0.000000E+00 |  0.000000E+00 |  0.0061966988 |             f
mean B0=108.0581 homogen=18651.6577
mean B0=112.8168 homogen=31507.3795
mean B0=109.524 homogen=25328.3074
mean B0=110.5471 homogen=25615.3289
mean B0=103.5567 homogen=5899.3842
mean B0=106.5293 homogen=17836.4107
mean B0=102.9128 homogen=9593.0751
mean B0=96.2593 homogen=25711.8654
mean B0=105.902 homogen=9371.6679
mean B0=106.4008 homogen=44530.9776
mean B0=95.7484 homogen=3504.1722
mean B0=105.9445 homogen=10506.7679
mean B0=115.3622 homogen=33963.1075
mean B0=105.7792 homogen=30068.9548
mean B0=115.4747 homogen=33605.5731
mean B0=105.9933 homogen=39122.403
mean B0=104.2717 homogen=14501.5243
mean B0=109.1795 homogen=22068.6516
mean B0=114.3896 homogen=28334.8407
mean B0=111.7163 homogen=25719.2257
mean B0=112.7302 homogen=46384.3941
mean B0=108.3932 homogen=24093.948
mean B0=112.5819 homogen=27390.4813
mean B0=111.6016 homogen=25114.099
mean B0=104.022 homogen=8929.3027
mean B0=87.1967 homogen=117570.111
mean B0=105.5853 homogen=10976.0532
mean B0=104.0017 homogen=10454.4347
mean B0=109.9759 homogen=25596.7759
mean B0=102.448 homogen=36702.1218
mean B0=98.4496 homogen=4428.9769
mean B0=107.5836 homogen=18816.783
mean B0=115.3743 homogen=33953.9072
mean B0=104.8808 homogen=34878.0998
mean B0=115.7102 homogen=40725.5164
mean B0=91.3015 homogen=26892.3814
mean B0=105.9448 homogen=23042.0517
mean B0=109.7958 homogen=20720.2578
mean B0=114.4174 homogen=29566.6256
mean B0=113.9148 homogen=29977.9776
   108 |     4320 |     30 |  0.000000E+00 |  0.000000E+00 |  0.0097054070 |             f
mean B0=115.3743 homogen=33953.9072
mean B0=107.2991 homogen=18345.0754
mean B0=112.4252 homogen=28130.1012
mean B0=100.6347 homogen=5197.5788
mean B0=108.7024 homogen=46837.7042
mean B0=112.6821 homogen=27041.2377
mean B0=111.5997 homogen=25122.8683
mean B0=101.9897 homogen=55388.4697
mean B0=109.4444 homogen=20375.5366
mean B0=111.5424 homogen=27036.1748
mean B0=109.0002 homogen=29725.3643
mean B0=109.181 homogen=18574.7447
mean B0=112.5662 homogen=26521.9388
mean B0=98.6614 homogen=4880.8902
mean B0=109.232 homogen=22158.4778
mean B0=103.8559 homogen=39650.0126
mean B0=83.1372 homogen=137442.7666
mean B0=103.5404 homogen=12384.3484
mean B0=98.6782 homogen=4865.6604
mean B0=113.919 homogen=29753.1649
mean B0=103.5567 homogen=5899.3842
mean B0=106.2492 homogen=9513.5503
mean B0=114.5208 homogen=30623.783
mean B0=105.9446 homogen=9033.5332
mean B0=114.603 homogen=30147.3314
mean B0=109.701 homogen=20587.1267
mean B0=100.6523 homogen=5110.9019
mean B0=94.6273 homogen=132338.3758
mean B0=109.5405 homogen=20380.4307
mean B0=100.4648 homogen=6259.3247
mean B0=108.852 homogen=25066.1718
mean B0=114.3171 homogen=29913.3062
mean B0=114.3553 homogen=29880.5942
mean B0=115.7852 homogen=40277.4285
mean B0=96.5304 homogen=5174.1846
mean B0=104.8216 homogen=42654.7381
mean B0=109.8346 homogen=27773.5606
mean B0=108.2728 homogen=25974.4677
mean B0=106.3048 homogen=18489.3749
mean B0=97.2174 homogen=140784.8641
   109 |     4360 |     38 |  0.000000E+00 |  0.000000E+00 |  0.0014734708 |             f
mean B0=103.9368 homogen=7929.1799
mean B0=114.7315 homogen=42946.272
mean B0=111.3046 homogen=28800.985
mean B0=115.4503 homogen=33572.6955
mean B0=108.0241 homogen=27206.9298
mean B0=100.3994 homogen=4857.1658
mean B0=110.8731 homogen=26767.7337
mean B0=108.0768 homogen=18413.9367
mean B0=109.5431 homogen=20389.6521
mean B0=115.5992 homogen=40934.8443
mean B0=92.1802 homogen=55313.087
mean B0=109.7062 homogen=32948.3461
mean B0=112.0952 homogen=32254.2159
mean B0=84.0857 homogen=169221.1252
mean B0=113.5496 homogen=30327.1481
mean B0=107.2406 homogen=27211.3521
mean B0=102.8595 homogen=26597.3926
mean B0=106.2492 homogen=9513.5503
mean B0=109.1942 homogen=32719.0105
mean B0=99.2565 homogen=24957.8282
mean B0=108.7305 homogen=25690.6852
mean B0=107.5249 homogen=19516.8537
mean B0=108.5154 homogen=25714.0162
mean B0=114.4034 homogen=28371.7741
mean B0=107.7836 homogen=23617.166
mean B0=103.0916 homogen=10235.7599
mean B0=94.1253 homogen=148303.694
mean B0=110.1758 homogen=35307.4422
mean B0=107.6623 homogen=20038.8223
mean B0=114.7326 homogen=38487.7807
mean B0=98.2479 homogen=18704.8427
mean B0=97.429 homogen=12544.9578
mean B0=109.9695 homogen=23153.1756
mean B0=114.1924 homogen=29851.1796
mean B0=107.2033 homogen=18698.9002
mean B0=112.5443 homogen=26575.2195
mean B0=97.2727 homogen=6919.7458
mean B0=106.2492 homogen=9513.5503
mean B0=102.9429 homogen=29300.1894
mean B0=105.4275 homogen=18110.7598
   110 |     4400 |     40 |  0.000000E+00 |  0.000000E+00 |  0.0039303514 |             f
mean B0=110.5518 homogen=25626.9563
mean B0=114.7786 homogen=32797.6861
mean B0=105.3147 homogen=8303.0359
mean B0=108.9208 homogen=25558.6006
mean B0=100.4635 homogen=5900.4105
mean B0=110.5811 homogen=25874.4872
mean B0=100.3349 homogen=4557.861
mean B0=110.2789 homogen=25535.3141
mean B0=114.2126 homogen=29986.6338
mean B0=109.4445 homogen=20164.6119
mean B0=111.7371 homogen=49562.8195
mean B0=103.4904 homogen=35256.446
mean B0=102.9451 homogen=10766.535
mean B0=95.6502 homogen=5491.0636
mean B0=109.5527 homogen=20424.9689
mean B0=84.1682 homogen=224902.2905
mean B0=110.4364 homogen=25004.3798
mean B0=110.4474 homogen=24346.3708
mean B0=110.0406 homogen=22904.7418
mean B0=107.369 homogen=18309.9423
mean B0=98.6081 homogen=4820.1702
mean B0=111.4984 homogen=25500.0259
mean B0=105.8087 homogen=9455.5529
mean B0=97.4335 homogen=36886.0126
mean B0=109.543 homogen=20423.8389
mean B0=109.3959 homogen=25336.5681
mean B0=114.4645 homogen=28758.2499
mean B0=103.7948 homogen=23019.6283
mean B0=111.924 homogen=25342.5564
mean B0=115.7574 homogen=39553.1777
mean B0=108.6239 homogen=24808.1577
mean B0=102.2937 homogen=33524.5914
mean B0=96.251 homogen=4638.8169
mean B0=101.1668 homogen=23024.4855
mean B0=108.0768 homogen=18413.9367
mean B0=110.7063 homogen=28310.8876
mean B0=103.0911 homogen=8212.2311
mean B0=108.9026 homogen=18819.8961
mean B0=105.8904 homogen=10154.5417
mean B0=112.9738 homogen=43087.2945
   111 |     4440 |     40 |  0.000000E+00 |  0.000000E+00 |  0.0028787416 |             f
mean B0=108.6889 homogen=20361.7286
mean B0=114.338 homogen=37179.1055
mean B0=111.2658 homogen=24182.2136
mean B0=97.1706 homogen=6216.9678
mean B0=111.7048 homogen=25605.1413
mean B0=114.2902 homogen=29087.3367
mean B0=103.9208 homogen=11627.5805
mean B0=110.4351 homogen=24492.9081
mean B0=111.9068 homogen=25251.3229
mean B0=92.5202 homogen=35759.3718
mean B0=106.2206 homogen=28707.5701
mean B0=93.2297 homogen=11041.744
mean B0=96.0275 homogen=15048.4731
mean B0=110.2322 homogen=23028.5475
mean B0=111.5398 homogen=42649.1544
mean B0=112.7824 homogen=26839.1424
mean B0=104.2958 homogen=8024.7478
mean B0=99.7947 homogen=15457.6968
mean B0=100.3885 homogen=4896.1017
mean B0=97.6612 homogen=78065.5848
mean B0=108.6905 homogen=18254.0768
mean B0=110.7989 homogen=26036.0536
mean B0=78.1601 homogen=82908.6068
mean B0=107.89 homogen=19390.5394
mean B0=91.8437 homogen=121147.8238
mean B0=110.111 homogen=22935.3618
mean B0=110.791 homogen=22083.9707
mean B0=110.1861 homogen=38887.4404
mean B0=112.5825 homogen=26620.0905
mean B0=105.6807 homogen=9913.8877
mean B0=103.6582 homogen=5566.5028
mean B0=98.4202 homogen=23404.7979
mean B0=118.1188 homogen=40052.2426
mean B0=114.3169 homogen=36364.7188
mean B0=109.8519 homogen=27037.2491
mean B0=112.6658 homogen=30924.4644
mean B0=106.2152 homogen=18790.8186
mean B0=114.0312 homogen=30293.3363
mean B0=104.5908 homogen=33930.9963
mean B0=105.231 homogen=9420.4504
   112 |     4480 |     39 |  0.000000E+00 |  0.000000E+00 |  0.1021931590 |         ideal
mean B0=103.5586 homogen=36281.836
mean B0=103.4164 homogen=5635.4891
mean B0=108.4186 homogen=19656.7812
mean B0=91.2751 homogen=121928.6057
mean B0=110.2888 homogen=35322.5779
mean B0=95.6079 homogen=4051.4704
mean B0=104.6143 homogen=10901.7268
mean B0=115.5109 homogen=38066.9226
mean B0=114.1998 homogen=36571.5258
mean B0=111.5772 homogen=25342.9934
mean B0=101.6011 homogen=34727.6006
mean B0=112.3987 homogen=42560.4934
mean B0=108.4324 homogen=28690.0215
mean B0=109.864 homogen=29949.045
mean B0=107.4605 homogen=22470.9688
mean B0=112.1177 homogen=28196.7504
mean B0=104.1731 homogen=6349.3355
mean B0=114.525 homogen=30360.2613
mean B0=100.5281 homogen=5469.8012
mean B0=114.2912 homogen=28577.7003
mean B0=102.4064 homogen=7855.3924
mean B0=113.0361 homogen=27025.3745
mean B0=100.4285 homogen=6506.1297
mean B0=100.4261 homogen=4880.4078
mean B0=103.9549 homogen=8095.4939
mean B0=101.1547 homogen=5862.3301
mean B0=109.1624 homogen=26544.3021
mean B0=106.1443 homogen=9975.5574
mean B0=108.2001 homogen=19512.5601
mean B0=112.591 homogen=26290.3627
mean B0=101.937 homogen=24700.4738
mean B0=114.5422 homogen=28813.3214
mean B0=98.4451 homogen=4416.7046
mean B0=109.3268 homogen=34760.3243
mean B0=105.4545 homogen=12610.373
mean B0=114.8888 homogen=35283.2216
mean B0=113.8218 homogen=29528.8878
mean B0=109.5099 homogen=20474.3938
mean B0=99.6978 homogen=136268.6088
mean B0=111.909 homogen=25324.3228
   113 |     4520 |     40 |  0.000000E+00 |  0.000000E+00 |  0.0027340111 |             f
mean B0=105.3216 homogen=12337.3215
mean B0=95.4929 homogen=2836.2965
mean B0=109.4199 homogen=18611.1876
mean B0=104.4186 homogen=12412.7365
mean B0=112.9244 homogen=27397.8135
mean B0=112.9994 homogen=25746.5636
mean B0=104.56 homogen=13600.1658
mean B0=111.948 homogen=24560.3399
mean B0=104.4127 homogen=8237.3721
mean B0=115.4687 homogen=33699.3661
mean B0=103.7475 homogen=8539.2867
mean B0=110.3578 homogen=23876.727
mean B0=107.6172 homogen=23666.9038
mean B0=115.4098 homogen=33416.1295
mean B0=112.1682 homogen=33327.7116
mean B0=114.4347 homogen=30904.2004
mean B0=98.4766 homogen=4526.0462
mean B0=98.4632 homogen=7688.5507
mean B0=105.9654 homogen=8999.4019
mean B0=107.6278 homogen=23444.8191
mean B0=110.5326 homogen=24688.4274
mean B0=95.7621 homogen=2826.4703
mean B0=103.9412 homogen=6298.9708
mean B0=108.064 homogen=23070.2317
mean B0=114.3468 homogen=28331.0983
mean B0=114.4356 homogen=31873.4993
mean B0=100.855 homogen=27164.368
mean B0=109.3425 homogen=37220.9535
mean B0=115.3481 homogen=33841.7147
mean B0=114.5245 homogen=28690.2888
mean B0=114.4881 homogen=30224.0774
mean B0=96.6917 homogen=143307.3624
mean B0=104.7667 homogen=22193.6509
mean B0=105.6049 homogen=8843.1651
mean B0=108.1171 homogen=24886.9897
mean B0=115.6853 homogen=37131.469
mean B0=110.7524 homogen=22290.0097
mean B0=105.2849 homogen=10699.4098
mean B0=100.7302 homogen=4983.0536
mean B0=67.6601 homogen=299291.8178
   114 |     4560 |     40 |  0.000000E+00 |  0.000000E+00 |  0.0120425254 |         nadir
mean B0=114.6072 homogen=30140.4531
mean B0=103.9343 homogen=26870.0774
mean B0=100.7016 homogen=21993.3756
mean B0=91.5869 homogen=112159.9235
mean B0=105.9788 homogen=9072.3926
mean B0=98.4779 homogen=4541.8618
mean B0=106.4899 homogen=16519.4732
mean B0=105.4855 homogen=13851.1544
mean B0=110.7675 homogen=25028.3428
mean B0=113.065 homogen=26939.317
mean B0=108.7308 homogen=26049.1702
mean B0=105.3067 homogen=8317.2908
mean B0=114.5091 homogen=28768.8542
mean B0=109.1415 homogen=18428.8552
mean B0=111.9575 homogen=24649.8216
mean B0=109.4035 homogen=18570.0472
mean B0=112.4769 homogen=27643.9986
mean B0=107.2439 homogen=22626.7612
mean B0=108.8286 homogen=20078.414
mean B0=115.3829 homogen=33948.6107
mean B0=96.0166 homogen=3290.9851
mean B0=100.5896 homogen=5260.5427
mean B0=100.0935 homogen=16834.5354
mean B0=102.9298 homogen=5924.0755
mean B0=113.2256 homogen=30291.0042
mean B0=103.6571 homogen=5574.9686
mean B0=107.7848 homogen=20296.2917
mean B0=110.2703 homogen=26402.0452
mean B0=113.7073 homogen=35265.2499
mean B0=111.2372 homogen=24262.4592
mean B0=110.9691 homogen=36704.3344
mean B0=104.4204 homogen=8287.3053
mean B0=87.0265 homogen=72205.3911
mean B0=106.2847 homogen=9542.8837
mean B0=109.5101 homogen=20554.3836
mean B0=106.2645 homogen=9474.6811
mean B0=106.0299 homogen=9300.132
mean B0=107.3579 homogen=27865.4032
mean B0=115.4394 homogen=40522.2671
mean B0=105.9726 homogen=9071.5568
   115 |     4600 |     40 |  0.000000E+00 |  0.000000E+00 |  0.0011673172 |             f
mean B0=84.3517 homogen=275947.7119
mean B0=96.7291 homogen=32781.7208
mean B0=104.0313 homogen=9687.7792
mean B0=111.9528 homogen=38382.8902
mean B0=96.2542 homogen=15100.1836
mean B0=105.5606 homogen=63159.4915
mean B0=107.9754 homogen=45682.9407
mean B0=103.1207 homogen=16013.837
mean B0=105.3143 homogen=8310.4203
mean B0=104.475 homogen=7683.6812
mean B0=104.4105 homogen=6377.6961
mean B0=109.0292 homogen=18577.0206
mean B0=104.4876 homogen=12150.5841
mean B0=115.4747 homogen=33605.5731
mean B0=111.9575 homogen=24649.8216
mean B0=85.4121 homogen=115566.1254
mean B0=105.5908 homogen=8919.3163
mean B0=98.4451 homogen=4416.7046
mean B0=115.826 homogen=39524.2033
mean B0=95.0789 homogen=38285.6435
mean B0=90.9095 homogen=100078.595
mean B0=103.7801 homogen=26797.963
mean B0=105.709 homogen=9755.0093
mean B0=112.0128 homogen=23520.7413
mean B0=108.3858 homogen=20922.9821
mean B0=88.7795 homogen=145563.0458
mean B0=105.7926 homogen=21735.5458
mean B0=101.1882 homogen=29817.4083
mean B0=103.659 homogen=5566.5079
mean B0=94.4003 homogen=18645.2539
mean B0=112.4118 homogen=27235.099
mean B0=108.6197 homogen=20557.2047
mean B0=94.7855 homogen=15893.656
mean B0=105.3537 homogen=111682.4007
mean B0=110.6427 homogen=22423.7829
mean B0=106.8876 homogen=21096.304
mean B0=100.1718 homogen=8164.7708
mean B0=114.5422 homogen=28813.3214
mean B0=109.7056 homogen=21147.8834
mean B0=115.3885 homogen=33473.2178
   116 |     4640 |     40 |  0.000000E+00 |  0.000000E+00 |  0.0024240965 |             f
mean B0=112.9222 homogen=26496.6665
mean B0=101.5659 homogen=6844.1101
mean B0=103.9744 homogen=11757.7208
mean B0=106.5504 homogen=19696.521
mean B0=104.0302 homogen=6253.1195
mean B0=102.2308 homogen=6905.1671
mean B0=109.9395 homogen=20401.5056
mean B0=105.2993 homogen=8347.7651
mean B0=114.6072 homogen=30140.4531
mean B0=100.6282 homogen=4946.4922
mean B0=109.4602 homogen=24019.5627
mean B0=114.0347 homogen=31087.2506
mean B0=106.0394 homogen=9430.1452
mean B0=112.7754 homogen=27871.4361
mean B0=107.5976 homogen=21382.2147
mean B0=118.175 homogen=37397.8671
mean B0=114.5163 homogen=30365.1676
mean B0=106.0158 homogen=17456.9007
mean B0=105.74 homogen=8815.5631
mean B0=105.6601 homogen=135993.4862
mean B0=77.187 homogen=49478.0553
mean B0=79.9485 homogen=37703.4841
mean B0=101.6495 homogen=8869.7306
mean B0=106.6318 homogen=18600.5684
mean B0=104.3859 homogen=8066.1837
mean B0=93.2559 homogen=76494.3795
mean B0=86.4168 homogen=73789.0882
mean B0=104.1874 homogen=6386.8846
mean B0=109.7958 homogen=20720.2578
mean B0=109.1371 homogen=18378.4909
mean B0=99.5939 homogen=7154.6673
mean B0=103.5188 homogen=5559.3566
mean B0=104.6659 homogen=7641.6689
mean B0=98.6892 homogen=4961.175
mean B0=96.7189 homogen=4316.1163
mean B0=114.3857 homogen=31454.0143
mean B0=113.0885 homogen=25543.4203
mean B0=115.7539 homogen=34822.3522
mean B0=101.4635 homogen=21033.9383
mean B0=110.506 homogen=24677.8649
   117 |     4680 |     40 |  0.000000E+00 |  0.000000E+00 |  0.0025071712 |         ideal
mean B0=110.1093 homogen=23741.5313
mean B0=110.1037 homogen=22754.0606
mean B0=103.9759 homogen=17861.3071
mean B0=107.8873 homogen=20661.842
mean B0=109.1042 homogen=27098.8676
mean B0=107.0078 homogen=17624.6996
mean B0=98.3419 homogen=19190.1552
mean B0=109.3466 homogen=18800.8524
mean B0=109.1371 homogen=18378.4909
mean B0=109.7591 homogen=22673.6437
mean B0=100.9018 homogen=4540.7956
mean B0=104.05 homogen=40113.8071
mean B0=104.5159 homogen=7989.7462
mean B0=107.381 homogen=19852.7428
mean B0=100.8432 homogen=4645.0013
mean B0=115.4109 homogen=33423.9539
mean B0=101.6673 homogen=5188.8031
mean B0=115.2373 homogen=33494.6203
mean B0=113.2643 homogen=25343.1561
mean B0=105.2004 homogen=9105.3486
mean B0=99.0639 homogen=6198.4881
mean B0=117.1123 homogen=39490.6861
mean B0=98.6457 homogen=26898.8296
mean B0=113.1055 homogen=29061.13
mean B0=105.7028 homogen=22320.8142
mean B0=111.5709 homogen=27047.9082
mean B0=100.6503 homogen=19538.5322
mean B0=113.7705 homogen=30569.0267
mean B0=96.2409 homogen=3915.8043
mean B0=90.7181 homogen=21115.251
mean B0=100.1695 homogen=5338.4245
mean B0=100.783 homogen=25805.2802
mean B0=105.3972 homogen=8439.133
mean B0=110.8863 homogen=24859.8633
mean B0=98.0683 homogen=28895.8303
mean B0=115.4733 homogen=33597.4522
mean B0=100.376 homogen=6691.455
mean B0=113.6505 homogen=48106.3144
mean B0=109.2887 homogen=19828.3603
mean B0=105.3147 homogen=8303.0781
   118 |     4720 |     40 |  0.000000E+00 |  0.000000E+00 |  0.0028750648 |             f
mean B0=109.2618 homogen=16126.8467
mean B0=114.0953 homogen=28076.934
mean B0=108.3125 homogen=39631.4414
mean B0=108.1681 homogen=23794.0591
mean B0=110.791 homogen=22083.9707
mean B0=105.978 homogen=17663.2451
mean B0=81.5774 homogen=227433.0332
mean B0=104.9492 homogen=12462.2624
mean B0=103.0133 homogen=16367.0668
mean B0=99.7317 homogen=9259.7557
mean B0=104.0851 homogen=6624.9915
mean B0=110.6321 homogen=25506.8272
mean B0=96.7335 homogen=6230.5875
mean B0=104.2948 homogen=6581.1485
mean B0=115.0173 homogen=32743.606
mean B0=103.4297 homogen=42747.8596
mean B0=105.2946 homogen=18375.8913
mean B0=115.5488 homogen=33365.3613
mean B0=114.2546 homogen=36439.6506
mean B0=106.1412 homogen=18176.6682
mean B0=107.6415 homogen=20503.3587
mean B0=100.9113 homogen=5049.807
mean B0=104.4513 homogen=31450.3783
mean B0=109.8688 homogen=30992.157
mean B0=106.2847 homogen=9542.8837
mean B0=108.7834 homogen=18510.9058
mean B0=105.3537 homogen=111682.4007
mean B0=107.3738 homogen=24863.0288
mean B0=100.6268 homogen=29900.8639
mean B0=104.4488 homogen=11604.391
mean B0=109.275 homogen=20142.11
mean B0=107.7485 homogen=29239.0278
mean B0=105.8705 homogen=120442.3412
mean B0=97.4281 homogen=78318.6138
mean B0=106.5194 homogen=19998.4923
mean B0=105.2705 homogen=44188.7217
mean B0=104.1202 homogen=13640.1512
mean B0=111.9398 homogen=23726.2076
mean B0=114.5142 homogen=28762.7875
mean B0=105.4788 homogen=9428.9774
   119 |     4760 |     37 |  0.000000E+00 |  0.000000E+00 |  0.0030425094 |             f
mean B0=107.3003 homogen=23833.7288
mean B0=114.1785 homogen=30225.0553
mean B0=113.9293 homogen=30345.4722
mean B0=95.8553 homogen=3159.0899
mean B0=109.4135 homogen=18588.3465
mean B0=114.4456 homogen=28880.2647
mean B0=114.5979 homogen=27817.3625
mean B0=110.8984 homogen=23830.8052
mean B0=106.3576 homogen=9406.1811
mean B0=110.71 homogen=22888.993
mean B0=81.4086 homogen=227335.3324
mean B0=98.8667 homogen=4731.6728
mean B0=110.0183 homogen=23962.2061
mean B0=92.4576 homogen=121966.1976
mean B0=98.3566 homogen=18513.9659
mean B0=97.8233 homogen=7027.904
mean B0=101.8973 homogen=5564.5023
mean B0=98.6297 homogen=26041.3139
mean B0=106.0283 homogen=9490.8384
mean B0=113.8114 homogen=28057.0074
mean B0=108.5645 homogen=24244.5614
mean B0=96.6274 homogen=4396.1779
mean B0=92.0193 homogen=29465.275
mean B0=114.4313 homogen=31539.8314
mean B0=109.946 homogen=20424.3663
mean B0=114.191 homogen=28015.4149
mean B0=113.0092 homogen=25805.9605
mean B0=104.7961 homogen=28498.9386
mean B0=103.5771 homogen=5648.8307
mean B0=104.0085 homogen=6546.6154
mean B0=104.9025 homogen=11071.7595
mean B0=97.5543 homogen=25614.2169
mean B0=114.0873 homogen=45031.0105
mean B0=100.7754 homogen=4322.6079
mean B0=95.9538 homogen=17486.9968
mean B0=113.6534 homogen=30968.7107
mean B0=106.051 homogen=10139.7627
mean B0=108.6986 homogen=16850.3935
mean B0=105.4101 homogen=8386.35
mean B0=112.6475 homogen=24644.2403
   120 |     4800 |     36 |  0.000000E+00 |  0.000000E+00 |  0.0021554510 |             f
mean B0=102.1667 homogen=6965.7629
mean B0=95.0461 homogen=126388.5713
mean B0=96.152 homogen=4354.5582
mean B0=110.7363 homogen=27856.335
mean B0=105.2973 homogen=9169.921
mean B0=106.3576 homogen=9406.1811
mean B0=96.2419 homogen=3924.0233
mean B0=110.791 homogen=22083.9686
mean B0=109.3357 homogen=23777.9134
mean B0=110.749 homogen=25411.7527
mean B0=110.4469 homogen=32884.7072
mean B0=109.3263 homogen=27247.8663
mean B0=77.4581 homogen=50133.7724
mean B0=104.1418 homogen=6530.7046
mean B0=95.5919 homogen=4064.4384
mean B0=105.4162 homogen=11946.8391
mean B0=97.2024 homogen=6500.0642
mean B0=101.1983 homogen=10182.9257
mean B0=104.1047 homogen=6536.6475
mean B0=119.0698 homogen=43449.7573
mean B0=103.0295 homogen=7709.8212
mean B0=103.4457 homogen=5873.3974
mean B0=109.1219 homogen=18826.181
mean B0=96.6627 homogen=4665.1582
mean B0=118.2847 homogen=36241.7823
mean B0=115.7539 homogen=34822.3522
mean B0=90.9319 homogen=27756.1371
mean B0=115.0102 homogen=32771.789
mean B0=105.5103 homogen=12212.0371
mean B0=110.1851 homogen=29811.4376
mean B0=108.041 homogen=33776.572
mean B0=108.5114 homogen=27656.5555
mean B0=114.6072 homogen=30140.4531
mean B0=114.8228 homogen=30921.7712
mean B0=107.1486 homogen=24420.8186
mean B0=106.0262 homogen=20006.6111
mean B0=103.6312 homogen=7813.1338
mean B0=102.2373 homogen=5543.0851
mean B0=110.8588 homogen=22150.3492
mean B0=104.201 homogen=33432.6867
   121 |     4840 |     40 |  0.000000E+00 |  0.000000E+00 |  0.0383906663 |         ideal
mean B0=97.0499 homogen=4903.7466
mean B0=92.8159 homogen=13507.1128
mean B0=83.6195 homogen=21396.0781
mean B0=104.8147 homogen=43852.3255
mean B0=113.5075 homogen=25676.6844
mean B0=102.0291 homogen=6859.7592
mean B0=86.3632 homogen=31969.698
mean B0=110.6465 homogen=22445.909
mean B0=110.5842 homogen=24692.854
mean B0=96.522 homogen=3987.944
mean B0=103.6543 homogen=5364.6346
mean B0=95.9958 homogen=3283.6836
mean B0=105.4146 homogen=8361.438
mean B0=91.2353 homogen=182382.5665
mean B0=100.9714 homogen=84272.8597
mean B0=117.2176 homogen=38560.8466
mean B0=113.3603 homogen=25531.9168
mean B0=100.4995 homogen=19739.4696
mean B0=104.291 homogen=6668.9402
mean B0=104.3911 homogen=7677.6464
mean B0=96.9638 homogen=16801.2656
mean B0=112.952 homogen=42733.4384
mean B0=98.9549 homogen=34220.3218
mean B0=109.7361 homogen=20985.7198
mean B0=110.0779 homogen=33148.9444
mean B0=114.195 homogen=29984.1398
mean B0=119.3696 homogen=43967.5531
mean B0=95.5596 homogen=78593.2128
mean B0=110.1334 homogen=24145.524
mean B0=95.9319 homogen=2873.2902
mean B0=100.8 homogen=5378.7263
mean B0=87.4053 homogen=68386.6691
mean B0=99.3513 homogen=29014.4106
mean B0=113.1486 homogen=28216.9236
mean B0=112.2978 homogen=25201.0194
mean B0=96.8258 homogen=46038.7989
mean B0=110.7519 homogen=21852.6961
mean B0=100.0095 homogen=25041.7636
mean B0=101.0132 homogen=4650.2729
mean B0=105.9982 homogen=9077.709
   122 |     4880 |     40 |  0.000000E+00 |  0.000000E+00 |  0.0126998492 |         ideal
mean B0=103.9261 homogen=22874.2933
mean B0=106.3576 homogen=9406.1811
mean B0=104.2971 homogen=6241.8768
mean B0=100.3278 homogen=15373.9157
mean B0=83.0254 homogen=46103.0739
mean B0=101.8884 homogen=6012.2367
mean B0=115.4537 homogen=35841.7046
mean B0=107.353 homogen=26570.1479
mean B0=113.5284 homogen=25295.0955
mean B0=100.7653 homogen=5151.4133
mean B0=115.6526 homogen=35403.4396
mean B0=110.0344 homogen=20967.8293
mean B0=105.8985 homogen=8890.5507
mean B0=96.8103 homogen=4864.6285
mean B0=103.4923 homogen=36823.6036
mean B0=110.4067 homogen=22025.9883
mean B0=109.7302 homogen=21420.8545
mean B0=104.5518 homogen=7443.534
mean B0=105.033 homogen=7842.3668
mean B0=119.3688 homogen=43972.9012
mean B0=113.8221 homogen=24825.4233
mean B0=105.4012 homogen=9543.5301
mean B0=109.1123 homogen=18898.9316
mean B0=97.8635 homogen=13817.4725
mean B0=103.391 homogen=9058.1471
mean B0=96.766 homogen=80705.8979
mean B0=86.5782 homogen=75725.2448
mean B0=108.7435 homogen=25543.9666
mean B0=115.2574 homogen=34266.282
mean B0=96.0178 homogen=3307.4125
mean B0=105.4035 homogen=7938.305
mean B0=111.0483 homogen=37453.8437
mean B0=98.2054 homogen=90140.0182
mean B0=96.4304 homogen=3433.5343
mean B0=110.5404 homogen=36243.2554
mean B0=99.5119 homogen=38431.9605
mean B0=115.1728 homogen=33075.5534
mean B0=69.1905 homogen=100176.099
mean B0=109.9707 homogen=16575.3953
mean B0=105.8601 homogen=119861.9674
   123 |     4920 |     40 |  0.000000E+00 |  0.000000E+00 |  0.0033327044 |             f
mean B0=105.5975 homogen=8774.7437
mean B0=110.789 homogen=33513.1438
mean B0=98.1858 homogen=4238.8458
mean B0=114.8689 homogen=30993.3382
mean B0=105.2748 homogen=18620.0481
mean B0=105.7494 homogen=8739.8668
mean B0=110.0257 homogen=20923.6102
mean B0=115.8159 homogen=33652.3972
mean B0=114.6333 homogen=29909.9399
mean B0=105.3754 homogen=8273.9772
mean B0=97.0204 homogen=5964.5102
mean B0=103.0821 homogen=5191.5115
mean B0=108.5122 homogen=23665.8515
mean B0=98.6654 homogen=4078.4498
mean B0=110.9358 homogen=21998.788
mean B0=100.0501 homogen=8981.6969
mean B0=118.0621 homogen=38108.353
mean B0=80.8572 homogen=19046.6754
mean B0=115.7555 homogen=34832.5376
mean B0=103.348 homogen=4988.2171
mean B0=113.6743 homogen=29749.1863
mean B0=113.8703 homogen=24030.9892
mean B0=65.6311 homogen=137229.5515
mean B0=119.0215 homogen=43332.2834
mean B0=83.0693 homogen=76472.7006
mean B0=114.5907 homogen=30279.2877
mean B0=109.267 homogen=16112.0817
mean B0=112.0215 homogen=23789.4755
mean B0=95.859 homogen=4366.4206
mean B0=105.4416 homogen=8006.5011
mean B0=105.4803 homogen=12580.4854
mean B0=106.453 homogen=9523.833
mean B0=109.7398 homogen=16813.5515
mean B0=104.0494 homogen=7321.9227
mean B0=119.1768 homogen=43692.4884
mean B0=96.0171 homogen=3291.9604
mean B0=104.4956 homogen=7049.0543
mean B0=100.8587 homogen=4499.117
mean B0=96.8356 homogen=133065.4888
mean B0=111.1333 homogen=23199.8524
   124 |     4960 |     40 |  0.000000E+00 |  0.000000E+00 |  0.0050760526 |             f
mean B0=107.6038 homogen=19533.3167
mean B0=105.7248 homogen=8461.7291
mean B0=100.8578 homogen=4704.4974
mean B0=109.417 homogen=28035.6184
mean B0=100.0823 homogen=17582.2716
mean B0=84.7344 homogen=35995.5037
mean B0=111.2701 homogen=23623.3101
mean B0=103.6426 homogen=5538.727
mean B0=109.874 homogen=21632.575
mean B0=110.7052 homogen=21689.9244
mean B0=115.1728 homogen=33075.5534
mean B0=109.222 homogen=16129.0786
mean B0=104.4559 homogen=6180.0001
mean B0=106.2681 homogen=9080.8455
mean B0=105.7186 homogen=8876.5243
mean B0=102.7802 homogen=10698.7759
mean B0=104.6947 homogen=24543.0351
mean B0=116.1416 homogen=34519.4174
mean B0=113.5498 homogen=42979.5392
mean B0=106.8005 homogen=22261.0768
mean B0=108.6745 homogen=23578.2419
mean B0=113.9731 homogen=29180.0657
mean B0=119.3152 homogen=44609.1703
mean B0=107.3277 homogen=26907.7942
mean B0=108.5539 homogen=41001.0386
mean B0=114.6678 homogen=31360.119
mean B0=103.2107 homogen=13832.1107
mean B0=112.0348 homogen=23587.31
mean B0=115.8844 homogen=34885.1685
mean B0=114.6442 homogen=28023.076
mean B0=119.0215 homogen=43332.2834
mean B0=103.3924 homogen=4985.2096
mean B0=105.4183 homogen=7894.7123
mean B0=103.8287 homogen=5600.5752
mean B0=115.0559 homogen=32490.2324
mean B0=97.9515 homogen=11881.3898
mean B0=86.9483 homogen=17687.8912
mean B0=95.7567 homogen=2823.0957
mean B0=115.3436 homogen=33678.2359
mean B0=103.9055 homogen=10794.6362
   125 |     5000 |     40 |  0.000000E+00 |  0.000000E+00 |  0.0019005259 |             f
mean B0=108.5109 homogen=40214.0272
mean B0=105.4483 homogen=11232.0399
mean B0=106.4564 homogen=24326.4282
mean B0=103.4448 homogen=36286.1181
mean B0=95.4267 homogen=14133.7189
mean B0=112.6998 homogen=25170.6804
mean B0=94.9109 homogen=10561.8535
mean B0=114.5033 homogen=29214.9507
mean B0=112.4465 homogen=40098.5463
mean B0=105.775 homogen=8551.1246
mean B0=107.163 homogen=45934.2008
mean B0=102.146 homogen=5235.5668
mean B0=114.6373 homogen=29717.9758
mean B0=102.6068 homogen=13041.9447
mean B0=103.5147 homogen=6651.209
mean B0=114.7171 homogen=32602.853
mean B0=94.3915 homogen=6108.039
mean B0=112.5237 homogen=25190.6495
mean B0=109.592 homogen=15215.9009
mean B0=112.5701 homogen=25759.5244
mean B0=102.2864 homogen=54956.2805
mean B0=109.1035 homogen=25309.2149
mean B0=108.1554 homogen=19323.6345
mean B0=115.0474 homogen=28930.9028
mean B0=109.2749 homogen=16159.2066
mean B0=102.3224 homogen=5994.7247
mean B0=115.9221 homogen=33272.2618
mean B0=119.2216 homogen=43620.2357
mean B0=100.7173 homogen=28644.6026
mean B0=113.5299 homogen=24498.7197
mean B0=110.4448 homogen=19105.0011
mean B0=102.3493 homogen=8753.8367
mean B0=88.4702 homogen=121320.7829
mean B0=100.8244 homogen=15412.5024
mean B0=97.0289 homogen=6313.257
mean B0=115.7982 homogen=34510.7188
mean B0=118.0623 homogen=39468.9668
mean B0=108.8258 homogen=15278.4313
mean B0=115.1849 homogen=34371.3735
mean B0=114.4851 homogen=29954.1746
   126 |     5040 |     39 |  0.000000E+00 |  0.000000E+00 |  0.0052430241 |             f
mean B0=118.3343 homogen=35952.3935
mean B0=101.7237 homogen=106314.2582
mean B0=102.257 homogen=23062.0764
mean B0=101.107 homogen=4469.1642
mean B0=103.8535 homogen=5536.1499
mean B0=112.1196 homogen=24297.347
mean B0=110.4627 homogen=25107.7258
mean B0=115.0951 homogen=33291.3678
mean B0=109.9041 homogen=16525.6602
mean B0=92.6281 homogen=29177.6239
mean B0=107.8757 homogen=21230.7566
mean B0=94.9465 homogen=77469.7556
mean B0=108.856 homogen=26753.094
mean B0=114.6075 homogen=28089.719
mean B0=94.725 homogen=13564.1747
mean B0=93.7863 homogen=19361.7302
mean B0=112.0477 homogen=24364.4096
mean B0=113.1757 homogen=30953.4976
mean B0=84.296 homogen=79724.8467
mean B0=115.5396 homogen=34436.1008
mean B0=115.235 homogen=34032.2545
mean B0=79.5766 homogen=81444.867
mean B0=95.4879 homogen=49431.132
mean B0=104.5641 homogen=7056.6547
mean B0=102.1378 homogen=5204.5195
mean B0=114.2019 homogen=27009.4118
mean B0=110.9358 homogen=21998.788
mean B0=100.8343 homogen=4249.9551
mean B0=113.9467 homogen=24276.9461
mean B0=106.3875 homogen=35369.9901
mean B0=83.3533 homogen=78143.2181
mean B0=112.6247 homogen=25472.3838
mean B0=109.9917 homogen=27575.1165
mean B0=102.5562 homogen=121406.8289
mean B0=95.9983 homogen=3244.1283
mean B0=103.839 homogen=7165.8979
mean B0=119.019 homogen=42461.189
mean B0=112.2164 homogen=28525.6032
mean B0=105.8575 homogen=8789.3807
mean B0=118.868 homogen=42091.0625
   127 |     5080 |     40 |  0.000000E+00 |  0.000000E+00 |  0.0026482471 |             f
mean B0=96.0116 homogen=46453.2314
mean B0=118.7846 homogen=36940.2291
mean B0=109.8421 homogen=15486.9896
mean B0=102.1568 homogen=12481.8736
mean B0=118.5414 homogen=44338.6988
mean B0=114.7162 homogen=28066.4817
mean B0=114.4023 homogen=26553.0614
mean B0=95.6713 homogen=121047.0772
mean B0=111.1333 homogen=23199.8524
mean B0=107.9561 homogen=32281.1287
mean B0=115.0706 homogen=32430.3397
mean B0=112.152 homogen=22728.6952
mean B0=95.9727 homogen=35339.7908
mean B0=118.4217 homogen=46214.4423
mean B0=105.3497 homogen=13047.287
mean B0=109.8676 homogen=19354.5916
mean B0=109.0479 homogen=19081.0722
mean B0=109.9041 homogen=16525.6521
mean B0=95.9543 homogen=3499.5544
mean B0=110.0855 homogen=15680.3974
mean B0=110.0054 homogen=35711.2088
mean B0=115.1027 homogen=37457.2711
mean B0=112.726 homogen=23837.9414
mean B0=114.6579 homogen=27990.0985
mean B0=96.9634 homogen=4077.1305
mean B0=113.8741 homogen=24354.3785
mean B0=115.5667 homogen=33866.2934
mean B0=99.4025 homogen=100435.8254
mean B0=101.107 homogen=4469.1642
mean B0=110.6488 homogen=24489.732
mean B0=99.7686 homogen=26320.4131
mean B0=114.1761 homogen=27692.8783
mean B0=104.0771 homogen=41806.7835
mean B0=106.4224 homogen=9008.8388
mean B0=97.9569 homogen=9346.7649
mean B0=119.7196 homogen=43844.2782
mean B0=106.7976 homogen=25180.221
mean B0=100.8343 homogen=4249.9551
mean B0=106.0479 homogen=10894.7912
mean B0=111.5782 homogen=25619.9152
   128 |     5120 |     40 |  0.000000E+00 |  0.000000E+00 |  0.0146049804 |         ideal
mean B0=111.7193 homogen=24739.4327
mean B0=96.4434 homogen=4055.1022
mean B0=104.9137 homogen=28717.2565
mean B0=118.6247 homogen=38182.0339
mean B0=102.7199 homogen=9093.5421
mean B0=104.5352 homogen=8166.9537
mean B0=116.0855 homogen=35876.1338
mean B0=114.546 homogen=26021.2414
mean B0=103.2511 homogen=3971.7839
mean B0=117.1248 homogen=36249.9603
mean B0=114.4801 homogen=26698.0971
mean B0=104.0103 homogen=5463.7127
mean B0=99.3489 homogen=8545.1494
mean B0=119.0985 homogen=45075.9529
mean B0=118.8583 homogen=42010.3808
mean B0=114.6106 homogen=27817.5778
mean B0=106.8875 homogen=26601.211
mean B0=96.8526 homogen=5920.4624
mean B0=117.4954 homogen=26697.554
mean B0=90.0901 homogen=15533.9845
mean B0=92.0729 homogen=122506.1742
mean B0=98.5383 homogen=21799.736
mean B0=102.811 homogen=36087.1968
mean B0=106.6002 homogen=8653.0737
mean B0=112.2979 homogen=22654.8499
mean B0=106.5567 homogen=9260.062
mean B0=104.9383 homogen=7193.7584
mean B0=81.5242 homogen=79434.3611
mean B0=118.3785 homogen=38330.4021
mean B0=76.6527 homogen=72466.5595
mean B0=110.9358 homogen=21998.788
mean B0=110.5968 homogen=16714.5493
mean B0=117.8836 homogen=46523.2158
mean B0=96.9395 homogen=4219.9136
mean B0=115.0808 homogen=32503.5189
mean B0=103.6892 homogen=33744.5404
mean B0=104.1684 homogen=22583.2575
mean B0=114.0685 homogen=36676.8796
mean B0=114.0294 homogen=26216.6146
mean B0=113.9694 homogen=24016.7477
   129 |     5160 |     30 |  0.000000E+00 |  0.000000E+00 |  0.0078308969 |             f
mean B0=109.0102 homogen=27880.7611
mean B0=112.1729 homogen=23618.3259
mean B0=106.5565 homogen=9260.8093
mean B0=119.3895 homogen=44016.4252
mean B0=112.1493 homogen=25897.7867
mean B0=104.1253 homogen=6649.5198
mean B0=92.1755 homogen=14799.2178
mean B0=105.7248 homogen=8461.7291
mean B0=116.8268 homogen=35761.8895
mean B0=117.9518 homogen=36097.0339
mean B0=117.3897 homogen=27001.278
mean B0=96.901 homogen=5181.4607
mean B0=118.8096 homogen=42272.8239
mean B0=72.358 homogen=58252.1747
mean B0=105.914 homogen=8860.1508
mean B0=119.6639 homogen=44558.8349
mean B0=80.3504 homogen=80996.0642
mean B0=113.937 homogen=23963.0868
mean B0=110.4733 homogen=24472.0538
mean B0=73.6785 homogen=69824.4497
mean B0=94.4705 homogen=34374.9706
mean B0=110.2652 homogen=16008.2131
mean B0=93.6502 homogen=11223.8078
mean B0=103.718 homogen=6088.2734
mean B0=98.3617 homogen=152199.3019
mean B0=110.4448 homogen=19105.0011
mean B0=114.6078 homogen=26048.5675
mean B0=112.2979 homogen=22654.8499
mean B0=103.7169 homogen=5484.9653
mean B0=119.3741 homogen=46403.9891
mean B0=105.044 homogen=7816.4303
mean B0=117.176 homogen=42079.8602
mean B0=119.077 homogen=43099.2158
mean B0=112.783 homogen=29437.6316
mean B0=104.9532 homogen=7176.6383
mean B0=103.2771 homogen=4944.3482
mean B0=112.1523 homogen=22617.2719
mean B0=102.6644 homogen=80717.2862
mean B0=110.928 homogen=22022.5841
mean B0=96.522 homogen=3987.944
   130 |     5200 |     37 |  0.000000E+00 |  0.000000E+00 |  0.0009249808 |             f
mean B0=103.2863 homogen=43679.0353
mean B0=110.1621 homogen=16895.8627
mean B0=108.1069 homogen=23697.9758
mean B0=99.7709 homogen=23368.6099
mean B0=103.4735 homogen=14559.7206
mean B0=111.8985 homogen=23509.3787
mean B0=103.7783 homogen=48391.6576
mean B0=117.4032 homogen=40155.7341
mean B0=106.9612 homogen=13940.4686
mean B0=106.5269 homogen=8570.0432
mean B0=110.7052 homogen=21689.9245
mean B0=109.9455 homogen=15943.9735
mean B0=114.7386 homogen=40952.195
mean B0=119.2216 homogen=43620.2357
mean B0=118.868 homogen=42091.0625
mean B0=109.5283 homogen=24531.7689
mean B0=113.9386 homogen=23956.0073
mean B0=110.9352 homogen=22003.5046
mean B0=109.9352 homogen=36523.6606
mean B0=112.4774 homogen=31484.9035
mean B0=104.2427 homogen=44251.8471
mean B0=90.4974 homogen=120220.1823
mean B0=106.7088 homogen=24430.8575
mean B0=99.6743 homogen=22074.6889
mean B0=104.7744 homogen=9640.3177
mean B0=104.4669 homogen=6922.408
mean B0=110.3342 homogen=45549.4777
mean B0=97.2022 homogen=6616.4475
mean B0=105.7107 homogen=8587.7682
mean B0=95.517 homogen=125741.2206
mean B0=112.7263 homogen=23840.7275
mean B0=103.0216 homogen=4626.2899
mean B0=111.9249 homogen=31572.975
mean B0=119.6638 homogen=44559.1132
mean B0=118.6761 homogen=37855.6624
mean B0=109.3959 homogen=16449.8387
mean B0=117.3552 homogen=27627.4529
mean B0=97.5805 homogen=104423.1376
mean B0=118.1874 homogen=38526.5895
mean B0=118.7599 homogen=41058.9321
   131 |     5240 |     40 |  0.000000E+00 |  0.000000E+00 |  0.0038864613 |             f
mean B0=102.1073 homogen=36647.3841
mean B0=118.3449 homogen=38674.7725
mean B0=118.3918 homogen=38858.2426
mean B0=110.7063 homogen=22286.759
mean B0=112.4516 homogen=26074.2043
mean B0=105.6854 homogen=8223.7606
mean B0=107.5267 homogen=12710.756
mean B0=113.9525 homogen=42497.0351
mean B0=112.1146 homogen=22023.8958
mean B0=117.6634 homogen=36404.5709
mean B0=106.721 homogen=24963.0788
mean B0=114.2757 homogen=27502.324
mean B0=104.1791 homogen=7902.0253
mean B0=104.7454 homogen=8675.1521
mean B0=117.8882 homogen=35276.6503
mean B0=79.093 homogen=82176.208
mean B0=118.2415 homogen=36225.5775
mean B0=119.1163 homogen=42537.8114
mean B0=106.9648 homogen=22588.2246
mean B0=114.1853 homogen=43392.8018
mean B0=111.1394 homogen=61645.5041
mean B0=112.1523 homogen=25857.0276
mean B0=110.8652 homogen=20603.2111
mean B0=112.2306 homogen=22665.5184
mean B0=95.2839 homogen=4216.1584
mean B0=109.7491 homogen=17165.2642
mean B0=113.6986 homogen=26669.4922
mean B0=109.3912 homogen=25777.8174
mean B0=115.6223 homogen=26829.6197
mean B0=109.247 homogen=26376.5852
mean B0=100.3675 homogen=74000.6254
mean B0=109.8945 homogen=16306.1394
mean B0=103.564 homogen=4206.0579
mean B0=106.5334 homogen=8553.7357
mean B0=104.9389 homogen=7857.427
mean B0=104.2809 homogen=9444.2478
mean B0=100.9277 homogen=26744.4206
mean B0=91.4541 homogen=28356.0288
mean B0=109.394 homogen=26348.359
mean B0=108.7948 homogen=23878.5337
   132 |     5280 |     40 |  0.000000E+00 |  0.000000E+00 |  0.0032528067 |             f
mean B0=113.7727 homogen=27803.5966
mean B0=105.9078 homogen=13576.8388
mean B0=110.4772 homogen=21728.5359
mean B0=111.0616 homogen=24869.249
mean B0=109.9021 homogen=16390.0354
mean B0=117.4764 homogen=26743.1824
mean B0=117.9308 homogen=35506.6813
mean B0=109.6227 homogen=15065.1954
mean B0=96.6622 homogen=4941.4172
mean B0=105.9642 homogen=19542.6721
mean B0=114.6635 homogen=24885.7281
mean B0=106.4967 homogen=8493.4614
mean B0=104.6023 homogen=8509.7154
mean B0=112.4921 homogen=19975.6582
mean B0=106.8985 homogen=21465.288
mean B0=105.705 homogen=18036.6513
mean B0=118.4232 homogen=36365.9792
mean B0=108.4761 homogen=17326.1942
mean B0=107.9138 homogen=28440.0248
mean B0=110.9534 homogen=51143.0259
mean B0=117.4921 homogen=36329.8789
mean B0=106.0908 homogen=7883.2495
mean B0=119.6149 homogen=42181.1779
mean B0=109.2194 homogen=15361.9086
mean B0=106.291 homogen=8720.5393
mean B0=116.928 homogen=32971.2002
mean B0=104.9993 homogen=7579.6225
mean B0=104.0865 homogen=7468.926
mean B0=93.232 homogen=13792.7736
mean B0=106.6011 homogen=45038.7029
mean B0=109.4383 homogen=122948.4175
mean B0=105.0536 homogen=7348.4091
mean B0=108.4822 homogen=15639.5781
mean B0=109.7986 homogen=18396.9399
mean B0=109.4959 homogen=25705.6112
mean B0=108.0326 homogen=19358.9888
mean B0=113.4758 homogen=61890.7892
mean B0=97.9865 homogen=15466.2463
mean B0=110.9487 homogen=20492.244
mean B0=102.7772 homogen=34043.8985
   133 |     5320 |     34 |  0.000000E+00 |  0.000000E+00 |  0.0044242245 |             f
mean B0=119.5369 homogen=43436.2039
mean B0=108.4104 homogen=31916.2913
mean B0=109.814 homogen=16332.064
mean B0=117.4051 homogen=27075.6663
mean B0=104.8568 homogen=7872.8523
mean B0=105.1296 homogen=6498.6285
mean B0=103.173 homogen=5704.8992
mean B0=114.3666 homogen=24248.5442
mean B0=84.3743 homogen=77085.6589
mean B0=110.0428 homogen=16697.3416
mean B0=118.7477 homogen=37303.3064
mean B0=115.1273 homogen=25258.6741
mean B0=106.7727 homogen=10747.7972
mean B0=112.6444 homogen=24297.4383
mean B0=104.4734 homogen=6937.6368
mean B0=107.6464 homogen=13153.3689
mean B0=108.9797 homogen=118513.9096
mean B0=114.5189 homogen=41697.0094
mean B0=113.615 homogen=22913.7683
mean B0=99.7923 homogen=25401.1195
mean B0=103.1354 homogen=3783.081
mean B0=113.7169 homogen=24945.7887
mean B0=106.4666 homogen=8345.4684
mean B0=114.7183 homogen=27234.0707
mean B0=117.4916 homogen=36330.3691
mean B0=108.7494 homogen=16586.1995
mean B0=96.9543 homogen=5439.6628
mean B0=96.3358 homogen=6490.2098
mean B0=111.1787 homogen=28321.0262
mean B0=114.6793 homogen=36265.8356
mean B0=117.6108 homogen=34612.8012
mean B0=113.6251 homogen=31812.7241
mean B0=111.7 homogen=30222.0083
mean B0=106.5654 homogen=9048.3342
mean B0=106.5342 homogen=8551.0989
mean B0=78.2766 homogen=84503.263
mean B0=108.4962 homogen=24187.764
mean B0=117.0721 homogen=26225.1962
mean B0=103.8112 homogen=20551.1938
mean B0=99.7301 homogen=27256.264
   134 |     5360 |     38 |  0.000000E+00 |  0.000000E+00 |  0.0052834074 |             f
mean B0=97.4744 homogen=10584.0375
mean B0=99.7244 homogen=19471.2812
mean B0=106.5917 homogen=8406.9982
mean B0=113.8836 homogen=40265.3481
mean B0=104.1893 homogen=5310.9756
mean B0=117.8925 homogen=35183.8332
mean B0=113.2793 homogen=30850.2045
mean B0=106.1975 homogen=9010.9705
mean B0=118.4447 homogen=36285.4503
mean B0=118.4069 homogen=40589.5526
mean B0=109.8213 homogen=15522.244
mean B0=110.7613 homogen=30866.9987
mean B0=109.1324 homogen=19505.7215
mean B0=102.4387 homogen=30559.799
mean B0=112.285 homogen=24166.5476
mean B0=110.418 homogen=23855.4548
mean B0=92.3375 homogen=98699.7195
mean B0=98.5335 homogen=17929.301
mean B0=108.3388 homogen=15538.6394
mean B0=100.7811 homogen=25248.5107
mean B0=118.2854 homogen=46746.3502
mean B0=76.3941 homogen=78922.2817
mean B0=110.5979 homogen=16720.0561
mean B0=98.6975 homogen=17306.1238
mean B0=106.3485 homogen=9260.7368
mean B0=115.1668 homogen=24909.9044
mean B0=115.0392 homogen=24959.0387
mean B0=106.464 homogen=12393.5355
mean B0=108.6678 homogen=113914.5774
mean B0=115.7562 homogen=26719.6611
mean B0=117.2936 homogen=26218.9636
mean B0=102.0899 homogen=25565.9944
mean B0=116.3425 homogen=26371.2621
mean B0=108.3102 homogen=15936.0826
mean B0=118.8673 homogen=37096.5912
mean B0=109.6216 homogen=15829.1568
mean B0=113.2978 homogen=46448.4847
mean B0=103.8307 homogen=13288.7412
mean B0=108.767 homogen=24095.245
mean B0=117.7926 homogen=35499.3318
   135 |     5400 |     39 |  0.000000E+00 |  0.000000E+00 |  0.0013305679 |             f
mean B0=111.4458 homogen=27857.6929
mean B0=113.8445 homogen=23833.0712
mean B0=103.5784 homogen=4222.2866
mean B0=77.8812 homogen=199710.0146
mean B0=95.7283 homogen=2830.7992
mean B0=117.6422 homogen=34541.9738
mean B0=110.2202 homogen=16339.6318
mean B0=108.5433 homogen=14923.5385
mean B0=119.7502 homogen=43898.4594
mean B0=116.8754 homogen=26283.3574
mean B0=112.5917 homogen=19760.5083
mean B0=91.1663 homogen=201890.2401
mean B0=107.3079 homogen=9192.2605
mean B0=97.2513 homogen=8115.7091
mean B0=75.7125 homogen=75645.0467
mean B0=109.7903 homogen=15676.3424
mean B0=107.2639 homogen=13862.722
mean B0=119.4677 homogen=42638.219
mean B0=93.6012 homogen=37294.5109
mean B0=108.6148 homogen=18432.0841
mean B0=112.3638 homogen=26245.144
mean B0=106.5923 homogen=8405.514
mean B0=103.2368 homogen=3955.8525
mean B0=109.9174 homogen=15678.4656
mean B0=106.1225 homogen=7807.6794
mean B0=118.303 homogen=36024.9232
mean B0=110.1356 homogen=15326.2943
mean B0=80.3844 homogen=81082.432
mean B0=117.8612 homogen=35130.1222
mean B0=109.9739 homogen=16907.714
mean B0=115.4591 homogen=26522.6524
mean B0=87.4577 homogen=77369.1235
mean B0=104.4509 homogen=6148.1577
mean B0=116.7138 homogen=28223.3413
mean B0=118.7667 homogen=37173.6232
mean B0=114.0046 homogen=24091.6954
mean B0=103.3787 homogen=4157.1945
mean B0=114.8108 homogen=24645.5442
mean B0=102.9554 homogen=13889.7065
mean B0=97.267 homogen=8825.4785
   136 |     5440 |     40 |  0.000000E+00 |  0.000000E+00 |  0.0040216228 |             f
mean B0=108.3123 homogen=20329.893
mean B0=114.9885 homogen=25219.0886
mean B0=118.8774 homogen=32902.0939
mean B0=114.0924 homogen=24700.1316
mean B0=89.478 homogen=27826.0354
mean B0=110.0191 homogen=15608.564
mean B0=106.5511 homogen=8577.4601
mean B0=118.8088 homogen=41879.9794
mean B0=106.6264 homogen=8520.8501
mean B0=104.555 homogen=6856.7441
mean B0=113.3479 homogen=24194.6826
mean B0=100.2991 homogen=45541.246
mean B0=110.2307 homogen=18317.2435
mean B0=118.667 homogen=37202.1369
mean B0=105.2063 homogen=7508.3598
mean B0=114.5752 homogen=24199.9732
mean B0=113.8111 homogen=27326.5479
mean B0=107.793 homogen=25577.7278
mean B0=103.1482 homogen=4270.482
mean B0=100.9236 homogen=19162.6833
mean B0=113.473 homogen=33715.7649
mean B0=119.896 homogen=44139.6013
mean B0=119.616 homogen=42175.0801
mean B0=103.0778 homogen=83856.8552
mean B0=99.0338 homogen=8574.9933
mean B0=118.8925 homogen=37122.8629
mean B0=110.6469 homogen=16796.6245
mean B0=118.8704 homogen=37700.6265
mean B0=119.5486 homogen=37771.4981
mean B0=104.094 homogen=5485.4971
mean B0=114.0886 homogen=24277.0047
mean B0=107.7317 homogen=22547.9723
mean B0=116.705 homogen=25095.9211
mean B0=100.9482 homogen=45590.0454
mean B0=105.8245 homogen=13628.4428
mean B0=110.1549 homogen=14894.4593
mean B0=111.869 homogen=19844.1714
mean B0=106.0226 homogen=8098.6135
mean B0=107.526 homogen=13090.807
mean B0=98.1254 homogen=14226.0996
   137 |     5480 |     38 |  0.000000E+00 |  0.000000E+00 |  0.0060390239 |         ideal
mean B0=104.4619 homogen=6169.8118
mean B0=103.2843 homogen=4160.8504
mean B0=117.5707 homogen=26853.9398
mean B0=112.6699 homogen=19385.2037
mean B0=118.6669 homogen=33845.4694
mean B0=110.8468 homogen=24946.3649
mean B0=105.7575 homogen=13355.3707
mean B0=118.9712 homogen=39024.5836
mean B0=110.1555 homogen=14893.0797
mean B0=101.058 homogen=10108.8857
mean B0=114.2611 homogen=23584.1096
mean B0=113.8406 homogen=23819.9172
mean B0=110.625 homogen=31313.6967
mean B0=106.1225 homogen=7807.6794
mean B0=110.0518 homogen=15491.8182
mean B0=89.2751 homogen=28641.3146
mean B0=112.7763 homogen=18958.1982
mean B0=119.8549 homogen=44124.7522
mean B0=105.8617 homogen=13533.2267
mean B0=104.4303 homogen=6088.703
mean B0=113.8305 homogen=63022.6678
mean B0=95.2772 homogen=13344.2467
mean B0=116.4268 homogen=24453.4656
mean B0=107.091 homogen=9666.3506
mean B0=115.0132 homogen=24833.3897
mean B0=112.1256 homogen=19516.7948
mean B0=78.3508 homogen=81743.1881
mean B0=113.9215 homogen=23766.0234
mean B0=105.2056 homogen=7509.665
mean B0=113.5907 homogen=32691.839
mean B0=109.9484 homogen=15844.6094
mean B0=110.6017 homogen=16687.3289
mean B0=114.7083 homogen=26183.0359
mean B0=118.8925 homogen=37122.8629
mean B0=104.3891 homogen=5145.0493
mean B0=91.225 homogen=120524.4631
mean B0=115.3658 homogen=26256.6153
mean B0=119.7935 homogen=43918.9414
mean B0=105.0117 homogen=7835.2897
mean B0=114.6016 homogen=24256.8473
   138 |     5520 |     40 |  0.000000E+00 |  0.000000E+00 |  0.0019671801 |             f
mean B0=118.5949 homogen=38100.1008
mean B0=109.8065 homogen=17128.8113
mean B0=104.3359 homogen=6079.1895
mean B0=105.1167 homogen=8869.2603
mean B0=106.7294 homogen=8584.875
mean B0=107.1351 homogen=8382.6151
mean B0=106.4982 homogen=8617.5851
mean B0=101.6158 homogen=11192.7249
mean B0=117.6355 homogen=25758.7493
mean B0=106.3849 homogen=9010.2579
mean B0=115.7449 homogen=25277.327
mean B0=113.1392 homogen=33200.8901
mean B0=115.6601 homogen=43388.1827
mean B0=122.876 homogen=43983.3594
mean B0=107.6066 homogen=12975.7192
mean B0=71.4449 homogen=61120.8228
mean B0=118.7448 homogen=38297.675
mean B0=121.4101 homogen=47313.2826
mean B0=113.2424 homogen=18368.5497
mean B0=116.9477 homogen=25952.7288
mean B0=118.8875 homogen=32874.0761
mean B0=114.5779 homogen=24447.2586
mean B0=103.4732 homogen=4144.7981
mean B0=114.7062 homogen=27803.6996
mean B0=105.7839 homogen=8343.6829
mean B0=114.3908 homogen=26568.5911
mean B0=111.5402 homogen=16713.7809
mean B0=98.8919 homogen=15154.9226
mean B0=103.0564 homogen=4358.734
mean B0=114.347 homogen=24013.0863
mean B0=109.9489 homogen=18973.4535
mean B0=96.0455 homogen=25620.1074
mean B0=114.4535 homogen=27290.5365
mean B0=98.4323 homogen=106328.0513
mean B0=106.0496 homogen=8562.4598
mean B0=120.1804 homogen=43049.7417
mean B0=104.8742 homogen=7389.3631
mean B0=114.7111 homogen=26674.1297
mean B0=106.628 homogen=8504.5675
mean B0=119.0541 homogen=42579.8382
   139 |     5560 |     38 |  0.000000E+00 |  0.000000E+00 |  0.1098838243 |         ideal
mean B0=113.002 homogen=43265.8468
mean B0=114.3859 homogen=24038.6387
mean B0=107.6541 homogen=13212.1622
mean B0=95.9336 homogen=3319.0193
mean B0=90.2709 homogen=118817.9544
mean B0=105.9176 homogen=18988.081
mean B0=119.3777 homogen=32634.1367
mean B0=112.562 homogen=24826.9812
mean B0=117.3673 homogen=34898.1078
mean B0=110.0624 homogen=15773.6859
mean B0=106.4574 homogen=8307.0976
mean B0=107.44 homogen=10450.4261
mean B0=119.1514 homogen=45171.5255
mean B0=103.2615 homogen=13728.5634
mean B0=110.4865 homogen=17585.5485
mean B0=112.8914 homogen=18539.9709
mean B0=104.3387 homogen=5243.9269
mean B0=100.7025 homogen=14527.6197
mean B0=96.8851 homogen=4956.4087
mean B0=114.2842 homogen=23860.878
mean B0=114.1895 homogen=24106.094
mean B0=117.5984 homogen=25745.6648
mean B0=119.3895 homogen=39003.5227
mean B0=105.3524 homogen=11273.7978
mean B0=103.5851 homogen=4194.8838
mean B0=104.2875 homogen=22607.1775
mean B0=110.9574 homogen=24035.478
mean B0=108.1777 homogen=6963.6782
mean B0=113.7159 homogen=26739.231
mean B0=114.7301 homogen=23647.9146
mean B0=103.386 homogen=4159.1247
mean B0=119.6396 homogen=42959.561
mean B0=104.457 homogen=6139.1187
mean B0=92.2239 homogen=121261.2273
mean B0=116.8396 homogen=24186.7673
mean B0=81.5681 homogen=83598.1499
mean B0=107.6066 homogen=12975.7192
mean B0=114.3965 homogen=23872.3989
mean B0=102.9918 homogen=5159.8177
mean B0=98.412 homogen=143444.704
   140 |     5600 |     29 |  0.000000E+00 |  0.000000E+00 |  0.0047384570 |             f
mean B0=108.3172 homogen=26707.9081
mean B0=109.6822 homogen=48059.9384
mean B0=111.7254 homogen=19454.3777
mean B0=103.2978 homogen=4809.226
mean B0=104.3891 homogen=5145.0493
mean B0=119.0909 homogen=41235.2959
mean B0=108.2324 homogen=7332.1775
mean B0=121.4521 homogen=39227.144
mean B0=114.3557 homogen=26013.6752
mean B0=103.0441 homogen=4327.9487
mean B0=114.3751 homogen=26774.2037
mean B0=114.8869 homogen=23878.1914
mean B0=95.5969 homogen=127601.5233
mean B0=110.8672 homogen=16307.828
mean B0=113.9426 homogen=24558.2965
mean B0=120.8783 homogen=36371.8348
mean B0=104.4288 homogen=6282.732
mean B0=96.2563 homogen=17753.8877
mean B0=94.4872 homogen=7688.5935
mean B0=113.0007 homogen=20851.9312
mean B0=95.9271 homogen=25570.1961
mean B0=102.1598 homogen=28772.012
mean B0=98.1722 homogen=17257.2781
mean B0=103.4669 homogen=4137.4886
mean B0=103.9311 homogen=5907.2131
mean B0=110.8203 homogen=17539.7375
mean B0=111.3863 homogen=16429.7671
mean B0=120.2907 homogen=37312.2996
mean B0=112.2084 homogen=29091.1505
mean B0=114.4899 homogen=24554.4889
mean B0=119.0931 homogen=36680.806
mean B0=114.7667 homogen=23707.6686
mean B0=103.3183 homogen=50097.4796
mean B0=109.7989 homogen=16149.2545
mean B0=112.7687 homogen=18143.194
mean B0=118.0739 homogen=34074.3886
mean B0=104.456 homogen=6135.4502
mean B0=109.0451 homogen=19608.3415
mean B0=109.657 homogen=21727.3853
mean B0=121.6526 homogen=43964.6557
   141 |     5640 |     36 |  0.000000E+00 |  0.000000E+00 |  0.0067683629 |             f
mean B0=104.7715 homogen=8557.6311
mean B0=114.0137 homogen=32235.8384
mean B0=106.1592 homogen=7680.249
mean B0=110.2652 homogen=16008.2131
mean B0=113.4415 homogen=30846.7838
mean B0=104.0732 homogen=5765.973
mean B0=98.5146 homogen=4499.236
mean B0=114.0792 homogen=24273.9024
mean B0=112.7655 homogen=30322.148
mean B0=104.2754 homogen=27457.9541
mean B0=104.343 homogen=5993.9547
mean B0=121.3707 homogen=42296.6039
mean B0=104.3797 homogen=6900.1704
mean B0=106.5698 homogen=8960.6392
mean B0=88.4098 homogen=71457.9597
mean B0=113.9559 homogen=24902.6357
mean B0=103.6144 homogen=4525.7776
mean B0=116.1677 homogen=38044.591
mean B0=121.2795 homogen=40072.492
mean B0=101.6624 homogen=8747.5788
mean B0=109.5634 homogen=16560.9701
mean B0=105.6196 homogen=9012.8437
mean B0=114.9109 homogen=27451.8276
mean B0=113.615 homogen=22913.7683
mean B0=120.9315 homogen=27832.8324
mean B0=104.3891 homogen=5145.0493
mean B0=105.4044 homogen=12402.5825
mean B0=114.1387 homogen=19171.4635
mean B0=107.869 homogen=8664.197
mean B0=75.9668 homogen=78271.288
mean B0=108.5267 homogen=7069.374
mean B0=111.3645 homogen=16181.005
mean B0=89.3548 homogen=29051.2618
mean B0=119.3746 homogen=44394.3107
mean B0=121.4629 homogen=37334.5482
mean B0=105.2381 homogen=6648.6581
mean B0=115.317 homogen=34133.5928
mean B0=110.8938 homogen=27195.2004
mean B0=114.5144 homogen=31396.5997
mean B0=97.0181 homogen=10126.6349
   142 |     5680 |     39 |  0.000000E+00 |  0.000000E+00 |  0.0059577176 |             f
mean B0=112.6953 homogen=18511.647
mean B0=120.214 homogen=43028.5747
mean B0=104.0825 homogen=7466.0743
mean B0=114.6457 homogen=30862.9958
mean B0=103.7369 homogen=6079.1459
mean B0=103.404 homogen=10702.2194
mean B0=100.2814 homogen=19268.5049
mean B0=104.5326 homogen=5114.8818
mean B0=107.5312 homogen=7404.0982
mean B0=112.7687 homogen=18143.194
mean B0=110.659 homogen=23193.6639
mean B0=103.439 homogen=4767.5653
mean B0=117.7588 homogen=36821.2586
mean B0=101.2598 homogen=7280.6238
mean B0=105.0445 homogen=6357.4275
mean B0=108.3986 homogen=13429.9125
mean B0=110.5841 homogen=16348.6795
mean B0=99.2811 homogen=119724.0444
mean B0=106.7716 homogen=83970.0232
mean B0=104.8882 homogen=10635.7571
mean B0=100.727 homogen=43609.2721
mean B0=96.7219 homogen=9305.2719
mean B0=104.413 homogen=5065.3544
mean B0=111.5402 homogen=26179.4942
mean B0=97.0322 homogen=5483.7864
mean B0=96.557 homogen=9164.4016
mean B0=100.9631 homogen=7361.5737
mean B0=109.9103 homogen=27095.0115
mean B0=113.878 homogen=19555.9444
mean B0=65.9794 homogen=319465.902
mean B0=109.1001 homogen=19799.5924
mean B0=104.6098 homogen=6860.2302
mean B0=104.8973 homogen=11192.451
mean B0=116.8396 homogen=24186.7673
mean B0=114.9735 homogen=24049.1308
mean B0=109.713 homogen=22772.6989
mean B0=109.8415 homogen=14437.5034
mean B0=116.2532 homogen=31207.6118
mean B0=115.2704 homogen=33304.7
mean B0=119.2904 homogen=26868.7585
   143 |     5720 |     40 |  0.000000E+00 |  0.000000E+00 |  0.0024567000 |             f
mean B0=103.6155 homogen=4523.4786
mean B0=115.5074 homogen=31222.4356
mean B0=111.3844 homogen=16365.6664
mean B0=100.7468 homogen=14712.4731
mean B0=104.4004 homogen=5725.9558
mean B0=103.2038 homogen=3779.0001
mean B0=95.6915 homogen=2825.0386
mean B0=114.0979 homogen=19677.5324
mean B0=110.1489 homogen=16914.8871
mean B0=88.1043 homogen=69774.4728
mean B0=111.1379 homogen=17372.116
mean B0=115.8146 homogen=25169.7481
mean B0=104.4938 homogen=6999.5004
mean B0=112.7687 homogen=18143.194
mean B0=117.0994 homogen=32061.4279
mean B0=111.7329 homogen=16787.0194
mean B0=113.3932 homogen=25547.2235
mean B0=107.935 homogen=25173.809
mean B0=105.3382 homogen=6667.2627
mean B0=97.2032 homogen=6552.345
mean B0=117.634 homogen=25763.3124
mean B0=108.8002 homogen=15596.6717
mean B0=83.6921 homogen=4211.6315
mean B0=113.7623 homogen=22871.5109
mean B0=105.2622 homogen=6763.2823
mean B0=115.0036 homogen=23985.9632
mean B0=116.7076 homogen=32792.5615
mean B0=114.7608 homogen=23913.1412
mean B0=107.6849 homogen=21400.0309
mean B0=110.1431 homogen=26871.8242
mean B0=115.2151 homogen=23482.6424
mean B0=113.9078 homogen=17451.9458
mean B0=110.7033 homogen=16320.9422
mean B0=114.2396 homogen=23633.4774
mean B0=86.9236 homogen=32278.3633
mean B0=107.2721 homogen=37488.1012
mean B0=112.2635 homogen=18695.0811
mean B0=116.8315 homogen=24205.4902
mean B0=113.834 homogen=24405.4062
mean B0=111.3614 homogen=16280.3671
   144 |     5760 |     37 |  0.000000E+00 |  0.000000E+00 |  0.0042382153 |             f
mean B0=107.2145 homogen=7708.5074
mean B0=118.6322 homogen=26212.4122
mean B0=115.98 homogen=24450.9546
mean B0=99.8267 homogen=24145.2578
mean B0=109.3152 homogen=25859.5136
mean B0=113.8824 homogen=17492.8293
mean B0=111.5507 homogen=16636.5355
mean B0=104.7811 homogen=12135.3313
mean B0=115.0342 homogen=21125.1226
mean B0=118.4611 homogen=36448.0749
mean B0=115.0617 homogen=24099.7321
mean B0=103.5074 homogen=19017.2852
mean B0=81.3593 homogen=83484.4381
mean B0=114.14 homogen=19161.3801
mean B0=108.8003 homogen=15592.1677
mean B0=117.6768 homogen=25911.4544
mean B0=102.2503 homogen=30057.8252
mean B0=102.3953 homogen=26308.5214
mean B0=110.7323 homogen=13636.1508
mean B0=106.8167 homogen=8432.1674
mean B0=111.5789 homogen=14704.0506
mean B0=104.022 homogen=4427.2496
mean B0=110.3413 homogen=15723.9909
mean B0=89.5182 homogen=13853.1592
mean B0=108.9097 homogen=15154.9029
mean B0=110.2867 homogen=15958.4636
mean B0=103.3906 homogen=8231.3109
mean B0=111.3936 homogen=28411.512
mean B0=114.7201 homogen=26344.5034
mean B0=107.8732 homogen=16468.2141
mean B0=105.1822 homogen=5825.996
mean B0=117.8968 homogen=25977.214
mean B0=121.0635 homogen=40188.2434
mean B0=90.4612 homogen=32150.9727
mean B0=106.0427 homogen=13340.0256
mean B0=111.0394 homogen=39383.4955
mean B0=109.8838 homogen=49254.962
mean B0=99.9498 homogen=24862.6361
mean B0=104.4427 homogen=5119.159
mean B0=108.1791 homogen=23863.2877
   145 |     5800 |     34 |  0.000000E+00 |  0.000000E+00 |  0.0060284732 |             f
mean B0=106.3311 homogen=40518.2903
mean B0=104.0255 homogen=7232.649
mean B0=111.8738 homogen=40900.6284
mean B0=85.357 homogen=16488.6829
mean B0=108.5751 homogen=17817.8048
mean B0=112.5181 homogen=18481.1755
mean B0=108.1828 homogen=7014.0825
mean B0=115.2218 homogen=23450.5274
mean B0=118.2493 homogen=38029.566
mean B0=96.3473 homogen=124501.6078
mean B0=107.4401 homogen=32281.029
mean B0=104.0746 homogen=51646.9711
mean B0=118.7391 homogen=26343.7956
mean B0=110.3709 homogen=17634.0272
mean B0=105.2363 homogen=6652.9019
mean B0=86.5982 homogen=70918.2978
mean B0=111.5029 homogen=21038.4331
mean B0=109.8392 homogen=11500.9428
mean B0=90.4234 homogen=121703.115
mean B0=113.1591 homogen=62414.4287
mean B0=107.771 homogen=26548.1366
mean B0=111.283 homogen=15163.5758
mean B0=117.504 homogen=26023.4957
mean B0=114.0828 homogen=20309.6198
mean B0=100.3669 homogen=105013.3545
mean B0=104.8406 homogen=4625.4766
mean B0=103.4682 homogen=4104.0582
mean B0=105.1749 homogen=5814.6787
mean B0=107.9396 homogen=7093.4111
mean B0=105.9091 homogen=12136.2347
mean B0=105.6396 homogen=43324.412
mean B0=111.5844 homogen=43831.6086
mean B0=117.5298 homogen=26057.7911
mean B0=115.3123 homogen=27069.3784
mean B0=92.2826 homogen=14094.6803
mean B0=117.6757 homogen=25915.7477
mean B0=112.5557 homogen=18972.1051
mean B0=114.6552 homogen=26420.8719
mean B0=114.2921 homogen=19555.5808
mean B0=114.3367 homogen=17659.0985
   146 |     5840 |     37 |  0.000000E+00 |  0.000000E+00 |  0.0027786718 |             f
mean B0=123.3833 homogen=43720.3196
mean B0=96.0879 homogen=4716.3889
mean B0=83.9406 homogen=76664.3373
mean B0=115.3488 homogen=28346.4443
mean B0=119.9286 homogen=34735.7847
mean B0=107.3708 homogen=6745.1332
mean B0=111.5184 homogen=19672.1161
mean B0=97.7832 homogen=123298.8135
mean B0=107.1015 homogen=85984.3575
mean B0=116.5146 homogen=24976.8678
mean B0=91.8553 homogen=37913.2054
mean B0=97.4948 homogen=11414.8374
mean B0=81.6575 homogen=36088.5283
mean B0=105.5916 homogen=7889.3478
mean B0=117.7875 homogen=25595.3116
mean B0=113.5163 homogen=41734.735
mean B0=112.8716 homogen=27186.3862
mean B0=104.8802 homogen=7680.3391
mean B0=114.7983 homogen=19399.8519
mean B0=121.6924 homogen=37854.3319
mean B0=120.4194 homogen=27885.1913
mean B0=96.8389 homogen=4363.9004
mean B0=112.1183 homogen=22898.76
mean B0=119.8175 homogen=31099.6623
mean B0=110.1588 homogen=16154.6261
mean B0=86.681 homogen=43544.2809
mean B0=108.9921 homogen=24997.8233
mean B0=110.2059 homogen=14378.0229
mean B0=108.2094 homogen=6952.5376
mean B0=113.0501 homogen=19179.7428
mean B0=114.0753 homogen=32953.5669
mean B0=101.3998 homogen=9207.4625
mean B0=71.6002 homogen=59342.0389
mean B0=108.2744 homogen=6694.7297
mean B0=91.3194 homogen=29846.1336
mean B0=118.6199 homogen=26249.4825
mean B0=111.6643 homogen=19506.5056
mean B0=111.0602 homogen=14684.0997
mean B0=110.5242 homogen=7813.0249
mean B0=113.396 homogen=19423.7401
   147 |     5880 |     36 |  0.000000E+00 |  0.000000E+00 |  0.0183641924 |         ideal
mean B0=106.821 homogen=10306.1892
mean B0=111.3812 homogen=16354.8523
mean B0=106.8365 homogen=39364.9312
mean B0=103.9166 homogen=4175.906
mean B0=116.4272 homogen=29544.282
mean B0=114.6652 homogen=19176.3899
mean B0=88.5108 homogen=103969.2626
mean B0=120.6407 homogen=38379.4323
mean B0=112.5834 homogen=18400.8801
mean B0=106.4791 homogen=12579.8861
mean B0=104.0497 homogen=11494.1792
mean B0=116.9664 homogen=23857.7307
mean B0=103.3349 homogen=4006.4479
mean B0=118.0034 homogen=28509.3896
mean B0=116.6477 homogen=24538.4567
mean B0=117.1024 homogen=35641.6465
mean B0=113.8424 homogen=17538.6852
mean B0=123.0452 homogen=44398.8361
mean B0=118.7315 homogen=26313.1548
mean B0=111.4448 homogen=14582.8636
mean B0=112.4974 homogen=21029.3569
mean B0=95.6354 homogen=3193.313
mean B0=115.0398 homogen=28320.0988
mean B0=103.5739 homogen=4356.4758
mean B0=105.8672 homogen=10855.3096
mean B0=103.32 homogen=3865.9001
mean B0=104.1831 homogen=15653.1353
mean B0=118.582 homogen=26331.4511
mean B0=109.5647 homogen=8488.1225
mean B0=116.5418 homogen=30447.181
mean B0=96.4937 homogen=9037.1526
mean B0=115.2189 homogen=23445.4544
mean B0=115.1885 homogen=21219.6353
mean B0=98.4079 homogen=9594.0497
mean B0=101.516 homogen=77592.9066
mean B0=112.6578 homogen=114740.5461
mean B0=104.9106 homogen=4832.0408
mean B0=98.8557 homogen=4738.4372
mean B0=110.7307 homogen=13624.8895
mean B0=107.7267 homogen=7275.0515
   148 |     5920 |     40 |  0.000000E+00 |  0.000000E+00 |  0.0011748132 |             f
mean B0=118.3465 homogen=34444.061
mean B0=120.9257 homogen=27868.0481
mean B0=103.2038 homogen=3779.0001
mean B0=105.4741 homogen=7615.259
mean B0=104.5427 homogen=6090.0774
mean B0=100.3208 homogen=32400.6512
mean B0=115.1727 homogen=21820.9908
mean B0=113.5003 homogen=25952.5358
mean B0=88.7754 homogen=71406.8561
mean B0=110.208 homogen=16087.6754
mean B0=104.8489 homogen=4596.9176
mean B0=114.7472 homogen=19579.3626
mean B0=109.9334 homogen=14204.2509
mean B0=113.9762 homogen=17765.7405
mean B0=105.092 homogen=5203.6667
mean B0=97.7404 homogen=12242.6246
mean B0=104.0266 homogen=4378.9095
mean B0=103.2533 homogen=4167.4886
mean B0=117.708 homogen=26074.1544
mean B0=110.2479 homogen=44838.1259
mean B0=118.1891 homogen=25922.9427
mean B0=117.9027 homogen=25936.057
mean B0=86.725 homogen=71740.1052
mean B0=104.6849 homogen=4027.5055
mean B0=81.9413 homogen=82494.5461
mean B0=114.457 homogen=23795.4172
mean B0=118.2788 homogen=26383.367
mean B0=110.5009 homogen=17688.7002
mean B0=95.9943 homogen=2949.7052
mean B0=106.5605 homogen=12002.467
mean B0=117.6653 homogen=24937.9571
mean B0=106.6928 homogen=81824.3339
mean B0=99.0557 homogen=4689.3434
mean B0=121.387 homogen=36921.3537
mean B0=101.1557 homogen=31832.8939
mean B0=111.2145 homogen=14388.8047
mean B0=109.1248 homogen=6374.7489
mean B0=110.7323 homogen=13636.1508
mean B0=120.051 homogen=41178.286
mean B0=74.6179 homogen=196964.9054
   149 |     5960 |     40 |  0.000000E+00 |  0.000000E+00 |  0.0038754291 |             f
mean B0=117.1689 homogen=39728.5333
mean B0=119.4771 homogen=26704.1513
mean B0=118.7028 homogen=26269.872
mean B0=109.6047 homogen=13228.6203
mean B0=98.3088 homogen=78819.484
mean B0=100.697 homogen=23275.5738
mean B0=114.2326 homogen=17704.206
mean B0=109.9172 homogen=15261.5989
mean B0=110.8677 homogen=53070.9324
mean B0=116.3617 homogen=35706.4603
mean B0=104.1104 homogen=26189.6158
mean B0=106.3523 homogen=11067.2538
mean B0=116.7281 homogen=25109.3826
mean B0=108.1922 homogen=6755.5939
mean B0=113.974 homogen=17488.4245
mean B0=113.4988 homogen=30853.1444
mean B0=118.1805 homogen=25318.5664
mean B0=95.9543 homogen=2926.6678
mean B0=100.1155 homogen=8394.897
mean B0=102.9686 homogen=4532.3353
mean B0=110.3464 homogen=7689.1275
mean B0=108.9397 homogen=39529.7839
mean B0=95.7787 homogen=2823.4676
mean B0=105.8057 homogen=9586.3413
mean B0=103.1988 homogen=3766.4324
mean B0=100.3258 homogen=21669.1557
mean B0=114.7746 homogen=19226.1182
mean B0=118.5609 homogen=24822.1721
mean B0=117.2024 homogen=36684.013
mean B0=115.1127 homogen=23254.2083
mean B0=96.5987 homogen=115551.6086
mean B0=109.9799 homogen=14713.7667
mean B0=122.3199 homogen=40488.8139
mean B0=115.2232 homogen=21158.8573
mean B0=121.3054 homogen=36721.4481
mean B0=107.4243 homogen=6749.0846
mean B0=111.2207 homogen=16471.7617
mean B0=105.2271 homogen=5804.3371
mean B0=115.4373 homogen=26778.1616
mean B0=110.9249 homogen=14226.1087
   150 |     6000 |     40 |  0.000000E+00 |  0.000000E+00 |  0.0034603892 |             f
mean B0=113.9995 homogen=17406.7724
mean B0=119.1421 homogen=35107.6307
mean B0=117.0747 homogen=23501.2151
mean B0=114.6652 homogen=19176.3899
mean B0=111.5816 homogen=14665.0476
mean B0=98.7199 homogen=6832.7338
mean B0=79.7375 homogen=84357.3618
mean B0=108.0929 homogen=7926.4095
mean B0=100.4545 homogen=17873.9677
mean B0=103.0103 homogen=47158.7265
mean B0=122.4365 homogen=39939.5809
mean B0=81.0109 homogen=77299.3735
mean B0=115.3898 homogen=29513.7309
mean B0=113.9743 homogen=17418.6685
mean B0=118.4778 homogen=24427.5954
mean B0=113.5954 homogen=17254.8059
mean B0=102.3337 homogen=14969.3554
mean B0=110.2224 homogen=85046.6132
mean B0=121.875 homogen=46944.6392
mean B0=112.8623 homogen=17380.9251
mean B0=110.7063 homogen=13693.8335
mean B0=98.3278 homogen=9043.8186
mean B0=121.3904 homogen=36928.8549
mean B0=112.9742 homogen=16014.243
mean B0=111.2127 homogen=14427.6788
mean B0=110.5644 homogen=92619.4404
mean B0=110.7057 homogen=13678.6078
mean B0=122.3642 homogen=39578.8207
mean B0=88.0352 homogen=140354.8558
mean B0=98.5552 homogen=34721.0438
mean B0=111.3103 homogen=15045.014
mean B0=92.1495 homogen=40592.1499
mean B0=105.8664 homogen=6340.8386
mean B0=115.1595 homogen=21188.3947
mean B0=104.9132 homogen=5066.2571
mean B0=111.668 homogen=14586.3283
mean B0=97.2298 homogen=6960.7499
mean B0=102.9229 homogen=30338.2285
mean B0=97.2356 homogen=6251.8878
mean B0=113.2465 homogen=22693.8812
   151 |     6040 |     40 |  0.000000E+00 |  0.000000E+00 |  0.0037552516 |             f
mean B0=118.9563 homogen=33737.2037
mean B0=122.7099 homogen=41163.7946
mean B0=111.0399 homogen=19430.7665
mean B0=110.7922 homogen=16642.9997
mean B0=111.9695 homogen=17413.782
mean B0=120.6513 homogen=27230.1024
mean B0=110.5936 homogen=16251.7807
mean B0=114.6842 homogen=17518.7575
mean B0=109.4693 homogen=11634.269
mean B0=104.6131 homogen=4778.0554
mean B0=110.8853 homogen=15778.3356
mean B0=116.9672 homogen=25546.1258
mean B0=112.9608 homogen=24531.9203
mean B0=114.0425 homogen=17194.0262
mean B0=109.1606 homogen=10994.0768
mean B0=115.1671 homogen=27819.8334
mean B0=108.038 homogen=56480.2133
mean B0=121.2377 homogen=40501.4687
mean B0=117.7146 homogen=22549.9661
mean B0=115.1895 homogen=21246.1335
mean B0=118.7551 homogen=26983.0826
mean B0=108.8865 homogen=7342.9103
mean B0=81.788 homogen=37442.6693
mean B0=113.0376 homogen=15857.088
mean B0=112.7019 homogen=19578.092
mean B0=87.2289 homogen=54080.7121
mean B0=113.3021 homogen=24877.3683
mean B0=119.1295 homogen=26542.4351
mean B0=103.9583 homogen=6466.5412
mean B0=106.3412 homogen=6020.8185
mean B0=95.9893 homogen=4389.5644
mean B0=118.3978 homogen=33730.4646
mean B0=110.4058 homogen=14627.681
mean B0=116.9644 homogen=23856.5185
mean B0=97.507 homogen=9373.9791
mean B0=70.7785 homogen=60216.0718
mean B0=117.4941 homogen=24104.2422
mean B0=104.6849 homogen=4027.5055
mean B0=114.3429 homogen=17638.96
mean B0=111.4816 homogen=14496.4323
   152 |     6080 |     40 |  0.000000E+00 |  0.000000E+00 |  0.0034315984 |             f
mean B0=107.3538 homogen=7218.8493
mean B0=120.7309 homogen=27593.8586
mean B0=121.3877 homogen=37116.9055
mean B0=104.602 homogen=3926.1503
mean B0=95.9915 homogen=2938.6517
mean B0=121.0601 homogen=36445.8143
mean B0=110.7246 homogen=13662.3461
mean B0=117.7183 homogen=23616.935
mean B0=114.0032 homogen=16910.6701
mean B0=114.3983 homogen=16968.7974
mean B0=118.8153 homogen=26492.9759
mean B0=118.2407 homogen=40613.5091
mean B0=116.654 homogen=24885.6133
mean B0=109.4629 homogen=9027.3682
mean B0=104.0234 homogen=5227.0145
mean B0=110.6791 homogen=13673.6027
mean B0=106.3944 homogen=11397.0335
mean B0=104.9437 homogen=4646.892
mean B0=113.0238 homogen=23336.3806
mean B0=115.2504 homogen=27910.8943
mean B0=106.5972 homogen=7928.9518
mean B0=120.8517 homogen=27468.6205
mean B0=112.9514 homogen=16397.6633
mean B0=103.5776 homogen=4225.6949
mean B0=106.3449 homogen=5997.2153
mean B0=121.1687 homogen=54464.8822
mean B0=110.1824 homogen=14661.1485
mean B0=119.0628 homogen=26661.2585
mean B0=114.8096 homogen=22253.8108
mean B0=96.6601 homogen=2944.0532
mean B0=109.979 homogen=8382.2529
mean B0=118.8147 homogen=25473.8197
mean B0=124.2966 homogen=43440.0801
mean B0=121.3425 homogen=54613.8871
mean B0=114.0037 homogen=20170.7154
mean B0=118.6149 homogen=24942.5178
mean B0=110.358 homogen=14505.6991
mean B0=119.2234 homogen=26014.8728
mean B0=100.776 homogen=11044.2374
mean B0=116.8044 homogen=36149.0394
   153 |     6120 |     40 |  0.000000E+00 |  0.000000E+00 |  0.0320006890 |         ideal
mean B0=122.3293 homogen=40477.3904
mean B0=110.7291 homogen=13644.6247
mean B0=108.7078 homogen=36878.7987
mean B0=114.2643 homogen=18182.1879
mean B0=85.5097 homogen=72998.9796
mean B0=118.2267 homogen=23455.0421
mean B0=95.9876 homogen=2912.6623
mean B0=117.8649 homogen=23006.9642
mean B0=121.3769 homogen=38880.3903
mean B0=98.5391 homogen=74548.2673
mean B0=100.4016 homogen=17696.8267
mean B0=119.4547 homogen=26681.8689
mean B0=111.3037 homogen=36556.1564
mean B0=116.2696 homogen=28233.363
mean B0=113.734 homogen=17854.3991
mean B0=121.4629 homogen=37334.5482
mean B0=114.7968 homogen=21756.6968
mean B0=109.1712 homogen=6594.3641
mean B0=115.6208 homogen=24896.8622
mean B0=118.2639 homogen=24312.9918
mean B0=121.6825 homogen=37535.8687
mean B0=111.2164 homogen=14371.9542
mean B0=119.2648 homogen=25240.6646
mean B0=119.4402 homogen=25689.4875
mean B0=101.8821 homogen=107831.6993
mean B0=113.8982 homogen=17186.0896
mean B0=104.6072 homogen=3914.0696
mean B0=104.5571 homogen=3881.2276
mean B0=121.0588 homogen=36462.3423
mean B0=103.2003 homogen=3791.53
mean B0=106.518 homogen=27891.0126
mean B0=106.3647 homogen=5952.8099
mean B0=107.0719 homogen=13280.3932
mean B0=118.9571 homogen=26309.5594
mean B0=106.2474 homogen=7767.1622
mean B0=107.4616 homogen=26826.9257
mean B0=114.6182 homogen=21645.1554
mean B0=122.3754 homogen=39836.849
mean B0=115.811 homogen=21662.9811
mean B0=106.9302 homogen=85566.8046
   154 |     6160 |     40 |  0.000000E+00 |  0.000000E+00 |  0.0023008970 |             f
mean B0=104.6827 homogen=4024.6465
mean B0=113.1502 homogen=22289.0388
mean B0=125.0358 homogen=44196.4188
mean B0=122.3218 homogen=40508.6523
mean B0=117.4566 homogen=23176.5283
mean B0=106.569 homogen=16838.1333
mean B0=102.6131 homogen=5494.4283
mean B0=118.7931 homogen=25996.5535
mean B0=112.2897 homogen=25141.3173
mean B0=121.2763 homogen=37747.2172
mean B0=110.613 homogen=25043.761
mean B0=114.3982 homogen=16978.0026
mean B0=111.3391 homogen=21425.9931
mean B0=120.3809 homogen=25953.2372
mean B0=117.2671 homogen=23567.2991
mean B0=120.6513 homogen=27230.1793
mean B0=96.9445 homogen=3796.9158
mean B0=122.8839 homogen=38600.3917
mean B0=111.6639 homogen=14616.6589
mean B0=121.0601 homogen=36445.8143
mean B0=109.1269 homogen=6377.4978
mean B0=119.8837 homogen=25371.3838
mean B0=119.0634 homogen=25799.4126
mean B0=121.6915 homogen=37517.7367
mean B0=96.0141 homogen=3305.8683
mean B0=111.4513 homogen=20263.6619
mean B0=110.5971 homogen=7921.8955
mean B0=111.7528 homogen=27536.5367
mean B0=113.846 homogen=20030.0817
mean B0=110.3748 homogen=8066.8937
mean B0=119.9387 homogen=27327.369
mean B0=114.6848 homogen=17509.3941
mean B0=113.2773 homogen=19337.0351
mean B0=117.518 homogen=39643.2991
mean B0=110.8712 homogen=8255.609
mean B0=104.3824 homogen=4155.2976
mean B0=110.0179 homogen=16431.488
mean B0=114.3614 homogen=19915.2987
mean B0=110.929 homogen=14195.7438
mean B0=105.092 homogen=5203.6667
   155 |     6200 |     40 |  0.000000E+00 |  0.000000E+00 |  0.0252450362 |         ideal
mean B0=105.1522 homogen=30960.0733
mean B0=115.8606 homogen=26455.2017
mean B0=109.0131 homogen=7999.6229
mean B0=119.8844 homogen=25369.609
mean B0=109.2212 homogen=32025.7771
mean B0=117.7022 homogen=22533.0069
mean B0=121.1954 homogen=36104.2201
mean B0=105.2759 homogen=5796.6638
mean B0=122.5339 homogen=29928.3231
mean B0=91.8337 homogen=117872.3644
mean B0=109.8554 homogen=10986.5666
mean B0=115.7855 homogen=23617.7862
mean B0=98.5703 homogen=103647.1084
mean B0=113.5244 homogen=18034.1616
mean B0=88.6316 homogen=66778.3818
mean B0=115.1102 homogen=39662.8455
mean B0=93.9997 homogen=113730.2485
mean B0=117.6781 homogen=34164.7921
mean B0=114.4343 homogen=19809.508
mean B0=118.6733 homogen=23998.47
mean B0=101.0694 homogen=28980.8372
mean B0=114.3923 homogen=17497.1994
mean B0=108.8185 homogen=15194.4082
mean B0=109.1241 homogen=6374.9949
mean B0=104.9622 homogen=39236.6706
mean B0=120.867 homogen=39330.4955
mean B0=120.5187 homogen=27504.4385
mean B0=110.1311 homogen=7819.0772
mean B0=112.1194 homogen=17233.691
mean B0=103.0464 homogen=3988.8923
mean B0=77.1345 homogen=71589.4364
mean B0=114.7854 homogen=17980.9053
mean B0=109.8248 homogen=15340.4785
mean B0=122.5895 homogen=36611.8899
mean B0=111.1586 homogen=27733.822
mean B0=114.9864 homogen=15971.1138
mean B0=115.1815 homogen=21136.7383
mean B0=113.3904 homogen=20886.0564
mean B0=115.2125 homogen=27523.7311
mean B0=100.301 homogen=152997.4647
   156 |     6240 |     37 |  0.000000E+00 |  0.000000E+00 |  0.0045298561 |             f
mean B0=110.2482 homogen=26208.5293
mean B0=106.3429 homogen=30492.3573
mean B0=81.8177 homogen=74457.908
mean B0=115.5979 homogen=21743.6169
mean B0=115.5093 homogen=46304.1304
mean B0=112.1894 homogen=18364.5728
mean B0=107.6271 homogen=8979.1969
mean B0=109.1724 homogen=6599.7055
mean B0=120.2886 homogen=27143.0962
mean B0=106.3443 homogen=11623.128
mean B0=118.7238 homogen=26047.0719
mean B0=124.2921 homogen=43483.6124
mean B0=115.0716 homogen=21372.2617
mean B0=106.8742 homogen=7030.7625
mean B0=119.1211 homogen=25087.5907
mean B0=110.3418 homogen=7794.469
mean B0=118.336 homogen=39844.4071
mean B0=118.4042 homogen=23017.248
mean B0=105.8933 homogen=6223.086
mean B0=120.3547 homogen=26010.7698
mean B0=115.7645 homogen=38907.741
mean B0=99.2643 homogen=25290.1047
mean B0=104.2259 homogen=3988.0044
mean B0=106.0998 homogen=39796.6574
mean B0=118.5857 homogen=25140.6308
mean B0=108.0429 homogen=5903.3033
mean B0=105.4439 homogen=7551.6232
mean B0=109.1246 homogen=6374.6907
mean B0=101.2906 homogen=43814.9773
mean B0=116.1188 homogen=19365.0561
mean B0=85.8472 homogen=102380.1157
mean B0=117.8688 homogen=23019.0255
mean B0=103.1637 homogen=3790.0844
mean B0=114.937 homogen=21103.7542
mean B0=126.7875 homogen=50436.5675
mean B0=122.5339 homogen=29762.4468
mean B0=111.2893 homogen=24244.9439
mean B0=113.0033 homogen=42821.4038
mean B0=114.8532 homogen=24788.2989
mean B0=101.1937 homogen=22383.4575
   157 |     6280 |     38 |  0.000000E+00 |  0.000000E+00 |  0.0564509864 |         ideal
mean B0=117.294 homogen=24147.5854
mean B0=105.6026 homogen=9547.6732
mean B0=113.8022 homogen=20905.9496
mean B0=120.7462 homogen=27236.4403
mean B0=111.358 homogen=29081.0828
mean B0=116.0915 homogen=21385.5052
mean B0=105.4934 homogen=133811.4909
mean B0=119.3603 homogen=30987.1243
mean B0=106.6233 homogen=5641.588
mean B0=104.6839 homogen=4028.2067
mean B0=114.3768 homogen=17102.311
mean B0=118.7872 homogen=24223.0901
mean B0=104.6041 homogen=15933.6406
mean B0=109.3879 homogen=28531.1015
mean B0=118.4042 homogen=23017.248
mean B0=103.1629 homogen=3790.4178
mean B0=120.3586 homogen=27054.2144
mean B0=96.8483 homogen=29768.6657
mean B0=98.7363 homogen=19239.7905
mean B0=111.1582 homogen=8293.3985
mean B0=117.7026 homogen=22533.3394
mean B0=108.6419 homogen=5138.8711
mean B0=110.5935 homogen=16339.7991
mean B0=122.4497 homogen=36846.2937
mean B0=90.3263 homogen=66052.8237
mean B0=118.2881 homogen=23562.1066
mean B0=116.0906 homogen=19455.9723
mean B0=126.581 homogen=50126.3974
mean B0=106.4691 homogen=9535.5808
mean B0=104.5572 homogen=3878.8928
mean B0=111.3247 homogen=33461.7206
mean B0=103.1055 homogen=3671.6576
mean B0=79.8246 homogen=215965.1082
mean B0=108.0211 homogen=90584.752
mean B0=96.7083 homogen=192339.5844
mean B0=109.1734 homogen=6593.0202
mean B0=126.3142 homogen=49029.0686
mean B0=117.8652 homogen=23007.0007
mean B0=106.7762 homogen=17829.0279
mean B0=113.0376 homogen=15857.088
   158 |     6320 |     40 |  0.000000E+00 |  0.000000E+00 |  0.0022437056 |             f
mean B0=119.8844 homogen=25369.609
mean B0=122.5645 homogen=36693.8004
mean B0=120.7326 homogen=27212.8184
mean B0=102.3927 homogen=8907.2392
mean B0=103.1055 homogen=3671.6576
mean B0=121.2169 homogen=26366.2625
mean B0=111.0247 homogen=8478.1572
mean B0=101.2638 homogen=105346.5747
mean B0=110.5989 homogen=8471.3714
mean B0=113.573 homogen=22716.1448
mean B0=108.2283 homogen=24880.7138
mean B0=106.0722 homogen=6043.4279
mean B0=116.9543 homogen=26660.406
mean B0=121.3874 homogen=29901.771
mean B0=100.6004 homogen=11225.6807
mean B0=126.7794 homogen=50459.7105
mean B0=117.8649 homogen=23007.0227
mean B0=108.2361 homogen=4645.2429
mean B0=84.1504 homogen=4989.1399
mean B0=85.5309 homogen=75770.6139
mean B0=110.8712 homogen=8255.609
mean B0=120.958 homogen=27759.7802
mean B0=118.8017 homogen=24251.1185
mean B0=94.6589 homogen=7949.9508
mean B0=118.6733 homogen=23997.2647
mean B0=123.1041 homogen=43284.5475
mean B0=114.2475 homogen=16776.6398
mean B0=102.1457 homogen=27172.1374
mean B0=118.798 homogen=23845.648
mean B0=102.9753 homogen=122768.4947
mean B0=119.8744 homogen=27187.1503
mean B0=114.6678 homogen=28659.6365
mean B0=122.2135 homogen=50919.1004
mean B0=118.729 homogen=35246.6508
mean B0=112.4968 homogen=21518.9042
mean B0=121.0225 homogen=34554.3878
mean B0=87.2679 homogen=70934.9656
mean B0=118.8018 homogen=23766.3818
mean B0=126.6216 homogen=49884.8539
mean B0=112.1496 homogen=13329.8929
   159 |     6360 |     40 |  0.000000E+00 |  0.000000E+00 |  0.0054051967 |             f
mean B0=110.8712 homogen=8255.609
mean B0=115.1583 homogen=19405.8609
mean B0=113.6673 homogen=15498.3447
mean B0=120.0773 homogen=39618.3018
mean B0=119.1149 homogen=25096.184
mean B0=116.3791 homogen=24529.5179
mean B0=123.4109 homogen=43698.3357
mean B0=117.7038 homogen=22529.3299
mean B0=113.6085 homogen=26568.6584
mean B0=84.8213 homogen=72227.0247
mean B0=109.7745 homogen=27411.2402
mean B0=121.0303 homogen=27411.0569
mean B0=113.1108 homogen=26622.1542
mean B0=117.2501 homogen=22326.7771
mean B0=112.518 homogen=17436.0483
mean B0=118.6026 homogen=22839.8084
mean B0=119.9792 homogen=52434.0211
mean B0=118.5587 homogen=26720.5941
mean B0=107.4274 homogen=4991.2098
mean B0=91.076 homogen=28049.6185
mean B0=102.2419 homogen=3766.7579
mean B0=120.8322 homogen=25266.1053
mean B0=112.4399 homogen=22658.0611
mean B0=116.5979 homogen=28533.6949
mean B0=118.1622 homogen=29190.2267
mean B0=99.2947 homogen=45983.5721
mean B0=128.4055 homogen=51529.8508
mean B0=118.7998 homogen=23759.3338
mean B0=102.8371 homogen=5760.0375
mean B0=115.0236 homogen=23068.017
mean B0=106.9175 homogen=93159.759
mean B0=96.764 homogen=3638.2435
mean B0=108.6817 homogen=9705.5864
mean B0=108.335 homogen=14597.0219
mean B0=123.0481 homogen=39108.9131
mean B0=101.6637 homogen=141564.9522
mean B0=115.4031 homogen=23383.6232
mean B0=115.6993 homogen=30915.418
mean B0=109.5976 homogen=98198.1333
mean B0=110.7535 homogen=9308.4131
   160 |     6400 |     40 |  0.000000E+00 |  0.000000E+00 |  0.0495572403 |         ideal
mean B0=119.5156 homogen=25537.89
mean B0=116.6988 homogen=29491.1177
mean B0=110.0121 homogen=15082.2663
mean B0=106.5492 homogen=25020.5153
mean B0=122.2388 homogen=37761.6621
mean B0=93.0374 homogen=62912.734
mean B0=115.1914 homogen=29788.9177
mean B0=119.1926 homogen=24989.8092
mean B0=117.373 homogen=22428.4026
mean B0=114.3275 homogen=25934.912
mean B0=96.764 homogen=3638.2435
mean B0=118.3296 homogen=22435.868
mean B0=109.7772 homogen=9109.9944
mean B0=125.0358 homogen=44196.4188
mean B0=117.7445 homogen=22555.3238
mean B0=110.6447 homogen=27577.4573
mean B0=116.6234 homogen=40375.6041
mean B0=107.2207 homogen=22621.3329
mean B0=120.104 homogen=25587.3134
mean B0=107.4517 homogen=12519.7458
mean B0=120.7166 homogen=25981.4887
mean B0=114.7249 homogen=16617.4212
mean B0=91.4481 homogen=38805.2777
mean B0=83.2358 homogen=80434.5135
mean B0=123.467 homogen=41970.9012
mean B0=108.4059 homogen=4914.0269
mean B0=103.8909 homogen=14385.2235
mean B0=115.8679 homogen=17100.7007
mean B0=122.6578 homogen=38802.9091
mean B0=121.9219 homogen=58149.4113
mean B0=96.3386 homogen=2960.4237
mean B0=121.3869 homogen=35559.0274
mean B0=119.1444 homogen=24949.3706
mean B0=102.8147 homogen=5655.6037
mean B0=110.8384 homogen=8307.0287
mean B0=114.6645 homogen=20613.3339
mean B0=119.9043 homogen=23984.2571
mean B0=122.0743 homogen=37246.6017
mean B0=109.1405 homogen=8036.0545
mean B0=114.3682 homogen=28087.3275
   161 |     6440 |     40 |  0.000000E+00 |  0.000000E+00 |  0.0030204182 |             f
mean B0=115.1735 homogen=22055.2255
mean B0=96.8127 homogen=3549.0414
mean B0=118.4493 homogen=25461.6223
mean B0=111.8382 homogen=19912.2759
mean B0=120.0725 homogen=26857.4847
mean B0=115.8674 homogen=28040.2927
mean B0=113.6099 homogen=24889.5075
mean B0=104.9281 homogen=131481.2265
mean B0=123.6864 homogen=42648.9191
mean B0=112.7024 homogen=30366.6532
mean B0=122.2008 homogen=36466.5485
mean B0=126.815 homogen=50351.378
mean B0=108.4622 homogen=27225.704
mean B0=115.1441 homogen=18408.6275
mean B0=108.4059 homogen=4914.0269
mean B0=112.5487 homogen=16850.2001
mean B0=115.7138 homogen=18881.0888
mean B0=114.5188 homogen=26390.0242
mean B0=118.7839 homogen=44778.4572
mean B0=99.8372 homogen=3435.6904
mean B0=114.9191 homogen=19734.8733
mean B0=124.3842 homogen=52131.4569
mean B0=118.475 homogen=23498.6477
mean B0=115.7241 homogen=17405.5384
mean B0=93.2521 homogen=37267.5485
mean B0=111.1536 homogen=18189.2758
mean B0=92.4369 homogen=34001.9619
mean B0=128.7249 homogen=54027.6139
mean B0=115.0743 homogen=17522.987
mean B0=91.0099 homogen=59013.8523
mean B0=105.2002 homogen=5405.0235
mean B0=107.8564 homogen=5990.2802
mean B0=119.9818 homogen=40781.9049
mean B0=119.5761 homogen=23562.3561
mean B0=114.8853 homogen=30489.16
mean B0=121.9284 homogen=38003.8018
mean B0=114.2174 homogen=25695.8737
mean B0=95.8797 homogen=50480.3763
mean B0=100.064 homogen=15022.5452
mean B0=112.6286 homogen=16636.8045
   162 |     6480 |     40 |  0.000000E+00 |  0.000000E+00 |  0.0096907560 |         ideal
mean B0=115.6307 homogen=17507.7313
mean B0=112.6045 homogen=14442.0179
mean B0=106.2369 homogen=74775.5405
mean B0=118.7741 homogen=22754.4621
mean B0=115.8123 homogen=33304.1189
mean B0=121.4407 homogen=26092.6452
mean B0=105.1678 homogen=10737.1677
mean B0=95.892 homogen=110550.2678
mean B0=114.8498 homogen=22968.3731
mean B0=128.4126 homogen=51607.4857
mean B0=104.6603 homogen=4075.6965
mean B0=117.6106 homogen=22799.1939
mean B0=111.9313 homogen=20145.8795
mean B0=103.2545 homogen=147710.1734
mean B0=121.3601 homogen=27238.7501
mean B0=107.1363 homogen=4109.0329
mean B0=123.462 homogen=41995.6154
mean B0=126.7829 homogen=50476.954
mean B0=106.9017 homogen=5020.1727
mean B0=119.7508 homogen=24180.7025
mean B0=110.8056 homogen=8948.0162
mean B0=116.4415 homogen=25482.3007
mean B0=109.8092 homogen=26480.7291
mean B0=124.1235 homogen=43635.9338
mean B0=108.2451 homogen=53200.8907
mean B0=123.3332 homogen=42511.0931
mean B0=111.8706 homogen=21220.1629
mean B0=116.0331 homogen=18372.7201
mean B0=101.4056 homogen=10462.9195
mean B0=118.3235 homogen=22463.8232
mean B0=103.1276 homogen=3628.8749
mean B0=126.3607 homogen=49217.7988
mean B0=113.9579 homogen=16413.505
mean B0=107.3304 homogen=42946.8431
mean B0=123.778 homogen=40337.7285
mean B0=106.3745 homogen=6182.6486
mean B0=103.2201 homogen=3761.1864
mean B0=122.9132 homogen=38496.3985
mean B0=124.4609 homogen=37922.4769
mean B0=121.7645 homogen=55568.7218
   163 |     6520 |     40 |  0.000000E+00 |  0.000000E+00 |  0.0036628593 |             f
mean B0=127.074 homogen=52864.2544
mean B0=117.0598 homogen=22438.3885
mean B0=123.1747 homogen=39223.5185
mean B0=113.6301 homogen=16156.5644
mean B0=91.3452 homogen=35576.9915
mean B0=105.0374 homogen=20233.1321
mean B0=117.3776 homogen=22421.0941
mean B0=102.1013 homogen=20507.0592
mean B0=105.1698 homogen=4136.0751
mean B0=115.8679 homogen=17100.7007
mean B0=125.0329 homogen=41965.001
mean B0=109.7676 homogen=7519.8631
mean B0=108.1756 homogen=22359.1511
mean B0=112.0273 homogen=27852.445
mean B0=119.7435 homogen=34292.266
mean B0=119.4963 homogen=23792.4438
mean B0=85.8111 homogen=72558.4681
mean B0=123.0061 homogen=33662.7868
mean B0=87.5498 homogen=195930.2929
mean B0=118.5556 homogen=26590.5719
mean B0=100.15 homogen=5954.6376
mean B0=112.7871 homogen=14732.5609
mean B0=128.1333 homogen=51046.4744
mean B0=105.2459 homogen=34623.4136
mean B0=112.705 homogen=17830.3293
mean B0=109.663 homogen=9260.1994
mean B0=128.3899 homogen=51687.599
mean B0=95.8703 homogen=70341.1601
mean B0=123.0671 homogen=40129.1211
mean B0=119.9043 homogen=23984.2571
mean B0=115.7676 homogen=20340.2793
mean B0=123.9264 homogen=41487.07
mean B0=97.3982 homogen=22955.1393
mean B0=112.4933 homogen=18705.352
mean B0=83.3066 homogen=78933.2815
mean B0=103.5101 homogen=74958.8028
mean B0=125.8708 homogen=49050.3524
mean B0=122.5293 homogen=35946.8866
mean B0=100.4409 homogen=34845.8509
mean B0=105.3778 homogen=7435.7174
   164 |     6560 |     40 |  0.000000E+00 |  0.000000E+00 |  0.0035218970 |             f
mean B0=99.9781 homogen=10829.0019
mean B0=107.611 homogen=5678.5995
mean B0=117.8487 homogen=27797.7066
mean B0=108.9971 homogen=28002.8492
mean B0=112.6694 homogen=14747.8066
mean B0=103.1384 homogen=3923.3494
mean B0=99.4147 homogen=16943.399
mean B0=104.3418 homogen=4189.4352
mean B0=99.9677 homogen=2758.2788
mean B0=109.801 homogen=8112.8881
mean B0=113.7582 homogen=24224.7433
mean B0=119.4726 homogen=36360.6378
mean B0=120.4239 homogen=47013.6563
mean B0=122.54 homogen=29743.6481
mean B0=125.1022 homogen=34896.9581
mean B0=109.1712 homogen=6339.8104
mean B0=124.2822 homogen=34494.1877
mean B0=117.8063 homogen=22353.7985
mean B0=118.7741 homogen=22754.4621
mean B0=113.693 homogen=15375.1319
mean B0=116.8327 homogen=23288.3617
mean B0=99.3055 homogen=11150.6517
mean B0=115.5232 homogen=19758.2475
mean B0=113.364 homogen=17403.3855
mean B0=114.9246 homogen=15678.9673
mean B0=101.6557 homogen=10527.7496
mean B0=100.6664 homogen=18276.7126
mean B0=110.43 homogen=26578.7516
mean B0=120.9052 homogen=38989.03
mean B0=125.1852 homogen=43609.7001
mean B0=117.8459 homogen=40383.213
mean B0=123.0616 homogen=32656.5228
mean B0=121.2638 homogen=27702.4908
mean B0=108.5352 homogen=35388.0579
mean B0=124.3249 homogen=42414.5592
mean B0=96.2399 homogen=121618.7254
mean B0=125.2926 homogen=39577.2379
mean B0=120.0463 homogen=23530.5614
mean B0=112.7871 homogen=14732.5609
mean B0=108.6129 homogen=5235.9284
   165 |     6600 |     40 |  0.000000E+00 |  0.000000E+00 |  0.1464318942 |         nadir
mean B0=121.7394 homogen=26169.2299
mean B0=95.4935 homogen=43865.5325
mean B0=109.0692 homogen=6270.6725
mean B0=109.8829 homogen=8372.111
mean B0=109.6102 homogen=7233.2066
mean B0=128.127 homogen=50597.7226
mean B0=108.7054 homogen=14142.5436
mean B0=117.1297 homogen=22174.8959
mean B0=110.0192 homogen=8435.1297
mean B0=118.8832 homogen=22670.873
mean B0=90.9005 homogen=35276.2019
mean B0=108.7081 homogen=23164.4142
mean B0=120.1263 homogen=23708.3097
mean B0=120.2579 homogen=28386.3884
mean B0=100.1078 homogen=2568.8555
mean B0=118.8177 homogen=22729.9747
mean B0=86.242 homogen=72696.5548
mean B0=123.034 homogen=29174.3694
mean B0=111.1183 homogen=41572.6397
mean B0=114.6721 homogen=14456.1825
mean B0=106.8833 homogen=125396.9376
mean B0=108.5103 homogen=5478.0375
mean B0=112.656 homogen=27255.2353
mean B0=102.0511 homogen=75936.8181
mean B0=115.1397 homogen=16235.1631
mean B0=104.9365 homogen=4397.4653
mean B0=109.4022 homogen=8646.6773
mean B0=103.2645 homogen=3711.9372
mean B0=125.4609 homogen=45143.7557
mean B0=116.0022 homogen=19449.1005
mean B0=104.4139 homogen=44526.2347
mean B0=123.3958 homogen=35407.1235
mean B0=114.398 homogen=18471.4196
mean B0=124.15 homogen=34510.7142
mean B0=126.8395 homogen=54386.2932
mean B0=109.1235 homogen=6515.3889
mean B0=120.9571 homogen=26141.419
mean B0=124.8224 homogen=40392.6053
mean B0=119.0202 homogen=28411.5213
mean B0=124.3202 homogen=51763.3384
   166 |     6640 |     40 |  0.000000E+00 |  0.000000E+00 |  0.0036810700 |         ideal
mean B0=113.2323 homogen=15282.2385
mean B0=114.8644 homogen=15869.5069
mean B0=121.2966 homogen=26830.3088
mean B0=115.8921 homogen=17483.4187
mean B0=112.3439 homogen=13957.1982
mean B0=108.6419 homogen=5138.8711
mean B0=119.4862 homogen=22897.976
mean B0=107.9189 homogen=6843.943
mean B0=122.8842 homogen=32243.3879
mean B0=111.9465 homogen=37939.6475
mean B0=121.5145 homogen=26489.1069
mean B0=117.1349 homogen=22143.0764
mean B0=124.8554 homogen=32778.4877
mean B0=101.7268 homogen=182187.7445
mean B0=126.815 homogen=50351.378
mean B0=119.7184 homogen=25487.6277
mean B0=100.3767 homogen=12026.0124
mean B0=111.1605 homogen=8293.3038
mean B0=123.9397 homogen=41672.4113
mean B0=116.1297 homogen=21540.5394
mean B0=107.3124 homogen=6637.5228
mean B0=116.7889 homogen=20811.9812
mean B0=120.1973 homogen=70897.4131
mean B0=118.1602 homogen=22531.0379
mean B0=106.7943 homogen=4483.3533
mean B0=78.3573 homogen=84097.6
mean B0=111.5529 homogen=13818.8057
mean B0=115.9939 homogen=17267.1277
mean B0=121.4321 homogen=26246.0095
mean B0=111.1285 homogen=20340.3614
mean B0=120.762 homogen=24873.4944
mean B0=100.9913 homogen=148156.1283
mean B0=113.5572 homogen=16916.8066
mean B0=128.5602 homogen=54584.6244
mean B0=118.8832 homogen=22670.873
mean B0=115.2082 homogen=19159.8643
mean B0=79.8 homogen=226454.3665
mean B0=115.8633 homogen=58397.029
mean B0=112.7144 homogen=15651.8514
mean B0=113.2927 homogen=25862.4656
   167 |     6680 |     40 |  0.000000E+00 |  0.000000E+00 |  0.0024551577 |             f
mean B0=118.9339 homogen=34250.8555
mean B0=118.524 homogen=23306.1868
mean B0=124.5278 homogen=38130.6606
mean B0=108.9186 homogen=26269.3378
mean B0=116.62 homogen=20775.968
mean B0=108.1536 homogen=4803.5567
mean B0=115.6549 homogen=24562.6237
mean B0=123.8035 homogen=47206.3152
mean B0=122.9673 homogen=33590.1269
mean B0=94.9077 homogen=137222.7526
mean B0=110.4587 homogen=8495.7641
mean B0=97.5934 homogen=88678.3113
mean B0=112.4968 homogen=14522.8993
mean B0=121.2024 homogen=25172.6584
mean B0=100.3107 homogen=47500.3447
mean B0=116.5178 homogen=47748.3603
mean B0=115.1345 homogen=16231.127
mean B0=108.3948 homogen=23925.0171
mean B0=109.0179 homogen=11584.3586
mean B0=109.0692 homogen=6270.6725
mean B0=123.4311 homogen=61399.3302
mean B0=121.5944 homogen=26582.8496
mean B0=123.5074 homogen=30824.2233
mean B0=111.0441 homogen=15317.2874
mean B0=115.34 homogen=53488.8067
mean B0=115.0112 homogen=15420.4105
mean B0=115.2574 homogen=18997.2475
mean B0=107.2783 homogen=6632.7853
mean B0=117.9118 homogen=22897.9863
mean B0=103.4979 homogen=147399.8983
mean B0=108.6168 homogen=14834.4245
mean B0=120.9439 homogen=28708.1457
mean B0=118.4403 homogen=22206.0403
mean B0=115.4269 homogen=17335.7841
mean B0=121.5207 homogen=35704.564
mean B0=120.8 homogen=26551.0299
mean B0=110.3515 homogen=7692.4978
mean B0=120.4311 homogen=27043.1489
mean B0=116.3209 homogen=33463.4255
mean B0=107.1363 homogen=4109.0329
   168 |     6720 |     40 |  0.000000E+00 |  0.000000E+00 |  0.0047952735 |             f
mean B0=116.7399 homogen=21057.4991
mean B0=121.3525 homogen=27669.5554
mean B0=99.3524 homogen=168801.758
mean B0=117.8902 homogen=76265.1974
mean B0=112.4501 homogen=13557.0625
mean B0=114.2766 homogen=14359.222
mean B0=120.1195 homogen=23700.0517
mean B0=97.7501 homogen=13340.7553
mean B0=111.9349 homogen=44387.2151
mean B0=119.7777 homogen=34910.1248
mean B0=122.1226 homogen=36724.6511
mean B0=128.0024 homogen=50114.8592
mean B0=120.9486 homogen=25376.5373
mean B0=124.8851 homogen=32799.8477
mean B0=123.4944 homogen=51679.1075
mean B0=115.7451 homogen=17301.257
mean B0=116.6461 homogen=20732.0152
mean B0=109.6074 homogen=6251.6571
mean B0=105.0067 homogen=10027.6131
mean B0=118.6443 homogen=37225.4179
mean B0=116.1669 homogen=19129.5504
mean B0=115.9302 homogen=16726.698
mean B0=111.1432 homogen=34663.8698
mean B0=114.5383 homogen=25988.0808
mean B0=112.4494 homogen=14180.334
mean B0=107.5977 homogen=5463.4428
mean B0=123.5148 homogen=30800.7561
mean B0=113.7942 homogen=17976.228
mean B0=111.4568 homogen=25345.4277
mean B0=121.0939 homogen=25413.3494
mean B0=113.4189 homogen=13493.2982
mean B0=121.3032 homogen=25032.134
mean B0=93.1394 homogen=40279.0083
mean B0=125.0747 homogen=34873.2066
mean B0=107.6816 homogen=4976.3812
mean B0=121.874 homogen=26058.6484
mean B0=124.7563 homogen=44424.4644
mean B0=109.068 homogen=7339.2159
mean B0=109.369 homogen=7307.5769
mean B0=105.731 homogen=42363.7956
   169 |     6760 |     40 |  0.000000E+00 |  0.000000E+00 |  0.0025766384 |             f
mean B0=103.2717 homogen=3793.7307
mean B0=108.581 homogen=9852.5317
mean B0=125.7306 homogen=34827.2064
mean B0=108.4098 homogen=5356.0983
mean B0=126.7831 homogen=51518.1898
mean B0=107.3476 homogen=6567.0136
mean B0=120.7799 homogen=24910.8187
mean B0=119.4978 homogen=22930.4116
mean B0=117.403 homogen=22366.3121
mean B0=115.7354 homogen=19321.6432
mean B0=125.0401 homogen=36109.7933
mean B0=109.378 homogen=7053.305
mean B0=115.1222 homogen=16738.1969
mean B0=123.9819 homogen=34510.714
mean B0=113.6876 homogen=16483.6831
mean B0=116.4914 homogen=20217.5956
mean B0=122.1805 homogen=38722.4524
mean B0=104.527 homogen=70795.4417
mean B0=124.8228 homogen=35565.9247
mean B0=119.4857 homogen=36358.2573
mean B0=125.235 homogen=45742.196
mean B0=114.4217 homogen=16642.6306
mean B0=124.2143 homogen=32776.9528
mean B0=104.3093 homogen=5733.4826
mean B0=113.8549 homogen=15742.7655
mean B0=113.2352 homogen=13690.476
mean B0=112.1348 homogen=13390.3515
mean B0=128.6918 homogen=53916.3193
mean B0=108.0926 homogen=9319.537
mean B0=84.5215 homogen=47397.4737
mean B0=117.7292 homogen=35295.0255
mean B0=113.789 homogen=14784.1783
mean B0=116.8234 homogen=22549.7061
mean B0=99.5202 homogen=14361.4467
mean B0=115.9938 homogen=18110.0745
mean B0=108.3639 homogen=4803.9082
mean B0=116.0416 homogen=18156.2819
mean B0=102.9101 homogen=4858.2126
mean B0=123.7347 homogen=30215.5459
mean B0=128.2813 homogen=49179.8758
   170 |     6800 |     40 |  0.000000E+00 |  0.000000E+00 |  0.0027502931 |             f
mean B0=108.185 homogen=4600.4925
mean B0=107.2815 homogen=7029.2136
mean B0=120.436 homogen=30403.9445
mean B0=108.4098 homogen=5356.0983
mean B0=127.91 homogen=49121.0979
mean B0=108.3377 homogen=6280.8491
mean B0=114.2365 homogen=15720.3779
mean B0=100.9256 homogen=117679.3915
mean B0=111.8886 homogen=17352.8144
mean B0=125.6647 homogen=48927.2299
mean B0=123.25 homogen=31978.0659
mean B0=115.9665 homogen=19401.1138
mean B0=87.3329 homogen=72555.534
mean B0=116.6965 homogen=21524.7875
mean B0=118.8521 homogen=28830.2137
mean B0=120.364 homogen=27572.9861
mean B0=96.7254 homogen=197378.193
mean B0=124.1531 homogen=34606.9457
mean B0=123.7702 homogen=34019.1451
mean B0=121.4422 homogen=26096.9405
mean B0=121.9274 homogen=26124.3081
mean B0=87.0216 homogen=58761.3894
mean B0=113.5113 homogen=29211.3423
mean B0=102.0717 homogen=13856.9025
mean B0=128.6274 homogen=56986.005
mean B0=108.1146 homogen=5243.8505
mean B0=114.3281 homogen=16676.5545
mean B0=100.8544 homogen=8357.3082
mean B0=108.8348 homogen=4914.7171
mean B0=101.946 homogen=63382.2364
mean B0=111.6158 homogen=25435.4423
mean B0=116.3569 homogen=20763.3485
mean B0=93.0998 homogen=45300.0465
mean B0=117.7935 homogen=18811.792
mean B0=121.7477 homogen=29391.939
mean B0=105.5138 homogen=7146.3759
mean B0=109.682 homogen=6370.3119
mean B0=125.2984 homogen=40702.3289
mean B0=117.578 homogen=29342.4884
mean B0=111.6737 homogen=12928.4517
   171 |     6840 |     40 |  0.000000E+00 |  0.000000E+00 |  0.0027336119 |             f
mean B0=118.2058 homogen=28695.7763
mean B0=120.1796 homogen=26222.9115
mean B0=120.1884 homogen=27880.4873
mean B0=84.6856 homogen=74911.4172
mean B0=114.4658 homogen=20427.9907
mean B0=115.9586 homogen=35455.419
mean B0=126.4841 homogen=49155.8661
mean B0=107.3504 homogen=6537.5537
mean B0=110.6374 homogen=16664.0866
mean B0=93.1907 homogen=40512.5761
mean B0=91.8566 homogen=34070.3318
mean B0=119.4143 homogen=37255.3609
mean B0=118.4598 homogen=35861.2494
mean B0=124.5789 homogen=34671.7742
mean B0=114.7261 homogen=14451.4349
mean B0=115.6973 homogen=24469.0639
mean B0=115.9876 homogen=16695.8252
mean B0=90.1329 homogen=30909.1689
mean B0=109.9765 homogen=13307.8868
mean B0=106.2322 homogen=7877.5075
mean B0=106.8292 homogen=37216.4812
mean B0=122.431 homogen=32731.1702
mean B0=109.6724 homogen=25484.8335
mean B0=128.2813 homogen=49179.8758
mean B0=108.4032 homogen=32013.2072
mean B0=77.245 homogen=103663.8458
mean B0=114.9791 homogen=16062.1139
mean B0=116.8686 homogen=27360.0261
mean B0=110.4481 homogen=7892.7805
mean B0=125.6005 homogen=35074.7131
mean B0=119.8469 homogen=26233.0872
mean B0=129.7027 homogen=53004.1458
mean B0=103.3724 homogen=3940.3882
mean B0=127.5638 homogen=46742.377
mean B0=114.9563 homogen=15541.5486
mean B0=116.2219 homogen=18421.9029
mean B0=124.8155 homogen=32887.3259
mean B0=99.37 homogen=104793.3178
mean B0=105.5724 homogen=10785.5807
mean B0=110.4444 homogen=13956.9298
   172 |     6880 |     40 |  0.000000E+00 |  0.000000E+00 |  0.0330376483 |         ideal
mean B0=116.2441 homogen=16168.8325
mean B0=104.5719 homogen=3815.0312
mean B0=121.7374 homogen=25868.5021
mean B0=100.9533 homogen=80134.086
mean B0=119.9906 homogen=23136.3265
mean B0=105.0848 homogen=16542.3956
mean B0=114.9181 homogen=15391.6737
mean B0=129.1134 homogen=56502.1163
mean B0=109.4988 homogen=8814.1944
mean B0=124.2087 homogen=32789.8528
mean B0=110.1065 homogen=9261.4415
mean B0=120.9596 homogen=27697.9119
mean B0=119.5415 homogen=34068.8166
mean B0=122.0444 homogen=26091.6085
mean B0=109.071 homogen=7012.7059
mean B0=113.0395 homogen=23624.7142
mean B0=128.6363 homogen=50940.4671
mean B0=121.8109 homogen=26326.9465
mean B0=109.4196 homogen=5592.2906
mean B0=114.7844 homogen=14226.9628
mean B0=92.6207 homogen=209765.9656
mean B0=103.2717 homogen=3793.7307
mean B0=121.4923 homogen=25446.6874
mean B0=102.0202 homogen=11277.6482
mean B0=127.7841 homogen=49396.2171
mean B0=105.1298 homogen=21919.6867
mean B0=110.661 homogen=13764.3514
mean B0=118.4754 homogen=22103.2514
mean B0=108.8582 homogen=12664.4864
mean B0=124.8919 homogen=32785.3407
mean B0=115.8166 homogen=16983.4105
mean B0=105.7989 homogen=6531.5305
mean B0=110.5404 homogen=38010.1322
mean B0=121.7366 homogen=27656.3635
mean B0=109.7159 homogen=14397.7949
mean B0=122.5099 homogen=28076.8175
mean B0=127.6883 homogen=49782.7195
mean B0=110.4079 homogen=7585.886
mean B0=124.8765 homogen=34444.0857
mean B0=112.8315 homogen=27625.2828
   173 |     6920 |     40 |  0.000000E+00 |  0.000000E+00 |  0.0028260751 |             f
mean B0=100.7691 homogen=6377.7014
mean B0=122.4434 homogen=26883.5291
mean B0=86.4819 homogen=208320.2388
mean B0=103.2893 homogen=3757.0434
mean B0=111.2322 homogen=8193.0142
mean B0=124.2143 homogen=32776.9528
mean B0=119.177 homogen=31974.7019
mean B0=129.4078 homogen=52561.9816
mean B0=120.4521 homogen=26385.7091
mean B0=91.332 homogen=63839.1934
mean B0=114.6568 homogen=21703.7058
mean B0=113.8331 homogen=13339.1992
mean B0=84.6856 homogen=74911.4172
mean B0=125.5987 homogen=35247.3526
mean B0=110.375 homogen=7473.6357
mean B0=113.2149 homogen=21772.1656
mean B0=115.4285 homogen=21647.5561
mean B0=115.0597 homogen=26128.9638
mean B0=93.8763 homogen=47117.5695
mean B0=123.767 homogen=30304.9467
mean B0=106.3494 homogen=7248.2948
mean B0=111.3195 homogen=14095.8939
mean B0=107.297 homogen=4318.6075
mean B0=122.8287 homogen=28707.1189
mean B0=114.5526 homogen=16827.9768
mean B0=120.0389 homogen=69060.3794
mean B0=110.326 homogen=39766.9641
mean B0=116.5136 homogen=16527.9273
mean B0=120.9001 homogen=25140.926
mean B0=115.7797 homogen=17971.366
mean B0=124.5049 homogen=39384.3
mean B0=114.7844 homogen=14226.9642
mean B0=117.7935 homogen=18811.792
mean B0=112.1793 homogen=13375.101
mean B0=120.6991 homogen=22179.5779
mean B0=109.6222 homogen=24131.0149
mean B0=111.0047 homogen=27378.0525
mean B0=96.7368 homogen=15007.1315
mean B0=128.7957 homogen=49943.3863
mean B0=125.0826 homogen=38835.4017
   174 |     6960 |     40 |  0.000000E+00 |  0.000000E+00 |  0.0029882695 |             f
mean B0=124.8616 homogen=32925.2263
mean B0=123.735 homogen=30216.0976
mean B0=128.7107 homogen=50173.0889
mean B0=113.22 homogen=15072.8626
mean B0=110.8819 homogen=8095.8272
mean B0=116.7233 homogen=16912.6389
mean B0=113.3743 homogen=24313.1376
mean B0=118.4725 homogen=22126.4541
mean B0=121.876 homogen=40364.1694
mean B0=120.8321 homogen=25430.8798
mean B0=121.5382 homogen=25296.7443
mean B0=107.9874 homogen=11939.804
mean B0=114.4238 homogen=15704.9194
mean B0=102.5316 homogen=73674.6949
mean B0=114.4405 homogen=16060.7273
mean B0=106.7774 homogen=11726.5468
mean B0=84.8459 homogen=73580.3396
mean B0=110.0367 homogen=14997.8548
mean B0=118.3838 homogen=26935.0569
mean B0=129.0452 homogen=55033.5371
mean B0=123.7921 homogen=30156.2628
mean B0=118.9584 homogen=41029.1031
mean B0=117.8701 homogen=18656.4386
mean B0=110.102 homogen=9985.7413
mean B0=117.2568 homogen=18595.4153
mean B0=116.9961 homogen=22815.2781
mean B0=118.5042 homogen=50304.765
mean B0=129.5982 homogen=53303.5753
mean B0=118.768 homogen=32762.0248
mean B0=116.1639 homogen=15536.8645
mean B0=109.6697 homogen=6430.0746
mean B0=108.7737 homogen=15573.745
mean B0=123.0428 homogen=29180.6285
mean B0=128.2644 homogen=49298.4938
mean B0=107.5405 homogen=14957.6504
mean B0=91.0165 homogen=3894.8784
mean B0=117.2023 homogen=20494.8904
mean B0=102.2696 homogen=47182.0057
mean B0=107.3253 homogen=4616.4331
mean B0=120.6048 homogen=22416.8005
   175 |     7000 |     40 |  0.000000E+00 |  0.000000E+00 |  0.0015954258 |             f
mean B0=113.4604 homogen=26278.7149
mean B0=121.1846 homogen=24955.1794
mean B0=115.1635 homogen=15118.1217
mean B0=115.352 homogen=15297.0898
mean B0=124.1046 homogen=31671.844
mean B0=107.1563 homogen=4126.9736
mean B0=128.9873 homogen=51872.1033
mean B0=111.4936 homogen=8607.4953
mean B0=116.4726 homogen=24351.8074
mean B0=121.0202 homogen=24169.6277
mean B0=114.6327 homogen=14653.7995
mean B0=115.4427 homogen=28709.9439
mean B0=86.5731 homogen=82644.6889
mean B0=111.5183 homogen=10010.9779
mean B0=104.9048 homogen=3962.6777
mean B0=113.2211 homogen=15146.4323
mean B0=117.2193 homogen=18700.7132
mean B0=116.6009 homogen=18880.374
mean B0=115.4082 homogen=30687.5
mean B0=109.7019 homogen=29041.8252
mean B0=117.4106 homogen=21751.1897
mean B0=110.8834 homogen=14061.229
mean B0=128.6239 homogen=50732.7387
mean B0=109.8991 homogen=8807.2187
mean B0=125.9736 homogen=41862.1529
mean B0=104.6647 homogen=4009.7198
mean B0=124.5981 homogen=33422.7449
mean B0=121.7437 homogen=25503.3963
mean B0=130.8717 homogen=57113.923
mean B0=117.2343 homogen=18078.5168
mean B0=120.9234 homogen=25278.8564
mean B0=125.6733 homogen=34859.1474
mean B0=123.4701 homogen=55494.4757
mean B0=109.8731 homogen=11140.8674
mean B0=124.5776 homogen=32102.687
mean B0=104.2795 homogen=135434.4741
mean B0=108.8668 homogen=4944.8466
mean B0=102.5809 homogen=6752.6532
mean B0=104.3972 homogen=27317.0991
mean B0=117.5285 homogen=28931.6815
   176 |     7040 |     40 |  0.000000E+00 |  0.000000E+00 |  0.0380001455 |         ideal
mean B0=122.0508 homogen=26732.2378
mean B0=108.1846 homogen=27279.7094
mean B0=106.8283 homogen=18507.6088
mean B0=125.6277 homogen=42118.6043
mean B0=110.3754 homogen=8126.1047
mean B0=104.6841 homogen=7671.2738
mean B0=109.6812 homogen=6372.3134
mean B0=130.7853 homogen=56496.3375
mean B0=113.4373 homogen=16212.8191
mean B0=107.4796 homogen=10849.416
mean B0=110.095 homogen=13143.244
mean B0=129.8709 homogen=54614.1907
mean B0=116.715 homogen=16899.2058
mean B0=120.6673 homogen=22027.1195
mean B0=112.9933 homogen=25694.7463
mean B0=118.5147 homogen=127882.2769
mean B0=115.879 homogen=27830.4073
mean B0=114.8559 homogen=14078.563
mean B0=128.5448 homogen=49599.0385
mean B0=122.0122 homogen=26164.6699
mean B0=122.0175 homogen=26362.4692
mean B0=121.1151 homogen=27535.4192
mean B0=109.374 homogen=5262.2043
mean B0=128.1077 homogen=49656.3377
mean B0=125.6808 homogen=36042.3416
mean B0=108.8279 homogen=13926.904
mean B0=128.995 homogen=51844.0636
mean B0=129.8032 homogen=53595.6512
mean B0=96.0706 homogen=198086.4444
mean B0=107.2498 homogen=16545.1434
mean B0=107.2149 homogen=27616.7288
mean B0=118.0484 homogen=23135.2747
mean B0=122.453 homogen=26901.6708
mean B0=120.0988 homogen=28718.4911
mean B0=104.7283 homogen=5649.0334
mean B0=124.8325 homogen=34231.5527
mean B0=104.2984 homogen=58426.5512
mean B0=108.1158 homogen=4619.2528
mean B0=115.8935 homogen=15479.676
mean B0=127.4942 homogen=47016.1956
   177 |     7080 |     40 |  0.000000E+00 |  0.000000E+00 |  0.0018964708 |             f
mean B0=123.9012 homogen=38323.0162
mean B0=124.6233 homogen=35789.5147
mean B0=114.0709 homogen=21858.952
mean B0=123.9853 homogen=40972.8349
mean B0=124.5648 homogen=32121.5313
mean B0=111.6374 homogen=13317.6958
mean B0=122.5569 homogen=27735.078
mean B0=110.3899 homogen=7554.7527
mean B0=111.7829 homogen=14072.9291
mean B0=127.9099 homogen=49120.797
mean B0=122.05 homogen=26126.7392
mean B0=123.6351 homogen=29734.1317
mean B0=119.4484 homogen=133324.6834
mean B0=126.6125 homogen=43296.3451
mean B0=116.2017 homogen=15647.5078
mean B0=114.6443 homogen=13916.5205
mean B0=124.7003 homogen=32075.3968
mean B0=115.5649 homogen=129613.8041
mean B0=104.5555 homogen=14034.6947
mean B0=104.6953 homogen=3640.2676
mean B0=101.703 homogen=8548.7214
mean B0=118.9531 homogen=27163.6716
mean B0=109.6501 homogen=24226.4544
mean B0=102.2243 homogen=26305.0364
mean B0=125.7449 homogen=34808.658
mean B0=111.5595 homogen=9662.1311
mean B0=104.7986 homogen=78017.6265
mean B0=110.3236 homogen=8303.9336
mean B0=115.1327 homogen=26902.5914
mean B0=117.7421 homogen=34023.277
mean B0=130.7792 homogen=56448.9249
mean B0=114.2569 homogen=14668.63
mean B0=104.92 homogen=3927.3184
mean B0=120.9473 homogen=31204.6765
mean B0=115.8552 homogen=15363.805
mean B0=127.6589 homogen=46973.1135
mean B0=129.0614 homogen=53333.9102
mean B0=113.8149 homogen=26208.819
mean B0=121.4197 homogen=25595.3463
mean B0=109.5376 homogen=6747.5022
   178 |     7120 |     40 |  0.000000E+00 |  0.000000E+00 |  0.0039548601 |             f
mean B0=128.4317 homogen=51091.1231
mean B0=114.3051 homogen=27927.0632
mean B0=123.5636 homogen=29786.8134
mean B0=107.2859 homogen=7549.8514
mean B0=125.3339 homogen=42391.0403
mean B0=126.1473 homogen=43159.5877
mean B0=125.22 homogen=32880.6445
mean B0=117.8063 homogen=20235.8869
mean B0=112.1357 homogen=20270.1469
mean B0=104.6711 homogen=5889.9815
mean B0=124.8843 homogen=33003.0068
mean B0=111.8836 homogen=26525.1157
mean B0=123.2739 homogen=29995.6159
mean B0=124.9995 homogen=36942.7168
mean B0=122.219 homogen=26245.9128
mean B0=123.1773 homogen=36479.8279
mean B0=110.6443 homogen=10198.7323
mean B0=114.8178 homogen=14672.7098
mean B0=119.6487 homogen=38648.5817
mean B0=121.3168 homogen=25025.9867
mean B0=125.0896 homogen=65352.1639
mean B0=108.9199 homogen=32508.9018
mean B0=119.2039 homogen=57140.442
mean B0=106.9827 homogen=5656.932
mean B0=116.8105 homogen=31254.4816
mean B0=128.6743 homogen=48350.4956
mean B0=111.9958 homogen=12166.8809
mean B0=122.0945 homogen=26664.0889
mean B0=113.9688 homogen=17158.3678
mean B0=114.2455 homogen=14073.6417
mean B0=125.1438 homogen=39954.618
mean B0=122.4567 homogen=28039.0511
mean B0=122.2311 homogen=27300.0204
mean B0=89.7374 homogen=67167.0591
mean B0=119.8975 homogen=24315.2975
mean B0=115.3475 homogen=34086.9259
mean B0=114.7018 homogen=23572.9084
mean B0=120.7348 homogen=21631.9941
mean B0=123.4332 homogen=28766.3152
mean B0=111.6693 homogen=25622.1505
   179 |     7160 |     40 |  0.000000E+00 |  0.000000E+00 |  0.0026946483 |             f
mean B0=115.3675 homogen=15330.2927
mean B0=100.6426 homogen=5955.64
mean B0=121.8893 homogen=27064.7133
mean B0=127.5725 homogen=46707.4025
mean B0=107.8285 homogen=5106.4602
mean B0=126.2577 homogen=42830.4882
mean B0=117.2308 homogen=19139.9318
mean B0=115.3536 homogen=21330.8022
mean B0=115.3141 homogen=29674.2968
mean B0=114.6946 homogen=14055.3062
mean B0=124.3121 homogen=31649.2042
mean B0=124.7325 homogen=32190.5238
mean B0=118.5179 homogen=34479.8767
mean B0=119.584 homogen=36143.9497
mean B0=107.6225 homogen=4162.0797
mean B0=114.254 homogen=27657.6741
mean B0=93.9332 homogen=46451.61
mean B0=115.5704 homogen=15752.7378
mean B0=118.6876 homogen=143955.6484
mean B0=126.428 homogen=37120.172
mean B0=108.8675 homogen=8192.9985
mean B0=123.1471 homogen=58713.6724
mean B0=119.1792 homogen=31232.1366
mean B0=125.7636 homogen=34757.6973
mean B0=105.0235 homogen=3978.7554
mean B0=130.2242 homogen=56037.6391
mean B0=121.4436 homogen=21289.9364
mean B0=118.3967 homogen=28614.8211
mean B0=121.4061 homogen=27504.0092
mean B0=122.3823 homogen=26455.382
mean B0=122.3561 homogen=27762.2589
mean B0=128.9595 homogen=50738.5249
mean B0=104.8754 homogen=3947.4688
mean B0=112.1414 homogen=29126.9248
mean B0=116.2962 homogen=19575.7747
mean B0=124.3482 homogen=37412.0819
mean B0=127.6226 homogen=46910.3135
mean B0=85.7106 homogen=69135.012
mean B0=105.2918 homogen=7217.4113
mean B0=118.8343 homogen=127900.0799
   180 |     7200 |     40 |  0.000000E+00 |  0.000000E+00 |  0.0038953800 |             f
mean B0=128.9391 homogen=51475.4624
mean B0=116.1287 homogen=16287.2897
mean B0=121.5519 homogen=27473.2479
mean B0=126.8109 homogen=37601.5142
mean B0=121.4296 homogen=26397.2162
mean B0=122.4311 homogen=26364.8034
mean B0=100.8724 homogen=6129.8884
mean B0=123.0848 homogen=28480.4465
mean B0=102.3533 homogen=12653.5872
mean B0=128.9414 homogen=49979.1443
mean B0=115.0581 homogen=28609.0676
mean B0=121.1145 homogen=28913.6626
mean B0=106.3775 homogen=12249.6183
mean B0=107.4192 homogen=9644.6954
mean B0=130.1291 homogen=54907.9979
mean B0=118.5792 homogen=22242.4943
mean B0=125.6618 homogen=35082.38
mean B0=96.3052 homogen=27666.6647
mean B0=110.3899 homogen=7554.7527
mean B0=128.1896 homogen=49389.7034
mean B0=107.1154 homogen=4234.3687
mean B0=123.9091 homogen=55704.5342
mean B0=111.1041 homogen=6350.1573
mean B0=127.199 homogen=45883.823
mean B0=126.3435 homogen=35746.4376
mean B0=121.0125 homogen=22107.1234
mean B0=116.5425 homogen=20380.3102
mean B0=108.1575 homogen=34895.4877
mean B0=110.1474 homogen=11282.9165
mean B0=114.5648 homogen=13928.2763
mean B0=126.6974 homogen=43534.8417
mean B0=104.1765 homogen=128873.6213
mean B0=113.9538 homogen=15197.7102
mean B0=123.982 homogen=40409.6668
mean B0=129.4201 homogen=50143.7288
mean B0=118.3493 homogen=35694.7159
mean B0=129.9745 homogen=54230.9248
mean B0=91.0465 homogen=38255.1158
mean B0=107.6225 homogen=4162.0797
mean B0=123.4839 homogen=44476.2003
   181 |     7240 |     40 |  0.000000E+00 |  0.000000E+00 |  0.0038207173 |             f
mean B0=125.0147 homogen=33001.4354
mean B0=109.2315 homogen=5182.0787
mean B0=117.5719 homogen=18708.1091
mean B0=122.307 homogen=25370.4504
mean B0=124.1893 homogen=46008.0584
mean B0=93.7805 homogen=50693.0512
mean B0=100.2663 homogen=2550.0951
mean B0=118.878 homogen=24843.3893
mean B0=111.0075 homogen=13438.1242
mean B0=117.248 homogen=18037.3632
mean B0=103.3133 homogen=3864.842
mean B0=109.1529 homogen=6079.6421
mean B0=120.0897 homogen=24192.8794
mean B0=116.7887 homogen=18148.1383
mean B0=105.3363 homogen=108679.868
mean B0=122.6713 homogen=27045.9045
mean B0=113.7457 homogen=13582.7742
mean B0=128.8846 homogen=50708.9621
mean B0=127.199 homogen=45883.823
mean B0=131.0391 homogen=58482.3734
mean B0=126.2411 homogen=41722.5401
mean B0=113.9482 homogen=70075.6554
mean B0=125.5453 homogen=32899.2646
mean B0=129.5368 homogen=51417.8846
mean B0=126.8294 homogen=37630.3213
mean B0=115.0053 homogen=14231.0058
mean B0=110.9104 homogen=6277.2218
mean B0=113.7433 homogen=33491.8032
mean B0=99.7181 homogen=74411.0083
mean B0=115.3578 homogen=15387.629
mean B0=100.8637 homogen=107196.6654
mean B0=70.4704 homogen=119475.0514
mean B0=124.3639 homogen=31780.4556
mean B0=117.5792 homogen=28921.9612
mean B0=91.5558 homogen=202268.4828
mean B0=115.5329 homogen=31348.9939
mean B0=130.3289 homogen=55615.2201
mean B0=131.2206 homogen=59516.4008
mean B0=105.3654 homogen=122771.6874
mean B0=122.9052 homogen=27724.3512
   182 |     7280 |     40 |  0.000000E+00 |  0.000000E+00 |  0.0112705818 |         ideal
mean B0=123.977 homogen=34110.8124
mean B0=113.7107 homogen=27774.802
mean B0=130.2938 homogen=55676.015
mean B0=126.0637 homogen=45117.5549
mean B0=116.838 homogen=20446.2724
mean B0=126.3813 homogen=35651.5361
mean B0=82.5808 homogen=32113.172
mean B0=115.3556 homogen=15314.7439
mean B0=105.0383 homogen=45957.968
mean B0=117.3667 homogen=18231.5986
mean B0=119.7173 homogen=26425.0847
mean B0=125.778 homogen=34716.8167
mean B0=101.8874 homogen=7494.6731
mean B0=107.8475 homogen=5094.2409
mean B0=110.6597 homogen=150850.329
mean B0=109.213 homogen=4805.1725
mean B0=127.7852 homogen=47225.8138
mean B0=128.815 homogen=49851.1752
mean B0=117.222 homogen=50525.9893
mean B0=126.2664 homogen=37153.6446
mean B0=104.322 homogen=3634.3408
mean B0=126.3291 homogen=41337.0527
mean B0=109.5231 homogen=77452.5544
mean B0=105.4941 homogen=5294.3739
mean B0=106.8589 homogen=13493.1271
mean B0=107.4007 homogen=46400.7809
mean B0=81.4568 homogen=221511.243
mean B0=113.6086 homogen=14297.2869
mean B0=125.8376 homogen=45615.3112
mean B0=120.0461 homogen=29845.9098
mean B0=122.7084 homogen=50653.0711
mean B0=127.3997 homogen=44331.7985
mean B0=130.1024 homogen=64082.4038
mean B0=116.934 homogen=18393.0027
mean B0=122.9976 homogen=27671.4756
mean B0=121.2261 homogen=22707.1209
mean B0=126.3162 homogen=37004.1024
mean B0=125.7468 homogen=34815.084
mean B0=119.3128 homogen=27260.7129
mean B0=120.9455 homogen=28881.5174
   183 |     7320 |     40 |  0.000000E+00 |  0.000000E+00 |  0.0018760603 |             f
mean B0=116.7159 homogen=24415.2169
mean B0=100.2912 homogen=10509.1252
mean B0=115.6959 homogen=17021.0761
mean B0=126.9694 homogen=42216.4306
mean B0=122.9021 homogen=27590.8491
mean B0=114.4071 homogen=23603.2419
mean B0=129.2622 homogen=52187.9344
mean B0=125.8864 homogen=37012.7104
mean B0=116.2255 homogen=15565.4185
mean B0=113.8965 homogen=17374.358
mean B0=113.8098 homogen=19198.2949
mean B0=122.7588 homogen=26513.7768
mean B0=110.9584 homogen=6247.7881
mean B0=129.8745 homogen=57450.934
mean B0=129.2887 homogen=52194.3821
mean B0=109.8546 homogen=13314.0889
mean B0=111.0944 homogen=7474.1464
mean B0=119.0527 homogen=126623.8182
mean B0=123.4322 homogen=31282.9098
mean B0=131.4114 homogen=57169.5969
mean B0=121.0257 homogen=24144.4275
mean B0=101.8365 homogen=80025.4715
mean B0=121.4081 homogen=26177.6559
mean B0=118.5586 homogen=21903.4628
mean B0=103.0498 homogen=3501.5243
mean B0=119.6523 homogen=26568.1407
mean B0=123.5787 homogen=27414.354
mean B0=130.1114 homogen=54264.6212
mean B0=110.9981 homogen=20965.2622
mean B0=117.2596 homogen=52584.3729
mean B0=120.6245 homogen=38655.1385
mean B0=126.3765 homogen=36731.2064
mean B0=112.8894 homogen=33863.3411
mean B0=127.7852 homogen=47225.8138
mean B0=128.8391 homogen=49758.3569
mean B0=114.9111 homogen=15570.3766
mean B0=98.4742 homogen=77697.4085
mean B0=129.0975 homogen=49771.2287
mean B0=119.5605 homogen=28859.966
mean B0=105.2249 homogen=20625.0106
   184 |     7360 |     40 |  0.000000E+00 |  0.000000E+00 |  0.0061272283 |         ideal
mean B0=122.8435 homogen=27746.3688
mean B0=129.0136 homogen=50059.0404
mean B0=120.62 homogen=29574.2227
mean B0=126.7454 homogen=41821.7816
mean B0=115.2823 homogen=22611.1039
mean B0=108.2638 homogen=4559.3781
mean B0=102.9355 homogen=3893.8775
mean B0=122.063 homogen=25069.1884
mean B0=95.5286 homogen=40706.6934
mean B0=115.4052 homogen=15331.3912
mean B0=129.176 homogen=50908.5656
mean B0=111.704 homogen=27747.2248
mean B0=126.9094 homogen=46654.1259
mean B0=114.7718 homogen=23084.3226
mean B0=113.0258 homogen=15173.9035
mean B0=103.1448 homogen=3348.6345
mean B0=97.3457 homogen=130285.5712
mean B0=112.3367 homogen=11004.5646
mean B0=119.7936 homogen=51530.2425
mean B0=109.4041 homogen=20134.8174
mean B0=96.2312 homogen=37750.4528
mean B0=121.2723 homogen=21028.0949
mean B0=124.778 homogen=64700.1172
mean B0=124.002 homogen=30604.8071
mean B0=111.1149 homogen=10028.2081
mean B0=78.954 homogen=210382.8506
mean B0=100.4771 homogen=4035.5231
mean B0=126.6366 homogen=36062.7305
mean B0=126.7504 homogen=46172.5805
mean B0=105.3976 homogen=49666.3468
mean B0=125.7499 homogen=66702.5693
mean B0=125.78 homogen=34867.4964
mean B0=113.4559 homogen=34894.5779
mean B0=117.3786 homogen=38042.4768
mean B0=130.2254 homogen=54208.8548
mean B0=108.391 homogen=5769.5161
mean B0=112.1819 homogen=13275.6848
mean B0=108.5267 homogen=82119.6282
mean B0=121.691 homogen=25597.9842
mean B0=122.3884 homogen=34505.8672
   185 |     7400 |     40 |  0.000000E+00 |  0.000000E+00 |  0.0019352388 |             f
mean B0=123.027 homogen=51685.0877
mean B0=124.3095 homogen=35113.8996
mean B0=112.1446 homogen=64496.7692
mean B0=125.3236 homogen=32875.5625
mean B0=91.4955 homogen=57787.9616
mean B0=106.9041 homogen=8209.2417
mean B0=105.4381 homogen=132011.6049
mean B0=116.4491 homogen=14098.2475
mean B0=107.864 homogen=35186.942
mean B0=127.0317 homogen=38383.0617
mean B0=121.3833 homogen=30210.9654
mean B0=108.2819 homogen=4747.7812
mean B0=95.5757 homogen=32710.2269
mean B0=126.2093 homogen=46943.4998
mean B0=129.7448 homogen=52397.9831
mean B0=112.0504 homogen=9363.7984
mean B0=112.4659 homogen=40222.9894
mean B0=128.5007 homogen=67875.0651
mean B0=126.5929 homogen=36174.4437
mean B0=120.4184 homogen=21222.0367
mean B0=131.3814 homogen=57390.6717
mean B0=117.8919 homogen=18598.3549
mean B0=121.0136 homogen=29731.0107
mean B0=130.2253 homogen=55697.3706
mean B0=122.3156 homogen=25383.059
mean B0=111.2903 homogen=14558.7123
mean B0=109.374 homogen=5262.2043
mean B0=104.2775 homogen=74623.2714
mean B0=126.1375 homogen=36306.9261
mean B0=106.2237 homogen=21488.7916
mean B0=103.8829 homogen=38360.7787
mean B0=110.889 homogen=6023.6761
mean B0=121.7517 homogen=34204.9422
mean B0=118.2453 homogen=20176.3536
mean B0=105.7538 homogen=38311.9071
mean B0=95.6295 homogen=44955.5544
mean B0=102.0701 homogen=56695.4484
mean B0=122.5228 homogen=42153.071
mean B0=117.4148 homogen=30718.2674
mean B0=111.3117 homogen=8646.252
   186 |     7440 |     40 |  0.000000E+00 |  0.000000E+00 |  0.0051738381 |             f
mean B0=130.5327 homogen=59492.3794
mean B0=110.655 homogen=6803.4335
mean B0=107.1741 homogen=4924.9671
mean B0=116.8156 homogen=27086.0431
mean B0=119.9927 homogen=22383.8559