/Users/nv/Documents/MRI/magnet_design/optimize_bore50mm_6p35mm_N42.py:54: DeprecationWarning: Importing 'StarmapParallelization' from 'pymoo.core.problem' is deprecated. Please use 'from pymoo.parallelization import StarmapParallelization' instead. This backward compatibility import will be removed in a future version.
  from pymoo.core.problem import StarmapParallelization
mean B0=19.3642 homogen=178178.3433
mean B0=24.7564 homogen=518486.9785
mean B0=5.4406 homogen=1309308.5792
mean B0=21.7008 homogen=463039.2962
mean B0=18.5192 homogen=613356.8393
mean B0=19.9418 homogen=295906.0967
mean B0=20.1195 homogen=610015.234
mean B0=10.0235 homogen=429659.6847
mean B0=40.6628 homogen=336544.2821
mean B0=30.6409 homogen=316201.5969
mean B0=21.0736 homogen=329938.0942
mean B0=45.1738 homogen=319532.5557
mean B0=22.9217 homogen=395033.9282
mean B0=8.8902 homogen=306255.6967
mean B0=28.4182 homogen=363127.572
mean B0=40.354 homogen=95548.2691
mean B0=0 homogen=1000000.0
mean B0=38.2919 homogen=181143.843
mean B0=35.0934 homogen=171586.1953
mean B0=39.7623 homogen=105843.1084
mean B0=18.8848 homogen=811129.7482
mean B0=28.7825 homogen=284311.731
mean B0=9.4097 homogen=966251.0854
mean B0=31.898 homogen=310934.8583
mean B0=4.2341 homogen=980369.0927
mean B0=4.1611 homogen=838910.5318
mean B0=47.6922 homogen=161297.5328
mean B0=22.1046 homogen=815517.3834
mean B0=27.9137 homogen=569100.7495
mean B0=32.9015 homogen=244406.8913
mean B0=2.5971 homogen=1072739.7803
mean B0=37.8827 homogen=406383.5371
mean B0=17.7293 homogen=298452.6419
mean B0=11.7622 homogen=933719.9178
mean B0=35.4018 homogen=361967.3298
mean B0=36.4594 homogen=265842.1124
mean B0=4.1931 homogen=1115042.0523
mean B0=9.5052 homogen=880851.7472
mean B0=25.0596 homogen=539121.8006
mean B0=5.8365 homogen=338259.1981
==========================================================================================
n_gen  |  n_eval  | n_nds  |     cv_min    |     cv_avg    |      eps      |   indicator  
==========================================================================================
     1 |       40 |      2 |  0.000000E+00 |  1.560000E+01 |             - |             -
mean B0=30.382 homogen=304112.5484
mean B0=31.4642 homogen=138617.0256
mean B0=11.1026 homogen=409776.0015
mean B0=18.2044 homogen=276971.1864
mean B0=5.6291 homogen=219833.8944
mean B0=22.7934 homogen=511698.0942
mean B0=16.4666 homogen=932404.8333
mean B0=16.7042 homogen=910839.2425
mean B0=27.9156 homogen=162208.6779
mean B0=52.2098 homogen=172887.0225
mean B0=25.6457 homogen=35995.0618
mean B0=37.7978 homogen=101947.0112
mean B0=18.8848 homogen=811129.7482
mean B0=0 homogen=1000000.0
mean B0=5.8324 homogen=338553.1782
mean B0=28.1099 homogen=511705.6743
mean B0=28.187 homogen=409075.8876
mean B0=31.4638 homogen=219876.6439
mean B0=20.6781 homogen=428886.5851
mean B0=21.5222 homogen=199237.4127
mean B0=10.9131 homogen=436578.4101
mean B0=31.4604 homogen=381192.2971
mean B0=16.2448 homogen=618856.1558
mean B0=11.7622 homogen=933719.9178
mean B0=2.7445 homogen=1063572.9473
mean B0=46.3858 homogen=315076.7083
mean B0=21.6122 homogen=397456.1666
mean B0=9.0307 homogen=955527.6977
mean B0=15.081 homogen=215492.8582
mean B0=10.6364 homogen=633777.9782
mean B0=15.51 homogen=557612.4894
mean B0=37.9197 homogen=437914.2551
mean B0=22.9217 homogen=395033.9282
mean B0=28.0205 homogen=239521.2847
mean B0=4.2731 homogen=975121.9061
mean B0=0 homogen=1000000.0
mean B0=25.0461 homogen=698308.6834
mean B0=22.2274 homogen=710025.2554
mean B0=45.4757 homogen=248070.4872
mean B0=45.9098 homogen=266819.5289
     2 |       80 |      2 |  0.000000E+00 |  0.000000E+00 |  1.2409343787 |         ideal
mean B0=28.1748 homogen=151828.5217
mean B0=18.8686 homogen=240651.7882
mean B0=49.9423 homogen=240992.6481
mean B0=25.7521 homogen=455775.4378
mean B0=29.244 homogen=75053.3223
mean B0=30.382 homogen=302602.0201
mean B0=34.4591 homogen=361880.1482
mean B0=20.8277 homogen=511455.983
mean B0=27.184 homogen=433546.8861
mean B0=25.5695 homogen=423181.7203
mean B0=23.9415 homogen=393026.2365
mean B0=26.6421 homogen=462998.3889
mean B0=29.85 homogen=441795.2417
mean B0=24.754 homogen=403694.9394
mean B0=5.1003 homogen=188088.398
mean B0=9.9359 homogen=402340.3478
mean B0=14.1196 homogen=450060.653
mean B0=35.7076 homogen=274363.7012
mean B0=26.2083 homogen=69495.5778
mean B0=25.6996 homogen=339399.6226
mean B0=22.5775 homogen=787129.0995
mean B0=18.7537 homogen=440757.2221
mean B0=27.8183 homogen=554688.4349
mean B0=50.3976 homogen=137399.3387
mean B0=20.6032 homogen=469078.783
mean B0=11.1383 homogen=408228.5041
mean B0=12.5052 homogen=814838.3303
mean B0=34.6034 homogen=276606.7978
mean B0=40.3528 homogen=341485.2464
mean B0=34.6959 homogen=366057.8903
mean B0=23.1347 homogen=480951.1594
mean B0=36.4427 homogen=381899.8803
mean B0=32.8054 homogen=406210.9339
mean B0=17.3823 homogen=385156.3929
mean B0=28.3816 homogen=665773.9584
mean B0=10.8111 homogen=404774.7406
mean B0=48.7945 homogen=64103.5701
mean B0=47.0949 homogen=263994.6033
mean B0=18.5592 homogen=382475.8187
mean B0=25.603 homogen=92376.1899
     3 |      120 |      4 |  0.000000E+00 |  0.000000E+00 |  0.6685412703 |         ideal
mean B0=16.0866 homogen=687692.4637
mean B0=37.1381 homogen=354275.7767
mean B0=15.909 homogen=481690.135
mean B0=38.5903 homogen=310087.0727
mean B0=29.5863 homogen=490971.7575
mean B0=57.8542 homogen=257311.7883
mean B0=45.3004 homogen=295098.7003
mean B0=18.3952 homogen=144974.7971
mean B0=42.8696 homogen=188664.9741
mean B0=43.2436 homogen=312166.4619
mean B0=27.874 homogen=602736.2841
mean B0=27.5991 homogen=39496.2576
mean B0=28.7828 homogen=269320.0172
mean B0=22.6522 homogen=402097.1837
mean B0=26.2083 homogen=69495.5778
mean B0=34.4894 homogen=361186.2151
mean B0=28.8976 homogen=132062.9827
mean B0=60.8625 homogen=134523.2644
mean B0=23.8454 homogen=199305.0785
mean B0=40.0915 homogen=339089.6727
mean B0=47.1232 homogen=291066.7554
mean B0=39.4175 homogen=384990.7842
mean B0=25.0946 homogen=317503.2824
mean B0=32.5011 homogen=87407.3525
mean B0=11.7622 homogen=933719.9178
mean B0=28.2121 homogen=251113.4514
mean B0=32.6463 homogen=237808.1884
mean B0=40.8428 homogen=432771.2053
mean B0=25.0192 homogen=593799.1136
mean B0=30.5672 homogen=412171.4841
mean B0=18.8075 homogen=195856.1094
mean B0=29.7638 homogen=449459.8639
mean B0=37.8827 homogen=408265.8382
mean B0=33.8569 homogen=173941.0224
mean B0=10.9364 homogen=526555.1962
mean B0=31.8731 homogen=311717.1986
mean B0=21.6597 homogen=289033.2331
mean B0=10.3261 homogen=404017.816
mean B0=48.9193 homogen=257753.598
mean B0=28.3339 homogen=143323.5533
     4 |      160 |      6 |  0.000000E+00 |  0.000000E+00 |  0.1865604539 |         ideal
mean B0=27.2198 homogen=67879.5162
mean B0=4.1544 homogen=1009215.793
mean B0=38.4443 homogen=190979.215
mean B0=53.6004 homogen=72760.9314
mean B0=47.2233 homogen=292765.0618
mean B0=30.95 homogen=152012.3398
mean B0=33.6248 homogen=406245.957
mean B0=26.1283 homogen=68866.2058
mean B0=24.4692 homogen=592935.1237
mean B0=48.6859 homogen=361253.5866
mean B0=36.6532 homogen=358788.3904
mean B0=31.8126 homogen=188909.0007
mean B0=20.2857 homogen=571239.6619
mean B0=14.7082 homogen=223313.4457
mean B0=32.6466 homogen=237803.8157
mean B0=18.6435 homogen=144313.2549
mean B0=39.2033 homogen=213436.9123
mean B0=19.1686 homogen=671337.0022
mean B0=47.3966 homogen=179839.029
mean B0=36.2875 homogen=250413.6653
mean B0=49.6197 homogen=381458.0544
mean B0=13.8869 homogen=239154.0097
mean B0=28.5298 homogen=71290.6013
mean B0=34.231 homogen=267577.3177
mean B0=26.367 homogen=73190.0465
mean B0=19.3186 homogen=231190.6887
mean B0=41.7818 homogen=203040.3905
mean B0=40.8523 homogen=432623.2441
mean B0=42.5509 homogen=154184.189
mean B0=48.563 homogen=197519.1792
mean B0=37.3591 homogen=198445.4588
mean B0=57.8542 homogen=257311.7883
mean B0=26.6796 homogen=63606.7954
mean B0=31.6398 homogen=134712.3511
mean B0=50.0503 homogen=134432.8679
mean B0=34.936 homogen=307767.781
mean B0=19.7286 homogen=111877.4517
mean B0=13.4926 homogen=1025345.9061
mean B0=14.7857 homogen=329971.0047
mean B0=44.8188 homogen=329750.6408
     5 |      200 |      5 |  0.000000E+00 |  0.000000E+00 |  0.0688650414 |             f
mean B0=47.1232 homogen=291066.7554
mean B0=50.3869 homogen=286634.0638
mean B0=26.02 homogen=197641.9723
mean B0=40.6349 homogen=140540.8147
mean B0=12.0921 homogen=881882.5233
mean B0=40.4868 homogen=98457.7423
mean B0=30.3955 homogen=90254.5566
mean B0=35.7367 homogen=261280.6043
mean B0=34.8446 homogen=44380.0116
mean B0=52.6005 homogen=99123.456
mean B0=30.3576 homogen=58508.8246
mean B0=61.8087 homogen=121671.8122
mean B0=26.2493 homogen=70080.3105
mean B0=38.2075 homogen=199871.7176
mean B0=60.1154 homogen=218745.0542
mean B0=50.8068 homogen=200456.1373
mean B0=34.9137 homogen=124692.2576
mean B0=23.4944 homogen=77672.804
mean B0=45.3004 homogen=295098.7003
mean B0=47.3786 homogen=66028.4108
mean B0=28.1995 homogen=147117.206
mean B0=29.1746 homogen=44369.9477
mean B0=31.4968 homogen=275350.9729
mean B0=50.1552 homogen=198645.108
mean B0=55.9936 homogen=107929.902
mean B0=30.2967 homogen=264291.5717
mean B0=28.8099 homogen=113936.7761
mean B0=42.978 homogen=346844.6899
mean B0=36.1359 homogen=296456.8294
mean B0=50.5271 homogen=259577.997
mean B0=44.5026 homogen=240202.7286
mean B0=32.1555 homogen=156252.7454
mean B0=27.9561 homogen=63451.6244
mean B0=38.7503 homogen=194556.4981
mean B0=11.511 homogen=584290.0413
mean B0=49.4506 homogen=112094.3558
mean B0=27.741 homogen=61114.025
mean B0=46.7341 homogen=221577.5678
mean B0=46.3858 homogen=315076.7083
mean B0=41.1137 homogen=304756.0348
     6 |      240 |      6 |  0.000000E+00 |  0.000000E+00 |  0.0695426505 |         ideal
mean B0=28.7471 homogen=61742.005
mean B0=24.5056 homogen=292721.8154
mean B0=25.7456 homogen=170883.4923
mean B0=56.4726 homogen=99113.2398
mean B0=28.1831 homogen=121718.5632
mean B0=26.4874 homogen=76461.9846
mean B0=25.5806 homogen=92700.5273
mean B0=30.6849 homogen=106400.1947
mean B0=53.1444 homogen=297972.2908
mean B0=16.1204 homogen=809003.5721
mean B0=37.4392 homogen=142273.5357
mean B0=50.6808 homogen=256393.4751
mean B0=35.2899 homogen=148719.3544
mean B0=50.687 homogen=201279.1582
mean B0=29.0336 homogen=91226.532
mean B0=53.4223 homogen=105685.5105
mean B0=33.2576 homogen=227075.683
mean B0=29.1588 homogen=44030.1617
mean B0=27.8023 homogen=427529.4323
mean B0=59.7168 homogen=78331.286
mean B0=49.149 homogen=148709.7449
mean B0=22.3908 homogen=108875.9235
mean B0=64.0251 homogen=123069.9948
mean B0=32.1834 homogen=89076.2845
mean B0=27.6483 homogen=144866.5713
mean B0=29.0348 homogen=80852.2552
mean B0=27.6208 homogen=39587.409
mean B0=23.6541 homogen=75720.6858
mean B0=54.2689 homogen=167880.2251
mean B0=37.2176 homogen=221799.9268
mean B0=37.0427 homogen=471935.7966
mean B0=55.7901 homogen=179057.6244
mean B0=48.5705 homogen=110187.6142
mean B0=43.3184 homogen=237999.1103
mean B0=39.2815 homogen=70120.2968
mean B0=19.4235 homogen=669311.2192
mean B0=47.8894 homogen=170508.7556
mean B0=57.7182 homogen=254759.549
mean B0=31.1589 homogen=86626.6377
mean B0=26.7658 homogen=588714.4354
     7 |      280 |      9 |  0.000000E+00 |  0.000000E+00 |  0.1073305711 |         ideal
mean B0=29.5002 homogen=92652.2363
mean B0=60.9864 homogen=146412.1299
mean B0=53.2136 homogen=193125.7608
mean B0=51.6244 homogen=173045.0994
mean B0=18.4127 homogen=204866.2008
mean B0=28.2304 homogen=68489.408
mean B0=38.09 homogen=42425.3618
mean B0=50.8228 homogen=349116.4058
mean B0=38.5322 homogen=58196.3097
mean B0=39.7324 homogen=131873.5802
mean B0=60.652 homogen=261882.5301
mean B0=51.3871 homogen=29544.8888
mean B0=38.4192 homogen=231990.1344
mean B0=55.0726 homogen=67595.9204
mean B0=35.6345 homogen=389171.4554
mean B0=44.3701 homogen=201651.0435
mean B0=40.6752 homogen=42005.1883
mean B0=30.5713 homogen=73020.7822
mean B0=61.8736 homogen=183356.8489
mean B0=36.4274 homogen=124874.8983
mean B0=24.7688 homogen=146925.7261
mean B0=47.2368 homogen=83580.9283
mean B0=35.7473 homogen=109228.0053
mean B0=28.5024 homogen=70889.0966
mean B0=44.0625 homogen=332338.3438
mean B0=50.7552 homogen=201816.6688
mean B0=63.4904 homogen=133568.7486
mean B0=28.3737 homogen=93224.2457
mean B0=34.1987 homogen=106560.7814
mean B0=43.2626 homogen=304059.291
mean B0=50.5187 homogen=172563.4592
mean B0=34.111 homogen=162821.5304
mean B0=38.7334 homogen=399102.7262
mean B0=46.6125 homogen=163742.8523
mean B0=30.5515 homogen=130192.7147
mean B0=48.6681 homogen=63958.0872
mean B0=20.4721 homogen=251526.284
mean B0=27.2657 homogen=69077.4033
mean B0=52.1483 homogen=179273.4913
mean B0=44.3404 homogen=120438.4596
     8 |      320 |      4 |  0.000000E+00 |  0.000000E+00 |  0.1064031812 |         ideal
mean B0=52.5356 homogen=52701.035
mean B0=47.6281 homogen=314865.2561
mean B0=40.322 homogen=39690.7699
mean B0=58.3078 homogen=220620.3114
mean B0=44.8363 homogen=112987.2213
mean B0=24.3437 homogen=133626.2342
mean B0=56.3439 homogen=290847.3333
mean B0=64.0607 homogen=122396.3201
mean B0=39.9055 homogen=97565.7112
mean B0=31.477 homogen=309361.0518
mean B0=27.9228 homogen=61408.426
mean B0=43.7304 homogen=100673.2066
mean B0=45.5201 homogen=84631.8128
mean B0=44.0234 homogen=199225.4092
mean B0=54.4998 homogen=186246.4064
mean B0=33.9812 homogen=50058.225
mean B0=37.998 homogen=161496.2182
mean B0=54.2904 homogen=44054.2807
mean B0=35.0637 homogen=144804.2689
mean B0=57.0833 homogen=90899.4592
mean B0=57.2962 homogen=229681.9765
mean B0=32.3809 homogen=114267.2765
mean B0=52.9502 homogen=75466.5121
mean B0=58.7807 homogen=248102.0144
mean B0=27.4703 homogen=37737.1155
mean B0=39.4035 homogen=21971.4347
mean B0=64.1344 homogen=119453.1343
mean B0=52.5791 homogen=103024.9816
mean B0=24.8875 homogen=118016.4143
mean B0=32.6655 homogen=192854.3311
mean B0=54.2723 homogen=104313.778
mean B0=48.8876 homogen=87515.1195
mean B0=62.3322 homogen=147862.4905
mean B0=53.1098 homogen=37236.3558
mean B0=49.8883 homogen=153114.3929
mean B0=57.3682 homogen=196143.3725
mean B0=71.6888 homogen=190377.9925
mean B0=49.7287 homogen=196847.8665
mean B0=33.4681 homogen=38114.5429
mean B0=57.82 homogen=307241.7544
     9 |      360 |      7 |  0.000000E+00 |  0.000000E+00 |  0.0776910347 |         ideal
mean B0=46.293 homogen=163036.0825
mean B0=31.9967 homogen=98692.4035
mean B0=31.449 homogen=52822.9685
mean B0=27.4263 homogen=67928.3623
mean B0=37.5031 homogen=96086.7585
mean B0=55.3489 homogen=124163.9796
mean B0=35.9425 homogen=40430.0618
mean B0=48.4303 homogen=90618.8825
mean B0=46.0505 homogen=46048.9343
mean B0=32.3937 homogen=50605.4278
mean B0=46.2555 homogen=192477.2762
mean B0=40.3778 homogen=81614.488
mean B0=48.6502 homogen=133432.1009
mean B0=33.9745 homogen=65708.2962
mean B0=54.0769 homogen=80805.6766
mean B0=42.1025 homogen=39667.4971
mean B0=62.8933 homogen=107007.3982
mean B0=66.4434 homogen=181638.7644
mean B0=41.7167 homogen=193032.2126
mean B0=43.3609 homogen=221229.0337
mean B0=32.2782 homogen=53508.7042
mean B0=55.0364 homogen=174244.4779
mean B0=52.0286 homogen=179993.9689
mean B0=39.366 homogen=257648.8766
mean B0=41.8934 homogen=303897.7948
mean B0=54.8468 homogen=92250.1627
mean B0=54.1493 homogen=89616.7304
mean B0=56.7363 homogen=88629.3085
mean B0=59.3692 homogen=126844.5363
mean B0=20.8245 homogen=238408.7207
mean B0=50.0174 homogen=62377.2064
mean B0=27.7394 homogen=108547.0678
mean B0=59.4332 homogen=189294.0683
mean B0=62.3246 homogen=22467.0146
mean B0=59.9565 homogen=176553.0466
mean B0=54.5636 homogen=37245.8359
mean B0=61.2841 homogen=232630.0058
mean B0=52.1943 homogen=86813.8538
mean B0=30.4868 homogen=128186.1257
mean B0=53.2057 homogen=414493.7202
    10 |      400 |      5 |  0.000000E+00 |  0.000000E+00 |  0.0853917366 |         ideal
mean B0=27.4703 homogen=37737.1155
mean B0=59.8316 homogen=229762.2749
mean B0=30.6822 homogen=201187.5375
mean B0=44.007 homogen=439552.4418
mean B0=56.8205 homogen=138633.6109
mean B0=50.6799 homogen=63911.8799
mean B0=54.8645 homogen=110005.5197
mean B0=61.8736 homogen=183356.8489
mean B0=28.9258 homogen=77467.5536
mean B0=45.3461 homogen=83115.5412
mean B0=59.8853 homogen=191928.6919
mean B0=62.8917 homogen=107037.8666
mean B0=60.6639 homogen=60073.8791
mean B0=59.3298 homogen=51646.0382
mean B0=46.7398 homogen=36314.421
mean B0=40.0247 homogen=93963.9941
mean B0=53.9757 homogen=93110.4613
mean B0=51.5719 homogen=249735.2162
mean B0=53.6644 homogen=358547.7924
mean B0=63.0178 homogen=118408.8284
mean B0=60.6719 homogen=16537.6341
mean B0=44.2335 homogen=50661.9311
mean B0=35.5017 homogen=32595.2687
mean B0=32.7519 homogen=149081.8592
mean B0=55.997 homogen=108258.2563
mean B0=55.8461 homogen=82115.3828
mean B0=63.5007 homogen=67769.822
mean B0=55.9936 homogen=107929.902
mean B0=42.5015 homogen=144044.9806
mean B0=50.2884 homogen=10258.373
mean B0=57.933 homogen=60845.9355
mean B0=62.1341 homogen=117311.9004
mean B0=43.8762 homogen=91243.9528
mean B0=13.7694 homogen=166921.5521
mean B0=57.2022 homogen=175647.674
mean B0=35.7291 homogen=233598.8332
mean B0=43.698 homogen=88746.7978
mean B0=61.8798 homogen=26328.0839
mean B0=43.9188 homogen=183166.5626
mean B0=56.7031 homogen=60456.5838
    11 |      440 |      7 |  0.000000E+00 |  0.000000E+00 |  0.0683454015 |         ideal
mean B0=60.2053 homogen=263613.6041
mean B0=55.8371 homogen=70578.3974
mean B0=64.2557 homogen=91149.3564
mean B0=50.4849 homogen=57968.2459
mean B0=53.1188 homogen=151849.0262
mean B0=43.1161 homogen=72039.5655
mean B0=52.3637 homogen=101255.3926
mean B0=55.4715 homogen=216289.2128
mean B0=64.3051 homogen=118527.8539
mean B0=46.2221 homogen=25852.1308
mean B0=65.0574 homogen=23138.7322
mean B0=63.2992 homogen=112652.279
mean B0=35.4193 homogen=38725.5034
mean B0=64.0607 homogen=122396.3201
mean B0=40.3141 homogen=49719.0669
mean B0=61.7929 homogen=24843.8043
mean B0=31.1221 homogen=73974.2228
mean B0=32.9145 homogen=65563.6606
mean B0=61.7185 homogen=124083.9088
mean B0=62.3231 homogen=167854.5572
mean B0=51.985 homogen=40146.2721
mean B0=42.2624 homogen=138196.7764
mean B0=46.7852 homogen=60645.2652
mean B0=59.8568 homogen=43417.468
mean B0=65.865 homogen=167873.2145
mean B0=37.0774 homogen=40541.7056
mean B0=44.1421 homogen=95502.7745
mean B0=30.5834 homogen=68129.6764
mean B0=63.8917 homogen=34244.2814
mean B0=44.4352 homogen=60425.832
mean B0=44.2273 homogen=125865.1255
mean B0=63.184 homogen=139923.4302
mean B0=44.8765 homogen=103181.5484
mean B0=62.8917 homogen=107037.8666
mean B0=65.8886 homogen=15381.4416
mean B0=64.1116 homogen=125053.4029
mean B0=47.4273 homogen=24096.9746
mean B0=54.2962 homogen=208879.3496
mean B0=53.5042 homogen=73369.4808
mean B0=56.3137 homogen=49592.8327
    12 |      480 |      5 |  0.000000E+00 |  0.000000E+00 |  0.0338413996 |             f
mean B0=54.8718 homogen=18985.8255
mean B0=64.9592 homogen=109689.485
mean B0=54.1183 homogen=69850.4264
mean B0=57.0837 homogen=11497.7097
mean B0=50.4726 homogen=32332.493
mean B0=57.1949 homogen=26223.1663
mean B0=67.7758 homogen=89506.3037
mean B0=64.9389 homogen=38713.1638
mean B0=49.3109 homogen=45383.1403
mean B0=47.7036 homogen=73309.4708
mean B0=27.4599 homogen=37467.026
mean B0=64.1888 homogen=119789.2564
mean B0=64.0649 homogen=122303.326
mean B0=65.2812 homogen=97713.408
mean B0=60.9061 homogen=242543.4083
mean B0=34.9265 homogen=34242.6328
mean B0=63.237 homogen=230320.0697
mean B0=57.9329 homogen=60844.8168
mean B0=36.2776 homogen=74308.6644
mean B0=42.4482 homogen=15873.7563
mean B0=63.215 homogen=285732.984
mean B0=59.8438 homogen=18574.4867
mean B0=35.8013 homogen=49005.4925
mean B0=61.7931 homogen=24841.1822
mean B0=61.676 homogen=129480.0396
mean B0=51.049 homogen=41026.9268
mean B0=49.8363 homogen=56273.6313
mean B0=64.0074 homogen=114785.0888
mean B0=45.9655 homogen=41694.772
mean B0=71.055 homogen=97240.6179
mean B0=66.4539 homogen=181437.368
mean B0=45.1453 homogen=54409.5047
mean B0=62.8524 homogen=107799.1313
mean B0=64.3125 homogen=118488.6831
mean B0=44.6539 homogen=187047.9441
mean B0=44.7184 homogen=22464.6722
mean B0=45.7189 homogen=35100.185
mean B0=59.8568 homogen=43417.572
mean B0=58.4478 homogen=67619.9673
mean B0=49.2365 homogen=39512.3658
    13 |      520 |      6 |  0.000000E+00 |  0.000000E+00 |  0.0761925081 |         ideal
mean B0=60.597 homogen=20577.4801
mean B0=64.7119 homogen=111505.4548
mean B0=56.2456 homogen=38957.9744
mean B0=62.5346 homogen=102025.5587
mean B0=59.9711 homogen=16264.3259
mean B0=58.033 homogen=23642.0874
mean B0=62.0246 homogen=50966.2816
mean B0=67.6916 homogen=35692.9182
mean B0=51.2479 homogen=63316.241
mean B0=35.7004 homogen=104693.3682
mean B0=46.9051 homogen=18507.7961
mean B0=39.5128 homogen=118137.2381
mean B0=44.7203 homogen=22415.2274
mean B0=69.892 homogen=39376.2949
mean B0=50.6709 homogen=9064.5237
mean B0=50.4727 homogen=32333.511
mean B0=54.5636 homogen=37247.1163
mean B0=60.3819 homogen=207144.6279
mean B0=63.5989 homogen=129893.6499
mean B0=64.8263 homogen=72370.9729
mean B0=57.4916 homogen=14153.4493
mean B0=61.3083 homogen=31992.678
mean B0=57.2486 homogen=66215.0515
mean B0=35.6217 homogen=31996.0208
mean B0=61.756 homogen=28519.0437
mean B0=62.4392 homogen=114379.5089
mean B0=62.3131 homogen=89949.791
mean B0=42.1704 homogen=15068.0476
mean B0=53.5861 homogen=215666.8247
mean B0=64.3266 homogen=89767.0169
mean B0=64.3347 homogen=113652.1402
mean B0=61.8103 homogen=37513.1187
mean B0=62.9912 homogen=105068.634
mean B0=37.5694 homogen=244944.9021
mean B0=64.9816 homogen=103557.5828
mean B0=67.63 homogen=194333.0206
mean B0=69.8103 homogen=52739.0788
mean B0=51.5314 homogen=18818.334
mean B0=67.7734 homogen=83800.5832
mean B0=45.0612 homogen=314059.8595
    14 |      560 |      8 |  0.000000E+00 |  0.000000E+00 |  0.1062982891 |         ideal
mean B0=50.6696 homogen=9061.476
mean B0=53.0005 homogen=41855.6367
mean B0=62.7411 homogen=14131.6718
mean B0=69.3782 homogen=90833.5819
mean B0=42.8788 homogen=39182.6335
mean B0=58.7963 homogen=38275.4512
mean B0=61.2638 homogen=31056.9154
mean B0=71.5866 homogen=39432.6092
mean B0=61.2589 homogen=38772.8123
mean B0=69.3201 homogen=108697.2125
mean B0=43.1959 homogen=22810.3653
mean B0=60.9024 homogen=80652.732
mean B0=58.1586 homogen=48357.1871
mean B0=48.5317 homogen=231792.0946
mean B0=66.0356 homogen=57613.5084
mean B0=61.6015 homogen=10443.4294
mean B0=69.2301 homogen=87594.1506
mean B0=59.6769 homogen=23172.8472
mean B0=41.3654 homogen=194813.1339
mean B0=64.9479 homogen=104194.4934
mean B0=46.9059 homogen=18516.112
mean B0=62.1168 homogen=165902.7075
mean B0=66.4763 homogen=148195.692
mean B0=54.1304 homogen=139382.005
mean B0=44.2368 homogen=32890.922
mean B0=61.7916 homogen=168127.4607
mean B0=39.728 homogen=28521.7597
mean B0=49.5388 homogen=37362.1742
mean B0=45.2972 homogen=10748.5241
mean B0=58.0331 homogen=29262.2469
mean B0=73.1814 homogen=150199.7851
mean B0=64.1547 homogen=107182.7547
mean B0=66.8777 homogen=73631.9662
mean B0=57.0771 homogen=23747.1121
mean B0=60.0129 homogen=54831.305
mean B0=62.3246 homogen=22467.0146
mean B0=56.4423 homogen=49350.6164
mean B0=66.2951 homogen=182302.9959
mean B0=42.4519 homogen=15857.1025
mean B0=65.0841 homogen=22700.4117
    15 |      600 |      6 |  0.000000E+00 |  0.000000E+00 |  0.0465500221 |             f
mean B0=66.1607 homogen=87402.9536
mean B0=52.4408 homogen=49859.7807
mean B0=59.3453 homogen=25514.0009
mean B0=70.8213 homogen=126152.4129
mean B0=71.9722 homogen=162480.5198
mean B0=66.059 homogen=57506.8227
mean B0=49.594 homogen=31081.2883
mean B0=63.9518 homogen=40507.4822
mean B0=62.4618 homogen=56280.1176
mean B0=51.0329 homogen=59038.8604
mean B0=72.2126 homogen=146412.076
mean B0=61.7612 homogen=25265.8996
mean B0=57.8161 homogen=7653.465
mean B0=47.2848 homogen=94871.7592
mean B0=59.7244 homogen=17562.8265
mean B0=62.1329 homogen=18622.3722
mean B0=51.4377 homogen=70275.6081
mean B0=64.1271 homogen=119494.9727
mean B0=61.7808 homogen=27477.9534
mean B0=48.0387 homogen=110882.9976
mean B0=59.6405 homogen=11398.0023
mean B0=62.1442 homogen=61955.1341
mean B0=64.9653 homogen=107678.1617
mean B0=51.5315 homogen=154650.1565
mean B0=43.1786 homogen=22839.6371
mean B0=60.6943 homogen=16443.7317
mean B0=59.1542 homogen=35482.113
mean B0=51.4221 homogen=104052.1089
mean B0=63.7684 homogen=42003.4783
mean B0=46.2115 homogen=70943.6284
mean B0=63.0727 homogen=113116.3595
mean B0=58.6685 homogen=18687.4426
mean B0=61.915 homogen=16196.0264
mean B0=64.8907 homogen=113876.2607
mean B0=67.0025 homogen=75140.7074
mean B0=66.4769 homogen=148139.6503
mean B0=62.0266 homogen=10626.2251
mean B0=65.2521 homogen=22324.3037
mean B0=42.2544 homogen=15472.7219
mean B0=56.2669 homogen=98451.5335
    16 |      640 |      7 |  0.000000E+00 |  0.000000E+00 |  0.1668681681 |         ideal
mean B0=62.3741 homogen=74103.539
mean B0=68.9439 homogen=26902.796
mean B0=59.6321 homogen=11331.9318
mean B0=59.4314 homogen=46254.843
mean B0=63.7342 homogen=91020.3779
mean B0=62.3246 homogen=22467.0146
mean B0=66.8777 homogen=73631.9662
mean B0=71.6251 homogen=28407.8475
mean B0=70.7128 homogen=139743.3865
mean B0=59.961 homogen=16372.4791
mean B0=67.1419 homogen=97984.0996
mean B0=62.292 homogen=22276.6691
mean B0=66.4881 homogen=148107.5966
mean B0=50.6695 homogen=8994.727
mean B0=45.4605 homogen=242996.1641
mean B0=67.0027 homogen=75142.5591
mean B0=60.7626 homogen=23890.6383
mean B0=65.9864 homogen=21384.6599
mean B0=61.428 homogen=33081.9939
mean B0=73.0556 homogen=70907.3677
mean B0=67.8807 homogen=56833.4541
mean B0=57.5441 homogen=16837.8994
mean B0=57.5006 homogen=14090.8534
mean B0=64.5765 homogen=195767.8877
mean B0=67.6745 homogen=36834.7089
mean B0=72.2126 homogen=146412.076
mean B0=60.6943 homogen=16443.7317
mean B0=39.6776 homogen=169712.7367
mean B0=60.857 homogen=229737.1841
mean B0=66.4854 homogen=148032.609
mean B0=39.2391 homogen=182141.1869
mean B0=50.7003 homogen=9125.6886
mean B0=68.0425 homogen=188858.8753
mean B0=61.8525 homogen=37162.6913
mean B0=59.6412 homogen=185784.2643
mean B0=62.7412 homogen=14123.8194
mean B0=51.2802 homogen=153704.1742
mean B0=62.0222 homogen=115688.6895
mean B0=57.9666 homogen=6938.7824
mean B0=65.6088 homogen=65070.7416
    17 |      680 |      9 |  0.000000E+00 |  0.000000E+00 |  0.0051241542 |         ideal
mean B0=68.786 homogen=177179.2719
mean B0=63.1677 homogen=98059.4373
mean B0=67.2689 homogen=179030.9494
mean B0=47.3376 homogen=201395.7431
mean B0=57.0743 homogen=11566.2634
mean B0=61.0243 homogen=178542.4963
mean B0=61.7567 homogen=20342.5167
mean B0=62.9955 homogen=13289.7617
mean B0=65.0842 homogen=22700.7155
mean B0=52.628 homogen=138090.2477
mean B0=55.3215 homogen=78320.9069
mean B0=66.3106 homogen=158507.3304
mean B0=70.0226 homogen=138303.6488
mean B0=80.4704 homogen=102192.684
mean B0=35.3112 homogen=125483.4779
mean B0=56.7822 homogen=111208.3479
mean B0=63.1809 homogen=17556.5064
mean B0=65.8061 homogen=88536.2984
mean B0=50.2745 homogen=10503.3018
mean B0=63.3346 homogen=13022.1547
mean B0=70.2778 homogen=93068.1254
mean B0=70.1864 homogen=22142.1338
mean B0=67.8912 homogen=94949.8329
mean B0=51.694 homogen=221886.4785
mean B0=50.3 homogen=10206.6933
mean B0=65.5641 homogen=65762.1372
mean B0=54.9495 homogen=162648.0806
mean B0=57.3545 homogen=11499.0932
mean B0=61.9149 homogen=16195.7641
mean B0=72.1063 homogen=89201.6159
mean B0=57.1365 homogen=60886.945
mean B0=72.0091 homogen=162058.9636
mean B0=63.3749 homogen=139405.1414
mean B0=61.7811 homogen=143542.8877
mean B0=50.7003 homogen=9125.6886
mean B0=66.3279 homogen=86920.4865
mean B0=64.8275 homogen=97606.6585
mean B0=62.2242 homogen=31976.8236
mean B0=66.3251 homogen=69510.2134
mean B0=50.2678 homogen=12613.188
    18 |      720 |      8 |  0.000000E+00 |  0.000000E+00 |  0.0659576564 |             f
mean B0=67.3973 homogen=177136.2687
mean B0=67.8123 homogen=39668.8
mean B0=63.6121 homogen=44253.9409
mean B0=76.9921 homogen=145089.3241
mean B0=64.1462 homogen=140120.8136
mean B0=57.0899 homogen=11418.826
mean B0=63.7737 homogen=17199.9514
mean B0=72.0994 homogen=155737.1049
mean B0=56.0709 homogen=36829.2233
mean B0=59.4262 homogen=46299.8574
mean B0=67.0133 homogen=22563.6435
mean B0=65.8484 homogen=47284.6027
mean B0=63.9977 homogen=67477.7744
mean B0=59.4218 homogen=22351.189
mean B0=55.2105 homogen=52884.2712
mean B0=66.0301 homogen=82000.8158
mean B0=66.3757 homogen=70451.3538
mean B0=71.9722 homogen=162480.5198
mean B0=72.7307 homogen=108685.0315
mean B0=57.5767 homogen=9907.1625
mean B0=51.2849 homogen=10022.5656
mean B0=70.0473 homogen=22756.1279
mean B0=48.1304 homogen=30808.0613
mean B0=62.7283 homogen=42285.7101
mean B0=51.3621 homogen=53708.7576
mean B0=50.6992 homogen=9377.0845
mean B0=67.9803 homogen=103725.3721
mean B0=62.0029 homogen=8836.6377
mean B0=52.2549 homogen=14177.9707
mean B0=67.5757 homogen=47788.2737
mean B0=61.7045 homogen=115102.4824
mean B0=63.5904 homogen=38882.9734
mean B0=47.1168 homogen=410292.2349
mean B0=72.8436 homogen=34927.8341
mean B0=62.5837 homogen=9361.0125
mean B0=66.3581 homogen=25169.1338
mean B0=57.5006 homogen=14091.1127
mean B0=65.2374 homogen=21554.9313
mean B0=66.0441 homogen=112790.6287
mean B0=62.604 homogen=23966.0829
    19 |      760 |      8 |  0.000000E+00 |  0.000000E+00 |  0.0350959178 |         ideal
mean B0=70.9036 homogen=110919.4376
mean B0=66.7712 homogen=64494.9169
mean B0=50.8253 homogen=20009.294
mean B0=69.9361 homogen=90826.3567
mean B0=70.5356 homogen=10652.7282
mean B0=71.0594 homogen=84803.4575
mean B0=59.6405 homogen=11397.8688
mean B0=70.8215 homogen=126336.8126
mean B0=45.3299 homogen=78064.7994
mean B0=64.8101 homogen=21602.44
mean B0=71.2726 homogen=148425.3538
mean B0=76.3066 homogen=134351.8089
mean B0=65.3884 homogen=48130.6993
mean B0=70.0473 homogen=22756.1279
mean B0=74.7243 homogen=140133.9871
mean B0=48.5832 homogen=43176.7652
mean B0=52.9125 homogen=27074.1401
mean B0=58.4541 homogen=54615.9761
mean B0=47.2568 homogen=100055.4411
mean B0=65.2531 homogen=40292.7499
mean B0=56.3077 homogen=87481.7185
mean B0=64.7382 homogen=33427.7392
mean B0=61.9835 homogen=35033.8628
mean B0=67.3023 homogen=93230.6656
mean B0=57.1752 homogen=30553.2702
mean B0=67.1985 homogen=60146.2468
mean B0=62.6649 homogen=12659.8719
mean B0=67.8802 homogen=56643.5296
mean B0=71.1255 homogen=89426.5814
mean B0=57.5767 homogen=9907.1625
mean B0=58.7122 homogen=13098.686
mean B0=63.7837 homogen=26621.9888
mean B0=67.9018 homogen=36468.1875
mean B0=63.1809 homogen=17556.5064
mean B0=65.4724 homogen=30201.5599
mean B0=61.3498 homogen=44716.55
mean B0=58.0893 homogen=41802.4765
mean B0=49.2006 homogen=55777.8128
mean B0=66.1404 homogen=99843.1037
mean B0=72.937 homogen=90610.472
    20 |      800 |     10 |  0.000000E+00 |  0.000000E+00 |  0.0137745298 |         ideal
mean B0=53.9628 homogen=31783.1266
mean B0=62.531 homogen=29590.0126
mean B0=65.0668 homogen=42633.0348
mean B0=61.6092 homogen=10392.4905
mean B0=71.1434 homogen=91722.0271
mean B0=57.5854 homogen=9958.1693
mean B0=68.504 homogen=46036.2251
mean B0=56.3509 homogen=22876.1992
mean B0=51.5229 homogen=16387.6655
mean B0=68.4716 homogen=36565.5096
mean B0=70.5423 homogen=23524.7331
mean B0=66.0943 homogen=33086.6241
mean B0=62.0453 homogen=8777.159
mean B0=73.8465 homogen=83279.6943
mean B0=76.1816 homogen=75625.7153
mean B0=67.3191 homogen=30002.9309
mean B0=69.1504 homogen=62076.133
mean B0=71.7733 homogen=38326.1488
mean B0=73.4443 homogen=99457.7947
mean B0=43.1073 homogen=105087.0539
mean B0=56.7235 homogen=47460.894
mean B0=60.9332 homogen=10003.1916
mean B0=67.5112 homogen=47210.8537
mean B0=63.1736 homogen=17611.7418
mean B0=71.9545 homogen=81549.4183
mean B0=68.2899 homogen=26936.7308
mean B0=60.5514 homogen=44279.6295
mean B0=64.6162 homogen=14647.3714
mean B0=57.0408 homogen=13821.5885
mean B0=72.2483 homogen=146399.5989
mean B0=69.9564 homogen=84431.0757
mean B0=68.9478 homogen=17539.6847
mean B0=61.067 homogen=20609.834
mean B0=61.8016 homogen=10666.4489
mean B0=45.8483 homogen=71440.7896
mean B0=69.082 homogen=48035.2022
mean B0=65.0604 homogen=172927.6595
mean B0=61.8712 homogen=37653.3095
mean B0=63.3346 homogen=13022.1547
mean B0=68.3227 homogen=103203.5655
    21 |      840 |     10 |  0.000000E+00 |  0.000000E+00 |  0.1781319123 |         ideal
mean B0=66.8775 homogen=21174.242
mean B0=57.7607 homogen=7576.5971
mean B0=66.274 homogen=18272.9301
mean B0=56.7303 homogen=73918.0889
mean B0=56.4764 homogen=65084.7736
mean B0=67.1736 homogen=29974.1895
mean B0=69.0131 homogen=21247.3435
mean B0=59.9368 homogen=16212.2122
mean B0=69.1426 homogen=19417.1685
mean B0=65.3041 homogen=17880.601
mean B0=75.8092 homogen=93397.0351
mean B0=62.0454 homogen=8777.4496
mean B0=63.0771 homogen=23323.2907
mean B0=68.504 homogen=46036.2251
mean B0=69.8104 homogen=52743.8893
mean B0=58.533 homogen=14580.7648
mean B0=62.87 homogen=13829.2852
mean B0=75.9716 homogen=83468.4031
mean B0=72.1309 homogen=88541.1545
mean B0=57.2848 homogen=11287.4055
mean B0=58.0978 homogen=32385.6117
mean B0=72.8038 homogen=108445.8873
mean B0=66.8991 homogen=33152.3211
mean B0=74.4706 homogen=87449.1481
mean B0=61.6266 homogen=32120.3787
mean B0=63.9406 homogen=17387.2332
mean B0=71.1441 homogen=23158.0982
mean B0=67.8831 homogen=14405.1292
mean B0=61.9503 homogen=57402.7304
mean B0=68.222 homogen=91050.582
mean B0=66.6177 homogen=42375.6678
mean B0=41.3401 homogen=119714.6493
mean B0=70.7464 homogen=118429.3301
mean B0=63.1809 homogen=17556.5064
mean B0=68.9475 homogen=17538.9146
mean B0=50.69 homogen=9269.131
mean B0=63.7886 homogen=13664.5477
mean B0=63.5355 homogen=34931.2812
mean B0=63.3147 homogen=13142.8531
mean B0=66.2001 homogen=9971.7449
    22 |      880 |     11 |  0.000000E+00 |  0.000000E+00 |  0.0176748442 |             f
mean B0=71.5765 homogen=93523.7665
mean B0=69.16 homogen=16083.8171
mean B0=61.6964 homogen=14465.873
mean B0=58.2164 homogen=190015.7171
mean B0=59.5768 homogen=37444.9429
mean B0=73.3631 homogen=84959.4626
mean B0=68.9614 homogen=17602.7337
mean B0=65.7966 homogen=80997.2672
mean B0=49.9071 homogen=221148.6683
mean B0=41.8749 homogen=267874.76
mean B0=62.8746 homogen=67345.0899
mean B0=63.3346 homogen=13022.1547
mean B0=72.8302 homogen=102673.2684
mean B0=70.0338 homogen=22563.5473
mean B0=65.6108 homogen=28724.1953
mean B0=63.9576 homogen=11472.0339
mean B0=63.4224 homogen=9079.5
mean B0=57.0717 homogen=11714.6239
mean B0=67.2154 homogen=8218.5293
mean B0=64.8417 homogen=19730.0776
mean B0=73.9379 homogen=94108.1721
mean B0=57.5553 homogen=10732.8318
mean B0=61.1733 homogen=10904.5438
mean B0=57.1241 homogen=11934.8761
mean B0=72.6161 homogen=102441.9022
mean B0=69.6346 homogen=75594.6057
mean B0=70.0327 homogen=22692.8096
mean B0=45.1425 homogen=74201.0709
mean B0=62.2794 homogen=18124.9212
mean B0=71.7373 homogen=21445.5701
mean B0=48.679 homogen=39347.4215
mean B0=71.1441 homogen=23158.0982
mean B0=67.2606 homogen=23727.3385
mean B0=61.8292 homogen=14237.7379
mean B0=76.8607 homogen=37753.8418
mean B0=71.4038 homogen=80691.2406
mean B0=71.1041 homogen=78188.8219
mean B0=53.0568 homogen=107476.8134
mean B0=64.2925 homogen=10397.2769
mean B0=63.7182 homogen=16502.0256
    23 |      920 |     10 |  0.000000E+00 |  0.000000E+00 |  0.0070410822 |             f
mean B0=59.9199 homogen=15293.5304
mean B0=34.3486 homogen=232944.2033
mean B0=50.7274 homogen=8378.2015
mean B0=57.1279 homogen=105619.2549
mean B0=70.5304 homogen=9321.4974
mean B0=58.6478 homogen=19988.7477
mean B0=63.5053 homogen=9462.256
mean B0=63.151 homogen=10960.5891
mean B0=60.6215 homogen=20562.0686
mean B0=60.837 homogen=39121.3677
mean B0=67.9361 homogen=22865.0335
mean B0=70.0489 homogen=22756.9366
mean B0=63.4078 homogen=211458.4639
mean B0=63.3208 homogen=20522.0537
mean B0=63.229 homogen=67319.377
mean B0=78.9535 homogen=97465.1389
mean B0=63.7016 homogen=36836.2774
mean B0=59.6331 homogen=39795.543
mean B0=66.1706 homogen=9934.5949
mean B0=66.2396 homogen=56248.2734
mean B0=67.4791 homogen=17277.6724
mean B0=53.9214 homogen=27717.9782
mean B0=65.9734 homogen=21672.9845
mean B0=61.3546 homogen=8248.3792
mean B0=66.1719 homogen=228941.3106
mean B0=72.3216 homogen=117644.6703
mean B0=71.872 homogen=82437.4647
mean B0=70.9742 homogen=25564.703
mean B0=45.1597 homogen=79358.8132
mean B0=74.0325 homogen=33710.9511
mean B0=65.6896 homogen=22119.7901
mean B0=63.6833 homogen=8709.0585
mean B0=71.1362 homogen=21158.3006
mean B0=77.2093 homogen=86011.6894
mean B0=65.9188 homogen=25925.8558
mean B0=69.9938 homogen=68418.6892
mean B0=76.1263 homogen=57706.8947
mean B0=63.7214 homogen=55047.366
mean B0=64.322 homogen=10472.0104
mean B0=43.3612 homogen=404853.2921
    24 |      960 |     10 |  0.000000E+00 |  0.000000E+00 |  0.0055710324 |             f
mean B0=62.0453 homogen=8777.3084
mean B0=61.6233 homogen=41030.222
mean B0=72.1309 homogen=88541.1545
mean B0=73.2306 homogen=24732.2475
mean B0=57.0897 homogen=12601.5286
mean B0=63.1417 homogen=14193.4921
mean B0=67.8445 homogen=9011.7444
mean B0=62.5073 homogen=25629.1098
mean B0=60.0042 homogen=13981.0292
mean B0=67.9764 homogen=14659.0914
mean B0=58.5931 homogen=36207.8184
mean B0=69.1166 homogen=16874.9154
mean B0=71.1296 homogen=78149.1156
mean B0=70.0487 homogen=22768.3928
mean B0=73.6041 homogen=98390.171
mean B0=63.9414 homogen=70749.9579
mean B0=75.3054 homogen=56262.2857
mean B0=71.7577 homogen=27604.9178
mean B0=65.6769 homogen=17377.7691
mean B0=69.0694 homogen=39601.0216
mean B0=61.3546 homogen=8248.3717
mean B0=65.3265 homogen=39502.9059
mean B0=59.4597 homogen=95960.0921
mean B0=39.5538 homogen=118063.4278
mean B0=70.8127 homogen=18622.7852
mean B0=71.6915 homogen=84155.0362
mean B0=68.9084 homogen=21191.2472
mean B0=65.8713 homogen=14208.0495
mean B0=67.0946 homogen=25643.7083
mean B0=65.3028 homogen=202849.3225
mean B0=59.1393 homogen=118936.5866
mean B0=70.9063 homogen=101273.2304
mean B0=69.0897 homogen=19307.3157
mean B0=70.3041 homogen=18312.2442
mean B0=67.79 homogen=20867.6677
mean B0=56.7843 homogen=26681.4452
mean B0=72.9836 homogen=105810.0093
mean B0=68.1788 homogen=20504.9728
mean B0=68.3959 homogen=24841.8022
mean B0=64.6863 homogen=29630.156
    25 |     1000 |     11 |  0.000000E+00 |  0.000000E+00 |  0.0066347463 |             f
mean B0=65.283 homogen=21124.585
mean B0=58.0064 homogen=205612.725
mean B0=71.9545 homogen=81549.4183
mean B0=63.3816 homogen=49492.0822
mean B0=64.2925 homogen=10397.2769
mean B0=63.6438 homogen=121438.0369
mean B0=69.3922 homogen=104924.3503
mean B0=73.5952 homogen=87116.4389
mean B0=45.6226 homogen=93594.1253
mean B0=60.9012 homogen=9826.0239
mean B0=66.9599 homogen=9879.8496
mean B0=66.249 homogen=45794.7106
mean B0=70.844 homogen=25641.3839
mean B0=70.4275 homogen=99246.7471
mean B0=59.0663 homogen=19224.1368
mean B0=62.003 homogen=8832.9576
mean B0=70.0483 homogen=22754.1744
mean B0=68.7956 homogen=48173.9582
mean B0=61.6438 homogen=10477.4279
mean B0=71.0582 homogen=20536.0108
mean B0=62.4783 homogen=11957.3589
mean B0=75.3206 homogen=56922.6928
mean B0=70.6278 homogen=29615.9733
mean B0=77.6471 homogen=80147.5115
mean B0=72.1309 homogen=88541.1545
mean B0=68.7776 homogen=13037.3895
mean B0=69.5541 homogen=14588.4859
mean B0=67.1496 homogen=26585.0279
mean B0=61.89 homogen=13110.0119
mean B0=72.0754 homogen=19712.1295
mean B0=70.1865 homogen=22140.8316
mean B0=66.9619 homogen=35423.7707
mean B0=61.4904 homogen=19525.3627
mean B0=60.3706 homogen=11549.5444
mean B0=68.4195 homogen=27780.0634
mean B0=62.2258 homogen=9331.2741
mean B0=68.9483 homogen=17542.1676
mean B0=56.5745 homogen=35986.3511
mean B0=64.7256 homogen=9065.4667
mean B0=71.9432 homogen=88522.9868
    26 |     1040 |     12 |  0.000000E+00 |  0.000000E+00 |  0.0047893171 |             f
mean B0=40.7546 homogen=95268.4681
mean B0=64.3711 homogen=13086.1222
mean B0=61.2358 homogen=10928.3034
mean B0=71.2542 homogen=28050.286
mean B0=66.1706 homogen=9934.5949
mean B0=73.8208 homogen=86410.8299
mean B0=72.3411 homogen=80533.248
mean B0=70.5987 homogen=23228.5975
mean B0=73.7665 homogen=94891.3809
mean B0=70.1136 homogen=18468.4441
mean B0=58.9375 homogen=29282.1166
mean B0=70.8771 homogen=20736.8237
mean B0=64.4078 homogen=39890.1714
mean B0=67.2401 homogen=43199.0434
mean B0=65.0859 homogen=198108.3556
mean B0=62.4834 homogen=22028.3798
mean B0=59.2562 homogen=40446.234
mean B0=45.0306 homogen=103472.6857
mean B0=64.9717 homogen=12583.3583
mean B0=63.597 homogen=11305.7203
mean B0=61.5696 homogen=16099.2532
mean B0=68.7698 homogen=11554.3984
mean B0=64.3181 homogen=14145.9265
mean B0=76.9594 homogen=51388.8016
mean B0=66.2001 homogen=9971.7449
mean B0=60.8807 homogen=10048.1667
mean B0=63.4867 homogen=11849.2257
mean B0=72.3192 homogen=20226.023
mean B0=71.5943 homogen=22390.76
mean B0=70.4376 homogen=20140.5251
mean B0=61.0799 homogen=24357.7375
mean B0=67.5872 homogen=17085.5894
mean B0=63.7691 homogen=11666.5866
mean B0=68.0105 homogen=62200.2342
mean B0=65.0806 homogen=9503.0413
mean B0=72.9457 homogen=93498.0475
mean B0=69.8336 homogen=45039.8424
mean B0=68.9484 homogen=17542.8227
mean B0=62.1621 homogen=29835.2874
mean B0=70.8733 homogen=18710.7683
    27 |     1080 |     16 |  0.000000E+00 |  0.000000E+00 |  0.0046324891 |             f
mean B0=69.5799 homogen=13410.0405
mean B0=69.8564 homogen=21794.6768
mean B0=60.4558 homogen=23515.9649
mean B0=73.5309 homogen=88028.8845
mean B0=35.7787 homogen=136433.2915
mean B0=67.5354 homogen=35277.749
mean B0=62.7123 homogen=12568.6867
mean B0=47.2593 homogen=293290.4418
mean B0=66.6164 homogen=22499.9009
mean B0=72.9533 homogen=40423.845
mean B0=69.8946 homogen=20404.8408
mean B0=72.4495 homogen=90752.5635
mean B0=71.0059 homogen=46483.6381
mean B0=65.1485 homogen=29254.4333
mean B0=61.7191 homogen=12457.8444
mean B0=59.7559 homogen=7532.9009
mean B0=63.2745 homogen=16138.5
mean B0=59.4744 homogen=45416.6558
mean B0=67.6474 homogen=13997.5266
mean B0=70.4326 homogen=19342.1531
mean B0=63.5608 homogen=11380.599
mean B0=70.852 homogen=22836.7503
mean B0=70.2604 homogen=20427.1266
mean B0=66.2205 homogen=9590.2737
mean B0=70.1122 homogen=18467.2463
mean B0=73.4277 homogen=115009.0071
mean B0=74.7266 homogen=98547.0115
mean B0=55.4669 homogen=153934.5656
mean B0=68.4425 homogen=44291.8555
mean B0=63.8461 homogen=33005.7704
mean B0=71.9806 homogen=22174.3875
mean B0=64.2775 homogen=12731.5074
mean B0=67.5371 homogen=30860.7567
mean B0=57.5034 homogen=49437.1883
mean B0=63.7503 homogen=15001.9867
mean B0=67.7858 homogen=13588.1683
mean B0=62.0969 homogen=7741.3748
mean B0=71.2456 homogen=23863.925
mean B0=62.5331 homogen=11654.9723
mean B0=43.4479 homogen=104419.0804
    28 |     1120 |     16 |  0.000000E+00 |  0.000000E+00 |  0.0137050079 |             f
mean B0=61.0117 homogen=15255.2338
mean B0=61.6565 homogen=9490.231
mean B0=64.7323 homogen=9115.629
mean B0=71.4827 homogen=18373.8206
mean B0=71.9932 homogen=16047.0907
mean B0=71.2969 homogen=105417.0894
mean B0=62.0554 homogen=8848.9221
mean B0=66.2001 homogen=9971.7449
mean B0=66.8286 homogen=23501.5739
mean B0=74.3584 homogen=100074.2917
mean B0=62.8733 homogen=16264.0123
mean B0=68.8529 homogen=22664.8641
mean B0=67.302 homogen=29483.5015
mean B0=68.4792 homogen=17440.607
mean B0=67.9925 homogen=11330.1549
mean B0=69.4702 homogen=19086.6599
mean B0=65.8478 homogen=18116.8058
mean B0=70.4673 homogen=37783.8429
mean B0=70.4607 homogen=22620.3901
mean B0=69.5061 homogen=19809.9135
mean B0=70.409 homogen=84176.4167
mean B0=59.8943 homogen=8917.7421
mean B0=66.163 homogen=9970.3712
mean B0=63.316 homogen=9833.941
mean B0=59.4677 homogen=13024.0685
mean B0=66.9467 homogen=33084.3111
mean B0=61.3448 homogen=8175.8742
mean B0=73.9379 homogen=94108.1733
mean B0=73.2265 homogen=40799.8422
mean B0=63.6998 homogen=11182.4372
mean B0=68.024 homogen=54557.4627
mean B0=71.1533 homogen=23416.6978
mean B0=71.5434 homogen=40331.5264
mean B0=67.8249 homogen=13169.1398
mean B0=71.3409 homogen=23552.5019
mean B0=71.1954 homogen=28675.8825
mean B0=78.0636 homogen=89365.6836
mean B0=66.7706 homogen=30752.9293
mean B0=64.9186 homogen=8944.4839
mean B0=62.4515 homogen=25982.7711
    29 |     1160 |     18 |  0.000000E+00 |  0.000000E+00 |  0.0143145445 |             f
mean B0=60.5412 homogen=13830.0354
mean B0=61.4429 homogen=8617.7755
mean B0=71.1441 homogen=23158.0982
mean B0=62.0624 homogen=15989.4445
mean B0=60.7884 homogen=19360.494
mean B0=67.4905 homogen=23930.3388
mean B0=62.2135 homogen=11064.8049
mean B0=72.853 homogen=27915.6433
mean B0=65.8518 homogen=33592.9871
mean B0=65.9609 homogen=17438.2133
mean B0=64.543 homogen=15637.4582
mean B0=55.3197 homogen=190349.5684
mean B0=70.1864 homogen=22142.1338
mean B0=63.5185 homogen=43117.613
mean B0=66.999 homogen=10073.691
mean B0=70.6119 homogen=23143.6683
mean B0=52.1919 homogen=277958.7741
mean B0=65.5024 homogen=13247.114
mean B0=76.1818 homogen=75622.0189
mean B0=69.7957 homogen=21178.2937
mean B0=67.3225 homogen=28706.5311
mean B0=66.6567 homogen=10276.0933
mean B0=72.2171 homogen=81548.8766
mean B0=74.0657 homogen=106182.1314
mean B0=71.4559 homogen=86258.9947
mean B0=74.2767 homogen=81190.4621
mean B0=65.2814 homogen=34614.0719
mean B0=62.5846 homogen=9353.5018
mean B0=72.8742 homogen=50685.0702
mean B0=61.9345 homogen=8100.8189
mean B0=65.7307 homogen=57563.6242
mean B0=64.2999 homogen=6860.4829
mean B0=68.4792 homogen=17440.607
mean B0=72.3118 homogen=45344.7241
mean B0=70.1362 homogen=97757.055
mean B0=71.8197 homogen=40781.7475
mean B0=69.9286 homogen=22240.3948
mean B0=69.9395 homogen=17188.1303
mean B0=70.1866 homogen=22141.7319
mean B0=65.9019 homogen=8954.2446
    30 |     1200 |     18 |  0.000000E+00 |  0.000000E+00 |  0.5330234468 |         nadir
mean B0=73.7429 homogen=44699.2567
mean B0=70.415 homogen=23759.8311
mean B0=68.8377 homogen=22731.1959
mean B0=70.5205 homogen=23963.0834
mean B0=70.8038 homogen=27182.949
mean B0=71.1442 homogen=23156.6019
mean B0=67.7748 homogen=21197.7678
mean B0=73.7337 homogen=43758.4975
mean B0=64.2105 homogen=11893.4034
mean B0=57.3244 homogen=10942.6266
mean B0=59.1016 homogen=6999.8456
mean B0=69.2079 homogen=16183.9108
mean B0=70.1148 homogen=18478.5338
mean B0=66.0225 homogen=23661.4904
mean B0=59.4761 homogen=43182.5204
mean B0=66.6016 homogen=10786.6001
mean B0=67.6307 homogen=41348.4982
mean B0=78.2383 homogen=68077.8541
mean B0=70.1865 homogen=22140.8316
mean B0=70.0725 homogen=15541.0756
mean B0=61.1246 homogen=42687.6732
mean B0=70.7326 homogen=23859.5147
mean B0=70.7805 homogen=23116.3395
mean B0=76.1837 homogen=75598.6257
mean B0=61.2179 homogen=23937.0481
mean B0=63.6832 homogen=8700.4392
mean B0=70.9239 homogen=30025.5027
mean B0=68.4792 homogen=17440.607
mean B0=47.2262 homogen=87773.1584
mean B0=61.1119 homogen=19441.5307
mean B0=71.3874 homogen=38770.5551
mean B0=64.7006 homogen=9209.529
mean B0=52.8121 homogen=207365.6956
mean B0=69.1473 homogen=33126.7479
mean B0=67.9146 homogen=50154.7998
mean B0=72.825 homogen=38669.1129
mean B0=63.3619 homogen=41736.9773
mean B0=70.1068 homogen=27949.7102
mean B0=70.1864 homogen=22142.1338
mean B0=65.4071 homogen=23047.2453
    31 |     1240 |     21 |  0.000000E+00 |  0.000000E+00 |  0.0041527975 |             f
mean B0=62.0268 homogen=36825.152
mean B0=59.1016 homogen=6999.8456
mean B0=66.2001 homogen=9971.7449
mean B0=71.637 homogen=24880.1259
mean B0=64.7104 homogen=10486.1694
mean B0=66.0226 homogen=41111.6359
mean B0=69.5061 homogen=19809.9135
mean B0=68.7845 homogen=30360.8667
mean B0=71.4446 homogen=37933.1921
mean B0=67.6367 homogen=10484.714
mean B0=66.1456 homogen=40364.1693
mean B0=68.2051 homogen=29815.3235
mean B0=53.5973 homogen=249521.5341
mean B0=71.8719 homogen=27362.7584
mean B0=69.3489 homogen=24324.6504
mean B0=68.9818 homogen=19437.1035
mean B0=70.983 homogen=28461.4737
mean B0=60.561 homogen=8649.9971
mean B0=65.9635 homogen=36793.2082
mean B0=70.7955 homogen=41254.1806
mean B0=73.4794 homogen=43597.9256
mean B0=58.9573 homogen=7623.7776
mean B0=71.1442 homogen=23156.6019
mean B0=71.6565 homogen=16796.1833
mean B0=73.4842 homogen=32166.1935
mean B0=68.4889 homogen=36999.4373
mean B0=70.1136 homogen=18468.4441
mean B0=62.4919 homogen=23013.7457
mean B0=70.0595 homogen=18887.828
mean B0=61.966 homogen=15834.9116
mean B0=75.5495 homogen=100610.3784
mean B0=61.5993 homogen=11509.4848
mean B0=69.8234 homogen=20074.5706
mean B0=77.1932 homogen=103444.6074
mean B0=74.5018 homogen=37850.5803
mean B0=59.6803 homogen=12660.4812
mean B0=67.7097 homogen=20226.8902
mean B0=69.5439 homogen=10994.9946
mean B0=45.5169 homogen=194444.5248
mean B0=66.4049 homogen=31339.9275
    32 |     1280 |     25 |  0.000000E+00 |  0.000000E+00 |  0.0782956864 |         ideal
mean B0=67.6697 homogen=10608.933
mean B0=70.6231 homogen=33682.5435
mean B0=71.3705 homogen=21684.4196
mean B0=72.8392 homogen=25303.4148
mean B0=71.8114 homogen=26566.8754
mean B0=72.8251 homogen=38667.5687
mean B0=58.8465 homogen=15362.296
mean B0=59.3384 homogen=8077.0647
mean B0=69.6877 homogen=28494.6824
mean B0=67.3164 homogen=32766.6064
mean B0=70.4047 homogen=21178.8798
mean B0=70.1408 homogen=22105.3967
mean B0=74.0462 homogen=61460.6774
mean B0=64.0074 homogen=11458.4179
mean B0=66.2001 homogen=9971.7449
mean B0=64.1554 homogen=6563.1855
mean B0=64.8439 homogen=30718.3783
mean B0=70.277 homogen=22311.1902
mean B0=71.144 homogen=23161.7465
mean B0=73.3008 homogen=43500.1007
mean B0=70.1497 homogen=21977.5641
mean B0=67.8899 homogen=24888.8282
mean B0=71.8035 homogen=28414.5461
mean B0=69.5392 homogen=18955.9273
mean B0=63.7166 homogen=13894.8369
mean B0=70.1136 homogen=18469.6321
mean B0=68.1831 homogen=31999.4712
mean B0=64.2232 homogen=8498.3057
mean B0=72.8653 homogen=44824.9012
mean B0=74.6761 homogen=89684.8651
mean B0=78.3655 homogen=102908.1324
mean B0=73.2758 homogen=40573.4041
mean B0=44.6816 homogen=100933.0007
mean B0=70.809 homogen=15168.5335
mean B0=71.1442 homogen=23156.6019
mean B0=69.3997 homogen=16636.9993
mean B0=66.846 homogen=24337.1647
mean B0=71.7772 homogen=27159.6433
mean B0=70.1138 homogen=18468.0595
mean B0=59.6778 homogen=7299.0174
    33 |     1320 |     32 |  0.000000E+00 |  0.000000E+00 |  0.0030686726 |         ideal
mean B0=71.2105 homogen=22811.0628
mean B0=67.8248 homogen=13173.8637
mean B0=69.6924 homogen=21884.0245
mean B0=73.2751 homogen=40563.1785
mean B0=66.0133 homogen=26887.762
mean B0=64.681 homogen=9821.9079
mean B0=68.976 homogen=20161.3667
mean B0=66.2475 homogen=8940.1244
mean B0=77.2266 homogen=82539.6959
mean B0=69.432 homogen=14103.4867
mean B0=67.2659 homogen=16266.3713
mean B0=71.9408 homogen=52446.5438
mean B0=64.9612 homogen=10160.0252
mean B0=76.179 homogen=75548.5773
mean B0=70.8553 homogen=27759.6726
mean B0=69.7981 homogen=25686.7795
mean B0=62.6285 homogen=151371.8666
mean B0=77.2211 homogen=103312.1538
mean B0=66.7859 homogen=33513.9815
mean B0=68.6896 homogen=22701.5141
mean B0=70.8219 homogen=28147.0473
mean B0=71.8033 homogen=28420.8364
mean B0=73.8476 homogen=43213.0035
mean B0=72.8258 homogen=38680.3151
mean B0=71.3927 homogen=36214.2328
mean B0=71.1442 homogen=23156.8995
mean B0=71.637 homogen=24880.1259
mean B0=58.8147 homogen=17424.8654
mean B0=70.0887 homogen=20004.83
mean B0=68.311 homogen=17508.839
mean B0=69.1761 homogen=13390.6219
mean B0=57.9404 homogen=37924.2702
mean B0=71.6488 homogen=20964.8224
mean B0=70.1909 homogen=22175.3265
mean B0=71.5335 homogen=23806.3793
mean B0=72.555 homogen=30524.8705
mean B0=68.5425 homogen=15565.0859
mean B0=69.1835 homogen=16335.6826
mean B0=72.3373 homogen=38959.6537
mean B0=68.6462 homogen=9566.689
    34 |     1360 |     36 |  0.000000E+00 |  0.000000E+00 |  0.0048592247 |             f
mean B0=73.3015 homogen=39275.2039
mean B0=70.3524 homogen=41337.8447
mean B0=70.1909 homogen=22175.3265
mean B0=71.2182 homogen=22852.0705
mean B0=67.9767 homogen=15508.4279
mean B0=72.3943 homogen=34953.3363
mean B0=71.5543 homogen=36996.6161
mean B0=57.7731 homogen=8840.5191
mean B0=69.8995 homogen=16641.7426
mean B0=71.1387 homogen=15593.41
mean B0=74.1186 homogen=43128.7449
mean B0=75.8843 homogen=70786.9714
mean B0=67.4251 homogen=22821.8349
mean B0=70.8982 homogen=13176.7642
mean B0=67.7688 homogen=11126.2564
mean B0=63.6933 homogen=34490.6401
mean B0=70.64 homogen=24236.1689
mean B0=73.3816 homogen=39049.4216
mean B0=75.3199 homogen=69407.8478
mean B0=73.7061 homogen=44356.2851
mean B0=70.0881 homogen=19294.3744
mean B0=73.1015 homogen=37406.0335
mean B0=77.2211 homogen=103312.1538
mean B0=72.8173 homogen=38577.4953
mean B0=72.319 homogen=26137.5328
mean B0=65.4163 homogen=29835.3212
mean B0=46.7458 homogen=367279.0775
mean B0=76.061 homogen=74091.5126
mean B0=71.0111 homogen=23312.8641
mean B0=50.3584 homogen=214894.8403
mean B0=66.2502 homogen=34624.5833
mean B0=73.1909 homogen=53974.8298
mean B0=68.7849 homogen=12201.0978
mean B0=55.5156 homogen=202872.5137
mean B0=68.6928 homogen=14410.9542
mean B0=61.6596 homogen=265932.819
mean B0=72.3865 homogen=40430.9345
mean B0=71.5306 homogen=25636.1509
mean B0=65.7532 homogen=45198.7558
mean B0=60.5828 homogen=39598.4908
    35 |     1400 |     40 |  0.000000E+00 |  0.000000E+00 |  0.0069462231 |             f
mean B0=72.4339 homogen=25449.6419
mean B0=68.9164 homogen=16559.7948
mean B0=70.7248 homogen=22863.4324
mean B0=75.5518 homogen=87287.405
mean B0=67.4113 homogen=28299.6945
mean B0=67.2558 homogen=9737.992
mean B0=70.0113 homogen=18608.8807
mean B0=70.1865 homogen=22141.0768
mean B0=70.7536 homogen=98093.5675
mean B0=66.8519 homogen=33803.3218
mean B0=76.1768 homogen=75572.6174
mean B0=69.142 homogen=14507.5736
mean B0=70.9422 homogen=19619.6822
mean B0=71.1767 homogen=24331.0371
mean B0=76.5169 homogen=93296.2573
mean B0=76.2005 homogen=78225.0843
mean B0=70.1863 homogen=22146.7112
mean B0=69.8848 homogen=16503.8809
mean B0=73.6437 homogen=30297.6054
mean B0=72.8521 homogen=27731.7337
mean B0=68.437 homogen=13102.0726
mean B0=70.029 homogen=42296.6379
mean B0=68.2872 homogen=14092.859
mean B0=70.9221 homogen=35938.4567
mean B0=73.0715 homogen=36142.0709
mean B0=65.3456 homogen=8901.2714
mean B0=75.9735 homogen=74152.9816
mean B0=70.1909 homogen=22175.0337
mean B0=70.2776 homogen=13423.4305
mean B0=69.0722 homogen=32471.5832
mean B0=73.6649 homogen=49747.8547
mean B0=71.7268 homogen=27249.8495
mean B0=71.6303 homogen=23983.0043
mean B0=74.4254 homogen=79705.8073
mean B0=65.8383 homogen=21875.6775
mean B0=66.7879 homogen=9153.8461
mean B0=56.1719 homogen=196619.688
mean B0=70.4393 homogen=21499.6604
mean B0=70.5409 homogen=24515.3334
mean B0=70.6568 homogen=24026.671
    36 |     1440 |     40 |  0.000000E+00 |  0.000000E+00 |  0.0077974315 |             f
mean B0=70.1798 homogen=20226.9231
mean B0=70.7342 homogen=19196.8908
mean B0=74.719 homogen=70455.7681
mean B0=44.524 homogen=97143.5709
mean B0=75.0673 homogen=76880.5816
mean B0=67.0614 homogen=39551.0485
mean B0=73.0732 homogen=36112.4955
mean B0=68.0482 homogen=11428.6316
mean B0=77.6979 homogen=94524.3875
mean B0=71.3007 homogen=34619.2203
mean B0=69.1478 homogen=14305.8739
mean B0=75.0899 homogen=41316.4463
mean B0=70.3903 homogen=31719.1742
mean B0=73.1283 homogen=36648.457
mean B0=74.1396 homogen=85202.0292
mean B0=67.6975 homogen=10076.9913
mean B0=72.2979 homogen=28046.0925
mean B0=75.9697 homogen=78009.2515
mean B0=70.2641 homogen=22742.7194
mean B0=71.6272 homogen=23974.9744
mean B0=75.7428 homogen=68955.9363
mean B0=63.5093 homogen=13219.3122
mean B0=78.7031 homogen=110405.9015
mean B0=65.2184 homogen=13112.09
mean B0=71.0472 homogen=33563.2734
mean B0=73.3326 homogen=46651.1552
mean B0=71.2169 homogen=22855.8964
mean B0=73.9406 homogen=45644.2114
mean B0=65.3957 homogen=30774.2163
mean B0=66.4742 homogen=20854.166
mean B0=68.155 homogen=12468.6159
mean B0=70.5622 homogen=24535.3543
mean B0=68.4868 homogen=13120.9274
mean B0=62.3761 homogen=28748.2616
mean B0=73.6436 homogen=30297.5456
mean B0=76.0993 homogen=76603.0127
mean B0=70.5529 homogen=24732.1325
mean B0=77.3124 homogen=99395.3689
mean B0=69.3333 homogen=14501.7095
mean B0=73.104 homogen=37401.0438
    37 |     1480 |     40 |  0.000000E+00 |  0.000000E+00 |  0.1018683194 |         ideal
mean B0=64.1513 homogen=25409.1527
mean B0=70.1482 homogen=16823.544
mean B0=73.9888 homogen=36416.3903
mean B0=64.7396 homogen=43988.6597
mean B0=73.3816 homogen=39049.5543
mean B0=68.437 homogen=13102.0726
mean B0=76.3682 homogen=91701.4945
mean B0=72.2584 homogen=28047.3251
mean B0=68.5036 homogen=20000.1862
mean B0=68.6518 homogen=13509.3368
mean B0=65.2463 homogen=14819.9863
mean B0=72.1461 homogen=42213.5226
mean B0=68.4467 homogen=9686.4833
mean B0=75.0261 homogen=74934.7898
mean B0=69.4288 homogen=13098.9288
mean B0=62.3324 homogen=23693.6304
mean B0=61.1547 homogen=27120.5874
mean B0=70.5762 homogen=23738.3655
mean B0=70.6555 homogen=33672.6072
mean B0=68.9989 homogen=19746.8501
mean B0=71.8563 homogen=27822.4325
mean B0=67.0281 homogen=14099.799
mean B0=67.533 homogen=31004.517
mean B0=72.2648 homogen=38575.5922
mean B0=74.1186 homogen=43129.4034
mean B0=69.8995 homogen=16641.7426
mean B0=70.2612 homogen=19376.3402
mean B0=76.1013 homogen=74084.4166
mean B0=76.3432 homogen=85813.0766
mean B0=68.4259 homogen=12282.4429
mean B0=68.6137 homogen=21684.4751
mean B0=79.7888 homogen=106082.4542
mean B0=67.9927 homogen=11330.4579
mean B0=78.0288 homogen=93605.8687
mean B0=66.6999 homogen=20402.9353
mean B0=76.2709 homogen=76636.3382
mean B0=80.1957 homogen=80033.6177
mean B0=77.38 homogen=81033.0801
mean B0=69.505 homogen=14659.6312
mean B0=49.8703 homogen=72061.822
    38 |     1520 |     40 |  0.000000E+00 |  0.000000E+00 |  0.0694525021 |         ideal
mean B0=74.0005 homogen=46088.8483
mean B0=65.4509 homogen=32442.6627
mean B0=65.9019 homogen=8954.2446
mean B0=72.7886 homogen=24852.6946
mean B0=69.8804 homogen=202736.9711
mean B0=72.5977 homogen=27076.7084
mean B0=65.8584 homogen=19813.5454
mean B0=71.9242 homogen=106525.2443
mean B0=66.7546 homogen=30719.6723
mean B0=76.1228 homogen=82673.4361
mean B0=67.6956 homogen=10076.9264
mean B0=69.1956 homogen=21287.3536
mean B0=72.2979 homogen=28046.0925
mean B0=70.5961 homogen=15124.9125
mean B0=72.2813 homogen=102441.0706
mean B0=72.9738 homogen=40279.9394
mean B0=75.153 homogen=90450.02
mean B0=73.3603 homogen=75524.5272
mean B0=68.3107 homogen=12754.5588
mean B0=78.8254 homogen=105051.3533
mean B0=70.9509 homogen=25543.7739
mean B0=64.1251 homogen=301954.9791
mean B0=76.1013 homogen=74084.4166
mean B0=70.6191 homogen=24341.6868
mean B0=73.3816 homogen=39049.4216
mean B0=70.395 homogen=22295.4662
mean B0=68.1146 homogen=9403.6999
mean B0=69.5377 homogen=15040.0909
mean B0=45.8533 homogen=84774.5916
mean B0=70.0471 homogen=21170.7358
mean B0=67.2571 homogen=9738.1158
mean B0=75.3078 homogen=41523.9387
mean B0=69.1478 homogen=14305.8739
mean B0=69.1421 homogen=18754.6993
mean B0=67.4279 homogen=37739.8127
mean B0=65.5445 homogen=32148.9238
mean B0=77.4772 homogen=72665.2853
mean B0=70.0777 homogen=27658.1538
mean B0=69.3259 homogen=14614.7439
mean B0=71.8578 homogen=24106.1314
    39 |     1560 |     40 |  0.000000E+00 |  0.000000E+00 |  0.0037390168 |             f
mean B0=68.438 homogen=12241.1252
mean B0=74.1186 homogen=43128.7449
mean B0=67.7656 homogen=11110.4184
mean B0=70.3681 homogen=18869.3615
mean B0=64.3395 homogen=12683.6134
mean B0=66.0009 homogen=23599.7503
mean B0=67.5649 homogen=76901.4598
mean B0=66.037 homogen=9677.1316
mean B0=69.8909 homogen=16520.3702
mean B0=68.0409 homogen=11326.391
mean B0=68.8563 homogen=12022.5886
mean B0=79.2188 homogen=100053.668
mean B0=73.6187 homogen=32404.4081
mean B0=72.3384 homogen=28537.74
mean B0=75.496 homogen=71240.2507
mean B0=70.1126 homogen=18466.2809
mean B0=69.0694 homogen=14112.9508
mean B0=68.9479 homogen=16496.4899
mean B0=72.3064 homogen=28136.7626
mean B0=71.6516 homogen=24905.0872
mean B0=68.4745 homogen=13148.4103
mean B0=69.505 homogen=14659.6312
mean B0=67.3839 homogen=10932.4001
mean B0=70.739 homogen=32110.0782
mean B0=68.4555 homogen=8919.2069
mean B0=64.6933 homogen=18367.1681
mean B0=74.2233 homogen=48871.6224
mean B0=75.5492 homogen=71371.4408
mean B0=69.5617 homogen=12109.6761
mean B0=71.1924 homogen=26912.646
mean B0=71.3772 homogen=35051.4362
mean B0=79.3961 homogen=111095.6989
mean B0=63.4998 homogen=35431.4107
mean B0=71.4668 homogen=27627.9841
mean B0=73.4325 homogen=36937.7554
mean B0=71.2182 homogen=22852.0705
mean B0=77.592 homogen=74103.3555
mean B0=68.1421 homogen=44354.5274
mean B0=69.3256 homogen=14425.6474
mean B0=72.5409 homogen=30469.3792
    40 |     1600 |     40 |  0.000000E+00 |  0.000000E+00 |  0.0029170620 |             f
mean B0=69.02 homogen=34676.2357
mean B0=63.5869 homogen=7144.6518
mean B0=70.5912 homogen=25580.3969
mean B0=79.0299 homogen=98836.9353
mean B0=66.9451 homogen=10533.9784
mean B0=66.8284 homogen=165829.62
mean B0=69.7185 homogen=10948.6058
mean B0=71.6295 homogen=23936.5698
mean B0=64.5166 homogen=88379.6193
mean B0=75.6851 homogen=68518.8925
mean B0=72.5491 homogen=30360.8397
mean B0=71.7772 homogen=27159.6433
mean B0=74.0057 homogen=41862.1207
mean B0=41.27 homogen=119407.5702
mean B0=72.3654 homogen=28568.4987
mean B0=79.9133 homogen=102585.607
mean B0=69.8848 homogen=16505.1354
mean B0=72.588 homogen=26510.3077
mean B0=76.8159 homogen=96813.7614
mean B0=69.0694 homogen=14112.9508
mean B0=69.5386 homogen=14790.7505
mean B0=66.062 homogen=9334.4051
mean B0=62.4275 homogen=11470.8832
mean B0=67.455 homogen=9419.5749
mean B0=77.341 homogen=79816.7957
mean B0=73.3476 homogen=35647.3938
mean B0=78.4821 homogen=95564.7234
mean B0=70.2723 homogen=18760.2786
mean B0=65.8969 homogen=8332.5546
mean B0=72.0626 homogen=28429.2431
mean B0=73.0652 homogen=36223.9046
mean B0=72.2979 homogen=28046.0925
mean B0=64.2253 homogen=6362.5906
mean B0=69.1568 homogen=33033.3933
mean B0=74.0917 homogen=43178.0285
mean B0=70.2075 homogen=23008.1762
mean B0=68.0482 homogen=11427.4772
mean B0=71.3267 homogen=30843.208
mean B0=66.7877 homogen=15628.4941
mean B0=61.8847 homogen=14470.2484
    41 |     1640 |     40 |  0.000000E+00 |  0.000000E+00 |  0.0044958314 |         nadir
mean B0=75.686 homogen=68523.1942
mean B0=69.255 homogen=8465.9584
mean B0=62.3974 homogen=11046.5729
mean B0=68.6956 homogen=14723.4286
mean B0=68.0821 homogen=11534.9474
mean B0=69.1229 homogen=20047.2005
mean B0=78.0288 homogen=93602.1567
mean B0=76.7452 homogen=97115.9883
mean B0=70.8014 homogen=23896.5245
mean B0=66.7822 homogen=185710.9616
mean B0=65.8835 homogen=33104.0259
mean B0=78.2784 homogen=93357.7291
mean B0=73.9424 homogen=35766.5243
mean B0=72.5556 homogen=30509.3073
mean B0=70.5643 homogen=23658.323
mean B0=67.9712 homogen=10728.8195
mean B0=60.6135 homogen=110144.3671
mean B0=72.9044 homogen=36958.7315
mean B0=69.5447 homogen=14742.1508
mean B0=72.4627 homogen=29451.5704
mean B0=77.4755 homogen=72675.2392
mean B0=65.2374 homogen=16792.3759
mean B0=71.6868 homogen=32510.6825
mean B0=70.3687 homogen=34736.5174
mean B0=52.036 homogen=286623.6646
mean B0=69.9445 homogen=13067.339
mean B0=75.8841 homogen=70792.7527
mean B0=70.2015 homogen=16445.6234
mean B0=69.5772 homogen=13673.8214
mean B0=72.2631 homogen=39671.3178
mean B0=67.7566 homogen=132792.328
mean B0=77.8013 homogen=76524.3254
mean B0=70.2562 homogen=21497.4739
mean B0=75.1525 homogen=79558.1017
mean B0=76.2648 homogen=57005.8653
mean B0=62.2636 homogen=102941.1206
mean B0=69.8848 homogen=16503.8809
mean B0=73.5093 homogen=31288.3303
mean B0=70.1061 homogen=18525.5816
mean B0=76.4723 homogen=85841.6632
    42 |     1680 |     40 |  0.000000E+00 |  0.000000E+00 |  0.0024738311 |             f
mean B0=69.9413 homogen=33254.7837
mean B0=77.9067 homogen=91574.9651
mean B0=66.7229 homogen=10049.1608
mean B0=79.1363 homogen=99182.2517
mean B0=71.155 homogen=18163.476
mean B0=71.5252 homogen=28165.3167
mean B0=72.6338 homogen=26494.924
mean B0=74.7979 homogen=80470.2859
mean B0=72.9194 homogen=36775.5048
mean B0=77.6902 homogen=75511.7283
mean B0=67.2675 homogen=30879.5557
mean B0=71.5233 homogen=37006.575
mean B0=70.3681 homogen=18869.3615
mean B0=72.2979 homogen=28046.0925
mean B0=76.8937 homogen=74012.5905
mean B0=72.4627 homogen=29451.5704
mean B0=68.7407 homogen=32967.6184
mean B0=67.1076 homogen=9092.6212
mean B0=72.383 homogen=32239.8394
mean B0=67.696 homogen=10068.4386
mean B0=67.9926 homogen=11331.8845
mean B0=78.1715 homogen=78297.341
mean B0=78.9629 homogen=81361.9393
mean B0=68.2067 homogen=14759.2389
mean B0=66.9294 homogen=9488.4651
mean B0=79.7947 homogen=105633.9352
mean B0=67.4364 homogen=20761.4741
mean B0=75.8843 homogen=70787.2218
mean B0=71.1559 homogen=26974.6024
mean B0=72.1969 homogen=31985.8904
mean B0=64.6976 homogen=18645.1404
mean B0=71.1173 homogen=37703.4609
mean B0=75.686 homogen=68523.1942
mean B0=70.2015 homogen=16445.6234
mean B0=78.0688 homogen=95413.3697
mean B0=65.9019 homogen=8954.2446
mean B0=68.8236 homogen=13948.5316
mean B0=75.5852 homogen=47102.4868
mean B0=73.3763 homogen=38088.3745
mean B0=70.438 homogen=21513.6322
    43 |     1720 |     40 |  0.000000E+00 |  0.000000E+00 |  0.0045181119 |         nadir
mean B0=71.7458 homogen=27487.3634
mean B0=78.4853 homogen=95572.745
mean B0=68.9968 homogen=14401.1508
mean B0=68.5699 homogen=36234.124
mean B0=79.8453 homogen=107470.7809
mean B0=67.4695 homogen=9491.0617
mean B0=71.3305 homogen=28099.5409
mean B0=71.4499 homogen=35068.3465
mean B0=71.7252 homogen=29857.3815
mean B0=70.1531 homogen=22440.1249
mean B0=76.665 homogen=90826.8026
mean B0=77.8017 homogen=76526.2731
mean B0=80.1735 homogen=98416.7685
mean B0=69.9041 homogen=20204.5578
mean B0=71.9066 homogen=28276.6668
mean B0=70.4032 homogen=19039.5296
mean B0=69.8782 homogen=18991.9867
mean B0=72.4311 homogen=47355.2258
mean B0=69.203 homogen=199211.724
mean B0=46.886 homogen=361077.6697
mean B0=73.9096 homogen=35058.725
mean B0=79.2156 homogen=100078.5729
mean B0=67.1017 homogen=15560.1644
mean B0=79.7727 homogen=101966.0246
mean B0=71.3698 homogen=22373.0545
mean B0=73.3355 homogen=35482.2036
mean B0=62.5279 homogen=10592.54
mean B0=46.1064 homogen=101641.1716
mean B0=77.7873 homogen=82537.2512
mean B0=67.6217 homogen=13799.5871
mean B0=63.9528 homogen=36416.3902
mean B0=78.2371 homogen=63784.8909
mean B0=75.7882 homogen=69185.3654
mean B0=77.796 homogen=76543.961
mean B0=72.6372 homogen=29926.4632
mean B0=72.5187 homogen=30160.0069
mean B0=56.817 homogen=219141.0806
mean B0=71.236 homogen=26046.0327
mean B0=71.0149 homogen=33202.8811
mean B0=69.7819 homogen=16209.1869
    44 |     1760 |     40 |  0.000000E+00 |  0.000000E+00 |  0.0032371670 |         ideal
mean B0=74.1186 homogen=43128.7449
mean B0=78.2688 homogen=98153.4619
mean B0=71.3195 homogen=17115.5679
mean B0=47.1353 homogen=78486.8158
mean B0=67.9019 homogen=10921.3292
mean B0=67.256 homogen=9751.1166
mean B0=72.4543 homogen=41112.3242
mean B0=72.8011 homogen=35427.4284
mean B0=72.6349 homogen=214720.6096
mean B0=76.4088 homogen=67856.3827
mean B0=71.3046 homogen=22922.0722
mean B0=73.3455 homogen=35618.2898
mean B0=71.6135 homogen=36043.1735
mean B0=73.2945 homogen=74862.8678
mean B0=75.6062 homogen=77653.052
mean B0=78.5049 homogen=95263.7778
mean B0=71.7273 homogen=24377.1016
mean B0=70.1343 homogen=20416.5916
mean B0=79.5899 homogen=92032.97
mean B0=71.6335 homogen=33785.6346
mean B0=64.2253 homogen=6362.6061
mean B0=68.6683 homogen=12177.1703
mean B0=68.9587 homogen=17363.4247
mean B0=74.045 homogen=42229.6546
mean B0=68.1448 homogen=11773.4592
mean B0=79.7165 homogen=96792.4694
mean B0=46.6882 homogen=360419.2629
mean B0=72.5744 homogen=25051.824
mean B0=68.0935 homogen=15028.1021
mean B0=74.4457 homogen=50694.7515
mean B0=62.5894 homogen=10923.0289
mean B0=69.7819 homogen=16209.1869
mean B0=66.7336 homogen=14452.7699
mean B0=73.4541 homogen=37857.7731
mean B0=63.9644 homogen=101768.6795
mean B0=73.4127 homogen=37218.0649
mean B0=70.2935 homogen=19397.8417
mean B0=72.5377 homogen=26171.0309
mean B0=46.012 homogen=101444.9933
mean B0=78.5952 homogen=77516.0948
    45 |     1800 |     40 |  0.000000E+00 |  0.000000E+00 |  0.0049076523 |             f
mean B0=73.5699 homogen=76988.9119
mean B0=69.7819 homogen=16209.1869
mean B0=68.737 homogen=13525.8861
mean B0=73.2771 homogen=39017.3594
mean B0=62.4094 homogen=31903.5585
mean B0=67.2632 homogen=35243.0111
mean B0=73.0058 homogen=27187.2334
mean B0=78.5142 homogen=90608.588
mean B0=69.6295 homogen=19249.6128
mean B0=70.8787 homogen=23670.7301
mean B0=78.2788 homogen=92860.4924
mean B0=72.2979 homogen=28046.0925
mean B0=45.4849 homogen=95337.4909
mean B0=71.8021 homogen=36310.2311
mean B0=73.5528 homogen=39134.0461
mean B0=72.8008 homogen=35422.2625
mean B0=79.7727 homogen=101972.6799
mean B0=68.3888 homogen=14221.3612
mean B0=75.1637 homogen=52753.1556
mean B0=68.6682 homogen=12176.7079
mean B0=73.0621 homogen=27365.44
mean B0=79.7947 homogen=105633.9352
mean B0=72.1633 homogen=32508.2443
mean B0=74.433 homogen=78596.1734
mean B0=57.7749 homogen=202018.5039
mean B0=67.3471 homogen=34022.3908
mean B0=66.4536 homogen=30277.992
mean B0=73.8075 homogen=44963.8194
mean B0=71.3219 homogen=18718.5898
mean B0=71.1843 homogen=22356.7511
mean B0=73.6752 homogen=35731.1473
mean B0=72.5187 homogen=30160.0069
mean B0=74.2484 homogen=44929.3344
mean B0=66.6581 homogen=8955.7368
mean B0=78.1318 homogen=62219.7607
mean B0=74.1188 homogen=43125.4603
mean B0=62.8949 homogen=18600.6995
mean B0=67.2358 homogen=10723.4055
mean B0=69.3185 homogen=25803.1847
mean B0=65.9019 homogen=8953.1935
    46 |     1840 |     40 |  0.000000E+00 |  0.000000E+00 |  0.0040076546 |             f
mean B0=78.4123 homogen=95871.5531
mean B0=79.1705 homogen=98419.5393
mean B0=68.9681 homogen=14004.1299
mean B0=65.9019 homogen=8955.2561
mean B0=78.1335 homogen=62215.9483
mean B0=64.3368 homogen=30296.6833
mean B0=65.6313 homogen=24156.2888
mean B0=72.3016 homogen=106048.0065
mean B0=70.9797 homogen=18997.6132
mean B0=60.1966 homogen=226441.1232
mean B0=78.6971 homogen=106481.3903
mean B0=65.0668 homogen=13186.712
mean B0=62.5912 homogen=97569.3542
mean B0=71.9348 homogen=22636.1215
mean B0=68.3002 homogen=10546.6153
mean B0=59.7688 homogen=225038.2663
mean B0=72.6204 homogen=39300.6881
mean B0=64.0427 homogen=117644.1024
mean B0=71.1858 homogen=22357.0568
mean B0=67.1089 homogen=9087.6914
mean B0=68.8018 homogen=13781.619
mean B0=80.3387 homogen=103978.3579
mean B0=70.6425 homogen=24028.9831
mean B0=57.7967 homogen=178026.8755
mean B0=78.2353 homogen=63792.2825
mean B0=73.6002 homogen=32366.1621
mean B0=65.1224 homogen=21883.6748
mean B0=71.8767 homogen=33829.0698
mean B0=68.7347 homogen=13545.8306
mean B0=74.4759 homogen=49500.6151
mean B0=68.3152 homogen=14960.5954
mean B0=72.8374 homogen=35155.2501
mean B0=74.1829 homogen=43919.3728
mean B0=72.1563 homogen=48116.0366
mean B0=71.7044 homogen=21329.6487
mean B0=65.6081 homogen=23427.049
mean B0=64.6107 homogen=40114.0754
mean B0=80.0299 homogen=105158.498
mean B0=71.5321 homogen=23802.9709
mean B0=73.0612 homogen=27373.52
    47 |     1880 |     40 |  0.000000E+00 |  0.000000E+00 |  0.0306183454 |         ideal
mean B0=66.9006 homogen=10269.3546
mean B0=69.6813 homogen=20995.4013
mean B0=79.0881 homogen=95127.464
mean B0=80.4341 homogen=103639.5106
mean B0=67.9458 homogen=10721.0545
mean B0=63.3204 homogen=20669.6615
mean B0=73.0621 homogen=27365.44
mean B0=75.0237 homogen=38908.4244
mean B0=70.9622 homogen=14658.3419
mean B0=68.1528 homogen=16238.4224
mean B0=74.1057 homogen=42978.5533
mean B0=77.7648 homogen=87176.0196
mean B0=62.9671 homogen=268446.8637
mean B0=69.7819 homogen=16209.2018
mean B0=70.3541 homogen=21292.9817
mean B0=71.3658 homogen=25883.3863
mean B0=80.8857 homogen=89517.1543
mean B0=71.1717 homogen=22299.146
mean B0=58.3127 homogen=227213.0938
mean B0=64.3005 homogen=6816.9452
mean B0=68.5039 homogen=14491.2802
mean B0=73.4069 homogen=24248.0967
mean B0=80.4016 homogen=103567.231
mean B0=73.2554 homogen=35972.7798
mean B0=67.4694 homogen=9489.3464
mean B0=74.8491 homogen=36252.0496
mean B0=67.1089 homogen=9087.6914
mean B0=79.7727 homogen=101972.6799
mean B0=68.1423 homogen=42463.5913
mean B0=69.4132 homogen=20694.9078
mean B0=71.5472 homogen=23891.2452
mean B0=74.6483 homogen=49630.3151
mean B0=69.5992 homogen=20508.3804
mean B0=68.6682 homogen=12177.4394
mean B0=50.7685 homogen=351602.0564
mean B0=74.5963 homogen=41963.6056
mean B0=75.2172 homogen=72368.1507
mean B0=70.4164 homogen=19094.1209
mean B0=65.1863 homogen=32368.5218
mean B0=65.885 homogen=8951.7559
    48 |     1920 |     40 |  0.000000E+00 |  0.000000E+00 |  0.0058863839 |         ideal
mean B0=78.2788 homogen=92860.4924
mean B0=77.1065 homogen=92202.3706
mean B0=74.4097 homogen=49873.1497
mean B0=69.9497 homogen=14974.5413
mean B0=71.2771 homogen=22951.5142
mean B0=68.3057 homogen=146960.943
mean B0=73.0483 homogen=27270.0072
mean B0=54.7708 homogen=202256.168
mean B0=69.3787 homogen=20825.2162
mean B0=72.1059 homogen=29338.0156
mean B0=71.6234 homogen=22351.2128
mean B0=63.6182 homogen=30474.3494
mean B0=68.3048 homogen=15656.9598
mean B0=80.3652 homogen=103341.683
mean B0=73.796 homogen=28815.5729
mean B0=77.9735 homogen=87332.561
mean B0=69.3256 homogen=16878.7846
mean B0=79.3633 homogen=99200.2751
mean B0=80.47 homogen=102453.2858
mean B0=68.8166 homogen=12656.147
mean B0=73.6752 homogen=35731.1473
mean B0=66.9281 homogen=14428.3586
mean B0=69.6443 homogen=13633.4487
mean B0=70.2462 homogen=20339.9522
mean B0=70.7882 homogen=24310.2297
mean B0=79.7165 homogen=96792.4694
mean B0=78.1494 homogen=62410.8539
mean B0=70.1313 homogen=19797.8712
mean B0=67.7471 homogen=23796.9973
mean B0=73.2479 homogen=22004.3797
mean B0=65.1067 homogen=130404.9136
mean B0=73.7769 homogen=33758.9255
mean B0=71.2654 homogen=22836.9076
mean B0=74.0709 homogen=42128.7411
mean B0=63.7299 homogen=21838.0547
mean B0=69.6051 homogen=33083.2949
mean B0=65.1752 homogen=12238.8452
mean B0=54.3704 homogen=266488.7985
mean B0=67.3545 homogen=9465.4764
mean B0=78.9074 homogen=92574.5446
    49 |     1960 |     40 |  0.000000E+00 |  0.000000E+00 |  0.0017162625 |             f
mean B0=66.3068 homogen=9362.3685
mean B0=62.1068 homogen=9753.581
mean B0=71.6679 homogen=26005.7106
mean B0=79.0262 homogen=88671.4626
mean B0=68.4009 homogen=10863.8124
mean B0=71.4898 homogen=23613.8762
mean B0=60.8145 homogen=8238.0958
mean B0=65.3441 homogen=32997.4442
mean B0=71.7859 homogen=26590.2327
mean B0=69.7277 homogen=20155.327
mean B0=67.8925 homogen=41796.4929
mean B0=66.4649 homogen=38831.2812
mean B0=80.2677 homogen=94260.7996
mean B0=60.3902 homogen=231497.1852
mean B0=72.9552 homogen=30502.1537
mean B0=71.6042 homogen=18112.0965
mean B0=70.5993 homogen=13472.6266
mean B0=80.3667 homogen=103328.3512
mean B0=74.1829 homogen=43919.3728
mean B0=69.5767 homogen=19742.4315
mean B0=73.6751 homogen=35739.9797
mean B0=71.8923 homogen=23365.5128
mean B0=57.4249 homogen=221052.4094
mean B0=80.3128 homogen=107702.9128
mean B0=74.7876 homogen=35313.6555
mean B0=65.9392 homogen=9083.8823
mean B0=73.5371 homogen=42402.8311
mean B0=72.7683 homogen=32848.9171
mean B0=74.8686 homogen=76442.4818
mean B0=71.5693 homogen=35220.4641
mean B0=72.7434 homogen=40363.6688
mean B0=74.079 homogen=35425.2659
mean B0=78.2127 homogen=63052.6433
mean B0=79.0149 homogen=96685.9407
mean B0=74.6289 homogen=49733.9622
mean B0=63.7611 homogen=13204.9281
mean B0=70.3215 homogen=22248.4491
mean B0=79.7734 homogen=101980.8572
mean B0=78.2371 homogen=63784.8909
mean B0=69.0919 homogen=10400.2046
    50 |     2000 |     40 |  0.000000E+00 |  0.000000E+00 |  0.0043397547 |             f
mean B0=76.6543 homogen=58543.3969
mean B0=80.2677 homogen=94260.7996
mean B0=78.2627 homogen=63714.2328
mean B0=48.5589 homogen=72231.1888
mean B0=74.0707 homogen=42128.5776
mean B0=56.7121 homogen=203375.4709
mean B0=70.9006 homogen=17829.2549
mean B0=73.0428 homogen=27162.9098
mean B0=71.3747 homogen=24824.8147
mean B0=69.98 homogen=19582.5143
mean B0=67.6917 homogen=10080.6001
mean B0=80.1165 homogen=100581.5422
mean B0=73.337 homogen=35474.2391
mean B0=70.248 homogen=16747.6264
mean B0=64.4315 homogen=9981.6425
mean B0=69.346 homogen=13594.2989
mean B0=72.9965 homogen=40028.8979
mean B0=71.8575 homogen=23965.5561
mean B0=72.8533 homogen=23245.7922
mean B0=66.8159 homogen=9271.7105
mean B0=67.4773 homogen=12052.5658
mean B0=74.6483 homogen=49630.3151
mean B0=78.108 homogen=62289.2214
mean B0=51.9998 homogen=80002.0903
mean B0=67.5199 homogen=9888.4428
mean B0=62.9684 homogen=13131.5212
mean B0=79.8155 homogen=89737.1598
mean B0=68.4062 homogen=10965.3756
mean B0=74.5968 homogen=47095.1804
mean B0=63.7572 homogen=19413.3623
mean B0=67.4601 homogen=9410.2656
mean B0=76.3025 homogen=50748.1075
mean B0=64.4764 homogen=24769.0024
mean B0=68.256 homogen=10587.0317
mean B0=69.9347 homogen=15046.0906
mean B0=72.3416 homogen=27139.9407
mean B0=71.113 homogen=22129.4161
mean B0=67.8628 homogen=11175.2221
mean B0=76.623 homogen=63220.8595
mean B0=68.006 homogen=9740.7017
    51 |     2040 |     40 |  0.000000E+00 |  0.000000E+00 |  0.0049413852 |             f
mean B0=74.0709 homogen=42130.444
mean B0=69.3489 homogen=13573.5076
mean B0=68.1613 homogen=49622.2222
mean B0=69.8755 homogen=15517.4683
mean B0=72.7951 homogen=31181.6761
mean B0=68.526 homogen=20398.391
mean B0=77.4884 homogen=72752.8206
mean B0=67.1184 homogen=9043.1984
mean B0=68.2923 homogen=10977.6957
mean B0=80.3006 homogen=88518.5566
mean B0=70.2764 homogen=18444.9308
mean B0=68.1429 homogen=15556.4975
mean B0=79.4401 homogen=90297.176
mean B0=64.67 homogen=11030.3937
mean B0=66.142 homogen=44461.7285
mean B0=74.5522 homogen=34450.2792
mean B0=70.2328 homogen=15769.823
mean B0=80.354 homogen=103180.2209
mean B0=70.4018 homogen=16091.0127
mean B0=65.1348 homogen=13500.1961
mean B0=68.8166 homogen=12657.9285
mean B0=74.2458 homogen=44958.6012
mean B0=70.2304 homogen=43598.8009
mean B0=74.7262 homogen=48537.7014
mean B0=72.2954 homogen=31505.0485
mean B0=54.6889 homogen=198779.2692
mean B0=71.0205 homogen=22025.9183
mean B0=66.6489 homogen=9003.8155
mean B0=69.7371 homogen=19707.5861
mean B0=78.0985 homogen=67920.6246
mean B0=74.7445 homogen=48540.7566
mean B0=70.8183 homogen=22630.7048
mean B0=70.1923 homogen=16520.1678
mean B0=79.7318 homogen=94845.0902
mean B0=76.996 homogen=91074.8627
mean B0=79.6381 homogen=101848.5398
mean B0=71.8612 homogen=29712.5208
mean B0=51.7708 homogen=301533.2726
mean B0=74.053 homogen=33040.4716
mean B0=72.1082 homogen=19065.3703
    52 |     2080 |     37 |  0.000000E+00 |  0.000000E+00 |  0.0029182922 |             f
mean B0=51.1409 homogen=302180.3563
mean B0=79.2819 homogen=98717.5532
mean B0=68.4348 homogen=30604.2088
mean B0=76.2798 homogen=52762.6369
mean B0=66.1914 homogen=24516.2384
mean B0=73.5101 homogen=30370.7479
mean B0=62.6437 homogen=21694.2343
mean B0=80.4258 homogen=103979.1605
mean B0=72.831 homogen=23257.2761
mean B0=67.505 homogen=9332.1728
mean B0=76.8938 homogen=62237.6211
mean B0=80.0697 homogen=92135.3571
mean B0=74.5968 homogen=47095.1804
mean B0=67.0708 homogen=41827.305
mean B0=78.0347 homogen=103491.2731
mean B0=71.9504 homogen=28759.8733
mean B0=66.0628 homogen=23584.302
mean B0=77.3115 homogen=82590.4189
mean B0=72.4996 homogen=36022.1963
mean B0=79.7318 homogen=94845.0902
mean B0=63.2098 homogen=24673.7127
mean B0=67.1672 homogen=13544.0037
mean B0=72.5887 homogen=32724.5304
mean B0=65.3938 homogen=13309.5809
mean B0=72.7366 homogen=70395.3894
mean B0=65.557 homogen=45390.1367
mean B0=77.7723 homogen=58058.0625
mean B0=69.2762 homogen=13295.976
mean B0=59.8708 homogen=214332.3147
mean B0=64.3467 homogen=6605.1637
mean B0=65.6607 homogen=31114.0077
mean B0=68.9125 homogen=154967.0601
mean B0=74.7445 homogen=48540.7566
mean B0=73.3613 homogen=36273.3233
mean B0=64.5228 homogen=21787.6012
mean B0=72.5276 homogen=29565.3079
mean B0=70.2698 homogen=19769.6831
mean B0=73.35 homogen=35552.773
mean B0=64.496 homogen=38225.3554
mean B0=70.4018 homogen=16091.0127
    53 |     2120 |     40 |  0.000000E+00 |  0.000000E+00 |  0.0031619550 |             f
mean B0=65.5534 homogen=115975.5305
mean B0=62.9637 homogen=16487.2799
mean B0=69.9496 homogen=14969.9119
mean B0=71.6882 homogen=26384.3349
mean B0=72.7321 homogen=23596.2241
mean B0=66.6585 homogen=8953.9609
mean B0=71.5519 homogen=92503.2242
mean B0=69.8823 homogen=22506.648
mean B0=66.979 homogen=37127.1813
mean B0=77.8351 homogen=98205.5356
mean B0=80.3179 homogen=107675.2868
mean B0=79.9297 homogen=97787.0954
mean B0=73.4784 homogen=30044.2367
mean B0=70.0151 homogen=12966.6296
mean B0=67.1184 homogen=9043.1984
mean B0=73.4593 homogen=23000.6476
mean B0=74.7051 homogen=48753.6712
mean B0=73.2807 homogen=222526.6322
mean B0=71.9307 homogen=23019.6009
mean B0=67.6376 homogen=9671.4558
mean B0=68.0002 homogen=137686.472
mean B0=80.3176 homogen=94238.9695
mean B0=65.9019 homogen=8956.5882
mean B0=70.6527 homogen=15959.4909
mean B0=68.5345 homogen=11313.326
mean B0=65.8969 homogen=8332.5546
mean B0=78.1494 homogen=67738.4046
mean B0=62.0505 homogen=241291.827
mean B0=67.4718 homogen=35230.2422
mean B0=69.4493 homogen=13793.0015
mean B0=74.7346 homogen=44331.6716
mean B0=46.7154 homogen=104068.2324
mean B0=78.5687 homogen=83550.52
mean B0=66.9518 homogen=10939.464
mean B0=74.4652 homogen=19607.3749
mean B0=69.4645 homogen=12776.1239
mean B0=69.3143 homogen=13354.406
mean B0=77.7928 homogen=57775.5661
mean B0=69.5723 homogen=15257.325
mean B0=69.3071 homogen=13452.3704
    54 |     2160 |     40 |  0.000000E+00 |  0.000000E+00 |  0.0034531426 |             f
mean B0=80.364 homogen=103147.385
mean B0=67.0896 homogen=8972.0138
mean B0=68.4769 homogen=10453.0385
mean B0=66.1061 homogen=9077.3113
mean B0=71.0205 homogen=22025.9183
mean B0=80.28 homogen=88583.4066
mean B0=75.1641 homogen=32763.8226
mean B0=58.9522 homogen=272670.7934
mean B0=56.311 homogen=312451.4505
mean B0=74.7346 homogen=44331.6716
mean B0=80.0999 homogen=92028.2384
mean B0=73.3363 homogen=43168.7182
mean B0=67.1232 homogen=130313.2048
mean B0=70.9269 homogen=20387.894
mean B0=72.8748 homogen=26361.2001
mean B0=65.8969 homogen=8332.5546
mean B0=68.2251 homogen=11423.2915
mean B0=81.615 homogen=103218.3076
mean B0=66.4268 homogen=42179.1239
mean B0=74.6682 homogen=48372.6477
mean B0=70.2234 homogen=15753.3548
mean B0=74.776 homogen=48546.6167
mean B0=63.5617 homogen=12942.0059
mean B0=68.6044 homogen=12070.7607
mean B0=71.113 homogen=22129.4161
mean B0=70.5116 homogen=67196.428
mean B0=67.6339 homogen=33384.6958
mean B0=72.8533 homogen=22844.3721
mean B0=73.3013 homogen=28504.3149
mean B0=73.5101 homogen=30370.7479
mean B0=68.2756 homogen=11292.738
mean B0=72.5186 homogen=22045.6011
mean B0=73.4783 homogen=30045.0897
mean B0=71.194 homogen=100761.6333
mean B0=74.7244 homogen=35722.0036
mean B0=68.5345 homogen=11313.326
mean B0=68.0655 homogen=17254.5185
mean B0=68.0228 homogen=12751.7377
mean B0=68.9177 homogen=43223.8777
mean B0=70.0229 homogen=15172.1868
    55 |     2200 |     40 |  0.000000E+00 |  0.000000E+00 |  0.0025409196 |             f
mean B0=81.2178 homogen=112369.4244
mean B0=70.2328 homogen=15769.823
mean B0=66.4121 homogen=6431.0827
mean B0=66.9185 homogen=8597.9298
mean B0=58.9144 homogen=9495.7217
mean B0=73.4425 homogen=29660.8103
mean B0=73.1532 homogen=96490.3862
mean B0=71.2025 homogen=17771.9434
mean B0=79.8042 homogen=97041.5462
mean B0=75.0604 homogen=39033.4035
mean B0=73.2538 homogen=28733.8659
mean B0=71.8882 homogen=18854.8946
mean B0=71.6798 homogen=21609.8411
mean B0=68.4313 homogen=12846.6282
mean B0=73.4956 homogen=29965.8568
mean B0=69.0356 homogen=16104.5233
mean B0=73.3907 homogen=20284.4162
mean B0=77.0357 homogen=66698.8787
mean B0=79.0262 homogen=88671.4626
mean B0=70.9306 homogen=20348.9018
mean B0=72.0062 homogen=21671.2828
mean B0=78.1335 homogen=62215.9483
mean B0=72.3927 homogen=21418.0001
mean B0=58.176 homogen=188254.4685
mean B0=69.8857 homogen=12274.9719
mean B0=70.7071 homogen=16085.7355
mean B0=69.0718 homogen=20828.7326
mean B0=72.9961 homogen=42343.906
mean B0=74.9858 homogen=39492.9693
mean B0=80.3656 homogen=103143.1479
mean B0=72.5638 homogen=211184.5176
mean B0=70.9969 homogen=28031.1407
mean B0=68.518 homogen=15640.8706
mean B0=47.6604 homogen=81277.2643
mean B0=68.283 homogen=10431.0129
mean B0=69.9134 homogen=36049.9186
mean B0=79.7366 homogen=68509.7518
mean B0=70.3025 homogen=10504.6557
mean B0=66.6585 homogen=8953.9609
mean B0=59.8732 homogen=217583.7798
    56 |     2240 |     38 |  0.000000E+00 |  0.000000E+00 |  0.0461199312 |         ideal
mean B0=65.4535 homogen=130885.5629
mean B0=73.3059 homogen=26846.0341
mean B0=75.0245 homogen=38674.9364
mean B0=73.6346 homogen=40693.168
mean B0=66.6585 homogen=8953.9609
mean B0=67.075 homogen=6409.3809
mean B0=68.0512 homogen=9125.1116
mean B0=72.7593 homogen=41422.2103
mean B0=66.0441 homogen=10597.3322
mean B0=72.6447 homogen=22509.8271
mean B0=76.2443 homogen=105033.2112
mean B0=74.4612 homogen=32984.8015
mean B0=70.4644 homogen=20423.7762
mean B0=78.7347 homogen=100403.5999
mean B0=76.5696 homogen=57527.9735
mean B0=79.1355 homogen=89469.7313
mean B0=63.7094 homogen=8296.258
mean B0=72.2969 homogen=26291.8398
mean B0=73.9114 homogen=32563.3835
mean B0=80.0083 homogen=99209.3579
mean B0=70.6182 homogen=15962.7243
mean B0=72.9039 homogen=24311.955
mean B0=80.1355 homogen=92406.4845
mean B0=78.3947 homogen=83942.132
mean B0=50.672 homogen=77891.2152
mean B0=63.6352 homogen=99278.666
mean B0=72.1641 homogen=27902.5094
mean B0=66.3308 homogen=21215.6419
mean B0=66.942 homogen=10402.6761
mean B0=81.2215 homogen=84791.2818
mean B0=68.2723 homogen=8989.7773
mean B0=78.6612 homogen=85221.9434
mean B0=73.1876 homogen=71315.5349
mean B0=68.8728 homogen=12330.782
mean B0=75.2039 homogen=37418.847
mean B0=72.7573 homogen=25397.34
mean B0=70.7329 homogen=16328.7703
mean B0=79.3315 homogen=67821.9125
mean B0=73.0621 homogen=27367.5154
mean B0=70.4312 homogen=188360.8867
    57 |     2280 |     40 |  0.000000E+00 |  0.000000E+00 |  0.0046333292 |             f
mean B0=73.4268 homogen=29315.542
mean B0=72.1377 homogen=41281.0971
mean B0=73.5101 homogen=30370.7479
mean B0=64.7624 homogen=286315.4794
mean B0=71.6419 homogen=21913.7667
mean B0=67.8927 homogen=10323.2781
mean B0=76.5531 homogen=57319.4071
mean B0=79.4956 homogen=94318.2962
mean B0=67.9115 homogen=9008.4965
mean B0=81.2161 homogen=112372.4349
mean B0=71.3655 homogen=24617.4756
mean B0=70.0048 homogen=11368.4707
mean B0=79.2564 homogen=83180.5621
mean B0=80.4341 homogen=103639.5106
mean B0=65.2819 homogen=18419.0601
mean B0=72.8575 homogen=23711.3145
mean B0=74.7479 homogen=36549.9496
mean B0=72.0463 homogen=14636.4961
mean B0=81.8078 homogen=93026.8947
mean B0=80.0473 homogen=91139.7604
mean B0=70.5527 homogen=15802.4127
mean B0=69.8201 homogen=12996.1374
mean B0=75.2721 homogen=35512.0378
mean B0=77.7289 homogen=57018.8466
mean B0=74.725 homogen=29162.816
mean B0=77.858 homogen=81568.2968
mean B0=78.1513 homogen=62445.3843
mean B0=79.8961 homogen=97649.5972
mean B0=71.2265 homogen=40816.1478
mean B0=79.1372 homogen=89460.7405
mean B0=69.9788 homogen=12907.8407
mean B0=65.5767 homogen=41873.4539
mean B0=79.9062 homogen=97864.8528
mean B0=74.4612 homogen=32984.8015
mean B0=78.1333 homogen=62212.9531
mean B0=64.4118 homogen=114649.4615
mean B0=72.4503 homogen=21335.636
mean B0=71.7286 homogen=27895.6008
mean B0=75.0219 homogen=52549.1796
mean B0=73.5604 homogen=31087.2397
    58 |     2320 |     40 |  0.000000E+00 |  0.000000E+00 |  0.0023485918 |             f
mean B0=78.132 homogen=62227.9011
mean B0=57.7727 homogen=214331.8621
mean B0=74.8346 homogen=24486.9157
mean B0=75.776 homogen=31737.9295
mean B0=71.6914 homogen=22046.873
mean B0=73.0895 homogen=25676.4845
mean B0=74.2721 homogen=38174.7881
mean B0=64.7504 homogen=49153.1396
mean B0=79.5952 homogen=94111.4297
mean B0=74.6464 homogen=35033.0304
mean B0=72.6448 homogen=22511.222
mean B0=74.4671 homogen=33086.324
mean B0=73.4268 homogen=29315.542
mean B0=77.511 homogen=59458.4293
mean B0=74.0792 homogen=37593.0156
mean B0=74.1676 homogen=108079.7477
mean B0=68.6354 homogen=10170.6534
mean B0=70.3908 homogen=22928.3756
mean B0=73.5177 homogen=31768.5263
mean B0=74.3387 homogen=41530.2721
mean B0=78.4304 homogen=65598.849
mean B0=72.5414 homogen=22073.2929
mean B0=76.0963 homogen=64999.839
mean B0=66.8166 homogen=138479.7692
mean B0=74.0627 homogen=25064.2266
mean B0=79.4078 homogen=84152.7476
mean B0=80.76 homogen=99836.2241
mean B0=80.7126 homogen=103445.5097
mean B0=75.7665 homogen=34024.8944
mean B0=71.9527 homogen=18999.6009
mean B0=74.2925 homogen=48622.7858
mean B0=79.2506 homogen=83092.8107
mean B0=73.0621 homogen=27365.44
mean B0=80.536 homogen=91785.7742
mean B0=51.8346 homogen=351707.4699
mean B0=70.0438 homogen=14086.7871
mean B0=80.442 homogen=102830.1257
mean B0=72.6772 homogen=20158.1643
mean B0=74.7657 homogen=75793.4324
mean B0=76.4053 homogen=70353.3432
    59 |     2360 |     40 |  0.000000E+00 |  0.000000E+00 |  0.0078088719 |             f
mean B0=79.4078 homogen=84152.7476
mean B0=70.3342 homogen=14268.1747
mean B0=73.3013 homogen=28503.8126
mean B0=75.0393 homogen=40249.3137
mean B0=76.7879 homogen=65363.4495
mean B0=80.5317 homogen=91828.8624
mean B0=75.0246 homogen=38671.7673
mean B0=74.723 homogen=35729.3926
mean B0=72.7103 homogen=29966.7474
mean B0=81.413 homogen=88731.008
mean B0=76.4265 homogen=42537.6938
mean B0=68.2751 homogen=9824.0272
mean B0=74.0571 homogen=24540.3619
mean B0=68.2407 homogen=8963.1808
mean B0=68.3927 homogen=9480.4102
mean B0=74.4671 homogen=33086.324
mean B0=80.912 homogen=108539.7401
mean B0=76.5945 homogen=70877.8789
mean B0=79.2506 homogen=83092.8107
mean B0=71.1871 homogen=21570.4514
mean B0=64.2253 homogen=6362.5906
mean B0=70.1449 homogen=14467.4652
mean B0=73.5604 homogen=31088.3559
mean B0=72.3271 homogen=21132.3884
mean B0=81.6928 homogen=91362.651
mean B0=71.9561 homogen=18966.2145
mean B0=78.1514 homogen=62453.4893
mean B0=75.061 homogen=39026.8918
mean B0=75.7608 homogen=44906.2514
mean B0=69.461 homogen=12106.9075
mean B0=76.3514 homogen=55330.6439
mean B0=59.6586 homogen=208104.2817
mean B0=76.5896 homogen=57648.3357
mean B0=72.6236 homogen=26911.5026
mean B0=71.1137 homogen=17538.9591
mean B0=74.4612 homogen=32984.8015
mean B0=73.0859 homogen=24024.6439
mean B0=73.2438 homogen=28173.8904
mean B0=74.5522 homogen=34450.2792
mean B0=81.9929 homogen=94881.539
    60 |     2400 |     40 |  0.000000E+00 |  0.000000E+00 |  0.0049308130 |             f
mean B0=79.7964 homogen=88450.6275
mean B0=50.1629 homogen=98624.2491
mean B0=70.6749 homogen=16038.9929
mean B0=72.4966 homogen=19633.0278
mean B0=70.3328 homogen=14264.7717
mean B0=63.4526 homogen=12448.3811
mean B0=68.0683 homogen=9171.0725
mean B0=63.9092 homogen=15899.6095
mean B0=79.6296 homogen=94894.6167
mean B0=72.8533 homogen=22844.3721
mean B0=75.8947 homogen=38747.8013
mean B0=71.1136 homogen=17540.3896
mean B0=80.0103 homogen=80838.6476
mean B0=71.9748 homogen=18827.1894
mean B0=77.8354 homogen=59105.4549
mean B0=57.5469 homogen=201899.6074
mean B0=73.9942 homogen=34841.2138
mean B0=42.9475 homogen=119043.6914
mean B0=73.6734 homogen=32162.7334
mean B0=76.3514 homogen=55330.6439
mean B0=77.0974 homogen=50444.5283
mean B0=69.901 homogen=9972.1363
mean B0=72.4836 homogen=21387.6034
mean B0=72.8959 homogen=26282.887
mean B0=77.3656 homogen=77851.8039
mean B0=80.145 homogen=78188.7319
mean B0=80.7357 homogen=99543.3394
mean B0=78.9811 homogen=79861.2611
mean B0=73.3036 homogen=24425.4769
mean B0=74.7479 homogen=36550.6128
mean B0=77.3591 homogen=63443.2271
mean B0=73.9123 homogen=233060.1335
mean B0=69.6645 homogen=25188.0839
mean B0=73.0711 homogen=25816.2709
mean B0=75.5773 homogen=44891.4819
mean B0=69.9476 homogen=20021.2189
mean B0=70.9677 homogen=14125.4529
mean B0=68.629 homogen=9545.8629
mean B0=79.5054 homogen=80629.7213
mean B0=72.8766 homogen=93832.4588
    61 |     2440 |     40 |  0.000000E+00 |  0.000000E+00 |  0.0074088989 |             f
mean B0=67.9988 homogen=14082.7891
mean B0=42.5743 homogen=97286.088
mean B0=79.7092 homogen=103505.9114
mean B0=76.7297 homogen=63542.7262
mean B0=72.8811 homogen=24640.6544
mean B0=77.7928 homogen=57775.5661
mean B0=80.7957 homogen=107804.8384
mean B0=79.8069 homogen=103894.01
mean B0=71.7079 homogen=21444.5731
mean B0=67.2933 homogen=12326.3924
mean B0=77.9652 homogen=69416.4266
mean B0=68.0789 homogen=9372.8507
mean B0=68.0373 homogen=9097.4083
mean B0=78.8572 homogen=66605.6359
mean B0=76.026 homogen=80180.8782
mean B0=78.6366 homogen=73115.5198
mean B0=76.2626 homogen=40508.1844
mean B0=67.1986 homogen=131390.1206
mean B0=80.756 homogen=99867.8773
mean B0=75.0285 homogen=38686.7302
mean B0=71.43 homogen=25801.2662
mean B0=67.9707 homogen=31861.6474
mean B0=78.3004 homogen=56297.4401
mean B0=76.3689 homogen=37161.9266
mean B0=73.5408 homogen=27714.499
mean B0=77.8354 homogen=59105.4549
mean B0=75.1696 homogen=41895.3606
mean B0=67.7448 homogen=15867.4558
mean B0=72.7787 homogen=18786.4597
mean B0=72.1376 homogen=38410.7469
mean B0=79.8086 homogen=78898.1479
mean B0=69.8933 homogen=10229.6071
mean B0=54.2669 homogen=275833.1622
mean B0=79.146 homogen=84976.1858
mean B0=70.123 homogen=8202.6505
mean B0=80.5309 homogen=92084.0219
mean B0=69.0978 homogen=10204.7856
mean B0=73.7245 homogen=26815.0457
mean B0=72.8564 homogen=22827.6595
mean B0=73.4251 homogen=29310.3142
    62 |     2480 |     40 |  0.000000E+00 |  0.000000E+00 |  0.0040098194 |             f
mean B0=75.1515 homogen=41613.5312
mean B0=75.7139 homogen=119482.554
mean B0=75.061 homogen=39026.8918
mean B0=75.0306 homogen=38741.0788
mean B0=76.2572 homogen=39167.5848
mean B0=68.4423 homogen=9880.3472
mean B0=78.2643 homogen=63714.8973
mean B0=72.1253 homogen=17522.2214
mean B0=78.2793 homogen=68686.9612
mean B0=57.1046 homogen=199410.3492
mean B0=78.1429 homogen=62107.8407
mean B0=73.4169 homogen=29451.9876
mean B0=73.7496 homogen=27898.9122
mean B0=74.9568 homogen=56772.0866
mean B0=73.2758 homogen=24721.8051
mean B0=48.0101 homogen=78112.0283
mean B0=80.2093 homogen=83817.8269
mean B0=72.7692 homogen=22896.6851
mean B0=72.9764 homogen=20514.0999
mean B0=66.3254 homogen=32003.7028
mean B0=80.7782 homogen=100075.5158
mean B0=69.098 homogen=13935.1199
mean B0=80.0473 homogen=91139.7604
mean B0=79.7914 homogen=88385.1667
mean B0=63.4298 homogen=13184.0717
mean B0=72.9706 homogen=27077.6596
mean B0=77.727 homogen=57020.2652
mean B0=73.3406 homogen=29771.8344
mean B0=78.1529 homogen=62332.1603
mean B0=68.5534 homogen=9965.205
mean B0=79.4959 homogen=80738.5393
mean B0=81.2829 homogen=104282.1777
mean B0=58.0558 homogen=225943.0015
mean B0=73.6441 homogen=25217.6941
mean B0=68.2546 homogen=15260.717
mean B0=76.4369 homogen=81874.2117
mean B0=78.1644 homogen=67242.8368
mean B0=78.5269 homogen=65521.4609
mean B0=76.9576 homogen=53685.6973
mean B0=75.2376 homogen=82861.9848
    63 |     2520 |     40 |  0.000000E+00 |  0.000000E+00 |  0.0038150755 |         ideal
mean B0=80.295 homogen=94498.9237
mean B0=80.1873 homogen=83622.9612
mean B0=74.7413 homogen=36498.4574
mean B0=78.1208 homogen=62045.511
mean B0=77.7289 homogen=57018.8466
mean B0=73.0522 homogen=21450.6885
mean B0=79.2617 homogen=103355.499
mean B0=49.5357 homogen=104364.3448
mean B0=62.6655 homogen=10646.5677
mean B0=80.7542 homogen=99785.6221
mean B0=68.5534 homogen=9965.205
mean B0=75.075 homogen=38833.6249
mean B0=73.9699 homogen=29648.458
mean B0=79.7963 homogen=88455.3988
mean B0=73.1138 homogen=17759.2668
mean B0=71.9404 homogen=25436.5392
mean B0=67.0896 homogen=8972.0138
mean B0=76.6797 homogen=58152.6403
mean B0=78.4659 homogen=78705.1137
mean B0=71.2717 homogen=14957.0818
mean B0=75.3791 homogen=39187.2855
mean B0=69.7725 homogen=29303.5604
mean B0=75.0315 homogen=38761.5127
mean B0=78.2858 homogen=63743.047
mean B0=77.0974 homogen=50444.5283
mean B0=79.9498 homogen=90133.1432
mean B0=67.1843 homogen=35907.196
mean B0=78.4638 homogen=66403.8135
mean B0=75.6115 homogen=28177.2923
mean B0=80.7604 homogen=99826.0984
mean B0=75.1515 homogen=41613.5312
mean B0=50.2176 homogen=97777.6117
mean B0=80.6167 homogen=97259.0812
mean B0=74.461 homogen=32980.0331
mean B0=72.7765 homogen=36939.2076
mean B0=49.9667 homogen=79305.7451
mean B0=68.0373 homogen=9097.4083
mean B0=61.4239 homogen=208735.4316
mean B0=65.1701 homogen=12698.9269
mean B0=73.7972 homogen=28472.904
    64 |     2560 |     40 |  0.000000E+00 |  0.000000E+00 |  0.0035499107 |             f
mean B0=73.1751 homogen=23536.4217
mean B0=68.5696 homogen=35757.5684
mean B0=74.8565 homogen=53415.6702
mean B0=80.3298 homogen=88458.9869
mean B0=64.9458 homogen=26762.4489
mean B0=71.7929 homogen=30062.4644
mean B0=71.8907 homogen=199363.0708
mean B0=68.6219 homogen=10118.4297
mean B0=72.9303 homogen=27269.7756
mean B0=73.7496 homogen=27898.9122
mean B0=66.734 homogen=40404.7478
mean B0=81.0172 homogen=97419.2622
mean B0=75.8218 homogen=54333.4031
mean B0=73.7245 homogen=26815.0457
mean B0=77.1423 homogen=83478.5753
mean B0=80.368 homogen=94368.2151
mean B0=70.633 homogen=189166.4737
mean B0=78.2952 homogen=72004.2897
mean B0=78.4474 homogen=66162.2694
mean B0=77.6253 homogen=72447.3376
mean B0=72.8834 homogen=18775.0244
mean B0=65.6951 homogen=275984.5651
mean B0=75.1182 homogen=39815.4697
mean B0=74.8013 homogen=28859.3355
mean B0=65.9408 homogen=34874.8147
mean B0=45.7269 homogen=156033.0477
mean B0=80.2218 homogen=87516.77
mean B0=70.3868 homogen=12994.183
mean B0=73.5024 homogen=49451.224
mean B0=81.2829 homogen=104282.1777
mean B0=77.45 homogen=78528.6958
mean B0=80.2991 homogen=94448.6584
mean B0=80.7073 homogen=91539.0302
mean B0=71.2717 homogen=14957.0818
mean B0=67.3981 homogen=49361.8658
mean B0=73.3456 homogen=18972.3886
mean B0=77.7152 homogen=57063.6599
mean B0=64.4147 homogen=14987.8585
mean B0=78.9696 homogen=74633.5205
mean B0=71.7158 homogen=26244.3764
    65 |     2600 |     40 |  0.000000E+00 |  0.000000E+00 |  0.0040513076 |             f
mean B0=73.0344 homogen=31582.1124
mean B0=64.2253 homogen=6362.5906
mean B0=72.5753 homogen=32608.2256
mean B0=77.7375 homogen=57003.2865
mean B0=63.8857 homogen=21366.2697
mean B0=78.9233 homogen=67021.5718
mean B0=72.0791 homogen=17445.8846
mean B0=76.7012 homogen=58512.3389
mean B0=71.1727 homogen=14679.8187
mean B0=75.3043 homogen=28523.8825
mean B0=64.4098 homogen=94961.0713
mean B0=71.0422 homogen=214450.0738
mean B0=72.0467 homogen=14573.2888
mean B0=69.4609 homogen=9641.3534
mean B0=70.3882 homogen=12991.8973
mean B0=78.6311 homogen=72891.3982
mean B0=70.9134 homogen=15608.9075
mean B0=79.2284 homogen=83602.6665
mean B0=48.7943 homogen=111760.3227
mean B0=71.3727 homogen=23622.3921
mean B0=72.3764 homogen=35747.5043
mean B0=68.0373 homogen=9097.4083
mean B0=68.1626 homogen=9265.3897
mean B0=64.9695 homogen=118851.8667
mean B0=48.8952 homogen=111892.795
mean B0=80.2026 homogen=96903.9451
mean B0=73.3941 homogen=19098.184
mean B0=81.4891 homogen=74442.4245
mean B0=62.6562 homogen=262208.3406
mean B0=73.1728 homogen=20416.6438
mean B0=74.4978 homogen=97073.5104
mean B0=71.6039 homogen=13635.8606
mean B0=77.5462 homogen=57439.76
mean B0=76.9456 homogen=61877.4643
mean B0=67.0881 homogen=8966.0198
mean B0=81.0237 homogen=97641.6428
mean B0=80.2239 homogen=87537.7524
mean B0=73.9517 homogen=25115.3439
mean B0=81.5167 homogen=93582.9273
mean B0=80.1872 homogen=83624.2131
    66 |     2640 |     40 |  0.000000E+00 |  0.000000E+00 |  0.0010146171 |             f
mean B0=71.3845 homogen=13531.6234
mean B0=73.162 homogen=36158.7186
mean B0=71.4526 homogen=15524.5771
mean B0=77.2472 homogen=71474.9135
mean B0=69.5683 homogen=58150.9798
mean B0=81.605 homogen=86314.9034
mean B0=79.2563 homogen=80514.5578
mean B0=72.1407 homogen=17558.9398
mean B0=70.3194 homogen=12494.8403
mean B0=71.5328 homogen=19335.5633
mean B0=79.9642 homogen=59089.8928
mean B0=64.9728 homogen=118880.0309
mean B0=68.0869 homogen=11585.3984
mean B0=78.8279 homogen=62569.8935
mean B0=76.9417 homogen=61845.8337
mean B0=76.9118 homogen=61306.744
mean B0=81.2828 homogen=104283.478
mean B0=77.9774 homogen=60674.432
mean B0=80.536 homogen=91785.6449
mean B0=67.1351 homogen=9101.1754
mean B0=73.5166 homogen=25813.729
mean B0=81.084 homogen=98283.0926
mean B0=78.0411 homogen=60805.1038
mean B0=67.4635 homogen=14794.5255
mean B0=71.0912 homogen=19453.3812
mean B0=63.0918 homogen=9489.9059
mean B0=70.5529 homogen=19412.0291
mean B0=70.3835 homogen=12984.2265
mean B0=71.6638 homogen=13865.2039
mean B0=77.1469 homogen=87788.2256
mean B0=71.3647 homogen=13854.3283
mean B0=78.6704 homogen=77867.5289
mean B0=71.8779 homogen=19677.7756
mean B0=81.1014 homogen=89462.5304
mean B0=82.2103 homogen=97374.8114
mean B0=82.0238 homogen=95774.3902
mean B0=73.394 homogen=19099.4468
mean B0=80.4061 homogen=94720.2776
mean B0=78.6311 homogen=72891.9187
mean B0=55.3287 homogen=203389.0899
    67 |     2680 |     31 |  0.000000E+00 |  0.000000E+00 |  0.0070738364 |             f
mean B0=69.7399 homogen=25556.5888
mean B0=45.2986 homogen=120253.0046
mean B0=75.6111 homogen=28171.8392
mean B0=64.7717 homogen=18184.092
mean B0=73.4714 homogen=31277.9463
mean B0=71.5015 homogen=15664.3329
mean B0=69.115 homogen=10457.1382
mean B0=67.5875 homogen=10004.9295
mean B0=76.2595 homogen=66213.6764
mean B0=78.9632 homogen=86678.5595
mean B0=65.3537 homogen=35025.9571
mean B0=66.6786 homogen=12851.5334
mean B0=73.382 homogen=21683.2881
mean B0=62.3432 homogen=102133.1702
mean B0=73.346 homogen=18972.1251
mean B0=81.2828 homogen=104283.478
mean B0=74.2455 homogen=76230.3264
mean B0=68.6438 homogen=24092.9885
mean B0=69.7161 homogen=13044.758
mean B0=72.218 homogen=16921.8851
mean B0=70.4013 homogen=14668.9167
mean B0=71.0817 homogen=14425.8723
mean B0=79.5054 homogen=80633.6129
mean B0=64.7838 homogen=119176.9766
mean B0=71.785 homogen=103270.2542
mean B0=73.3409 homogen=18891.9294
mean B0=72.943 homogen=16743.3521
mean B0=72.9542 homogen=18323.8271
mean B0=73.5166 homogen=25813.729
mean B0=83.443 homogen=107057.7496
mean B0=76.0471 homogen=85087.9338
mean B0=77.1568 homogen=90379.9433
mean B0=77.8299 homogen=58701.9844
mean B0=75.9505 homogen=71852.3481
mean B0=73.9518 homogen=25125.5019
mean B0=77.8354 homogen=59105.4549
mean B0=72.7052 homogen=21173.9199
mean B0=70.3879 homogen=10733.7186
mean B0=68.8223 homogen=9340.6268
mean B0=77.0974 homogen=50445.537
    68 |     2720 |     35 |  0.000000E+00 |  0.000000E+00 |  0.0014617681 |             f
mean B0=80.8669 homogen=93769.783
mean B0=72.3141 homogen=18033.4603
mean B0=75.223 homogen=25722.7633
mean B0=78.302 homogen=56294.6882
mean B0=73.6053 homogen=19463.2284
mean B0=73.3392 homogen=18830.3312
mean B0=71.9125 homogen=17732.8982
mean B0=73.2654 homogen=20434.1346
mean B0=69.6274 homogen=11436.6802
mean B0=77.5105 homogen=55295.2299
mean B0=71.5015 homogen=15664.3329
mean B0=69.0677 homogen=14446.4781
mean B0=79.0345 homogen=64372.5016
mean B0=72.7038 homogen=12653.5248
mean B0=79.049 homogen=63913.8251
mean B0=74.764 homogen=24205.0375
mean B0=67.6143 homogen=10394.452
mean B0=66.6741 homogen=7789.6929
mean B0=81.1014 homogen=89462.5304
mean B0=72.0625 homogen=17371.1411
mean B0=79.6853 homogen=82075.3712
mean B0=81.1532 homogen=101293.4794
mean B0=75.5839 homogen=77009.3216
mean B0=66.8326 homogen=12415.8431
mean B0=81.3673 homogen=105219.0881
mean B0=75.6047 homogen=28105.3421
mean B0=64.2051 homogen=9259.6688
mean B0=77.0826 homogen=48004.4979
mean B0=76.0174 homogen=26435.5325
mean B0=70.002 homogen=9997.0704
mean B0=67.0896 homogen=8972.0138
mean B0=72.1948 homogen=78350.0674
mean B0=69.1835 homogen=12231.3132
mean B0=69.3189 homogen=10217.7549
mean B0=69.1052 homogen=10441.8576
mean B0=81.6754 homogen=108204.523
mean B0=73.4378 homogen=22905.6781
mean B0=80.3655 homogen=60622.6838
mean B0=54.9667 homogen=204661.6422
mean B0=68.9191 homogen=28407.7029
    69 |     2760 |     40 |  0.000000E+00 |  0.000000E+00 |  0.0224939006 |         ideal
mean B0=80.6578 homogen=105563.691
mean B0=70.5814 homogen=12709.7268
mean B0=70.5671 homogen=27898.2163
mean B0=78.7742 homogen=66541.3291
mean B0=68.0493 homogen=9123.325
mean B0=69.1497 homogen=34531.4997
mean B0=71.5108 homogen=15614.7037
mean B0=72.7227 homogen=28898.5089
mean B0=82.1661 homogen=85957.4567
mean B0=72.4372 homogen=27343.4728
mean B0=73.5875 homogen=41156.1803
mean B0=74.9746 homogen=23000.1826
mean B0=77.4772 homogen=44922.3171
mean B0=75.5492 homogen=28046.7201
mean B0=80.2747 homogen=59727.44
mean B0=72.2955 homogen=18052.378
mean B0=73.4172 homogen=21368.8303
mean B0=75.0453 homogen=26275.5762
mean B0=81.1532 homogen=101293.1172
mean B0=69.4174 homogen=51754.4764
mean B0=62.4141 homogen=115804.7398
mean B0=67.8928 homogen=10323.7341
mean B0=65.093 homogen=16707.4219
mean B0=82.2922 homogen=80635.4214
mean B0=52.5571 homogen=65985.1898
mean B0=79.4344 homogen=71218.1698
mean B0=71.4439 homogen=15585.1961
mean B0=67.7424 homogen=13069.6723
mean B0=68.5879 homogen=44105.8939
mean B0=74.4228 homogen=26047.8737
mean B0=78.6142 homogen=74909.9902
mean B0=79.3708 homogen=84915.2552
mean B0=70.5233 homogen=10955.1572
mean B0=64.1125 homogen=6919.9872
mean B0=68.9345 homogen=9687.0434
mean B0=66.6126 homogen=28216.5842
mean B0=79.184 homogen=66099.313
mean B0=71.3271 homogen=16426.9577
mean B0=82.4595 homogen=103806.765
mean B0=81.2721 homogen=86666.9619
    70 |     2800 |     39 |  0.000000E+00 |  0.000000E+00 |  0.0273528257 |         ideal
mean B0=71.9018 homogen=16620.7711
mean B0=76.2677 homogen=60705.8509
mean B0=73.5406 homogen=62753.9518
mean B0=78.917 homogen=51093.7149
mean B0=73.3745 homogen=24736.0252
mean B0=74.038 homogen=23621.8258
mean B0=70.6414 homogen=18785.9342
mean B0=73.3941 homogen=19098.184
mean B0=71.4404 homogen=17137.9548
mean B0=71.1904 homogen=12178.6258
mean B0=73.0422 homogen=22837.5569
mean B0=63.717 homogen=124583.0472
mean B0=71.5948 homogen=14110.4947
mean B0=68.17 homogen=9284.508
mean B0=71.7232 homogen=17133.3332
mean B0=68.0495 homogen=9125.2439
mean B0=70.3505 homogen=12249.5164
mean B0=68.8582 homogen=12972.8381
mean B0=64.2443 homogen=243206.2224
mean B0=67.8205 homogen=8498.3004
mean B0=70.1582 homogen=10106.5517
mean B0=54.8584 homogen=191789.3907
mean B0=67.2345 homogen=22393.1779
mean B0=78.5316 homogen=63041.8103
mean B0=75.381 homogen=96861.2265
mean B0=79.1402 homogen=65215.1836
mean B0=73.7611 homogen=27474.2119
mean B0=75.6047 homogen=28105.3421
mean B0=67.8132 homogen=12570.8682
mean B0=73.9644 homogen=22607.3823
mean B0=47.8395 homogen=109842.0194
mean B0=77.041 homogen=60021.3931
mean B0=72.1026 homogen=17380.1803
mean B0=80.2635 homogen=59629.5002
mean B0=71.6932 homogen=13976.969
mean B0=68.0373 homogen=9099.6312
mean B0=64.1639 homogen=8228.0851
mean B0=77.3024 homogen=81493.6557
mean B0=75.8634 homogen=43904.7964
mean B0=68.6794 homogen=24364.7616
    71 |     2840 |     40 |  0.000000E+00 |  0.000000E+00 |  0.0074492703 |             f
mean B0=79.9792 homogen=74594.1459
mean B0=70.5504 homogen=13103.437
mean B0=69.8262 homogen=9744.7699
mean B0=67.8283 homogen=11357.2062
mean B0=73.3106 homogen=22886.4456
mean B0=64.7728 homogen=6584.0786
mean B0=77.0681 homogen=47925.3509
mean B0=73.0728 homogen=17150.2904
mean B0=46.445 homogen=127552.9914
mean B0=70.2194 homogen=14312.4478
mean B0=72.2938 homogen=18802.819
mean B0=73.5488 homogen=21721.2441
mean B0=77.097 homogen=50445.4621
mean B0=80.6504 homogen=60927.4049
mean B0=76.2255 homogen=31047.2796
mean B0=71.1524 homogen=14829.0005
mean B0=61.9862 homogen=19943.1705
mean B0=62.8659 homogen=125106.1035
mean B0=75.6114 homogen=28177.442
mean B0=73.1533 homogen=22725.5761
mean B0=75.5173 homogen=27595.9172
mean B0=72.0708 homogen=14680.2677
mean B0=68.6581 homogen=10241.3553
mean B0=73.5707 homogen=62594.8699
mean B0=69.6628 homogen=13470.4156
mean B0=73.4096 homogen=22531.3851
mean B0=67.6177 homogen=12804.9218
mean B0=69.5605 homogen=11093.2077
mean B0=70.65 homogen=196898.482
mean B0=81.468 homogen=65539.6776
mean B0=75.9673 homogen=52315.3747
mean B0=71.1157 homogen=11830.8444
mean B0=73.3941 homogen=19098.184
mean B0=76.6522 homogen=45261.6121
mean B0=76.1845 homogen=40508.7732
mean B0=71.3309 homogen=13427.9005
mean B0=73.9534 homogen=42416.7211
mean B0=72.2353 homogen=13379.8369
mean B0=73.4172 homogen=21368.9848
mean B0=69.4567 homogen=11867.8254
    72 |     2880 |     40 |  0.000000E+00 |  0.000000E+00 |  0.0033036308 |             f
mean B0=77.2308 homogen=65944.4174
mean B0=72.9092 homogen=23964.1078
mean B0=82.3158 homogen=81561.2557
mean B0=73.9168 homogen=21416.4961
mean B0=76.681 homogen=45308.169
mean B0=74.764 homogen=24203.7786
mean B0=80.467 homogen=60990.8392
mean B0=69.8234 homogen=9745.3818
mean B0=69.49 homogen=10755.4348
mean B0=82.161 homogen=85780.2525
mean B0=71.179 homogen=20910.8822
mean B0=71.3393 homogen=13428.3827
mean B0=71.0622 homogen=21731.6745
mean B0=79.0638 homogen=55654.6868
mean B0=75.6953 homogen=28143.7708
mean B0=72.4133 homogen=19028.9774
mean B0=71.2876 homogen=14669.2888
mean B0=70.1583 homogen=10105.4691
mean B0=76.2255 homogen=31047.2796
mean B0=70.3172 homogen=58336.3042
mean B0=57.9669 homogen=172360.5247
mean B0=77.652 homogen=53707.1731
mean B0=61.8555 homogen=32838.1574
mean B0=71.8138 homogen=15809.891
mean B0=80.3281 homogen=60277.0248
mean B0=73.4172 homogen=21368.7029
mean B0=74.1922 homogen=23905.8747
mean B0=67.0772 homogen=6398.4865
mean B0=71.5487 homogen=16213.7296
mean B0=68.041 homogen=9206.2879
mean B0=71.6366 homogen=17841.1357
mean B0=68.9943 homogen=28575.6031
mean B0=72.6751 homogen=17555.8842
mean B0=66.4516 homogen=27627.2001
mean B0=66.0592 homogen=21212.6113
mean B0=74.9528 homogen=49644.1715
mean B0=67.868 homogen=10939.8514
mean B0=71.9013 homogen=16623.8023
mean B0=73.3392 homogen=18830.3312
mean B0=72.2979 homogen=102003.069
    73 |     2920 |     40 |  0.000000E+00 |  0.000000E+00 |  0.0030214686 |             f
mean B0=73.4172 homogen=21369.1607
mean B0=73.8652 homogen=34701.1035
mean B0=72.7927 homogen=44369.5644
mean B0=53.987 homogen=66466.3769
mean B0=69.8277 homogen=9746.6019
mean B0=74.7516 homogen=24040.4693
mean B0=70.5919 homogen=13579.5111
mean B0=77.2255 homogen=82747.693
mean B0=79.8493 homogen=97723.4986
mean B0=71.0717 homogen=16784.6745
mean B0=70.796 homogen=12634.6478
mean B0=71.6125 homogen=44191.8292
mean B0=73.5619 homogen=19851.5114
mean B0=76.8138 homogen=62165.7174
mean B0=73.6068 homogen=23805.6647
mean B0=77.1226 homogen=51033.3976
mean B0=75.6945 homogen=28148.411
mean B0=62.6623 homogen=18492.2247
mean B0=73.1633 homogen=19560.3986
mean B0=79.2558 homogen=66477.4514
mean B0=77.0825 homogen=48005.2233
mean B0=73.3425 homogen=22042.5384
mean B0=70.4168 homogen=31315.3557
mean B0=75.7703 homogen=28530.0237
mean B0=64.0709 homogen=7782.2046
mean B0=75.5289 homogen=27748.9712
mean B0=65.1159 homogen=22906.1506
mean B0=73.0229 homogen=19735.8148
mean B0=64.3352 homogen=67854.3786
mean B0=72.505 homogen=14270.1973
mean B0=71.6 homogen=15174.7198
mean B0=79.4489 homogen=75365.7495
mean B0=79.5402 homogen=61298.8016
mean B0=74.2412 homogen=19003.4903
mean B0=44.0609 homogen=100496.7153
mean B0=73.7127 homogen=20777.1558
mean B0=76.6534 homogen=45248.4537
mean B0=79.0571 homogen=68615.5597
mean B0=73.4254 homogen=19277.223
mean B0=71.4037 homogen=26814.58
    74 |     2960 |     40 |  0.000000E+00 |  0.000000E+00 |  0.0010721106 |             f
mean B0=64.7547 homogen=282817.3585
mean B0=78.1866 homogen=57267.1596
mean B0=71.9389 homogen=27203.8053
mean B0=62.5912 homogen=174138.6856
mean B0=76.6534 homogen=45248.4152
mean B0=63.4609 homogen=12298.4904
mean B0=59.3687 homogen=191733.3093
mean B0=68.8795 homogen=9437.8531
mean B0=70.7961 homogen=12636.6532
mean B0=79.3014 homogen=68916.2122
mean B0=73.3913 homogen=19626.1686
mean B0=71.2546 homogen=36388.9669
mean B0=57.4823 homogen=172714.2514
mean B0=75.5233 homogen=27617.9101
mean B0=72.3079 homogen=13085.5781
mean B0=74.764 homogen=24203.7786
mean B0=80.6084 homogen=60529.1662
mean B0=74.0254 homogen=21539.8312
mean B0=69.5074 homogen=10682.8862
mean B0=81.4156 homogen=78464.2358
mean B0=64.7113 homogen=19812.1037
mean B0=73.19 homogen=22504.0316
mean B0=75.6681 homogen=27954.2703
mean B0=80.6065 homogen=76806.472
mean B0=75.7703 homogen=28530.3726
mean B0=69.2184 homogen=8701.2105
mean B0=61.1883 homogen=195009.5186
mean B0=72.8941 homogen=18197.4313
mean B0=71.3305 homogen=13428.8754
mean B0=70.2508 homogen=23800.8331
mean B0=71.1834 homogen=14060.8684
mean B0=72.3109 homogen=26291.0429
mean B0=67.3555 homogen=33389.4897
mean B0=73.3867 homogen=19071.8715
mean B0=69.2238 homogen=10742.4526
mean B0=77.0681 homogen=47925.3509
mean B0=74.0006 homogen=22814.9909
mean B0=72.7975 homogen=21379.3667
mean B0=78.2432 homogen=54133.8794
mean B0=71.3609 homogen=40624.5614
    75 |     3000 |     40 |  0.000000E+00 |  0.000000E+00 |  0.0037501770 |             f
mean B0=83.9109 homogen=84725.8435
mean B0=77.0681 homogen=47925.3509
mean B0=80.2112 homogen=55411.8291
mean B0=69.8019 homogen=16507.9305
mean B0=75.3056 homogen=26503.2113
mean B0=72.9503 homogen=18355.1563
mean B0=73.0029 homogen=26467.2939
mean B0=81.4312 homogen=78611.3
mean B0=66.5209 homogen=126981.0334
mean B0=77.0598 homogen=73796.0529
mean B0=73.9313 homogen=27696.2285
mean B0=65.1717 homogen=119286.1129
mean B0=75.7483 homogen=28363.1419
mean B0=73.2394 homogen=60839.3739
mean B0=71.0359 homogen=15807.8602
mean B0=72.6994 homogen=15800.4708
mean B0=79.0006 homogen=68348.9566
mean B0=80.1201 homogen=56811.6302
mean B0=81.3629 homogen=82522.4774
mean B0=67.7067 homogen=37708.4222
mean B0=75.5663 homogen=28055.1534
mean B0=76.681 homogen=45308.169
mean B0=68.3014 homogen=28360.8364
mean B0=68.8818 homogen=17367.9287
mean B0=77.0971 homogen=50434.8055
mean B0=76.237 homogen=31046.9641
mean B0=74.431 homogen=29358.7438
mean B0=80.2456 homogen=59457.4041
mean B0=71.9018 homogen=16620.7711
mean B0=71.5761 homogen=35375.3788
mean B0=71.6143 homogen=12260.8146
mean B0=70.8258 homogen=15710.3839
mean B0=73.2081 homogen=23087.9878
mean B0=67.2795 homogen=21659.8431
mean B0=71.1839 homogen=13454.8849
mean B0=69.5621 homogen=11096.7609
mean B0=65.8219 homogen=34424.7574
mean B0=79.5238 homogen=59765.2421
mean B0=67.8804 homogen=8697.0398
mean B0=67.4183 homogen=37183.9189
    76 |     3040 |     40 |  0.000000E+00 |  0.000000E+00 |  0.0886347155 |         ideal
mean B0=59.1909 homogen=56431.3575
mean B0=73.2094 homogen=23216.2462
mean B0=70.7668 homogen=10435.6719
mean B0=74.764 homogen=24197.6353
mean B0=71.7144 homogen=31968.0257
mean B0=75.7733 homogen=28536.2911
mean B0=58.9942 homogen=269761.6894
mean B0=70.4809 homogen=48115.5401
mean B0=70.953 homogen=22008.4175
mean B0=74.0254 homogen=21539.8312
mean B0=69.9748 homogen=10702.791
mean B0=76.4001 homogen=40250.202
mean B0=72.7049 homogen=17625.0703
mean B0=81.4156 homogen=78464.2358
mean B0=69.317 homogen=20236.2556
mean B0=79.559 homogen=60484.6308
mean B0=64.6451 homogen=20462.6523
mean B0=79.225 homogen=60711.5525
mean B0=72.6272 homogen=21857.1272
mean B0=83.9725 homogen=84709.2543
mean B0=75.5005 homogen=95146.4146
mean B0=77.835 homogen=58078.5105
mean B0=71.9781 homogen=14151.9794
mean B0=76.6815 homogen=45307.6994
mean B0=76.612 homogen=86461.6202
mean B0=75.303 homogen=26488.5476
mean B0=71.3611 homogen=30565.1169
mean B0=61.9761 homogen=268423.2483
mean B0=52.3229 homogen=302583.1101
mean B0=67.0772 homogen=6398.4865
mean B0=73.9529 homogen=21976.8658
mean B0=79.7817 homogen=66579.4215
mean B0=71.5671 homogen=14269.78
mean B0=61.6011 homogen=204709.7486
mean B0=66.8046 homogen=26246.9779
mean B0=79.6214 homogen=53003.9848
mean B0=72.4987 homogen=20826.7294
mean B0=77.1868 homogen=42575.9526
mean B0=71.5941 homogen=14090.7468
mean B0=77.0433 homogen=50615.5234
    77 |     3080 |     40 |  0.000000E+00 |  0.000000E+00 |  0.0031168527 |         ideal
mean B0=75.6071 homogen=28054.9023
mean B0=71.3085 homogen=24046.044
mean B0=78.917 homogen=51093.7149
mean B0=81.5779 homogen=76619.3012
mean B0=65.0155 homogen=23747.0615
mean B0=67.8205 homogen=8498.325
mean B0=70.2439 homogen=53641.7152
mean B0=68.3908 homogen=12300.4877
mean B0=81.7606 homogen=81071.6204
mean B0=71.5948 homogen=14110.4947
mean B0=66.4554 homogen=7270.0047
mean B0=78.2405 homogen=64032.4898
mean B0=75.7442 homogen=28266.6813
mean B0=74.0254 homogen=21539.8312
mean B0=76.2308 homogen=70908.7578
mean B0=74.0796 homogen=23347.0697
mean B0=79.6213 homogen=53006.9774
mean B0=76.0169 homogen=29760.3347
mean B0=77.1019 homogen=72599.7387
mean B0=70.4346 homogen=10307.4365
mean B0=80.4364 homogen=59931.7302
mean B0=75.0975 homogen=34390.8068
mean B0=76.4001 homogen=40250.202
mean B0=74.3507 homogen=33018.5031
mean B0=69.0129 homogen=13231.2559
mean B0=71.3309 homogen=13428.0252
mean B0=72.4303 homogen=197752.4102
mean B0=76.0017 homogen=56572.2129
mean B0=76.3304 homogen=43237.123
mean B0=70.5233 homogen=10955.1572
mean B0=72.522 homogen=15139.9283
mean B0=67.8096 homogen=13928.0573
mean B0=75.3326 homogen=26769.6782
mean B0=76.6815 homogen=45307.6994
mean B0=73.6648 homogen=25044.2392
mean B0=47.6845 homogen=112759.7543
mean B0=83.9724 homogen=84709.7915
mean B0=67.553 homogen=21457.2639
mean B0=70.2961 homogen=49801.047
mean B0=45.3192 homogen=123516.1189
    78 |     3120 |     40 |  0.000000E+00 |  0.000000E+00 |  0.0025499922 |             f
mean B0=79.2187 homogen=51735.3392
mean B0=74.6618 homogen=23633.3896
mean B0=76.2333 homogen=31239.9633
mean B0=64.4991 homogen=25585.3441
mean B0=76.0634 homogen=30079.4399
mean B0=58.2379 homogen=219390.593
mean B0=69.8402 homogen=9623.0229
mean B0=70.8062 homogen=12675.0891
mean B0=82.2683 homogen=86327.6269
mean B0=80.2456 homogen=59457.4041
mean B0=73.1784 homogen=35609.7659
mean B0=71.3297 homogen=13404.3229
mean B0=80.7986 homogen=81227.4693
mean B0=67.8788 homogen=8362.6412
mean B0=70.7837 homogen=12879.7726
mean B0=74.1922 homogen=23905.8747
mean B0=72.9901 homogen=19970.9882
mean B0=67.522 homogen=37303.4774
mean B0=76.2067 homogen=59970.9167
mean B0=80.1201 homogen=56813.9805
mean B0=77.4987 homogen=52385.3325
mean B0=76.5227 homogen=40345.7872
mean B0=68.9343 homogen=28176.4291
mean B0=74.5514 homogen=32503.615
mean B0=72.9401 homogen=18355.3572
mean B0=80.5313 homogen=60861.7415
mean B0=75.2893 homogen=26738.1029
mean B0=72.0931 homogen=17416.2224
mean B0=83.4455 homogen=79195.4908
mean B0=70.1583 homogen=10105.4691
mean B0=79.0864 homogen=69100.6473
mean B0=71.9031 homogen=16653.0556
mean B0=68.8188 homogen=10811.9073
mean B0=67.0234 homogen=6281.6992
mean B0=81.4662 homogen=63464.5123
mean B0=77.0681 homogen=47925.3509
mean B0=69.7804 homogen=11166.9384
mean B0=68.9876 homogen=14185.0447
mean B0=61.1883 homogen=195009.5186
mean B0=68.9344 homogen=9687.9665
    79 |     3160 |     40 |  0.000000E+00 |  0.000000E+00 |  0.1650874669 |         nadir
mean B0=70.3943 homogen=11890.3605
mean B0=79.131 homogen=52738.7928
mean B0=72.2528 homogen=15228.1299
mean B0=67.3407 homogen=8105.816
mean B0=66.797 homogen=6674.9283
mean B0=78.8805 homogen=60642.5043
mean B0=81.7413 homogen=79857.9551
mean B0=70.7961 homogen=12635.8024
mean B0=75.9319 homogen=29864.4564
mean B0=74.0222 homogen=21524.1943
mean B0=74.765 homogen=46609.7867
mean B0=72.1789 homogen=17150.4698
mean B0=68.7529 homogen=9131.5896
mean B0=76.3091 homogen=64586.002
mean B0=71.2191 homogen=12954.939
mean B0=62.243 homogen=227532.2402
mean B0=76.3143 homogen=31422.0923
mean B0=80.9627 homogen=54808.6814
mean B0=70.9703 homogen=15159.89
mean B0=80.2457 homogen=59442.2963
mean B0=75.2948 homogen=26257.3204
mean B0=83.2223 homogen=76655.1235
mean B0=75.181 homogen=40599.9939
mean B0=75.588 homogen=28017.9715
mean B0=67.9957 homogen=124682.9064
mean B0=79.2217 homogen=55101.8402
mean B0=72.6044 homogen=48650.8591
mean B0=72.1025 homogen=17384.334
mean B0=77.2201 homogen=46783.3591
mean B0=77.0717 homogen=47932.4073
mean B0=75.8842 homogen=25225.0837
mean B0=73.0987 homogen=19867.7722
mean B0=55.2934 homogen=65767.1192
mean B0=68.0334 homogen=30269.1673
mean B0=72.0127 homogen=17178.3843
mean B0=61.5463 homogen=238541.5984
mean B0=80.3558 homogen=59282.4565
mean B0=48.1385 homogen=144024.1806
mean B0=71.8484 homogen=19433.3028
mean B0=73.4253 homogen=19279.2873
    80 |     3200 |     40 |  0.000000E+00 |  0.000000E+00 |  0.0028120229 |             f
mean B0=74.692 homogen=29296.2083
mean B0=78.917 homogen=51091.3129
mean B0=75.6221 homogen=28139.6748
mean B0=77.2236 homogen=41516.7583
mean B0=76.3646 homogen=23998.5174
mean B0=74.7211 homogen=23921.3499
mean B0=81.5045 homogen=64432.4075
mean B0=42.7326 homogen=114068.172
mean B0=79.6214 homogen=53003.9848
mean B0=83.4455 homogen=79195.4908
mean B0=70.8187 homogen=12228.8588
mean B0=83.8974 homogen=83855.8011
mean B0=77.2203 homogen=46781.4964
mean B0=71.8049 homogen=16890.1482
mean B0=70.5352 homogen=13212.6358
mean B0=81.0759 homogen=61403.1067
mean B0=76.2368 homogen=31044.5159
mean B0=68.0095 homogen=8665.9887
mean B0=83.5111 homogen=79194.2425
mean B0=80.1374 homogen=57060.9531
mean B0=72.1212 homogen=25875.5835
mean B0=76.5227 homogen=40346.0278
mean B0=76.0017 homogen=29679.5662
mean B0=72.7321 homogen=18075.9522
mean B0=71.6571 homogen=15157.6925
mean B0=69.4597 homogen=30960.2251
mean B0=47.3614 homogen=142759.027
mean B0=79.6956 homogen=73901.121
mean B0=67.0234 homogen=6281.6992
mean B0=73.7127 homogen=20777.1558
mean B0=71.5922 homogen=14096.7797
mean B0=69.9008 homogen=9786.7851
mean B0=61.1143 homogen=199355.5644
mean B0=69.1458 homogen=16304.0649
mean B0=71.2275 homogen=17154.1672
mean B0=68.0922 homogen=11732.0497
mean B0=81.5784 homogen=76617.173
mean B0=66.9484 homogen=6158.9802
mean B0=76.0036 homogen=29568.0909
mean B0=81.1862 homogen=53436.0291
    81 |     3240 |     40 |  0.000000E+00 |  0.000000E+00 |  0.0044082371 |         nadir
mean B0=65.4286 homogen=33081.9333
mean B0=63.726 homogen=192315.8888
mean B0=73.4586 homogen=19046.2489
mean B0=76.4664 homogen=91008.796
mean B0=75.4822 homogen=29011.4795
mean B0=75.6221 homogen=28139.6748
mean B0=70.0826 homogen=14722.9593
mean B0=76.6817 homogen=42556.3529
mean B0=70.6124 homogen=12222.1378
mean B0=81.4939 homogen=81552.9678
mean B0=83.7123 homogen=81088.5926
mean B0=74.3319 homogen=26212.1731
mean B0=83.1865 homogen=77042.4932
mean B0=73.4985 homogen=19138.5411
mean B0=66.8995 homogen=6075.68
mean B0=76.2029 homogen=31164.8139
mean B0=33.6487 homogen=196639.6511
mean B0=74.2071 homogen=18715.2508
mean B0=80.0872 homogen=58733.4514
mean B0=76.571 homogen=33147.4507
mean B0=82.6309 homogen=78528.4938
mean B0=77.2236 homogen=41516.7583
mean B0=83.9301 homogen=85542.1395
mean B0=66.484 homogen=84815.3233
mean B0=54.9641 homogen=233155.8486
mean B0=74.0254 homogen=21539.8312
mean B0=71.8491 homogen=59628.598
mean B0=79.8371 homogen=54645.1809
mean B0=80.9431 homogen=60084.6398
mean B0=82.0098 homogen=59606.6667
mean B0=68.6484 homogen=9009.0352
mean B0=68.8618 homogen=14827.6189
mean B0=69.8774 homogen=9743.7814
mean B0=71.6566 homogen=16260.3219
mean B0=45.7939 homogen=116782.2117
mean B0=74.77 homogen=23851.7098
mean B0=69.2564 homogen=9322.0336
mean B0=74.2089 homogen=27524.6327
mean B0=72.8793 homogen=18241.6834
mean B0=68.2138 homogen=19550.333
    82 |     3280 |     40 |  0.000000E+00 |  0.000000E+00 |  0.0028631243 |         nadir
mean B0=69.0302 homogen=15445.7938
mean B0=68.6829 homogen=9653.5553
mean B0=74.8543 homogen=24030.5052
mean B0=79.9196 homogen=55058.124
mean B0=66.7806 homogen=22907.1394
mean B0=67.7717 homogen=34244.5765
mean B0=83.6685 homogen=85717.7941
mean B0=81.0549 homogen=65947.7245
mean B0=78.2169 homogen=67894.8261
mean B0=83.1475 homogen=69940.3089
mean B0=77.6569 homogen=33407.8805
mean B0=80.3558 homogen=59282.4565
mean B0=69.4539 homogen=55877.1064
mean B0=70.622 homogen=40307.1576
mean B0=75.3032 homogen=26499.6637
mean B0=82.4891 homogen=78570.8449
mean B0=73.8581 homogen=19869.745
mean B0=84.6187 homogen=97241.6881
mean B0=65.5557 homogen=113141.1947
mean B0=72.2544 homogen=19953.1406
mean B0=70.7692 homogen=19627.9946
mean B0=73.2099 homogen=23286.1743
mean B0=81.4813 homogen=76739.6687
mean B0=69.8425 homogen=9807.7792
mean B0=72.1984 homogen=20799.0842
mean B0=83.5169 homogen=79254.7262
mean B0=55.985 homogen=191192.6549
mean B0=76.2049 homogen=30441.3851
mean B0=61.6582 homogen=90023.0798
mean B0=79.4943 homogen=59953.5389
mean B0=69.8415 homogen=11907.4607
mean B0=77.2236 homogen=41516.7583
mean B0=75.8373 homogen=67364.1399
mean B0=71.6571 homogen=15157.6901
mean B0=80.6502 homogen=60929.5954
mean B0=73.9624 homogen=31861.9173
mean B0=76.0654 homogen=29309.9916
mean B0=72.969 homogen=18562.0457
mean B0=70.212 homogen=184235.4064
mean B0=71.0321 homogen=10798.0672
    83 |     3320 |     40 |  0.000000E+00 |  0.000000E+00 |  0.0364700398 |         ideal
mean B0=73.2134 homogen=27208.0707
mean B0=71.6365 homogen=16107.5025
mean B0=78.754 homogen=69526.7952
mean B0=73.1018 homogen=22697.1505
mean B0=70.2944 homogen=13260.0455
mean B0=72.5475 homogen=23045.2346
mean B0=70.8907 homogen=26255.3783
mean B0=83.9725 homogen=84708.6291
mean B0=75.5366 homogen=27217.0672
mean B0=75.3032 homogen=26497.31
mean B0=74.5845 homogen=22559.2285
mean B0=63.2211 homogen=27487.5161
mean B0=70.0204 homogen=53367.5788
mean B0=66.8336 homogen=5973.0508
mean B0=72.1115 homogen=16992.9928
mean B0=78.6862 homogen=47090.3449
mean B0=79.9413 homogen=46645.8026
mean B0=71.6449 homogen=16282.911
mean B0=81.0203 homogen=59913.8337
mean B0=74.4789 homogen=35624.0158
mean B0=79.5499 homogen=82663.9597
mean B0=73.7088 homogen=26798.4336
mean B0=84.8095 homogen=75610.9757
mean B0=67.198 homogen=32304.3546
mean B0=68.6926 homogen=13823.7447
mean B0=63.8493 homogen=272108.4714
mean B0=73.4986 homogen=19137.0281
mean B0=81.0544 homogen=65944.1867
mean B0=76.9094 homogen=26557.2582
mean B0=85.5971 homogen=86067.2215
mean B0=84.1676 homogen=86212.8348
mean B0=73.7786 homogen=37192.6706
mean B0=79.8278 homogen=69617.5454
mean B0=73.1068 homogen=18949.09
mean B0=71.2848 homogen=13106.5345
mean B0=82.0638 homogen=80719.8177
mean B0=66.9599 homogen=9569.2805
mean B0=70.999 homogen=13888.5846
mean B0=74.243 homogen=23958.0786
mean B0=75.5056 homogen=58964.0781
    84 |     3360 |     40 |  0.000000E+00 |  0.000000E+00 |  0.0037031999 |         nadir
mean B0=79.5906 homogen=68388.912
mean B0=71.4959 homogen=19500.8826
mean B0=73.8927 homogen=20512.6298
mean B0=70.9159 homogen=25190.0783
mean B0=78.8035 homogen=69171.6827
mean B0=79.8407 homogen=54650.4817
mean B0=74.8585 homogen=24056.4395
mean B0=70.5931 homogen=11052.969
mean B0=46.183 homogen=115860.2284
mean B0=74.5842 homogen=22559.3148
mean B0=81.2986 homogen=77005.7835
mean B0=79.3282 homogen=74866.8722
mean B0=79.2187 homogen=51735.3392
mean B0=74.2977 homogen=30181.1803
mean B0=80.6504 homogen=60927.4049
mean B0=83.5111 homogen=79190.6293
mean B0=74.6312 homogen=29765.4687
mean B0=84.2002 homogen=85975.4153
mean B0=73.9191 homogen=20403.4999
mean B0=67.462 homogen=10705.7768
mean B0=71.5387 homogen=59543.9495
mean B0=84.0901 homogen=84994.3592
mean B0=74.0809 homogen=27066.3392
mean B0=71.5638 homogen=28292.286
mean B0=66.8009 homogen=38675.5924
mean B0=75.3005 homogen=26493.3923
mean B0=83.8932 homogen=83818.2347
mean B0=76.4627 homogen=40044.9674
mean B0=71.5387 homogen=12370.1609
mean B0=83.2227 homogen=76655.7222
mean B0=79.1966 homogen=51757.6993
mean B0=68.0636 homogen=15659.377
mean B0=69.4442 homogen=31706.1464
mean B0=80.2943 homogen=88144.603
mean B0=72.1789 homogen=17150.4698
mean B0=74.0591 homogen=21395.8313
mean B0=71.6049 homogen=17917.8756
mean B0=81.0217 homogen=66168.6502
mean B0=68.0095 homogen=8665.9887
mean B0=68.0955 homogen=10796.1042
    85 |     3400 |     40 |  0.000000E+00 |  0.000000E+00 |  0.0004942086 |             f
mean B0=77.4411 homogen=66755.8105
mean B0=51.0427 homogen=100576.2763
mean B0=69.6922 homogen=32751.8814
mean B0=72.0259 homogen=33420.9783
mean B0=78.6862 homogen=47090.3449
mean B0=80.6551 homogen=80739.9394
mean B0=75.303 homogen=26488.5476
mean B0=57.0321 homogen=196165.0445
mean B0=66.3008 homogen=32561.295
mean B0=51.2363 homogen=111862.5691
mean B0=78.1386 homogen=37197.2465
mean B0=67.3508 homogen=10481.0108
mean B0=73.0692 homogen=17170.2295
mean B0=82.6209 homogen=78908.9743
mean B0=84.2002 homogen=85975.4153
mean B0=76.3827 homogen=31406.0003
mean B0=84.6178 homogen=97241.8838
mean B0=77.5431 homogen=44000.6392
mean B0=77.9575 homogen=43987.1929
mean B0=69.6429 homogen=24744.4044
mean B0=70.3027 homogen=41337.8438
mean B0=73.3944 homogen=41413.7462
mean B0=69.3304 homogen=12784.2281
mean B0=68.1443 homogen=12659.7489
mean B0=83.7123 homogen=81088.5926
mean B0=72.4778 homogen=25396.7933
mean B0=74.8585 homogen=24056.4395
mean B0=79.4528 homogen=63463.2642
mean B0=80.8723 homogen=70403.5194
mean B0=66.6695 homogen=6117.9124
mean B0=81.7793 homogen=80146.87
mean B0=71.1036 homogen=19876.8276
mean B0=69.113 homogen=15355.5806
mean B0=79.609 homogen=58199.5714
mean B0=73.4986 homogen=19137.0281
mean B0=71.8322 homogen=16575.9842
mean B0=73.8924 homogen=20507.3464
mean B0=76.7477 homogen=33062.97
mean B0=80.3186 homogen=62331.8448
mean B0=74.5845 homogen=22559.2285
    86 |     3440 |     40 |  0.000000E+00 |  0.000000E+00 |  0.0023295396 |             f
mean B0=72.7435 homogen=24785.4297
mean B0=76.7642 homogen=33158.5349
mean B0=73.7041 homogen=22251.4293
mean B0=82.6439 homogen=79227.9782
mean B0=50.5446 homogen=79262.987
mean B0=73.5014 homogen=19149.4325
mean B0=74.8585 homogen=24055.8843
mean B0=74.5443 homogen=22470.7778
mean B0=80.694 homogen=90805.6221
mean B0=81.0188 homogen=65803.119
mean B0=83.4129 homogen=67924.6766
mean B0=76.6773 homogen=41928.5398
mean B0=83.7123 homogen=81088.5926
mean B0=72.2701 homogen=13469.459
mean B0=76.6517 homogen=68819.3109
mean B0=67.3202 homogen=8354.2685
mean B0=76.6309 homogen=52858.5756
mean B0=76.0276 homogen=86621.1449
mean B0=72.7321 homogen=18075.9522
mean B0=84.6597 homogen=96443.9572
mean B0=78.4335 homogen=63455.0363
mean B0=60.8707 homogen=197253.4959
mean B0=78.1585 homogen=67771.5812
mean B0=75.3955 homogen=39862.616
mean B0=81.5163 homogen=76130.6726
mean B0=76.062 homogen=29295.4166
mean B0=84.2002 homogen=85975.2198
mean B0=81.1029 homogen=65951.3793
mean B0=71.628 homogen=27708.6353
mean B0=83.7532 homogen=81555.7711
mean B0=80.6683 homogen=58757.9514
mean B0=68.8313 homogen=11171.9854
mean B0=70.5233 homogen=10955.1572
mean B0=69.2661 homogen=10606.2911
mean B0=73.2626 homogen=54908.9098
mean B0=68.8628 homogen=9204.6684
mean B0=72.3134 homogen=27179.2901
mean B0=69.9406 homogen=60134.8385
mean B0=83.2223 homogen=76655.1235
mean B0=74.0268 homogen=21681.7775
    87 |     3480 |     40 |  0.000000E+00 |  0.000000E+00 |  0.0088175401 |         nadir
mean B0=69.1227 homogen=11806.7022
mean B0=70.7762 homogen=19211.7494
mean B0=68.0199 homogen=20940.6643
mean B0=81.5842 homogen=75487.2032
mean B0=63.3553 homogen=131681.5739
mean B0=80.6683 homogen=58758.3812
mean B0=80.5013 homogen=72442.376
mean B0=81.5784 homogen=76617.173
mean B0=69.1854 homogen=12262.019
mean B0=79.6068 homogen=52934.1512
mean B0=80.9734 homogen=95256.3358
mean B0=84.2002 homogen=85975.2198
mean B0=76.1216 homogen=29446.2585
mean B0=80.1304 homogen=64426.8405
mean B0=78.1488 homogen=61022.3723
mean B0=72.9054 homogen=18581.3127
mean B0=52.7739 homogen=325242.1181
mean B0=83.7659 homogen=81438.9138
mean B0=68.0972 homogen=11216.3278
mean B0=84.2007 homogen=85976.9419
mean B0=75.4612 homogen=31110.742
mean B0=69.3409 homogen=13206.336
mean B0=68.7446 homogen=21552.3877
mean B0=71.2323 homogen=13329.3797
mean B0=75.1369 homogen=22692.985
mean B0=78.6866 homogen=47097.6324
mean B0=73.5795 homogen=19659.4812
mean B0=76.3827 homogen=31406.0003
mean B0=71.0397 homogen=12889.0034
mean B0=79.1452 homogen=52792.4724
mean B0=74.1634 homogen=26661.663
mean B0=81.0188 homogen=65803.119
mean B0=79.7721 homogen=54474.8548
mean B0=71.2468 homogen=50228.5713
mean B0=72.6191 homogen=27992.9735
mean B0=73.327 homogen=19074.6368
mean B0=83.2223 homogen=76655.1235
mean B0=75.5264 homogen=27257.3128
mean B0=76.373 homogen=30902.3437
mean B0=83.5105 homogen=79193.4377
    88 |     3520 |     40 |  0.000000E+00 |  0.000000E+00 |  0.0016542579 |             f
mean B0=75.5365 homogen=27217.8987
mean B0=81.5451 homogen=75866.6469
mean B0=74.5109 homogen=20042.1568
mean B0=80.256 homogen=72500.662
mean B0=84.947 homogen=80211.6307
mean B0=78.5672 homogen=53558.5914
mean B0=68.1222 homogen=12091.2953
mean B0=75.7147 homogen=61378.758
mean B0=75.2508 homogen=58116.7063
mean B0=70.819 homogen=12233.008
mean B0=71.5821 homogen=15123.5773
mean B0=80.9021 homogen=60623.6236
mean B0=76.3474 homogen=26239.384
mean B0=72.9054 homogen=18581.3127
mean B0=80.5176 homogen=85091.6966
mean B0=68.817 homogen=9331.5203
mean B0=74.7536 homogen=25299.4633
mean B0=81.0188 homogen=65803.119
mean B0=50.8674 homogen=97288.5373
mean B0=79.2631 homogen=51641.3126
mean B0=83.2224 homogen=76661.139
mean B0=76.7974 homogen=32974.5153
mean B0=66.3617 homogen=7528.8299
mean B0=82.541 homogen=64534.5368
mean B0=81.1029 homogen=65951.3793
mean B0=81.7189 homogen=58155.9544
mean B0=69.952 homogen=26561.9065
mean B0=72.9548 homogen=54701.9572
mean B0=72.8274 homogen=52870.8167
mean B0=71.9015 homogen=16624.7122
mean B0=73.4018 homogen=19057.9045
mean B0=77.9122 homogen=36094.0683
mean B0=73.905 homogen=36881.3635
mean B0=76.062 homogen=29295.4166
mean B0=70.579 homogen=14861.5769
mean B0=68.6937 homogen=9440.0811
mean B0=70.5789 homogen=27519.8883
mean B0=76.373 homogen=30902.3437
mean B0=51.9011 homogen=73773.4879
mean B0=83.8005 homogen=81074.4866
    89 |     3560 |     40 |  0.000000E+00 |  0.000000E+00 |  0.0026767085 |             f
mean B0=79.5683 homogen=82650.2298
mean B0=74.8981 homogen=24060.6957
mean B0=49.5035 homogen=92704.7187
mean B0=78.2068 homogen=34758.5476
mean B0=84.1188 homogen=85972.6283
mean B0=52.7027 homogen=86711.2507
mean B0=69.5709 homogen=8902.974
mean B0=83.8005 homogen=81074.4866
mean B0=69.8402 homogen=9623.0229
mean B0=64.4638 homogen=96405.3587
mean B0=76.6169 homogen=29296.6287
mean B0=76.9763 homogen=24587.2698
mean B0=81.0188 homogen=65803.119
mean B0=77.9733 homogen=35706.7807
mean B0=78.9166 homogen=51083.851
mean B0=73.1214 homogen=20077.8377
mean B0=85.3874 homogen=97181.5237
mean B0=48.973 homogen=125291.971
mean B0=79.8407 homogen=54650.4817
mean B0=73.4018 homogen=19057.9045
mean B0=66.0104 homogen=121681.8347
mean B0=79.8244 homogen=81808.7138
mean B0=79.8305 homogen=68479.2998
mean B0=79.3702 homogen=56048.9108
mean B0=74.1279 homogen=21584.1541
mean B0=79.2617 homogen=51642.7672
mean B0=77.1543 homogen=34760.2886
mean B0=64.7496 homogen=118032.4246
mean B0=80.9021 homogen=60623.6236
mean B0=73.7191 homogen=40257.6822
mean B0=78.7979 homogen=51085.1139
mean B0=71.6472 homogen=15220.5571
mean B0=80.6683 homogen=58757.9763
mean B0=78.5949 homogen=65207.2044
mean B0=75.537 homogen=27226.5275
mean B0=70.8913 homogen=14250.1184
mean B0=82.8104 homogen=91104.355
mean B0=69.5572 homogen=8930.7869
mean B0=66.9484 homogen=6158.9802
mean B0=69.0656 homogen=10632.3797
    90 |     3600 |     40 |  0.000000E+00 |  0.000000E+00 |  0.0015510950 |             f
mean B0=73.0942 homogen=20159.3885
mean B0=52.7027 homogen=86711.6849
mean B0=74.5277 homogen=28436.4226
mean B0=73.1684 homogen=37212.7711
mean B0=73.159 homogen=21344.5375
mean B0=76.8436 homogen=33208.5861
mean B0=84.8146 homogen=97626.3307
mean B0=70.4562 homogen=10880.262
mean B0=83.2229 homogen=76655.368
mean B0=71.7649 homogen=18683.0842
mean B0=84.049 homogen=85213.4955
mean B0=76.4503 homogen=31276.3291
mean B0=80.3466 homogen=63656.5315
mean B0=80.8907 homogen=64301.0003
mean B0=84.1418 homogen=80156.6414
mean B0=72.4662 homogen=21126.1592
mean B0=76.5071 homogen=42700.6205
mean B0=77.3166 homogen=60092.3065
mean B0=80.3348 homogen=54532.1113
mean B0=79.2864 homogen=51726.6712
mean B0=74.1366 homogen=29998.0146
mean B0=78.1386 homogen=37196.2307
mean B0=73.7526 homogen=20587.554
mean B0=83.2745 homogen=77118.2056
mean B0=73.0117 homogen=21942.4934
mean B0=79.7947 homogen=54325.075
mean B0=84.0421 homogen=84820.0912
mean B0=74.9602 homogen=24120.9875
mean B0=74.0589 homogen=21391.6832
mean B0=78.3423 homogen=50391.2514
mean B0=83.2908 homogen=77367.1468
mean B0=83.4012 homogen=77126.3354
mean B0=64.7354 homogen=94719.5507
mean B0=66.9372 homogen=6240.1384
mean B0=69.6591 homogen=35418.7075
mean B0=76.1651 homogen=29684.04
mean B0=84.0951 homogen=75474.9475
mean B0=67.2245 homogen=107160.0632
mean B0=65.5431 homogen=33976.3452
mean B0=79.5844 homogen=52851.8637
    91 |     3640 |     40 |  0.000000E+00 |  0.000000E+00 |  0.0086155240 |         ideal
mean B0=70.5557 homogen=11326.7051
mean B0=69.6053 homogen=31009.7047
mean B0=73.8798 homogen=19026.0217
mean B0=78.6865 homogen=47104.1638
mean B0=75.5367 homogen=27222.5369
mean B0=82.1283 homogen=80652.5923
mean B0=68.3977 homogen=9361.0033
mean B0=75.0488 homogen=24152.7044
mean B0=80.3358 homogen=54539.2712
mean B0=77.18 homogen=30249.1874
mean B0=71.5465 homogen=13655.5602
mean B0=84.2358 homogen=86369.1241
mean B0=81.618 homogen=77657.4619
mean B0=84.4281 homogen=83417.6142
mean B0=80.9455 homogen=65034.3287
mean B0=80.9842 homogen=88967.1612
mean B0=81.6253 homogen=73911.9278
mean B0=71.9018 homogen=16629.1418
mean B0=83.6519 homogen=80976.3381
mean B0=67.5992 homogen=11282.0154
mean B0=80.9972 homogen=63355.4378
mean B0=73.9065 homogen=20998.0761
mean B0=77.2877 homogen=47103.1633
mean B0=78.6866 homogen=47102.0535
mean B0=53.3681 homogen=132259.9965
mean B0=77.8666 homogen=35069.3149
mean B0=75.2912 homogen=30650.8533
mean B0=77.0683 homogen=35145.1134
mean B0=80.6672 homogen=58750.8349
mean B0=81.5016 homogen=92684.0507
mean B0=73.1234 homogen=22206.2947
mean B0=78.3106 homogen=21341.4223
mean B0=76.9637 homogen=31272.8272
mean B0=75.3593 homogen=25666.4744
mean B0=71.3456 homogen=13610.0477
mean B0=78.1521 homogen=32446.9248
mean B0=71.3103 homogen=12611.4488
mean B0=66.9377 homogen=6240.5581
mean B0=74.4258 homogen=35947.4825
mean B0=69.2797 homogen=13045.3279
    92 |     3680 |     40 |  0.000000E+00 |  0.000000E+00 |  0.0035082062 |             f
mean B0=77.4847 homogen=34047.9136
mean B0=77.8664 homogen=35064.9102
mean B0=73.7407 homogen=23818.1735
mean B0=72.3897 homogen=31559.516
mean B0=75.3798 homogen=26104.6657
mean B0=71.295 homogen=13118.6477
mean B0=72.7482 homogen=18180.044
mean B0=74.4949 homogen=25481.6178
mean B0=69.5554 homogen=16125.4875
mean B0=75.0488 homogen=24152.9738
mean B0=85.725 homogen=88414.9932
mean B0=66.8356 homogen=22634.5551
mean B0=74.8585 homogen=24055.8843
mean B0=73.5529 homogen=22978.8825
mean B0=75.6502 homogen=28016.1395
mean B0=51.6049 homogen=81202.6417
mean B0=81.1029 homogen=65951.3793
mean B0=78.7395 homogen=50347.5945
mean B0=73.8792 homogen=24821.4121
mean B0=84.4238 homogen=83414.604
mean B0=70.7224 homogen=144992.47
mean B0=77.154 homogen=34756.2411
mean B0=78.0826 homogen=78497.8697
mean B0=68.0218 homogen=23073.9146
mean B0=78.6641 homogen=46469.6808
mean B0=75.2927 homogen=25034.9051
mean B0=67.6971 homogen=262264.5767
mean B0=79.9516 homogen=53556.134
mean B0=71.4737 homogen=15990.8241
mean B0=79.7946 homogen=54326.8423
mean B0=82.4644 homogen=87394.4909
mean B0=72.2725 homogen=28700.0231
mean B0=70.4562 homogen=10880.262
mean B0=72.2649 homogen=192189.0276
mean B0=78.3378 homogen=74891.7645
mean B0=74.4443 homogen=38318.0367
mean B0=80.3358 homogen=54539.2712
mean B0=83.1717 homogen=76174.8589
mean B0=75.7029 homogen=74539.164
mean B0=76.9671 homogen=31273.2152
    93 |     3720 |     40 |  0.000000E+00 |  0.000000E+00 |  0.0020705549 |             f
mean B0=72.245 homogen=27652.5458
mean B0=81.1029 homogen=65951.9418
mean B0=68.9064 homogen=49546.8181
mean B0=72.844 homogen=32091.9156
mean B0=80.3972 homogen=58927.4813
mean B0=80.7347 homogen=60274.2596
mean B0=83.3576 homogen=72751.3886
mean B0=77.6215 homogen=71607.9035
mean B0=71.2735 homogen=33859.2994
mean B0=80.97 homogen=60274.1558
mean B0=69.2692 homogen=33843.9138
mean B0=76.0613 homogen=29275.9148
mean B0=83.9921 homogen=78666.3843
mean B0=70.5557 homogen=11326.7051
mean B0=74.2752 homogen=20409.7103
mean B0=67.4139 homogen=10658.7991
mean B0=82.8267 homogen=91898.8594
mean B0=78.1386 homogen=37195.9596
mean B0=50.9695 homogen=87310.6713
mean B0=69.7372 homogen=23511.2062
mean B0=69.5421 homogen=31093.0709
mean B0=83.1717 homogen=76178.7714
mean B0=80.3025 homogen=118482.7976
mean B0=81.2212 homogen=60762.8302
mean B0=82.9902 homogen=74284.8113
mean B0=75.905 homogen=29359.4095
mean B0=77.755 homogen=35514.4202
mean B0=76.5146 homogen=29030.0647
mean B0=76.7349 homogen=83822.176
mean B0=71.2363 homogen=13325.7841
mean B0=62.6256 homogen=252899.041
mean B0=81.1037 homogen=65976.5618
mean B0=81.1254 homogen=62263.3654
mean B0=77.4847 homogen=34047.9136
mean B0=77.9729 homogen=48353.2814
mean B0=72.2502 homogen=19611.0775
mean B0=73.9388 homogen=20907.7918
mean B0=78.7395 homogen=50347.6025
mean B0=78.6285 homogen=57137.4016
mean B0=71.9018 homogen=16629.1418
    94 |     3760 |     40 |  0.000000E+00 |  0.000000E+00 |  0.0052704867 |             f
mean B0=71.3456 homogen=13610.0477
mean B0=67.4467 homogen=9152.9853
mean B0=75.9588 homogen=31549.3239
mean B0=77.832 homogen=27889.4278
mean B0=83.0291 homogen=74570.8937
mean B0=85.5146 homogen=101653.9336
mean B0=77.2756 homogen=35638.1847
mean B0=73.7287 homogen=36067.6531
mean B0=75.8004 homogen=28373.3588
mean B0=73.7004 homogen=24355.9737
mean B0=80.8441 homogen=54476.708
mean B0=74.8644 homogen=213797.5452
mean B0=78.3266 homogen=45226.7878
mean B0=83.554 homogen=68276.1008
mean B0=81.1235 homogen=64328.7113
mean B0=71.2394 homogen=15265.7949
mean B0=84.8128 homogen=97597.867
mean B0=73.2387 homogen=19506.5811
mean B0=56.8621 homogen=458584.3551
mean B0=82.7085 homogen=72463.5028
mean B0=76.5146 homogen=29030.0647
mean B0=84.2526 homogen=84927.3597
mean B0=71.4764 homogen=15947.2157
mean B0=56.7142 homogen=226746.8791
mean B0=75.1229 homogen=41202.5681
mean B0=71.2335 homogen=15278.8288
mean B0=71.4106 homogen=12829.3552
mean B0=70.014 homogen=82758.9721
mean B0=77.343 homogen=33801.5667
mean B0=74.0688 homogen=35959.4964
mean B0=77.207 homogen=35201.8688
mean B0=53.6507 homogen=359425.6215
mean B0=79.071 homogen=51675.3732
mean B0=61.7142 homogen=116010.411
mean B0=73.9842 homogen=33471.0317
mean B0=73.4 homogen=19238.3949
mean B0=73.5772 homogen=19638.594
mean B0=66.2385 homogen=7768.4888
mean B0=81.4889 homogen=65136.9594
mean B0=65.6587 homogen=132439.464
    95 |     3800 |     40 |  0.000000E+00 |  0.000000E+00 |  0.0374717356 |         ideal
mean B0=78.8693 homogen=55232.4505
mean B0=82.7988 homogen=72594.3691
mean B0=75.6426 homogen=27981.0545
mean B0=74.0317 homogen=21244.0874
mean B0=83.7812 homogen=75624.5361
mean B0=82.6758 homogen=88996.832
mean B0=70.5557 homogen=11326.7051
mean B0=81.0694 homogen=62565.1826
mean B0=71.0324 homogen=19767.7464
mean B0=67.5753 homogen=10287.1931
mean B0=72.6164 homogen=53783.7635
mean B0=83.8086 homogen=81213.2978
mean B0=76.4361 homogen=36833.3422
mean B0=82.3219 homogen=86059.1206
mean B0=75.7777 homogen=37412.927
mean B0=79.0707 homogen=51674.879
mean B0=75.7491 homogen=28180.9203
mean B0=74.7148 homogen=23756.003
mean B0=73.5146 homogen=20146.2032
mean B0=80.6158 homogen=52424.6005
mean B0=79.6485 homogen=45827.9498
mean B0=78.2545 homogen=37095.5265
mean B0=81.4971 homogen=65173.214
mean B0=71.4771 homogen=15209.9578
mean B0=73.573 homogen=49437.1981
mean B0=74.1235 homogen=32624.468
mean B0=82.7085 homogen=72463.5028
mean B0=70.5984 homogen=11176.0857
mean B0=70.1131 homogen=26482.4755
mean B0=66.7534 homogen=12818.4947
mean B0=75.4275 homogen=59034.5007
mean B0=64.036 homogen=218150.7361
mean B0=85.884 homogen=89615.5085
mean B0=78.65 homogen=35107.4136
mean B0=82.7294 homogen=74681.8735
mean B0=73.4002 homogen=19238.887
mean B0=84.0466 homogen=78696.1354
mean B0=56.1874 homogen=56877.5976
mean B0=69.36 homogen=14644.5463
mean B0=71.6838 homogen=17085.8379
    96 |     3840 |     40 |  0.000000E+00 |  0.000000E+00 |  0.0014288024 |             f
mean B0=72.588 homogen=15252.9466
mean B0=82.5528 homogen=72401.4902
mean B0=77.185 homogen=32363.998
mean B0=77.7094 homogen=32735.7477
mean B0=78.259 homogen=47224.3583
mean B0=74.1278 homogen=21581.0368
mean B0=68.9966 homogen=9448.4536
mean B0=84.4094 homogen=69873.0063
mean B0=72.106 homogen=46521.0034
mean B0=63.6042 homogen=235593.8693
mean B0=75.6402 homogen=27980.9983
mean B0=79.0716 homogen=51679.2921
mean B0=73.7972 homogen=21864.9012
mean B0=81.091 homogen=62616.8395
mean B0=72.363 homogen=41737.5363
mean B0=85.9178 homogen=89873.5792
mean B0=62.5094 homogen=21712.0749
mean B0=77.893 homogen=35238.1847
mean B0=74.2432 homogen=233548.8383
mean B0=78.3979 homogen=45004.5006
mean B0=69.9124 homogen=12230.4728
mean B0=69.6923 homogen=9561.6308
mean B0=77.0848 homogen=32234.9326
mean B0=69.7614 homogen=180742.0006
mean B0=69.6263 homogen=11601.026
mean B0=84.6594 homogen=96448.0604
mean B0=72.4008 homogen=15808.0693
mean B0=83.6983 homogen=75827.9149
mean B0=81.1393 homogen=65275.5258
mean B0=82.7092 homogen=72457.5015
mean B0=67.2528 homogen=6856.4935
mean B0=84.428 homogen=83425.3493
mean B0=75.5523 homogen=29922.564
mean B0=85.0745 homogen=83012.1782
mean B0=76.1374 homogen=83559.3269
mean B0=79.8831 homogen=64965.4042
mean B0=68.2334 homogen=33671.9807
mean B0=75.2176 homogen=26013.326
mean B0=83.976 homogen=64626.9632
mean B0=71.2325 homogen=13329.9067
    97 |     3880 |     40 |  0.000000E+00 |  0.000000E+00 |  0.0040124074 |             f
mean B0=82.5643 homogen=63983.9675
mean B0=77.0179 homogen=32007.9146
mean B0=75.3902 homogen=38711.5347
mean B0=74.2609 homogen=66750.0796
mean B0=54.4188 homogen=75132.7541
mean B0=84.8946 homogen=83966.832
mean B0=72.7566 homogen=18139.9652
mean B0=46.6131 homogen=117756.4062
mean B0=82.5528 homogen=72401.4902
mean B0=68.0476 homogen=16431.6621
mean B0=52.2957 homogen=92113.8962
mean B0=75.8664 homogen=28176.7163
mean B0=71.9699 homogen=12071.4173
mean B0=75.4485 homogen=31862.9594
mean B0=75.5837 homogen=26774.2574
mean B0=80.7458 homogen=53435.1654
mean B0=85.7234 homogen=88412.8742
mean B0=80.6101 homogen=79477.9535
mean B0=83.9891 homogen=78664.1469
mean B0=74.6199 homogen=42154.1926
mean B0=71.4995 homogen=31230.1506
mean B0=79.0787 homogen=53016.5057
mean B0=80.0027 homogen=69474.8238
mean B0=78.1532 homogen=36590.2047
mean B0=74.6574 homogen=22948.7165
mean B0=74.3398 homogen=23075.0615
mean B0=77.0599 homogen=32107.5506
mean B0=68.6511 homogen=9905.1627
mean B0=69.5709 homogen=8902.974
mean B0=78.2869 homogen=39870.0548
mean B0=82.6501 homogen=65949.1755
mean B0=84.813 homogen=97629.9316
mean B0=69.9137 homogen=12235.7698
mean B0=67.6952 homogen=13171.8401
mean B0=81.7265 homogen=75237.2295
mean B0=80.8369 homogen=59221.2914
mean B0=78.0063 homogen=56201.0623
mean B0=74.8211 homogen=27880.0355
mean B0=84.3676 homogen=70868.3674
mean B0=78.0166 homogen=36640.9661
    98 |     3920 |     40 |  0.000000E+00 |  0.000000E+00 |  0.0023463114 |             f
mean B0=68.5706 homogen=27527.6354
mean B0=79.5928 homogen=52825.9319
mean B0=81.0818 homogen=61137.6417
mean B0=70.5898 homogen=11050.9745
mean B0=82.1745 homogen=64349.5753
mean B0=74.1079 homogen=40298.5179
mean B0=76.9893 homogen=32358.6785
mean B0=74.727 homogen=23517.0332
mean B0=75.4224 homogen=29139.072
mean B0=77.5984 homogen=36752.6903
mean B0=82.688 homogen=85200.4877
mean B0=80.9695 homogen=64889.2343
mean B0=74.5057 homogen=26952.1252
mean B0=73.8881 homogen=24120.8237
mean B0=82.2208 homogen=68067.773
mean B0=72.4941 homogen=19590.9983
mean B0=82.4432 homogen=73652.2263
mean B0=81.5773 homogen=65704.2971
mean B0=79.7579 homogen=58646.5628
mean B0=53.4128 homogen=72227.2066
mean B0=83.6736 homogen=76022.2326
mean B0=74.2614 homogen=28460.7746
mean B0=76.9115 homogen=31484.5841
mean B0=77.6879 homogen=43534.2408
mean B0=72.3671 homogen=51872.7685
mean B0=77.035 homogen=71184.4988
mean B0=81.3018 homogen=65456.9447
mean B0=67.4524 homogen=8329.7022
mean B0=81.5322 homogen=63614.8291
mean B0=82.8302 homogen=88672.6181
mean B0=64.0987 homogen=22056.7871
mean B0=81.9373 homogen=65964.0246
mean B0=76.9772 homogen=34307.5812
mean B0=72.0684 homogen=26805.4354
mean B0=74.1159 homogen=28988.4707
mean B0=77.6431 homogen=36644.9145
mean B0=79.8783 homogen=56062.3535
mean B0=76.4435 homogen=28637.0599
mean B0=73.9687 homogen=25241.6219
mean B0=73.5987 homogen=19735.1164
    99 |     3960 |     40 |  0.000000E+00 |  0.000000E+00 |  0.0049457572 |             f
mean B0=78.945 homogen=40513.9826
mean B0=70.6761 homogen=12478.7566
mean B0=80.3053 homogen=56656.7141
mean B0=71.1731 homogen=151679.3085
mean B0=75.2829 homogen=26633.4175
mean B0=76.0787 homogen=27010.883
mean B0=82.2113 homogen=68145.6216
mean B0=67.4582 homogen=8305.2699
mean B0=81.5321 homogen=63615.3883
mean B0=76.9374 homogen=31384.6302
mean B0=77.5611 homogen=36434.7827
mean B0=79.5629 homogen=53195.1785
mean B0=77.2439 homogen=37446.2555
mean B0=57.0407 homogen=202110.8738
mean B0=73.5825 homogen=19680.7471
mean B0=70.101 homogen=12360.7502
mean B0=83.8873 homogen=68877.761
mean B0=69.5422 homogen=8833.6481
mean B0=78.8076 homogen=50506.7867
mean B0=80.527 homogen=50727.6515
mean B0=75.5093 homogen=60867.0843
mean B0=56.8389 homogen=61659.8138
mean B0=81.3197 homogen=67646.2679
mean B0=79.1965 homogen=70758.8683
mean B0=72.7615 homogen=18380.55
mean B0=79.4921 homogen=53029.5804
mean B0=76.5217 homogen=29002.2798
mean B0=74.12 homogen=21614.6555
mean B0=57.9482 homogen=193109.4443
mean B0=54.4785 homogen=325890.2688
mean B0=67.7113 homogen=10174.3413
mean B0=76.143 homogen=27828.7815
mean B0=80.9424 homogen=55277.4387
mean B0=82.1035 homogen=75056.6969
mean B0=71.474 homogen=15181.0711
mean B0=84.4622 homogen=76178.9796
mean B0=78.2878 homogen=39867.7991
mean B0=75.8649 homogen=26450.0318
mean B0=80.8864 homogen=59705.4828
mean B0=78.7506 homogen=47793.8252
   100 |     4000 |     40 |  0.000000E+00 |  0.000000E+00 |  0.0024580163 |             f
mean B0=73.3715 homogen=35566.2799
mean B0=81.1109 homogen=64956.0929
mean B0=75.517 homogen=42413.1483
mean B0=84.105 homogen=78311.6106
mean B0=73.7672 homogen=55569.1982
mean B0=83.293 homogen=76217.8971
mean B0=49.188 homogen=351517.3836
mean B0=77.2972 homogen=74379.4162
mean B0=71.9018 homogen=16629.1908
mean B0=74.6902 homogen=23126.9623
mean B0=77.8992 homogen=36125.9448
mean B0=73.6024 homogen=19720.0857
mean B0=83.7004 homogen=75812.3102
mean B0=77.0996 homogen=33633.314
mean B0=74.4478 homogen=24092.834
mean B0=78.9299 homogen=40456.0813
mean B0=74.4862 homogen=22035.6062
mean B0=73.5576 homogen=19532.7917
mean B0=81.8666 homogen=69530.6442
mean B0=65.827 homogen=19270.1468
mean B0=73.1054 homogen=30934.7976
mean B0=68.2785 homogen=9370.4626
mean B0=78.5196 homogen=64684.36
mean B0=74.2957 homogen=40448.6839
mean B0=75.2002 homogen=26084.0224
mean B0=78.2035 homogen=42257.6784
mean B0=70.0761 homogen=14685.1096
mean B0=77.5292 homogen=34567.4365
mean B0=76.5217 homogen=29002.2798
mean B0=84.1089 homogen=79823.4249
mean B0=75.02 homogen=29902.5642
mean B0=75.6962 homogen=20322.5657
mean B0=84.426 homogen=83436.6402
mean B0=76.2966 homogen=62862.6292
mean B0=68.9518 homogen=11344.5025
mean B0=80.8579 homogen=54533.8162
mean B0=83.6092 homogen=96420.7353
mean B0=74.1509 homogen=21750.1911
mean B0=77.7476 homogen=39854.4745
mean B0=80.0196 homogen=58932.7386
   101 |     4040 |     40 |  0.000000E+00 |  0.000000E+00 |  0.0036037582 |             f
mean B0=74.7239 homogen=32497.407
mean B0=69.1623 homogen=12104.5335
mean B0=81.3498 homogen=61629.4392
mean B0=78.0749 homogen=38260.5717
mean B0=74.2785 homogen=30699.1429
mean B0=68.3712 homogen=14475.2794
mean B0=77.3063 homogen=70703.0843
mean B0=80.9385 homogen=55080.0969
mean B0=70.3273 homogen=9893.5976
mean B0=82.2136 homogen=72890.6096
mean B0=74.1279 homogen=21584.1541
mean B0=75.5794 homogen=26820.4026
mean B0=67.0617 homogen=7011.6011
mean B0=72.7613 homogen=18384.0445
mean B0=76.1472 homogen=32063.6151
mean B0=78.8632 homogen=66208.0584
mean B0=80.9574 homogen=55444.5864
mean B0=53.8109 homogen=80990.3418
mean B0=83.1297 homogen=87714.1032
mean B0=71.2848 homogen=13104.1608
mean B0=82.0691 homogen=67803.2626
mean B0=74.3551 homogen=23668.0736
mean B0=84.2875 homogen=81279.3069
mean B0=76.6985 homogen=27007.9785
mean B0=75.8388 homogen=28598.6553
mean B0=80.7903 homogen=63036.7405
mean B0=77.2223 homogen=31914.2567
mean B0=78.5303 homogen=37669.5341
mean B0=74.4845 homogen=24494.1755
mean B0=72.3275 homogen=15705.1328
mean B0=74.2973 homogen=207564.7017
mean B0=78.2909 homogen=39886.3427
mean B0=80.3402 homogen=50349.8004
mean B0=82.5993 homogen=72012.523
mean B0=71.2955 homogen=12501.6374
mean B0=76.1957 homogen=47913.8675
mean B0=62.9412 homogen=225594.6925
mean B0=73.5283 homogen=19450.1358
mean B0=86.5319 homogen=94174.0785
mean B0=78.0397 homogen=30415.8174
   102 |     4080 |     40 |  0.000000E+00 |  0.000000E+00 |  0.0033759784 |             f
mean B0=80.6158 homogen=52424.6005
mean B0=81.9706 homogen=65779.6055
mean B0=75.2005 homogen=25927.0101
mean B0=69.8701 homogen=9644.9379
mean B0=71.8342 homogen=16453.5701
mean B0=73.7516 homogen=23238.9263
mean B0=77.8664 homogen=34421.5672
mean B0=73.1807 homogen=34858.2118
mean B0=81.4459 homogen=63914.9976
mean B0=70.9437 homogen=13867.5463
mean B0=83.9846 homogen=86229.4406
mean B0=80.9072 homogen=55088.7043
mean B0=83.3576 homogen=72751.3886
mean B0=74.7565 homogen=21305.0389
mean B0=74.4955 homogen=29927.0702
mean B0=81.8159 homogen=67648.3755
mean B0=73.607 homogen=19722.523
mean B0=71.9076 homogen=22833.0058
mean B0=76.9896 homogen=34582.9257
mean B0=84.6615 homogen=84053.4901
mean B0=80.3401 homogen=50352.8989
mean B0=85.4819 homogen=101964.7515
mean B0=76.9547 homogen=31474.47
mean B0=72.8665 homogen=19049.5119
mean B0=84.5119 homogen=84273.9191
mean B0=46.7712 homogen=366364.7201
mean B0=75.2402 homogen=204583.4927
mean B0=76.5113 homogen=32345.1912
mean B0=81.4371 homogen=61321.0371
mean B0=72.421 homogen=24804.833
mean B0=76.6276 homogen=30593.642
mean B0=75.6244 homogen=26757.5101
mean B0=80.97 homogen=60274.1558
mean B0=69.6377 homogen=9276.1674
mean B0=69.6078 homogen=8803.3861
mean B0=84.1137 homogen=76508.9093
mean B0=71.2802 homogen=13092.4165
mean B0=69.6802 homogen=24170.0964
mean B0=72.1585 homogen=14883.4997
mean B0=78.3979 homogen=37755.0974
   103 |     4120 |     40 |  0.000000E+00 |  0.000000E+00 |  0.0020668073 |             f
mean B0=83.884 homogen=80043.8344
mean B0=78.5697 homogen=38640.6542
mean B0=76.5122 homogen=28344.6511
mean B0=71.3104 homogen=13356.4968
mean B0=74.2543 homogen=31444.0008
mean B0=82.386 homogen=70352.5918
mean B0=78.2016 homogen=56005.47
mean B0=76.176 homogen=41934.3453
mean B0=80.7417 homogen=60397.0834
mean B0=75.5075 homogen=26073.9187
mean B0=84.1137 homogen=76508.616
mean B0=70.3482 homogen=22254.7488
mean B0=80.9071 homogen=55091.6673
mean B0=71.0294 homogen=11289.406
mean B0=85.0636 homogen=84438.7612
mean B0=85.2778 homogen=80648.8661
mean B0=82.2558 homogen=68142.5865
mean B0=79.1819 homogen=35912.278
mean B0=71.2731 homogen=29767.1589
mean B0=74.5383 homogen=24200.6705
mean B0=70.3803 homogen=45262.5201
mean B0=70.5956 homogen=12045.4914
mean B0=76.9285 homogen=62885.8106
mean B0=77.873 homogen=35802.8982
mean B0=76.3943 homogen=31092.3839
mean B0=84.0841 homogen=83719.3708
mean B0=75.5552 homogen=27078.8971
mean B0=83.7913 homogen=75257.5592
mean B0=55.4605 homogen=317570.781
mean B0=67.5411 homogen=8487.8525
mean B0=84.8946 homogen=83969.2325
mean B0=73.1433 homogen=17584.7095
mean B0=71.9018 homogen=16627.3773
mean B0=72.2115 homogen=22062.1041
mean B0=78.8354 homogen=39999.7496
mean B0=79.2944 homogen=57469.088
mean B0=77.8248 homogen=34197.9165
mean B0=72.3323 homogen=19063.2049
mean B0=61.9304 homogen=249925.2672
mean B0=66.6876 homogen=5920.91
   104 |     4160 |     40 |  0.000000E+00 |  0.000000E+00 |  0.0077585545 |         nadir
mean B0=79.0988 homogen=35115.0857
mean B0=82.951 homogen=66671.6091
mean B0=69.1474 homogen=10375.466
mean B0=77.8992 homogen=36125.9448
mean B0=77.8248 homogen=34197.9165
mean B0=69.9227 homogen=14422.2224
mean B0=73.8025 homogen=20729.4673
mean B0=76.4377 homogen=45024.0789
mean B0=75.5011 homogen=26075.0184
mean B0=81.4371 homogen=61321.0371
mean B0=84.4215 homogen=83427.2888
mean B0=65.2781 homogen=128101.0795
mean B0=69.3237 homogen=11170.9096
mean B0=84.5071 homogen=83943.8335
mean B0=77.2137 homogen=31912.8183
mean B0=73.6914 homogen=22004.177
mean B0=82.1243 homogen=66978.795
mean B0=75.0031 homogen=45887.9528
mean B0=74.5001 homogen=31472.5049
mean B0=65.9695 homogen=242250.0932
mean B0=84.1142 homogen=76515.2124
mean B0=81.0223 homogen=55050.3671
mean B0=79.8411 homogen=39639.1245
mean B0=80.3402 homogen=50349.8004
mean B0=71.3104 homogen=13356.4968
mean B0=67.3872 homogen=9506.0318
mean B0=71.7165 homogen=15496.2857
mean B0=77.6052 homogen=33645.1261
mean B0=67.0688 homogen=7023.9206
mean B0=56.1016 homogen=62950.838
mean B0=76.6316 homogen=30604.4215
mean B0=74.4141 homogen=27928.1211
mean B0=70.9824 homogen=16566.7122
mean B0=83.7404 homogen=73172.9886
mean B0=85.9254 homogen=103181.3574
mean B0=74.7304 homogen=22886.6849
mean B0=80.8173 homogen=59085.8506
mean B0=77.5033 homogen=34221.5278
mean B0=73.4174 homogen=22327.3977
mean B0=74.8528 homogen=24039.4947
   105 |     4200 |     40 |  0.000000E+00 |  0.000000E+00 |  0.0023692072 |             f
mean B0=73.8049 homogen=20735.5222
mean B0=82.1243 homogen=66978.795
mean B0=73.505 homogen=19548.0092
mean B0=63.0779 homogen=185677.1143
mean B0=70.5026 homogen=10609.5279
mean B0=80.4936 homogen=51433.1243
mean B0=71.6343 homogen=14001.7916
mean B0=80.9087 homogen=47057.4096
mean B0=71.8005 homogen=16413.6072
mean B0=71.6785 homogen=15391.8276
mean B0=78.4902 homogen=37740.8386
mean B0=79.262 homogen=23677.2461
mean B0=42.6199 homogen=111638.6405
mean B0=67.3844 homogen=6181.3124
mean B0=76.6663 homogen=28196.4213
mean B0=65.2487 homogen=127172.8585
mean B0=70.5012 homogen=12452.7483
mean B0=77.0123 homogen=33446.0922
mean B0=65.2885 homogen=245166.8695
mean B0=50.6506 homogen=187436.3788
mean B0=74.1255 homogen=21577.8579
mean B0=74.8585 homogen=24055.8843
mean B0=72.8332 homogen=18766.1665
mean B0=78.066 homogen=35271.3004
mean B0=76.1223 homogen=28886.2377
mean B0=81.3783 homogen=62486.3616
mean B0=82.1786 homogen=71547.8226
mean B0=72.8662 homogen=19045.5923
mean B0=73.4 homogen=31560.1685
mean B0=84.1596 homogen=76866.8004
mean B0=82.0151 homogen=65641.3194
mean B0=74.735 homogen=22911.5674
mean B0=84.4097 homogen=83208.3457
mean B0=86.1888 homogen=109783.3652
mean B0=83.1907 homogen=74779.8935
mean B0=79.0233 homogen=41036.1888
mean B0=81.2392 homogen=56579.3921
mean B0=69.7602 homogen=14415.9964
mean B0=81.4363 homogen=61324.8352
mean B0=77.8331 homogen=84706.2978
   106 |     4240 |     40 |  0.000000E+00 |  0.000000E+00 |  0.0345722627 |         ideal
mean B0=73.8519 homogen=20966.4207
mean B0=76.5247 homogen=30074.7317
mean B0=79.0203 homogen=41045.8419
mean B0=71.004 homogen=35266.6994
mean B0=81.9472 homogen=100367.2258
mean B0=82.3633 homogen=70156.2822
mean B0=66.0846 homogen=158336.2943
mean B0=77.2748 homogen=32003.3908
mean B0=73.4936 homogen=87945.6236
mean B0=85.5146 homogen=101653.9336
mean B0=79.8892 homogen=46403.4643
mean B0=84.9254 homogen=83994.861
mean B0=81.9616 homogen=79926.7997
mean B0=70.0623 homogen=12905.9598
mean B0=67.5409 homogen=8490.97
mean B0=80.3508 homogen=50420.0452
mean B0=81.4451 homogen=55199.3524
mean B0=71.314 homogen=11890.9268
mean B0=63.4447 homogen=230553.6253
mean B0=73.6128 homogen=32579.7932
mean B0=74.495 homogen=28599.0485
mean B0=76.2447 homogen=28339.8904
mean B0=45.6278 homogen=117163.8193
mean B0=81.7687 homogen=64170.4079
mean B0=81.8346 homogen=57058.2056
mean B0=73.5256 homogen=19633.3256
mean B0=77.4033 homogen=32434.6108
mean B0=83.7042 homogen=76629.1913
mean B0=69.7694 homogen=7888.5534
mean B0=78.945 homogen=40513.9826
mean B0=83.0689 homogen=90222.8033
mean B0=78.0395 homogen=35186.8482
mean B0=74.0242 homogen=57206.9687
mean B0=70.5992 homogen=26897.137
mean B0=70.6762 homogen=12474.4294
mean B0=80.4237 homogen=50909.8781
mean B0=83.3384 homogen=76841.8813
mean B0=57.239 homogen=288777.1553
mean B0=81.9773 homogen=65387.1618
mean B0=62.8306 homogen=273076.0434
   107 |     4280 |     40 |  0.000000E+00 |  0.000000E+00 |  0.0024152258 |             f
mean B0=77.4527 homogen=26508.7033
mean B0=85.8873 homogen=101628.7156
mean B0=84.435 homogen=83215.0701
mean B0=73.0123 homogen=19806.2948
mean B0=78.2061 homogen=36153.6058
mean B0=77.9685 homogen=32401.31
mean B0=71.2605 homogen=13558.0988
mean B0=74.463 homogen=28000.8933
mean B0=80.4071 homogen=50031.5053
mean B0=82.9896 homogen=53055.3168
mean B0=83.6072 homogen=96435.1981
mean B0=74.4248 homogen=21553.8991
mean B0=70.1296 homogen=179075.9061
mean B0=74.9431 homogen=26145.2269
mean B0=81.9888 homogen=65442.9549
mean B0=80.602 homogen=51822.4156
mean B0=86.3011 homogen=110794.9416
mean B0=75.8552 homogen=27331.986
mean B0=84.4291 homogen=77481.769
mean B0=79.1021 homogen=53756.9224
mean B0=78.0661 homogen=35267.3751
mean B0=78.1847 homogen=36682.0208
mean B0=67.523 homogen=8358.4336
mean B0=70.743 homogen=11083.4128
mean B0=75.4647 homogen=56112.2523
mean B0=64.4244 homogen=233842.5696
mean B0=70.7241 homogen=12907.4949
mean B0=75.5623 homogen=27667.7531
mean B0=81.0223 homogen=55050.3671
mean B0=77.0389 homogen=30782.3765
mean B0=86.8227 homogen=89225.3927
mean B0=84.4649 homogen=79330.0887
mean B0=76.0543 homogen=29289.8587
mean B0=78.7962 homogen=47317.1846
mean B0=82.0036 homogen=65584.5044
mean B0=75.5224 homogen=26947.6539
mean B0=78.9106 homogen=40457.5588
mean B0=66.4105 homogen=6624.8924
mean B0=73.2204 homogen=20321.8822
mean B0=67.2018 homogen=32032.4973
   108 |     4320 |     40 |  0.000000E+00 |  0.000000E+00 |  0.0057236804 |         ideal
mean B0=78.8507 homogen=39202.5432
mean B0=67.523 homogen=8358.4336
mean B0=82.961 homogen=54500.6658
mean B0=70.1809 homogen=14449.1271
mean B0=75.6885 homogen=26202.2064
mean B0=75.9614 homogen=64765.7705
mean B0=70.5026 homogen=10609.5279
mean B0=84.4801 homogen=79214.8617
mean B0=74.8246 homogen=60877.3973
mean B0=68.7884 homogen=188039.3605
mean B0=80.7961 homogen=69926.7653
mean B0=76.6926 homogen=29336.442
mean B0=85.2894 homogen=101754.3467
mean B0=81.3749 homogen=61866.7489
mean B0=69.2147 homogen=28928.9008
mean B0=84.5761 homogen=83836.5671
mean B0=75.4954 homogen=26147.4075
mean B0=67.3385 homogen=131053.7319
mean B0=73.2957 homogen=24127.8343
mean B0=61.5199 homogen=33302.5855
mean B0=83.8088 homogen=75931.178
mean B0=67.4201 homogen=34826.5755
mean B0=80.0731 homogen=47908.9459
mean B0=69.9733 homogen=24685.9578
mean B0=81.477 homogen=58495.6176
mean B0=76.7976 homogen=28942.656
mean B0=73.8519 homogen=20966.4207
mean B0=76.615 homogen=30636.2136
mean B0=86.3827 homogen=111336.5959
mean B0=78.9246 homogen=36415.7427
mean B0=87.3936 homogen=102114.6292
mean B0=69.9691 homogen=34219.7944
mean B0=81.1851 homogen=53480.0327
mean B0=79.6333 homogen=43734.2636
mean B0=76.1817 homogen=27625.1001
mean B0=84.141 homogen=75675.2939
mean B0=78.0781 homogen=35329.0016
mean B0=73.3474 homogen=14549.0877
mean B0=80.2273 homogen=56002.3436
mean B0=78.3847 homogen=36777.5743
   109 |     4360 |     40 |  0.000000E+00 |  0.000000E+00 |  0.0041467111 |         ideal
mean B0=73.9599 homogen=21188.393
mean B0=75.5838 homogen=26400.4481
mean B0=84.1133 homogen=79026.1585
mean B0=79.407 homogen=41712.6994
mean B0=83.2905 homogen=76125.5128
mean B0=74.5271 homogen=25476.2978
mean B0=84.1103 homogen=81884.2067
mean B0=73.5707 homogen=19813.5458
mean B0=77.1185 homogen=37497.8003
mean B0=70.651 homogen=14040.5698
mean B0=78.5268 homogen=37653.8576
mean B0=82.0461 homogen=61028.686
mean B0=87.2808 homogen=101862.3229
mean B0=71.3418 homogen=13439.8493
mean B0=80.5183 homogen=51095.5657
mean B0=80.1436 homogen=46754.9875
mean B0=81.8346 homogen=57057.4918
mean B0=50.6489 homogen=82455.2421
mean B0=83.4306 homogen=76880.3606
mean B0=65.1488 homogen=49617.1478
mean B0=72.4455 homogen=18135.2064
mean B0=79.5491 homogen=43603.4006
mean B0=84.9433 homogen=84015.9867
mean B0=84.6994 homogen=86775.9694
mean B0=68.0926 homogen=8620.6301
mean B0=72.5411 homogen=35321.6604
mean B0=75.884 homogen=26966.9881
mean B0=81.9059 homogen=64802.7833
mean B0=68.4443 homogen=263168.1195
mean B0=82.5067 homogen=65419.6835
mean B0=76.1852 homogen=27615.808
mean B0=77.0264 homogen=34547.9663
mean B0=78.6884 homogen=51465.0936
mean B0=81.1467 homogen=53222.9245
mean B0=80.4907 homogen=50634.8347
mean B0=71.6484 homogen=13845.3013
mean B0=84.1596 homogen=76869.5174
mean B0=69.6794 homogen=11035.1157
mean B0=84.9704 homogen=94959.0791
mean B0=70.3984 homogen=31447.3095
   110 |     4400 |     40 |  0.000000E+00 |  0.000000E+00 |  0.0048314066 |             f
mean B0=80.4939 homogen=50565.5538
mean B0=69.9264 homogen=9491.6782
mean B0=74.2239 homogen=26803.8105
mean B0=76.6871 homogen=23956.3962
mean B0=68.9438 homogen=19257.7691
mean B0=87.0134 homogen=94208.3211
mean B0=78.2312 homogen=37109.3142
mean B0=79.293 homogen=42653.1807
mean B0=78.0711 homogen=81753.5863
mean B0=74.1607 homogen=22282.4221
mean B0=82.5823 homogen=79355.9608
mean B0=74.4248 homogen=21553.8991
mean B0=85.6864 homogen=86997.0957
mean B0=69.6457 homogen=43225.0931
mean B0=79.2209 homogen=41158.9925
mean B0=68.0835 homogen=8657.7951
mean B0=81.7119 homogen=65654.7549
mean B0=73.8397 homogen=24046.1264
mean B0=71.4295 homogen=13482.1771
mean B0=61.0236 homogen=178571.5546
mean B0=80.1822 homogen=49054.1658
mean B0=67.2573 homogen=7201.0393
mean B0=75.2917 homogen=25607.0291
mean B0=75.4291 homogen=27752.044
mean B0=87.8229 homogen=99721.1384
mean B0=69.6737 homogen=13093.7414
mean B0=74.8261 homogen=40527.8762
mean B0=84.1958 homogen=76193.0778
mean B0=81.4822 homogen=55510.2239
mean B0=78.6766 homogen=37928.2082
mean B0=86.5193 homogen=105841.1077
mean B0=69.9008 homogen=9786.7851
mean B0=82.682 homogen=70341.8887
mean B0=71.4291 homogen=34085.3239
mean B0=85.099 homogen=85605.6037
mean B0=83.3728 homogen=72629.5557
mean B0=77.5982 homogen=33759.9838
mean B0=74.8585 homogen=24055.8843
mean B0=77.482 homogen=45657.5317
mean B0=77.3291 homogen=28231.0658
   111 |     4440 |     40 |  0.000000E+00 |  0.000000E+00 |  0.0030630375 |             f
mean B0=75.1248 homogen=28103.4281
mean B0=79.0574 homogen=44291.1899
mean B0=83.3883 homogen=94334.3356
mean B0=72.0675 homogen=14205.687
mean B0=78.0054 homogen=82637.4647
mean B0=67.7381 homogen=26769.1227
mean B0=80.44 homogen=49251.6655
mean B0=78.6767 homogen=37925.9076
mean B0=75.2917 homogen=25607.0291
mean B0=84.6153 homogen=80233.6112
mean B0=76.6685 homogen=29115.7021
mean B0=72.732 homogen=18077.0056
mean B0=78.7257 homogen=28997.9381
mean B0=73.0818 homogen=24373.7743
mean B0=83.6221 homogen=76195.1716
mean B0=84.9571 homogen=84025.1765
mean B0=68.0926 homogen=8620.6301
mean B0=74.9744 homogen=33711.1737
mean B0=82.0461 homogen=61028.686
mean B0=81.572 homogen=56586.2406
mean B0=73.9277 homogen=24857.2829
mean B0=69.0057 homogen=16489.5174
mean B0=78.5084 homogen=38472.7124
mean B0=78.9016 homogen=61184.3575
mean B0=71.0736 homogen=32556.3656
mean B0=73.6892 homogen=25305.7296
mean B0=82.324 homogen=69532.2447
mean B0=84.1958 homogen=76187.5786
mean B0=81.4822 homogen=55510.2239
mean B0=77.1475 homogen=31419.5032
mean B0=86.3567 homogen=98740.9599
mean B0=71.3104 homogen=13354.5405
mean B0=69.7191 homogen=11212.2171
mean B0=87.6118 homogen=89134.3101
mean B0=79.1685 homogen=40961.1426
mean B0=84.7173 homogen=85434.468
mean B0=69.5422 homogen=8833.6481
mean B0=74.7848 homogen=26834.2903
mean B0=69.9264 homogen=9491.6782
mean B0=78.3481 homogen=37472.1583
   112 |     4480 |     40 |  0.000000E+00 |  0.000000E+00 |  0.0021121943 |             f
mean B0=77.4373 homogen=29935.4909
mean B0=85.4514 homogen=85322.0061
mean B0=88.4067 homogen=104224.4584
mean B0=83.2269 homogen=76131.3525
mean B0=85.1373 homogen=91858.9303
mean B0=84.1628 homogen=75910.1065
mean B0=75.4402 homogen=26852.2834
mean B0=74.4527 homogen=25435.2032
mean B0=73.5049 homogen=19546.22
mean B0=85.1078 homogen=85564.2937
mean B0=81.3425 homogen=56119.8848
mean B0=74.7356 homogen=24489.857
mean B0=75.54 homogen=26339.6391
mean B0=80.5903 homogen=51730.1355
mean B0=74.805 homogen=26386.8277
mean B0=79.924 homogen=36570.1353
mean B0=77.5637 homogen=33623.4148
mean B0=79.8744 homogen=122689.1849
mean B0=80.4755 homogen=57534.6642
mean B0=78.3048 homogen=40333.6912
mean B0=73.1525 homogen=67814.2206
mean B0=78.1621 homogen=35593.5077
mean B0=70.5059 homogen=16935.5677
mean B0=81.891 homogen=57208.1733
mean B0=83.7996 homogen=66033.3743
mean B0=67.2898 homogen=7329.228
mean B0=80.8991 homogen=66478.0805
mean B0=71.3226 homogen=12392.6522
mean B0=83.7913 homogen=75255.155
mean B0=79.4825 homogen=42748.884
mean B0=77.2131 homogen=31141.3829
mean B0=76.7684 homogen=32403.14
mean B0=80.1641 homogen=51386.2593
mean B0=82.0584 homogen=61112.7463
mean B0=56.5851 homogen=190071.3236
mean B0=85.2071 homogen=81477.5706
mean B0=46.0005 homogen=120004.367
mean B0=71.8602 homogen=40980.0267
mean B0=69.4783 homogen=11089.0553
mean B0=66.871 homogen=24399.4563
   113 |     4520 |     40 |  0.000000E+00 |  0.000000E+00 |  0.0053479330 |             f
mean B0=78.936 homogen=75013.2999
mean B0=77.0589 homogen=30257.797
mean B0=81.2387 homogen=54904.5227
mean B0=75.1653 homogen=30939.559
mean B0=84.0812 homogen=97614.2616
mean B0=81.9029 homogen=57157.189
mean B0=77.5575 homogen=33810.3325
mean B0=85.4253 homogen=85070.9616
mean B0=63.3141 homogen=10964.1825
mean B0=73.5049 homogen=19546.22
mean B0=78.1574 homogen=39868.3446
mean B0=49.2535 homogen=340306.5356
mean B0=79.5408 homogen=44148.5183
mean B0=83.9346 homogen=74174.7912
mean B0=79.4395 homogen=42936.2054
mean B0=85.2071 homogen=81477.5706
mean B0=75.8807 homogen=27444.3746
mean B0=86.0732 homogen=107620.8722
mean B0=76.7564 homogen=30082.0569
mean B0=72.7802 homogen=18909.9529
mean B0=75.7035 homogen=27756.9581
mean B0=79.324 homogen=41847.3294
mean B0=84.1901 homogen=80486.2582
mean B0=76.5174 homogen=31509.1878
mean B0=80.5478 homogen=35187.5171
mean B0=83.5327 homogen=81549.4422
mean B0=74.4986 homogen=25817.0838
mean B0=82.3498 homogen=69767.5441
mean B0=68.0824 homogen=8597.4567
mean B0=45.0071 homogen=98456.2013
mean B0=77.5697 homogen=34030.0068
mean B0=85.1665 homogen=76625.7079
mean B0=78.3207 homogen=36807.5417
mean B0=80.3361 homogen=49545.7008
mean B0=86.2379 homogen=109386.5331
mean B0=71.3104 homogen=13354.5405
mean B0=69.5422 homogen=8832.0563
mean B0=82.9764 homogen=73361.7407
mean B0=75.0218 homogen=41051.4171
mean B0=76.4662 homogen=28818.9059
   114 |     4560 |     40 |  0.000000E+00 |  0.000000E+00 |  0.0020692752 |             f
mean B0=49.3033 homogen=105790.0616
mean B0=84.0479 homogen=80858.3726
mean B0=84.0593 homogen=74817.2837
mean B0=84.8327 homogen=83243.6418
mean B0=84.0951 homogen=57289.3905
mean B0=79.1601 homogen=48415.9757
mean B0=76.5964 homogen=29910.5343
mean B0=83.9341 homogen=74177.5236
mean B0=54.9154 homogen=61060.5553
mean B0=74.2717 homogen=25188.1169
mean B0=69.7644 homogen=19778.0445
mean B0=75.7728 homogen=103061.349
mean B0=69.8657 homogen=136139.7545
mean B0=68.0904 homogen=8625.9729
mean B0=77.6052 homogen=33644.4047
mean B0=76.7415 homogen=32605.3934
mean B0=83.4362 homogen=72158.7439
mean B0=69.524 homogen=9047.7875
mean B0=67.89 homogen=49533.0482
mean B0=73.7096 homogen=26507.7597
mean B0=86.343 homogen=110960.7677
mean B0=81.5304 homogen=53239.527
mean B0=82.467 homogen=70752.413
mean B0=77.8234 homogen=33854.8999
mean B0=83.849 homogen=76389.9373
mean B0=81.8981 homogen=57118.3562
mean B0=76.7941 homogen=29798.0544
mean B0=69.8453 homogen=17837.5443
mean B0=77.9754 homogen=35664.0623
mean B0=78.9659 homogen=48424.821
mean B0=84.4274 homogen=65973.0787
mean B0=67.9676 homogen=137133.1185
mean B0=77.5824 homogen=32249.3955
mean B0=82.0608 homogen=61129.476
mean B0=71.43 homogen=13479.0323
mean B0=81.8413 homogen=66353.0024
mean B0=75.4852 homogen=25889.9292
mean B0=80.1 homogen=48115.5607
mean B0=72.2877 homogen=40302.671
mean B0=87.5056 homogen=104656.91
   115 |     4600 |     40 |  0.000000E+00 |  0.000000E+00 |  0.0032798733 |             f
mean B0=73.4188 homogen=19380.0848
mean B0=75.168 homogen=39299.7023
mean B0=82.9293 homogen=73503.1292
mean B0=78.3492 homogen=39501.7422
mean B0=78.1117 homogen=36073.4023
mean B0=77.2349 homogen=31213.7533
mean B0=75.3574 homogen=26146.6535
mean B0=69.915 homogen=12932.5817
mean B0=71.4933 homogen=15678.3939
mean B0=85.2071 homogen=81477.5706
mean B0=81.4663 homogen=52884.9512
mean B0=82.3303 homogen=69589.3705
mean B0=70.3429 homogen=9915.7209
mean B0=81.5165 homogen=64220.4496
mean B0=72.4981 homogen=13712.9763
mean B0=74.8469 homogen=27287.2887
mean B0=84.2492 homogen=75818.3861
mean B0=79.6977 homogen=44167.5454
mean B0=76.7943 homogen=29809.2624
mean B0=83.0317 homogen=87096.327
mean B0=73.3274 homogen=20126.2185
mean B0=74.7987 homogen=89151.1806
mean B0=81.5595 homogen=54866.5125
mean B0=68.3605 homogen=9720.2757
mean B0=82.0673 homogen=67342.7271
mean B0=81.5055 homogen=53144.2616
mean B0=85.9956 homogen=108253.6452
mean B0=71.0032 homogen=17189.0462
mean B0=70.8513 homogen=10911.1937
mean B0=82.0608 homogen=61129.476
mean B0=77.3705 homogen=33644.4836
mean B0=81.8931 homogen=57085.6507
mean B0=75.6662 homogen=27691.0393
mean B0=85.44 homogen=85291.2598
mean B0=75.3575 homogen=30424.4695
mean B0=78.0155 homogen=233295.6048
mean B0=80.392 homogen=49465.0897
mean B0=78.0968 homogen=35229.3069
mean B0=83.4353 homogen=72157.9001
mean B0=50.4442 homogen=68273.0505
   116 |     4640 |     40 |  0.000000E+00 |  0.000000E+00 |  0.0034444810 |             f
mean B0=76.1852 homogen=27615.808
mean B0=68.3042 homogen=276259.6539
mean B0=77.1146 homogen=34530.9068
mean B0=85.8873 homogen=101628.3008
mean B0=85.4511 homogen=85316.1082
mean B0=81.0983 homogen=47513.5941
mean B0=46.3952 homogen=119381.6632
mean B0=80.2054 homogen=43910.8603
mean B0=70.8785 homogen=18664.2036
mean B0=82.9279 homogen=76265.562
mean B0=50.846 homogen=82912.5166
mean B0=84.2886 homogen=77253.1869
mean B0=70.169 homogen=14623.2202
mean B0=81.606 homogen=54673.4859
mean B0=75.617 homogen=32502.8133
mean B0=80.7584 homogen=50548.6393
mean B0=80.3001 homogen=48813.5628
mean B0=83.93 homogen=74131.4226
mean B0=78.1621 homogen=35587.4488
mean B0=70.5026 homogen=10609.5279
mean B0=82.682 homogen=70341.8887
mean B0=67.4086 homogen=13238.6733
mean B0=74.325 homogen=25238.3498
mean B0=69.5093 homogen=30822.4032
mean B0=82.0607 homogen=61118.9118
mean B0=72.3437 homogen=17906.1763
mean B0=75.3278 homogen=25793.7854
mean B0=78.7611 homogen=38849.1722
mean B0=71.401 homogen=12211.9613
mean B0=67.9193 homogen=15043.7335
mean B0=77.9341 homogen=39556.1068
mean B0=71.5959 homogen=14083.6276
mean B0=82.0935 homogen=96533.6348
mean B0=80.028 homogen=48127.7487
mean B0=84.5436 homogen=79974.9371
mean B0=83.2477 homogen=76201.2074
mean B0=74.008 homogen=21630.9844
mean B0=84.2535 homogen=75851.6981
mean B0=84.6156 homogen=80238.6635
mean B0=78.6767 homogen=37925.9076
   117 |     4680 |     40 |  0.000000E+00 |  0.000000E+00 |  0.0017322583 |             f
mean B0=83.486 homogen=97404.6758
mean B0=78.6472 homogen=40227.3698
mean B0=72.773 homogen=18558.0695
mean B0=70.6788 homogen=13969.3034
mean B0=77.8334 homogen=36815.8906
mean B0=77.8979 homogen=37287.5336
mean B0=77.5693 homogen=74293.4016
mean B0=76.0016 homogen=29507.7978
mean B0=82.8215 homogen=71381.686
mean B0=76.8576 homogen=31500.5096
mean B0=82.5752 homogen=55569.2769
mean B0=72.3328 homogen=198159.9498
mean B0=78.2863 homogen=36497.8347
mean B0=84.6986 homogen=80444.7171
mean B0=78.4754 homogen=65025.8477
mean B0=78.4939 homogen=91735.0471
mean B0=67.2762 homogen=25106.4483
mean B0=85.2696 homogen=81694.0409
mean B0=75.5385 homogen=26329.5605
mean B0=70.5027 homogen=10609.1939
mean B0=82.3596 homogen=54095.1256
mean B0=78.4043 homogen=37243.9521
mean B0=72.3066 homogen=18194.7764
mean B0=78.5663 homogen=37352.0837
mean B0=70.3567 homogen=28751.1569
mean B0=72.1342 homogen=15445.6614
mean B0=62.7138 homogen=192953.4358
mean B0=82.9082 homogen=73378.2019
mean B0=74.1381 homogen=25643.4815
mean B0=75.639 homogen=28796.1449
mean B0=84.1551 homogen=102187.9698
mean B0=87.7252 homogen=103531.4731
mean B0=76.2493 homogen=27170.5954
mean B0=80.3729 homogen=48249.1897
mean B0=74.6844 homogen=31016.9155
mean B0=55.2686 homogen=143847.5767
mean B0=72.2684 homogen=24554.6153
mean B0=76.1255 homogen=27458.6707
mean B0=73.9618 homogen=21175.1294
mean B0=75.3276 homogen=25793.9041
   118 |     4720 |     40 |  0.000000E+00 |  0.000000E+00 |  0.0035876135 |             f
mean B0=85.1001 homogen=82113.5592
mean B0=79.7383 homogen=85907.935
mean B0=54.3149 homogen=67831.1867
mean B0=80.2161 homogen=60246.7107
mean B0=41.9625 homogen=143173.5163
mean B0=81.6719 homogen=56506.0621
mean B0=45.8783 homogen=116494.16
mean B0=77.3705 homogen=33644.4836
mean B0=87.3192 homogen=100189.3364
mean B0=81.5796 homogen=104930.0144
mean B0=66.6028 homogen=123554.1625
mean B0=65.7586 homogen=119581.9288
mean B0=73.4303 homogen=19377.8065
mean B0=79.1685 homogen=40961.1426
mean B0=82.0755 homogen=61194.438
mean B0=66.0172 homogen=8946.2952
mean B0=79.721 homogen=52700.3178
mean B0=70.6209 homogen=10885.6664
mean B0=70.6837 homogen=17156.5381
mean B0=80.3729 homogen=48249.1897
mean B0=82.0673 homogen=67342.7271
mean B0=77.19 homogen=31536.59
mean B0=76.9366 homogen=31079.263
mean B0=82.6573 homogen=58382.7529
mean B0=74.1897 homogen=38469.9827
mean B0=84.5361 homogen=77831.6283
mean B0=82.7023 homogen=57503.6499
mean B0=74.3007 homogen=19793.9908
mean B0=79.8427 homogen=45297.9871
mean B0=51.0923 homogen=372932.5096
mean B0=78.8644 homogen=31458.1496
mean B0=76.7998 homogen=49825.6455
mean B0=67.7994 homogen=255937.4078
mean B0=78.7611 homogen=38847.6391
mean B0=79.619 homogen=43664.0623
mean B0=76.0123 homogen=27468.7141
mean B0=77.2299 homogen=34842.7122
mean B0=71.477 homogen=13866.5827
mean B0=76.2081 homogen=27392.4429
mean B0=71.9114 homogen=20665.3642
   119 |     4760 |     40 |  0.000000E+00 |  0.000000E+00 |  0.0022119114 |             f
mean B0=79.9109 homogen=48797.8429
mean B0=78.9278 homogen=36441.8009
mean B0=68.546 homogen=171967.8822
mean B0=71.4246 homogen=13453.8129
mean B0=81.4738 homogen=67036.9262
mean B0=74.4874 homogen=28727.195
mean B0=68.0926 homogen=8620.9088
mean B0=77.782 homogen=34845.7352
mean B0=79.6614 homogen=43806.031
mean B0=76.5711 homogen=29423.4418
mean B0=77.4442 homogen=33415.5344
mean B0=75.7956 homogen=27676.6154
mean B0=85.0229 homogen=85688.1154
mean B0=61.7749 homogen=184043.4663
mean B0=85.4635 homogen=100181.965
mean B0=80.515 homogen=88594.0026
mean B0=82.9034 homogen=84864.2646
mean B0=77.2081 homogen=31602.8764
mean B0=85.551 homogen=97814.89
mean B0=73.2637 homogen=46355.2158
mean B0=74.5396 homogen=33307.1228
mean B0=75.304 homogen=74169.8508
mean B0=70.9906 homogen=32193.9783
mean B0=70.5076 homogen=10620.3036
mean B0=76.2015 homogen=27703.5679
mean B0=73.4449 homogen=37278.1887
mean B0=82.6821 homogen=70341.8516
mean B0=74.4845 homogen=39076.926
mean B0=80.7144 homogen=50385.9782
mean B0=81.4653 homogen=59695.2623
mean B0=78.6845 homogen=39051.4637
mean B0=75.6218 homogen=33183.9823
mean B0=78.2397 homogen=32428.8037
mean B0=79.3746 homogen=63915.3675
mean B0=74.5141 homogen=28613.4633
mean B0=73.453 homogen=25308.7283
mean B0=74.894 homogen=34586.4652
mean B0=75.684 homogen=219019.021
mean B0=66.0079 homogen=198812.117
mean B0=74.9076 homogen=72431.0789
   120 |     4800 |     40 |  0.000000E+00 |  0.000000E+00 |  0.0029752206 |             f
mean B0=74.3172 homogen=25228.4547
mean B0=82.9912 homogen=71017.2031
mean B0=75.8798 homogen=30114.1894
mean B0=79.105 homogen=40623.6709
mean B0=69.4384 homogen=8588.7051
mean B0=80.8359 homogen=50964.1649
mean B0=85.1588 homogen=94318.0497
mean B0=47.3 homogen=115253.2181
mean B0=80.7624 homogen=61101.2625
mean B0=85.5956 homogen=98098.8326
mean B0=75.4835 homogen=30277.2201
mean B0=79.9784 homogen=46751.8502
mean B0=71.4723 homogen=13631.4434
mean B0=72.3691 homogen=26348.6843
mean B0=85.4514 homogen=85322.0061
mean B0=64.7702 homogen=223965.0277
mean B0=70.5084 homogen=10623.3081
mean B0=84.6986 homogen=80434.7002
mean B0=86.3827 homogen=111336.5959
mean B0=82.5752 homogen=55569.2769
mean B0=82.0824 homogen=61244.8235
mean B0=52.8921 homogen=70724.2869
mean B0=67.3097 homogen=6327.3542
mean B0=85.7298 homogen=104415.0926
mean B0=67.7803 homogen=10801.6906
mean B0=85.3714 homogen=84650.3197
mean B0=72.18 homogen=17661.0361
mean B0=47.5362 homogen=113575.8785
mean B0=77.9465 homogen=34792.1336
mean B0=54.748 homogen=61336.2969
mean B0=73.2712 homogen=23837.1593
mean B0=62.759 homogen=238447.6652
mean B0=80.6609 homogen=50070.5788
mean B0=78.0514 homogen=34964.8902
mean B0=80.0731 homogen=47908.9459
mean B0=85.2775 homogen=98207.6716
mean B0=77.4395 homogen=33380.0524
mean B0=74.453 homogen=25436.1624
mean B0=67.5411 homogen=8487.8525
mean B0=79.8427 homogen=45297.9871
   121 |     4840 |     40 |  0.000000E+00 |  0.000000E+00 |  0.0020001372 |             f
mean B0=77.452 homogen=33325.9433
mean B0=81.0888 homogen=65234.6952
mean B0=70.7072 homogen=13091.5566
mean B0=80.8362 homogen=50961.834
mean B0=74.0815 homogen=19634.5569
mean B0=68.9857 homogen=27882.688
mean B0=79.6328 homogen=47878.5118
mean B0=78.7611 homogen=38847.6391
mean B0=79.6188 homogen=43657.8606
mean B0=77.4556 homogen=35317.2447
mean B0=71.9018 homogen=16627.3773
mean B0=45.242 homogen=128570.7551
mean B0=77.4289 homogen=31994.2933
mean B0=75.4354 homogen=35433.9579
mean B0=69.7018 homogen=11863.9088
mean B0=71.4427 homogen=13529.6496
mean B0=75.3275 homogen=25792.1528
mean B0=82.9649 homogen=73053.5931
mean B0=73.7966 homogen=39266.5295
mean B0=84.4147 homogen=75315.1853
mean B0=76.2372 homogen=27068.4935
mean B0=83.3489 homogen=57917.2026
mean B0=82.4058 homogen=65941.2772
mean B0=80.661 homogen=50065.2718
mean B0=82.3566 homogen=98409.6499
mean B0=85.9969 homogen=99671.2152
mean B0=71.3942 homogen=206887.7245
mean B0=74.2717 homogen=25188.1169
mean B0=82.0818 homogen=61240.5003
mean B0=78.5697 homogen=37442.2488
mean B0=84.5361 homogen=77831.6283
mean B0=76.7605 homogen=32760.2097
mean B0=74.1154 homogen=69661.3799
mean B0=80.8723 homogen=82479.6395
mean B0=79.661 homogen=55547.9429
mean B0=74.8774 homogen=21016.7427
mean B0=85.5508 homogen=97821.8387
mean B0=86.0832 homogen=108009.1487
mean B0=74.3513 homogen=73774.8556
mean B0=72.1402 homogen=16040.757
   122 |     4880 |     40 |  0.000000E+00 |  0.000000E+00 |  0.0041785170 |             f
mean B0=81.8034 homogen=54962.0505
mean B0=75.3351 homogen=25826.3612
mean B0=83.6938 homogen=65176.504
mean B0=71.5572 homogen=13946.7743
mean B0=73.2277 homogen=20466.7404
mean B0=85.9594 homogen=106294.809
mean B0=72.6184 homogen=27715.5219
mean B0=82.061 homogen=61114.8992
mean B0=82.0527 homogen=61159.8512
mean B0=76.6708 homogen=27299.8562
mean B0=84.3285 homogen=85480.4248
mean B0=81.9492 homogen=75553.1189
mean B0=66.6374 homogen=8369.8773
mean B0=77.7207 homogen=34649.8146
mean B0=78.0968 homogen=35229.3069
mean B0=78.1998 homogen=41688.9812
mean B0=69.4135 homogen=8526.8532
mean B0=85.6782 homogen=85343.4867
mean B0=79.6782 homogen=54564.5558
mean B0=75.3689 homogen=31170.3177
mean B0=84.4428 homogen=68507.9584
mean B0=73.7625 homogen=20521.5442
mean B0=71.9114 homogen=20665.3346
mean B0=75.2357 homogen=26382.2256
mean B0=83.684 homogen=99440.9047
mean B0=72.2195 homogen=16415.1469
mean B0=75.4468 homogen=33186.2288
mean B0=76.2491 homogen=27170.3708
mean B0=81.4955 homogen=52994.8773
mean B0=67.6576 homogen=10003.0927
mean B0=85.7849 homogen=90334.829
mean B0=76.1656 homogen=30307.3535
mean B0=67.3562 homogen=8801.2061
mean B0=79.3603 homogen=46201.5612
mean B0=85.4514 homogen=85322.0061
mean B0=61.6487 homogen=139894.6954
mean B0=77.6528 homogen=33629.4365
mean B0=78.697 homogen=38532.2102
mean B0=86.9509 homogen=93523.7009
mean B0=81.1076 homogen=98461.2687
   123 |     4920 |     40 |  0.000000E+00 |  0.000000E+00 |  0.0027758587 |             f
mean B0=80.8496 homogen=51105.9713
mean B0=75.9493 homogen=31662.6921
mean B0=79.9008 homogen=43422.7257
mean B0=84.4593 homogen=87486.0209
mean B0=80.5482 homogen=57161.266
mean B0=73.9618 homogen=21175.1294
mean B0=75.0379 homogen=62503.8131
mean B0=78.8072 homogen=39861.2014
mean B0=74.4954 homogen=27457.1174
mean B0=73.4303 homogen=19377.8065
mean B0=84.088 homogen=101371.1106
mean B0=82.1503 homogen=60732.3219
mean B0=80.6501 homogen=85108.2361
mean B0=76.1882 homogen=27004.4152
mean B0=71.1516 homogen=12288.7186
mean B0=69.4263 homogen=8567.0563
mean B0=81.0584 homogen=66566.8777
mean B0=81.6878 homogen=56628.6867
mean B0=66.4951 homogen=233714.2988
mean B0=67.2432 homogen=5867.1557
mean B0=83.4221 homogen=71794.7401
mean B0=74.1154 homogen=30463.912
mean B0=84.3862 homogen=80618.6856
mean B0=61.8993 homogen=12919.5796
mean B0=70.3033 homogen=33207.0539
mean B0=80.661 homogen=50065.2718
mean B0=79.5321 homogen=36952.2111
mean B0=77.0783 homogen=33963.5592
mean B0=83.6887 homogen=106777.0742
mean B0=78.6423 homogen=37682.4305
mean B0=76.5783 homogen=33565.8858
mean B0=79.1956 homogen=36106.087
mean B0=78.0081 homogen=35385.2867
mean B0=76.9847 homogen=31182.9385
mean B0=72.5416 homogen=24382.0808
mean B0=86.5456 homogen=111652.8612
mean B0=86.9773 homogen=93744.3882
mean B0=77.4358 homogen=33240.9505
mean B0=85.7849 homogen=90334.6345
mean B0=75.4103 homogen=26230.9307
   124 |     4960 |     40 |  0.000000E+00 |  0.000000E+00 |  0.0084362116 |         ideal
mean B0=69.2488 homogen=25845.0395
mean B0=83.4221 homogen=71794.7401
mean B0=61.2321 homogen=175470.8795
mean B0=78.8711 homogen=38456.8848
mean B0=84.3826 homogen=77425.0604
mean B0=72.624 homogen=20270.5374
mean B0=76.1146 homogen=27338.1638
mean B0=85.9599 homogen=106291.4749
mean B0=79.7889 homogen=55183.0841
mean B0=74.2535 homogen=30962.4791
mean B0=77.8758 homogen=99507.1653
mean B0=73.576 homogen=20120.8921
mean B0=74.2742 homogen=25199.9
mean B0=71.8333 homogen=26701.1217
mean B0=69.4262 homogen=9563.6942
mean B0=78.8954 homogen=39748.9027
mean B0=82.0025 homogen=57377.9266
mean B0=81.4307 homogen=54697.4915
mean B0=79.0967 homogen=40659.5018
mean B0=77.472 homogen=33391.8242
mean B0=84.4576 homogen=74794.3123
mean B0=76.5826 homogen=238087.5082
mean B0=72.1625 homogen=16134.5266
mean B0=78.83 homogen=64612.2421
mean B0=75.5436 homogen=26923.5226
mean B0=73.9609 homogen=34293.2131
mean B0=63.5951 homogen=218626.8801
mean B0=82.682 homogen=70343.0567
mean B0=87.6609 homogen=103961.3182
mean B0=71.7893 homogen=15954.8258
mean B0=87.4776 homogen=111243.533
mean B0=78.3886 homogen=89756.1309
mean B0=76.9358 homogen=84054.029
mean B0=77.4367 homogen=41141.2144
mean B0=70.6198 homogen=10924.6205
mean B0=82.7269 homogen=60359.0802
mean B0=70.768 homogen=33197.2081
mean B0=67.7788 homogen=9290.0854
mean B0=85.7934 homogen=90258.7352
mean B0=73.4119 homogen=19301.477
   125 |     5000 |     40 |  0.000000E+00 |  0.000000E+00 |  0.0460612996 |         ideal
mean B0=80.6378 homogen=49976.4202
mean B0=75.5388 homogen=26945.4312
mean B0=73.1407 homogen=21227.1623
mean B0=86.786 homogen=98221.3528
mean B0=74.2964 homogen=207561.4854
mean B0=76.0755 homogen=29493.2425
mean B0=71.0098 homogen=13701.2775
mean B0=78.4952 homogen=32551.5886
mean B0=74.1499 homogen=55425.007
mean B0=80.3584 homogen=52643.0589
mean B0=70.5404 homogen=12950.5464
mean B0=82.1655 homogen=58465.468
mean B0=78.0315 homogen=31149.5548
mean B0=82.3948 homogen=93883.9384
mean B0=74.2525 homogen=38707.0715
mean B0=84.674 homogen=100555.6363
mean B0=77.4036 homogen=33035.8435
mean B0=85.758 homogen=102491.3566
mean B0=80.7208 homogen=50328.2906
mean B0=77.0914 homogen=244365.4524
mean B0=85.6983 homogen=85381.5783
mean B0=85.2758 homogen=81787.0064
mean B0=70.3619 homogen=9948.9365
mean B0=78.9181 homogen=38663.3984
mean B0=75.3274 homogen=25788.5915
mean B0=74.1473 homogen=26183.893
mean B0=75.0292 homogen=25395.9076
mean B0=70.2605 homogen=13592.6907
mean B0=67.2584 homogen=6002.3866
mean B0=69.5262 homogen=12677.2378
mean B0=73.4692 homogen=21128.3596
mean B0=56.7207 homogen=271904.7345
mean B0=68.8397 homogen=9358.5381
mean B0=79.1281 homogen=39651.4493
mean B0=77.6421 homogen=35760.0606
mean B0=79.7102 homogen=39480.5901
mean B0=77.0074 homogen=30630.2531
mean B0=84.6694 homogen=77216.3872
mean B0=74.4032 homogen=208515.1997
mean B0=83.7516 homogen=76442.6037
   126 |     5040 |     40 |  0.000000E+00 |  0.000000E+00 |  0.0044010377 |             f
mean B0=81.6223 homogen=120660.4456
mean B0=85.6782 homogen=85340.8044
mean B0=78.2186 homogen=38505.451
mean B0=81.876 homogen=62779.0434
mean B0=82.0122 homogen=57451.7175
mean B0=79.9068 homogen=43573.8725
mean B0=85.2892 homogen=81582.9673
mean B0=72.8 homogen=18697.5965
mean B0=73.5472 homogen=20050.5995
mean B0=86.3355 homogen=93614.4993
mean B0=78.0787 homogen=35410.5473
mean B0=76.7035 homogen=38546.6036
mean B0=82.1166 homogen=58131.9737
mean B0=79.6533 homogen=40076.7813
mean B0=79.8465 homogen=43065.7514
mean B0=80.0625 homogen=89063.34
mean B0=76.0397 homogen=32395.0808
mean B0=75.381 homogen=27828.8208
mean B0=71.7021 homogen=15386.3141
mean B0=79.1287 homogen=39649.1746
mean B0=72.2255 homogen=41095.1184
mean B0=74.3615 homogen=56562.0424
mean B0=68.6941 homogen=15760.6326
mean B0=76.5423 homogen=31899.6083
mean B0=75.0206 homogen=25399.9948
mean B0=85.7969 homogen=89815.9769
mean B0=67.2469 homogen=5892.2462
mean B0=67.2218 homogen=5760.8103
mean B0=82.7625 homogen=60600.609
mean B0=85.2772 homogen=74787.5667
mean B0=80.7197 homogen=52255.3248
mean B0=84.6642 homogen=77227.0365
mean B0=83.4704 homogen=72186.1383
mean B0=68.4998 homogen=8718.903
mean B0=72.2167 homogen=16282.432
mean B0=76.7901 homogen=32388.8421
mean B0=64.1961 homogen=188008.6014
mean B0=74.4357 homogen=24314.6829
mean B0=69.663 homogen=8762.0745
mean B0=80.637 homogen=49980.9374
   127 |     5080 |     40 |  0.000000E+00 |  0.000000E+00 |  0.0026474521 |             f
mean B0=64.908 homogen=223351.2879
mean B0=67.2227 homogen=5760.1489
mean B0=82.7741 homogen=82047.8252
mean B0=78.0811 homogen=35424.7232
mean B0=85.3081 homogen=81625.8205
mean B0=71.2519 homogen=13997.5494
mean B0=86.5996 homogen=110675.8626
mean B0=68.46 homogen=14416.2097
mean B0=83.4736 homogen=99319.9256
mean B0=75.7678 homogen=34236.266
mean B0=77.6351 homogen=33190.3017
mean B0=69.4135 homogen=8527.0412
mean B0=77.404 homogen=33030.7699
mean B0=77.9137 homogen=36062.608
mean B0=73.9834 homogen=21258.8412
mean B0=76.9878 homogen=30521.8189
mean B0=82.1655 homogen=58465.468
mean B0=77.9823 homogen=40816.0178
mean B0=86.2032 homogen=92633.819
mean B0=53.6717 homogen=68276.4809
mean B0=78.5697 homogen=37442.2488
mean B0=81.43 homogen=54698.5591
mean B0=78.1373 homogen=34541.4192
mean B0=76.2471 homogen=27186.9637
mean B0=84.4379 homogen=74749.5715
mean B0=72.5632 homogen=19519.8713
mean B0=85.1133 homogen=68646.4903
mean B0=69.5493 homogen=8523.0724
mean B0=76.3251 homogen=32943.817
mean B0=80.8616 homogen=86668.8718
mean B0=77.6246 homogen=67229.1617
mean B0=69.5422 homogen=8832.1704
mean B0=75.0294 homogen=25393.929
mean B0=75.7055 homogen=33146.9493
mean B0=82.7374 homogen=60429.4343
mean B0=81.0007 homogen=68681.7905
mean B0=80.8496 homogen=51105.9713
mean B0=68.9946 homogen=28240.0204
mean B0=84.8003 homogen=78138.4489
mean B0=79.9072 homogen=43578.8103
   128 |     5120 |     40 |  0.000000E+00 |  0.000000E+00 |  0.0015675721 |             f
mean B0=70.1206 homogen=9744.4594
mean B0=84.7926 homogen=78187.2261
mean B0=81.3956 homogen=54538.4023
mean B0=83.2893 homogen=71024.3801
mean B0=71.1914 homogen=11349.9629
mean B0=85.7554 homogen=107978.5906
mean B0=72.0272 homogen=16823.0199
mean B0=71.4989 homogen=16734.6847
mean B0=76.8077 homogen=34348.6366
mean B0=76.1825 homogen=45540.6779
mean B0=86.3472 homogen=93621.446
mean B0=73.9944 homogen=21236.0664
mean B0=85.2999 homogen=81669.0718
mean B0=81.5322 homogen=53179.8552
mean B0=83.3625 homogen=81543.0772
mean B0=56.7396 homogen=45069.9783
mean B0=72.8174 homogen=18844.6707
mean B0=77.9005 homogen=32982.318
mean B0=79.155 homogen=39787.7944
mean B0=64.6395 homogen=20897.6145
mean B0=75.3616 homogen=25119.5834
mean B0=77.4041 homogen=32996.3565
mean B0=82.0384 homogen=57560.1489
mean B0=72.9345 homogen=18278.1936
mean B0=72.9315 homogen=27009.7522
mean B0=78.4019 homogen=35913.9097
mean B0=75.7494 homogen=29361.3151
mean B0=85.9642 homogen=89756.2242
mean B0=82.4386 homogen=69434.7472
mean B0=84.8742 homogen=78633.6005
mean B0=76.9762 homogen=30460.2994
mean B0=71.2409 homogen=14011.9306
mean B0=78.1267 homogen=34489.8379
mean B0=84.3549 homogen=81347.9073
mean B0=73.5064 homogen=34284.1643
mean B0=79.7935 homogen=42866.3418
mean B0=83.4005 homogen=71946.5858
mean B0=80.9921 homogen=53256.7135
mean B0=77.6078 homogen=33056.496
mean B0=70.3587 homogen=22718.8407
   129 |     5160 |     40 |  0.000000E+00 |  0.000000E+00 |  0.0040112140 |             f
mean B0=82.0025 homogen=57377.9266
mean B0=71.0948 homogen=35906.6865
mean B0=77.4835 homogen=31632.9667
mean B0=44.553 homogen=121182.6433
mean B0=84.4661 homogen=82511.3559
mean B0=72.7156 homogen=18978.327
mean B0=63.5383 homogen=217963.8488
mean B0=76.2288 homogen=35439.8905
mean B0=84.5462 homogen=74537.7398
mean B0=76.9762 homogen=30460.2994
mean B0=78.5697 homogen=37443.0705
mean B0=81.0582 homogen=57905.2594
mean B0=79.0695 homogen=38980.3176
mean B0=77.0385 homogen=30924.7976
mean B0=75.9398 homogen=28796.5112
mean B0=58.9098 homogen=196670.4492
mean B0=86.5833 homogen=103731.8512
mean B0=79.7744 homogen=43096.0323
mean B0=85.809 homogen=94256.73
mean B0=84.9005 homogen=78700.8948
mean B0=71.0098 homogen=13701.2775
mean B0=79.9907 homogen=35542.5925
mean B0=69.1793 homogen=21258.0498
mean B0=72.928 homogen=18772.3225
mean B0=83.4704 homogen=72186.1383
mean B0=86.7859 homogen=98222.0125
mean B0=79.155 homogen=39787.7944
mean B0=74.3263 homogen=105999.8324
mean B0=82.6612 homogen=60690.5958
mean B0=77.9005 homogen=32982.318
mean B0=70.5027 homogen=10611.2226
mean B0=74.42 homogen=30235.9154
mean B0=80.1454 homogen=80071.1835
mean B0=81.4746 homogen=53364.7038
mean B0=85.2116 homogen=80672.5174
mean B0=74.2572 homogen=26850.6695
mean B0=85.7277 homogen=85254.0853
mean B0=74.5612 homogen=25012.5098
mean B0=68.0957 homogen=8629.5558
mean B0=82.0131 homogen=57475.3479
   130 |     5200 |     40 |  0.000000E+00 |  0.000000E+00 |  0.0014697800 |             f
mean B0=74.5454 homogen=24725.3406
mean B0=85.189 homogen=80447.1488
mean B0=72.9346 homogen=18276.9333
mean B0=57.3249 homogen=197992.0278
mean B0=83.0438 homogen=76278.495
mean B0=77.8928 homogen=40529.6203
mean B0=72.9302 homogen=28949.9782
mean B0=74.7998 homogen=25056.5227
mean B0=79.5184 homogen=42189.0008
mean B0=78.4936 homogen=42189.5015
mean B0=73.5115 homogen=219663.6793
mean B0=87.5515 homogen=90871.9974
mean B0=75.8845 homogen=40396.0025
mean B0=84.4466 homogen=74164.9899
mean B0=85.2061 homogen=80543.1236
mean B0=74.5709 homogen=51896.8935
mean B0=79.0695 homogen=38980.3176
mean B0=78.6085 homogen=39412.6678
mean B0=65.3434 homogen=117259.1088
mean B0=67.3539 homogen=26613.4032
mean B0=74.0122 homogen=21278.2238
mean B0=83.4915 homogen=72412.3352
mean B0=67.5413 homogen=8493.1969
mean B0=78.6265 homogen=37628.7318
mean B0=74.6241 homogen=30753.3841
mean B0=73.9318 homogen=24800.1334
mean B0=73.9567 homogen=20712.7813
mean B0=74.1074 homogen=21304.0145
mean B0=82.447 homogen=59006.8874
mean B0=79.7457 homogen=42474.6092
mean B0=72.9788 homogen=15668.6343
mean B0=79.8806 homogen=43309.1544
mean B0=86.5401 homogen=95868.2333
mean B0=86.0671 homogen=89835.0249
mean B0=67.3025 homogen=5175.8634
mean B0=75.9588 homogen=33206.6182
mean B0=84.8003 homogen=78138.4489
mean B0=86.6343 homogen=96710.963
mean B0=77.4966 homogen=31816.6842
mean B0=83.9495 homogen=81792.3544
   131 |     5240 |     40 |  0.000000E+00 |  0.000000E+00 |  0.0055086104 |         ideal
mean B0=69.2302 homogen=15766.1463
mean B0=86.3472 homogen=93621.446
mean B0=78.1015 homogen=112376.4614
mean B0=78.9143 homogen=39174.1951
mean B0=75.5436 homogen=26923.5226
mean B0=83.0779 homogen=73855.4541
mean B0=71.7313 homogen=15106.9507
mean B0=76.9121 homogen=29740.9532
mean B0=71.2511 homogen=18046.4424
mean B0=83.3431 homogen=56866.612
mean B0=77.9002 homogen=32983.9459
mean B0=86.2002 homogen=89210.9325
mean B0=70.4722 homogen=10536.9745
mean B0=82.1357 homogen=50503.6676
mean B0=57.3804 homogen=246579.8269
mean B0=85.2921 homogen=81583.361
mean B0=78.3751 homogen=38378.8221
mean B0=84.5509 homogen=74515.4007
mean B0=85.7277 homogen=85254.0853
mean B0=79.1245 homogen=40296.9354
mean B0=70.236 homogen=17964.3327
mean B0=78.5697 homogen=37442.2488
mean B0=84.1818 homogen=73231.5195
mean B0=82.0355 homogen=74637.4757
mean B0=67.5413 homogen=8493.1969
mean B0=77.1384 homogen=36846.765
mean B0=71.8016 homogen=26558.4833
mean B0=84.1602 homogen=72845.8031
mean B0=75.9724 homogen=30407.8022
mean B0=84.512 homogen=74318.2861
mean B0=79.9075 homogen=43577.984
mean B0=74.7721 homogen=24830.9086
mean B0=80.6755 homogen=50112.9334
mean B0=72.934 homogen=18266.5995
mean B0=79.0668 homogen=38992.0255
mean B0=84.8164 homogen=78181.7021
mean B0=87.5012 homogen=93591.1256
mean B0=85.9601 homogen=89781.3137
mean B0=71.7021 homogen=15386.3141
mean B0=76.8723 homogen=36442.3033
   132 |     5280 |     40 |  0.000000E+00 |  0.000000E+00 |  0.0017683163 |             f
mean B0=84.794 homogen=77956.139
mean B0=67.395 homogen=6765.2474
mean B0=73.5472 homogen=20050.5995
mean B0=85.93 homogen=89780.5935
mean B0=69.4074 homogen=8208.8132
mean B0=73.2248 homogen=43033.5451
mean B0=76.9959 homogen=34858.3645
mean B0=86.2032 homogen=92633.819
mean B0=74.405 homogen=38681.54
mean B0=75.8988 homogen=32774.9144
mean B0=74.9538 homogen=30341.265
mean B0=79.1568 homogen=39432.0525
mean B0=82.1013 homogen=68536.8109
mean B0=75.7046 homogen=31616.3257
mean B0=86.4826 homogen=110565.2906
mean B0=69.6854 homogen=12423.4353
mean B0=70.1206 homogen=9744.4594
mean B0=80.2702 homogen=36165.1128
mean B0=80.639 homogen=49982.3014
mean B0=59.7838 homogen=182135.8862
mean B0=86.5291 homogen=95734.4551
mean B0=77.6916 homogen=32691.3664
mean B0=79.9075 homogen=43577.984
mean B0=82.0695 homogen=57568.0268
mean B0=83.6716 homogen=73294.3576
mean B0=74.9623 homogen=56693.8281
mean B0=84.7569 homogen=89355.0507
mean B0=71.7313 homogen=15106.9507
mean B0=76.5473 homogen=32873.7608
mean B0=82.3373 homogen=58411.3795
mean B0=79.6867 homogen=46058.6968
mean B0=78.7302 homogen=65059.9371
mean B0=77.9986 homogen=36369.3404
mean B0=75.9837 homogen=233349.3233
mean B0=84.2912 homogen=73619.0584
mean B0=71.2956 homogen=11783.7395
mean B0=79.1245 homogen=40296.9354
mean B0=82.4666 homogen=58678.8933
mean B0=79.5177 homogen=42189.6122
mean B0=78.5696 homogen=37446.9473
   133 |     5320 |     40 |  0.000000E+00 |  0.000000E+00 |  0.0034762063 |             f
mean B0=79.9078 homogen=41263.8375
mean B0=81.2187 homogen=47136.1131
mean B0=77.7732 homogen=34416.7599
mean B0=70.9089 homogen=13721.8904
mean B0=88.4158 homogen=105288.665
mean B0=77.0713 homogen=84482.9789
mean B0=67.2609 homogen=7573.4812
mean B0=79.5922 homogen=36810.5643
mean B0=84.3055 homogen=73556.6565
mean B0=76.3909 homogen=29509.1629
mean B0=82.138 homogen=75931.853
mean B0=74.1115 homogen=21325.8871
mean B0=79.4462 homogen=40902.096
mean B0=85.2772 homogen=74247.3227
mean B0=85.295 homogen=81565.0711
mean B0=72.7157 homogen=19701.156
mean B0=76.1885 homogen=29298.4106
mean B0=82.0383 homogen=57560.4289
mean B0=72.0175 homogen=34996.2444
mean B0=82.7625 homogen=60600.6345
mean B0=69.4229 homogen=15297.5732
mean B0=83.2893 homogen=71024.3801
mean B0=77.5848 homogen=32614.4871
mean B0=77.0257 homogen=29795.1425
mean B0=41.929 homogen=148891.6052
mean B0=86.5446 homogen=95759.9049
mean B0=73.0847 homogen=18851.327
mean B0=85.6238 homogen=85769.1135
mean B0=78.5569 homogen=37482.1291
mean B0=71.4898 homogen=23415.7429
mean B0=78.3269 homogen=35136.7291
mean B0=81.5082 homogen=53092.4804
mean B0=77.1077 homogen=34322.1347
mean B0=76.1823 homogen=223448.4921
mean B0=85.9612 homogen=89778.8982
mean B0=72.4973 homogen=14978.6755
mean B0=57.8613 homogen=51138.5306
mean B0=80.6377 homogen=49976.5227
mean B0=70.0088 homogen=18594.3868
mean B0=72.2167 homogen=16282.9185
   134 |     5360 |     40 |  0.000000E+00 |  0.000000E+00 |  0.0013753114 |             f
mean B0=84.7451 homogen=77487.4031
mean B0=59.2208 homogen=186434.8451
mean B0=76.7147 homogen=33439.5549
mean B0=58.2274 homogen=277680.8761
mean B0=79.6971 homogen=45105.4543
mean B0=82.2496 homogen=57439.8708
mean B0=74.6344 homogen=24427.9186
mean B0=79.3831 homogen=80239.3447
mean B0=75.9489 homogen=32612.145
mean B0=74.7465 homogen=24179.8151
mean B0=84.4207 homogen=74563.636
mean B0=74.7479 homogen=207633.0902
mean B0=76.965 homogen=32586.4362
mean B0=81.8781 homogen=66616.2495
mean B0=77.3544 homogen=51458.833
mean B0=77.4755 homogen=31679.196
mean B0=82.9474 homogen=71194.4211
mean B0=85.694 homogen=85289.1196
mean B0=81.5082 homogen=53092.4804
mean B0=68.6524 homogen=9542.9979
mean B0=74.1711 homogen=21619.4941
mean B0=81.8515 homogen=68364.289
mean B0=72.4768 homogen=41234.0827
mean B0=78.9642 homogen=38729.714
mean B0=81.5929 homogen=81535.4331
mean B0=85.7167 homogen=91403.2381
mean B0=67.9928 homogen=6333.1882
mean B0=78.8985 homogen=38222.1782
mean B0=82.6783 homogen=60129.2263
mean B0=75.8991 homogen=29174.069
mean B0=71.3362 homogen=15107.1327
mean B0=81.6471 homogen=53804.1134
mean B0=81.8567 homogen=56487.8671
mean B0=76.4857 homogen=31592.3354
mean B0=75.3111 homogen=29171.2013
mean B0=79.5125 homogen=38267.8803
mean B0=69.9628 homogen=10960.8408
mean B0=86.8185 homogen=98158.7148
mean B0=56.8526 homogen=58441.5011
mean B0=68.4086 homogen=9841.3257
   135 |     5400 |     40 |  0.000000E+00 |  0.000000E+00 |  0.0041733421 |             f
mean B0=78.7972 homogen=37494.0263
mean B0=77.4038 homogen=31376.1088
mean B0=78.3269 homogen=35137.0015
mean B0=82.7626 homogen=60600.1338
mean B0=82.3376 homogen=57895.572
mean B0=70.9938 homogen=13966.3321
mean B0=83.5837 homogen=72658.9807
mean B0=73.9432 homogen=27623.0615
mean B0=75.9447 homogen=34454.8332
mean B0=69.8445 homogen=12749.8093
mean B0=86.8185 homogen=98158.7148
mean B0=77.2962 homogen=32387.2036
mean B0=82.8349 homogen=54230.0444
mean B0=69.4456 homogen=16900.1829
mean B0=71.3864 homogen=18664.7319
mean B0=73.7722 homogen=36849.5332
mean B0=75.4 homogen=25434.1392
mean B0=72.9486 homogen=18308.1368
mean B0=86.698 homogen=103700.2409
mean B0=86.1639 homogen=95435.1235
mean B0=83.0046 homogen=91529.1607
mean B0=79.0775 homogen=39192.0789
mean B0=85.3081 homogen=81625.4955
mean B0=82.6783 homogen=60129.2593
mean B0=78.4712 homogen=37461.3763
mean B0=68.0058 homogen=6333.7815
mean B0=84.9042 homogen=78807.1405
mean B0=70.3525 homogen=12268.7411
mean B0=77.6982 homogen=33569.1136
mean B0=85.823 homogen=79766.1077
mean B0=77.4835 homogen=31632.9667
mean B0=76.788 homogen=34375.672
mean B0=86.5967 homogen=85127.673
mean B0=79.097 homogen=41520.6714
mean B0=72.1153 homogen=21054.7095
mean B0=74.7115 homogen=28481.4693
mean B0=71.3025 homogen=15285.2
mean B0=83.1138 homogen=72222.7409
mean B0=85.1966 homogen=81372.4519
mean B0=72.519 homogen=41416.4091
   136 |     5440 |     40 |  0.000000E+00 |  0.000000E+00 |  0.0011921432 |             f
mean B0=72.934 homogen=18266.5995
mean B0=75.0303 homogen=42961.6257
mean B0=76.9387 homogen=30981.7046
mean B0=82.7223 homogen=60477.7705
mean B0=72.665 homogen=40303.9266
mean B0=83.6695 homogen=73285.6852
mean B0=86.9656 homogen=99850.3844
mean B0=86.1639 homogen=95435.1235
mean B0=82.2745 homogen=57402.046
mean B0=75.517 homogen=25199.748
mean B0=77.8743 homogen=32897.763
mean B0=84.8157 homogen=78186.0335
mean B0=76.2525 homogen=27154.0189
mean B0=74.8009 homogen=24204.6439
mean B0=73.0847 homogen=18851.327
mean B0=68.7545 homogen=8156.814
mean B0=80.403 homogen=105253.1967
mean B0=85.1608 homogen=83461.6849
mean B0=86.906 homogen=95940.2448
mean B0=85.7025 homogen=85438.5597
mean B0=79.0775 homogen=39192.0789
mean B0=76.2729 homogen=45510.399
mean B0=82.8002 homogen=89306.6419
mean B0=70.9945 homogen=13647.3093
mean B0=76.6719 homogen=36189.0083
mean B0=67.3011 homogen=5173.7285
mean B0=82.3241 homogen=57706.5518
mean B0=69.4074 homogen=8208.8132
mean B0=80.2188 homogen=49028.0024
mean B0=73.9924 homogen=20733.3456
mean B0=82.1639 homogen=58323.3662
mean B0=84.4207 homogen=74563.636
mean B0=84.9016 homogen=78821.6287
mean B0=80.6057 homogen=49741.2907
mean B0=79.9075 homogen=43577.984
mean B0=69.7576 homogen=11305.9994
mean B0=73.2279 homogen=38731.9098
mean B0=71.4926 homogen=14642.2302
mean B0=83.8723 homogen=86514.019
mean B0=86.4242 homogen=94180.7716
   137 |     5480 |     40 |  0.000000E+00 |  0.000000E+00 |  0.0033521633 |             f
mean B0=71.5421 homogen=16716.9425
mean B0=86.0487 homogen=89651.4129
mean B0=74.7267 homogen=24929.1776
mean B0=78.9107 homogen=46661.8121
mean B0=71.0109 homogen=21716.2002
mean B0=86.3444 homogen=93475.7573
mean B0=74.7477 homogen=24189.2148
mean B0=77.932 homogen=84780.3558
mean B0=76.2441 homogen=27179.2334
mean B0=75.1471 homogen=67961.5404
mean B0=75.5455 homogen=25308.6776
mean B0=69.8963 homogen=9267.5703
mean B0=88.0038 homogen=80472.4347
mean B0=67.9926 homogen=6333.2769
mean B0=71.7103 homogen=13767.0589
mean B0=86.4081 homogen=99536.6694
mean B0=73.0844 homogen=18848.9571
mean B0=79.9747 homogen=43927.5895
mean B0=81.7984 homogen=54782.387
mean B0=68.3055 homogen=16888.1518
mean B0=77.2877 homogen=31426.5171
mean B0=84.8211 homogen=78732.7232
mean B0=82.8356 homogen=61140.6832
mean B0=83.306 homogen=71049.7092
mean B0=73.3082 homogen=42076.6252
mean B0=68.003 homogen=6173.0685
mean B0=71.4904 homogen=14633.2484
mean B0=77.9005 homogen=32982.318
mean B0=80.2275 homogen=49050.3955
mean B0=79.1137 homogen=39220.2386
mean B0=73.9656 homogen=20647.0564
mean B0=79.4668 homogen=41085.4256
mean B0=85.6814 homogen=106033.9984
mean B0=74.1711 homogen=21610.2782
mean B0=71.7942 homogen=15290.4174
mean B0=77.8703 homogen=32793.1478
mean B0=80.6753 homogen=50104.3464
mean B0=74.4152 homogen=208436.3265
mean B0=84.8722 homogen=80269.5326
mean B0=77.0203 homogen=100497.0636
   138 |     5520 |     40 |  0.000000E+00 |  0.000000E+00 |  0.0021874640 |             f
mean B0=74.1708 homogen=25054.7715
mean B0=73.4731 homogen=41086.5179
mean B0=81.8567 homogen=56487.8671
mean B0=84.4208 homogen=74551.7497
mean B0=61.9478 homogen=177961.5655
mean B0=77.886 homogen=33027.1699
mean B0=63.1278 homogen=216615.7535
mean B0=61.9885 homogen=207227.1318
mean B0=72.2708 homogen=17424.2219
mean B0=78.0548 homogen=35961.4251
mean B0=77.3351 homogen=32501.892
mean B0=73.0847 homogen=18845.4859
mean B0=83.6793 homogen=55228.0427
mean B0=70.5027 homogen=10609.1939
mean B0=76.6144 homogen=28849.7071
mean B0=86.4911 homogen=95325.4639
mean B0=83.3627 homogen=77882.632
mean B0=86.0532 homogen=89630.9759
mean B0=67.8723 homogen=7991.0464
mean B0=80.6656 homogen=50056.9826
mean B0=82.8707 homogen=69177.5684
mean B0=71.951 homogen=29403.5939
mean B0=75.5455 homogen=25308.6776
mean B0=86.3445 homogen=93480.9896
mean B0=82.8185 homogen=61063.3821
mean B0=79.0919 homogen=39151.5713
mean B0=85.7277 homogen=85254.0853
mean B0=84.9199 homogen=78989.9107
mean B0=72.8871 homogen=18096.9558
mean B0=71.6473 homogen=15544.1004
mean B0=79.5782 homogen=42178.4635
mean B0=73.0846 homogen=18854.6571
mean B0=87.475 homogen=111257.8153
mean B0=73.9656 homogen=20647.0564
mean B0=78.7156 homogen=37320.9963
mean B0=83.6823 homogen=73365.4331
mean B0=70.5645 homogen=29104.9471
mean B0=83.6145 homogen=59518.3705
mean B0=76.2779 homogen=25229.3742
mean B0=85.3209 homogen=81750.8387
   139 |     5560 |     40 |  0.000000E+00 |  0.000000E+00 |  0.0058057834 |             f
mean B0=85.3209 homogen=81749.4511
mean B0=80.0808 homogen=48190.6276
mean B0=86.0532 homogen=89630.9759
mean B0=78.7156 homogen=37320.9963
mean B0=82.8293 homogen=61135.8233
mean B0=73.0669 homogen=18794.5404
mean B0=84.1075 homogen=83025.0354
mean B0=79.4668 homogen=41085.4256
mean B0=79.4302 homogen=40988.196
mean B0=72.9901 homogen=33661.6102
mean B0=75.8327 homogen=29935.3767
mean B0=56.5265 homogen=200300.7158
mean B0=78.9883 homogen=34752.37
mean B0=59.9224 homogen=214030.3301
mean B0=70.2115 homogen=33231.3649
mean B0=77.1975 homogen=31667.3639
mean B0=75.2134 homogen=32464.628
mean B0=78.1021 homogen=36592.2604
mean B0=85.6632 homogen=85189.5167
mean B0=71.7024 homogen=18391.3731
mean B0=79.9747 homogen=43927.5895
mean B0=71.7704 homogen=16103.6232
mean B0=76.2525 homogen=27154.0189
mean B0=75.3086 homogen=59773.0183
mean B0=77.9064 homogen=32982.3597
mean B0=82.7549 homogen=60571.8161
mean B0=85.274 homogen=81222.5774
mean B0=80.6755 homogen=50112.9334
mean B0=72.6983 homogen=212540.3539
mean B0=81.1474 homogen=110325.0713
mean B0=80.1939 homogen=47987.09
mean B0=83.1867 homogen=71480.0751
mean B0=75.1611 homogen=41555.8553
mean B0=74.7458 homogen=30498.7889
mean B0=31.5366 homogen=201152.0261
mean B0=70.9743 homogen=16683.3546
mean B0=78.3901 homogen=72794.146
mean B0=82.3744 homogen=69801.7677
mean B0=78.2428 homogen=34819.4978
mean B0=71.532 homogen=15723.8113
   140 |     5600 |     40 |  0.000000E+00 |  0.000000E+00 |  0.0010351803 |             f
mean B0=78.8895 homogen=38166.0388
mean B0=79.6396 homogen=36860.8572
mean B0=84.8246 homogen=78261.6953
mean B0=71.5151 homogen=28537.8539
mean B0=81.8001 homogen=54793.3152
mean B0=80.7092 homogen=41366.1753
mean B0=75.5941 homogen=36732.4365
mean B0=75.7049 homogen=30133.9479
mean B0=71.7714 homogen=16097.8001
mean B0=86.2383 homogen=91825.5523
mean B0=75.3202 homogen=59821.9374
mean B0=71.2576 homogen=14744.2079
mean B0=79.1613 homogen=39809.1676
mean B0=74.7512 homogen=24615.7071
mean B0=72.8871 homogen=18096.9558
mean B0=74.1339 homogen=21473.7578
mean B0=73.0847 homogen=18845.0762
mean B0=85.697 homogen=84977.8576
mean B0=78.1875 homogen=37146.7197
mean B0=78.1271 homogen=36660.962
mean B0=75.4471 homogen=72013.6107
mean B0=74.557 homogen=61028.9651
mean B0=83.2808 homogen=70948.6002
mean B0=73.5595 homogen=37165.7282
mean B0=76.9375 homogen=30970.2235
mean B0=85.771 homogen=89511.2563
mean B0=73.9347 homogen=36247.2734
mean B0=76.31 homogen=52688.9974
mean B0=77.4021 homogen=31382.4896
mean B0=83.5704 homogen=54450.6126
mean B0=80.7383 homogen=50461.7939
mean B0=82.568 homogen=66696.1992
mean B0=86.9235 homogen=100843.9585
mean B0=84.6876 homogen=88107.8963
mean B0=79.095 homogen=39142.9319
mean B0=74.0004 homogen=20774.8901
mean B0=86.9656 homogen=99850.3932
mean B0=85.6939 homogen=85460.1245
mean B0=77.5029 homogen=33151.0645
mean B0=71.7573 homogen=43093.4535
   141 |     5640 |     40 |  0.000000E+00 |  0.000000E+00 |  0.0035062485 |             f
mean B0=78.1436 homogen=34679.1184
mean B0=74.6282 homogen=24212.068
mean B0=77.6645 homogen=33598.7585
mean B0=81.4119 homogen=66081.1042
mean B0=84.9853 homogen=79077.9404
mean B0=77.948 homogen=34160.9133
mean B0=87.0838 homogen=107320.1815
mean B0=72.9594 homogen=21613.6749
mean B0=82.5785 homogen=59446.1438
mean B0=80.7383 homogen=50461.7939
mean B0=69.6121 homogen=145703.0634
mean B0=77.5016 homogen=33018.0502
mean B0=85.9776 homogen=86712.2661
mean B0=84.0191 homogen=73472.5343
mean B0=82.8356 homogen=61140.2585
mean B0=70.227 homogen=26882.9753
mean B0=72.884 homogen=18114.5822
mean B0=81.7984 homogen=54782.387
mean B0=74.2009 homogen=21305.7858
mean B0=84.7895 homogen=78771.6693
mean B0=79.6794 homogen=42371.446
mean B0=80.3062 homogen=48387.0495
mean B0=48.567 homogen=115827.4848
mean B0=77.8712 homogen=32772.2884
mean B0=85.2531 homogen=81355.8656
mean B0=61.7079 homogen=274171.0753
mean B0=86.9213 homogen=99709.0275
mean B0=77.0183 homogen=31980.596
mean B0=60.0454 homogen=182502.8839
mean B0=59.4364 homogen=192393.626
mean B0=76.2613 homogen=30256.451
mean B0=74.7229 homogen=23999.7559
mean B0=69.7782 homogen=13234.6587
mean B0=71.6593 homogen=15690.8535
mean B0=78.8897 homogen=38165.01
mean B0=82.5964 homogen=69519.366
mean B0=81.8596 homogen=56448.1937
mean B0=86.9656 homogen=99850.3844
mean B0=67.8073 homogen=5835.719
mean B0=71.7337 homogen=15803.7656
   142 |     5680 |     40 |  0.000000E+00 |  0.000000E+00 |  0.0032314100 |             f
mean B0=82.9063 homogen=69443.7612
mean B0=84.8392 homogen=78398.1821
mean B0=75.2409 homogen=34739.0828
mean B0=86.6933 homogen=98134.8847
mean B0=77.4006 homogen=34295.8827
mean B0=79.181 homogen=39796.811
mean B0=77.8354 homogen=32666.8608
mean B0=87.1123 homogen=91387.1675
mean B0=78.7632 homogen=42763.361
mean B0=84.9908 homogen=86605.4136
mean B0=74.1896 homogen=21273.3355
mean B0=74.146 homogen=35684.245
mean B0=80.1938 homogen=47985.1906
mean B0=69.8952 homogen=9268.2025
mean B0=80.1414 homogen=98041.0203
mean B0=78.2622 homogen=34915.2429
mean B0=83.0172 homogen=69298.6241
mean B0=79.9015 homogen=90901.1074
mean B0=67.2952 homogen=5121.254
mean B0=79.219 homogen=45976.2234
mean B0=79.9582 homogen=43993.8299
mean B0=87.5966 homogen=106312.4891
mean B0=79.2901 homogen=50446.4368
mean B0=73.9511 homogen=26449.8021
mean B0=85.7445 homogen=85439.965
mean B0=86.4628 homogen=94728.1171
mean B0=82.5872 homogen=70429.557
mean B0=82.8705 homogen=69180.6847
mean B0=79.5254 homogen=41386.862
mean B0=70.1067 homogen=11163.9449
mean B0=80.7513 homogen=50499.9714
mean B0=78.5361 homogen=39353.1072
mean B0=80.7383 homogen=50457.1709
mean B0=55.7617 homogen=197038.3756
mean B0=71.8995 homogen=37720.6031
mean B0=86.9013 homogen=99519.2546
mean B0=79.7205 homogen=42738.8534
mean B0=76.7155 homogen=34120.6609
mean B0=79.1695 homogen=39786.1224
mean B0=73.5651 homogen=22647.9431
   143 |     5720 |     40 |  0.000000E+00 |  0.000000E+00 |  0.0014266958 |             f
mean B0=84.2141 homogen=80106.7154
mean B0=85.3637 homogen=87066.696
mean B0=84.7958 homogen=77997.0301
mean B0=72.0442 homogen=16259.7801
mean B0=84.1194 homogen=77913.8588
mean B0=69.0197 homogen=8185.0282
mean B0=80.7513 homogen=50499.9714
mean B0=82.4774 homogen=45872.9467
mean B0=86.4628 homogen=94728.1171
mean B0=82.8356 homogen=61140.2585
mean B0=81.7984 homogen=54782.387
mean B0=86.6933 homogen=98134.8847
mean B0=73.971 homogen=57751.6467
mean B0=81.9987 homogen=55806.1584
mean B0=81.4133 homogen=54121.0671
mean B0=69.8539 homogen=9221.5727
mean B0=78.2622 homogen=34915.2429
mean B0=87.5055 homogen=111147.4785
mean B0=42.774 homogen=128313.343
mean B0=84.8392 homogen=78398.1821
mean B0=73.798 homogen=28109.6189
mean B0=74.4973 homogen=22181.6632
mean B0=84.8989 homogen=77529.149
mean B0=80.195 homogen=45085.9844
mean B0=75.7904 homogen=29700.4251
mean B0=80.9166 homogen=63117.509
mean B0=66.4781 homogen=15436.9948
mean B0=72.8849 homogen=18102.8597
mean B0=75.5455 homogen=25308.6776
mean B0=79.5254 homogen=41386.862
mean B0=77.0183 homogen=31980.596
mean B0=70.9945 homogen=13647.3093
mean B0=77.2315 homogen=76600.0783
mean B0=79.4611 homogen=41041.6861
mean B0=84.4652 homogen=76184.8117
mean B0=69.4486 homogen=8300.1054
mean B0=85.697 homogen=84977.8576
mean B0=87.0562 homogen=107416.631
mean B0=76.1069 homogen=35824.7576
mean B0=86.9656 homogen=99850.3844
   144 |     5760 |     40 |  0.000000E+00 |  0.000000E+00 |  0.0035237374 |             f
mean B0=79.7603 homogen=37523.1434
mean B0=47.9892 homogen=110095.9127
mean B0=83.0331 homogen=69503.2939
mean B0=72.0619 homogen=16211.7575
mean B0=67.2952 homogen=5121.254
mean B0=85.2948 homogen=83481.0114
mean B0=72.5011 homogen=174646.3709
mean B0=75.424 homogen=25674.3326
mean B0=75.9834 homogen=229685.0666
mean B0=81.2921 homogen=40633.2214
mean B0=53.0767 homogen=74699.1237
mean B0=78.7964 homogen=32477.1713
mean B0=79.9747 homogen=43927.5895
mean B0=74.6354 homogen=19740.2693
mean B0=81.1918 homogen=50656.8068
mean B0=79.2438 homogen=39847.5524
mean B0=84.0783 homogen=73829.6832
mean B0=76.4721 homogen=28146.1446
mean B0=74.4973 homogen=22181.6632
mean B0=82.7287 homogen=60289.5395
mean B0=74.7168 homogen=58337.1905
mean B0=82.8242 homogen=61098.8322
mean B0=70.1478 homogen=20543.2742
mean B0=87.0609 homogen=107484.5802
mean B0=72.8871 homogen=18096.9558
mean B0=84.6611 homogen=78733.4027
mean B0=53.501 homogen=75111.2983
mean B0=79.0116 homogen=38787.9291
mean B0=65.1521 homogen=245144.0608
mean B0=81.8937 homogen=55295.5658
mean B0=84.1327 homogen=80459.437
mean B0=70.9945 homogen=13647.3093
mean B0=87.5055 homogen=111147.4785
mean B0=64.1839 homogen=124966.3876
mean B0=78.2472 homogen=34955.4532
mean B0=82.6661 homogen=66637.4727
mean B0=75.4942 homogen=25168.9734
mean B0=79.601 homogen=41723.498
mean B0=69.0197 homogen=8185.0282
mean B0=82.7161 homogen=68145.7932
   145 |     5800 |     40 |  0.000000E+00 |  0.000000E+00 |  0.0014340972 |             f
mean B0=49.9802 homogen=102831.4829
mean B0=84.6628 homogen=75628.9027
mean B0=67.2704 homogen=4964.4537
mean B0=72.1996 homogen=16725.2912
mean B0=72.8047 homogen=37709.7123
mean B0=80.1945 homogen=45085.2803
mean B0=87.1231 homogen=107340.3363
mean B0=85.7709 homogen=89510.2089
mean B0=71.7185 homogen=16037.1908
mean B0=73.3823 homogen=34803.9901
mean B0=84.0209 homogen=73483.8166
mean B0=81.9803 homogen=63817.0152
mean B0=85.8758 homogen=86724.572
mean B0=78.2525 homogen=34866.7891
mean B0=73.9676 homogen=20464.4097
mean B0=72.1622 homogen=29267.6317
mean B0=75.1409 homogen=59311.7222
mean B0=78.2684 homogen=34947.3461
mean B0=75.0293 homogen=87923.345
mean B0=83.4722 homogen=72108.2225
mean B0=82.245 homogen=107153.922
mean B0=64.1173 homogen=210412.0059
mean B0=74.5283 homogen=22264.8994
mean B0=76.8678 homogen=32752.1799
mean B0=70.9284 homogen=15581.9102
mean B0=81.9996 homogen=55793.1406
mean B0=82.8313 homogen=69138.157
mean B0=85.2741 homogen=81221.5579
mean B0=74.5576 homogen=22342.4688
mean B0=72.2138 homogen=25718.1366
mean B0=75.4834 homogen=25138.2815
mean B0=86.1335 homogen=92189.5827
mean B0=86.403 homogen=90513.5276
mean B0=83.2472 homogen=62257.1175
mean B0=76.5166 homogen=37244.1037
mean B0=80.4881 homogen=60906.298
mean B0=74.5578 homogen=43786.5764
mean B0=70.9889 homogen=13625.8517
mean B0=77.4326 homogen=34150.5416
mean B0=78.7004 homogen=37276.1817
   146 |     5840 |     40 |  0.000000E+00 |  0.000000E+00 |  0.0035502430 |             f
mean B0=84.9812 homogen=95940.8802
mean B0=71.6104 homogen=33917.5089
mean B0=76.6144 homogen=28839.9788
mean B0=77.0209 homogen=31979.7521
mean B0=83.2448 homogen=70038.0813
mean B0=69.8602 homogen=11730.6549
mean B0=71.7974 homogen=16280.2471
mean B0=82.5506 homogen=59042.4402
mean B0=83.741 homogen=70976.7496
mean B0=75.8663 homogen=26383.2697
mean B0=72.8612 homogen=40317.2991
mean B0=76.2533 homogen=30881.5734
mean B0=49.6388 homogen=105111.528
mean B0=68.0058 homogen=6333.7815
mean B0=66.5047 homogen=105842.7898
mean B0=81.7007 homogen=67418.2928
mean B0=78.7004 homogen=37276.1817
mean B0=80.2892 homogen=45313.0296
mean B0=86.4224 homogen=94548.5466
mean B0=51.0112 homogen=96966.8334
mean B0=78.0107 homogen=36197.2699
mean B0=63.379 homogen=203879.3884
mean B0=77.4326 homogen=34157.3627
mean B0=83.1805 homogen=69735.7377
mean B0=82.8973 homogen=69512.98
mean B0=83.7095 homogen=59363.1994
mean B0=85.1836 homogen=80616.3809
mean B0=85.1401 homogen=80564.604
mean B0=82.5648 homogen=59530.8437
mean B0=75.1975 homogen=24728.4627
mean B0=73.0134 homogen=34096.8708
mean B0=81.9704 homogen=73091.4755
mean B0=81.885 homogen=77777.3624
mean B0=56.7096 homogen=45336.0999
mean B0=70.2783 homogen=24706.3683
mean B0=75.5014 homogen=36752.9942
mean B0=80.7383 homogen=50457.1709
mean B0=82.4793 homogen=59223.0498
mean B0=81.7611 homogen=57486.2126
mean B0=83.3395 homogen=99541.2239
   147 |     5880 |     40 |  0.000000E+00 |  0.000000E+00 |  0.0031074253 |             f
mean B0=67.4509 homogen=9768.3833
mean B0=80.1606 homogen=44679.1821
mean B0=81.4133 homogen=54120.2943
mean B0=75.8956 homogen=26573.9932
mean B0=67.264 homogen=4976.1464
mean B0=86.6345 homogen=89540.2301
mean B0=70.9737 homogen=11033.5125
mean B0=82.5508 homogen=59033.2256
mean B0=73.8868 homogen=20542.2494
mean B0=53.2581 homogen=323219.4693
mean B0=75.7828 homogen=29775.2987
mean B0=83.741 homogen=70976.7496
mean B0=77.4287 homogen=34528.9071
mean B0=86.4529 homogen=94372.9048
mean B0=71.4415 homogen=14521.7671
mean B0=86.4112 homogen=115020.3923
mean B0=84.6628 homogen=75628.9027
mean B0=82.8898 homogen=61339.9048
mean B0=74.9179 homogen=40428.4322
mean B0=74.5462 homogen=41071.2921
mean B0=87.6156 homogen=112457.1524
mean B0=86.0099 homogen=88166.4406
mean B0=83.7233 homogen=71551.0597
mean B0=87.053 homogen=107152.9192
mean B0=77.0278 homogen=31978.0618
mean B0=77.6376 homogen=32731.4223
mean B0=73.1313 homogen=18936.8275
mean B0=69.0198 homogen=8173.8282
mean B0=83.7999 homogen=79436.2865
mean B0=81.1577 homogen=50369.638
mean B0=83.2429 homogen=59961.9673
mean B0=82.8707 homogen=69177.5684
mean B0=69.4444 homogen=29690.3525
mean B0=85.7694 homogen=86236.3856
mean B0=73.5179 homogen=19637.0292
mean B0=79.256 homogen=40064.816
mean B0=68.0058 homogen=6333.7815
mean B0=86.1804 homogen=91749.9893
mean B0=76.8878 homogen=32734.7648
mean B0=75.8169 homogen=60891.858
   148 |     5920 |     40 |  0.000000E+00 |  0.000000E+00 |  0.0054123257 |         ideal
mean B0=83.9116 homogen=72337.0475
mean B0=76.936 homogen=31150.5588
mean B0=69.0102 homogen=8257.9189
mean B0=84.2402 homogen=72896.3238
mean B0=77.5424 homogen=65030.7739
mean B0=68.0723 homogen=6333.7646
mean B0=80.3345 homogen=45410.6457
mean B0=78.4584 homogen=38607.6911
mean B0=71.2141 homogen=28853.9383
mean B0=84.9311 homogen=80598.1894
mean B0=86.3654 homogen=94242.612
mean B0=75.1613 homogen=26431.321
mean B0=77.7479 homogen=32180.0047
mean B0=75.3364 homogen=41997.7571
mean B0=87.191 homogen=108487.9236
mean B0=72.7955 homogen=18340.4561
mean B0=87.1769 homogen=99195.6368
mean B0=79.9817 homogen=62221.26
mean B0=72.2377 homogen=14508.0729
mean B0=82.0928 homogen=56363.7826
mean B0=76.8636 homogen=32827.5869
mean B0=70.3147 homogen=31729.0376
mean B0=77.5631 homogen=32386.047
mean B0=83.741 homogen=70976.5421
mean B0=76.5984 homogen=33055.5085
mean B0=87.0067 homogen=106668.757
mean B0=82.5036 homogen=58943.0096
mean B0=74.8428 homogen=28012.1033
mean B0=76.1377 homogen=29274.8082
mean B0=74.2222 homogen=21148.7652
mean B0=78.9669 homogen=38430.0564
mean B0=76.3622 homogen=31637.1966
mean B0=84.2032 homogen=83995.8945
mean B0=71.6299 homogen=35687.2726
mean B0=87.4911 homogen=111023.6871
mean B0=74.0462 homogen=28455.1433
mean B0=71.4482 homogen=14487.4497
mean B0=78.9271 homogen=38385.0273
mean B0=83.0123 homogen=71586.3079
mean B0=88.6619 homogen=116147.7278
   149 |     5960 |     40 |  0.000000E+00 |  0.000000E+00 |  0.0032235373 |             f
mean B0=69.8291 homogen=15589.1878
mean B0=81.0555 homogen=49930.2303
mean B0=72.3938 homogen=17423.3696
mean B0=71.4482 homogen=14487.4497
mean B0=85.1339 homogen=94606.6741
mean B0=81.9989 homogen=55795.2801
mean B0=79.44 homogen=40856.3418
mean B0=48.5328 homogen=108657.8492
mean B0=71.6505 homogen=23408.1418
mean B0=64.307 homogen=35073.9551
mean B0=75.9899 homogen=77379.0697
mean B0=56.5867 homogen=59503.8533
mean B0=73.079 homogen=38597.042
mean B0=82.0928 homogen=56363.7826
mean B0=78.6305 homogen=36855.5948
mean B0=85.9839 homogen=90624.0137
mean B0=77.9397 homogen=33397.6364
mean B0=79.3595 homogen=40438.0842
mean B0=85.6914 homogen=85102.8972
mean B0=76.2293 homogen=34947.3387
mean B0=70.1418 homogen=16482.7022
mean B0=75.2627 homogen=24919.4556
mean B0=73.9196 homogen=20327.6671
mean B0=72.1996 homogen=16725.2912
mean B0=77.3658 homogen=32171.1791
mean B0=78.8903 homogen=38162.8738
mean B0=76.3688 homogen=28049.9164
mean B0=66.8307 homogen=261156.2187
mean B0=81.5369 homogen=73858.0483
mean B0=88.3333 homogen=103131.1221
mean B0=75.9709 homogen=35980.3284
mean B0=85.4389 homogen=88461.7833
mean B0=86.0393 homogen=86626.0176
mean B0=76.4721 homogen=28146.1446
mean B0=85.7802 homogen=86163.1401
mean B0=84.9084 homogen=69537.8773
mean B0=80.6369 homogen=47250.2965
mean B0=82.7788 homogen=60928.7523
mean B0=56.6783 homogen=462199.1301
mean B0=56.8122 homogen=45211.9682
   150 |     6000 |     40 |  0.000000E+00 |  0.000000E+00 |  0.0022390618 |             f
mean B0=76.8651 homogen=30920.3911
mean B0=76.778 homogen=78024.2509
mean B0=73.8002 homogen=19999.3239
mean B0=88.3323 homogen=100937.7427
mean B0=78.1748 homogen=61845.3888
mean B0=87.6416 homogen=93720.4165
mean B0=76.6271 homogen=31609.5111
mean B0=81.9996 homogen=55793.1406
mean B0=74.9807 homogen=43181.5027
mean B0=86.4562 homogen=94411.3305
mean B0=75.8662 homogen=26383.0287
mean B0=81.0609 homogen=49945.6804
mean B0=85.8651 homogen=93155.2226
mean B0=75.0369 homogen=23921.9639
mean B0=71.9182 homogen=16357.4424
mean B0=83.741 homogen=70976.5421
mean B0=69.028 homogen=8181.5039
mean B0=70.1591 homogen=12020.0781
mean B0=78.0106 homogen=36196.5659
mean B0=87.502 homogen=90278.3445
mean B0=73.5566 homogen=19767.399
mean B0=68.3642 homogen=129015.5913
mean B0=81.2967 homogen=51254.7791
mean B0=84.3734 homogen=79806.906
mean B0=72.199 homogen=39505.8779
mean B0=79.3489 homogen=40488.8231
mean B0=77.435 homogen=33733.6471
mean B0=75.1241 homogen=20199.1283
mean B0=72.5705 homogen=50195.1923
mean B0=79.2991 homogen=40132.4785
mean B0=86.3654 homogen=94251.4937
mean B0=69.8246 homogen=123498.2653
mean B0=86.4159 homogen=93917.1301
mean B0=65.0869 homogen=226981.7345
mean B0=83.9099 homogen=71595.421
mean B0=77.7951 homogen=252525.5068
mean B0=78.5281 homogen=36477.4217
mean B0=71.1787 homogen=12682.3729
mean B0=86.9649 homogen=99856.8917
mean B0=85.6563 homogen=105664.9392
   151 |     6040 |     40 |  0.000000E+00 |  0.000000E+00 |  0.0025609644 |             f
mean B0=74.8385 homogen=23796.3973
mean B0=73.8669 homogen=20185.8
mean B0=71.9871 homogen=17204.7768
mean B0=77.0238 homogen=32247.3939
mean B0=81.9995 homogen=55796.5063
mean B0=71.1065 homogen=17978.6756
mean B0=72.9443 homogen=47184.7081
mean B0=69.028 homogen=8181.5039
mean B0=69.0199 homogen=8172.1978
mean B0=86.4044 homogen=93807.8647
mean B0=59.2029 homogen=266447.1772
mean B0=81.2992 homogen=51258.9507
mean B0=77.6256 homogen=58517.4311
mean B0=83.734 homogen=70994.3426
mean B0=76.8651 homogen=30920.3911
mean B0=86.8449 homogen=99683.9137
mean B0=87.0903 homogen=106974.274
mean B0=73.4505 homogen=19417.6689
mean B0=79.8163 homogen=47420.3138
mean B0=79.4277 homogen=40793.8258
mean B0=71.3122 homogen=22966.1895
mean B0=78.9508 homogen=38471.4972
mean B0=76.7764 homogen=31452.1023
mean B0=80.5292 homogen=86030.7417
mean B0=74.5575 homogen=22355.5059
mean B0=68.8577 homogen=11327.1067
mean B0=75.6535 homogen=31720.6398
mean B0=87.0067 homogen=106668.757
mean B0=84.899 homogen=77524.4332
mean B0=84.9798 homogen=81103.2515
mean B0=87.3529 homogen=108604.5148
mean B0=86.007 homogen=88174.9223
mean B0=75.9361 homogen=31775.1425
mean B0=80.1657 homogen=44660.231
mean B0=87.6156 homogen=112457.1524
mean B0=75.9648 homogen=26717.2327
mean B0=86.8194 homogen=98077.5577
mean B0=84.7741 homogen=76433.0892
mean B0=80.0266 homogen=43865.6049
mean B0=85.7092 homogen=85120.6576
   152 |     6080 |     40 |  0.000000E+00 |  0.000000E+00 |  0.0013967560 |             f
mean B0=81.9996 homogen=55793.1406
mean B0=82.0575 homogen=62993.6671
mean B0=75.8837 homogen=26500.6649
mean B0=78.5088 homogen=41335.2095
mean B0=83.2854 homogen=85663.2106
mean B0=77.5618 homogen=33175.6985
mean B0=62.6599 homogen=190672.3843
mean B0=75.4274 homogen=25413.2878
mean B0=73.7153 homogen=41595.7534
mean B0=75.8662 homogen=26384.4277
mean B0=79.6255 homogen=41796.77
mean B0=70.4053 homogen=18117.9803
mean B0=82.4285 homogen=58338.3994
mean B0=80.6368 homogen=47249.4476
mean B0=57.4172 homogen=52012.7935
mean B0=72.0545 homogen=17610.1442
mean B0=72.0703 homogen=16912.1281
mean B0=75.5141 homogen=246596.3468
mean B0=73.5104 homogen=87533.2329
mean B0=86.4044 homogen=93808.1286
mean B0=86.0099 homogen=88166.4406
mean B0=79.637 homogen=41871.3582
mean B0=64.116 homogen=210019.5749
mean B0=67.2277 homogen=32443.2177
mean B0=78.0273 homogen=41547.3863
mean B0=71.8819 homogen=16716.9197
mean B0=79.7164 homogen=42403.6687
mean B0=68.6792 homogen=7334.3455
mean B0=58.6928 homogen=158600.7832
mean B0=72.7955 homogen=18340.4561
mean B0=87.2928 homogen=108637.46
mean B0=72.4286 homogen=25133.453
mean B0=84.5939 homogen=76433.4918
mean B0=83.741 homogen=70976.5421
mean B0=81.1235 homogen=50230.3483
mean B0=86.9074 homogen=99291.4555
mean B0=78.7971 homogen=38936.2485
mean B0=87.4551 homogen=90389.8277
mean B0=77.9257 homogen=33415.7309
mean B0=81.9996 homogen=55792.2294
   153 |     6120 |     40 |  0.000000E+00 |  0.000000E+00 |  0.0037556082 |             f
mean B0=86.5768 homogen=98422.3196
mean B0=87.4519 homogen=93196.9934
mean B0=82.4335 homogen=58344.1166
mean B0=77.5592 homogen=32841.195
mean B0=65.9142 homogen=243661.2352
mean B0=48.9808 homogen=111187.9574
mean B0=69.8707 homogen=9482.5652
mean B0=80.1453 homogen=44719.155
mean B0=81.1512 homogen=50306.9392
mean B0=79.44 homogen=40856.874
mean B0=76.249 homogen=21749.8919
mean B0=78.4001 homogen=35650.4308
mean B0=72.1397 homogen=28830.6447
mean B0=69.7602 homogen=9870.6659
mean B0=81.266 homogen=45468.8893
mean B0=85.6884 homogen=106968.1449
mean B0=67.2607 homogen=4970.4747
mean B0=85.2954 homogen=83478.3009
mean B0=72.0689 homogen=16909.416
mean B0=75.4335 homogen=29051.0175
mean B0=84.0877 homogen=71682.3451
mean B0=73.8485 homogen=20048.8793
mean B0=87.2885 homogen=108627.6652
mean B0=86.4582 homogen=94323.5656
mean B0=79.0063 homogen=38660.4702
mean B0=83.5916 homogen=69789.8846
mean B0=77.9733 homogen=31768.1554
mean B0=87.639 homogen=112271.8564
mean B0=83.5033 homogen=57692.0401
mean B0=86.4044 homogen=93808.0056
mean B0=85.2741 homogen=81221.5579
mean B0=76.3171 homogen=63656.156
mean B0=82.8779 homogen=70341.1908
mean B0=79.5209 homogen=46671.5434
mean B0=81.9996 homogen=55792.2294
mean B0=74.5312 homogen=22969.8445
mean B0=71.0041 homogen=34986.6837
mean B0=71.7185 homogen=16037.1908
mean B0=68.6809 homogen=7338.2677
mean B0=86.517 homogen=95808.9301
   154 |     6160 |     40 |  0.000000E+00 |  0.000000E+00 |  0.0032512826 |             f
mean B0=71.1196 homogen=11201.115
mean B0=76.0885 homogen=29219.9089
mean B0=82.4375 homogen=58347.5462
mean B0=79.1562 homogen=99500.4579
mean B0=87.742 homogen=112370.6597
mean B0=80.1657 homogen=44660.231
mean B0=82.3191 homogen=63589.9429
mean B0=84.2362 homogen=72881.0919
mean B0=78.5797 homogen=37793.4839
mean B0=79.5006 homogen=41349.1374
mean B0=69.5217 homogen=9036.1083
mean B0=76.6507 homogen=234321.6545
mean B0=77.6611 homogen=31772.1657
mean B0=75.0124 homogen=29442.7652
mean B0=53.4351 homogen=69691.5531
mean B0=86.95 homogen=98804.8318
mean B0=82.8898 homogen=61339.9048
mean B0=74.4514 homogen=44508.2513
mean B0=73.5147 homogen=19406.6413
mean B0=77.3139 homogen=32381.3563
mean B0=78.1832 homogen=37444.6988
mean B0=77.5763 homogen=103574.6583
mean B0=75.3978 homogen=25366.8177
mean B0=73.7605 homogen=41852.228
mean B0=76.8419 homogen=30783.1045
mean B0=69.9476 homogen=126499.0394
mean B0=75.0891 homogen=25991.2862
mean B0=81.1273 homogen=50243.8601
mean B0=71.3961 homogen=14435.0583
mean B0=81.4971 homogen=81255.7249
mean B0=78.5886 homogen=36764.7399
mean B0=82.0417 homogen=56136.4889
mean B0=75.09 homogen=24057.7048
mean B0=88.0938 homogen=98501.1726
mean B0=84.7742 homogen=76433.1887
mean B0=80.7559 homogen=47911.7782
mean B0=81.9996 homogen=55792.2294
mean B0=79.7361 homogen=107711.6543
mean B0=85.7677 homogen=85858.2647
mean B0=80.2306 homogen=89190.5273
   155 |     6200 |     40 |  0.000000E+00 |  0.000000E+00 |  0.0050304267 |         ideal
mean B0=83.5924 homogen=69795.7041
mean B0=74.8683 homogen=28776.4991
mean B0=78.4818 homogen=35927.0281
mean B0=77.1514 homogen=89547.5253
mean B0=85.5966 homogen=83909.3726
mean B0=78.6256 homogen=36703.4677
mean B0=80.6413 homogen=47496.4586
mean B0=79.5801 homogen=104836.8132
mean B0=80.7553 homogen=47913.1212
mean B0=86.9678 homogen=99879.3819
mean B0=74.4913 homogen=22162.4698
mean B0=82.4994 homogen=58720.9424
mean B0=86.6338 homogen=97091.6951
mean B0=82.8898 homogen=61339.9048
mean B0=80.1657 homogen=44660.231
mean B0=74.2905 homogen=22898.3491
mean B0=67.2704 homogen=4964.4537
mean B0=71.2023 homogen=14857.2561
mean B0=74.9064 homogen=37337.3706
mean B0=55.5514 homogen=58969.1594
mean B0=57.3574 homogen=190805.1783
mean B0=76.8755 homogen=32692.8107
mean B0=84.1857 homogen=72488.6607
mean B0=77.4182 homogen=34001.6258
mean B0=79.484 homogen=41146.162
mean B0=69.3852 homogen=9152.4534
mean B0=87.2358 homogen=108125.6679
mean B0=87.6125 homogen=110837.598
mean B0=72.7938 homogen=22134.5473
mean B0=85.2931 homogen=83449.8364
mean B0=76.0352 homogen=26960.9435
mean B0=85.9483 homogen=87602.5782
mean B0=88.1169 homogen=106482.2556
mean B0=79.5006 homogen=41349.1374
mean B0=76.8419 homogen=30783.1045
mean B0=83.3853 homogen=66058.9939
mean B0=68.0723 homogen=6333.7646
mean B0=70.3034 homogen=11018.8138
mean B0=85.4361 homogen=84296.9854
mean B0=71.3951 homogen=14440.2502
   156 |     6240 |     40 |  0.000000E+00 |  0.000000E+00 |  0.0025106258 |             f
mean B0=79.8531 homogen=43025.8379
mean B0=74.7033 homogen=28418.1284
mean B0=79.035 homogen=38804.7994
mean B0=86.2223 homogen=93449.4771
mean B0=76.5014 homogen=35742.7888
mean B0=72.2781 homogen=32018.9588
mean B0=68.0723 homogen=6333.7646
mean B0=81.8441 homogen=55070.8258
mean B0=68.0821 homogen=6357.2663
mean B0=80.6479 homogen=47715.9744
mean B0=80.4534 homogen=55273.9439
mean B0=86.6338 homogen=97091.6951
mean B0=84.7736 homogen=76783.7023
mean B0=86.4042 homogen=93808.6501
mean B0=73.9481 homogen=20407.9403
mean B0=86.9781 homogen=99161.4407
mean B0=76.3866 homogen=34076.4364
mean B0=76.5673 homogen=31979.8201
mean B0=80.3543 homogen=46997.0533
mean B0=87.2801 homogen=103119.0438
mean B0=72.7469 homogen=41343.9549
mean B0=85.2632 homogen=83153.4714
mean B0=76.9743 homogen=36117.8296
mean B0=79.1916 homogen=53003.283
mean B0=82.9943 homogen=68114.2228
mean B0=59.1572 homogen=198679.204
mean B0=76.8709 homogen=73025.4183
mean B0=72.7859 homogen=18313.1125
mean B0=79.1685 homogen=101160.8279
mean B0=74.6033 homogen=29753.2697
mean B0=67.2704 homogen=4964.4537
mean B0=84.2402 homogen=72896.3238
mean B0=70.9438 homogen=13441.3054
mean B0=81.2993 homogen=51263.2685
mean B0=88.4225 homogen=88570.3662
mean B0=84.3699 homogen=80155.2566
mean B0=69.1776 homogen=11306.1912
mean B0=71.2599 homogen=36379.3267
mean B0=86.0098 homogen=88169.8644
mean B0=84.3698 homogen=83768.5128
   157 |     6280 |     40 |  0.000000E+00 |  0.000000E+00 |  0.0030735836 |             f
mean B0=75.45 homogen=39417.8813
mean B0=68.0774 homogen=126383.8462
mean B0=68.9364 homogen=16379.6169
mean B0=70.6696 homogen=20709.6921
mean B0=81.8441 homogen=55070.8258
mean B0=77.1918 homogen=35629.8204
mean B0=79.493 homogen=98396.433
mean B0=58.3025 homogen=207943.8997
mean B0=79.0947 homogen=39115.4394
mean B0=58.9183 homogen=187016.6505
mean B0=78.9373 homogen=38316.908
mean B0=85.2719 homogen=83167.0997
mean B0=86.3988 homogen=93831.8644
mean B0=87.2782 homogen=108094.7929
mean B0=75.7411 homogen=33474.6179
mean B0=86.1885 homogen=90110.2017
mean B0=79.8531 homogen=43025.8379
mean B0=63.4741 homogen=200108.1098
mean B0=81.636 homogen=56566.3628
mean B0=80.9291 homogen=99900.0721
mean B0=69.7083 homogen=20298.133
mean B0=82.9389 homogen=61668.1156
mean B0=72.6893 homogen=26918.5943
mean B0=74.9601 homogen=42916.1678
mean B0=84.7742 homogen=76433.1887
mean B0=82.0879 homogen=65235.7067
mean B0=73.6062 homogen=39230.0271
mean B0=77.1384 homogen=32160.2149
mean B0=81.2378 homogen=50883.741
mean B0=70.9645 homogen=13469.1713
mean B0=76.898 homogen=30916.4203
mean B0=80.7483 homogen=47891.6632
mean B0=81.3029 homogen=51250.7342
mean B0=84.6215 homogen=75650.3714
mean B0=81.8961 homogen=101674.9007
mean B0=87.0874 homogen=101038.0861
mean B0=84.7741 homogen=76433.0892
mean B0=85.9556 homogen=87553.6375
mean B0=71.3045 homogen=11855.0353
mean B0=75.4008 homogen=43198.6491
   158 |     6320 |     40 |  0.000000E+00 |  0.000000E+00 |  0.0015679356 |             f
mean B0=76.7541 homogen=79535.2454
mean B0=78.9373 homogen=38316.908
mean B0=75.9513 homogen=34850.428
mean B0=73.0568 homogen=22775.6564
mean B0=86.3983 homogen=93796.3844
mean B0=80.0425 homogen=60060.4885
mean B0=82.3972 homogen=58190.5108
mean B0=85.8295 homogen=87281.1522
mean B0=82.4366 homogen=58327.0671
mean B0=73.3202 homogen=56974.0679
mean B0=85.4522 homogen=82383.5305
mean B0=75.2233 homogen=29155.9879
mean B0=84.6215 homogen=75647.9802
mean B0=53.2987 homogen=72515.5699
mean B0=77.0686 homogen=31905.831
mean B0=76.0414 homogen=29250.7033
mean B0=74.5576 homogen=22342.6633
mean B0=83.9049 homogen=70358.2172
mean B0=87.7414 homogen=112368.6168
mean B0=72.1698 homogen=30158.5106
mean B0=78.2234 homogen=34638.2959
mean B0=71.3961 homogen=14435.0583
mean B0=87.5068 homogen=105639.748
mean B0=78.436 homogen=37397.048
mean B0=87.9215 homogen=92028.8945
mean B0=72.2435 homogen=30063.6563
mean B0=85.2665 homogen=80483.5931
mean B0=81.0897 homogen=49943.6735
mean B0=82.9398 homogen=61687.9037
mean B0=77.2221 homogen=35472.031
mean B0=80.31 homogen=45425.6503
mean B0=74.4943 homogen=34878.3543
mean B0=64.0309 homogen=208662.0576
mean B0=84.601 homogen=75476.7463
mean B0=67.3212 homogen=5194.6828
mean B0=76.0008 homogen=27130.6986
mean B0=72.7859 homogen=18311.9246
mean B0=81.5317 homogen=54664.908
mean B0=81.8437 homogen=55066.5472
mean B0=78.0524 homogen=37626.4907
   159 |     6360 |     40 |  0.000000E+00 |  0.000000E+00 |  0.0046585451 |             f
mean B0=68.9599 homogen=8359.8401
mean B0=84.8835 homogen=76986.5472
mean B0=74.6422 homogen=22601.9166
mean B0=82.4423 homogen=59444.1022
mean B0=79.0947 homogen=39115.4394
mean B0=84.254 homogen=80464.5337
mean B0=77.8303 homogen=34320.3856
mean B0=69.7696 homogen=9895.2745
mean B0=78.4357 homogen=37394.1721
mean B0=81.6457 homogen=53812.3744
mean B0=90.8163 homogen=110186.5514
mean B0=85.5966 homogen=83909.3726
mean B0=75.867 homogen=28381.3809
mean B0=76.5517 homogen=234019.6796
mean B0=82.4076 homogen=58155.9756
mean B0=86.5757 homogen=95423.5907
mean B0=75.747 homogen=246836.4958
mean B0=85.4509 homogen=82998.913
mean B0=75.8295 homogen=33083.4735
mean B0=80.1116 homogen=44421.9323
mean B0=69.6666 homogen=10426.4167
mean B0=76.3192 homogen=28545.6969
mean B0=72.7047 homogen=18102.6414
mean B0=65.056 homogen=136460.1643
mean B0=77.1384 homogen=32160.2149
mean B0=72.619 homogen=35983.485
mean B0=79.6443 homogen=47873.2082
mean B0=68.0723 homogen=6333.7646
mean B0=80.31 homogen=45417.2954
mean B0=56.9876 homogen=53373.3309
mean B0=84.9857 homogen=118581.6264
mean B0=73.3838 homogen=20012.989
mean B0=75.2181 homogen=71941.1291
mean B0=77.9743 homogen=33272.7184
mean B0=78.2138 homogen=34672.7385
mean B0=84.5883 homogen=75422.956
mean B0=81.7375 homogen=47408.8773
mean B0=81.4861 homogen=52550.6391
mean B0=78.4146 homogen=64320.1465
mean B0=79.6131 homogen=45687.0818
   160 |     6400 |     40 |  0.000000E+00 |  0.000000E+00 |  0.0023162253 |             f
mean B0=76.9864 homogen=79334.9925
mean B0=71.3961 homogen=14435.0583
mean B0=76.1994 homogen=30595.412
mean B0=90.1793 homogen=105416.04
mean B0=83.925 homogen=72367.0857
mean B0=80.5871 homogen=62036.5886
mean B0=80.0053 homogen=43804.4468
mean B0=85.6213 homogen=84012.212
mean B0=79.8257 homogen=52379.88
mean B0=81.7428 homogen=54277.6591
mean B0=79.1303 homogen=45191.1193
mean B0=86.0091 homogen=88813.4701
mean B0=75.0178 homogen=85039.5599
mean B0=73.5147 homogen=19406.6413
mean B0=62.8895 homogen=221367.6767
mean B0=81.882 homogen=54773.3711
mean B0=83.3362 homogen=90708.2967
mean B0=67.2104 homogen=5012.8056
mean B0=74.4369 homogen=22037.6098
mean B0=76.0385 homogen=62915.6421
mean B0=74.917 homogen=42632.8558
mean B0=84.5883 homogen=75422.956
mean B0=70.2607 homogen=11451.2201
mean B0=64.529 homogen=162846.1102
mean B0=75.5198 homogen=212240.1963
mean B0=80.6029 homogen=46982.8041
mean B0=81.0834 homogen=58388.9409
mean B0=55.5776 homogen=58408.1741
mean B0=73.3812 homogen=17078.5085
mean B0=86.4103 homogen=93810.0609
mean B0=84.4246 homogen=82011.5846
mean B0=80.1595 homogen=44523.606
mean B0=78.0131 homogen=34029.2801
mean B0=86.4044 homogen=93807.8647
mean B0=78.2415 homogen=34728.6259
mean B0=87.3382 homogen=87375.6882
mean B0=77.055 homogen=32077.8605
mean B0=78.0504 homogen=33664.0506
mean B0=72.8963 homogen=18448.2895
mean B0=50.1674 homogen=101851.1022
   161 |     6440 |     40 |  0.000000E+00 |  0.000000E+00 |  0.0034399502 |             f
mean B0=83.0111 homogen=62181.4449
mean B0=83.5659 homogen=67462.01
mean B0=70.9945 homogen=13647.3093
mean B0=81.3875 homogen=45822.047
mean B0=69.8263 homogen=10793.3088
mean B0=87.7414 homogen=112368.259
mean B0=85.2664 homogen=80482.5611
mean B0=64.7079 homogen=27131.7515
mean B0=79.8254 homogen=42790.4826
mean B0=81.5598 homogen=53020.9405
mean B0=77.7625 homogen=32539.8521
mean B0=84.5636 homogen=84504.9825
mean B0=57.8947 homogen=46686.6063
mean B0=82.4076 homogen=58155.9756
mean B0=84.4639 homogen=82327.0958
mean B0=87.2873 homogen=103134.0135
mean B0=72.5183 homogen=163542.3485
mean B0=86.1883 homogen=90113.3028
mean B0=50.658 homogen=99585.7232
mean B0=74.6392 homogen=22589.9874
mean B0=80.0898 homogen=44180.1729
mean B0=80.5266 homogen=37998.8421
mean B0=72.7047 homogen=18103.5138
mean B0=71.1246 homogen=20064.1157
mean B0=69.0301 homogen=8177.8246
mean B0=68.0826 homogen=6355.4172
mean B0=83.5923 homogen=69795.4295
mean B0=56.1388 homogen=60409.8434
mean B0=81.1482 homogen=50350.6764
mean B0=82.8135 homogen=60840.3473
mean B0=74.6142 homogen=22524.1926
mean B0=79.2579 homogen=42584.2235
mean B0=85.1693 homogen=79536.786
mean B0=84.8835 homogen=76986.5472
mean B0=77.9351 homogen=35235.0444
mean B0=87.7341 homogen=112362.1647
mean B0=86.4881 homogen=94942.3283
mean B0=78.2415 homogen=34730.5252
mean B0=77.2038 homogen=31731.8421
mean B0=67.2742 homogen=4927.0243
   162 |     6480 |     40 |  0.000000E+00 |  0.000000E+00 |  0.0028950357 |             f
mean B0=74.2938 homogen=36390.1412
mean B0=86.1885 homogen=90110.2017
mean B0=81.764 homogen=65427.5977
mean B0=78.8727 homogen=38104.2013
mean B0=77.4942 homogen=37439.5904
mean B0=78.1001 homogen=35957.5001
mean B0=81.4451 homogen=52360.1502
mean B0=60.7057 homogen=177559.0703
mean B0=75.0673 homogen=55404.0096
mean B0=60.033 homogen=177638.9996
mean B0=83.1914 homogen=79348.829
mean B0=83.0375 homogen=62300.9137
mean B0=78.94 homogen=31944.1204
mean B0=86.9615 homogen=99281.1886
mean B0=81.709 homogen=59615.3329
mean B0=81.3124 homogen=122055.3682
mean B0=84.8517 homogen=76795.8118
mean B0=80.7287 homogen=47777.7353
mean B0=75.6426 homogen=33150.8625
mean B0=80.8436 homogen=52323.0808
mean B0=69.8456 homogen=20400.6904
mean B0=84.1857 homogen=72488.6607
mean B0=79.0947 homogen=39115.4394
mean B0=76.8103 homogen=55380.6118
mean B0=84.025 homogen=78775.8659
mean B0=70.7208 homogen=14369.3311
mean B0=86.6675 homogen=97013.4094
mean B0=84.4441 homogen=85085.7995
mean B0=78.8939 homogen=34143.2605
mean B0=43.8376 homogen=118455.4005
mean B0=74.5458 homogen=27083.1177
mean B0=74.5387 homogen=22292.1841
mean B0=85.5994 homogen=83975.5235
mean B0=88.6166 homogen=105643.0199
mean B0=80.4131 homogen=46110.6112
mean B0=64.9721 homogen=106597.0593
mean B0=72.661 homogen=17990.1018
mean B0=86.4358 homogen=94330.8769
mean B0=76.8397 homogen=47197.0328
mean B0=81.4447 homogen=45450.2666
   163 |     6520 |     40 |  0.000000E+00 |  0.000000E+00 |  0.0019905153 |             f
mean B0=83.0031 homogen=103352.2511
mean B0=84.1857 homogen=72488.6607
mean B0=83.5795 homogen=69740.9426
mean B0=83.9551 homogen=64277.7389
mean B0=71.3958 homogen=14421.7384
mean B0=75.4447 homogen=38639.231
mean B0=78.2433 homogen=34533.3244
mean B0=75.4481 homogen=33161.0846
mean B0=77.0678 homogen=36318.597
mean B0=86.506 homogen=99016.5526
mean B0=85.0924 homogen=79016.1209
mean B0=87.4381 homogen=104844.055
mean B0=73.3533 homogen=50867.243
mean B0=80.0831 homogen=44360.4517
mean B0=61.387 homogen=115098.2293
mean B0=83.22 homogen=56669.6603
mean B0=68.6523 homogen=7292.6627
mean B0=75.6803 homogen=25818.9439
mean B0=80.2587 homogen=48567.7433
mean B0=72.661 homogen=17990.1018
mean B0=88.8396 homogen=104791.5542
mean B0=80.4131 homogen=46110.6112
mean B0=84.896 homogen=77057.6074
mean B0=86.5076 homogen=94787.101
mean B0=84.2514 homogen=72944.6093
mean B0=79.7461 homogen=42606.3245
mean B0=79.5695 homogen=41529.8546
mean B0=82.5587 homogen=77826.3759
mean B0=80.0467 homogen=43941.2582
mean B0=86.4367 homogen=93906.2225
mean B0=85.3564 homogen=81544.5581
mean B0=79.1347 homogen=41841.7858
mean B0=78.1011 homogen=33902.7915
mean B0=78.9996 homogen=40917.7754
mean B0=67.8089 homogen=31105.6036
mean B0=87.7419 homogen=112371.0625
mean B0=70.3849 homogen=12112.2199
mean B0=85.6209 homogen=84032.8164
mean B0=77.2234 homogen=34911.3241
mean B0=74.9605 homogen=19754.7392
   164 |     6560 |     40 |  0.000000E+00 |  0.000000E+00 |  0.0043250042 |             f
mean B0=79.2903 homogen=40544.2317
mean B0=70.1073 homogen=17285.5448
mean B0=68.3156 homogen=14463.2405
mean B0=74.6422 homogen=22601.9166
mean B0=83.0371 homogen=62305.3562
mean B0=78.8921 homogen=40425.1955
mean B0=85.5758 homogen=83520.7831
mean B0=80.5066 homogen=46450.1726
mean B0=86.7375 homogen=96631.9116
mean B0=60.0816 homogen=175930.7375
mean B0=74.4366 homogen=22039.3928
mean B0=72.5004 homogen=18343.9634
mean B0=74.8988 homogen=28982.2417
mean B0=81.2552 homogen=60065.1376
mean B0=81.6277 homogen=60919.985
mean B0=85.4569 homogen=82424.6961
mean B0=85.3564 homogen=81544.5581
mean B0=75.163 homogen=35719.3869
mean B0=80.6825 homogen=48649.8008
mean B0=86.7862 homogen=97052.4919
mean B0=77.0879 homogen=69687.5999
mean B0=71.1561 homogen=15581.1284
mean B0=87.5064 homogen=105631.3266
mean B0=57.7459 homogen=54345.6981
mean B0=87.28 homogen=103099.3757
mean B0=78.344 homogen=35193.4392
mean B0=83.6384 homogen=70087.6387
mean B0=78.7794 homogen=37745.5762
mean B0=83.7455 homogen=71751.1585
mean B0=82.4425 homogen=48710.6919
mean B0=75.965 homogen=26718.6301
mean B0=77.146 homogen=32378.7397
mean B0=78.0904 homogen=89353.284
mean B0=74.243 homogen=26077.3248
mean B0=71.7697 homogen=14788.8337
mean B0=81.5175 homogen=52449.7431
mean B0=87.7341 homogen=112362.1647
mean B0=86.4452 homogen=94125.8664
mean B0=67.5536 homogen=6731.7635
mean B0=77.794 homogen=32691.1517
   165 |     6600 |     40 |  0.000000E+00 |  0.000000E+00 |  0.0023083614 |             f
mean B0=71.4608 homogen=170284.7005
mean B0=83.3861 homogen=66049.2704
mean B0=84.2515 homogen=72945.9878
mean B0=77.8794 homogen=32992.5395
mean B0=72.8332 homogen=26816.3785
mean B0=79.4834 homogen=41219.5749
mean B0=78.5399 homogen=38930.269
mean B0=87.5051 homogen=105624.3733
mean B0=72.9519 homogen=18906.9595
mean B0=79.9013 homogen=43199.2429
mean B0=71.5836 homogen=14170.4939
mean B0=82.8133 homogen=60842.7968
mean B0=86.3856 homogen=94135.6353
mean B0=71.6482 homogen=150302.477
mean B0=78.2153 homogen=34818.0122
mean B0=78.4458 homogen=43348.4209
mean B0=69.0301 homogen=8177.8246
mean B0=76.1768 homogen=41146.169
mean B0=71.5402 homogen=22977.1187
mean B0=77.8484 homogen=34737.2323
mean B0=76.992 homogen=31574.6625
mean B0=83.5923 homogen=69820.594
mean B0=83.7457 homogen=71751.1377
mean B0=77.6532 homogen=105593.0285
mean B0=62.6726 homogen=130943.5585
mean B0=76.6425 homogen=29947.3701
mean B0=74.8352 homogen=28965.405
mean B0=86.227 homogen=84156.9384
mean B0=85.6078 homogen=86716.8002
mean B0=79.3871 homogen=45548.6927
mean B0=87.8665 homogen=115047.9682
mean B0=78.3436 homogen=35195.9264
mean B0=67.8489 homogen=7088.7258
mean B0=82.1461 homogen=62779.6184
mean B0=87.3119 homogen=102885.9136
mean B0=77.7513 homogen=80237.692
mean B0=63.8073 homogen=197719.7629
mean B0=75.5667 homogen=32514.8692
mean B0=76.0514 homogen=45649.848
mean B0=77.8874 homogen=32889.8858
   166 |     6640 |     40 |  0.000000E+00 |  0.000000E+00 |  0.0060468441 |         ideal
mean B0=73.4115 homogen=43563.4597
mean B0=71.3626 homogen=14368.8184
mean B0=84.6346 homogen=65673.2194
mean B0=74.4387 homogen=22045.9829
mean B0=83.0376 homogen=62297.3492
mean B0=80.2375 homogen=45008.971
mean B0=78.1767 homogen=34467.3401
mean B0=79.3906 homogen=85044.8881
mean B0=78.88 homogen=38114.6447
mean B0=74.8795 homogen=23790.3117
mean B0=75.9227 homogen=26855.1874
mean B0=86.4367 homogen=93906.2225
mean B0=73.8946 homogen=192432.538
mean B0=80.6824 homogen=48650.3329
mean B0=80.0272 homogen=44097.5241
mean B0=86.9722 homogen=99484.4694
mean B0=76.3192 homogen=28545.6969
mean B0=78.688 homogen=39859.6217
mean B0=70.5027 homogen=10609.1939
mean B0=87.3165 homogen=102896.2438
mean B0=71.4052 homogen=211194.1185
mean B0=42.9655 homogen=126256.084
mean B0=81.9192 homogen=66679.3075
mean B0=58.4848 homogen=43759.452
mean B0=72.9241 homogen=18810.8484
mean B0=84.8498 homogen=77327.1003
mean B0=82.2248 homogen=49692.2274
mean B0=79.4278 homogen=40674.5239
mean B0=83.4829 homogen=69390.4604
mean B0=76.9544 homogen=31708.085
mean B0=67.3059 homogen=5209.8632
mean B0=84.2515 homogen=72945.9878
mean B0=79.5699 homogen=41927.8951
mean B0=81.1481 homogen=50347.7644
mean B0=80.3003 homogen=45160.7405
mean B0=86.4073 homogen=85533.6841
mean B0=69.0301 homogen=8177.8246
mean B0=87.254 homogen=102031.8904
mean B0=71.7697 homogen=14788.8337
mean B0=86.0064 homogen=88797.061
   167 |     6680 |     40 |  0.000000E+00 |  0.000000E+00 |  0.0011325160 |             f
mean B0=77.4637 homogen=36253.8657
mean B0=77.3587 homogen=80082.8703
mean B0=81.8649 homogen=54824.871
mean B0=71.2905 homogen=16108.592
mean B0=87.6192 homogen=96451.8178
mean B0=86.4879 homogen=94520.1405
mean B0=81.1482 homogen=50350.6764
mean B0=82.5458 homogen=60040.0715
mean B0=76.9038 homogen=31536.0918
mean B0=83.7457 homogen=71751.1377
mean B0=78.2244 homogen=60678.794
mean B0=69.4534 homogen=10042.9395
mean B0=69.7877 homogen=11149.1214
mean B0=70.1862 homogen=17965.9915
mean B0=70.9085 homogen=19318.5242
mean B0=57.3583 homogen=48388.4954
mean B0=74.437 homogen=22039.542
mean B0=84.2515 homogen=72945.9878
mean B0=86.027 homogen=88693.7883
mean B0=79.6652 homogen=42029.23
mean B0=75.339 homogen=41995.4894
mean B0=81.2337 homogen=46323.5832
mean B0=83.4044 homogen=65980.2601
mean B0=68.8125 homogen=18320.9527
mean B0=79.7386 homogen=42271.1093
mean B0=87.2022 homogen=101463.1732
mean B0=86.9781 homogen=99161.4407
mean B0=79.7599 homogen=42488.4539
mean B0=76.671 homogen=26213.5603
mean B0=87.5068 homogen=105639.748
mean B0=76.797 homogen=31392.9444
mean B0=87.0744 homogen=104464.4538
mean B0=86.1819 homogen=79038.3579
mean B0=50.2242 homogen=105503.5087
mean B0=73.6563 homogen=45041.8325
mean B0=86.0261 homogen=88368.876
mean B0=80.6831 homogen=48640.7389
mean B0=68.0826 homogen=6355.4172
mean B0=78.3282 homogen=35234.192
mean B0=84.0687 homogen=71425.4177
   168 |     6720 |     40 |  0.000000E+00 |  0.000000E+00 |  0.0038232478 |             f
mean B0=84.637 homogen=75230.0955
mean B0=67.2347 homogen=120772.4869
mean B0=68.8776 homogen=7631.7875
mean B0=79.6421 homogen=68369.98
mean B0=76.1155 homogen=31404.2876
mean B0=87.282 homogen=102115.602
mean B0=81.5826 homogen=61395.7025
mean B0=74.7498 homogen=55259.5748
mean B0=81.9833 homogen=67109.7123
mean B0=80.5665 homogen=46835.099
mean B0=77.2712 homogen=58081.2252
mean B0=77.2038 homogen=31731.8421
mean B0=71.2905 homogen=16108.592
mean B0=84.5654 homogen=84488.6217
mean B0=74.4743 homogen=21981.7
mean B0=78.1827 homogen=34866.097
mean B0=80.3741 homogen=48664.6802
mean B0=85.8295 homogen=89931.6358
mean B0=82.9617 homogen=88934.8444
mean B0=69.4511 homogen=10035.0789
mean B0=71.1822 homogen=13918.9677
mean B0=84.1473 homogen=104111.0597
mean B0=80.7222 homogen=48876.6858
mean B0=77.1326 homogen=32542.1895
mean B0=70.4989 homogen=29270.0922
mean B0=85.996 homogen=88260.0958
mean B0=77.6758 homogen=31703.2512
mean B0=73.0884 homogen=41763.4432
mean B0=81.4991 homogen=110793.0632
mean B0=84.9299 homogen=78168.939
mean B0=78.4032 homogen=36124.1103
mean B0=79.7599 homogen=42488.4539
mean B0=65.6745 homogen=241174.1279
mean B0=78.8977 homogen=40460.045
mean B0=77.2168 homogen=31722.6094
mean B0=82.7254 homogen=60305.1587
mean B0=87.5322 homogen=90677.2449
mean B0=79.7838 homogen=42494.418
mean B0=78.7779 homogen=34503.8205
mean B0=68.3673 homogen=9369.8178
   169 |     6760 |     40 |  0.000000E+00 |  0.000000E+00 |  0.0016866068 |             f
mean B0=69.0301 homogen=8177.8246
mean B0=78.5743 homogen=42240.9231
mean B0=84.1229 homogen=83237.4483
mean B0=79.2903 homogen=40544.2317
mean B0=80.0834 homogen=44307.2314
mean B0=73.1271 homogen=19426.3602
mean B0=72.647 homogen=17927.8801
mean B0=76.9282 homogen=30951.5808
mean B0=70.109 homogen=12070.6075
mean B0=66.3344 homogen=247062.6079
mean B0=85.9916 homogen=88253.9035
mean B0=64.8539 homogen=225171.5605
mean B0=82.1844 homogen=65571.2044
mean B0=68.6523 homogen=7292.6627
mean B0=82.5717 homogen=53228.1154
mean B0=82.9272 homogen=62318.842
mean B0=81.0981 homogen=50043.8413
mean B0=85.0771 homogen=78750.043
mean B0=78.6356 homogen=39294.4321
mean B0=73.2401 homogen=22223.5251
mean B0=58.3858 homogen=46665.1525
mean B0=77.3361 homogen=31970.6853
mean B0=68.9637 homogen=8378.6029
mean B0=74.4743 homogen=21981.7
mean B0=76.5383 homogen=28338.8645
mean B0=86.5348 homogen=94590.8234
mean B0=80.4282 homogen=46209.2495
mean B0=75.8328 homogen=26549.4244
mean B0=70.632 homogen=16984.4316
mean B0=84.6353 homogen=75220.8632
mean B0=78.7824 homogen=37752.6255
mean B0=79.8204 homogen=42798.8165
mean B0=68.9999 homogen=8188.0548
mean B0=87.5068 homogen=105639.748
mean B0=84.3951 homogen=72957.6672
mean B0=87.6031 homogen=110845.5742
mean B0=75.3254 homogen=64675.6869
mean B0=87.4977 homogen=104697.0529
mean B0=86.7505 homogen=97825.4412
mean B0=45.4665 homogen=120929.0654
   170 |     6800 |     40 |  0.000000E+00 |  0.000000E+00 |  0.0041670745 |             f
mean B0=84.0628 homogen=71395.3458
mean B0=77.3728 homogen=31775.5451
mean B0=85.6213 homogen=84012.212
mean B0=87.503 homogen=92115.8119
mean B0=87.3254 homogen=102629.7617
mean B0=87.8019 homogen=114293.9625
mean B0=70.5033 homogen=10606.9756
mean B0=86.0292 homogen=88696.3698
mean B0=85.2537 homogen=68501.1798
mean B0=72.2988 homogen=27569.9855
mean B0=87.6973 homogen=112009.6532
mean B0=78.8608 homogen=37892.4726
mean B0=57.3206 homogen=197417.6865
mean B0=73.0321 homogen=16023.6634
mean B0=86.192 homogen=90323.9754
mean B0=78.6127 homogen=36916.2936
mean B0=83.4044 homogen=65980.2601
mean B0=79.6516 homogen=42048.0069
mean B0=80.5039 homogen=54183.1451
mean B0=67.5588 homogen=5238.0048
mean B0=74.8853 homogen=23810.2682
mean B0=73.9789 homogen=24959.6152
mean B0=85.0924 homogen=79016.1209
mean B0=80.4282 homogen=46209.2495
mean B0=86.9332 homogen=98616.4879
mean B0=77.4875 homogen=31748.4291
mean B0=67.2741 homogen=4927.5552
mean B0=86.4859 homogen=94518.4312
mean B0=73.1236 homogen=19671.4852
mean B0=61.4945 homogen=209374.808
mean B0=85.1139 homogen=79080.6252
mean B0=67.3189 homogen=8455.443
mean B0=74.4922 homogen=22041.3137
mean B0=87.6035 homogen=110846.1706
mean B0=81.7185 homogen=53588.318
mean B0=77.5737 homogen=31156.2507
mean B0=81.0981 homogen=50043.8413
mean B0=74.2326 homogen=36087.223
mean B0=79.6142 homogen=41662.7936
mean B0=82.1955 homogen=58408.8836
   171 |     6840 |     40 |  0.000000E+00 |  0.000000E+00 |  0.0032828722 |             f
mean B0=68.6487 homogen=7306.2825
mean B0=76.3574 homogen=27136.2863
mean B0=82.9497 homogen=61778.0013
mean B0=87.8664 homogen=115043.7209
mean B0=84.3319 homogen=73521.9064
mean B0=85.9916 homogen=88253.9035
mean B0=86.1366 homogen=89285.5309
mean B0=81.8818 homogen=54772.9773
mean B0=78.7868 homogen=37623.4771
mean B0=80.8868 homogen=52503.7175
mean B0=81.8 homogen=54200.6797
mean B0=83.4898 homogen=66594.3595
mean B0=84.6774 homogen=75663.95
mean B0=75.2212 homogen=25214.4477
mean B0=74.2545 homogen=25550.2231
mean B0=71.3924 homogen=19569.4657
mean B0=76.3521 homogen=30261.7956
mean B0=70.9945 homogen=13647.3093
mean B0=85.216 homogen=79807.7188
mean B0=80.2492 homogen=45136.6838
mean B0=74.7137 homogen=57080.1013
mean B0=85.4727 homogen=102995.7175
mean B0=85.204 homogen=79631.3612
mean B0=72.3332 homogen=16457.9636
mean B0=71.06 homogen=17703.2748
mean B0=83.4044 homogen=65980.2601
mean B0=77.7274 homogen=32120.9174
mean B0=70.5031 homogen=10601.4469
mean B0=52.6336 homogen=71327.1439
mean B0=72.3299 homogen=30440.7064
mean B0=83.6889 homogen=67853.3801
mean B0=75.7064 homogen=26168.427
mean B0=82.0407 homogen=56003.4549
mean B0=76.2719 homogen=28187.4797
mean B0=77.432 homogen=32437.8964
mean B0=74.3034 homogen=29111.6866
mean B0=70.1022 homogen=20421.0705
mean B0=81.7185 homogen=53588.318
mean B0=84.4511 homogen=112552.9175
mean B0=85.4466 homogen=82235.7035
   172 |     6880 |     40 |  0.000000E+00 |  0.000000E+00 |  0.0030801261 |             f
mean B0=83.037 homogen=62300.0
mean B0=78.9014 homogen=38255.1265
mean B0=76.9093 homogen=30973.6481
mean B0=76.2267 homogen=33387.0382
mean B0=86.192 homogen=90323.9754
mean B0=78.8226 homogen=87273.1613
mean B0=73.8412 homogen=30484.6807
mean B0=49.529 homogen=106060.0276
mean B0=81.8451 homogen=54722.6998
mean B0=76.8753 homogen=33067.5967
mean B0=78.2267 homogen=86190.9709
mean B0=81.0976 homogen=50036.9999
mean B0=85.5754 homogen=103968.5285
mean B0=82.7753 homogen=115131.925
mean B0=69.987 homogen=12254.9952
mean B0=80.6014 homogen=40605.0866
mean B0=74.79 homogen=25582.1195
mean B0=83.6891 homogen=67827.1933
mean B0=80.3543 homogen=45658.6554
mean B0=76.2718 homogen=28183.7639
mean B0=82.1964 homogen=58401.302
mean B0=73.8606 homogen=28313.0128
mean B0=74.9042 homogen=23870.5425
mean B0=84.1237 homogen=81092.3385
mean B0=67.2742 homogen=4927.0243
mean B0=76.0692 homogen=33022.7021
mean B0=82.2708 homogen=61087.3862
mean B0=71.5222 homogen=24400.132
mean B0=78.1134 homogen=33920.8858
mean B0=83.3896 homogen=65292.5805
mean B0=72.8165 homogen=29234.9483
mean B0=87.3267 homogen=102640.1654
mean B0=82.2734 homogen=44049.333
mean B0=77.452 homogen=32475.6252
mean B0=71.8135 homogen=14884.8346
mean B0=84.6998 homogen=69386.1218
mean B0=65.8107 homogen=125316.9579
mean B0=77.8794 homogen=32986.5312
mean B0=76.4403 homogen=27841.8458
mean B0=84.3951 homogen=72960.2471
   173 |     6920 |     40 |  0.000000E+00 |  0.000000E+00 |  0.0025544119 |             f
mean B0=74.0335 homogen=24337.0393
mean B0=82.5198 homogen=59894.9307
mean B0=67.2262 homogen=4937.1706
mean B0=78.0672 homogen=31408.7827
mean B0=84.4826 homogen=74104.037
mean B0=78.6086 homogen=36699.7266
mean B0=86.8283 homogen=90154.8992
mean B0=75.1018 homogen=33278.0137
mean B0=76.1104 homogen=38300.644
mean B0=70.4353 homogen=10422.0067
mean B0=78.6144 homogen=36922.1303
mean B0=48.1391 homogen=349121.7997
mean B0=66.9885 homogen=6301.2184
mean B0=76.0109 homogen=31738.2497
mean B0=84.5415 homogen=83728.1667
mean B0=84.3724 homogen=73060.9957
mean B0=86.16 homogen=89993.7332
mean B0=85.1234 homogen=79942.8924
mean B0=81.4141 homogen=85921.7687
mean B0=82.9559 homogen=66159.0593
mean B0=81.8451 homogen=54722.6998
mean B0=85.1415 homogen=79187.8843
mean B0=67.6074 homogen=5335.608
mean B0=76.539 homogen=43241.3009
mean B0=63.5834 homogen=201457.6551
mean B0=85.0696 homogen=78424.7759
mean B0=87.2754 homogen=102645.6997
mean B0=80.6276 homogen=50435.5963
mean B0=78.9324 homogen=38651.0378
mean B0=53.7732 homogen=325153.2392
mean B0=80.3508 homogen=45645.862
mean B0=71.8472 homogen=14932.6455
mean B0=68.9367 homogen=7964.6562
mean B0=77.6658 homogen=31656.599
mean B0=75.4359 homogen=36483.7338
mean B0=83.0603 homogen=62213.6643
mean B0=85.4783 homogen=82521.142
mean B0=78.3827 homogen=34447.6814
mean B0=76.6832 homogen=39596.3761
mean B0=86.6911 homogen=101830.0775
   174 |     6960 |     40 |  0.000000E+00 |  0.000000E+00 |  0.0018219541 |             f
mean B0=69.3704 homogen=10226.9597
mean B0=72.3684 homogen=38718.7249
mean B0=83.061 homogen=62210.2833
mean B0=85.248 homogen=80398.8164
mean B0=70.596 homogen=16936.2474
mean B0=80.0839 homogen=50317.528
mean B0=81.0447 homogen=49735.8164
mean B0=72.3428 homogen=39527.7691
mean B0=68.9609 homogen=8294.8235
mean B0=79.0291 homogen=104498.3399
mean B0=70.4334 homogen=10427.0447
mean B0=57.9724 homogen=50692.1115
mean B0=80.0498 homogen=44126.9831
mean B0=86.1213 homogen=89972.8811
mean B0=87.8663 homogen=115053.3277
mean B0=84.4023 homogen=73244.9585
mean B0=84.0628 homogen=71395.3458
mean B0=76.8621 homogen=30628.5157
mean B0=79.1345 homogen=39373.8421
mean B0=80.7086 homogen=48260.2179
mean B0=75.3156 homogen=25485.6259
mean B0=71.4896 homogen=30853.165
mean B0=71.3492 homogen=145359.9384
mean B0=86.0141 homogen=88099.952
mean B0=70.1011 homogen=16339.7955
mean B0=72.2141 homogen=14419.8282
mean B0=77.7457 homogen=81989.9926
mean B0=76.5702 homogen=71303.3095
mean B0=83.9331 homogen=72927.977
mean B0=74.4743 homogen=21981.7
mean B0=72.6491 homogen=17936.284
mean B0=66.8854 homogen=13550.106
mean B0=78.6423 homogen=36862.2301
mean B0=73.1085 homogen=19643.5824
mean B0=87.3267 homogen=102639.0544
mean B0=82.6765 homogen=60028.2538
mean B0=72.3332 homogen=16457.9636
mean B0=82.6166 homogen=60249.3532
mean B0=79.33 homogen=40398.2329
mean B0=79.3112 homogen=40210.1295
   175 |     7000 |     40 |  0.000000E+00 |  0.000000E+00 |  0.0032379912 |             f
mean B0=69.426 homogen=22918.0038
mean B0=74.4735 homogen=21985.8836
mean B0=69.0788 homogen=8420.2883
mean B0=85.9943 homogen=88245.9885
mean B0=77.2134 homogen=31591.3711
mean B0=73.258 homogen=22218.2834
mean B0=68.9986 homogen=70188.422
mean B0=66.8452 homogen=253861.8329
mean B0=74.4834 homogen=21950.3243
mean B0=87.1256 homogen=100997.3179
mean B0=82.5504 homogen=52871.583
mean B0=84.7394 homogen=79639.6936
mean B0=80.7127 homogen=48282.0098
mean B0=75.2709 homogen=41985.6323
mean B0=77.5244 homogen=31244.2447
mean B0=80.7953 homogen=61470.9568
mean B0=81.8459 homogen=54716.9854
mean B0=81.6093 homogen=53193.0566
mean B0=68.336 homogen=8203.4426
mean B0=79.9437 homogen=43304.307
mean B0=82.5614 homogen=67904.7871
mean B0=78.1135 homogen=33922.4921
mean B0=89.4479 homogen=111032.022
mean B0=56.4718 homogen=60292.7942
mean B0=72.8498 homogen=18477.0922
mean B0=59.6918 homogen=198111.1727
mean B0=79.0346 homogen=39181.4951
mean B0=83.3837 homogen=65293.0465
mean B0=71.8052 homogen=14909.3956
mean B0=80.6027 homogen=48305.071
mean B0=88.0604 homogen=98099.2099
mean B0=82.6838 homogen=60082.6879
mean B0=67.6039 homogen=5326.5378
mean B0=70.0054 homogen=19480.0577
mean B0=80.0705 homogen=53563.4365
mean B0=77.615 homogen=31591.0376
mean B0=85.4783 homogen=82516.5461
mean B0=79.8502 homogen=42907.7264
mean B0=76.2635 homogen=23796.2625
mean B0=83.7216 homogen=68719.1413
   176 |     7040 |     40 |  0.000000E+00 |  0.000000E+00 |  0.0042397052 |             f
mean B0=83.4114 homogen=65431.0977
mean B0=82.741 homogen=67354.3689
mean B0=76.7736 homogen=88166.4827
mean B0=77.615 homogen=31591.279
mean B0=78.5384 homogen=36439.7719
mean B0=58.1543 homogen=196418.3647
mean B0=82.9405 homogen=61595.3367
mean B0=56.6764 homogen=272732.2646
mean B0=63.8428 homogen=119147.407
mean B0=77.1797 homogen=32352.5226
mean B0=70.2796 homogen=13987.7667
mean B0=85.2668 homogen=80284.4872
mean B0=69.3196 homogen=8940.5682
mean B0=69.2108 homogen=8801.7647
mean B0=78.9081 homogen=240363.9238
mean B0=67.2742 homogen=4927.0243
mean B0=83.4871 homogen=57275.2474
mean B0=87.1336 homogen=83658.6838
mean B0=81.6612 homogen=53378.3071
mean B0=76.083 homogen=35757.2919
mean B0=83.6989 homogen=68482.2743
mean B0=76.4511 homogen=30785.8009
mean B0=79.3013 homogen=43203.3881
mean B0=75.2206 homogen=25217.2829
mean B0=72.8589 homogen=18494.2118
mean B0=73.5109 homogen=17720.4608
mean B0=84.5231 homogen=73964.144
mean B0=77.1482 homogen=32557.5762
mean B0=81.6094 homogen=53194.7366
mean B0=85.1222 homogen=81935.3723
mean B0=77.6807 homogen=32553.1754
mean B0=76.4236 homogen=27893.3914
mean B0=85.7121 homogen=85503.3835
mean B0=79.2939 homogen=45250.5693
mean B0=80.7312 homogen=57913.6642
mean B0=67.2742 homogen=4927.0243
mean B0=86.4217 homogen=98762.9255
mean B0=85.0274 homogen=78305.2448
mean B0=79.5727 homogen=104856.2858
mean B0=73.7893 homogen=26383.6219
   177 |     7080 |     40 |  0.000000E+00 |  0.000000E+00 |  0.0022608999 |             f
mean B0=85.0738 homogen=80200.5925
mean B0=72.834 homogen=18471.0265
mean B0=76.5327 homogen=28121.9336
mean B0=87.06 homogen=85186.693
mean B0=83.0685 homogen=62259.5322
mean B0=79.6321 homogen=41727.4507
mean B0=80.9416 homogen=49454.2888
mean B0=69.4142 homogen=10551.7634
mean B0=79.5288 homogen=39574.924
mean B0=79.0346 homogen=39181.4951
mean B0=81.3454 homogen=94278.9877
mean B0=73.4169 homogen=20766.2371
mean B0=80.3595 homogen=45641.8387
mean B0=73.5119 homogen=19253.082
mean B0=87.1259 homogen=100999.1317
mean B0=78.3245 homogen=35774.2018
mean B0=82.2119 homogen=58520.4951
mean B0=85.4581 homogen=82462.7932
mean B0=84.4072 homogen=73262.9062
mean B0=70.7484 homogen=26805.9356
mean B0=79.4796 homogen=41179.4185
mean B0=79.8988 homogen=43130.6841
mean B0=75.2284 homogen=25282.4216
mean B0=85.1792 homogen=100718.6175
mean B0=85.2591 homogen=80208.3479
mean B0=87.3062 homogen=102611.3238
mean B0=88.0317 homogen=115223.3676
mean B0=67.3128 homogen=5276.8216
mean B0=69.2289 homogen=13348.4553
mean B0=55.3352 homogen=199711.5745
mean B0=76.028 homogen=34228.9108
mean B0=77.2538 homogen=31185.2139
mean B0=68.6486 homogen=7303.7539
mean B0=71.422 homogen=15104.8726
mean B0=86.4213 homogen=98764.6905
mean B0=77.6156 homogen=73466.1174
mean B0=75.2064 homogen=25143.5669
mean B0=83.651 homogen=59145.7556
mean B0=82.9356 homogen=61563.827
mean B0=82.0447 homogen=68608.6378
   178 |     7120 |     40 |  0.000000E+00 |  0.000000E+00 |  0.0079589625 |         ideal
mean B0=77.5299 homogen=31229.6211
mean B0=77.7839 homogen=32424.6334
mean B0=72.8387 homogen=18447.9114
mean B0=80.674 homogen=47477.6574
mean B0=79.336 homogen=40445.3045
mean B0=78.7454 homogen=37500.0014
mean B0=80.1893 homogen=44749.3527
mean B0=44.2119 homogen=122249.0278
mean B0=78.5649 homogen=44411.9238
mean B0=65.9499 homogen=247766.5101
mean B0=72.3025 homogen=32946.7741
mean B0=85.9817 homogen=108632.3814
mean B0=86.0205 homogen=88451.1759
mean B0=84.4021 homogen=73244.8489
mean B0=77.1881 homogen=35342.2517
mean B0=57.5124 homogen=471106.0751
mean B0=82.1961 homogen=58400.0598
mean B0=72.2233 homogen=14465.2571
mean B0=86.0142 homogen=88096.9757
mean B0=77.5823 homogen=32165.7733
mean B0=85.1695 homogen=115210.8961
mean B0=71.3457 homogen=32491.6223
mean B0=65.6644 homogen=228601.3691
mean B0=65.6475 homogen=22355.7816
mean B0=81.2434 homogen=50948.4853
mean B0=87.3341 homogen=107724.7553
mean B0=85.2829 homogen=85932.4753
mean B0=67.6073 homogen=5335.7894
mean B0=61.7034 homogen=213365.2381
mean B0=82.9703 homogen=61644.9599
mean B0=78.6862 homogen=39160.7815
mean B0=89.1792 homogen=107689.4827
mean B0=73.1824 homogen=179471.8937
mean B0=83.7217 homogen=68720.6363
mean B0=72.0679 homogen=14080.5546
mean B0=86.9743 homogen=99433.5155
mean B0=67.2742 homogen=4928.8144
mean B0=82.8095 homogen=69958.5863
mean B0=75.3155 homogen=25485.9585
mean B0=66.6035 homogen=133324.5668
   179 |     7160 |     40 |  0.000000E+00 |  0.000000E+00 |  0.0026113822 |             f
mean B0=87.7793 homogen=112255.7936
mean B0=83.7216 homogen=68719.6396
mean B0=55.578 homogen=58805.1597
mean B0=73.561 homogen=28396.5003
mean B0=85.7121 homogen=85503.3835
mean B0=79.3572 homogen=40422.7314
mean B0=87.7325 homogen=112375.452
mean B0=81.2434 homogen=50948.4853
mean B0=75.9986 homogen=35531.4211
mean B0=75.4234 homogen=25802.3029
mean B0=76.3918 homogen=41068.0078
mean B0=75.2065 homogen=25154.3401
mean B0=69.7585 homogen=11302.8876
mean B0=76.4403 homogen=27841.8458
mean B0=66.8231 homogen=8513.8263
mean B0=82.1652 homogen=58122.9876
mean B0=47.7464 homogen=366542.646
mean B0=72.9971 homogen=40924.4002
mean B0=70.3277 homogen=11734.0134
mean B0=83.7928 homogen=68859.8937
mean B0=74.5946 homogen=22513.1311
mean B0=85.0738 homogen=80197.1446
mean B0=68.3831 homogen=34473.8207
mean B0=76.7177 homogen=35982.4119
mean B0=89.007 homogen=107480.2444
mean B0=87.3012 homogen=102747.3265
mean B0=77.3336 homogen=33739.746
mean B0=81.8459 homogen=54716.9854
mean B0=70.3975 homogen=89414.6181
mean B0=80.0469 homogen=44189.8752
mean B0=76.8621 homogen=30628.5157
mean B0=81.0757 homogen=48374.4844
mean B0=73.6004 homogen=17304.2492
mean B0=86.192 homogen=90323.9754
mean B0=84.9536 homogen=78496.3493
mean B0=87.3801 homogen=108283.9968
mean B0=86.1656 homogen=98527.3547
mean B0=73.484 homogen=41576.5171
mean B0=71.9267 homogen=13359.3978
mean B0=82.9988 homogen=62159.7681
   180 |     7200 |     40 |  0.000000E+00 |  0.000000E+00 |  0.0010764360 |             f
mean B0=81.9948 homogen=60304.789
mean B0=75.496 homogen=60655.4709
mean B0=71.3258 homogen=39182.8329
mean B0=79.692 homogen=42164.0149
mean B0=58.383 homogen=46664.396
mean B0=73.9358 homogen=25274.9728
mean B0=81.2987 homogen=52121.9569
mean B0=74.8288 homogen=21647.9275
mean B0=86.192 homogen=90323.9754
mean B0=80.0469 homogen=44193.4836
mean B0=84.6773 homogen=75663.3818
mean B0=78.3139 homogen=35734.3575
mean B0=81.2645 homogen=51072.5934
mean B0=70.2252 homogen=17330.3206
mean B0=79.4796 homogen=41179.4185
mean B0=61.7127 homogen=176423.2682
mean B0=78.2847 homogen=36845.9942
mean B0=67.2742 homogen=4927.0243
mean B0=54.2159 homogen=312295.9789
mean B0=83.7011 homogen=68566.8917
mean B0=69.3867 homogen=17597.9018
mean B0=84.7361 homogen=75653.2165
mean B0=89.1724 homogen=107686.1361
mean B0=86.2097 homogen=90485.7503
mean B0=85.1012 homogen=80270.3475
mean B0=63.0984 homogen=197232.7193
mean B0=80.01 homogen=43905.0098
mean B0=67.3015 homogen=5276.0948
mean B0=81.2899 homogen=47916.195
mean B0=54.2944 homogen=64008.4886
mean B0=68.6523 homogen=7292.7745
mean B0=74.6044 homogen=22540.1105
mean B0=82.1926 homogen=58376.0695
mean B0=67.6074 homogen=5334.7493
mean B0=81.2434 homogen=50948.4853
mean B0=67.8825 homogen=30846.1868
mean B0=77.4645 homogen=30844.6884
mean B0=86.4217 homogen=98762.9255
mean B0=73.3478 homogen=20527.0905
mean B0=84.5554 homogen=78038.1453
   181 |     7240 |     40 |  0.000000E+00 |  0.000000E+00 |  0.0019237234 |             f
mean B0=74.6044 homogen=22540.1105
mean B0=79.8758 homogen=90118.407
mean B0=78.0049 homogen=33594.3949
mean B0=83.1057 homogen=62855.9239
mean B0=79.9494 homogen=43377.5515
mean B0=83.7231 homogen=56941.1614
mean B0=67.2742 homogen=4927.1874
mean B0=84.8044 homogen=77029.2113
mean B0=81.8437 homogen=54682.8784
mean B0=68.5939 homogen=18182.2694
mean B0=83.9123 homogen=70019.1379
mean B0=71.6773 homogen=14616.6375
mean B0=68.6524 homogen=7293.3043
mean B0=82.275 homogen=59042.6483
mean B0=75.4234 homogen=25802.3029
mean B0=87.2388 homogen=102213.1141
mean B0=73.577 homogen=21880.0342
mean B0=63.5249 homogen=212136.0903
mean B0=71.8975 homogen=42384.828
mean B0=76.599 homogen=76253.6731
mean B0=78.7454 homogen=37500.0014
mean B0=76.2855 homogen=29651.9795
mean B0=85.4915 homogen=83545.9566
mean B0=80.1512 homogen=44390.7475
mean B0=79.6778 homogen=85635.1249
mean B0=76.4403 homogen=27841.8458
mean B0=85.1012 homogen=80278.3504
mean B0=77.3744 homogen=33701.2059
mean B0=74.8061 homogen=234213.6814
mean B0=71.7161 homogen=15621.5035
mean B0=80.5566 homogen=46590.7855
mean B0=84.9792 homogen=78553.3581
mean B0=84.4023 homogen=73254.1696
mean B0=82.2119 homogen=58520.4951
mean B0=76.8621 homogen=30628.5157
mean B0=86.9928 homogen=103073.2661
mean B0=71.4241 homogen=11956.977
mean B0=70.3568 homogen=135889.9459
mean B0=74.561 homogen=42021.4733
mean B0=67.511 homogen=114694.3601
   182 |     7280 |     40 |  0.000000E+00 |  0.000000E+00 |  0.0039439835 |             f
mean B0=85.4916 homogen=83543.7228
mean B0=75.1743 homogen=68787.0388
mean B0=76.2979 homogen=90788.9318
mean B0=85.1336 homogen=66853.3479
mean B0=83.4204 homogen=72026.9277
mean B0=75.431 homogen=66770.3139
mean B0=83.3246 homogen=67223.0828
mean B0=75.3729 homogen=25697.358
mean B0=77.874 homogen=32729.8349
mean B0=79.9654 homogen=43537.5634
mean B0=83.7551 homogen=59106.927
mean B0=75.5838 homogen=26592.6187
mean B0=68.6243 homogen=116681.1692
mean B0=80.1667 homogen=44502.8925
mean B0=76.5379 homogen=38050.231
mean B0=67.3073 homogen=5234.7277
mean B0=73.5367 homogen=21634.3768
mean B0=79.4549 homogen=40909.3055
mean B0=68.7715 homogen=7445.1004
mean B0=71.3595 homogen=15036.96
mean B0=72.121 homogen=12762.9348
mean B0=74.9758 homogen=34807.4444
mean B0=78.3215 homogen=35182.2379
mean B0=64.9499 homogen=228021.3172
mean B0=75.3527 homogen=34011.1128
mean B0=69.1611 homogen=252622.6119
mean B0=78.662 homogen=37004.7809
mean B0=73.4665 homogen=20867.6331
mean B0=84.9331 homogen=118001.4093
mean B0=84.7192 homogen=75446.6069
mean B0=82.1926 homogen=58376.0695
mean B0=74.323 homogen=21309.5819
mean B0=72.8371 homogen=18443.0408
mean B0=86.9446 homogen=104229.8018
mean B0=87.2895 homogen=91025.5989
mean B0=67.5913 homogen=5408.0739
mean B0=76.9038 homogen=30836.7572
mean B0=73.8919 homogen=185489.5185
mean B0=77.8046 homogen=32582.5386
mean B0=70.3614 homogen=14143.9599
   183 |     7320 |     40 |  0.000000E+00 |  0.000000E+00 |  0.0024278342 |             f
mean B0=73.7862 homogen=186015.0353
mean B0=82.9356 homogen=61563.8437
mean B0=76.419 homogen=32863.6981
mean B0=87.2897 homogen=102220.6572
mean B0=62.8885 homogen=203090.539
mean B0=69.2098 homogen=8401.5512
mean B0=76.2788 homogen=29360.3714
mean B0=77.5315 homogen=31196.5803
mean B0=71.6871 homogen=14568.5531
mean B0=52.5251 homogen=161763.8913
mean B0=83.192 homogen=63530.9266
mean B0=84.5566 homogen=92933.5991
mean B0=69.4534 homogen=10042.9395
mean B0=72.8371 homogen=18442.9817
mean B0=74.323 homogen=21309.5819
mean B0=81.2986 homogen=52122.1554
mean B0=83.9123 homogen=70018.076
mean B0=82.996 homogen=65061.9658
mean B0=80.6477 homogen=47279.8972
mean B0=89.1591 homogen=107653.0349
mean B0=78.0103 homogen=33465.6986
mean B0=87.2389 homogen=102212.7357
mean B0=80.532 homogen=85871.1993
mean B0=79.2742 homogen=39986.0095
mean B0=68.4537 homogen=23323.8431
mean B0=66.7182 homogen=5399.8611
mean B0=77.6516 homogen=31706.3892
mean B0=68.7715 homogen=7445.1004
mean B0=79.3449 homogen=40449.9373
mean B0=85.1596 homogen=80174.9843
mean B0=73.342 homogen=20425.1103
mean B0=69.2523 homogen=8874.6294
mean B0=84.4021 homogen=73244.8489
mean B0=80.1667 homogen=44503.4411
mean B0=77.2664 homogen=76426.1909
mean B0=74.4835 homogen=21950.336
mean B0=75.5838 homogen=26591.471
mean B0=67.5144 homogen=5876.961
mean B0=84.3744 homogen=64664.4866
mean B0=77.4043 homogen=100101.2387
   184 |     7360 |     40 |  0.000000E+00 |  0.000000E+00 |  0.0033274995 |             f
mean B0=83.7051 homogen=68587.9783
mean B0=82.834 homogen=60937.2076
mean B0=67.4303 homogen=6023.9213
mean B0=86.0771 homogen=88015.5537
mean B0=88.0338 homogen=115220.042
mean B0=79.4549 homogen=40909.3055
mean B0=72.5512 homogen=41968.1729
mean B0=70.0959 homogen=126536.2118
mean B0=73.4299 homogen=20789.4998
mean B0=74.5253 homogen=22049.3976
mean B0=82.6767 homogen=59800.4951
mean B0=72.8369 homogen=18438.5236
mean B0=66.9481 homogen=8164.6232
mean B0=76.6248 homogen=36551.508
mean B0=77.4624 homogen=79529.4353
mean B0=83.1924 homogen=63543.4023
mean B0=83.3235 homogen=67196.362
mean B0=75.4244 homogen=27157.0308
mean B0=46.0854 homogen=168157.0366
mean B0=82.0148 homogen=105590.534
mean B0=81.2956 homogen=52111.8125
mean B0=72.1312 homogen=39864.5559
mean B0=67.4505 homogen=6106.3018
mean B0=75.3611 homogen=44543.1326
mean B0=86.208 homogen=90486.8209
mean B0=85.1596 homogen=80175.2112
mean B0=72.7633 homogen=34943.1726
mean B0=80.6492 homogen=47389.1248
mean B0=85.886 homogen=93816.9033
mean B0=71.6491 homogen=14510.0968
mean B0=77.8767 homogen=33950.4197
mean B0=78.6618 homogen=37007.0953
mean B0=75.9512 homogen=29026.9868
mean B0=73.3756 homogen=24589.2118
mean B0=77.9832 homogen=32945.3931
mean B0=87.2389 homogen=102195.1207
mean B0=85.4932 homogen=83569.8185
mean B0=76.7455 homogen=71589.9646
mean B0=82.9235 homogen=61472.5567
mean B0=75.1808 homogen=41544.5223
   185 |     7400 |     40 |  0.000000E+00 |  0.000000E+00 |  0.0007136612 |             f
mean B0=71.7658 homogen=15097.3446
mean B0=79.7476 homogen=45756.9987
mean B0=86.6216 homogen=95822.8766
mean B0=81.2839 homogen=51397.8765
mean B0=77.3017 homogen=31774.4282
mean B0=75.5537 homogen=26413.9389
mean B0=84.5247 homogen=74425.8272
mean B0=84.7362 homogen=75648.4754
mean B0=85.1596 homogen=80174.5876
mean B0=80.6477 homogen=47279.8972
mean B0=75.5105 homogen=56128.6552
mean B0=69.4959 homogen=10137.8396
mean B0=75.6689 homogen=25918.928
mean B0=78.0103 homogen=33465.6986
mean B0=73.752 homogen=41529.3092
mean B0=67.2913 homogen=7109.2726
mean B0=75.7054 homogen=37102.1417
mean B0=70.4124 homogen=12095.3455
mean B0=75.3729 homogen=25697.358
mean B0=85.8879 homogen=89476.1729
mean B0=66.141 homogen=17286.0404
mean B0=75.874 homogen=36103.872
mean B0=86.3269 homogen=91789.9344
mean B0=77.0513 homogen=28857.7726
mean B0=61.1178 homogen=212319.4664
mean B0=74.552 homogen=22134.2578
mean B0=55.9501 homogen=219740.897
mean B0=85.4919 homogen=83539.7656
mean B0=71.649 homogen=14509.8578
mean B0=67.2742 homogen=4927.0243
mean B0=85.8623 homogen=84178.1083
mean B0=74.4383 homogen=21825.9545
mean B0=53.9659 homogen=65110.3038
mean B0=78.3215 homogen=35182.2379
mean B0=80.2229 homogen=107795.4377
mean B0=86.4626 homogen=92294.4861
mean B0=83.3428 homogen=71459.1898
mean B0=81.2981 homogen=48402.2445
mean B0=83.9123 homogen=70019.1379
mean B0=82.6496 homogen=60464.965
   186 |     7440 |     40 |  0.000000E+00 |  0.000000E+00 |  0.0032355920 |             f
mean B0=82.4924 homogen=59160.9287
mean B0=79.1164 homogen=39429.0753
mean B0=84.0233 homogen=71134.1229
mean B0=85.7201 homogen=85519.2768
mean B0=76.1654 homogen=44163.6131
mean B0=77.1408 homogen=32434.0747
mean B0=81.4266 homogen=52817.0125
mean B0=81.7601 homogen=62591.7627
mean B0=80.4005 homogen=54386.6051
mean B0=87.2392 homogen=102220.0488
mean B0=74.5519 homogen=22134.3324
mean B0=70.6965 homogen=16727.5409
mean B0=72.837 homogen=18443.9956
mean B0=64.3913 homogen=38779.3293
mean B0=65.9016 homogen=154249.9374
mean B0=76.5748 homogen=73643.2989
mean B0=86.0772 homogen=88019.5047
mean B0=77.424 homogen=242860.3498
mean B0=84.7192 homogen=75534.5675
mean B0=86.6063 homogen=95605.2229
mean B0=80.3242 homogen=45407.9576
mean B0=77.6173 homogen=31642.7851
mean B0=79.1634 homogen=39457.5455
mean B0=75.9394 homogen=26067.9381
mean B0=77.697 homogen=33708.6679
mean B0=81.2974 homogen=98045.5393
mean B0=70.7954 homogen=11334.6739
mean B0=71.4933 homogen=19978.785
mean B0=77.2918 homogen=30275.584
mean B0=78.1452 homogen=255531.8791
mean B0=50.3639 homogen=338398.556
mean B0=68.197 homogen=14321.5611
mean B0=73.4169 homogen=20766.9875
mean B0=73.4162 homogen=29002.4605
mean B0=75.8349 homogen=30477.5665
mean B0=66.8764 homogen=109613.493
mean B0=76.4399 homogen=27838.0108
mean B0=85.1722 homogen=80044.563
mean B0=69.5081 homogen=10218.8879
mean B0=85.5051 homogen=83704.5384
   187 |     7480 |     40 |  0.000000E+00 |  0.000000E+00 |  0.0019050699 |             f
mean B0=75.3729 homogen=25697.358
mean B0=80.9393 homogen=89551.6363
mean B0=75.4493 homogen=68153.0558
mean B0=74.1473 homogen=42284.6936
mean B0=74.5253 homogen=22290.2759
mean B0=84.8721 homogen=76821.9125
mean B0=84.8328 homogen=76338.4331
mean B0=80.1716 homogen=44483.4407
mean B0=77.5655 homogen=36178.3561
mean B0=74.8536 homogen=56086.5466
mean B0=75.8821 homogen=29510.5887
mean B0=77.2403 homogen=32081.8023
mean B0=83.9123 homogen=70018.8906
mean B0=74.1904 homogen=22770.9469
mean B0=82.2949 homogen=59833.3783
mean B0=79.6367 homogen=59614.0759
mean B0=81.7537 homogen=54051.0502
mean B0=86.0772 homogen=88019.5047
mean B0=69.7592 homogen=121860.045
mean B0=85.1661 homogen=80002.2113
mean B0=67.6074 homogen=5335.608
mean B0=76.2007 homogen=40847.0446
mean B0=77.1611 homogen=31078.8446
mean B0=71.8918 homogen=26885.0202
mean B0=73.2393 homogen=16336.3061
mean B0=86.1804 homogen=92039.0551
mean B0=80.589 homogen=46957.2875
mean B0=71.8099 homogen=14899.3754
mean B0=72.7453 homogen=16899.7191
mean B0=86.4585 homogen=92322.8308
mean B0=68.7951 homogen=8046.9537
mean B0=78.1924 homogen=59118.7295
mean B0=69.4534 homogen=10043.3168
mean B0=75.2288 homogen=31139.5458
mean B0=77.2109 homogen=27920.7177
mean B0=78.9768 homogen=38483.6695
mean B0=66.5612 homogen=189551.8788
mean B0=76.4402 homogen=27839.5282
mean B0=84.9345 homogen=101068.5989
mean B0=62.9521 homogen=26837.5705
   188 |     7520 |     40 |  0.000000E+00 |  0.000000E+00 |  0.0034754719 |             f
mean B0=87.5393 homogen=109395.5781
mean B0=75.8169 homogen=37207.739
mean B0=79.052 homogen=75194.3576
mean B0=75.2482 homogen=33956.6598
mean B0=86.5396 homogen=81823.2469
mean B0=75.6449 homogen=25864.3272
mean B0=75.831 homogen=29066.4321
mean B0=80.0312 homogen=43926.8078
mean B0=82.6918 homogen=60156.189
mean B0=77.0804 homogen=35492.8505
mean B0=83.9178 homogen=70027.3103
mean B0=73.2168 homogen=30138.3765
mean B0=87.3267 homogen=102640.1654
mean B0=68.2633 homogen=8900.8064
mean B0=76.6164 homogen=29345.4521
mean B0=85.9818 homogen=87021.3434
mean B0=77.068 homogen=32650.5044
mean B0=69.9029 homogen=14966.4386
mean B0=78.9634 homogen=38367.9236
mean B0=70.2214 homogen=21518.3374
mean B0=71.9644 homogen=15996.5822
mean B0=78.9432 homogen=100051.9539
mean B0=79.8971 homogen=43229.4609
mean B0=87.3578 homogen=102706.0913
mean B0=85.3844 homogen=81527.6024
mean B0=76.4647 homogen=27904.3828
mean B0=68.9499 homogen=8369.2197
mean B0=74.9593 homogen=31145.1377
mean B0=83.5037 homogen=69236.0473
mean B0=70.3418 homogen=135553.8223
mean B0=84.5193 homogen=74415.9006
mean B0=78.367 homogen=31358.3859
mean B0=41.1527 homogen=261039.331
mean B0=79.497 homogen=33447.8798
mean B0=79.2246 homogen=54457.2137
mean B0=80.7643 homogen=48034.8515
mean B0=76.3387 homogen=30045.5213
mean B0=67.8252 homogen=12171.0914
mean B0=86.9041 homogen=98587.1633
mean B0=76.571 homogen=39370.7817
   189 |     7560 |     40 |  0.000000E+00 |  0.000000E+00 |  0.0048333217 |             f
mean B0=80.5934 homogen=84391.226
mean B0=78.0168 homogen=33901.139
mean B0=88.0407 homogen=115286.6194
mean B0=68.6523 homogen=7292.6627
mean B0=81.2656 homogen=51465.321
mean B0=84.2886 homogen=94354.6372
mean B0=77.7244 homogen=33849.3
mean B0=76.6147 homogen=33165.1621
mean B0=71.9616 homogen=15984.5182
mean B0=78.593 homogen=36457.7533
mean B0=81.0828 homogen=41888.5905
mean B0=80.7041 homogen=47833.4655
mean B0=80.2979 homogen=43933.0294
mean B0=87.2518 homogen=102041.4262
mean B0=74.4413 homogen=21839.3478
mean B0=63.5391 homogen=106895.906
mean B0=65.8403 homogen=236508.6993
mean B0=70.5033 homogen=10606.9756
mean B0=84.7284 homogen=75870.8031
mean B0=69.5081 homogen=10218.8879
mean B0=77.6432 homogen=33405.9527
mean B0=68.3315 homogen=13365.6703
mean B0=87.5304 homogen=109327.8872
mean B0=69.7049 homogen=15844.247
mean B0=82.7102 homogen=60085.7746
mean B0=77.463 homogen=32138.8605
mean B0=78.6362 homogen=36869.1996
mean B0=87.2923 homogen=102584.2641
mean B0=71.6512 homogen=14523.324
mean B0=79.531 homogen=85029.5555
mean B0=75.9552 homogen=27835.3918
mean B0=84.591 homogen=74669.1851
mean B0=86.9041 homogen=98586.5293
mean B0=85.2515 homogen=80443.2984
mean B0=52.2751 homogen=372262.2141
mean B0=71.1638 homogen=20237.6494
mean B0=81.9076 homogen=56470.1018
mean B0=85.9818 homogen=87021.3434
mean B0=81.0488 homogen=49983.5527
mean B0=53.971 homogen=65148.3866
   190 |     7600 |     40 |  0.000000E+00 |  0.000000E+00 |  0.0019657423 |             f
mean B0=78.3107 homogen=35889.7681
mean B0=79.8125 homogen=75950.6636
mean B0=84.5437 homogen=74417.908
mean B0=75.6625 homogen=25453.4283
mean B0=78.32 homogen=34933.3502
mean B0=67.7882 homogen=268876.2065
mean B0=86.1155 homogen=109871.1027
mean B0=85.1472 homogen=80195.0648
mean B0=76.0761 homogen=30901.0195
mean B0=79.2747 homogen=39963.3487
mean B0=79.4795 homogen=46514.0718
mean B0=68.6082 homogen=7181.9351
mean B0=78.0193 homogen=33913.5644
mean B0=75.3142 homogen=38749.579
mean B0=77.531 homogen=31856.8567
mean B0=86.0489 homogen=87725.8425
mean B0=79.646 homogen=41927.8587
mean B0=82.3385 homogen=114868.1824
mean B0=71.2444 homogen=20513.116
mean B0=72.4133 homogen=16662.082
mean B0=85.1329 homogen=79276.8129
mean B0=77.7355 homogen=34087.1831
mean B0=86.0439 homogen=91433.436
mean B0=85.2836 homogen=79994.8553
mean B0=73.7324 homogen=70431.3121
mean B0=84.7414 homogen=75976.9104
mean B0=82.564 homogen=45456.6306
mean B0=82.2146 homogen=58286.8158
mean B0=77.2629 homogen=62296.4767
mean B0=86.9031 homogen=98640.7412
mean B0=68.9637 homogen=8376.7918
mean B0=87.5618 homogen=109661.8918
mean B0=82.7078 homogen=60068.6154
mean B0=75.4212 homogen=59461.674
mean B0=75.7114 homogen=26132.06
mean B0=86.6386 homogen=87574.4099
mean B0=84.5803 homogen=95514.5302
mean B0=75.445 homogen=35372.0588
mean B0=70.1881 homogen=17486.8866
mean B0=73.7805 homogen=20182.5869
   191 |     7640 |     40 |  0.000000E+00 |  0.000000E+00 |  0.0047692956 |             f
mean B0=82.4327 homogen=58275.4648
mean B0=84.5379 homogen=75168.4941
mean B0=87.5304 homogen=109327.8872
mean B0=78.3202 homogen=34920.8687
mean B0=79.7786 homogen=42533.6758
mean B0=72.9794 homogen=23108.1963
mean B0=75.9552 homogen=27835.3918
mean B0=77.5587 homogen=31219.4448
mean B0=87.1333 homogen=100562.0314
mean B0=76.1732 homogen=35443.3858
mean B0=75.6845 homogen=63358.5986
mean B0=51.1276 homogen=330820.5288
mean B0=78.4918 homogen=36092.6336
mean B0=82.191 homogen=58151.4977
mean B0=68.804 homogen=15710.751
mean B0=75.8733 homogen=29989.177
mean B0=85.6858 homogen=90873.7619
mean B0=76.4891 homogen=38279.0471
mean B0=78.9074 homogen=98513.4801
mean B0=75.5135 homogen=24857.1676
mean B0=87.0192 homogen=109275.0414
mean B0=77.2847 homogen=35296.8374
mean B0=85.1329 homogen=79276.8129
mean B0=81.2838 homogen=51405.0201
mean B0=71.4456 homogen=15190.9406
mean B0=83.9361 homogen=89375.0629
mean B0=87.3578 homogen=102706.0913
mean B0=83.7153 homogen=69932.9843
mean B0=83.5349 homogen=70155.1192
mean B0=72.0542 homogen=29398.8127
mean B0=75.3006 homogen=40697.6224
mean B0=64.9956 homogen=124715.5678
mean B0=84.6536 homogen=78678.8531
mean B0=66.7042 homogen=149840.7472
mean B0=70.0727 homogen=16986.4928
mean B0=72.7059 homogen=18234.059
mean B0=68.2505 homogen=12420.4157
mean B0=85.5688 homogen=87443.441
mean B0=73.4224 homogen=41821.4546
mean B0=86.6353 homogen=95672.9254
   192 |     7680 |     40 |  0.000000E+00 |  0.000000E+00 |  0.0024473829 |             f
mean B0=86.1782 homogen=92020.2396
mean B0=61.49 homogen=173731.8685
mean B0=87.2748 homogen=102594.7019
mean B0=74.9321 homogen=33528.7446
mean B0=75.8905 homogen=29090.046
mean B0=82.7336 homogen=43657.7389
mean B0=83.9183 homogen=97671.191
mean B0=83.4149 homogen=68533.9522
mean B0=80.2209 homogen=39961.0205
mean B0=69.4283 homogen=17966.78
mean B0=73.5801 homogen=19672.2429
mean B0=71.6656 homogen=14497.9434
mean B0=75.7509 homogen=36711.7178
mean B0=85.2259 homogen=80559.6698
mean B0=84.7507 homogen=76046.5975
mean B0=76.6164 homogen=29345.4521
mean B0=84.5437 homogen=74417.908
mean B0=85.4547 homogen=86142.1044
mean B0=68.3506 homogen=9532.5883
mean B0=79.2747 homogen=39963.3487
mean B0=72.8494 homogen=18392.5796
mean B0=86.46 homogen=92351.1511
mean B0=84.7312 homogen=78776.5034
mean B0=79.2421 homogen=43807.8144
mean B0=68.9636 homogen=8376.664
mean B0=76.1845 homogen=84550.2918
mean B0=77.1389 homogen=32461.654
mean B0=86.713 homogen=96573.4821
mean B0=85.6161 homogen=104110.4422
mean B0=51.0043 homogen=83712.4742
mean B0=53.9912 homogen=65213.9475
mean B0=78.2999 homogen=34918.7098
mean B0=77.7329 homogen=100920.2346
mean B0=81.4364 homogen=52158.0644
mean B0=81.0269 homogen=49845.8871
mean B0=69.5081 homogen=10218.8879
mean B0=88.0338 homogen=115220.042
mean B0=82.8232 homogen=60836.8897
mean B0=58.235 homogen=46756.1203
mean B0=72.4133 homogen=16662.082
   193 |     7720 |     40 |  0.000000E+00 |  0.000000E+00 |  0.0046158111 |             f
mean B0=78.2999 homogen=34918.7098
mean B0=77.7127 homogen=32129.843
mean B0=87.5304 homogen=109327.8872
mean B0=78.4249 homogen=40591.4965
mean B0=87.157 homogen=100817.8735
mean B0=77.441 homogen=31039.8865
mean B0=75.7802 homogen=29426.0973
mean B0=86.9219 homogen=105404.0214
mean B0=76.9831 homogen=33781.0984
mean B0=58.933 homogen=188565.2342
mean B0=87.3412 homogen=102824.1305
mean B0=82.9349 homogen=65338.834
mean B0=82.7141 homogen=60080.9141
mean B0=78.3503 homogen=91241.9347
mean B0=85.2468 homogen=80959.4431
mean B0=84.8326 homogen=80596.3583
mean B0=83.7747 homogen=71239.8952
mean B0=43.5791 homogen=120072.4559
mean B0=84.388 homogen=74882.7369
mean B0=77.665 homogen=32652.3203
mean B0=84.0233 homogen=71134.1229
mean B0=72.0593 homogen=56710.9791
mean B0=73.5801 homogen=19672.2429
mean B0=72.5301 homogen=15525.4576
mean B0=71.6471 homogen=14458.7524
mean B0=83.2752 homogen=83320.8653
mean B0=77.8507 homogen=57366.5783
mean B0=79.6103 homogen=41719.343
mean B0=76.8057 homogen=34693.314
mean B0=75.8252 homogen=28744.4122
mean B0=77.5713 homogen=31249.8362
mean B0=85.6384 homogen=86508.1539
mean B0=77.2883 homogen=30268.5942
mean B0=75.4918 homogen=38711.7273
mean B0=86.8836 homogen=98091.0497
mean B0=84.719 homogen=76464.7416
mean B0=78.9282 homogen=38249.4184
mean B0=81.6109 homogen=53397.8501
mean B0=73.0944 homogen=18917.8561
mean B0=74.6549 homogen=75857.8579
   194 |     7760 |     40 |  0.000000E+00 |  0.000000E+00 |  0.0033365422 |             f
mean B0=53.9073 homogen=62161.2679
mean B0=41.4271 homogen=107698.0587
mean B0=76.958 homogen=33821.8179
mean B0=77.0023 homogen=33001.2781
mean B0=78.1203 homogen=105090.8732
mean B0=79.4688 homogen=49190.8649
mean B0=87.6586 homogen=110419.796
mean B0=79.6102 homogen=41720.8177
mean B0=82.7141 homogen=60080.9141
mean B0=77.2451 homogen=239292.1548
mean B0=79.3776 homogen=58090.806
mean B0=86.1114 homogen=88315.9657
mean B0=84.0431 homogen=71209.052
mean B0=85.1875 homogen=83235.3304
mean B0=70.2298 homogen=26876.4459
mean B0=75.1264 homogen=30916.5279
mean B0=74.2896 homogen=43427.201
mean B0=75.8837 homogen=27864.8416
mean B0=77.1256 homogen=35793.8338
mean B0=77.5715 homogen=31955.7835
mean B0=74.4946 homogen=39619.8329
mean B0=79.1585 homogen=39105.0775
mean B0=52.354 homogen=89493.3006
mean B0=81.6277 homogen=96876.8836
mean B0=75.6047 homogen=37850.5484
mean B0=75.4506 homogen=36789.8187
mean B0=85.9218 homogen=86646.6971
mean B0=75.5128 homogen=24855.8235
mean B0=69.5081 homogen=10218.8879
mean B0=75.6177 homogen=31989.6823
mean B0=84.7493 homogen=76023.6516
mean B0=86.6031 homogen=95370.9178
mean B0=87.0281 homogen=109283.9626
mean B0=84.7474 homogen=78261.8458
mean B0=75.9609 homogen=36626.5269
mean B0=76.5759 homogen=30291.1514
mean B0=77.3426 homogen=80085.4857
mean B0=81.294 homogen=59810.7881
mean B0=85.8194 homogen=85299.0159
mean B0=55.2995 homogen=57484.6987
   195 |     7800 |     40 |  0.000000E+00 |  0.000000E+00 |  0.0017545522 |             f
mean B0=72.9763 homogen=40823.2557
mean B0=78.9047 homogen=38098.9421
mean B0=77.6609 homogen=31545.7777
mean B0=69.8718 homogen=22708.6087
mean B0=74.0056 homogen=51316.9504
mean B0=69.5081 homogen=10218.8879
mean B0=85.7944 homogen=131445.2194
mean B0=84.388 homogen=74882.7369
mean B0=86.5475 homogen=97635.0833
mean B0=74.2349 homogen=36990.1247
mean B0=87.9532 homogen=114454.0762
mean B0=82.3735 homogen=57829.5602
mean B0=87.3127 homogen=101964.9723
mean B0=86.0649 homogen=88735.031
mean B0=77.5237 homogen=35306.2404
mean B0=85.2924 homogen=80737.7221
mean B0=70.8025 homogen=11353.5105
mean B0=75.8771 homogen=27832.6836
mean B0=83.5081 homogen=69271.2429
mean B0=86.4005 homogen=91697.0203
mean B0=72.4706 homogen=29419.3811
mean B0=74.5557 homogen=22225.7776
mean B0=64.8758 homogen=251738.1695
mean B0=72.0676 homogen=29760.7698
mean B0=73.0243 homogen=18771.4574
mean B0=65.1835 homogen=31950.5971
mean B0=80.9669 homogen=40718.2294
mean B0=84.7507 homogen=76046.5975
mean B0=77.5704 homogen=31385.8895
mean B0=84.0632 homogen=89201.6754
mean B0=81.5003 homogen=52280.1808
mean B0=82.3533 homogen=59580.3007
mean B0=78.0399 homogen=36169.5622
mean B0=81.067 homogen=49852.2504
mean B0=77.4422 homogen=34527.0913
mean B0=85.3166 homogen=81335.6742
mean B0=71.6406 homogen=14439.4557
mean B0=71.9697 homogen=16008.411
mean B0=83.4085 homogen=68483.8027
mean B0=87.4012 homogen=103146.9381
   196 |     7840 |     40 |  0.000000E+00 |  0.000000E+00 |  0.0029717039 |             f
mean B0=82.3785 homogen=57854.5258
mean B0=74.0724 homogen=21109.7431
mean B0=77.4341 homogen=32658.6224
mean B0=78.9247 homogen=38256.7072
mean B0=84.3881 homogen=74919.631
mean B0=73.0243 homogen=18771.4574
mean B0=79.888 homogen=43015.371
mean B0=73.7423 homogen=34707.4352
mean B0=87.2809 homogen=101915.3622
mean B0=84.733 homogen=90946.2754
mean B0=67.3219 homogen=5351.1245
mean B0=85.9686 homogen=86869.7352
mean B0=67.2316 homogen=5219.4746
mean B0=79.6084 homogen=41723.5244
mean B0=85.3844 homogen=81528.131
mean B0=81.748 homogen=61841.6017
mean B0=85.2259 homogen=80559.6698
mean B0=87.934 homogen=92882.3331
mean B0=87.5958 homogen=110161.0816
mean B0=79.781 homogen=42606.8113
mean B0=88.0366 homogen=115237.0126
mean B0=46.4504 homogen=112940.6127
mean B0=72.9697 homogen=62989.6102
mean B0=68.6107 homogen=7174.6477
mean B0=81.0268 homogen=49858.7691
mean B0=69.5081 homogen=10218.8879
mean B0=85.0324 homogen=78416.5662
mean B0=71.0763 homogen=33977.8704
mean B0=71.4982 homogen=14194.887
mean B0=75.7886 homogen=38189.1694
mean B0=74.9151 homogen=25000.7184
mean B0=77.1308 homogen=31248.6992
mean B0=70.8468 homogen=11507.1992
mean B0=87.9582 homogen=114434.2015
mean B0=86.6031 homogen=95370.1304
mean B0=75.8221 homogen=27566.4319
mean B0=87.4012 homogen=103146.9381
mean B0=81.21 homogen=61154.7445
mean B0=75.8245 homogen=29901.9969
mean B0=85.5269 homogen=85059.3187
   197 |     7880 |     40 |  0.000000E+00 |  0.000000E+00 |  0.0020658109 |             f
mean B0=68.4316 homogen=7606.7059
mean B0=72.5345 homogen=60079.9192
mean B0=76.0441 homogen=30205.372
mean B0=86.8872 homogen=98063.2758
mean B0=79.8018 homogen=42788.2641
mean B0=84.2144 homogen=83051.9761
mean B0=84.7507 homogen=76046.5975
mean B0=82.9347 homogen=65342.6214
mean B0=81.5159 homogen=46709.9684
mean B0=80.1716 homogen=44483.4407
mean B0=75.5936 homogen=31946.0146
mean B0=85.5554 homogen=85125.0345
mean B0=72.9783 homogen=23854.1854
mean B0=67.4693 homogen=5864.0666
mean B0=81.789 homogen=65547.6224
mean B0=89.3285 homogen=108611.1111
mean B0=88.0959 homogen=115871.3995
mean B0=81.8114 homogen=55737.8502
mean B0=68.6107 homogen=7174.6477
mean B0=84.2193 homogen=74530.9505
mean B0=82.2535 homogen=69396.8075
mean B0=87.2848 homogen=101918.9076
mean B0=69.0035 homogen=8125.6949
mean B0=73.7777 homogen=20190.6069
mean B0=79.0833 homogen=58148.478
mean B0=77.5596 homogen=31212.8815
mean B0=65.1835 homogen=31950.5971
mean B0=88.0403 homogen=115294.4522
mean B0=78.5338 homogen=36288.9577
mean B0=75.5128 homogen=24855.8235
mean B0=60.5719 homogen=175062.7684
mean B0=71.5802 homogen=12355.4147
mean B0=77.2811 homogen=31859.6656
mean B0=77.0281 homogen=29379.5331
mean B0=67.804 homogen=155695.6367
mean B0=85.6159 homogen=104107.5336
mean B0=70.0538 homogen=12944.5494
mean B0=72.0578 homogen=16488.4351
mean B0=74.5557 homogen=22225.7776
mean B0=75.9639 homogen=27933.7612
   198 |     7920 |     40 |  0.000000E+00 |  0.000000E+00 |  0.0026533279 |         ideal
mean B0=74.9326 homogen=80421.4235
mean B0=81.5423 homogen=46492.2592
mean B0=40.4372 homogen=124887.7281
mean B0=85.5574 homogen=85126.9897
mean B0=87.3224 homogen=103167.7279
mean B0=82.4514 homogen=58242.6147
mean B0=77.1117 homogen=29779.1299
mean B0=86.3661 homogen=92865.0286
mean B0=70.5688 homogen=30149.1915
mean B0=87.6586 homogen=110419.796
mean B0=83.5081 homogen=69272.556
mean B0=87.9705 homogen=114328.0608
mean B0=79.5186 homogen=41265.4566
mean B0=74.2325 homogen=27757.7566
mean B0=74.5794 homogen=22286.0499
mean B0=73.2366 homogen=25670.0126
mean B0=85.1761 homogen=76464.6638
mean B0=71.2614 homogen=19458.6959
mean B0=67.2431 homogen=4894.7152
mean B0=68.6207 homogen=7141.9123
mean B0=77.9382 homogen=33348.9049
mean B0=85.2041 homogen=93163.8333
mean B0=72.8086 homogen=18159.6823
mean B0=66.8005 homogen=245482.3182
mean B0=85.107 homogen=78464.8292
mean B0=64.5101 homogen=212126.2553
mean B0=82.4126 homogen=57929.5579
mean B0=69.8341 homogen=8481.6931
mean B0=84.1985 homogen=90725.043
mean B0=75.9639 homogen=27933.7612
mean B0=74.183 homogen=187762.1301
mean B0=86.5934 homogen=95518.2434
mean B0=79.0203 homogen=38705.1319
mean B0=81.5273 homogen=61609.822
mean B0=57.2537 homogen=196788.04
mean B0=58.8806 homogen=276494.793
mean B0=70.8468 homogen=11507.1992
mean B0=78.6552 homogen=40718.2715
mean B0=68.2968 homogen=120641.5353
mean B0=77.0146 homogen=29415.2791
   199 |     7960 |     40 |  0.000000E+00 |  0.000000E+00 |  0.0015045505 |             f
mean B0=74.553 homogen=54192.7285
mean B0=76.2725 homogen=29176.7212
mean B0=68.1781 homogen=18628.1585
mean B0=67.2431 homogen=4902.0688
mean B0=68.6357 homogen=111673.2374
mean B0=72.5103 homogen=16805.9765
mean B0=65.0226 homogen=224243.8825
mean B0=76.9975 homogen=77315.7624
mean B0=73.6977 homogen=40791.9941
mean B0=85.1309 homogen=78692.0898
mean B0=87.3695 homogen=102779.7254
mean B0=67.4693 homogen=5864.0666
mean B0=76.6767 homogen=33867.0613
mean B0=78.9381 homogen=80074.3457
mean B0=83.0732 homogen=84210.4422
mean B0=72.0578 homogen=16488.7502
mean B0=77.1209 homogen=29804.1843
mean B0=88.0238 homogen=114943.6416
mean B0=74.5558 homogen=22217.4184
mean B0=86.5244 homogen=93871.2625
mean B0=78.4918 homogen=36091.2497
mean B0=82.1704 homogen=59784.9986
mean B0=57.1965 homogen=200380.2317
mean B0=63.0416 homogen=193275.3494
mean B0=77.163 homogen=34419.3913
mean B0=71.8339 homogen=15769.5104
mean B0=80.1741 homogen=44488.4891
mean B0=81.3028 homogen=50733.7552
mean B0=70.7591 homogen=43536.723
mean B0=74.5577 homogen=22174.0828
mean B0=86.1393 homogen=88596.8559
mean B0=85.0483 homogen=78564.8866
mean B0=85.9563 homogen=77390.3022
mean B0=83.1463 homogen=52872.9638
mean B0=82.4629 homogen=52227.6061
mean B0=86.3661 homogen=92866.4059
mean B0=80.1563 homogen=44433.4019
mean B0=86.5499 homogen=94881.2736
mean B0=77.306 homogen=34868.6559
mean B0=85.8899 homogen=89274.5347
   200 |     8000 |     40 |  0.000000E+00 |  0.000000E+00 |  0.0034069631 |             f
mean B0=88.0959 homogen=115871.3995
mean B0=67.2431 homogen=4894.7152
mean B0=81.0269 homogen=49845.8871
mean B0=84.2193 homogen=74530.9505
mean B0=83.5081 homogen=69271.2429
mean B0=81.8114 homogen=55737.8502
mean B0=85.5269 homogen=85059.3187
mean B0=70.7954 homogen=11334.6739
mean B0=87.5304 homogen=109327.8872
mean B0=75.5128 homogen=24855.8235
mean B0=73.7805 homogen=20182.5869
mean B0=69.5081 homogen=10218.8879
mean B0=82.9349 homogen=65338.834
mean B0=79.6103 homogen=41719.343
mean B0=79.0203 homogen=38705.1319
mean B0=86.8872 homogen=98063.2758
mean B0=78.4918 homogen=36091.2497
mean B0=82.1704 homogen=59784.9986
mean B0=68.6207 homogen=7141.9123
mean B0=72.8494 homogen=18392.5796
mean B0=71.4982 homogen=14194.887
mean B0=80.1741 homogen=44488.4891
mean B0=82.8232 homogen=60836.8897
mean B0=85.1309 homogen=78692.0898
mean B0=85.0324 homogen=78416.5662
mean B0=75.9639 homogen=27933.7612
mean B0=87.9705 homogen=114328.0608
mean B0=77.9382 homogen=33348.9049
mean B0=77.7127 homogen=32129.843
mean B0=87.3695 homogen=102779.7254
mean B0=69.0035 homogen=8125.6949
mean B0=74.5794 homogen=22286.0499
mean B0=87.4012 homogen=103146.9381
mean B0=86.3661 homogen=92865.0286
mean B0=76.2725 homogen=29176.7212
mean B0=67.4693 homogen=5864.0666
mean B0=86.1114 homogen=88315.9657
mean B0=74.5577 homogen=22174.0828
mean B0=72.5103 homogen=16805.9765
mean B0=86.1393 homogen=88596.8559
    pareto_idx  magnets  layers  homogeneity_ppm      B0_mT  length_mm
1            1      148       2      4894.715190  67.243097     76.138
35          35      148       2      5864.066565  67.469333     75.870
18          18      150       2      7141.912272  68.620655     75.650
30          30      150       2      8125.694858  69.003508     75.898
11          11      150       2     10218.887937  69.508150     75.516
7            7      150       2     11334.673851  70.795425     73.106
20          20      150       2     14194.887024  71.498219     73.052
38          38      150       2     16805.976487  72.510279     72.654
19          19      150       2     18392.579639  72.849420     72.412
10          10      150       2     20182.586868  73.780524     70.344
37          37      150       2     22174.082833  74.557712     70.250
31          31      150       2     22286.049851  74.579385     70.236
9            9      150       2     24855.823466  75.512797     70.710
25          25      150       2     27933.761230  75.963933     70.172
34          34      150       2     29176.721185  76.272543     70.686
28          28      150       2     32129.843043  77.712675     68.516
27          27      150       2     33348.904876  77.938224     68.436
16          16      150       2     36091.249712  78.491833     67.340
14          14      150       2     38705.131911  79.020339     67.724
13          13      150       2     41719.343030  79.610306     67.340
21          21      150       2     44488.489103  80.174099     66.916
2            2      150       2     49845.887077  81.026851     65.744
5            5      150       2     55737.850249  81.811351     66.116
17          17      150       2     59784.998562  82.170390     65.800
22          22      150       2     60836.889677  82.823167     65.248
12          12      150       2     65338.833982  82.934870     65.776
4            4      150       2     69271.242892  83.508134     64.380
3            3      150       2     74530.950484  84.219290     64.370
24          24      150       2     78416.566188  85.032359     63.860
23          23      150       2     78692.089766  85.130901     63.744
6            6      150       2     85059.318692  85.526855     62.858
36          36      150       2     88315.965674  86.111380     63.282
39          39      150       2     88596.855926  86.139349     63.264
33          33      150       2     92865.028640  86.366149     63.196
15          15      150       2     98063.275762  86.887212     62.652
29          29      150       2    102779.725446  87.369487     62.538
32          32      150       2    103146.938127  87.401220     62.518
8            8      150       2    109327.887193  87.530413     62.894
26          26      150       2    114328.060842  87.970525     62.596
0            0      150       2    115871.399512  88.095926     62.594
