/Users/nv/Documents/MRI/magnet_design/optimize_bore50mm_6p35mm_N42.py:54: DeprecationWarning: Importing 'StarmapParallelization' from 'pymoo.core.problem' is deprecated. Please use 'from pymoo.parallelization import StarmapParallelization' instead. This backward compatibility import will be removed in a future version.
  from pymoo.core.problem import StarmapParallelization
mean B0=19.3642 homogen=178178.3433
mean B0=24.7564 homogen=518486.9785
mean B0=5.4406 homogen=1309308.5792
mean B0=21.7008 homogen=463039.2962
mean B0=18.5192 homogen=613356.8393
mean B0=19.9418 homogen=295906.0967
mean B0=20.1195 homogen=610015.234
mean B0=10.0235 homogen=429659.6847
mean B0=40.6628 homogen=336544.2821
mean B0=30.6409 homogen=316201.5969
mean B0=21.0736 homogen=329938.0942
mean B0=45.1738 homogen=319532.5557
mean B0=22.9217 homogen=395033.9282
mean B0=8.8902 homogen=306255.6967
mean B0=28.4182 homogen=363127.572
mean B0=40.354 homogen=95548.2691
mean B0=0 homogen=1000000.0
mean B0=38.2919 homogen=181143.843
mean B0=35.0934 homogen=171586.1953
mean B0=39.7623 homogen=105843.1084
mean B0=18.8848 homogen=811129.7482
mean B0=28.7825 homogen=284311.731
mean B0=9.4097 homogen=966251.0854
mean B0=31.898 homogen=310934.8583
mean B0=4.2341 homogen=980369.0927
mean B0=4.1611 homogen=838910.5318
mean B0=47.6922 homogen=161297.5328
mean B0=22.1046 homogen=815517.3834
mean B0=27.9137 homogen=569100.7495
mean B0=32.9015 homogen=244406.8913
mean B0=2.5971 homogen=1072739.7803
mean B0=37.8827 homogen=406383.5371
mean B0=17.7293 homogen=298452.6419
mean B0=11.7622 homogen=933719.9178
mean B0=35.4018 homogen=361967.3298
mean B0=36.4594 homogen=265842.1124
mean B0=4.1931 homogen=1115042.0523
mean B0=9.5052 homogen=880851.7472
mean B0=25.0596 homogen=539121.8006
mean B0=5.8365 homogen=338259.1981
==========================================================================================
n_gen  |  n_eval  | n_nds  |     cv_min    |     cv_avg    |      eps      |   indicator  
==========================================================================================
     1 |       40 |      2 |  0.000000E+00 |  0.000000E+00 |             - |             -
mean B0=32.4407 homogen=94062.3982
mean B0=48.3009 homogen=86207.0276
mean B0=25.4158 homogen=406617.0141
mean B0=27.0441 homogen=430920.4084
mean B0=20.0021 homogen=608122.7682
mean B0=46.5329 homogen=173018.4129
mean B0=20.9644 homogen=788677.9132
mean B0=33.458 homogen=265514.9792
mean B0=16.6467 homogen=639650.8247
mean B0=8.633 homogen=198030.7358
mean B0=0 homogen=1000000.0
mean B0=9.4097 homogen=966251.0854
mean B0=30.3159 homogen=355709.8455
mean B0=34.6813 homogen=105271.5506
mean B0=6.8034 homogen=901715.0507
mean B0=28.4182 homogen=363127.572
mean B0=16.5443 homogen=926100.1153
mean B0=38.4156 homogen=308269.0159
mean B0=15.8108 homogen=572083.9129
mean B0=14.034 homogen=583799.9331
mean B0=35.2797 homogen=236284.9454
mean B0=34.4861 homogen=202086.9988
mean B0=2.5156 homogen=1055297.7749
mean B0=33.2739 homogen=213323.3468
mean B0=10.8353 homogen=406420.4483
mean B0=35.72 homogen=315868.5579
mean B0=38.9639 homogen=338660.3367
mean B0=28.3503 homogen=460642.6739
mean B0=4.8591 homogen=86005.1268
mean B0=27.1184 homogen=136192.447
mean B0=17.7108 homogen=319870.4609
mean B0=29.3132 homogen=174361.4593
mean B0=31.9719 homogen=311637.3781
mean B0=3.9276 homogen=594928.2614
mean B0=31.4046 homogen=491729.6269
mean B0=22.1046 homogen=815517.3834
mean B0=0.33 homogen=857673.7535
mean B0=35.7434 homogen=314044.912
mean B0=7.0056 homogen=826220.3665
mean B0=17.9419 homogen=382516.7016
     2 |       80 |      2 |  0.000000E+00 |  0.000000E+00 |  4.726650E+01 |         ideal
mean B0=18.442 homogen=287832.5891
mean B0=20.4332 homogen=154897.7351
mean B0=19.4652 homogen=232380.1793
mean B0=29.3966 homogen=417142.3383
mean B0=41.9711 homogen=22646.3622
mean B0=29.307 homogen=133183.0702
mean B0=29.336 homogen=317159.8604
mean B0=37.6792 homogen=243274.7979
mean B0=42.0823 homogen=224721.2536
mean B0=22.2958 homogen=485956.6453
mean B0=21.3896 homogen=293503.9494
mean B0=22.6707 homogen=562685.3511
mean B0=41.3268 homogen=94538.3878
mean B0=18.2958 homogen=519656.6656
mean B0=29.1177 homogen=93693.6121
mean B0=27.2084 homogen=293514.2213
mean B0=26.1844 homogen=336238.8425
mean B0=23.0132 homogen=475055.0815
mean B0=19.5568 homogen=229169.6216
mean B0=43.1828 homogen=45368.0247
mean B0=34.1554 homogen=298399.632
mean B0=16.3251 homogen=786290.0298
mean B0=5.8581 homogen=321023.136
mean B0=35.8532 homogen=116171.8056
mean B0=29.6159 homogen=506939.3224
mean B0=29.5428 homogen=290955.5858
mean B0=56.2325 homogen=261624.4074
mean B0=28.6448 homogen=273869.9526
mean B0=27.0471 homogen=68375.8351
mean B0=47.3667 homogen=336809.0128
mean B0=25.1813 homogen=124107.455
mean B0=24.7862 homogen=619269.4317
mean B0=39.567 homogen=106374.7773
mean B0=25.4339 homogen=489382.028
mean B0=45.7556 homogen=244853.1138
mean B0=9.9045 homogen=350644.5226
mean B0=40.6511 homogen=370695.2425
mean B0=25.4956 homogen=299708.3189
mean B0=20.9905 homogen=320360.2883
mean B0=39.9903 homogen=106105.1387
     3 |      120 |      4 |  0.000000E+00 |  0.000000E+00 |  0.5561573559 |         ideal
mean B0=30.3308 homogen=272677.3023
mean B0=41.0608 homogen=55712.3926
mean B0=21.9176 homogen=458782.5028
mean B0=31.2428 homogen=146621.5547
mean B0=48.9581 homogen=395113.0817
mean B0=55.202 homogen=269458.5411
mean B0=46.9759 homogen=293064.3963
mean B0=2.0691 homogen=756609.9637
mean B0=48.2889 homogen=86442.9442
mean B0=35.2797 homogen=118098.9981
mean B0=47.1496 homogen=248708.4815
mean B0=17.811 homogen=517424.3631
mean B0=43.9176 homogen=231418.1625
mean B0=36.5758 homogen=280816.5352
mean B0=39.9876 homogen=331594.8635
mean B0=34.9908 homogen=187806.3178
mean B0=48.9366 homogen=271426.7162
mean B0=53.3287 homogen=267543.545
mean B0=34.5766 homogen=264411.6998
mean B0=48.5005 homogen=131124.8323
mean B0=43.1424 homogen=135037.0029
mean B0=44.9179 homogen=326514.612
mean B0=25.8451 homogen=490582.896
mean B0=33.1569 homogen=185762.4966
mean B0=22.9081 homogen=257768.2492
mean B0=19.5833 homogen=510530.604
mean B0=28.3538 homogen=101172.6967
mean B0=21.4576 homogen=444340.2093
mean B0=29.3505 homogen=265514.2723
mean B0=27.8092 homogen=526571.4063
mean B0=38.5817 homogen=114360.1191
mean B0=43.3911 homogen=66275.4521
mean B0=34.4734 homogen=370141.8156
mean B0=34.9815 homogen=76111.6209
mean B0=42.7321 homogen=80106.7815
mean B0=35.3936 homogen=117756.0486
mean B0=32.9152 homogen=136218.0111
mean B0=32.3602 homogen=295428.0334
mean B0=37.8553 homogen=91756.6805
mean B0=19.6435 homogen=157389.5081
     4 |      160 |      6 |  0.000000E+00 |  0.000000E+00 |  0.0461958920 |             f
mean B0=41.8742 homogen=27749.6073
mean B0=44.8219 homogen=42772.2326
mean B0=33.6661 homogen=241031.0901
mean B0=49.5549 homogen=221537.7165
mean B0=12.5824 homogen=809868.0611
mean B0=43.1798 homogen=85502.1341
mean B0=28.4353 homogen=99666.6796
mean B0=48.9581 homogen=395518.4939
mean B0=39.3793 homogen=348833.5073
mean B0=46.9942 homogen=91555.4848
mean B0=34.4093 homogen=392946.5533
mean B0=35.2312 homogen=235483.9571
mean B0=46.9491 homogen=217367.5168
mean B0=49.8942 homogen=298332.1009
mean B0=16.75 homogen=452684.9202
mean B0=48.0163 homogen=53751.8383
mean B0=43.012 homogen=396438.6839
mean B0=36.5054 homogen=137313.4663
mean B0=48.6223 homogen=298288.0812
mean B0=49.1536 homogen=133166.1478
mean B0=40.4931 homogen=102059.4709
mean B0=44.7007 homogen=55293.0698
mean B0=39.9277 homogen=153786.4995
mean B0=41.4207 homogen=204336.231
mean B0=28.8394 homogen=163294.7489
mean B0=43.2798 homogen=383218.6141
mean B0=38.9557 homogen=136858.2232
mean B0=31.6804 homogen=46534.9255
mean B0=41.6582 homogen=257289.9984
mean B0=45.2413 homogen=22454.9559
mean B0=39.5814 homogen=246222.2266
mean B0=33.1769 homogen=233266.2631
mean B0=46.4461 homogen=307782.4895
mean B0=57.5464 homogen=235080.7082
mean B0=11.6136 homogen=288681.5005
mean B0=49.7776 homogen=91046.0011
mean B0=40.9308 homogen=391937.6144
mean B0=36.6243 homogen=146332.0996
mean B0=42.662 homogen=272291.8752
mean B0=31.0741 homogen=119963.1015
     5 |      200 |      5 |  0.000000E+00 |  0.000000E+00 |  0.1067712585 |         ideal
mean B0=36.8891 homogen=153279.8917
mean B0=36.2464 homogen=564381.8591
mean B0=46.7552 homogen=238813.8998
mean B0=43.6085 homogen=155078.1916
mean B0=49.4676 homogen=99978.5571
mean B0=44.246 homogen=294912.2426
mean B0=41.2709 homogen=263394.9892
mean B0=46.9801 homogen=293103.6799
mean B0=43.3029 homogen=131833.5223
mean B0=39.6296 homogen=34586.807
mean B0=56.8793 homogen=247288.3106
mean B0=45.9887 homogen=180906.6061
mean B0=50.191 homogen=81169.3883
mean B0=45.0526 homogen=378463.574
mean B0=48.5501 homogen=91918.723
mean B0=42.3916 homogen=217309.8685
mean B0=43.3161 homogen=45828.1222
mean B0=58.7401 homogen=261094.4246
mean B0=31.1815 homogen=156173.8983
mean B0=41.3198 homogen=383342.6693
mean B0=9.9749 homogen=35929.2073
mean B0=24.4863 homogen=472500.7034
mean B0=38.7074 homogen=484449.8404
mean B0=46.7527 homogen=74595.3503
mean B0=40.9153 homogen=54590.6829
mean B0=50.3707 homogen=218694.9327
mean B0=27.7489 homogen=80277.8643
mean B0=48.618 homogen=298244.3328
mean B0=44.4198 homogen=57360.0578
mean B0=48.6371 homogen=215358.1951
mean B0=49.8431 homogen=374778.0906
mean B0=57.0967 homogen=256922.6203
mean B0=47.0711 homogen=153788.1721
mean B0=58.0985 homogen=278784.2012
mean B0=37.3088 homogen=107954.7005
mean B0=56.5273 homogen=125460.0295
mean B0=34.8356 homogen=75029.9808
mean B0=40.6344 homogen=20032.003
mean B0=40.3815 homogen=364854.1825
mean B0=51.0356 homogen=86141.4725
     6 |      240 |      8 |  0.000000E+00 |  0.000000E+00 |  0.0659289055 |         ideal
mean B0=56.3205 homogen=322772.9339
mean B0=44.4885 homogen=169859.8593
mean B0=27.5085 homogen=441839.302
mean B0=23.2517 homogen=360978.9037
mean B0=43.1754 homogen=45629.2252
mean B0=47.377 homogen=262792.6095
mean B0=41.525 homogen=47898.7507
mean B0=33.4168 homogen=171055.8582
mean B0=43.6104 homogen=79500.1802
mean B0=40.1261 homogen=155324.8087
mean B0=44.4993 homogen=27000.956
mean B0=53.025 homogen=336564.4185
mean B0=49.1221 homogen=97053.0172
mean B0=51.0742 homogen=86939.5906
mean B0=56.7264 homogen=126519.0926
mean B0=42.5196 homogen=207618.4389
mean B0=34.4707 homogen=370243.2817
mean B0=33.417 homogen=63901.9404
mean B0=46.6717 homogen=138559.6837
mean B0=48.2943 homogen=110349.8295
mean B0=53.3287 homogen=267543.545
mean B0=41.2896 homogen=236707.7938
mean B0=12.0752 homogen=171067.4363
mean B0=78.1193 homogen=120615.9011
mean B0=45.2388 homogen=78831.5781
mean B0=53.3072 homogen=297879.4495
mean B0=38.9646 homogen=110645.7282
mean B0=54.7116 homogen=61693.4985
mean B0=43.8766 homogen=49456.6318
mean B0=49.2327 homogen=146425.692
mean B0=43.6625 homogen=129950.1777
mean B0=63.1626 homogen=191144.87
mean B0=43.6924 homogen=45166.8008
mean B0=41.9065 homogen=22537.9668
mean B0=46.6027 homogen=95412.9886
mean B0=29.4089 homogen=325474.3218
mean B0=48.6482 homogen=83467.9886
mean B0=59.2551 homogen=190923.4948
mean B0=53.576 homogen=146678.1499
mean B0=48.7936 homogen=87039.6852
     7 |      280 |      5 |  0.000000E+00 |  0.000000E+00 |  0.5169871823 |         ideal
mean B0=51.4369 homogen=117667.7412
mean B0=51.1379 homogen=108311.3289
mean B0=51.1856 homogen=89981.1592
mean B0=35.8961 homogen=62355.7075
mean B0=48.8566 homogen=93121.154
mean B0=54.8887 homogen=262979.3299
mean B0=46.9879 homogen=123730.9171
mean B0=55.0615 homogen=258384.6406
mean B0=55.7784 homogen=293067.5948
mean B0=56.983 homogen=80526.4904
mean B0=31.4212 homogen=438018.5152
mean B0=44.0041 homogen=56936.1547
mean B0=49.9228 homogen=208553.9296
mean B0=58.4777 homogen=199496.6857
mean B0=28.5922 homogen=103552.5204
mean B0=42.1689 homogen=61732.522
mean B0=50.353 homogen=92524.8892
mean B0=52.5981 homogen=45922.2931
mean B0=43.7229 homogen=52098.0636
mean B0=50.3743 homogen=218763.2539
mean B0=47.8897 homogen=121679.5483
mean B0=60.1262 homogen=174564.3646
mean B0=34.65 homogen=87312.1797
mean B0=52.7702 homogen=51071.4739
mean B0=45.6178 homogen=131626.7928
mean B0=54.9564 homogen=79300.736
mean B0=47.0261 homogen=43192.5152
mean B0=48.2644 homogen=138064.6709
mean B0=53.9768 homogen=390517.3168
mean B0=39.746 homogen=82511.5879
mean B0=44.1408 homogen=22200.4011
mean B0=48.1039 homogen=78578.5503
mean B0=44.3313 homogen=60778.3654
mean B0=63.1877 homogen=73869.3612
mean B0=57.0168 homogen=236463.607
mean B0=43.5367 homogen=43881.9866
mean B0=44.3368 homogen=27083.1048
mean B0=49.3844 homogen=89197.6244
mean B0=61.0651 homogen=178039.4482
mean B0=57.3284 homogen=129837.0593
     8 |      320 |      9 |  0.000000E+00 |  0.000000E+00 |  0.0729709043 |             f
mean B0=45.512 homogen=100323.486
mean B0=57.846 homogen=68792.7318
mean B0=61.7552 homogen=33424.4403
mean B0=40.3796 homogen=37426.8624
mean B0=44.847 homogen=100240.2319
mean B0=42.2462 homogen=24218.805
mean B0=49.9995 homogen=384479.4448
mean B0=57.1215 homogen=67892.5348
mean B0=51.5674 homogen=12346.2092
mean B0=47.9698 homogen=58666.6897
mean B0=48.2182 homogen=79137.8245
mean B0=43.5157 homogen=43301.0358
mean B0=56.8039 homogen=142699.5643
mean B0=50.1895 homogen=146616.3792
mean B0=40.1966 homogen=69201.8543
mean B0=54.832 homogen=72497.8314
mean B0=57.8149 homogen=185944.0806
mean B0=54.2062 homogen=160547.635
mean B0=52.4162 homogen=71751.726
mean B0=40.8524 homogen=185608.154
mean B0=47.4683 homogen=43234.7494
mean B0=39.4423 homogen=245903.0429
mean B0=53.8647 homogen=265530.7231
mean B0=52.7408 homogen=123380.5679
mean B0=43.4521 homogen=61504.7237
mean B0=47.5763 homogen=91449.7084
mean B0=58.9281 homogen=76239.0976
mean B0=69.0788 homogen=153997.8521
mean B0=50.5674 homogen=140233.3212
mean B0=59.6815 homogen=52088.4444
mean B0=58.4099 homogen=200203.8811
mean B0=59.0416 homogen=187662.1689
mean B0=45.0991 homogen=64530.5091
mean B0=61.1432 homogen=130773.7777
mean B0=52.3792 homogen=77423.7323
mean B0=46.7372 homogen=144111.2297
mean B0=52.6085 homogen=103696.2359
mean B0=48.6739 homogen=63062.7497
mean B0=38.748 homogen=47052.5623
mean B0=50.5677 homogen=39012.7797
     9 |      360 |      4 |  0.000000E+00 |  0.000000E+00 |  0.0709874918 |         ideal
mean B0=54.5246 homogen=219057.397
mean B0=47.2647 homogen=65734.2866
mean B0=54.7898 homogen=228818.17
mean B0=63.8061 homogen=166968.331
mean B0=60.7135 homogen=142677.5973
mean B0=28.5385 homogen=414121.8453
mean B0=51.741 homogen=54607.7552
mean B0=49.9883 homogen=107953.8371
mean B0=55.278 homogen=150703.8844
mean B0=45.331 homogen=50672.7594
mean B0=48.992 homogen=112294.9753
mean B0=54.7651 homogen=85213.6024
mean B0=73.3759 homogen=23536.8061
mean B0=46.8168 homogen=132508.3485
mean B0=48.299 homogen=90482.1033
mean B0=51.68 homogen=27012.4589
mean B0=25.1313 homogen=170306.7638
mean B0=55.1524 homogen=262441.2808
mean B0=47.2152 homogen=97588.7018
mean B0=44.5388 homogen=81249.1104
mean B0=57.7889 homogen=121865.6885
mean B0=49.0809 homogen=96630.6286
mean B0=47.6386 homogen=63211.7419
mean B0=46.6192 homogen=38364.4439
mean B0=37.5091 homogen=50472.9342
mean B0=30.3083 homogen=366074.4018
mean B0=47.0261 homogen=43192.2606
mean B0=57.6603 homogen=29912.4629
mean B0=65.9322 homogen=39789.8244
mean B0=42.2872 homogen=24010.3639
mean B0=54.3901 homogen=135093.2046
mean B0=70.3333 homogen=131490.0588
mean B0=38.5093 homogen=85328.0754
mean B0=51.0944 homogen=112558.5565
mean B0=63.7437 homogen=200212.8135
mean B0=69.2184 homogen=68201.9199
mean B0=53.4814 homogen=76427.9504
mean B0=52.4707 homogen=46119.0872
mean B0=62.323 homogen=64723.133
mean B0=50.1819 homogen=232930.05
    10 |      400 |      3 |  0.000000E+00 |  0.000000E+00 |  0.1490286089 |             f
mean B0=35.5343 homogen=350345.3226
mean B0=68.0355 homogen=92899.2339
mean B0=65.99 homogen=79010.5424
mean B0=53.2966 homogen=47899.8167
mean B0=40.3226 homogen=61460.9312
mean B0=61.1251 homogen=130219.824
mean B0=43.3442 homogen=24401.7799
mean B0=44.0531 homogen=145916.1755
mean B0=75.1979 homogen=70052.1307
mean B0=41.5813 homogen=202523.6087
mean B0=45.5723 homogen=38871.0395
mean B0=66.9819 homogen=91636.1486
mean B0=51.1475 homogen=34361.8864
mean B0=55.2525 homogen=53681.2921
mean B0=49.589 homogen=55140.0082
mean B0=64.0035 homogen=28067.8485
mean B0=49.8778 homogen=62388.9003
mean B0=46.9025 homogen=53496.2345
mean B0=47.4115 homogen=146072.8576
mean B0=43.408 homogen=25586.8174
mean B0=39.4618 homogen=203161.5201
mean B0=58.8157 homogen=138021.8822
mean B0=50.7482 homogen=87237.2739
mean B0=53.2888 homogen=33360.1535
mean B0=54.8122 homogen=62738.1709
mean B0=37.5133 homogen=50826.2201
mean B0=44.2976 homogen=80970.7693
mean B0=60.6661 homogen=171811.7846
mean B0=63.5948 homogen=57828.7993
mean B0=52.2959 homogen=47783.4613
mean B0=50.1659 homogen=72679.24
mean B0=55.9231 homogen=100404.9891
mean B0=55.2392 homogen=60685.2206
mean B0=40.0412 homogen=34453.5498
mean B0=33.2348 homogen=142100.0687
mean B0=56.3707 homogen=114476.1921
mean B0=65.6158 homogen=69931.3238
mean B0=57.22 homogen=90189.31
mean B0=55.2121 homogen=86458.7441
mean B0=39.3095 homogen=22769.1119
    11 |      440 |      4 |  0.000000E+00 |  0.000000E+00 |  0.1087675417 |             f
mean B0=55.3072 homogen=21848.6994
mean B0=71.596 homogen=144068.753
mean B0=31.4529 homogen=108501.4335
mean B0=51.0586 homogen=251288.2875
mean B0=66.9828 homogen=91632.9408
mean B0=44.1221 homogen=96430.6472
mean B0=51.1717 homogen=48788.7086
mean B0=39.8759 homogen=22289.7343
mean B0=53.0005 homogen=50195.4559
mean B0=60.8991 homogen=49099.0811
mean B0=41.4958 homogen=34403.8972
mean B0=46.5145 homogen=53311.3282
mean B0=45.133 homogen=29303.4084
mean B0=39.4665 homogen=117388.4817
mean B0=65.2793 homogen=50620.999
mean B0=62.1963 homogen=120278.6843
mean B0=64.0034 homogen=28075.23
mean B0=56.9738 homogen=30857.0141
mean B0=43.7769 homogen=21465.6823
mean B0=69.24 homogen=84111.9802
mean B0=61.3659 homogen=56229.111
mean B0=62.4772 homogen=153959.5913
mean B0=62.2554 homogen=35850.0777
mean B0=36.7562 homogen=222671.0261
mean B0=61.7538 homogen=33427.7399
mean B0=62.938 homogen=65059.2441
mean B0=41.9154 homogen=24716.2836
mean B0=62.6456 homogen=76350.2656
mean B0=44.5323 homogen=27255.563
mean B0=74.0142 homogen=52881.2428
mean B0=53.2936 homogen=36371.4491
mean B0=68.0419 homogen=33401.6038
mean B0=51.5846 homogen=12374.2602
mean B0=68.7365 homogen=84405.3322
mean B0=64.4811 homogen=57137.7853
mean B0=58.7446 homogen=47440.0456
mean B0=65.9903 homogen=79019.5414
mean B0=65.4309 homogen=76239.7035
mean B0=43.77 homogen=24010.2998
mean B0=42.8205 homogen=22421.8142
    12 |      480 |      7 |  0.000000E+00 |  0.000000E+00 |  0.0473420615 |             f
mean B0=64.4694 homogen=43507.414
mean B0=69.4078 homogen=68842.6287
mean B0=40.6353 homogen=92697.4717
mean B0=54.5166 homogen=28788.2934
mean B0=67.3624 homogen=85618.4313
mean B0=55.6522 homogen=18442.1028
mean B0=70.9753 homogen=52360.1906
mean B0=72.349 homogen=44538.8882
mean B0=28.4242 homogen=124951.9568
mean B0=28.1593 homogen=417280.7728
mean B0=62.1461 homogen=321371.8274
mean B0=66.1378 homogen=16796.5113
mean B0=39.9999 homogen=21363.2393
mean B0=63.7568 homogen=27580.9414
mean B0=63.0962 homogen=27882.8757
mean B0=66.3486 homogen=79968.2859
mean B0=65.2863 homogen=142841.5593
mean B0=65.6899 homogen=27385.6336
mean B0=50.0082 homogen=77224.2667
mean B0=69.0243 homogen=97365.6918
mean B0=52.7458 homogen=12041.0247
mean B0=65.4263 homogen=69394.1513
mean B0=40.4675 homogen=27797.369
mean B0=43.5105 homogen=28843.687
mean B0=45.9467 homogen=19240.176
mean B0=61.689 homogen=88700.5002
mean B0=44.9509 homogen=28810.4689
mean B0=63.3379 homogen=37587.1305
mean B0=51.5117 homogen=12307.0476
mean B0=51.7134 homogen=262348.6831
mean B0=68.4822 homogen=30846.2702
mean B0=63.1755 homogen=74068.0716
mean B0=46.1488 homogen=30844.9495
mean B0=47.7093 homogen=124372.7979
mean B0=62.0455 homogen=63594.871
mean B0=63.2815 homogen=40374.5074
mean B0=46.4726 homogen=37084.8252
mean B0=61.7708 homogen=146281.3485
mean B0=59.9361 homogen=84951.9153
mean B0=64.0334 homogen=31254.9861
    13 |      520 |      6 |  0.000000E+00 |  0.000000E+00 |  0.0028108208 |         ideal
mean B0=47.5744 homogen=73634.5874
mean B0=76.6498 homogen=137747.0657
mean B0=40.4732 homogen=21225.5052
mean B0=59.9422 homogen=43642.5028
mean B0=63.8118 homogen=32781.1985
mean B0=60.4411 homogen=40008.5594
mean B0=52.7176 homogen=11996.2586
mean B0=65.1621 homogen=36474.2083
mean B0=58.9306 homogen=63115.2701
mean B0=58.8564 homogen=62169.9872
mean B0=68.4822 homogen=30846.2702
mean B0=53.7714 homogen=30585.722
mean B0=69.1955 homogen=85429.3437
mean B0=60.9158 homogen=112303.1094
mean B0=47.8261 homogen=88216.2031
mean B0=74.0684 homogen=51098.5904
mean B0=52.8325 homogen=73653.1134
mean B0=44.6749 homogen=66734.2808
mean B0=75.836 homogen=52630.6397
mean B0=76.6843 homogen=24244.7853
mean B0=50.8707 homogen=29882.3076
mean B0=46.8268 homogen=31197.3092
mean B0=53.7444 homogen=34120.9901
mean B0=61.3148 homogen=30713.2081
mean B0=71.6763 homogen=141586.1255
mean B0=57.7494 homogen=65470.1758
mean B0=51.6099 homogen=12409.885
mean B0=62.2597 homogen=25000.0832
mean B0=53.6855 homogen=59524.5334
mean B0=58.4939 homogen=111343.6196
mean B0=62.7971 homogen=171134.8027
mean B0=67.9443 homogen=59851.1456
mean B0=56.6533 homogen=12326.3274
mean B0=49.8102 homogen=84394.3283
mean B0=64.5676 homogen=63682.0889
mean B0=69.0195 homogen=34765.5726
mean B0=72.1826 homogen=69479.9145
mean B0=64.5888 homogen=78445.6557
mean B0=57.523 homogen=12688.1204
mean B0=63.5375 homogen=48611.3127
    14 |      560 |      8 |  0.000000E+00 |  0.000000E+00 |  0.0591999070 |             f
mean B0=60.1832 homogen=33892.3293
mean B0=63.224 homogen=46532.3199
mean B0=65.2501 homogen=26490.3797
mean B0=63.8382 homogen=28820.492
mean B0=37.9587 homogen=46427.7251
mean B0=77.791 homogen=29449.8471
mean B0=63.3563 homogen=25224.0509
mean B0=63.1568 homogen=99864.6756
mean B0=49.9756 homogen=27900.2323
mean B0=74.0383 homogen=53284.1009
mean B0=62.2089 homogen=33333.5317
mean B0=60.6947 homogen=35164.3428
mean B0=26.9403 homogen=155693.2683
mean B0=52.0184 homogen=12165.5128
mean B0=51.0572 homogen=24325.4798
mean B0=63.1437 homogen=31321.7244
mean B0=72.7051 homogen=37419.0744
mean B0=68.6786 homogen=31098.4487
mean B0=73.7351 homogen=82418.9004
mean B0=60.0995 homogen=73445.4079
mean B0=75.7191 homogen=93234.8204
mean B0=69.2439 homogen=29993.0578
mean B0=63.943 homogen=32539.6474
mean B0=74.4574 homogen=52000.7149
mean B0=53.5461 homogen=14543.9169
mean B0=51.417 homogen=30702.9799
mean B0=74.3789 homogen=12789.4891
mean B0=52.1357 homogen=17639.3009
mean B0=55.7844 homogen=28429.4249
mean B0=78.071 homogen=120407.9735
mean B0=59.0512 homogen=18312.0714
mean B0=41.8069 homogen=21340.6163
mean B0=52.7823 homogen=19840.7206
mean B0=57.8917 homogen=42163.0646
mean B0=65.17 homogen=40757.4652
mean B0=82.4199 homogen=20234.1134
mean B0=65.9649 homogen=21623.545
mean B0=50.0841 homogen=44804.7805
mean B0=72.7688 homogen=37405.4077
mean B0=81.6871 homogen=66160.2351
    15 |      600 |      6 |  0.000000E+00 |  0.000000E+00 |  0.1447902494 |         ideal
mean B0=70.5899 homogen=118870.547
mean B0=46.5507 homogen=297209.0769
mean B0=71.9619 homogen=90917.2931
mean B0=62.6501 homogen=14461.4982
mean B0=70.5592 homogen=32906.1736
mean B0=40.95 homogen=319698.57
mean B0=61.9192 homogen=29951.6442
mean B0=61.1675 homogen=19114.4476
mean B0=60.1612 homogen=36162.6727
mean B0=69.4245 homogen=69775.5961
mean B0=66.2294 homogen=60124.4146
mean B0=73.259 homogen=35230.2411
mean B0=61.529 homogen=63356.6547
mean B0=71.9898 homogen=59380.0572
mean B0=71.2362 homogen=100357.547
mean B0=67.422 homogen=90197.3978
mean B0=73.2141 homogen=60824.4813
mean B0=43.4659 homogen=25546.43
mean B0=58.1602 homogen=23176.7556
mean B0=83.5161 homogen=80637.9056
mean B0=57.5456 homogen=42235.7043
mean B0=41.7067 homogen=322458.4439
mean B0=68.4109 homogen=45134.7079
mean B0=68.3106 homogen=90385.687
mean B0=86.3905 homogen=23546.6022
mean B0=43.5105 homogen=290770.7933
mean B0=57.2332 homogen=32555.094
mean B0=65.8326 homogen=89101.1873
mean B0=74.1778 homogen=77359.6393
mean B0=57.6218 homogen=23365.4694
mean B0=67.0633 homogen=24859.938
mean B0=84.4975 homogen=81569.2486
mean B0=68.0703 homogen=57970.6306
mean B0=57.3301 homogen=99168.5595
mean B0=73.0972 homogen=70435.5197
mean B0=71.4551 homogen=35116.5156
mean B0=52.4648 homogen=16541.2844
mean B0=57.3563 homogen=66820.1893
mean B0=69.1425 homogen=160378.0039
mean B0=72.4289 homogen=62244.2468
    16 |      640 |      7 |  0.000000E+00 |  0.000000E+00 |  0.1179179006 |         ideal
mean B0=69.0351 homogen=95672.744
mean B0=57.9117 homogen=35888.4404
mean B0=64.9352 homogen=23556.7704
mean B0=89.6652 homogen=52449.4661
mean B0=60.7976 homogen=41907.1972
mean B0=51.0911 homogen=13358.1745
mean B0=62.0676 homogen=56685.2479
mean B0=70.1532 homogen=30971.7257
mean B0=79.3245 homogen=55304.0619
mean B0=66.5949 homogen=24826.1153
mean B0=59.0036 homogen=57231.271
mean B0=65.9649 homogen=21623.3717
mean B0=72.0573 homogen=65334.5331
mean B0=78.708 homogen=59467.7472
mean B0=61.9094 homogen=23366.371
mean B0=52.7799 homogen=11991.6002
mean B0=76.4443 homogen=15444.3566
mean B0=74.399 homogen=12740.8458
mean B0=63.3119 homogen=56426.8878
mean B0=63.6355 homogen=17049.3804
mean B0=57.3536 homogen=57398.5025
mean B0=63.7139 homogen=24707.2021
mean B0=70.1117 homogen=31433.0015
mean B0=65.5276 homogen=92365.8227
mean B0=69.4633 homogen=39024.788
mean B0=57.5913 homogen=22436.2052
mean B0=74.5379 homogen=31998.4881
mean B0=76.2322 homogen=65678.318
mean B0=77.5666 homogen=81118.7839
mean B0=56.9178 homogen=27878.6046
mean B0=62.2265 homogen=56840.8024
mean B0=66.1378 homogen=16796.6607
mean B0=92.5936 homogen=63898.1565
mean B0=70.4926 homogen=27065.3856
mean B0=57.0732 homogen=20239.8794
mean B0=72.3802 homogen=41923.1989
mean B0=64.2202 homogen=93358.5011
mean B0=77.14 homogen=141863.4118
mean B0=60.334 homogen=23242.1266
mean B0=46.6021 homogen=241884.2966
    17 |      680 |      9 |  0.000000E+00 |  0.000000E+00 |  0.1558035453 |         ideal
mean B0=77.9633 homogen=36126.8105
mean B0=59.2932 homogen=65235.3348
mean B0=74.136 homogen=69579.8185
mean B0=84.8702 homogen=65147.4967
mean B0=70.9915 homogen=43148.5018
mean B0=79.1224 homogen=57134.528
mean B0=63.2038 homogen=47349.2861
mean B0=67.2285 homogen=30709.9038
mean B0=59.2729 homogen=71660.9551
mean B0=73.4698 homogen=37906.8453
mean B0=68.1998 homogen=50140.8066
mean B0=75.814 homogen=46865.8726
mean B0=75.0553 homogen=58885.2215
mean B0=89.9489 homogen=55038.5106
mean B0=77.5248 homogen=18124.6859
mean B0=28.8919 homogen=451834.4731
mean B0=52.9796 homogen=11931.5224
mean B0=75.2603 homogen=108479.3066
mean B0=86.3905 homogen=23547.3014
mean B0=57.1803 homogen=34109.2195
mean B0=69.1426 homogen=36859.1726
mean B0=74.8222 homogen=121833.9373
mean B0=47.7534 homogen=40672.672
mean B0=73.7946 homogen=12363.1246
mean B0=52.585 homogen=13339.6257
mean B0=78.4949 homogen=96393.7373
mean B0=43.0186 homogen=214770.2007
mean B0=74.6306 homogen=43849.861
mean B0=68.8125 homogen=108221.3997
mean B0=79.3416 homogen=89861.1068
mean B0=70.4209 homogen=97724.5519
mean B0=94.7068 homogen=64908.0842
mean B0=65.6466 homogen=25000.671
mean B0=79.2253 homogen=51068.7699
mean B0=63.0923 homogen=18882.2552
mean B0=55.6889 homogen=186315.0168
mean B0=76.9035 homogen=35777.3242
mean B0=86.3268 homogen=92283.628
mean B0=82.4199 homogen=20234.1134
mean B0=70.1663 homogen=46534.7844
    18 |      720 |     13 |  0.000000E+00 |  0.000000E+00 |  0.0506428381 |         ideal
mean B0=74.6223 homogen=14455.0526
mean B0=75.3817 homogen=57792.5305
mean B0=53.1814 homogen=50713.2777
mean B0=58.515 homogen=18614.6136
mean B0=75.4059 homogen=33154.0393
mean B0=79.0783 homogen=57355.8109
mean B0=88.8294 homogen=62500.376
mean B0=70.5912 homogen=236597.7586
mean B0=32.2307 homogen=147876.601
mean B0=81.4688 homogen=17102.4363
mean B0=84.3576 homogen=56914.2783
mean B0=69.3562 homogen=40913.4607
mean B0=77.1551 homogen=53917.7704
mean B0=62.77 homogen=31104.7686
mean B0=77.1828 homogen=16877.0474
mean B0=86.7252 homogen=91167.4953
mean B0=55.9504 homogen=69175.5558
mean B0=71.3009 homogen=37510.6125
mean B0=72.8414 homogen=64108.5489
mean B0=81.4615 homogen=81498.4178
mean B0=77.6544 homogen=34549.7242
mean B0=83.9969 homogen=26536.0914
mean B0=74.4782 homogen=49684.2641
mean B0=63.497 homogen=39329.434
mean B0=87.1073 homogen=44391.8466
mean B0=76.4511 homogen=15452.0231
mean B0=77.159 homogen=15211.5365
mean B0=85.4394 homogen=27725.6076
mean B0=52.7176 homogen=11996.2586
mean B0=76.4665 homogen=43087.2687
mean B0=64.7289 homogen=32157.1043
mean B0=70.2002 homogen=8873.1626
mean B0=58.5872 homogen=12026.2408
mean B0=54.5319 homogen=43843.6402
mean B0=84.8914 homogen=78895.0559
mean B0=89.2412 homogen=53571.4456
mean B0=66.256 homogen=74614.2506
mean B0=96.3786 homogen=55668.1935
mean B0=68.9089 homogen=12846.919
mean B0=74.6384 homogen=12053.5556
    19 |      760 |     12 |  0.000000E+00 |  0.000000E+00 |  0.0653565087 |         ideal
mean B0=66.0151 homogen=87715.522
mean B0=74.6091 homogen=12335.4301
mean B0=88.2478 homogen=21002.6854
mean B0=75.6867 homogen=52171.0652
mean B0=68.7932 homogen=36201.063
mean B0=75.0035 homogen=18134.8915
mean B0=69.8704 homogen=22686.8038
mean B0=77.1828 homogen=16876.8434
mean B0=85.9792 homogen=66351.7881
mean B0=68.0391 homogen=35638.8973
mean B0=76.3812 homogen=42563.7811
mean B0=82.4199 homogen=20233.9415
mean B0=76.7826 homogen=15080.5341
mean B0=79.7507 homogen=34386.6161
mean B0=75.6878 homogen=21343.8627
mean B0=48.1321 homogen=51381.2291
mean B0=85.3588 homogen=72897.8371
mean B0=89.8771 homogen=59532.7612
mean B0=86.3859 homogen=23530.1052
mean B0=56.7377 homogen=19470.0181
mean B0=73.2442 homogen=11418.1846
mean B0=83.8396 homogen=31959.5469
mean B0=76.6368 homogen=14726.7066
mean B0=62.436 homogen=48164.1544
mean B0=67.3064 homogen=34380.0795
mean B0=53.2896 homogen=11990.8975
mean B0=71.057 homogen=80161.5948
mean B0=51.4747 homogen=101778.76
mean B0=82.1963 homogen=25409.7788
mean B0=59.2212 homogen=56811.3606
mean B0=62.1385 homogen=83851.0517
mean B0=85.4394 homogen=27725.5674
mean B0=72.6309 homogen=29658.8816
mean B0=79.4561 homogen=26637.8474
mean B0=60.7989 homogen=38706.6078
mean B0=80.8201 homogen=50961.3718
mean B0=86.7252 homogen=91167.4953
mean B0=86.4684 homogen=38139.5437
mean B0=88.829 homogen=62512.3084
mean B0=82.4157 homogen=12455.023
    20 |      800 |      9 |  0.000000E+00 |  0.000000E+00 |  0.0277825376 |             f
mean B0=88.8821 homogen=27801.8381
mean B0=92.8129 homogen=37055.3156
mean B0=86.6222 homogen=37142.653
mean B0=68.8243 homogen=40254.0147
mean B0=82.5199 homogen=19826.5461
mean B0=77.498 homogen=15355.5578
mean B0=78.8482 homogen=15917.4435
mean B0=58.1951 homogen=14973.2445
mean B0=70.7217 homogen=42224.7784
mean B0=79.4776 homogen=28967.1508
mean B0=79.3581 homogen=19076.2396
mean B0=78.9371 homogen=12889.5267
mean B0=92.9622 homogen=59049.1692
mean B0=89.3939 homogen=58821.7069
mean B0=76.4652 homogen=15506.7618
mean B0=67.8981 homogen=40998.35
mean B0=76.7862 homogen=12678.93
mean B0=87.0837 homogen=15848.5028
mean B0=74.9518 homogen=19790.186
mean B0=74.416 homogen=12848.6683
mean B0=90.094 homogen=53704.1513
mean B0=91.5429 homogen=29998.6856
mean B0=62.5508 homogen=55448.0924
mean B0=75.3797 homogen=15870.029
mean B0=89.7703 homogen=58538.6432
mean B0=81.0776 homogen=19454.5724
mean B0=83.4678 homogen=18779.2354
mean B0=74.1847 homogen=37651.3501
mean B0=54.7498 homogen=36902.2501
mean B0=80.6604 homogen=20435.206
mean B0=85.6525 homogen=58922.624
mean B0=72.2105 homogen=243945.5864
mean B0=91.5089 homogen=57674.6215
mean B0=86.2739 homogen=50374.121
mean B0=73.2265 homogen=11381.7295
mean B0=60.507 homogen=10899.7221
mean B0=69.7923 homogen=11577.2885
mean B0=69.851 homogen=15896.1194
mean B0=52.9339 homogen=11883.8865
mean B0=73.7768 homogen=12362.0298
    21 |      840 |     11 |  0.000000E+00 |  0.000000E+00 |  0.0770139874 |             f
mean B0=79.1566 homogen=13579.5962
mean B0=82.8678 homogen=107722.3178
mean B0=45.8361 homogen=101611.4381
mean B0=91.9678 homogen=27467.9119
mean B0=79.8735 homogen=20744.0728
mean B0=85.3497 homogen=59628.1808
mean B0=81.6762 homogen=13046.2809
mean B0=53.4192 homogen=97717.281
mean B0=90.6343 homogen=74964.581
mean B0=74.5261 homogen=12476.499
mean B0=60.8034 homogen=37610.6653
mean B0=73.2263 homogen=11379.3653
mean B0=86.6108 homogen=38934.8788
mean B0=86.3881 homogen=23539.1486
mean B0=71.1145 homogen=7914.346
mean B0=92.9516 homogen=35865.9542
mean B0=84.2783 homogen=37000.9622
mean B0=76.7615 homogen=13068.7186
mean B0=90.0378 homogen=60353.3355
mean B0=74.6315 homogen=11312.6204
mean B0=94.1842 homogen=68447.2982
mean B0=55.7302 homogen=35121.3281
mean B0=87.85 homogen=9830.0088
mean B0=89.5223 homogen=59983.2881
mean B0=74.1874 homogen=10329.3266
mean B0=83.8616 homogen=31153.1661
mean B0=91.0327 homogen=38593.5868
mean B0=69.0407 homogen=71655.9729
mean B0=77.4164 homogen=10179.7886
mean B0=56.991 homogen=20949.2523
mean B0=83.0331 homogen=20568.5474
mean B0=84.2555 homogen=54165.712
mean B0=62.7464 homogen=290515.4736
mean B0=85.8107 homogen=27366.281
mean B0=83.7897 homogen=20381.2513
mean B0=85.5393 homogen=26607.6377
mean B0=74.7205 homogen=20556.6156
mean B0=81.0847 homogen=20080.414
mean B0=70.2766 homogen=10084.3111
mean B0=92.5843 homogen=74093.5924
    22 |      880 |      6 |  0.000000E+00 |  0.000000E+00 |  0.0200783102 |         ideal
mean B0=88.757 homogen=41915.1271
mean B0=87.0929 homogen=15873.1707
mean B0=73.2262 homogen=11379.3419
mean B0=83.391 homogen=20310.843
mean B0=93.646 homogen=65042.0156
mean B0=94.9592 homogen=53316.1918
mean B0=87.5993 homogen=61600.8923
mean B0=64.0073 homogen=58311.8255
mean B0=93.956 homogen=51849.2465
mean B0=85.0516 homogen=29104.4516
mean B0=79.136 homogen=13376.1801
mean B0=96.1039 homogen=53075.6403
mean B0=88.5186 homogen=31774.9879
mean B0=87.293 homogen=19014.8926
mean B0=87.5824 homogen=42973.9571
mean B0=62.1358 homogen=179735.9126
mean B0=90.094 homogen=53704.1513
mean B0=78.3657 homogen=32138.3568
mean B0=90.3047 homogen=36290.4752
mean B0=81.2134 homogen=24937.8449
mean B0=89.3255 homogen=59168.0745
mean B0=86.5487 homogen=10988.1335
mean B0=76.7863 homogen=12671.1242
mean B0=82.2181 homogen=59384.5711
mean B0=60.7391 homogen=12266.4642
mean B0=85.9861 homogen=34907.4451
mean B0=67.9115 homogen=27241.825
mean B0=75.7854 homogen=8768.9372
mean B0=79.8685 homogen=31349.7216
mean B0=84.6632 homogen=18575.4878
mean B0=77.2296 homogen=10741.9498
mean B0=88.3296 homogen=43714.9159
mean B0=90.0009 homogen=46058.717
mean B0=93.6717 homogen=56718.4753
mean B0=85.7427 homogen=23179.4639
mean B0=85.921 homogen=23748.1102
mean B0=86.3859 homogen=23530.1052
mean B0=82.7301 homogen=75008.8172
mean B0=95.4164 homogen=48805.8524
mean B0=68.1613 homogen=44499.1429
    23 |      920 |      9 |  0.000000E+00 |  0.000000E+00 |  0.0433089399 |             f
mean B0=65.8274 homogen=12623.7197
mean B0=91.6776 homogen=26991.0272
mean B0=86.3881 homogen=23539.1486
mean B0=92.0798 homogen=35129.4881
mean B0=89.9016 homogen=47391.8807
mean B0=64.7885 homogen=58563.0018
mean B0=94.4944 homogen=57377.109
mean B0=87.1906 homogen=12240.3044
mean B0=77.1471 homogen=9349.2909
mean B0=94.2052 homogen=53373.7723
mean B0=84.8206 homogen=28404.6232
mean B0=69.2199 homogen=178456.6771
mean B0=88.8382 homogen=33269.0541
mean B0=83.9251 homogen=43760.5075
mean B0=93.6945 homogen=43613.1019
mean B0=75.3391 homogen=13735.2206
mean B0=86.3206 homogen=13924.9464
mean B0=89.0099 homogen=28304.1003
mean B0=74.9061 homogen=10896.9916
mean B0=83.7899 homogen=35905.7437
mean B0=66.1341 homogen=11241.8205
mean B0=84.6983 homogen=32408.7758
mean B0=86.3905 homogen=23547.4265
mean B0=94.5097 homogen=60276.4521
mean B0=82.6726 homogen=13381.2402
mean B0=93.444 homogen=46319.7332
mean B0=82.3906 homogen=14734.6094
mean B0=94.7068 homogen=64908.0842
mean B0=76.5316 homogen=34020.8745
mean B0=85.9041 homogen=15717.3701
mean B0=78.8343 homogen=19093.0921
mean B0=87.9935 homogen=25623.0675
mean B0=91.4205 homogen=35534.1625
mean B0=81.6566 homogen=17061.9235
mean B0=89.5627 homogen=28114.6002
mean B0=68.8176 homogen=36179.8887
mean B0=78.0337 homogen=12044.3449
mean B0=84.5439 homogen=19015.3405
mean B0=90.6191 homogen=28283.9557
mean B0=73.1876 homogen=24050.8789
    24 |      960 |     13 |  0.000000E+00 |  0.000000E+00 |  0.0182001074 |             f
mean B0=88.0621 homogen=28279.0003
mean B0=93.1673 homogen=27275.9866
mean B0=96.0141 homogen=55032.2341
mean B0=84.6217 homogen=22371.3153
mean B0=88.745 homogen=40399.7498
mean B0=88.2258 homogen=15347.0713
mean B0=86.8791 homogen=13245.6461
mean B0=73.3375 homogen=55251.2027
mean B0=94.402 homogen=34399.4399
mean B0=74.5512 homogen=10968.2638
mean B0=86.2135 homogen=16340.5299
mean B0=96.2115 homogen=52851.0073
mean B0=77.7998 homogen=12170.3112
mean B0=79.2987 homogen=25009.1448
mean B0=89.2734 homogen=29295.3592
mean B0=83.26 homogen=19095.9118
mean B0=71.8808 homogen=183664.7799
mean B0=87.1458 homogen=18405.3022
mean B0=84.9577 homogen=69366.7977
mean B0=92.8355 homogen=52587.9113
mean B0=87.2018 homogen=17051.8609
mean B0=70.795 homogen=9836.2684
mean B0=88.9449 homogen=29205.6673
mean B0=94.1647 homogen=42791.7172
mean B0=65.2199 homogen=30648.1394
mean B0=89.6047 homogen=39621.4446
mean B0=77.4865 homogen=10871.5603
mean B0=81.7134 homogen=35945.5432
mean B0=87.09 homogen=33570.9681
mean B0=89.2133 homogen=25769.3271
mean B0=67.2053 homogen=150309.5971
mean B0=93.9015 homogen=51914.4775
mean B0=88.5829 homogen=25810.3259
mean B0=86.8494 homogen=52197.3344
mean B0=90.4116 homogen=27113.6221
mean B0=92.1511 homogen=35722.7376
mean B0=87.5263 homogen=25839.5277
mean B0=93.8555 homogen=44527.6841
mean B0=87.3161 homogen=30143.8275
mean B0=94.7185 homogen=48010.0407
    25 |     1000 |     14 |  0.000000E+00 |  0.000000E+00 |  0.0263349278 |             f
mean B0=90.8525 homogen=42695.9537
mean B0=93.0294 homogen=35625.9459
mean B0=86.8233 homogen=21033.8973
mean B0=70.7767 homogen=8481.7414
mean B0=87.8292 homogen=18873.3663
mean B0=54.854 homogen=337857.4742
mean B0=96.0118 homogen=55026.8561
mean B0=79.4693 homogen=20216.4159
mean B0=82.7755 homogen=16965.8846
mean B0=94.207 homogen=40717.3849
mean B0=74.7068 homogen=32415.3433
mean B0=85.168 homogen=27160.3775
mean B0=94.7241 homogen=53486.169
mean B0=96.2115 homogen=52851.0073
mean B0=89.7672 homogen=23685.7584
mean B0=73.3532 homogen=11075.9983
mean B0=89.4069 homogen=24176.394
mean B0=86.7648 homogen=33310.5746
mean B0=76.1973 homogen=36796.5336
mean B0=77.6624 homogen=9753.2372
mean B0=52.7142 homogen=121994.5091
mean B0=73.9342 homogen=162031.5637
mean B0=93.305 homogen=43337.1579
mean B0=86.7892 homogen=43188.7956
mean B0=92.6176 homogen=35497.2707
mean B0=67.1193 homogen=260921.9277
mean B0=95.3995 homogen=48774.1788
mean B0=92.6539 homogen=65549.2711
mean B0=71.7814 homogen=16295.1482
mean B0=77.7927 homogen=184264.2621
mean B0=81.7535 homogen=34471.3841
mean B0=77.2335 homogen=27017.095
mean B0=88.0908 homogen=10586.1904
mean B0=91.6776 homogen=26991.0272
mean B0=86.8944 homogen=15455.6691
mean B0=74.8097 homogen=20476.7546
mean B0=97.5541 homogen=48073.6376
mean B0=95.1333 homogen=38918.7562
mean B0=82.4365 homogen=51313.8525
mean B0=87.4409 homogen=33282.6389
    26 |     1040 |     15 |  0.000000E+00 |  0.000000E+00 |  0.0444579499 |         ideal
mean B0=81.5741 homogen=13011.3384
mean B0=75.6498 homogen=9159.3358
mean B0=52.6682 homogen=112241.4404
mean B0=91.8394 homogen=26444.5686
mean B0=95.7751 homogen=51209.6331
mean B0=94.4062 homogen=52447.4343
mean B0=87.5538 homogen=13105.79
mean B0=73.1484 homogen=14700.9004
mean B0=76.548 homogen=205035.5928
mean B0=67.0536 homogen=34864.2923
mean B0=97.0829 homogen=45477.4005
mean B0=90.2575 homogen=19797.0459
mean B0=75.8285 homogen=17080.9146
mean B0=87.2049 homogen=17041.1254
mean B0=96.0441 homogen=62737.1252
mean B0=95.9879 homogen=35031.9746
mean B0=85.9193 homogen=9881.8318
mean B0=94.7214 homogen=61683.8543
mean B0=91.9074 homogen=34320.7507
mean B0=77.4405 homogen=9938.8393
mean B0=87.1704 homogen=11243.9541
mean B0=92.0009 homogen=27987.6786
mean B0=91.7292 homogen=33473.3507
mean B0=86.3917 homogen=20257.3901
mean B0=77.7766 homogen=11487.1702
mean B0=75.8587 homogen=14738.9898
mean B0=86.1851 homogen=37253.9948
mean B0=93.5849 homogen=58034.3039
mean B0=93.141 homogen=23063.6892
mean B0=71.488 homogen=11154.4208
mean B0=88.5878 homogen=24190.8497
mean B0=75.3023 homogen=23886.2019
mean B0=91.392 homogen=44078.173
mean B0=91.6741 homogen=26972.209
mean B0=93.7667 homogen=38446.6595
mean B0=93.6973 homogen=42832.9429
mean B0=91.8256 homogen=22036.5168
mean B0=90.762 homogen=19112.6063
mean B0=92.7877 homogen=36152.8332
mean B0=88.7251 homogen=16742.4777
    27 |     1080 |     16 |  0.000000E+00 |  0.000000E+00 |  0.0292273695 |             f
mean B0=91.8256 homogen=22036.5168
mean B0=83.6827 homogen=60797.4458
mean B0=91.0029 homogen=18375.9745
mean B0=89.6243 homogen=24942.2164
mean B0=97.645 homogen=38648.4897
mean B0=89.6098 homogen=106350.6913
mean B0=87.3156 homogen=14354.2616
mean B0=93.6851 homogen=38541.0033
mean B0=77.5012 homogen=151743.2236
mean B0=91.4366 homogen=40302.881
mean B0=83.8699 homogen=18247.5954
mean B0=93.0639 homogen=26745.1102
mean B0=91.63 homogen=41074.5451
mean B0=91.0515 homogen=37506.8827
mean B0=94.6096 homogen=46063.238
mean B0=83.1792 homogen=18788.8556
mean B0=88.2618 homogen=19704.4872
mean B0=86.1958 homogen=19070.5108
mean B0=95.3658 homogen=49140.3911
mean B0=70.9129 homogen=8226.1174
mean B0=96.1039 homogen=53075.6403
mean B0=96.1926 homogen=43101.562
mean B0=94.6429 homogen=38941.5232
mean B0=89.5653 homogen=16994.4203
mean B0=87.0354 homogen=14938.089
mean B0=92.7448 homogen=23310.3754
mean B0=75.6498 homogen=9159.3358
mean B0=96.1939 homogen=52650.4579
mean B0=88.8032 homogen=16732.7556
mean B0=87.2652 homogen=12085.9717
mean B0=94.9381 homogen=46223.2415
mean B0=87.9282 homogen=18448.027
mean B0=69.674 homogen=44473.6038
mean B0=73.0363 homogen=14821.226
mean B0=96.201 homogen=52801.0763
mean B0=87.8503 homogen=33315.9996
mean B0=89.118 homogen=45719.7213
mean B0=96.0253 homogen=42772.0038
mean B0=96.4267 homogen=55318.5149
mean B0=88.1745 homogen=10471.9979
    28 |     1120 |     17 |  0.000000E+00 |  0.000000E+00 |  0.0034282491 |         ideal
mean B0=90.0374 homogen=16408.2116
mean B0=77.0039 homogen=9629.5039
mean B0=85.7828 homogen=9602.5921
mean B0=94.0226 homogen=46150.7221
mean B0=86.891 homogen=60832.848
mean B0=74.8421 homogen=20349.3892
mean B0=87.4411 homogen=11199.8511
mean B0=91.1904 homogen=17501.4401
mean B0=95.2472 homogen=47642.3593
mean B0=94.5505 homogen=35351.0981
mean B0=92.6682 homogen=23222.0429
mean B0=84.5887 homogen=12570.6592
mean B0=92.7562 homogen=21650.6114
mean B0=97.3273 homogen=43524.1005
mean B0=93.3189 homogen=26369.9648
mean B0=96.8705 homogen=26642.114
mean B0=87.0337 homogen=17078.5922
mean B0=92.6011 homogen=45766.6685
mean B0=77.6651 homogen=124354.2669
mean B0=90.3302 homogen=33099.6411
mean B0=69.1614 homogen=34791.1674
mean B0=70.1819 homogen=9656.8546
mean B0=91.8546 homogen=32764.5342
mean B0=88.4664 homogen=16480.9671
mean B0=98.2546 homogen=36306.0406
mean B0=70.4581 homogen=41796.7846
mean B0=91.8275 homogen=22032.4936
mean B0=92.4489 homogen=31243.5654
mean B0=77.1472 homogen=9356.7198
mean B0=68.5344 homogen=21959.6036
mean B0=90.833 homogen=19139.7377
mean B0=71.4979 homogen=88370.825
mean B0=84.4683 homogen=18457.8395
mean B0=91.0268 homogen=33179.7154
mean B0=79.3342 homogen=33969.1388
mean B0=91.8419 homogen=26437.8629
mean B0=96.8796 homogen=44944.3011
mean B0=72.7727 homogen=17532.5863
mean B0=70.7909 homogen=86397.719
mean B0=95.8746 homogen=35826.2283
    29 |     1160 |     15 |  0.000000E+00 |  0.000000E+00 |  0.0224611876 |         ideal
mean B0=99.0476 homogen=32857.3887
mean B0=91.0021 homogen=16900.5979
mean B0=51.4534 homogen=113665.8792
mean B0=90.518 homogen=23368.2445
mean B0=79.3009 homogen=26561.7272
mean B0=91.8557 homogen=33120.9685
mean B0=87.2269 homogen=11693.2776
mean B0=72.0074 homogen=11919.2091
mean B0=92.8992 homogen=21804.4189
mean B0=82.0656 homogen=17784.6018
mean B0=74.4601 homogen=18129.6902
mean B0=84.8177 homogen=82635.9438
mean B0=84.3304 homogen=31316.8259
mean B0=78.5843 homogen=147619.0986
mean B0=54.1707 homogen=337136.0872
mean B0=85.6063 homogen=21313.3417
mean B0=90.3478 homogen=33304.3239
mean B0=91.4459 homogen=15416.8863
mean B0=92.7359 homogen=20602.3545
mean B0=71.2317 homogen=7767.606
mean B0=89.6832 homogen=30677.9311
mean B0=89.0781 homogen=21773.3587
mean B0=76.5509 homogen=7582.4874
mean B0=90.4524 homogen=18611.2482
mean B0=74.9075 homogen=13198.7017
mean B0=89.7672 homogen=22547.7555
mean B0=93.1971 homogen=27232.4364
mean B0=75.3692 homogen=11099.4584
mean B0=93.9262 homogen=45150.3068
mean B0=90.2775 homogen=46193.2875
mean B0=86.9753 homogen=33722.4802
mean B0=93.5688 homogen=28827.0231
mean B0=54.1093 homogen=98877.5507
mean B0=85.7811 homogen=9613.5787
mean B0=70.9078 homogen=221427.5357
mean B0=88.2548 homogen=15237.3587
mean B0=92.9447 homogen=55326.4913
mean B0=89.4045 homogen=21990.5955
mean B0=90.4301 homogen=36538.2828
mean B0=96.4253 homogen=51978.9274
    30 |     1200 |     15 |  0.000000E+00 |  0.000000E+00 |  0.0352459176 |         ideal
mean B0=94.1226 homogen=23831.0581
mean B0=92.489 homogen=15748.551
mean B0=77.0305 homogen=10188.0411
mean B0=93.1988 homogen=27243.8134
mean B0=95.9199 homogen=28377.8492
mean B0=78.9711 homogen=22109.3035
mean B0=70.6421 homogen=8386.5728
mean B0=91.676 homogen=22590.4887
mean B0=91.9643 homogen=26954.4208
mean B0=96.7387 homogen=45522.3947
mean B0=93.5687 homogen=28827.7664
mean B0=64.7271 homogen=147481.9023
mean B0=88.0414 homogen=10716.5193
mean B0=96.1676 homogen=34422.7533
mean B0=90.3709 homogen=20480.385
mean B0=89.6417 homogen=21150.9711
mean B0=72.3463 homogen=271820.8582
mean B0=65.1992 homogen=92233.215
mean B0=91.8085 homogen=11835.2604
mean B0=91.1664 homogen=27424.6977
mean B0=90.318 homogen=13880.3449
mean B0=70.4438 homogen=32897.0002
mean B0=88.3691 homogen=17696.0067
mean B0=93.0634 homogen=26745.715
mean B0=92.1573 homogen=14757.8328
mean B0=88.736 homogen=28904.7475
mean B0=99.81 homogen=35349.6592
mean B0=89.128 homogen=19562.8338
mean B0=88.1139 homogen=15757.3838
mean B0=77.2457 homogen=9505.2773
mean B0=87.3637 homogen=13225.5363
mean B0=83.8163 homogen=27473.5758
mean B0=92.9606 homogen=27390.5667
mean B0=92.6162 homogen=21987.3618
mean B0=92.8332 homogen=23464.7038
mean B0=90.2713 homogen=32640.5789
mean B0=79.6397 homogen=17174.6478
mean B0=86.9092 homogen=33066.1229
mean B0=72.8755 homogen=153807.2595
mean B0=95.2064 homogen=27967.3666
    31 |     1240 |     18 |  0.000000E+00 |  0.000000E+00 |  0.0327822950 |         ideal
mean B0=51.7832 homogen=111616.9401
mean B0=88.6086 homogen=16235.9848
mean B0=74.5905 homogen=27803.1805
mean B0=93.1276 homogen=23140.732
mean B0=73.4045 homogen=23188.9218
mean B0=93.8648 homogen=23416.6534
mean B0=64.5688 homogen=283776.5334
mean B0=97.6274 homogen=46432.4649
mean B0=92.8268 homogen=51122.7877
mean B0=98.0626 homogen=42508.3192
mean B0=76.3434 homogen=35536.404
mean B0=86.3567 homogen=10855.0374
mean B0=72.4185 homogen=16712.1817
mean B0=92.502 homogen=11780.9335
mean B0=88.1995 homogen=11344.1544
mean B0=97.682 homogen=38750.6954
mean B0=87.2253 homogen=13335.865
mean B0=88.1389 homogen=20711.8543
mean B0=92.6216 homogen=34940.6114
mean B0=84.6334 homogen=26630.4373
mean B0=95.8434 homogen=24355.3475
mean B0=91.4772 homogen=15991.7499
mean B0=94.6902 homogen=34994.0744
mean B0=92.847 homogen=23508.3041
mean B0=88.5635 homogen=21389.6925
mean B0=98.1372 homogen=41595.5556
mean B0=69.4634 homogen=264520.9877
mean B0=91.1033 homogen=38425.5125
mean B0=78.1867 homogen=51320.5015
mean B0=74.2346 homogen=19799.368
mean B0=81.8183 homogen=107787.8407
mean B0=94.0108 homogen=24217.0428
mean B0=76.3706 homogen=13485.9501
mean B0=92.2342 homogen=23127.8748
mean B0=96.7315 homogen=27844.5877
mean B0=91.9566 homogen=114068.9453
mean B0=92.7543 homogen=21827.1546
mean B0=88.6333 homogen=10764.0017
mean B0=87.6877 homogen=9735.7683
mean B0=90.1415 homogen=19298.2627
    32 |     1280 |     20 |  0.000000E+00 |  0.000000E+00 |  0.0077469286 |             f
mean B0=72.9497 homogen=23308.9089
mean B0=77.1462 homogen=9347.2612
mean B0=90.8545 homogen=19316.3029
mean B0=95.8251 homogen=24099.2505
mean B0=92.9753 homogen=22679.1342
mean B0=88.0749 homogen=10675.5928
mean B0=87.2042 homogen=14012.7102
mean B0=89.7236 homogen=32848.2073
mean B0=96.2236 homogen=56112.2453
mean B0=95.1066 homogen=20405.728
mean B0=77.7873 homogen=10084.2329
mean B0=89.7184 homogen=25413.3705
mean B0=93.8012 homogen=23301.7423
mean B0=92.8556 homogen=21775.981
mean B0=82.927 homogen=39269.3281
mean B0=92.7562 homogen=21650.6114
mean B0=100.1816 homogen=31750.1693
mean B0=85.9882 homogen=9979.8039
mean B0=61.6006 homogen=71405.5908
mean B0=87.6896 homogen=9753.6011
mean B0=96.469 homogen=58371.9746
mean B0=77.246 homogen=9510.2584
mean B0=86.4916 homogen=11713.8656
mean B0=76.6313 homogen=7606.0724
mean B0=88.2011 homogen=10179.5855
mean B0=86.1887 homogen=13503.0976
mean B0=92.1001 homogen=13543.1471
mean B0=92.9942 homogen=22863.7131
mean B0=72.4045 homogen=21926.89
mean B0=49.755 homogen=110035.1772
mean B0=87.7561 homogen=11539.1177
mean B0=77.3531 homogen=8331.2778
mean B0=96.4004 homogen=33641.5471
mean B0=92.7871 homogen=20864.8824
mean B0=93.8351 homogen=22643.0746
mean B0=95.928 homogen=34573.1601
mean B0=90.3529 homogen=16313.187
mean B0=97.8506 homogen=42735.3611
mean B0=75.3093 homogen=146713.8615
mean B0=92.7406 homogen=21757.5236
    33 |     1320 |     15 |  0.000000E+00 |  0.000000E+00 |  0.0157250739 |         ideal
mean B0=97.8242 homogen=27152.2693
mean B0=87.6952 homogen=11658.9019
mean B0=72.2985 homogen=12223.6762
mean B0=80.3413 homogen=10580.4061
mean B0=90.9351 homogen=23865.59
mean B0=87.3867 homogen=24735.1566
mean B0=85.95 homogen=24444.4819
mean B0=95.8029 homogen=24578.9312
mean B0=94.0171 homogen=23948.8301
mean B0=88.2249 homogen=14368.9466
mean B0=87.2634 homogen=14831.8664
mean B0=92.8084 homogen=16520.7385
mean B0=92.8981 homogen=21809.761
mean B0=92.238 homogen=26381.0494
mean B0=88.7502 homogen=10833.1195
mean B0=74.2042 homogen=134039.9147
mean B0=86.7073 homogen=34422.7527
mean B0=96.899 homogen=37942.3523
mean B0=93.2187 homogen=29475.3258
mean B0=89.9667 homogen=22669.3142
mean B0=79.3078 homogen=21403.6163
mean B0=78.6111 homogen=31184.2002
mean B0=77.0207 homogen=8239.6875
mean B0=95.2233 homogen=29688.9473
mean B0=73.9759 homogen=19072.3789
mean B0=76.6648 homogen=8382.4215
mean B0=98.1974 homogen=39454.2501
mean B0=96.7791 homogen=27661.0326
mean B0=92.3133 homogen=21379.3404
mean B0=77.6189 homogen=9744.0066
mean B0=73.8035 homogen=15749.0499
mean B0=92.4394 homogen=14842.3924
mean B0=92.8572 homogen=21776.0345
mean B0=88.7851 homogen=10734.8312
mean B0=93.9399 homogen=24126.8498
mean B0=92.0937 homogen=19935.4653
mean B0=76.5141 homogen=11548.6547
mean B0=94.7316 homogen=28407.1772
mean B0=88.496 homogen=67583.8517
mean B0=91.291 homogen=13093.8184
    34 |     1360 |     18 |  0.000000E+00 |  0.000000E+00 |  0.0141409223 |             f
mean B0=97.9766 homogen=26678.0811
mean B0=96.6317 homogen=35393.5018
mean B0=87.5341 homogen=10583.3294
mean B0=85.4049 homogen=11710.12
mean B0=99.7525 homogen=36163.3548
mean B0=99.9976 homogen=32404.5952
mean B0=93.0807 homogen=23045.0048
mean B0=81.5782 homogen=135976.6385
mean B0=71.4693 homogen=16300.9591
mean B0=75.1985 homogen=31112.5335
mean B0=70.6279 homogen=27342.5855
mean B0=95.725 homogen=25169.2684
mean B0=72.2972 homogen=78274.6075
mean B0=70.9415 homogen=17734.563
mean B0=92.1748 homogen=14761.6875
mean B0=92.0584 homogen=17352.3665
mean B0=94.9812 homogen=24535.6738
mean B0=76.8514 homogen=8799.104
mean B0=92.9555 homogen=26222.7917
mean B0=92.0261 homogen=14868.6002
mean B0=88.6531 homogen=11023.7293
mean B0=89.4364 homogen=25730.5748
mean B0=88.3219 homogen=10580.8859
mean B0=97.7301 homogen=26138.6056
mean B0=87.4659 homogen=10359.7786
mean B0=96.0591 homogen=23229.2772
mean B0=93.3296 homogen=21737.3259
mean B0=90.8393 homogen=14963.1865
mean B0=92.3968 homogen=15620.2531
mean B0=86.8831 homogen=27555.7917
mean B0=90.9608 homogen=15059.5886
mean B0=95.953 homogen=22680.9514
mean B0=50.9158 homogen=111542.275
mean B0=94.0748 homogen=32691.1545
mean B0=85.984 homogen=9947.3667
mean B0=97.2653 homogen=28741.8664
mean B0=96.8657 homogen=43829.9676
mean B0=88.3647 homogen=12222.1363
mean B0=77.8186 homogen=10309.0641
mean B0=88.8423 homogen=13010.4022
    35 |     1400 |     19 |  0.000000E+00 |  0.000000E+00 |  0.0092746109 |             f
mean B0=85.841 homogen=9624.4541
mean B0=84.2836 homogen=7718.015
mean B0=90.7565 homogen=59891.9931
mean B0=96.45 homogen=23390.633
mean B0=93.3842 homogen=24456.8837
mean B0=93.4817 homogen=21551.3705
mean B0=91.8293 homogen=11224.3297
mean B0=74.8616 homogen=26360.2408
mean B0=77.1041 homogen=9948.8483
mean B0=96.0591 homogen=23229.2772
mean B0=91.2725 homogen=9464.5432
mean B0=71.504 homogen=7450.2901
mean B0=76.0502 homogen=29257.1768
mean B0=82.9235 homogen=22568.8601
mean B0=78.4852 homogen=17137.5752
mean B0=72.1242 homogen=65183.874
mean B0=89.8493 homogen=46694.4786
mean B0=91.0206 homogen=17672.1295
mean B0=88.6493 homogen=10622.422
mean B0=97.0319 homogen=20043.1267
mean B0=85.4237 homogen=11947.598
mean B0=87.2381 homogen=11070.4045
mean B0=80.7759 homogen=33895.6261
mean B0=93.2315 homogen=24624.3082
mean B0=92.0507 homogen=28386.3743
mean B0=88.4565 homogen=12240.4897
mean B0=92.5292 homogen=22110.6341
mean B0=90.4474 homogen=41398.0756
mean B0=79.6164 homogen=13968.4955
mean B0=92.4861 homogen=11845.3457
mean B0=91.9571 homogen=12525.1524
mean B0=82.6651 homogen=36498.7177
mean B0=100.1856 homogen=31719.8156
mean B0=93.6381 homogen=20456.9926
mean B0=80.7739 homogen=34413.7557
mean B0=95.0802 homogen=19499.0774
mean B0=79.2334 homogen=50842.9079
mean B0=89.6649 homogen=10552.8515
mean B0=95.682 homogen=36178.3209
mean B0=86.5733 homogen=17391.9191
    36 |     1440 |     13 |  0.000000E+00 |  0.000000E+00 |  0.0054470506 |         ideal
mean B0=91.9705 homogen=16985.266
mean B0=85.8375 homogen=9518.5586
mean B0=77.4558 homogen=11916.1311
mean B0=98.0171 homogen=24831.0955
mean B0=91.0917 homogen=9860.2342
mean B0=96.4314 homogen=36173.7035
mean B0=92.2962 homogen=11326.2802
mean B0=70.5614 homogen=8712.994
mean B0=100.382 homogen=28153.8306
mean B0=92.0648 homogen=14604.826
mean B0=93.2742 homogen=13334.9478
mean B0=85.4069 homogen=37637.6678
mean B0=95.2869 homogen=30125.4366
mean B0=75.2375 homogen=16264.7927
mean B0=86.6669 homogen=10632.1649
mean B0=86.3417 homogen=10610.1184
mean B0=97.2948 homogen=22363.4246
mean B0=60.0058 homogen=214924.1267
mean B0=74.9999 homogen=23188.314
mean B0=89.1617 homogen=13165.1402
mean B0=76.7631 homogen=10240.2051
mean B0=94.4131 homogen=19614.2833
mean B0=91.5767 homogen=36114.8642
mean B0=99.6411 homogen=35168.9118
mean B0=98.0664 homogen=25938.0392
mean B0=91.1666 homogen=26811.7959
mean B0=87.8099 homogen=10079.1351
mean B0=77.6354 homogen=10684.3796
mean B0=95.0592 homogen=21958.827
mean B0=96.3414 homogen=25334.0023
mean B0=94.9351 homogen=28496.3158
mean B0=75.5026 homogen=22575.3732
mean B0=91.815 homogen=24527.1139
mean B0=95.9917 homogen=23524.9197
mean B0=81.7542 homogen=19180.7521
mean B0=97.1521 homogen=27971.7894
mean B0=95.3695 homogen=29227.3706
mean B0=77.246 homogen=9510.2584
mean B0=87.9397 homogen=34229.8206
mean B0=86.142 homogen=13661.3998
    37 |     1480 |     15 |  0.000000E+00 |  0.000000E+00 |  0.0068001001 |         ideal
mean B0=83.4632 homogen=61193.7908
mean B0=92.1203 homogen=16147.9008
mean B0=86.4605 homogen=24319.6844
mean B0=89.8251 homogen=22333.9526
mean B0=97.9423 homogen=26484.5841
mean B0=90.4357 homogen=11840.7058
mean B0=91.086 homogen=9872.9517
mean B0=86.4578 homogen=17444.8762
mean B0=93.2253 homogen=24317.8925
mean B0=76.1076 homogen=9884.1477
mean B0=95.5929 homogen=21990.3039
mean B0=83.3933 homogen=59993.1747
mean B0=71.5563 homogen=57684.5652
mean B0=93.351 homogen=26727.1796
mean B0=88.3132 homogen=10044.1894
mean B0=51.2703 homogen=115050.3683
mean B0=94.0104 homogen=19841.1563
mean B0=93.9232 homogen=31323.0438
mean B0=74.9866 homogen=147554.4458
mean B0=96.2354 homogen=23074.5327
mean B0=83.1013 homogen=10800.3173
mean B0=92.4103 homogen=14153.7702
mean B0=79.2175 homogen=17360.908
mean B0=73.9778 homogen=19752.7994
mean B0=98.9571 homogen=26205.4909
mean B0=95.436 homogen=33870.996
mean B0=91.2787 homogen=9451.3066
mean B0=91.7082 homogen=16160.8558
mean B0=95.1616 homogen=26358.6937
mean B0=98.4276 homogen=27458.9639
mean B0=92.2139 homogen=13061.2298
mean B0=66.0284 homogen=140996.0529
mean B0=98.1245 homogen=19890.2483
mean B0=94.5639 homogen=29588.0978
mean B0=92.6964 homogen=22123.1067
mean B0=62.8517 homogen=176186.728
mean B0=94.1567 homogen=23302.9232
mean B0=96.3836 homogen=25280.9172
mean B0=85.8833 homogen=9635.6635
mean B0=92.1022 homogen=25026.6721
    38 |     1520 |     13 |  0.000000E+00 |  0.000000E+00 |  0.0055896086 |             f
mean B0=92.077 homogen=12314.2905
mean B0=91.7588 homogen=11408.8316
mean B0=92.555 homogen=12028.3762
mean B0=92.2962 homogen=11326.2802
mean B0=91.3536 homogen=11015.6608
mean B0=92.7386 homogen=19202.6764
mean B0=89.2296 homogen=10899.4612
mean B0=58.2598 homogen=185058.5553
mean B0=81.7844 homogen=9581.3187
mean B0=97.1681 homogen=18482.8353
mean B0=98.6854 homogen=19791.0632
mean B0=79.076 homogen=27393.9162
mean B0=93.3285 homogen=13370.3267
mean B0=90.3181 homogen=33908.3736
mean B0=91.2061 homogen=9259.3461
mean B0=97.4974 homogen=22498.3317
mean B0=80.9642 homogen=32030.2638
mean B0=84.0528 homogen=30395.1274
mean B0=72.0968 homogen=11134.6374
mean B0=97.8234 homogen=27549.2551
mean B0=98.9025 homogen=50395.4991
mean B0=91.2247 homogen=9680.6524
mean B0=97.9472 homogen=25995.3498
mean B0=80.6866 homogen=19438.0275
mean B0=93.3938 homogen=12932.9853
mean B0=89.5972 homogen=19618.043
mean B0=94.1702 homogen=30785.8833
mean B0=73.6452 homogen=220665.5175
mean B0=91.2804 homogen=32514.7145
mean B0=99.4759 homogen=38985.8402
mean B0=92.119 homogen=13078.7949
mean B0=92.0322 homogen=31960.0978
mean B0=92.3475 homogen=14193.4999
mean B0=93.1606 homogen=17732.3949
mean B0=92.5615 homogen=12054.8996
mean B0=84.3805 homogen=14268.0381
mean B0=92.2408 homogen=27583.9461
mean B0=77.5318 homogen=11551.0992
mean B0=75.798 homogen=9510.8363
mean B0=93.8266 homogen=20959.5231
    39 |     1560 |     18 |  0.000000E+00 |  0.000000E+00 |  0.0094376752 |             f
mean B0=95.0163 homogen=19939.1364
mean B0=73.7028 homogen=17984.9776
mean B0=92.3268 homogen=11289.3732
mean B0=85.7541 homogen=9694.4045
mean B0=91.2048 homogen=63128.5581
mean B0=92.2091 homogen=13306.8097
mean B0=98.5951 homogen=23965.3333
mean B0=100.9966 homogen=27122.4767
mean B0=89.9411 homogen=8804.3044
mean B0=93.9583 homogen=15080.3587
mean B0=98.8619 homogen=34909.7471
mean B0=93.4286 homogen=15365.7088
mean B0=91.8603 homogen=10849.6545
mean B0=78.1233 homogen=10482.2058
mean B0=91.201 homogen=15976.0098
mean B0=85.2237 homogen=19960.637
mean B0=87.1915 homogen=127945.3786
mean B0=92.6852 homogen=13534.8758
mean B0=97.6635 homogen=27165.2849
mean B0=90.868 homogen=8883.6808
mean B0=92.1738 homogen=14237.7063
mean B0=91.8754 homogen=14329.339
mean B0=91.1785 homogen=9723.2573
mean B0=93.373 homogen=13058.2396
mean B0=82.5341 homogen=23656.386
mean B0=92.826 homogen=11508.1255
mean B0=96.1258 homogen=23023.4203
mean B0=77.9817 homogen=169161.0086
mean B0=85.6822 homogen=6987.1247
mean B0=73.7207 homogen=16394.2898
mean B0=77.638 homogen=13377.6703
mean B0=97.7939 homogen=37774.772
mean B0=92.7687 homogen=12012.1964
mean B0=89.8622 homogen=20837.1171
mean B0=98.3908 homogen=27286.6287
mean B0=75.9099 homogen=7162.0332
mean B0=74.6257 homogen=27245.236
mean B0=100.5785 homogen=30749.5956
mean B0=93.8613 homogen=13281.3104
mean B0=92.7483 homogen=13590.5167
    40 |     1600 |     15 |  0.000000E+00 |  0.000000E+00 |  0.0401289104 |         ideal
mean B0=92.9988 homogen=14292.0345
mean B0=89.3498 homogen=40173.726
mean B0=97.8744 homogen=40916.8004
mean B0=89.4634 homogen=8269.8354
mean B0=93.3089 homogen=14005.0599
mean B0=93.097 homogen=19566.3633
mean B0=88.5282 homogen=11008.1185
mean B0=92.7967 homogen=11985.9178
mean B0=94.8987 homogen=49201.0225
mean B0=91.1447 homogen=11416.6656
mean B0=99.1408 homogen=22479.9216
mean B0=95.8569 homogen=18918.9711
mean B0=94.2579 homogen=13201.8262
mean B0=76.6313 homogen=7606.0724
mean B0=90.6225 homogen=15121.0979
mean B0=93.1917 homogen=11984.4891
mean B0=92.8118 homogen=19799.0633
mean B0=92.1592 homogen=11460.0894
mean B0=84.6973 homogen=31354.2759
mean B0=90.0338 homogen=11412.0301
mean B0=71.5922 homogen=7489.4249
mean B0=88.9227 homogen=19814.1002
mean B0=98.8372 homogen=38859.826
mean B0=90.6991 homogen=17787.0391
mean B0=98.7289 homogen=35404.5484
mean B0=79.1571 homogen=129657.2891
mean B0=91.8813 homogen=10454.5272
mean B0=99.7151 homogen=30747.1728
mean B0=78.3359 homogen=12720.0239
mean B0=85.813 homogen=10990.0108
mean B0=94.5141 homogen=19727.3832
mean B0=95.5625 homogen=26557.9249
mean B0=100.3631 homogen=32214.4355
mean B0=73.5784 homogen=64426.3005
mean B0=86.3197 homogen=14309.9545
mean B0=91.9823 homogen=12391.0028
mean B0=73.9556 homogen=21267.3598
mean B0=91.347 homogen=9088.2841
mean B0=79.0698 homogen=22100.8418
mean B0=93.7118 homogen=11074.335
    41 |     1640 |     12 |  0.000000E+00 |  0.000000E+00 |  0.0248236457 |             f
mean B0=93.8654 homogen=15382.9454
mean B0=84.4111 homogen=18957.9638
mean B0=87.978 homogen=12713.9197
mean B0=77.7484 homogen=15754.4726
mean B0=92.231 homogen=37830.2719
mean B0=100.394 homogen=32077.1229
mean B0=91.6129 homogen=12241.6748
mean B0=97.0319 homogen=20043.1267
mean B0=94.2075 homogen=13331.8976
mean B0=77.2479 homogen=10906.6217
mean B0=81.8374 homogen=131677.0647
mean B0=95.7539 homogen=48864.4855
mean B0=92.9723 homogen=14613.4829
mean B0=91.347 homogen=9088.2841
mean B0=95.8331 homogen=18431.8618
mean B0=100.2754 homogen=31411.3362
mean B0=92.9877 homogen=13230.9602
mean B0=93.0291 homogen=12196.2043
mean B0=85.4964 homogen=52919.8736
mean B0=101.591 homogen=30687.582
mean B0=94.337 homogen=23055.0898
mean B0=77.299 homogen=13151.7058
mean B0=64.8156 homogen=74551.7411
mean B0=86.7561 homogen=29671.8728
mean B0=99.355 homogen=25612.9661
mean B0=97.7615 homogen=28257.6741
mean B0=66.8152 homogen=158193.5772
mean B0=84.748 homogen=148300.2318
mean B0=99.2186 homogen=22588.5886
mean B0=80.3085 homogen=54343.5285
mean B0=91.0366 homogen=10107.6201
mean B0=79.5788 homogen=33215.083
mean B0=92.3419 homogen=11083.4346
mean B0=76.6313 homogen=7606.0724
mean B0=90.5386 homogen=9962.4655
mean B0=92.6743 homogen=12648.3874
mean B0=87.9465 homogen=22152.6889
mean B0=91.0493 homogen=8289.1194
mean B0=76.4769 homogen=33361.7842
mean B0=96.0555 homogen=16471.7133
    42 |     1680 |     16 |  0.000000E+00 |  0.000000E+00 |  0.0373682825 |         ideal
mean B0=83.4406 homogen=162288.8047
mean B0=98.6125 homogen=19487.1754
mean B0=87.8145 homogen=22558.8517
mean B0=89.2594 homogen=13594.158
mean B0=100.1362 homogen=27316.057
mean B0=97.3899 homogen=21958.0865
mean B0=100.1978 homogen=26140.2667
mean B0=76.6313 homogen=7606.0724
mean B0=89.8703 homogen=6859.092
mean B0=89.7896 homogen=8267.1329
mean B0=56.0287 homogen=308396.1822
mean B0=86.8448 homogen=66854.6614
mean B0=95.8253 homogen=27416.6413
mean B0=90.0853 homogen=8639.0996
mean B0=91.0569 homogen=8166.9341
mean B0=92.0333 homogen=11656.5799
mean B0=68.2158 homogen=58749.5464
mean B0=89.2807 homogen=7568.2965
mean B0=79.0623 homogen=14726.0149
mean B0=91.7733 homogen=20044.5756
mean B0=88.3278 homogen=22153.9341
mean B0=96.6762 homogen=20138.6008
mean B0=60.4412 homogen=106374.1457
mean B0=91.389 homogen=12095.2403
mean B0=99.3615 homogen=26432.2246
mean B0=95.707 homogen=12752.9512
mean B0=92.6217 homogen=10725.8996
mean B0=76.6313 homogen=7606.0724
mean B0=92.437 homogen=11730.6263
mean B0=84.3304 homogen=8136.2609
mean B0=92.7917 homogen=14408.0419
mean B0=100.4965 homogen=28666.8154
mean B0=98.5084 homogen=33347.7264
mean B0=93.008 homogen=11892.4259
mean B0=91.9617 homogen=105987.7783
mean B0=99.6223 homogen=18483.6705
mean B0=91.347 homogen=9088.2841
mean B0=93.2192 homogen=12808.2757
mean B0=86.9914 homogen=22326.7418
mean B0=76.825 homogen=8346.6399
    43 |     1720 |     15 |  0.000000E+00 |  0.000000E+00 |  0.0053730947 |         ideal
mean B0=93.6107 homogen=11088.9019
mean B0=101.1823 homogen=28882.7991
mean B0=91.2316 homogen=9665.7347
mean B0=91.9224 homogen=12699.7
mean B0=91.2816 homogen=8694.7552
mean B0=101.0006 homogen=22500.0971
mean B0=95.2944 homogen=14230.7981
mean B0=89.5244 homogen=7295.9246
mean B0=98.3474 homogen=20191.7689
mean B0=84.2953 homogen=19875.3779
mean B0=92.4081 homogen=15858.9093
mean B0=98.5771 homogen=18463.7055
mean B0=95.3858 homogen=16560.1903
mean B0=97.2812 homogen=18784.3898
mean B0=93.4071 homogen=28836.4311
mean B0=98.0672 homogen=32507.9004
mean B0=92.3037 homogen=10870.4279
mean B0=93.6855 homogen=10944.1257
mean B0=92.4325 homogen=10982.9405
mean B0=100.8528 homogen=29873.5429
mean B0=92.9978 homogen=14777.379
mean B0=91.6773 homogen=9505.4761
mean B0=96.5663 homogen=19495.0392
mean B0=83.6406 homogen=9459.7087
mean B0=90.355 homogen=16681.4498
mean B0=83.4479 homogen=151630.1106
mean B0=90.1455 homogen=11922.3915
mean B0=89.5065 homogen=6587.8307
mean B0=84.8099 homogen=8531.5618
mean B0=97.5364 homogen=25473.1879
mean B0=94.6333 homogen=14915.0521
mean B0=101.1874 homogen=29745.5934
mean B0=94.4088 homogen=21967.8989
mean B0=101.1868 homogen=26454.1122
mean B0=94.4958 homogen=37788.8927
mean B0=94.9383 homogen=27073.1504
mean B0=91.8781 homogen=10569.5575
mean B0=92.6469 homogen=10689.7207
mean B0=74.4192 homogen=63515.4134
mean B0=99.8696 homogen=28144.2522
    44 |     1760 |     20 |  0.000000E+00 |  0.000000E+00 |  0.0112557734 |         ideal
mean B0=99.762 homogen=22922.8353
mean B0=101.3939 homogen=25772.5282
mean B0=93.9457 homogen=16958.5845
mean B0=68.3339 homogen=277992.9338
mean B0=91.2319 homogen=9367.2782
mean B0=89.4808 homogen=11745.4395
mean B0=67.6383 homogen=62618.412
mean B0=96.6188 homogen=16671.7063
mean B0=98.7283 homogen=28014.3656
mean B0=93.2852 homogen=23373.6283
mean B0=83.476 homogen=51105.6945
mean B0=92.858 homogen=13624.523
mean B0=101.9326 homogen=27242.4963
mean B0=91.1415 homogen=9628.4074
mean B0=90.5031 homogen=27633.8378
mean B0=79.5565 homogen=26674.7474
mean B0=95.5441 homogen=17042.0913
mean B0=100.8972 homogen=27042.7475
mean B0=101.1765 homogen=29929.3054
mean B0=93.2971 homogen=25250.4868
mean B0=81.8941 homogen=139744.5274
mean B0=57.367 homogen=104989.8587
mean B0=100.6187 homogen=31504.2336
mean B0=100.8366 homogen=35192.1876
mean B0=93.7221 homogen=11015.8324
mean B0=92.4492 homogen=10442.8617
mean B0=93.6325 homogen=10863.3779
mean B0=94.9884 homogen=26956.8454
mean B0=86.1726 homogen=8368.6029
mean B0=96.6405 homogen=16726.7025
mean B0=91.8405 homogen=12505.3197
mean B0=101.5709 homogen=27489.2297
mean B0=93.6059 homogen=11475.3566
mean B0=91.8164 homogen=10244.9128
mean B0=97.2998 homogen=28371.3656
mean B0=100.1814 homogen=22094.5186
mean B0=89.8966 homogen=7012.4579
mean B0=85.0688 homogen=17973.8622
mean B0=95.3871 homogen=16368.262
mean B0=94.8592 homogen=14368.9732
    45 |     1800 |     25 |  0.000000E+00 |  0.000000E+00 |  0.0274880066 |         ideal
mean B0=102.7491 homogen=29762.442
mean B0=84.8462 homogen=15703.5846
mean B0=90.8666 homogen=34016.2451
mean B0=95.4587 homogen=11709.5519
mean B0=90.6977 homogen=11264.9655
mean B0=92.666 homogen=13611.0301
mean B0=96.03 homogen=15298.0186
mean B0=93.4729 homogen=9780.1329
mean B0=91.2531 homogen=8708.7219
mean B0=94.117 homogen=7948.2301
mean B0=100.2269 homogen=22044.9574
mean B0=100.9212 homogen=22922.3203
mean B0=92.2451 homogen=9675.9673
mean B0=85.6822 homogen=6986.6678
mean B0=89.1881 homogen=8027.3797
mean B0=94.4425 homogen=79670.3732
mean B0=93.245 homogen=13371.4248
mean B0=96.9583 homogen=18844.0695
mean B0=92.3952 homogen=10259.8326
mean B0=91.5116 homogen=10208.261
mean B0=98.5211 homogen=20016.8007
mean B0=98.7102 homogen=25804.1292
mean B0=94.3552 homogen=10850.9782
mean B0=92.0887 homogen=12524.2981
mean B0=90.3617 homogen=8593.5505
mean B0=76.8571 homogen=218336.9844
mean B0=96.5937 homogen=17769.0825
mean B0=91.8259 homogen=11024.4532
mean B0=93.8324 homogen=11281.9682
mean B0=97.3514 homogen=30119.7693
mean B0=95.9569 homogen=31062.806
mean B0=80.7479 homogen=25975.6713
mean B0=93.1607 homogen=12150.3539
mean B0=90.1904 homogen=11302.971
mean B0=93.7944 homogen=11198.8366
mean B0=93.6393 homogen=10755.2761
mean B0=93.6053 homogen=15668.8881
mean B0=100.1109 homogen=19219.8052
mean B0=74.1606 homogen=64267.2352
mean B0=95.0657 homogen=13138.1674
    46 |     1840 |     19 |  0.000000E+00 |  0.000000E+00 |  0.0616592568 |         ideal
mean B0=90.123 homogen=7690.3269
mean B0=100.9805 homogen=27626.7198
mean B0=90.1474 homogen=6691.5851
mean B0=94.1803 homogen=7783.4174
mean B0=98.7428 homogen=18386.9225
mean B0=95.6271 homogen=13043.0933
mean B0=91.7021 homogen=9482.0518
mean B0=97.0125 homogen=19676.5372
mean B0=97.2291 homogen=19134.6526
mean B0=91.4389 homogen=8241.9565
mean B0=93.7938 homogen=13911.3127
mean B0=100.5806 homogen=23894.8686
mean B0=93.2602 homogen=19232.1593
mean B0=95.8412 homogen=28418.9994
mean B0=92.8027 homogen=15862.5308
mean B0=96.1274 homogen=15377.8281
mean B0=96.0875 homogen=14670.2894
mean B0=101.0047 homogen=22472.2739
mean B0=100.9931 homogen=32484.5514
mean B0=94.1411 homogen=12033.4039
mean B0=97.411 homogen=30398.0245
mean B0=91.7603 homogen=8898.792
mean B0=96.3727 homogen=18431.3864
mean B0=88.6117 homogen=65460.974
mean B0=100.7312 homogen=22646.9734
mean B0=93.5342 homogen=9580.8804
mean B0=78.0016 homogen=22787.9404
mean B0=99.6649 homogen=16174.038
mean B0=93.3028 homogen=11617.0373
mean B0=96.696 homogen=16918.3924
mean B0=92.8566 homogen=7655.6563
mean B0=101.1598 homogen=25572.6559
mean B0=99.4957 homogen=18435.1901
mean B0=92.6669 homogen=16615.4854
mean B0=92.0294 homogen=10368.4184
mean B0=84.9411 homogen=12543.6627
mean B0=101.8065 homogen=28163.3652
mean B0=102.7436 homogen=29803.8357
mean B0=95.5192 homogen=12303.7061
mean B0=97.1379 homogen=28128.485
    47 |     1880 |     18 |  0.000000E+00 |  0.000000E+00 |  0.0170514197 |             f
mean B0=68.6268 homogen=59926.8544
mean B0=89.5042 homogen=6319.1358
mean B0=94.1147 homogen=9545.1537
mean B0=96.3703 homogen=16232.8306
mean B0=94.7564 homogen=11584.7394
mean B0=99.3902 homogen=23442.996
mean B0=99.8453 homogen=27452.1269
mean B0=95.5211 homogen=12312.3381
mean B0=89.358 homogen=7064.0218
mean B0=97.6426 homogen=15292.7527
mean B0=96.5857 homogen=16548.6751
mean B0=100.7873 homogen=36639.9537
mean B0=99.3655 homogen=19804.2544
mean B0=94.1708 homogen=10689.8948
mean B0=97.2604 homogen=14272.9365
mean B0=94.6529 homogen=11262.9236
mean B0=90.2073 homogen=8744.4349
mean B0=80.843 homogen=142302.6359
mean B0=94.1258 homogen=21410.137
mean B0=92.487 homogen=24543.1578
mean B0=94.1711 homogen=18910.0921
mean B0=99.6657 homogen=16391.3066
mean B0=101.8441 homogen=25546.4797
mean B0=99.8583 homogen=22649.0612
mean B0=99.0876 homogen=22295.4987
mean B0=87.0948 homogen=149359.6554
mean B0=97.967 homogen=18783.3437
mean B0=100.1096 homogen=19213.5616
mean B0=95.2878 homogen=14171.3831
mean B0=101.0263 homogen=26614.8884
mean B0=98.742 homogen=21819.0635
mean B0=89.7058 homogen=12239.5994
mean B0=96.6885 homogen=15239.5921
mean B0=100.938 homogen=24411.3856
mean B0=85.1976 homogen=27674.9896
mean B0=92.3875 homogen=8253.9402
mean B0=102.7331 homogen=29244.4485
mean B0=89.1054 homogen=14932.9752
mean B0=92.2641 homogen=9899.9919
mean B0=101.4156 homogen=35375.418
    48 |     1920 |     24 |  0.000000E+00 |  0.000000E+00 |  0.0114614756 |         ideal
mean B0=101.1151 homogen=31582.7787
mean B0=99.9841 homogen=19895.8489
mean B0=96.9489 homogen=17757.9613
mean B0=79.2545 homogen=150118.6034
mean B0=89.6451 homogen=7700.3608
mean B0=97.8653 homogen=19443.9752
mean B0=95.4037 homogen=12932.7602
mean B0=100.1121 homogen=19202.8726
mean B0=102.325 homogen=26789.1156
mean B0=91.6168 homogen=23835.0598
mean B0=94.4952 homogen=13794.9571
mean B0=71.8524 homogen=60297.4851
mean B0=102.8331 homogen=28834.4849
mean B0=94.1139 homogen=12467.7151
mean B0=97.9968 homogen=27099.8418
mean B0=97.3812 homogen=21472.5535
mean B0=96.2276 homogen=25057.2954
mean B0=80.0639 homogen=149448.9008
mean B0=93.786 homogen=15569.66
mean B0=97.07 homogen=27913.9841
mean B0=84.6948 homogen=26885.487
mean B0=98.8776 homogen=20581.9414
mean B0=95.2306 homogen=22643.0706
mean B0=93.8447 homogen=11273.9983
mean B0=94.1501 homogen=9639.9376
mean B0=98.0802 homogen=13880.1547
mean B0=101.4636 homogen=22915.7489
mean B0=100.2265 homogen=22042.5302
mean B0=94.8274 homogen=10727.5934
mean B0=102.7241 homogen=27199.3993
mean B0=86.278 homogen=138309.7747
mean B0=101.6344 homogen=27737.9452
mean B0=95.6359 homogen=11487.2203
mean B0=96.1036 homogen=13053.3722
mean B0=85.3168 homogen=24280.5815
mean B0=91.3652 homogen=10757.8675
mean B0=94.9689 homogen=13968.3437
mean B0=94.117 homogen=7948.2301
mean B0=98.3217 homogen=27756.5006
mean B0=97.999 homogen=28676.3673
    49 |     1960 |     21 |  0.000000E+00 |  0.000000E+00 |  0.0063026049 |         ideal
mean B0=97.6258 homogen=15925.7559
mean B0=97.0228 homogen=17768.2846
mean B0=100.1218 homogen=19337.8654
mean B0=73.9706 homogen=59813.0082
mean B0=94.7247 homogen=81898.1108
mean B0=95.8251 homogen=15524.9258
mean B0=96.6887 homogen=16757.0522
mean B0=92.5583 homogen=19182.7645
mean B0=95.5911 homogen=11780.8183
mean B0=90.0633 homogen=6536.7103
mean B0=98.7211 homogen=20196.0567
mean B0=87.7181 homogen=18918.8121
mean B0=88.7755 homogen=59857.4431
mean B0=99.3583 homogen=18775.9985
mean B0=71.7857 homogen=54964.118
mean B0=72.119 homogen=250692.2063
mean B0=95.015 homogen=9340.8608
mean B0=100.0629 homogen=22850.5835
mean B0=99.3268 homogen=25220.579
mean B0=95.654 homogen=13093.4215
mean B0=100.0268 homogen=25191.4483
mean B0=97.3276 homogen=31737.8994
mean B0=102.6835 homogen=26176.4599
mean B0=101.1558 homogen=32024.6302
mean B0=102.4463 homogen=27974.2006
mean B0=99.3371 homogen=21921.0939
mean B0=94.5438 homogen=26910.1482
mean B0=89.6238 homogen=14223.3087
mean B0=94.0308 homogen=7807.0124
mean B0=102.4311 homogen=26766.7746
mean B0=91.7995 homogen=34166.8619
mean B0=96.494 homogen=14276.4156
mean B0=92.0272 homogen=13728.071
mean B0=94.1284 homogen=25554.3827
mean B0=96.9274 homogen=20218.301
mean B0=92.335 homogen=34347.6396
mean B0=98.8414 homogen=16403.3279
mean B0=102.9107 homogen=30469.5433
mean B0=93.828 homogen=11441.4235
mean B0=95.6271 homogen=13043.0383
    50 |     2000 |     23 |  0.000000E+00 |  0.000000E+00 |  0.0057815906 |         ideal
mean B0=99.7898 homogen=21875.1509
mean B0=102.8638 homogen=26195.2771
mean B0=96.1061 homogen=14230.2945
mean B0=73.3661 homogen=64760.3866
mean B0=94.2013 homogen=7837.3008
mean B0=101.6516 homogen=38889.6815
mean B0=98.1881 homogen=26178.2986
mean B0=97.7178 homogen=32470.8618
mean B0=97.2829 homogen=14155.2221
mean B0=94.6488 homogen=17797.4795
mean B0=100.1941 homogen=29940.4868
mean B0=96.2821 homogen=10894.0739
mean B0=89.8052 homogen=4784.7177
mean B0=101.0006 homogen=22500.0971
mean B0=97.9339 homogen=17737.2312
mean B0=101.1163 homogen=24233.0343
mean B0=100.5952 homogen=19196.7065
mean B0=96.827 homogen=13466.9546
mean B0=92.9677 homogen=6756.0702
mean B0=99.9688 homogen=20208.151
mean B0=101.3969 homogen=26616.1266
mean B0=98.3911 homogen=20258.2988
mean B0=100.0718 homogen=24850.8461
mean B0=91.2182 homogen=20970.3066
mean B0=93.9844 homogen=9514.2919
mean B0=94.4451 homogen=24648.3534
mean B0=94.609 homogen=11870.8633
mean B0=102.0835 homogen=29777.4004
mean B0=90.0447 homogen=6609.3824
mean B0=104.7276 homogen=33749.0112
mean B0=95.3318 homogen=15553.2749
mean B0=96.4554 homogen=13524.562
mean B0=94.5868 homogen=10861.6526
mean B0=99.597 homogen=16620.73
mean B0=100.3978 homogen=24503.2561
mean B0=100.2553 homogen=22206.374
mean B0=102.2508 homogen=27435.7795
mean B0=90.8202 homogen=8625.6103
mean B0=94.7294 homogen=11486.3819
mean B0=103.424 homogen=34119.4229
    51 |     2040 |     22 |  0.000000E+00 |  0.000000E+00 |  0.1217597581 |         ideal
mean B0=97.5773 homogen=23075.6142
mean B0=95.6136 homogen=12147.9782
mean B0=102.0136 homogen=29851.3957
mean B0=99.8443 homogen=23302.1111
mean B0=96.8952 homogen=28033.6408
mean B0=97.048 homogen=12557.726
mean B0=84.8154 homogen=23057.4904
mean B0=86.5996 homogen=14944.2784
mean B0=91.8378 homogen=13071.2746
mean B0=98.9465 homogen=16079.2747
mean B0=95.0511 homogen=24887.8064
mean B0=101.3139 homogen=27607.3232
mean B0=94.798 homogen=11424.5924
mean B0=95.4398 homogen=14126.013
mean B0=94.7178 homogen=7152.2158
mean B0=97.3507 homogen=16763.9451
mean B0=90.6261 homogen=8562.9643
mean B0=91.5379 homogen=11422.5094
mean B0=102.3382 homogen=29655.0016
mean B0=102.8139 homogen=30380.4093
mean B0=98.1703 homogen=25109.6289
mean B0=92.9552 homogen=6327.9035
mean B0=99.713 homogen=19897.241
mean B0=98.4465 homogen=16492.9491
mean B0=101.6909 homogen=24144.4715
mean B0=102.1752 homogen=28443.0343
mean B0=99.6027 homogen=16566.7233
mean B0=69.157 homogen=258499.2839
mean B0=69.2426 homogen=279210.1531
mean B0=99.597 homogen=16620.73
mean B0=93.7747 homogen=18241.9727
mean B0=96.3013 homogen=15500.0954
mean B0=94.2187 homogen=15108.157
mean B0=90.3235 homogen=7541.5185
mean B0=102.265 homogen=29628.002
mean B0=96.4558 homogen=13231.3743
mean B0=103.92 homogen=31269.8438
mean B0=99.8445 homogen=35719.873
mean B0=96.0053 homogen=13584.2518
mean B0=102.4948 homogen=24605.4192
    52 |     2080 |     21 |  0.000000E+00 |  0.000000E+00 |  0.0148672372 |             f
mean B0=98.4595 homogen=13485.2549
mean B0=90.3488 homogen=4304.602
mean B0=99.2016 homogen=22029.1624
mean B0=99.078 homogen=16306.7959
mean B0=95.9677 homogen=101675.793
mean B0=103.7222 homogen=34142.4043
mean B0=95.6461 homogen=11445.8234
mean B0=99.9666 homogen=20949.0107
mean B0=99.5004 homogen=23909.6388
mean B0=99.1454 homogen=30685.1884
mean B0=92.7307 homogen=10881.4994
mean B0=93.3771 homogen=7207.1093
mean B0=94.4721 homogen=7341.088
mean B0=89.4182 homogen=6444.3161
mean B0=99.7317 homogen=20013.056
mean B0=86.1936 homogen=141748.2179
mean B0=97.7995 homogen=15000.2592
mean B0=94.7437 homogen=11095.713
mean B0=99.6649 homogen=18469.0643
mean B0=101.2784 homogen=23034.8378
mean B0=102.5097 homogen=29128.6731
mean B0=75.704 homogen=224360.6135
mean B0=96.2174 homogen=17675.1037
mean B0=96.2361 homogen=25248.8279
mean B0=100.7901 homogen=22002.2166
mean B0=76.6694 homogen=245664.6606
mean B0=97.6343 homogen=15334.3675
mean B0=99.84 homogen=23380.4671
mean B0=106.0614 homogen=33218.5964
mean B0=97.7311 homogen=28733.1841
mean B0=94.513 homogen=10215.9983
mean B0=98.3984 homogen=14982.5027
mean B0=102.144 homogen=27381.3366
mean B0=103.0732 homogen=26422.7049
mean B0=106.3565 homogen=39196.8574
mean B0=99.8534 homogen=20243.0392
mean B0=97.3107 homogen=20109.4504
mean B0=95.0058 homogen=9194.6442
mean B0=94.0194 homogen=8513.4976
mean B0=97.4517 homogen=15843.4634
    53 |     2120 |     24 |  0.000000E+00 |  0.000000E+00 |  0.1017576009 |         ideal
mean B0=98.0332 homogen=13883.8936
mean B0=94.0804 homogen=9249.8009
mean B0=92.9091 homogen=7798.2938
mean B0=101.1855 homogen=20459.2408
mean B0=101.532 homogen=23849.9601
mean B0=95.0114 homogen=10128.7062
mean B0=106.0579 homogen=33213.5546
mean B0=100.8208 homogen=19802.0811
mean B0=85.9809 homogen=12493.4249
mean B0=99.7874 homogen=14778.3502
mean B0=100.0651 homogen=20595.5587
mean B0=98.0299 homogen=41373.1074
mean B0=92.5907 homogen=17532.2361
mean B0=107.2022 homogen=40684.4368
mean B0=99.5923 homogen=19015.74
mean B0=102.4948 homogen=24605.4192
mean B0=94.8431 homogen=78456.539
mean B0=100.3738 homogen=24455.8739
mean B0=94.6543 homogen=10421.3369
mean B0=96.2975 homogen=12011.4939
mean B0=95.9411 homogen=11437.1677
mean B0=91.1451 homogen=10488.0065
mean B0=102.996 homogen=26542.3628
mean B0=103.1241 homogen=29399.9126
mean B0=101.4366 homogen=23630.3709
mean B0=99.0379 homogen=12948.7817
mean B0=102.8667 homogen=26202.1699
mean B0=103.9285 homogen=31256.4133
mean B0=95.0849 homogen=9011.3443
mean B0=94.317 homogen=11142.6121
mean B0=101.6459 homogen=28711.786
mean B0=100.2006 homogen=20927.349
mean B0=96.6478 homogen=12836.4112
mean B0=97.2802 homogen=15263.1935
mean B0=98.4722 homogen=14842.389
mean B0=80.1976 homogen=139261.1106
mean B0=99.6721 homogen=27481.5684
mean B0=99.164 homogen=38629.7041
mean B0=92.8254 homogen=6663.9032
mean B0=98.783 homogen=20371.0075
    54 |     2160 |     28 |  0.000000E+00 |  0.000000E+00 |  0.0501787835 |         ideal
mean B0=103.9319 homogen=32418.82
mean B0=104.1825 homogen=27646.9243
mean B0=102.8459 homogen=27558.828
mean B0=102.4434 homogen=24417.4131
mean B0=94.0589 homogen=10218.17
mean B0=99.7804 homogen=15773.6478
mean B0=106.3565 homogen=39196.8574
mean B0=93.8232 homogen=12306.0371
mean B0=100.6353 homogen=20983.4032
mean B0=95.1707 homogen=9756.3827
mean B0=101.248 homogen=22863.802
mean B0=100.7857 homogen=16329.6521
mean B0=103.7552 homogen=31008.1883
mean B0=96.6104 homogen=12770.9623
mean B0=92.5726 homogen=5826.3638
mean B0=96.47 homogen=38222.7769
mean B0=96.5415 homogen=12626.2572
mean B0=103.1063 homogen=25041.726
mean B0=97.2553 homogen=14453.0186
mean B0=101.9401 homogen=20010.0609
mean B0=89.5248 homogen=21191.0379
mean B0=97.8115 homogen=16000.8576
mean B0=104.8657 homogen=37695.9425
mean B0=103.5682 homogen=25828.6359
mean B0=96.7108 homogen=13701.1243
mean B0=102.7638 homogen=25842.6406
mean B0=100.0651 homogen=20595.5587
mean B0=101.2351 homogen=23662.4978
mean B0=90.3286 homogen=4544.4912
mean B0=100.9486 homogen=19897.485
mean B0=100.0172 homogen=14759.1434
mean B0=85.5259 homogen=100043.2704
mean B0=76.4534 homogen=58997.8638
mean B0=104.7281 homogen=33721.5186
mean B0=93.218 homogen=5767.1068
mean B0=94.4934 homogen=31467.9427
mean B0=92.7128 homogen=5955.8636
mean B0=101.4733 homogen=21247.5772
mean B0=95.2079 homogen=8873.6613
mean B0=101.1563 homogen=24215.9136
    55 |     2200 |     24 |  0.000000E+00 |  0.000000E+00 |  0.0133166456 |             f
mean B0=103.1099 homogen=24892.4186
mean B0=102.2865 homogen=24458.6134
mean B0=95.5003 homogen=7617.7767
mean B0=105.5113 homogen=37488.885
mean B0=96.3147 homogen=14043.5294
mean B0=99.8085 homogen=14904.778
mean B0=99.8736 homogen=18666.565
mean B0=94.5715 homogen=80043.3619
mean B0=97.0248 homogen=15147.5044
mean B0=94.3091 homogen=7590.5083
mean B0=99.9279 homogen=26077.1381
mean B0=95.784 homogen=80208.5761
mean B0=91.6536 homogen=5528.1502
mean B0=95.9342 homogen=38059.1254
mean B0=90.6454 homogen=25473.1581
mean B0=106.5346 homogen=38594.6271
mean B0=93.3935 homogen=7459.1266
mean B0=101.8829 homogen=30481.9931
mean B0=97.5607 homogen=15891.9376
mean B0=96.2928 homogen=13663.0065
mean B0=92.5692 homogen=6015.1403
mean B0=104.881 homogen=33118.2619
mean B0=95.0002 homogen=11630.9321
mean B0=103.5204 homogen=24110.5526
mean B0=97.2278 homogen=21536.6209
mean B0=100.5973 homogen=20659.3833
mean B0=101.3333 homogen=16326.9471
mean B0=97.6713 homogen=23042.2451
mean B0=108.7367 homogen=41360.3303
mean B0=98.6347 homogen=13479.8184
mean B0=101.8568 homogen=30662.3396
mean B0=99.137 homogen=14612.3664
mean B0=104.6465 homogen=32743.7181
mean B0=101.5921 homogen=23876.7828
mean B0=103.9853 homogen=26028.2469
mean B0=102.3186 homogen=24524.7374
mean B0=98.3708 homogen=19493.658
mean B0=104.9572 homogen=30287.7439
mean B0=96.6981 homogen=13677.7835
mean B0=97.2664 homogen=15675.253
    56 |     2240 |     25 |  0.000000E+00 |  0.000000E+00 |  0.0834507059 |         ideal
mean B0=77.4255 homogen=60368.3344
mean B0=93.8844 homogen=13121.4691
mean B0=106.2624 homogen=32542.8277
mean B0=104.0551 homogen=26286.2296
mean B0=105.4094 homogen=31643.8224
mean B0=101.834 homogen=22432.2462
mean B0=100.9063 homogen=21987.3018
mean B0=105.1736 homogen=36060.4126
mean B0=98.1825 homogen=14324.1968
mean B0=90.251 homogen=21312.0384
mean B0=100.1801 homogen=35185.2151
mean B0=106.3592 homogen=39186.3249
mean B0=99.801 homogen=15328.4445
mean B0=91.3919 homogen=5904.7946
mean B0=105.9037 homogen=38981.8833
mean B0=101.4258 homogen=28214.5816
mean B0=102.7857 homogen=21664.2874
mean B0=100.0936 homogen=24682.9961
mean B0=96.2681 homogen=27658.652
mean B0=95.7938 homogen=11021.4144
mean B0=95.2077 homogen=8880.4615
mean B0=90.4211 homogen=4421.5079
mean B0=93.538 homogen=21866.8957
mean B0=102.5881 homogen=24402.0171
mean B0=100.3267 homogen=15141.2055
mean B0=96.1086 homogen=12039.506
mean B0=96.2536 homogen=10883.3928
mean B0=105.8299 homogen=37270.6769
mean B0=99.5152 homogen=13925.9133
mean B0=92.9374 homogen=6606.6092
mean B0=93.4134 homogen=15792.4472
mean B0=103.1211 homogen=29406.6104
mean B0=78.4271 homogen=54943.2518
mean B0=106.6926 homogen=37628.9266
mean B0=98.2432 homogen=14480.6796
mean B0=105.3861 homogen=31191.0556
mean B0=99.0795 homogen=16690.0172
mean B0=97.3917 homogen=11894.6401
mean B0=104.6517 homogen=25680.4109
mean B0=94.6632 homogen=21221.9657
    57 |     2280 |     26 |  0.000000E+00 |  0.000000E+00 |  0.0126539371 |             f
mean B0=96.7749 homogen=102029.3167
mean B0=104.0908 homogen=53965.8917
mean B0=101.9416 homogen=19381.1192
mean B0=101.7177 homogen=41812.9192
mean B0=96.561 homogen=12376.5828
mean B0=84.3366 homogen=19616.6156
mean B0=100.3993 homogen=28877.9304
mean B0=102.7188 homogen=23279.5721
mean B0=97.9142 homogen=12007.4506
mean B0=102.3674 homogen=24325.6387
mean B0=100.9179 homogen=16009.1913
mean B0=92.1345 homogen=4235.7419
mean B0=90.3979 homogen=4206.0957
mean B0=76.1483 homogen=58750.3789
mean B0=102.3962 homogen=22211.3852
mean B0=92.2239 homogen=12508.8337
mean B0=97.6098 homogen=11688.3701
mean B0=86.9338 homogen=24384.3966
mean B0=103.7603 homogen=30225.6366
mean B0=94.0191 homogen=12204.1257
mean B0=109.2174 homogen=45183.9114
mean B0=99.3223 homogen=16340.7584
mean B0=101.7368 homogen=23301.6369
mean B0=95.9828 homogen=11333.6128
mean B0=101.251 homogen=19682.3315
mean B0=98.5133 homogen=13757.7637
mean B0=100.4748 homogen=22736.6086
mean B0=100.559 homogen=15326.4153
mean B0=75.8528 homogen=69562.0185
mean B0=92.0837 homogen=6669.2389
mean B0=108.6404 homogen=41271.7594
mean B0=99.6276 homogen=15793.6625
mean B0=104.5827 homogen=25929.1072
mean B0=105.8351 homogen=33612.8352
mean B0=97.1786 homogen=21993.5047
mean B0=94.6769 homogen=9438.2847
mean B0=99.2007 homogen=13773.7831
mean B0=106.0623 homogen=33217.8281
mean B0=103.9531 homogen=24565.9636
mean B0=85.5876 homogen=135354.2137
    58 |     2320 |     29 |  0.000000E+00 |  0.000000E+00 |  0.0255432223 |         ideal
mean B0=100.7481 homogen=14504.9062
mean B0=90.4252 homogen=23547.4794
mean B0=97.6841 homogen=40393.8728
mean B0=96.1048 homogen=10990.8747
mean B0=104.6294 homogen=24179.9915
mean B0=107.3128 homogen=41938.7027
mean B0=102.7857 homogen=21664.2874
mean B0=103.9531 homogen=24565.9636
mean B0=102.2473 homogen=20033.207
mean B0=96.7397 homogen=10614.6667
mean B0=110.5533 homogen=45523.1316
mean B0=100.4523 homogen=18886.9857
mean B0=101.2846 homogen=17729.7998
mean B0=108.0902 homogen=38141.4294
mean B0=101.9324 homogen=22147.4439
mean B0=106.4593 homogen=31910.6474
mean B0=103.7508 homogen=24088.3286
mean B0=99.198 homogen=21949.547
mean B0=99.5154 homogen=14311.6461
mean B0=90.6221 homogen=24640.7146
mean B0=100.1359 homogen=15962.8957
mean B0=96.9293 homogen=12204.5986
mean B0=100.0955 homogen=33508.7988
mean B0=86.6886 homogen=79548.6216
mean B0=94.3376 homogen=8535.7462
mean B0=99.772 homogen=108030.0593
mean B0=73.8218 homogen=69544.2664
mean B0=103.3027 homogen=24076.17
mean B0=70.447 homogen=76287.6588
mean B0=90.4092 homogen=4251.2116
mean B0=81.0487 homogen=208906.8291
mean B0=107.7613 homogen=36936.6149
mean B0=103.1426 homogen=22470.1238
mean B0=107.2527 homogen=40412.9355
mean B0=100.3744 homogen=27827.7135
mean B0=95.1064 homogen=31947.3862
mean B0=99.7472 homogen=17180.9821
mean B0=105.3082 homogen=29693.6391
mean B0=94.5962 homogen=10133.4662
mean B0=95.1415 homogen=10289.7167
    59 |     2360 |     34 |  0.000000E+00 |  0.000000E+00 |  0.0662822279 |         ideal
mean B0=100.078 homogen=19666.187
mean B0=104.7213 homogen=23912.936
mean B0=95.8286 homogen=10244.8723
mean B0=104.6517 homogen=25680.2915
mean B0=99.0531 homogen=37219.2745
mean B0=101.278 homogen=17515.9669
mean B0=105.2187 homogen=28792.9553
mean B0=99.073 homogen=13172.6019
mean B0=102.1665 homogen=31832.0782
mean B0=99.2004 homogen=13770.1999
mean B0=104.3808 homogen=23743.7251
mean B0=104.7036 homogen=24266.0831
mean B0=108.2358 homogen=36877.3264
mean B0=101.5824 homogen=21074.8081
mean B0=106.52 homogen=31848.1154
mean B0=106.7005 homogen=32401.6945
mean B0=86.7028 homogen=23119.2077
mean B0=108.5448 homogen=41958.8275
mean B0=103.699 homogen=23925.0333
mean B0=104.8441 homogen=31136.9117
mean B0=88.2829 homogen=28471.6845
mean B0=94.5298 homogen=81026.881
mean B0=82.7844 homogen=141048.4474
mean B0=108.6404 homogen=41271.6592
mean B0=96.0168 homogen=31455.7698
mean B0=97.608 homogen=11949.2087
mean B0=103.9352 homogen=30387.5386
mean B0=96.731 homogen=15057.1928
mean B0=96.1692 homogen=17009.7838
mean B0=99.52 homogen=13935.8047
mean B0=90.9359 homogen=10424.155
mean B0=107.1849 homogen=38984.7749
mean B0=73.2684 homogen=63711.1645
mean B0=56.3762 homogen=132918.9149
mean B0=107.2326 homogen=34588.6662
mean B0=102.5517 homogen=21290.9075
mean B0=106.6635 homogen=41385.9547
mean B0=104.0701 homogen=24295.0829
mean B0=94.2671 homogen=7783.3847
mean B0=90.9528 homogen=4477.1744
    60 |     2400 |     38 |  0.000000E+00 |  0.000000E+00 |  0.0061650909 |             f
mean B0=100.3004 homogen=19053.7993
mean B0=98.0121 homogen=11278.2365
mean B0=102.2908 homogen=25306.6437
mean B0=108.774 homogen=40778.3407
mean B0=102.1757 homogen=19107.4417
mean B0=105.6586 homogen=32731.9654
mean B0=98.5676 homogen=12793.981
mean B0=90.1317 homogen=4963.3245
mean B0=87.8508 homogen=137377.1168
mean B0=98.1843 homogen=11273.8588
mean B0=89.7674 homogen=144862.7437
mean B0=100.3916 homogen=14558.2881
mean B0=104.5668 homogen=24556.6623
mean B0=99.0314 homogen=17791.6485
mean B0=101.0592 homogen=15644.1339
mean B0=100.958 homogen=22765.8526
mean B0=107.1518 homogen=42957.3731
mean B0=97.2561 homogen=12194.0418
mean B0=96.3886 homogen=19665.9602
mean B0=105.2286 homogen=28702.8428
mean B0=100.7306 homogen=33307.76
mean B0=98.7228 homogen=14317.3734
mean B0=82.7543 homogen=150402.3178
mean B0=99.201 homogen=14229.7571
mean B0=102.674 homogen=21471.1107
mean B0=108.3389 homogen=37838.4701
mean B0=101.796 homogen=16934.9714
mean B0=92.3397 homogen=4647.4632
mean B0=100.1449 homogen=17144.8564
mean B0=101.0218 homogen=18530.8686
mean B0=107.2495 homogen=34687.7943
mean B0=103.7617 homogen=41809.7542
mean B0=108.4803 homogen=52183.0025
mean B0=84.0641 homogen=22107.7751
mean B0=103.9151 homogen=23914.0559
mean B0=96.1812 homogen=41909.5215
mean B0=100.7694 homogen=18715.4306
mean B0=100.3851 homogen=23225.3701
mean B0=99.3535 homogen=18103.4667
mean B0=92.2352 homogen=155605.8971
    61 |     2440 |     40 |  0.000000E+00 |  0.000000E+00 |  0.0041657686 |             f
mean B0=102.2771 homogen=22256.2498
mean B0=95.6214 homogen=9639.2168
mean B0=103.2586 homogen=21714.2113
mean B0=106.476 homogen=35686.8001
mean B0=93.2801 homogen=5605.6139
mean B0=102.635 homogen=22160.105
mean B0=98.9481 homogen=14939.2128
mean B0=100.4043 homogen=15882.2877
mean B0=96.4398 homogen=11694.312
mean B0=105.0027 homogen=22073.3588
mean B0=103.9113 homogen=23397.0972
mean B0=108.3204 homogen=35917.3102
mean B0=105.03 homogen=28084.5429
mean B0=87.4436 homogen=31494.3802
mean B0=100.9595 homogen=15553.0971
mean B0=102.2798 homogen=19158.4464
mean B0=92.7995 homogen=18360.9707
mean B0=107.4388 homogen=34330.2407
mean B0=104.2379 homogen=24138.663
mean B0=92.0737 homogen=4444.4618
mean B0=101.9067 homogen=18811.4495
mean B0=98.8774 homogen=17311.4061
mean B0=105.2955 homogen=32462.6318
mean B0=105.2231 homogen=25133.9817
mean B0=90.1901 homogen=18153.6917
mean B0=75.1388 homogen=67218.0656
mean B0=98.758 homogen=12812.6685
mean B0=99.6738 homogen=14139.6179
mean B0=97.472 homogen=13376.4225
mean B0=108.1062 homogen=44579.7019
mean B0=107.5555 homogen=42033.2228
mean B0=96.6528 homogen=11342.7775
mean B0=110.4617 homogen=45437.3059
mean B0=88.0585 homogen=45358.5341
mean B0=108.084 homogen=35951.1103
mean B0=105.249 homogen=33149.8546
mean B0=97.2919 homogen=19861.0678
mean B0=94.9259 homogen=9362.242
mean B0=108.4891 homogen=38288.2283
mean B0=97.3901 homogen=14191.998
    62 |     2480 |     40 |  0.000000E+00 |  0.000000E+00 |  0.0056393692 |             f
mean B0=97.6453 homogen=12877.3172
mean B0=98.9512 homogen=31677.4918
mean B0=100.0857 homogen=21600.3906
mean B0=98.1787 homogen=11276.464
mean B0=90.6201 homogen=40545.9877
mean B0=97.2288 homogen=37829.8674
mean B0=99.5715 homogen=13227.47
mean B0=102.007 homogen=18967.8562
mean B0=96.2617 homogen=11278.3874
mean B0=94.7499 homogen=77414.4289
mean B0=99.1688 homogen=13660.8147
mean B0=109.4557 homogen=43789.6713
mean B0=104.8508 homogen=30517.9368
mean B0=103.6322 homogen=23234.6566
mean B0=106.5518 homogen=33400.4815
mean B0=92.3352 homogen=4386.4377
mean B0=99.4709 homogen=15499.2467
mean B0=96.9901 homogen=16524.2183
mean B0=102.1513 homogen=21960.4321
mean B0=102.8458 homogen=21319.0977
mean B0=102.3437 homogen=20243.3867
mean B0=96.3812 homogen=28273.0293
mean B0=108.4891 homogen=38288.2283
mean B0=100.9647 homogen=15545.772
mean B0=109.985 homogen=47198.8081
mean B0=102.2072 homogen=25130.9384
mean B0=103.7507 homogen=21392.3766
mean B0=108.4274 homogen=35641.4807
mean B0=97.8579 homogen=14846.7239
mean B0=107.5806 homogen=32171.7026
mean B0=96.3393 homogen=20178.3158
mean B0=96.9448 homogen=20569.6174
mean B0=102.5697 homogen=18619.4787
mean B0=96.4434 homogen=28865.3415
mean B0=104.7334 homogen=38020.9496
mean B0=105.3266 homogen=30943.1787
mean B0=108.8143 homogen=39222.0842
mean B0=74.8348 homogen=62155.1241
mean B0=103.3209 homogen=17959.2762
mean B0=70.9645 homogen=67482.9991
    63 |     2520 |     38 |  0.000000E+00 |  0.000000E+00 |  0.0062350048 |             f
mean B0=96.2945 homogen=14717.8728
mean B0=108.4989 homogen=38243.648
mean B0=109.3521 homogen=46012.7972
mean B0=103.1314 homogen=20730.1702
mean B0=106.788 homogen=39618.4647
mean B0=106.8534 homogen=41183.8604
mean B0=97.9996 homogen=10123.921
mean B0=104.1175 homogen=26455.6417
mean B0=99.5495 homogen=13329.0945
mean B0=100.9792 homogen=15562.3031
mean B0=105.3848 homogen=30980.8212
mean B0=91.4749 homogen=16764.6949
mean B0=101.7692 homogen=17114.4412
mean B0=100.1832 homogen=21584.1029
mean B0=101.0142 homogen=15588.4925
mean B0=100.8907 homogen=26888.1158
mean B0=107.3444 homogen=37178.877
mean B0=109.9552 homogen=48489.1909
mean B0=97.3761 homogen=17729.4762
mean B0=105.1244 homogen=21415.2551
mean B0=98.7229 homogen=20047.1093
mean B0=110.5626 homogen=46127.9805
mean B0=92.3767 homogen=5798.0083
mean B0=76.683 homogen=59342.041
mean B0=108.4996 homogen=39077.1308
mean B0=104.6033 homogen=20668.7425
mean B0=98.8524 homogen=14447.4379
mean B0=107.6404 homogen=34388.9664
mean B0=105.4373 homogen=31558.698
mean B0=105.4122 homogen=30729.8309
mean B0=108.3658 homogen=35601.0944
mean B0=96.8959 homogen=20028.5061
mean B0=96.7313 homogen=10635.7133
mean B0=102.6429 homogen=18836.9661
mean B0=93.157 homogen=74802.2026
mean B0=99.8797 homogen=23035.0122
mean B0=93.4599 homogen=6279.5592
mean B0=91.7766 homogen=4626.9609
mean B0=93.9404 homogen=9355.8806
mean B0=95.0686 homogen=9611.833
    64 |     2560 |     40 |  0.000000E+00 |  0.000000E+00 |  0.0144279997 |         nadir
mean B0=93.7708 homogen=22907.8715
mean B0=110.2407 homogen=46686.9574
mean B0=99.0316 homogen=12316.6577
mean B0=101.0822 homogen=23885.1599
mean B0=80.0954 homogen=50906.2708
mean B0=99.7934 homogen=116948.5037
mean B0=95.6375 homogen=26344.5908
mean B0=93.3656 homogen=6044.1008
mean B0=108.7535 homogen=41633.6189
mean B0=107.4187 homogen=33633.4354
mean B0=100.9749 homogen=15615.4437
mean B0=92.7974 homogen=75463.345
mean B0=92.3471 homogen=4639.3055
mean B0=93.7018 homogen=22993.8608
mean B0=83.904 homogen=34966.3119
mean B0=92.9141 homogen=17486.886
mean B0=99.8228 homogen=13592.0552
mean B0=108.7765 homogen=39709.3344
mean B0=102.8878 homogen=38147.6117
mean B0=100.8863 homogen=14837.3729
mean B0=106.5225 homogen=31852.7221
mean B0=105.4107 homogen=24334.0691
mean B0=92.0517 homogen=6030.928
mean B0=87.2316 homogen=137066.7208
mean B0=96.2927 homogen=12194.7087
mean B0=94.435 homogen=74733.0813
mean B0=91.8959 homogen=4709.9697
mean B0=101.9424 homogen=46632.5744
mean B0=110.2913 homogen=41994.3097
mean B0=105.1244 homogen=21415.2551
mean B0=105.5418 homogen=31503.0369
mean B0=86.9221 homogen=23904.6079
mean B0=105.2232 homogen=28622.326
mean B0=109.5673 homogen=43643.3989
mean B0=98.7967 homogen=25399.3527
mean B0=92.5879 homogen=19398.5699
mean B0=94.5718 homogen=7617.6246
mean B0=105.339 homogen=29324.0107
mean B0=105.2882 homogen=25144.6515
mean B0=104.1241 homogen=20121.6155
    65 |     2600 |     40 |  0.000000E+00 |  0.000000E+00 |  0.0041165772 |             f
mean B0=106.6854 homogen=42319.4826
mean B0=99.4972 homogen=18224.6284
mean B0=105.7751 homogen=48338.5632
mean B0=97.3843 homogen=10493.784
mean B0=91.5659 homogen=3902.8631
mean B0=94.5856 homogen=7338.8681
mean B0=99.1403 homogen=13084.2768
mean B0=106.4263 homogen=31924.9641
mean B0=97.4057 homogen=25725.8546
mean B0=106.4393 homogen=32437.3592
mean B0=110.5684 homogen=44994.9637
mean B0=92.402 homogen=15075.5483
mean B0=103.753 homogen=27279.3177
mean B0=103.8002 homogen=21100.6939
mean B0=95.2025 homogen=8987.2617
mean B0=104.1087 homogen=24636.0247
mean B0=76.0021 homogen=59021.4463
mean B0=90.5325 homogen=4664.9053
mean B0=104.0186 homogen=34337.8631
mean B0=102.8278 homogen=24253.5538
mean B0=105.3575 homogen=20880.7095
mean B0=103.9682 homogen=29243.4769
mean B0=89.0803 homogen=15583.9363
mean B0=101.5813 homogen=16416.7766
mean B0=95.5385 homogen=9748.6018
mean B0=103.9661 homogen=30285.5141
mean B0=108.7109 homogen=39760.5291
mean B0=100.5129 homogen=24912.7272
mean B0=104.866 homogen=37774.0086
mean B0=102.6151 homogen=19693.8987
mean B0=107.6528 homogen=33095.8472
mean B0=98.5185 homogen=23936.8741
mean B0=105.0846 homogen=21519.7017
mean B0=95.4668 homogen=17163.1817
mean B0=106.5195 homogen=31441.6132
mean B0=101.4927 homogen=15814.0983
mean B0=105.6029 homogen=29671.5728
mean B0=94.9336 homogen=9512.1604
mean B0=103.9689 homogen=26622.798
mean B0=106.3476 homogen=33710.4504
    66 |     2640 |     40 |  0.000000E+00 |  0.000000E+00 |  0.0073793393 |         ideal
mean B0=101.2792 homogen=17013.0079
mean B0=101.6772 homogen=15286.765
mean B0=103.7339 homogen=19956.8123
mean B0=99.853 homogen=12692.9531
mean B0=107.8471 homogen=34245.1649
mean B0=92.6366 homogen=12315.1797
mean B0=92.3163 homogen=4855.558
mean B0=108.1802 homogen=35192.4076
mean B0=91.9879 homogen=5557.5674
mean B0=106.1779 homogen=34271.3468
mean B0=93.5417 homogen=14994.7062
mean B0=101.3036 homogen=14434.7642
mean B0=104.6567 homogen=20938.2008
mean B0=99.0569 homogen=17137.102
mean B0=101.094 homogen=15178.5693
mean B0=111.0516 homogen=42034.0219
mean B0=107.9825 homogen=34038.6632
mean B0=100.8315 homogen=42448.7034
mean B0=91.1844 homogen=15269.1691
mean B0=97.9201 homogen=105585.8083
mean B0=98.4184 homogen=10380.4676
mean B0=108.3079 homogen=39801.3688
mean B0=106.8677 homogen=31908.0058
mean B0=106.3509 homogen=41054.4992
mean B0=86.8588 homogen=32514.2064
mean B0=99.8988 homogen=14584.1925
mean B0=98.7502 homogen=12415.3844
mean B0=94.5345 homogen=76144.631
mean B0=100.3166 homogen=15088.5389
mean B0=97.1419 homogen=10366.5671
mean B0=91.1944 homogen=12238.6398
mean B0=101.8646 homogen=17285.51
mean B0=112.0248 homogen=45566.9496
mean B0=105.9856 homogen=60866.6446
mean B0=106.3022 homogen=32671.2844
mean B0=102.8553 homogen=27539.2504
mean B0=102.995 homogen=18648.3641
mean B0=104.3233 homogen=27105.8597
mean B0=95.5118 homogen=18871.5634
mean B0=101.3454 homogen=16839.495
    67 |     2680 |     40 |  0.000000E+00 |  0.000000E+00 |  0.0711867283 |         ideal
mean B0=109.4095 homogen=41135.491
mean B0=97.7286 homogen=30253.6597
mean B0=107.6622 homogen=32246.382
mean B0=100.0576 homogen=39111.8324
mean B0=90.8441 homogen=35243.3084
mean B0=93.281 homogen=7817.9672
mean B0=105.0426 homogen=25793.8814
mean B0=98.0073 homogen=11220.728
mean B0=102.207 homogen=17854.1355
mean B0=93.5739 homogen=5984.26
mean B0=106.7356 homogen=32169.2306
mean B0=93.1 homogen=6726.5266
mean B0=98.9666 homogen=13941.3417
mean B0=101.7325 homogen=19561.8162
mean B0=99.461 homogen=38600.1426
mean B0=101.754 homogen=16222.7476
mean B0=102.946 homogen=18951.4655
mean B0=108.1193 homogen=36098.5254
mean B0=102.1154 homogen=26554.2861
mean B0=103.1991 homogen=21587.2713
mean B0=109.6179 homogen=35859.1398
mean B0=107.818 homogen=35520.0205
mean B0=110.2825 homogen=43007.8519
mean B0=100.4384 homogen=23050.2584
mean B0=106.0514 homogen=38007.0437
mean B0=99.8847 homogen=12515.1226
mean B0=104.1038 homogen=20356.8706
mean B0=85.5617 homogen=13776.3939
mean B0=97.625 homogen=11573.1833
mean B0=107.3858 homogen=33440.4265
mean B0=107.6273 homogen=47871.1733
mean B0=92.5807 homogen=6265.3802
mean B0=96.4796 homogen=11609.6045
mean B0=107.0656 homogen=40891.6141
mean B0=83.0461 homogen=97516.2438
mean B0=94.8598 homogen=14304.2331
mean B0=104.5838 homogen=27274.287
mean B0=103.923 homogen=25080.2212
mean B0=102.2855 homogen=17744.4014
mean B0=107.2728 homogen=29578.463
    68 |     2720 |     35 |  0.000000E+00 |  0.000000E+00 |  0.0049952914 |             f
mean B0=107.4598 homogen=32489.2344
mean B0=95.6579 homogen=8199.4093
mean B0=109.6878 homogen=33121.9856
mean B0=102.3912 homogen=22147.2151
mean B0=105.785 homogen=29401.2853
mean B0=107.377 homogen=24947.0566
mean B0=112.596 homogen=44720.5095
mean B0=76.5529 homogen=55322.3898
mean B0=111.4684 homogen=43603.6665
mean B0=100.0199 homogen=20513.9152
mean B0=92.3438 homogen=4592.6884
mean B0=104.4783 homogen=24810.6409
mean B0=101.3063 homogen=17212.7314
mean B0=98.3303 homogen=23248.7431
mean B0=104.3496 homogen=21520.4736
mean B0=105.3728 homogen=21105.3757
mean B0=97.3688 homogen=17762.6272
mean B0=91.6398 homogen=4274.1298
mean B0=95.0742 homogen=6893.8808
mean B0=95.8803 homogen=21923.6678
mean B0=110.4261 homogen=41589.5701
mean B0=96.6604 homogen=15584.6537
mean B0=107.3791 homogen=31690.3422
mean B0=102.688 homogen=17529.4097
mean B0=103.7406 homogen=19851.4378
mean B0=101.1343 homogen=31032.9185
mean B0=100.1431 homogen=32749.5522
mean B0=103.553 homogen=20193.0093
mean B0=97.4474 homogen=11116.2058
mean B0=100.7116 homogen=13248.5911
mean B0=93.4628 homogen=6203.7979
mean B0=101.3013 homogen=23586.3917
mean B0=101.8158 homogen=14114.0393
mean B0=104.5942 homogen=24274.7864
mean B0=100.9186 homogen=15701.8979
mean B0=108.3087 homogen=36193.3146
mean B0=92.9829 homogen=10160.5524
mean B0=92.1345 homogen=4235.7419
mean B0=103.1084 homogen=18194.6621
mean B0=104.9077 homogen=21066.6699
    69 |     2760 |     33 |  0.000000E+00 |  0.000000E+00 |  0.0271600417 |         ideal
mean B0=106.9508 homogen=32804.4867
mean B0=105.3851 homogen=33944.4678
mean B0=104.9122 homogen=22661.1784
mean B0=90.091 homogen=63722.3122
mean B0=109.9165 homogen=33708.7076
mean B0=99.3574 homogen=12243.8771
mean B0=95.0078 homogen=19320.1805
mean B0=105.0364 homogen=21256.6732
mean B0=105.3776 homogen=22458.6101
mean B0=112.2906 homogen=44361.2787
mean B0=106.1355 homogen=21565.0689
mean B0=102.7167 homogen=17568.1914
mean B0=103.4959 homogen=17516.8011
mean B0=84.8427 homogen=11841.291
mean B0=103.4945 homogen=19280.5849
mean B0=90.9901 homogen=124584.1127
mean B0=98.1774 homogen=34951.8086
mean B0=100.6745 homogen=21464.422
mean B0=110.9093 homogen=45382.8029
mean B0=95.1875 homogen=6866.1583
mean B0=95.5005 homogen=5898.9186
mean B0=106.3638 homogen=25006.5431
mean B0=98.4242 homogen=11180.6147
mean B0=100.0775 homogen=22621.2683
mean B0=107.4329 homogen=31613.1745
mean B0=94.0616 homogen=8536.2422
mean B0=96.4306 homogen=18580.1225
mean B0=111.4585 homogen=43661.3276
mean B0=108.2833 homogen=33075.0991
mean B0=98.1889 homogen=10186.9404
mean B0=99.8961 homogen=12462.6584
mean B0=104.6033 homogen=20668.7425
mean B0=107.3989 homogen=32697.1979
mean B0=98.5152 homogen=18476.3031
mean B0=99.2774 homogen=12832.3131
mean B0=105.6853 homogen=26150.3186
mean B0=97.3749 homogen=33174.536
mean B0=100.8522 homogen=121386.5655
mean B0=91.6884 homogen=5571.8559
mean B0=88.3631 homogen=11355.4632
    70 |     2800 |     37 |  0.000000E+00 |  0.000000E+00 |  0.0054890419 |             f
mean B0=98.8794 homogen=10123.0522
mean B0=107.5862 homogen=32831.6543
mean B0=105.5384 homogen=23024.8473
mean B0=87.9824 homogen=42414.9103
mean B0=106.7574 homogen=31228.7675
mean B0=104.6392 homogen=20543.6595
mean B0=99.818 homogen=12336.3904
mean B0=110.5383 homogen=39441.5668
mean B0=108.7053 homogen=29095.8001
mean B0=111.4354 homogen=44196.685
mean B0=79.1963 homogen=55912.7911
mean B0=112.4845 homogen=45111.344
mean B0=108.2865 homogen=33072.7929
mean B0=99.4187 homogen=14133.2731
mean B0=92.3438 homogen=4592.6884
mean B0=105.5892 homogen=20741.8586
mean B0=93.9582 homogen=13363.5846
mean B0=102.0919 homogen=24514.0224
mean B0=100.6725 homogen=32174.9845
mean B0=103.9631 homogen=20093.688
mean B0=91.2703 homogen=5016.8694
mean B0=107.6561 homogen=31588.8519
mean B0=97.8935 homogen=10362.9097
mean B0=100.5331 homogen=14371.6241
mean B0=101.552 homogen=13840.1582
mean B0=106.1013 homogen=21690.308
mean B0=101.9361 homogen=17395.0623
mean B0=92.8741 homogen=15072.4381
mean B0=92.5586 homogen=12577.8445
mean B0=107.007 homogen=23660.7196
mean B0=95.2716 homogen=7213.1915
mean B0=98.4136 homogen=10342.8134
mean B0=95.4973 homogen=5900.066
mean B0=93.4657 homogen=21555.8416
mean B0=112.2821 homogen=44438.986
mean B0=91.4829 homogen=3487.8865
mean B0=91.5687 homogen=9181.6954
mean B0=105.3784 homogen=38435.9218
mean B0=109.9165 homogen=45428.4056
mean B0=112.0251 homogen=45570.5098
    71 |     2840 |     36 |  0.000000E+00 |  0.000000E+00 |  0.0100642793 |         ideal
mean B0=95.2853 homogen=6511.9662
mean B0=104.7083 homogen=20440.1402
mean B0=92.4193 homogen=4267.6128
mean B0=88.8909 homogen=22089.0689
mean B0=93.4113 homogen=57261.0199
mean B0=100.3753 homogen=12720.4173
mean B0=95.5005 homogen=5898.9186
mean B0=112.216 homogen=43990.9882
mean B0=101.7141 homogen=14779.4996
mean B0=101.1258 homogen=16750.2732
mean B0=91.378 homogen=6117.9039
mean B0=92.3401 homogen=47320.4476
mean B0=77.5997 homogen=59573.8131
mean B0=104.5555 homogen=20569.4727
mean B0=107.377 homogen=24946.8252
mean B0=106.6048 homogen=22821.9815
mean B0=83.666 homogen=33741.4639
mean B0=98.6845 homogen=29146.5648
mean B0=106.1591 homogen=26986.2872
mean B0=75.7705 homogen=59087.0727
mean B0=111.1281 homogen=51573.3042
mean B0=110.7354 homogen=43175.6113
mean B0=103.852 homogen=20791.4361
mean B0=99.8705 homogen=12143.3412
mean B0=100.6235 homogen=47656.2821
mean B0=101.0729 homogen=15162.9972
mean B0=87.4203 homogen=67162.1285
mean B0=92.6797 homogen=3931.4586
mean B0=98.9837 homogen=10595.9554
mean B0=106.0559 homogen=39562.7591
mean B0=109.7957 homogen=36055.7105
mean B0=94.9192 homogen=26746.5046
mean B0=108.958 homogen=39446.6132
mean B0=98.3279 homogen=29683.4519
mean B0=82.0757 homogen=24120.358
mean B0=110.2124 homogen=37180.1393
mean B0=102.716 homogen=14273.7
mean B0=96.7019 homogen=78995.3732
mean B0=110.416 homogen=38925.6113
mean B0=78.5492 homogen=58573.8821
    72 |     2880 |     38 |  0.000000E+00 |  0.000000E+00 |  0.0056853536 |             f
mean B0=102.5202 homogen=16687.3461
mean B0=91.5322 homogen=5199.5127
mean B0=85.4881 homogen=137215.5364
mean B0=99.0396 homogen=10347.0981
mean B0=82.8148 homogen=14691.35
mean B0=112.5921 homogen=44617.2005
mean B0=112.4709 homogen=42256.5607
mean B0=110.1887 homogen=41468.4699
mean B0=105.0197 homogen=21598.5945
mean B0=70.4705 homogen=59429.1645
mean B0=95.2174 homogen=7220.8095
mean B0=106.1552 homogen=25000.5628
mean B0=112.1226 homogen=44359.168
mean B0=110.7388 homogen=38777.7103
mean B0=107.4988 homogen=25847.8275
mean B0=105.6452 homogen=21680.3684
mean B0=106.0552 homogen=19202.2487
mean B0=98.1086 homogen=36170.9846
mean B0=107.6926 homogen=37777.7476
mean B0=104.5669 homogen=20151.6825
mean B0=102.8628 homogen=17232.5914
mean B0=103.9729 homogen=21222.2896
mean B0=105.8224 homogen=25692.6435
mean B0=101.7781 homogen=13839.7243
mean B0=106.706 homogen=26128.6135
mean B0=100.2017 homogen=89214.615
mean B0=100.1671 homogen=12611.6916
mean B0=103.7071 homogen=14442.6954
mean B0=94.1747 homogen=23056.0004
mean B0=98.5894 homogen=11347.002
mean B0=91.7633 homogen=4621.2428
mean B0=93.6909 homogen=7767.7149
mean B0=103.8136 homogen=19589.2599
mean B0=110.8409 homogen=42284.1977
mean B0=109.2345 homogen=35185.3374
mean B0=102.0516 homogen=13786.0499
mean B0=107.036 homogen=31637.6572
mean B0=103.2549 homogen=28058.2032
mean B0=102.9277 homogen=25745.5771
mean B0=104.9157 homogen=27078.2166
    73 |     2920 |     33 |  0.000000E+00 |  0.000000E+00 |  0.0062294977 |             f
mean B0=106.8957 homogen=27190.2154
mean B0=100.7311 homogen=11779.141
mean B0=100.2623 homogen=12486.3516
mean B0=90.9173 homogen=127230.4202
mean B0=107.2631 homogen=34882.8921
mean B0=109.8093 homogen=33233.2842
mean B0=95.5005 homogen=5898.9186
mean B0=108.067 homogen=26669.0101
mean B0=108.1476 homogen=32824.6283
mean B0=97.727 homogen=36177.7647
mean B0=91.9285 homogen=3925.2876
mean B0=101.2568 homogen=15193.1417
mean B0=93.5562 homogen=4962.0863
mean B0=100.4346 homogen=12340.0418
mean B0=78.721 homogen=62654.5197
mean B0=93.5666 homogen=4874.5565
mean B0=109.3401 homogen=35522.0944
mean B0=109.2383 homogen=50654.3465
mean B0=100.9959 homogen=34324.8898
mean B0=93.7938 homogen=60422.6147
mean B0=107.2872 homogen=32141.9863
mean B0=98.0929 homogen=9597.6616
mean B0=106.4716 homogen=21839.1665
mean B0=106.5201 homogen=23213.6915
mean B0=112.3609 homogen=41885.7873
mean B0=102.6596 homogen=114912.9357
mean B0=95.5005 homogen=5898.9186
mean B0=103.0185 homogen=13034.918
mean B0=106.2956 homogen=21064.7624
mean B0=103.0312 homogen=44128.2525
mean B0=99.0857 homogen=9836.9049
mean B0=105.6169 homogen=26344.729
mean B0=93.1479 homogen=5486.1872
mean B0=100.5274 homogen=10057.4692
mean B0=104.2616 homogen=19560.0516
mean B0=108.2135 homogen=44052.8376
mean B0=112.947 homogen=43580.9998
mean B0=101.0063 homogen=22049.3811
mean B0=97.3901 homogen=29396.9417
mean B0=103.9007 homogen=26571.4175
    74 |     2960 |     34 |  0.000000E+00 |  0.000000E+00 |  0.0163565461 |         ideal
mean B0=97.8478 homogen=30169.3019
mean B0=91.6325 homogen=4202.0731
mean B0=105.8978 homogen=23685.4094
mean B0=84.4239 homogen=49588.6888
mean B0=106.1263 homogen=20333.8719
mean B0=104.878 homogen=19734.6438
mean B0=100.3622 homogen=9630.5336
mean B0=100.5736 homogen=37390.6866
mean B0=109.1314 homogen=34149.5062
mean B0=95.9238 homogen=7038.59
mean B0=106.5772 homogen=23926.1244
mean B0=93.625 homogen=6938.4693
mean B0=113.5646 homogen=41359.5396
mean B0=105.2538 homogen=54325.1387
mean B0=107.0378 homogen=31379.0065
mean B0=110.5673 homogen=34561.834
mean B0=83.2272 homogen=31893.6136
mean B0=99.8726 homogen=86094.5985
mean B0=77.7707 homogen=232485.7958
mean B0=104.2874 homogen=19319.1531
mean B0=103.3243 homogen=40152.9934
mean B0=110.792 homogen=43737.897
mean B0=106.0552 homogen=19202.2487
mean B0=95.2424 homogen=19285.6916
mean B0=107.7267 homogen=26412.7571
mean B0=104.6587 homogen=15427.4287
mean B0=103.8697 homogen=14845.9924
mean B0=106.116 homogen=31676.8702
mean B0=111.8084 homogen=37262.9975
mean B0=106.2415 homogen=25917.4985
mean B0=96.5009 homogen=18916.5877
mean B0=93.8177 homogen=3652.8472
mean B0=107.4265 homogen=42826.1745
mean B0=101.7923 homogen=37123.4511
mean B0=96.6638 homogen=12868.2859
mean B0=94.8036 homogen=5217.5301
mean B0=110.149 homogen=32218.5996
mean B0=98.7827 homogen=9911.9437
mean B0=107.0077 homogen=23402.6899
mean B0=98.066 homogen=9458.337
    75 |     3000 |     34 |  0.000000E+00 |  0.000000E+00 |  0.0279650639 |         ideal
mean B0=100.4316 homogen=10063.819
mean B0=67.2019 homogen=68891.5123
mean B0=104.2759 homogen=19387.9223
mean B0=91.0685 homogen=79767.7553
mean B0=110.149 homogen=32218.5996
mean B0=105.9261 homogen=24009.3495
mean B0=96.874 homogen=18385.7777
mean B0=102.3473 homogen=14933.8574
mean B0=103.861 homogen=30115.7049
mean B0=84.7187 homogen=48654.8336
mean B0=106.2101 homogen=19354.1413
mean B0=109.6413 homogen=35820.0521
mean B0=92.2758 homogen=6168.1018
mean B0=101.5373 homogen=37022.9559
mean B0=103.3964 homogen=14919.4288
mean B0=101.386 homogen=12472.5234
mean B0=108.7279 homogen=31412.2245
mean B0=98.0925 homogen=9564.9092
mean B0=105.2068 homogen=21287.5893
mean B0=106.5081 homogen=22387.7373
mean B0=104.8463 homogen=15159.3878
mean B0=95.8807 homogen=7177.3634
mean B0=100.3736 homogen=9589.3926
mean B0=106.5596 homogen=27083.0069
mean B0=106.6754 homogen=22875.8072
mean B0=108.2706 homogen=24261.6222
mean B0=93.2713 homogen=9404.9785
mean B0=92.4178 homogen=5722.9674
mean B0=109.5575 homogen=46071.6181
mean B0=101.8085 homogen=57841.5739
mean B0=107.3352 homogen=25734.3385
mean B0=106.6878 homogen=19592.3721
mean B0=112.8495 homogen=43848.5161
mean B0=85.4238 homogen=65183.6691
mean B0=106.591 homogen=20171.0816
mean B0=98.1044 homogen=9674.3922
mean B0=106.2441 homogen=19242.7883
mean B0=107.3567 homogen=25005.8778
mean B0=108.2181 homogen=22954.6255
mean B0=96.0291 homogen=7367.1125
    76 |     3040 |     32 |  0.000000E+00 |  0.000000E+00 |  0.0080789823 |             f
mean B0=101.1258 homogen=39032.4091
mean B0=106.2008 homogen=22035.8664
mean B0=96.8805 homogen=35697.6966
mean B0=95.121 homogen=24367.3855
mean B0=95.4168 homogen=7199.1956
mean B0=97.9507 homogen=9578.6909
mean B0=107.7698 homogen=25651.1658
mean B0=107.5776 homogen=30018.1092
mean B0=68.7399 homogen=69284.1141
mean B0=95.2562 homogen=8452.3385
mean B0=88.7561 homogen=128754.0787
mean B0=95.4801 homogen=5923.7099
mean B0=109.8975 homogen=33848.9709
mean B0=85.1917 homogen=28170.0962
mean B0=94.1828 homogen=3049.5597
mean B0=94.2078 homogen=11023.8678
mean B0=110.017 homogen=33485.9564
mean B0=93.8322 homogen=23576.542
mean B0=101.965 homogen=32538.398
mean B0=103.1743 homogen=22647.0103
mean B0=103.9698 homogen=53721.2447
mean B0=75.9989 homogen=23815.333
mean B0=110.5419 homogen=28282.8558
mean B0=96.765 homogen=27594.1201
mean B0=97.3767 homogen=12243.4154
mean B0=102.4986 homogen=20073.8524
mean B0=106.4632 homogen=20931.4282
mean B0=103.2788 homogen=22362.215
mean B0=109.3739 homogen=37511.8699
mean B0=113.6175 homogen=41606.6371
mean B0=88.4508 homogen=32902.4837
mean B0=96.0498 homogen=7345.1855
mean B0=109.5205 homogen=25010.4373
mean B0=108.7456 homogen=31771.8826
mean B0=94.7218 homogen=6232.7439
mean B0=95.8449 homogen=7381.8991
mean B0=92.9498 homogen=8396.0884
mean B0=103.9805 homogen=18095.077
mean B0=102.3619 homogen=16603.3091
mean B0=113.7077 homogen=40877.3473
    77 |     3080 |     29 |  0.000000E+00 |  0.000000E+00 |  0.0115874296 |         ideal
mean B0=105.6028 homogen=16041.7386
mean B0=91.9226 homogen=122997.1995
mean B0=100.3639 homogen=10492.934
mean B0=103.9533 homogen=23793.048
mean B0=95.5572 homogen=8969.5878
mean B0=96.4627 homogen=25828.7259
mean B0=101.4973 homogen=12223.2509
mean B0=98.1138 homogen=9517.7247
mean B0=94.5315 homogen=18556.8742
mean B0=106.4065 homogen=28657.9642
mean B0=100.2678 homogen=18963.3478
mean B0=99.5885 homogen=15660.3908
mean B0=106.3302 homogen=20600.735
mean B0=109.9228 homogen=33849.5194
mean B0=103.1875 homogen=13523.7578
mean B0=113.5821 homogen=41725.1015
mean B0=98.7695 homogen=11409.2083
mean B0=91.2194 homogen=6085.6076
mean B0=103.6996 homogen=27185.8469
mean B0=110.0159 homogen=27387.4308
mean B0=111.2246 homogen=51285.8948
mean B0=91.5136 homogen=3552.9905
mean B0=110.3383 homogen=31588.0625
mean B0=100.8907 homogen=11504.3279
mean B0=103.3626 homogen=14283.6569
mean B0=98.3429 homogen=26288.5171
mean B0=103.6037 homogen=15564.876
mean B0=109.4573 homogen=25204.5866
mean B0=101.5271 homogen=16987.0606
mean B0=106.4636 homogen=23083.3285
mean B0=100.1816 homogen=14131.4914
mean B0=109.2374 homogen=32095.5272
mean B0=97.8458 homogen=10877.9454
mean B0=112.0169 homogen=40433.843
mean B0=96.0918 homogen=6774.2272
mean B0=95.5284 homogen=5830.5716
mean B0=109.526 homogen=29740.1634
mean B0=98.7925 homogen=9404.6429
mean B0=105.4981 homogen=21147.434
mean B0=102.769 homogen=21408.256
    78 |     3120 |     29 |  0.000000E+00 |  0.000000E+00 |  0.0092555050 |             f
mean B0=108.2556 homogen=23014.3763
mean B0=113.5924 homogen=41217.3875
mean B0=105.7798 homogen=20843.5989
mean B0=93.5256 homogen=10217.5807
mean B0=114.7407 homogen=45791.3304
mean B0=103.2555 homogen=14144.8258
mean B0=103.0558 homogen=17389.3304
mean B0=104.7536 homogen=17040.6016
mean B0=108.193 homogen=20822.0111
mean B0=98.1011 homogen=24367.4595
mean B0=89.6696 homogen=22768.5067
mean B0=104.0255 homogen=34682.8865
mean B0=111.445 homogen=38862.3035
mean B0=100.62 homogen=31506.2558
mean B0=100.9357 homogen=98796.1
mean B0=100.0846 homogen=24782.902
mean B0=104.767 homogen=15887.6675
mean B0=105.0716 homogen=20188.6331
mean B0=114.0594 homogen=48215.9103
mean B0=90.36 homogen=37933.458
mean B0=109.4834 homogen=24952.1487
mean B0=95.1069 homogen=7219.2518
mean B0=106.7127 homogen=24795.7369
mean B0=105.0467 homogen=32253.3544
mean B0=101.8423 homogen=21305.4733
mean B0=95.29 homogen=6196.6633
mean B0=110.5766 homogen=29594.9207
mean B0=103.0887 homogen=15800.0061
mean B0=109.0245 homogen=42160.398
mean B0=101.2952 homogen=31675.151
mean B0=105.5743 homogen=15743.6185
mean B0=86.3892 homogen=46050.0009
mean B0=108.6761 homogen=22823.6851
mean B0=112.6069 homogen=31851.4702
mean B0=102.0529 homogen=18035.9859
mean B0=103.8323 homogen=22047.5201
mean B0=106.0729 homogen=18788.8532
mean B0=98.7303 homogen=18700.4255
mean B0=107.11 homogen=26130.7553
mean B0=101.3646 homogen=26841.2942
    79 |     3160 |     31 |  0.000000E+00 |  0.000000E+00 |  0.0502492285 |         ideal
mean B0=106.0729 homogen=18788.8532
mean B0=93.4553 homogen=6038.1256
mean B0=102.2978 homogen=84230.7859
mean B0=99.0642 homogen=31790.4645
mean B0=103.4011 homogen=17328.271
mean B0=95.4822 homogen=6152.9689
mean B0=94.5707 homogen=5865.0963
mean B0=109.5158 homogen=23362.0492
mean B0=105.3897 homogen=30158.3675
mean B0=105.2645 homogen=23237.0173
mean B0=107.0142 homogen=18522.6706
mean B0=94.8977 homogen=21881.008
mean B0=108.4507 homogen=21970.0059
mean B0=102.7841 homogen=14034.1606
mean B0=106.2435 homogen=19236.2889
mean B0=100.7401 homogen=32735.8047
mean B0=101.545 homogen=12036.2041
mean B0=98.1896 homogen=15883.0489
mean B0=103.1586 homogen=13846.0195
mean B0=106.1846 homogen=18210.3154
mean B0=104.6287 homogen=20427.0397
mean B0=101.6703 homogen=13840.8808
mean B0=100.5319 homogen=10027.9568
mean B0=112.0564 homogen=35736.5338
mean B0=106.8517 homogen=21170.676
mean B0=104.8758 homogen=14837.6082
mean B0=88.6708 homogen=51592.5
mean B0=107.7515 homogen=32002.9415
mean B0=93.1207 homogen=108365.3825
mean B0=110.064 homogen=29640.2356
mean B0=100.219 homogen=10016.6654
mean B0=96.5786 homogen=19612.8239
mean B0=114.6431 homogen=50517.032
mean B0=115.2028 homogen=45701.3549
mean B0=115.882 homogen=51321.5434
mean B0=71.8698 homogen=247881.0664
mean B0=101.3384 homogen=12706.7018
mean B0=100.787 homogen=20041.4877
mean B0=103.3939 homogen=12991.16
mean B0=108.5191 homogen=23881.666
    80 |     3200 |     28 |  0.000000E+00 |  0.000000E+00 |  0.0525967612 |         ideal
mean B0=107.3731 homogen=17688.1593
mean B0=98.4388 homogen=29406.0769
mean B0=107.1701 homogen=22778.5702
mean B0=98.4959 homogen=13288.1474
mean B0=102.6066 homogen=17101.6192
mean B0=102.2899 homogen=20547.7387
mean B0=110.3647 homogen=26400.337
mean B0=98.9374 homogen=11054.0577
mean B0=101.8044 homogen=28626.1817
mean B0=107.1072 homogen=30192.4594
mean B0=93.6149 homogen=3556.6461
mean B0=97.123 homogen=138543.9839
mean B0=111.0918 homogen=48530.258
mean B0=103.7465 homogen=25731.2899
mean B0=104.1784 homogen=26935.8946
mean B0=108.3568 homogen=22876.579
mean B0=106.9899 homogen=18440.1567
mean B0=108.5981 homogen=21228.1928
mean B0=106.7306 homogen=27050.7451
mean B0=103.5697 homogen=18765.2783
mean B0=88.6023 homogen=34288.4942
mean B0=97.5133 homogen=38207.9553
mean B0=114.7434 homogen=43403.0109
mean B0=105.3388 homogen=19757.2558
mean B0=109.8721 homogen=24459.2741
mean B0=112.0358 homogen=36214.0327
mean B0=104.2749 homogen=16062.4365
mean B0=101.5118 homogen=23211.3033
mean B0=108.0279 homogen=24560.8139
mean B0=96.1711 homogen=13293.6396
mean B0=112.2945 homogen=35576.5817
mean B0=108.0513 homogen=23160.8209
mean B0=103.9519 homogen=23098.6443
mean B0=111.3593 homogen=29448.0803
mean B0=82.9852 homogen=48129.0266
mean B0=105.0107 homogen=15834.2761
mean B0=95.5065 homogen=6046.4924
mean B0=100.4917 homogen=10380.2503
mean B0=107.7707 homogen=39804.5674
mean B0=107.622 homogen=20583.3042
    81 |     3240 |     29 |  0.000000E+00 |  0.000000E+00 |  0.0069528959 |             f
mean B0=113.6985 homogen=40918.7078
mean B0=110.3072 homogen=26454.591
mean B0=92.9756 homogen=17158.9725
mean B0=96.6492 homogen=26206.7145
mean B0=106.23 homogen=18235.643
mean B0=105.1605 homogen=17029.6506
mean B0=102.762 homogen=12528.2878
mean B0=106.1136 homogen=21402.9836
mean B0=108.4116 homogen=21903.5903
mean B0=94.282 homogen=131018.0267
mean B0=117.7265 homogen=61586.4353
mean B0=104.6431 homogen=26392.5056
mean B0=103.2778 homogen=38732.4386
mean B0=106.4954 homogen=18519.408
mean B0=95.5727 homogen=6330.2031
mean B0=114.9152 homogen=45124.9132
mean B0=111.84 homogen=31109.1449
mean B0=96.7855 homogen=12804.3541
mean B0=99.6541 homogen=8997.2245
mean B0=100.913 homogen=11525.0668
mean B0=114.7487 homogen=45755.9328
mean B0=104.9112 homogen=15145.0554
mean B0=104.8184 homogen=14671.7424
mean B0=99.5905 homogen=23912.717
mean B0=108.1374 homogen=20605.6145
mean B0=97.9635 homogen=11429.87
mean B0=77.1517 homogen=56698.1
mean B0=92.2807 homogen=125412.4931
mean B0=79.7477 homogen=26728.4474
mean B0=103.3939 homogen=12991.16
mean B0=106.9041 homogen=26429.5688
mean B0=103.2654 homogen=14721.2033
mean B0=107.1186 homogen=21350.2433
mean B0=102.4672 homogen=14956.1495
mean B0=109.3214 homogen=22948.414
mean B0=105.8365 homogen=15482.8019
mean B0=110.1387 homogen=27683.8876
mean B0=106.5877 homogen=29127.4167
mean B0=102.9476 homogen=58837.2883
mean B0=94.6922 homogen=16045.8439
    82 |     3280 |     39 |  0.000000E+00 |  0.000000E+00 |  0.0783417655 |         ideal
mean B0=100.821 homogen=21125.7624
mean B0=98.0692 homogen=9800.7271
mean B0=105.7291 homogen=39235.35
mean B0=106.9887 homogen=19654.9381
mean B0=112.4499 homogen=32205.9068
mean B0=105.6002 homogen=22138.3927
mean B0=98.7426 homogen=19270.3023
mean B0=106.9819 homogen=35028.1247
mean B0=108.8754 homogen=23035.9191
mean B0=105.598 homogen=35999.2609
mean B0=108.3214 homogen=22554.4893
mean B0=109.9575 homogen=29696.0859
mean B0=90.7457 homogen=110453.6561
mean B0=100.9895 homogen=31040.1992
mean B0=103.2212 homogen=18549.0358
mean B0=102.0809 homogen=38421.1968
mean B0=110.3647 homogen=26400.337
mean B0=101.999 homogen=32457.0322
mean B0=96.1492 homogen=6616.5188
mean B0=115.2028 homogen=45701.3549
mean B0=100.4677 homogen=15959.0514
mean B0=94.2727 homogen=6504.03
mean B0=103.1818 homogen=59393.2802
mean B0=111.3027 homogen=37246.136
mean B0=93.1386 homogen=132712.4083
mean B0=100.2518 homogen=25291.6136
mean B0=106.8915 homogen=23089.4111
mean B0=117.4698 homogen=76418.1703
mean B0=103.7528 homogen=12669.1459
mean B0=105.8365 homogen=19608.0516
mean B0=107.0989 homogen=98905.2165
mean B0=106.5725 homogen=20353.7553
mean B0=96.0392 homogen=12277.588
mean B0=105.2517 homogen=32625.5519
mean B0=112.9926 homogen=30711.1458
mean B0=106.2023 homogen=59618.2961
mean B0=102.762 homogen=12528.2878
mean B0=106.0898 homogen=19317.3513
mean B0=60.5171 homogen=136329.4656
mean B0=115.882 homogen=51321.5434
    83 |     3320 |     40 |  0.000000E+00 |  0.000000E+00 |  0.0011322807 |             f
mean B0=108.1809 homogen=20892.1665
mean B0=93.2 homogen=60489.427
mean B0=106.6574 homogen=17060.0053
mean B0=96.8102 homogen=5131.1078
mean B0=99.6936 homogen=17271.9599
mean B0=98.2217 homogen=59587.3233
mean B0=113.818 homogen=40403.1523
mean B0=103.6052 homogen=13015.9063
mean B0=103.1415 homogen=19306.4309
mean B0=102.8781 homogen=12272.0614
mean B0=111.5149 homogen=38439.3665
mean B0=94.6367 homogen=5279.6401
mean B0=108.6676 homogen=22816.4611
mean B0=113.7857 homogen=52276.5502
mean B0=98.8013 homogen=12990.075
mean B0=101.2527 homogen=15605.1001
mean B0=103.3826 homogen=17325.361
mean B0=107.9329 homogen=20058.2655
mean B0=114.0652 homogen=40539.1623
mean B0=100.3535 homogen=14695.1074
mean B0=100.8642 homogen=11494.8221
mean B0=114.7634 homogen=43389.1221
mean B0=113.2888 homogen=42046.6226
mean B0=106.8565 homogen=22050.459
mean B0=110.314 homogen=27496.9361
mean B0=111.6621 homogen=27745.3039
mean B0=85.4835 homogen=34882.1515
mean B0=110.3144 homogen=26538.3358
mean B0=109.3892 homogen=21539.3988
mean B0=108.5183 homogen=26748.92
mean B0=99.6926 homogen=26139.7193
mean B0=99.1995 homogen=7748.7558
mean B0=115.8905 homogen=51341.4743
mean B0=110.7604 homogen=29472.9132
mean B0=104.3504 homogen=12722.7418
mean B0=93.9773 homogen=15555.7078
mean B0=98.5692 homogen=53793.646
mean B0=120.2402 homogen=73923.0954
mean B0=96.8781 homogen=9799.95
mean B0=107.5713 homogen=25476.4123
    84 |     3360 |     40 |  0.000000E+00 |  0.000000E+00 |  0.0964684742 |         ideal
mean B0=92.3782 homogen=42087.5933
mean B0=113.3124 homogen=47121.2332
mean B0=107.4198 homogen=35377.388
mean B0=95.3284 homogen=82954.4992
mean B0=108.9683 homogen=23423.221
mean B0=108.7435 homogen=21730.101
mean B0=105.1392 homogen=21852.4308
mean B0=113.5011 homogen=43918.8377
mean B0=114.4661 homogen=47331.8776
mean B0=99.6759 homogen=9430.067
mean B0=107.9054 homogen=23977.6017
mean B0=93.0876 homogen=34558.8089
mean B0=104.0154 homogen=26356.6139
mean B0=104.7919 homogen=14814.452
mean B0=96.7233 homogen=5678.4766
mean B0=105.3899 homogen=16338.6168
mean B0=113.8798 homogen=37587.2632
mean B0=103.9754 homogen=21639.1474
mean B0=106.9364 homogen=21620.8881
mean B0=112.3335 homogen=28976.7854
mean B0=112.7387 homogen=38481.4849
mean B0=103.2415 homogen=14686.3534
mean B0=107.208 homogen=18325.5548
mean B0=92.9588 homogen=4599.932
mean B0=113.4527 homogen=36496.3061
mean B0=115.828 homogen=52063.0399
mean B0=90.0909 homogen=39171.9974
mean B0=99.8347 homogen=70843.1171
mean B0=101.2806 homogen=9188.7178
mean B0=103.6363 homogen=12831.6702
mean B0=104.7322 homogen=16386.062
mean B0=114.7051 homogen=43060.3872
mean B0=108.3712 homogen=159204.732
mean B0=115.0274 homogen=44131.6244
mean B0=110.463 homogen=26963.9633
mean B0=102.8274 homogen=13319.7061
mean B0=98.5624 homogen=164692.2665
mean B0=110.3601 homogen=26399.5515
mean B0=107.8638 homogen=17130.9114
mean B0=108.6919 homogen=22337.6153
    85 |     3400 |     40 |  0.000000E+00 |  0.000000E+00 |  0.0051986662 |             f
mean B0=108.3296 homogen=23299.6761
mean B0=105.9136 homogen=112886.1713
mean B0=107.6303 homogen=17384.4727
mean B0=106.0956 homogen=14473.8601
mean B0=104.4402 homogen=18895.9294
mean B0=79.293 homogen=67119.3227
mean B0=104.8753 homogen=14854.6691
mean B0=118.7615 homogen=67030.6314
mean B0=110.0229 homogen=24213.0043
mean B0=109.3612 homogen=25740.429
mean B0=102.035 homogen=17644.1116
mean B0=109.6165 homogen=24078.0156
mean B0=114.9423 homogen=44514.8759
mean B0=114.8965 homogen=47327.5938
mean B0=103.2335 homogen=21336.0766
mean B0=105.7414 homogen=15320.9431
mean B0=90.3462 homogen=20666.3875
mean B0=105.6994 homogen=42306.4991
mean B0=106.7111 homogen=15678.9163
mean B0=115.9791 homogen=50607.3991
mean B0=109.3199 homogen=22891.4801
mean B0=115.7388 homogen=49647.6127
mean B0=108.0156 homogen=21618.0844
mean B0=111.2324 homogen=24565.5808
mean B0=107.2628 homogen=21550.1198
mean B0=97.9869 homogen=12084.5825
mean B0=104.8184 homogen=14681.8933
mean B0=119.1289 homogen=69360.6134
mean B0=99.1134 homogen=36658.5842
mean B0=79.0631 homogen=200812.3982
mean B0=104.4645 homogen=15540.491
mean B0=112.7863 homogen=37441.652
mean B0=115.2025 homogen=45705.75
mean B0=108.1038 homogen=21438.3482
mean B0=92.7753 homogen=43530.7349
mean B0=102.7971 homogen=15348.1108
mean B0=96.9371 homogen=142739.5627
mean B0=101.6089 homogen=16872.3837
mean B0=119.8464 homogen=62426.1599
mean B0=114.6678 homogen=43639.4784
    86 |     3440 |     38 |  0.000000E+00 |  0.000000E+00 |  0.0043416435 |             f
mean B0=108.1498 homogen=20681.5378
mean B0=95.1234 homogen=11654.2402
mean B0=94.6891 homogen=5314.4889
mean B0=109.2399 homogen=21926.352
mean B0=116.3445 homogen=51195.119
mean B0=100.0543 homogen=18521.1237
mean B0=107.6002 homogen=18576.5017
mean B0=106.877 homogen=39625.4398
mean B0=118.9377 homogen=70952.9992
mean B0=95.0408 homogen=137050.8797
mean B0=110.3903 homogen=45393.9731
mean B0=104.4854 homogen=23450.4089
mean B0=111.1399 homogen=26542.5412
mean B0=111.8581 homogen=46689.8644
mean B0=119.7933 homogen=62092.7589
mean B0=108.915 homogen=21854.6807
mean B0=108.6339 homogen=145037.0795
mean B0=102.9266 homogen=11926.713
mean B0=115.1712 homogen=45590.999
mean B0=114.0264 homogen=40687.5448
mean B0=107.1997 homogen=39354.9412
mean B0=97.9869 homogen=12084.5825
mean B0=100.7521 homogen=8517.3811
mean B0=107.9074 homogen=17058.0911
mean B0=119.5347 homogen=72823.6022
mean B0=96.2569 homogen=47516.2892
mean B0=108.5673 homogen=20255.6712
mean B0=102.1764 homogen=36449.9673
mean B0=114.072 homogen=36523.545
mean B0=114.7908 homogen=43153.7294
mean B0=109.5694 homogen=22060.3703
mean B0=111.8393 homogen=45257.0507
mean B0=113.5734 homogen=42512.1223
mean B0=106.145 homogen=38428.7997
mean B0=111.5976 homogen=44907.2768
mean B0=109.1469 homogen=21658.5465
mean B0=111.5924 homogen=27814.2873
mean B0=111.6162 homogen=28145.115
mean B0=107.964 homogen=20140.1476
mean B0=84.9033 homogen=38302.1436
    87 |     3480 |     39 |  0.000000E+00 |  0.000000E+00 |  0.0032039030 |             f
mean B0=112.3878 homogen=48660.6125
mean B0=108.8689 homogen=23132.4589
mean B0=117.0617 homogen=59049.9323
mean B0=95.3759 homogen=6313.3633
mean B0=113.5331 homogen=30601.6129
mean B0=113.5214 homogen=34176.9747
mean B0=97.7072 homogen=8497.813
mean B0=114.7843 homogen=42267.8685
mean B0=116.033 homogen=49939.1427
mean B0=105.7069 homogen=17288.9935
mean B0=113.8433 homogen=39552.446
mean B0=105.2861 homogen=15934.3757
mean B0=107.2614 homogen=30108.8565
mean B0=98.2575 homogen=34274.9761
mean B0=106.4593 homogen=20752.3981
mean B0=107.4499 homogen=16844.774
mean B0=110.5678 homogen=25295.4525
mean B0=114.7908 homogen=43153.7294
mean B0=111.4849 homogen=27223.0115
mean B0=109.5792 homogen=22179.6308
mean B0=104.3603 homogen=12672.3699
mean B0=107.1611 homogen=55004.2547
mean B0=94.2558 homogen=150894.9457
mean B0=100.669 homogen=10175.0529
mean B0=109.5726 homogen=22394.0702
mean B0=106.214 homogen=36733.6665
mean B0=105.7508 homogen=20171.9241
mean B0=109.1803 homogen=22343.4334
mean B0=115.504 homogen=46883.401
mean B0=111.143 homogen=42221.6695
mean B0=110.0376 homogen=23405.5894
mean B0=84.146 homogen=41453.3779
mean B0=108.7089 homogen=22309.2335
mean B0=106.5773 homogen=40660.4237
mean B0=111.6394 homogen=36652.428
mean B0=95.7417 homogen=120999.3588
mean B0=117.3741 homogen=59718.2655
mean B0=120.2402 homogen=73923.0954
mean B0=106.8895 homogen=16101.764
mean B0=113.8587 homogen=39695.1594
    88 |     3520 |     40 |  0.000000E+00 |  0.000000E+00 |  0.0055264835 |             f
mean B0=103.6588 homogen=13247.8649
mean B0=119.9841 homogen=61171.3653
mean B0=110.0365 homogen=23403.0183
mean B0=112.2507 homogen=28980.2584
mean B0=116.9746 homogen=64104.5076
mean B0=111.6618 homogen=27721.8906
mean B0=106.3158 homogen=39104.7724
mean B0=106.0614 homogen=67209.6122
mean B0=107.29 homogen=21306.5555
mean B0=106.8481 homogen=154700.0591
mean B0=103.9145 homogen=88635.5921
mean B0=105.6277 homogen=57858.3069
mean B0=117.971 homogen=56566.7098
mean B0=99.9275 homogen=8788.5976
mean B0=104.4083 homogen=12182.6632
mean B0=100.0177 homogen=26175.1161
mean B0=115.4397 homogen=50703.1386
mean B0=100.8459 homogen=8305.6576
mean B0=112.7837 homogen=35509.2041
mean B0=101.2806 homogen=9188.7178
mean B0=105.6165 homogen=22829.7191
mean B0=109.359 homogen=21620.1674
mean B0=114.7856 homogen=42269.9466
mean B0=113.0761 homogen=30762.05
mean B0=78.3215 homogen=58890.1802
mean B0=102.9278 homogen=11942.4851
mean B0=108.5342 homogen=22138.2177
mean B0=107.0917 homogen=16781.4005
mean B0=99.1425 homogen=32528.3242
mean B0=110.278 homogen=24259.8926
mean B0=109.5485 homogen=22132.9304
mean B0=109.3004 homogen=24896.6086
mean B0=107.0092 homogen=25525.1631
mean B0=102.5906 homogen=15381.9512
mean B0=99.1286 homogen=8368.5149
mean B0=111.2462 homogen=25437.1004
mean B0=120.834 homogen=72909.1598
mean B0=104.7803 homogen=69312.3315
mean B0=114.7761 homogen=35358.7239
mean B0=115.504 homogen=46883.401
    89 |     3560 |     40 |  0.000000E+00 |  0.000000E+00 |  0.0222806151 |         ideal
mean B0=99.3934 homogen=33387.8147
mean B0=110.6572 homogen=25000.801
mean B0=111.2654 homogen=26286.1825
mean B0=96.3456 homogen=47403.2193
mean B0=104.4055 homogen=68196.1452
mean B0=110.3758 homogen=26540.1868
mean B0=106.5423 homogen=14790.5353
mean B0=109.5528 homogen=23598.6883
mean B0=109.4049 homogen=22278.2972
mean B0=110.9514 homogen=26080.3468
mean B0=110.1076 homogen=28412.0758
mean B0=99.6218 homogen=9117.9755
mean B0=116.3338 homogen=56801.3854
mean B0=84.825 homogen=43188.2352
mean B0=101.6109 homogen=10821.3601
mean B0=110.4248 homogen=23947.9509
mean B0=114.3966 homogen=33680.0688
mean B0=85.9287 homogen=93416.9472
mean B0=105.377 homogen=14565.4098
mean B0=109.6707 homogen=21458.0152
mean B0=108.2432 homogen=20542.0885
mean B0=107.3509 homogen=23099.3949
mean B0=107.6856 homogen=20330.2742
mean B0=111.6436 homogen=39328.5368
mean B0=108.6919 homogen=23544.8685
mean B0=118.1251 homogen=61340.7998
mean B0=81.1256 homogen=49647.6971
mean B0=105.2976 homogen=25230.2701
mean B0=108.1869 homogen=20936.357
mean B0=119.2669 homogen=61412.6518
mean B0=84.0453 homogen=46790.4919
mean B0=116.1998 homogen=47903.1674
mean B0=108.605 homogen=19092.9714
mean B0=87.3417 homogen=32080.822
mean B0=105.0731 homogen=12543.2772
mean B0=121.1376 homogen=68164.999
mean B0=116.5869 homogen=51435.7298
mean B0=93.5063 homogen=161755.8904
mean B0=102.6976 homogen=11177.8765
mean B0=117.4055 homogen=61850.4724
    90 |     3600 |     40 |  0.000000E+00 |  0.000000E+00 |  0.0112615785 |         ideal
mean B0=116.2131 homogen=51737.5132
mean B0=94.8739 homogen=29706.4229
mean B0=95.5154 homogen=29028.8266
mean B0=115.504 homogen=46883.401
mean B0=98.0657 homogen=31949.072
mean B0=108.8479 homogen=25587.1133
mean B0=101.1371 homogen=8817.3744
mean B0=104.7658 homogen=57532.7949
mean B0=106.711 homogen=15679.2191
mean B0=105.8315 homogen=15133.0909
mean B0=101.8546 homogen=12990.8456
mean B0=93.5418 homogen=74427.7037
mean B0=108.1837 homogen=18936.9374
mean B0=105.2183 homogen=12091.6327
mean B0=115.7958 homogen=46402.7397
mean B0=95.3197 homogen=16831.1792
mean B0=116.7253 homogen=50876.5756
mean B0=120.0598 homogen=60255.9037
mean B0=101.5319 homogen=10426.2904
mean B0=98.9875 homogen=30170.773
mean B0=108.3127 homogen=19122.5145
mean B0=111.4711 homogen=25232.3651
mean B0=119.8151 homogen=80489.6928
mean B0=111.2462 homogen=25437.1004
mean B0=112.7574 homogen=31460.1623
mean B0=97.0905 homogen=5857.1547
mean B0=116.3339 homogen=48559.0257
mean B0=109.8228 homogen=22913.182
mean B0=117.971 homogen=56567.3526
mean B0=112.3302 homogen=28970.2543
mean B0=101.9133 homogen=13452.8935
mean B0=109.7775 homogen=23844.0495
mean B0=111.4232 homogen=25152.3989
mean B0=112.7299 homogen=31662.3128
mean B0=114.4855 homogen=42728.0013
mean B0=105.8563 homogen=15541.7921
mean B0=102.5702 homogen=11502.9887
mean B0=83.6529 homogen=32682.5617
mean B0=106.0329 homogen=15197.718
mean B0=108.5903 homogen=22383.208
    91 |     3640 |     40 |  0.000000E+00 |  0.000000E+00 |  0.0026873103 |             f
mean B0=113.4026 homogen=35517.9308
mean B0=107.9768 homogen=21182.2925
mean B0=96.3172 homogen=49273.5966
mean B0=113.3381 homogen=30763.5616
mean B0=114.6694 homogen=35721.2488
mean B0=105.0732 homogen=27210.5298
mean B0=103.1559 homogen=14708.1297
mean B0=110.5392 homogen=24938.7297
mean B0=99.4996 homogen=10504.7661
mean B0=95.2129 homogen=30359.5413
mean B0=110.3232 homogen=25721.266
mean B0=115.7919 homogen=44398.3305
mean B0=113.8411 homogen=42932.6199
mean B0=101.9782 homogen=74499.5967
mean B0=95.3601 homogen=5698.0782
mean B0=107.6659 homogen=21223.0509
mean B0=104.2058 homogen=17691.1174
mean B0=103.3269 homogen=43596.4286
mean B0=101.2738 homogen=36137.2391
mean B0=105.5341 homogen=98565.8266
mean B0=110.9341 homogen=42936.6007
mean B0=113.5111 homogen=51133.4506
mean B0=107.5893 homogen=19349.8839
mean B0=109.4129 homogen=21350.9388
mean B0=121.2613 homogen=67566.6407
mean B0=85.2586 homogen=45215.1313
mean B0=116.4468 homogen=47721.4889
mean B0=110.5623 homogen=24097.954
mean B0=92.6992 homogen=125613.0305
mean B0=107.9232 homogen=18524.5884
mean B0=110.7917 homogen=23080.7303
mean B0=101.9972 homogen=19450.7238
mean B0=116.7493 homogen=45644.3976
mean B0=106.5297 homogen=16228.5993
mean B0=104.8855 homogen=16354.9179
mean B0=109.0854 homogen=33087.3427
mean B0=110.9424 homogen=29936.2079
mean B0=77.3479 homogen=69649.7614
mean B0=108.1354 homogen=17841.3841
mean B0=106.8328 homogen=15319.6899
    92 |     3680 |     39 |  0.000000E+00 |  0.000000E+00 |  0.0045685223 |         ideal
mean B0=105.8959 homogen=15835.1058
mean B0=114.8436 homogen=42467.3918
mean B0=90.0482 homogen=17784.6829
mean B0=117.9699 homogen=56572.1694
mean B0=99.2117 homogen=7744.0197
mean B0=94.6734 homogen=4760.6801
mean B0=106.645 homogen=14540.0384
mean B0=108.246 homogen=18502.0054
mean B0=120.1405 homogen=60011.8751
mean B0=112.7243 homogen=27341.2872
mean B0=113.5214 homogen=34176.9747
mean B0=107.5792 homogen=15889.0589
mean B0=110.9933 homogen=30885.8503
mean B0=111.2211 homogen=25192.9929
mean B0=115.0298 homogen=44121.8433
mean B0=110.9144 homogen=26149.853
mean B0=108.0317 homogen=20946.7977
mean B0=114.7762 homogen=35358.2497
mean B0=111.4583 homogen=29257.8965
mean B0=106.2886 homogen=15966.4079
mean B0=101.8032 homogen=9748.307
mean B0=121.2014 homogen=67271.6965
mean B0=102.0392 homogen=10849.2031
mean B0=110.793 homogen=23077.0129
mean B0=102.9149 homogen=11948.2155
mean B0=96.1828 homogen=7987.1801
mean B0=112.2138 homogen=29391.9235
mean B0=108.4135 homogen=28929.1038
mean B0=111.3416 homogen=25284.3682
mean B0=116.9843 homogen=50179.4917
mean B0=104.224 homogen=31721.8281
mean B0=113.3692 homogen=36384.2144
mean B0=121.1425 homogen=68292.9119
mean B0=97.5103 homogen=6244.4252
mean B0=115.6206 homogen=45017.9376
mean B0=106.8098 homogen=19670.2249
mean B0=106.4534 homogen=16830.8666
mean B0=102.6976 homogen=11177.8765
mean B0=92.1716 homogen=41589.8419
mean B0=115.2754 homogen=34049.5548
    93 |     3720 |     40 |  0.000000E+00 |  0.000000E+00 |  0.0062143865 |             f
mean B0=97.623 homogen=5928.6637
mean B0=107.5485 homogen=16152.8522
mean B0=113.2769 homogen=28468.7535
mean B0=108.7156 homogen=18938.8399
mean B0=107.7836 homogen=21550.773
mean B0=105.2564 homogen=12195.9935
mean B0=94.1828 homogen=3049.5597
mean B0=104.3852 homogen=21868.9491
mean B0=96.5382 homogen=15562.6651
mean B0=112.0539 homogen=26524.0266
mean B0=109.5084 homogen=21830.0679
mean B0=93.6671 homogen=6241.8645
mean B0=101.2806 homogen=9188.7178
mean B0=112.1764 homogen=25305.9681
mean B0=108.0953 homogen=33148.5853
mean B0=112.954 homogen=34624.7845
mean B0=101.6426 homogen=71663.9966
mean B0=97.2805 homogen=5830.062
mean B0=121.2889 homogen=68019.1906
mean B0=88.8425 homogen=29643.8785
mean B0=111.886 homogen=26636.7532
mean B0=113.1108 homogen=30431.4641
mean B0=115.0715 homogen=48562.2787
mean B0=92.4792 homogen=36816.0532
mean B0=111.5159 homogen=25979.9264
mean B0=100.9014 homogen=8022.7512
mean B0=102.6976 homogen=11177.8691
mean B0=103.7492 homogen=14907.9712
mean B0=96.8481 homogen=14396.0176
mean B0=89.0555 homogen=183199.9713
mean B0=102.8311 homogen=11503.541
mean B0=105.5828 homogen=14562.1349
mean B0=105.295 homogen=63437.7834
mean B0=86.0252 homogen=37929.2979
mean B0=108.1933 homogen=22663.8086
mean B0=80.6424 homogen=115742.6858
mean B0=111.4229 homogen=25148.6292
mean B0=115.2565 homogen=34141.7533
mean B0=97.5814 homogen=21154.2266
mean B0=108.4994 homogen=18056.8566
    94 |     3760 |     40 |  0.000000E+00 |  0.000000E+00 |  0.0069655610 |         nadir
mean B0=115.9392 homogen=50878.8186
mean B0=101.4407 homogen=9324.6783
mean B0=100.2205 homogen=22633.776
mean B0=109.7575 homogen=24254.0426
mean B0=107.6469 homogen=19279.5852
mean B0=107.7886 homogen=22239.4153
mean B0=105.7123 homogen=26326.1972
mean B0=95.7161 homogen=22652.9915
mean B0=113.7918 homogen=35544.8661
mean B0=116.9864 homogen=50127.013
mean B0=108.8188 homogen=18592.1176
mean B0=114.9568 homogen=34564.9212
mean B0=110.2984 homogen=24803.29
mean B0=94.7691 homogen=3320.6621
mean B0=85.4272 homogen=216271.1335
mean B0=95.945 homogen=25184.9251
mean B0=105.2564 homogen=12186.101
mean B0=106.8328 homogen=15320.0981
mean B0=106.0956 homogen=14475.243
mean B0=100.8187 homogen=16601.7517
mean B0=107.9417 homogen=17431.239
mean B0=86.2321 homogen=30395.6486
mean B0=115.3785 homogen=47554.4215
mean B0=111.3775 homogen=26159.8841
mean B0=110.0237 homogen=25613.3121
mean B0=100.6565 homogen=10620.4204
mean B0=99.9981 homogen=10963.6816
mean B0=119.1269 homogen=62917.0196
mean B0=83.7538 homogen=46178.0095
mean B0=115.7905 homogen=44446.3068
mean B0=109.4129 homogen=21350.9388
mean B0=106.3241 homogen=59352.1957
mean B0=107.3638 homogen=19382.145
mean B0=101.6117 homogen=9743.3493
mean B0=111.945 homogen=26985.0297
mean B0=114.9108 homogen=60675.0592
mean B0=105.2175 homogen=12100.4634
mean B0=102.3541 homogen=27031.492
mean B0=121.2889 homogen=68019.1799
mean B0=97.3266 homogen=6058.4107
    95 |     3800 |     40 |  0.000000E+00 |  0.000000E+00 |  0.0007350969 |             f
mean B0=110.889 homogen=25359.9997
mean B0=116.6052 homogen=44689.1246
mean B0=106.4282 homogen=14683.6777
mean B0=104.1464 homogen=31351.9138
mean B0=109.2493 homogen=22436.7298
mean B0=104.9512 homogen=14565.8733
mean B0=96.6087 homogen=23386.2601
mean B0=119.449 homogen=72170.1036
mean B0=101.2872 homogen=9145.4547
mean B0=111.4547 homogen=24694.1733
mean B0=105.4458 homogen=12437.5213
mean B0=114.8171 homogen=44254.6223
mean B0=99.8138 homogen=24102.5553
mean B0=111.4764 homogen=24819.5204
mean B0=95.1052 homogen=3491.6201
mean B0=115.7558 homogen=44456.167
mean B0=118.3238 homogen=57424.5037
mean B0=82.9843 homogen=41242.4975
mean B0=103.0659 homogen=10832.3998
mean B0=104.3784 homogen=18342.8801
mean B0=102.4878 homogen=69264.0924
mean B0=110.9115 homogen=23565.8413
mean B0=108.1636 homogen=24239.0798
mean B0=100.3294 homogen=25362.0244
mean B0=105.7939 homogen=21998.5426
mean B0=100.4924 homogen=11671.7004
mean B0=104.1829 homogen=30851.6601
mean B0=110.0766 homogen=25375.0828
mean B0=115.2681 homogen=34113.6345
mean B0=112.1249 homogen=25845.1709
mean B0=94.5575 homogen=3438.8174
mean B0=112.4312 homogen=28281.4775
mean B0=100.8107 homogen=8489.9534
mean B0=111.884 homogen=61949.9522
mean B0=96.3632 homogen=5607.8468
mean B0=115.7222 homogen=45513.1696
mean B0=107.7397 homogen=16989.2094
mean B0=110.0836 homogen=21246.3046
mean B0=113.4136 homogen=30967.8521
mean B0=101.7987 homogen=20075.099
    96 |     3840 |     40 |  0.000000E+00 |  0.000000E+00 |  0.0037701468 |             f
mean B0=108.1354 homogen=17841.2928
mean B0=101.6887 homogen=30509.7306
mean B0=95.6972 homogen=12974.0031
mean B0=112.7183 homogen=23815.6976
mean B0=119.1069 homogen=65247.5886
mean B0=106.8349 homogen=16298.5742
mean B0=102.8734 homogen=11302.1238
mean B0=106.9092 homogen=17541.416
mean B0=100.5793 homogen=10320.8946
mean B0=110.1438 homogen=18682.1338
mean B0=105.6554 homogen=22897.3836
mean B0=105.127 homogen=12721.0783
mean B0=115.4925 homogen=40222.0522
mean B0=105.9812 homogen=37064.6793
mean B0=110.0286 homogen=21024.9948
mean B0=112.0174 homogen=72096.6557
mean B0=111.4791 homogen=24613.7785
mean B0=99.0099 homogen=10600.3948
mean B0=86.4307 homogen=39757.6105
mean B0=101.6442 homogen=23106.1264
mean B0=115.7919 homogen=44398.3305
mean B0=99.3652 homogen=23498.726
mean B0=100.0523 homogen=7782.1587
mean B0=109.6288 homogen=61205.4717
mean B0=109.4348 homogen=18123.6042
mean B0=107.4474 homogen=21706.9964
mean B0=113.7366 homogen=29780.8115
mean B0=95.1938 homogen=8687.889
mean B0=107.5474 homogen=18126.6464
mean B0=122.1572 homogen=79560.0587
mean B0=97.7779 homogen=25037.3763
mean B0=102.2566 homogen=67966.8813
mean B0=101.9721 homogen=18809.6234
mean B0=100.0083 homogen=35296.3248
mean B0=116.808 homogen=46052.429
mean B0=118.0826 homogen=59786.4434
mean B0=88.5004 homogen=19024.9077
mean B0=101.1183 homogen=13411.5527
mean B0=94.9301 homogen=3046.3573
mean B0=101.2823 homogen=24312.0133
    97 |     3880 |     40 |  0.000000E+00 |  0.000000E+00 |  0.0318916143 |         ideal
mean B0=99.8276 homogen=24052.6342
mean B0=119.4185 homogen=69138.6649
mean B0=97.0735 homogen=27721.1738
mean B0=114.098 homogen=51535.833
mean B0=90.1733 homogen=25350.7068
mean B0=105.8457 homogen=114400.5681
mean B0=107.4589 homogen=29947.5541
mean B0=99.7121 homogen=94898.2936
mean B0=118.0414 homogen=57396.2512
mean B0=102.0374 homogen=10196.1613
mean B0=95.4488 homogen=3029.1509
mean B0=92.2379 homogen=119994.3409
mean B0=108.738 homogen=18730.5639
mean B0=106.3851 homogen=13791.7924
mean B0=109.9784 homogen=30323.6958
mean B0=112.7425 homogen=23746.4617
mean B0=100.355 homogen=7073.0233
mean B0=113.4991 homogen=30394.9896
mean B0=116.729 homogen=45862.6334
mean B0=95.1052 homogen=3491.6201
mean B0=107.0782 homogen=26620.2507
mean B0=111.8647 homogen=25693.6233
mean B0=107.4386 homogen=16455.0974
mean B0=107.9953 homogen=20322.4905
mean B0=115.415 homogen=34280.9222
mean B0=84.6443 homogen=251897.8342
mean B0=101.5664 homogen=11934.1699
mean B0=107.827 homogen=20889.7031
mean B0=118.2466 homogen=56680.6406
mean B0=111.195 homogen=28435.2869
mean B0=94.9886 homogen=76111.7311
mean B0=107.4277 homogen=16114.8742
mean B0=116.4911 homogen=47212.2943
mean B0=119.0972 homogen=60862.0876
mean B0=100.2031 homogen=25394.8289
mean B0=116.7873 homogen=46128.2585
mean B0=105.1273 homogen=15827.1823
mean B0=119.411 homogen=81391.2296
mean B0=107.1826 homogen=18201.0185
mean B0=103.0659 homogen=10832.4179
    98 |     3920 |     40 |  0.000000E+00 |  0.000000E+00 |  0.0194239658 |         nadir
mean B0=112.2325 homogen=62976.624
mean B0=96.8365 homogen=161474.2488
mean B0=111.3802 homogen=20025.1243
mean B0=104.9407 homogen=40816.2491
mean B0=96.3041 homogen=125228.5245
mean B0=104.975 homogen=22255.3958
mean B0=105.2254 homogen=57635.0354
mean B0=86.5696 homogen=39801.5745
mean B0=117.0064 homogen=50140.1682
mean B0=106.3826 homogen=16268.8381
mean B0=114.7798 homogen=61324.1463
mean B0=107.5503 homogen=16465.4702
mean B0=95.477 homogen=77924.6182
mean B0=118.8269 homogen=65929.9792
mean B0=112.8058 homogen=41080.3555
mean B0=112.0836 homogen=63179.3128
mean B0=112.0569 homogen=22692.2059
mean B0=111.8205 homogen=24116.5831
mean B0=95.227 homogen=39651.5128
mean B0=113.1156 homogen=51771.1952
mean B0=115.8792 homogen=44148.5261
mean B0=104.1384 homogen=19700.8345
mean B0=106.0422 homogen=14291.8877
mean B0=103.3068 homogen=46709.8248
mean B0=114.4461 homogen=49457.5985
mean B0=121.2221 homogen=67488.0719
mean B0=107.9028 homogen=39587.47
mean B0=113.2009 homogen=28720.9225
mean B0=95.4277 homogen=3016.1654
mean B0=113.0077 homogen=22174.9094
mean B0=109.3357 homogen=24814.5394
mean B0=101.832 homogen=9313.2509
mean B0=113.0682 homogen=31882.9383
mean B0=105.7106 homogen=11331.7433
mean B0=113.4798 homogen=26052.9929
mean B0=94.8798 homogen=49520.72
mean B0=104.4697 homogen=24561.1323
mean B0=110.4979 homogen=20594.1084
mean B0=122.0079 homogen=80297.4671
mean B0=102.3868 homogen=11533.0858
    99 |     3960 |     40 |  0.000000E+00 |  0.000000E+00 |  0.0032569581 |             f
mean B0=104.9782 homogen=23738.8325
mean B0=113.7578 homogen=26516.7997
mean B0=115.4378 homogen=39940.1337
mean B0=115.9678 homogen=46781.3387
mean B0=98.9811 homogen=20580.7496
mean B0=106.2815 homogen=13486.4006
mean B0=121.4535 homogen=68649.6973
mean B0=101.1214 homogen=8909.1137
mean B0=110.5965 homogen=24120.1271
mean B0=116.9943 homogen=50358.4139
mean B0=106.8859 homogen=13715.1607
mean B0=110.8965 homogen=36817.1555
mean B0=112.4691 homogen=27952.1954
mean B0=120.6251 homogen=60884.3417
mean B0=112.5967 homogen=26674.243
mean B0=104.017 homogen=37670.6385
mean B0=121.0817 homogen=68425.034
mean B0=118.1293 homogen=57114.4289
mean B0=110.4219 homogen=61545.2798
mean B0=97.404 homogen=6214.5307
mean B0=109.8166 homogen=29881.8548
mean B0=101.3432 homogen=8746.67
mean B0=109.3536 homogen=27164.249
mean B0=106.7518 homogen=22765.5487
mean B0=98.0336 homogen=13230.4739
mean B0=116.8642 homogen=46203.3057
mean B0=107.9423 homogen=18072.2716
mean B0=117.1526 homogen=50197.4404
mean B0=106.1808 homogen=57243.6095
mean B0=106.5781 homogen=15934.8071
mean B0=106.4025 homogen=15064.8162
mean B0=104.0203 homogen=15908.7671
mean B0=97.1398 homogen=11706.7661
mean B0=111.5913 homogen=25545.3718
mean B0=106.9322 homogen=22319.3928
mean B0=111.6127 homogen=81285.3465
mean B0=122.2801 homogen=78370.6558
mean B0=118.4595 homogen=56876.0418
mean B0=102.7216 homogen=35532.138
mean B0=106.5156 homogen=14859.5827
   100 |     4000 |     40 |  0.000000E+00 |  0.000000E+00 |  0.0045749180 |         ideal
mean B0=108.0839 homogen=21338.1281
mean B0=120.1405 homogen=60013.2233
mean B0=100.8115 homogen=8235.7701
mean B0=103.2815 homogen=20002.7482
mean B0=95.6638 homogen=34363.9989
mean B0=106.5845 homogen=90486.305
mean B0=95.8252 homogen=24441.2936
mean B0=116.186 homogen=50650.7985
mean B0=76.3603 homogen=71713.3203
mean B0=113.5082 homogen=26134.3133
mean B0=110.8978 homogen=61039.6475
mean B0=109.0819 homogen=77050.8172
mean B0=107.1813 homogen=28520.3165
mean B0=111.2548 homogen=24760.5249
mean B0=122.2874 homogen=78340.7918
mean B0=116.6289 homogen=49928.4692
mean B0=115.5178 homogen=40298.6619
mean B0=119.3131 homogen=70940.0224
mean B0=114.9207 homogen=38471.2734
mean B0=96.8799 homogen=5296.6074
mean B0=100.82 homogen=60064.0157
mean B0=116.6052 homogen=44689.1246
mean B0=92.1068 homogen=34932.2893
mean B0=115.8972 homogen=56529.5656
mean B0=107.9383 homogen=39849.8389
mean B0=107.0823 homogen=13269.8092
mean B0=104.8334 homogen=14712.6289
mean B0=115.9938 homogen=43719.039
mean B0=103.0058 homogen=27539.829
mean B0=105.1617 homogen=32709.1324
mean B0=112.7491 homogen=27493.7457
mean B0=105.6484 homogen=11418.1314
mean B0=109.4494 homogen=55351.5768
mean B0=111.5174 homogen=30863.6637
mean B0=112.4239 homogen=21084.4865
mean B0=101.4014 homogen=170689.9097
mean B0=95.4156 homogen=3074.9704
mean B0=110.1847 homogen=24701.8786
mean B0=107.5084 homogen=19710.0092
mean B0=97.5533 homogen=5732.9359
   101 |     4040 |     40 |  0.000000E+00 |  0.000000E+00 |  0.0009694019 |             f
mean B0=111.8178 homogen=23754.9687
mean B0=84.6819 homogen=51853.4921
mean B0=116.5858 homogen=47192.6316
mean B0=96.8977 homogen=5340.8006
mean B0=96.5425 homogen=51573.935
mean B0=113.7578 homogen=26516.7997
mean B0=104.0435 homogen=26823.1666
mean B0=119.3324 homogen=67473.5724
mean B0=85.4993 homogen=43236.3175
mean B0=110.8647 homogen=26562.326
mean B0=111.96 homogen=25157.7704
mean B0=89.8821 homogen=15140.677
mean B0=96.3208 homogen=11667.2005
mean B0=120.0869 homogen=58588.2416
mean B0=106.806 homogen=13886.4501
mean B0=99.087 homogen=34653.7821
mean B0=119.5706 homogen=54434.5333
mean B0=111.4617 homogen=27046.8699
mean B0=113.2457 homogen=26798.195
mean B0=112.189 homogen=39099.254
mean B0=115.6913 homogen=57234.4177
mean B0=121.406 homogen=68673.4308
mean B0=87.0609 homogen=128559.4295
mean B0=97.5364 homogen=5688.8383
mean B0=101.905 homogen=9173.0674
mean B0=115.2754 homogen=34049.5548
mean B0=88.9889 homogen=46685.0828
mean B0=89.0179 homogen=29679.8946
mean B0=118.2783 homogen=55561.949
mean B0=113.94 homogen=40925.2517
mean B0=109.4977 homogen=21616.9351
mean B0=118.4595 homogen=56876.0418
mean B0=101.9331 homogen=17790.4845
mean B0=116.5151 homogen=45461.7482
mean B0=89.8424 homogen=31172.5963
mean B0=105.7546 homogen=34439.8116
mean B0=113.7867 homogen=26917.956
mean B0=98.0069 homogen=24212.0635
mean B0=108.2903 homogen=18148.3219
mean B0=106.1275 homogen=14761.5248
   102 |     4080 |     40 |  0.000000E+00 |  0.000000E+00 |  0.0028847483 |             f
mean B0=113.6194 homogen=46664.7025
mean B0=112.6937 homogen=21041.4745
mean B0=104.0842 homogen=37158.0535
mean B0=113.2507 homogen=38040.1227
mean B0=103.5654 homogen=30361.8547
mean B0=109.1472 homogen=30656.7825
mean B0=111.0156 homogen=25685.9421
mean B0=119.1016 homogen=53874.9007
mean B0=97.228 homogen=175347.024
mean B0=103.6731 homogen=9944.1611
mean B0=121.2164 homogen=67210.5736
mean B0=111.4843 homogen=25392.2942
mean B0=114.1467 homogen=31412.3534
mean B0=110.2743 homogen=22006.4293
mean B0=93.5163 homogen=13682.2298
mean B0=103.8936 homogen=12176.9251
mean B0=111.3683 homogen=21824.1382
mean B0=100.8124 homogen=9670.7483
mean B0=105.7106 homogen=11331.7433
mean B0=102.1927 homogen=37092.9734
mean B0=113.2007 homogen=26109.2519
mean B0=99.6965 homogen=14163.9456
mean B0=105.6939 homogen=28644.2679
mean B0=113.372 homogen=27442.621
mean B0=111.3226 homogen=25585.9933
mean B0=111.9905 homogen=36269.772
mean B0=108.9832 homogen=25420.9697
mean B0=102.0428 homogen=65549.0547
mean B0=100.3607 homogen=12214.9577
mean B0=106.9848 homogen=15327.1601
mean B0=116.855 homogen=46322.9796
mean B0=119.3718 homogen=52107.1576
mean B0=120.1894 homogen=68589.3616
mean B0=119.0545 homogen=81705.9919
mean B0=119.3979 homogen=56597.5886
mean B0=107.595 homogen=19620.1619
mean B0=116.5272 homogen=42236.4921
mean B0=103.2115 homogen=10449.3872
mean B0=108.4994 homogen=18056.8566
mean B0=110.5296 homogen=21617.7604
   103 |     4120 |     40 |  0.000000E+00 |  0.000000E+00 |  0.0043171053 |             f
mean B0=113.5201 homogen=64134.1405
mean B0=112.8311 homogen=20493.0072
mean B0=94.186 homogen=114516.1281
mean B0=113.3933 homogen=141962.5758
mean B0=104.7612 homogen=12272.1562
mean B0=110.1168 homogen=30132.5191
mean B0=108.3588 homogen=17128.4659
mean B0=108.5633 homogen=22468.6388
mean B0=119.9816 homogen=62504.7286
mean B0=115.815 homogen=41717.6557
mean B0=109.2645 homogen=28036.8689
mean B0=117.1484 homogen=44260.9228
mean B0=116.7866 homogen=42805.5011
mean B0=114.5465 homogen=31613.9427
mean B0=99.7846 homogen=78934.9002
mean B0=109.0036 homogen=17202.6858
mean B0=120.9353 homogen=63207.87
mean B0=116.6843 homogen=44587.2667
mean B0=115.9483 homogen=47318.875
mean B0=98.3615 homogen=19727.4533
mean B0=100.0867 homogen=14656.8207
mean B0=113.42 homogen=26011.9969
mean B0=118.8349 homogen=52226.3442
mean B0=100.5467 homogen=24268.149
mean B0=105.8566 homogen=16272.6316
mean B0=104.2672 homogen=35326.7551
mean B0=112.3788 homogen=23539.3918
mean B0=113.8306 homogen=55398.9622
mean B0=90.8253 homogen=26717.1517
mean B0=100.0574 homogen=8069.3647
mean B0=115.3497 homogen=32735.932
mean B0=105.9825 homogen=14660.2672
mean B0=122.1462 homogen=76264.3307
mean B0=104.2863 homogen=14971.7193
mean B0=110.1694 homogen=25214.219
mean B0=97.0617 homogen=7428.1266
mean B0=120.1705 homogen=58362.0711
mean B0=119.4611 homogen=53748.7348
mean B0=97.6361 homogen=18785.6936
mean B0=113.6081 homogen=35669.5844
   104 |     4160 |     40 |  0.000000E+00 |  0.000000E+00 |  0.0046233114 |             f
mean B0=112.5873 homogen=57466.7299
mean B0=100.9014 homogen=8022.7512
mean B0=102.5573 homogen=33307.7651
mean B0=108.966 homogen=16906.7865
mean B0=117.456 homogen=48624.6828
mean B0=107.464 homogen=17462.4474
mean B0=110.3102 homogen=19748.9119
mean B0=97.6191 homogen=5972.2609
mean B0=120.373 homogen=57640.9149
mean B0=114.0165 homogen=71055.7368
mean B0=113.1405 homogen=58755.4398
mean B0=107.4114 homogen=13785.9175
mean B0=99.3335 homogen=24308.6586
mean B0=82.1824 homogen=34660.2457
mean B0=122.0104 homogen=76053.4808
mean B0=101.3557 homogen=8517.2298
mean B0=103.9471 homogen=34445.2711
mean B0=117.6996 homogen=43070.186
mean B0=117.164 homogen=48484.1192
mean B0=115.4718 homogen=40245.005
mean B0=108.8585 homogen=31934.0841
mean B0=113.7867 homogen=26917.956
mean B0=113.1708 homogen=26714.102
mean B0=116.2154 homogen=36927.1674
mean B0=119.0924 homogen=53238.4539
mean B0=101.893 homogen=12408.6288
mean B0=104.4686 homogen=13091.0666
mean B0=114.145 homogen=31284.0222
mean B0=121.0079 homogen=68023.8861
mean B0=111.5415 homogen=21908.3676
mean B0=76.6072 homogen=150166.696
mean B0=112.4259 homogen=21977.3887
mean B0=118.1972 homogen=60339.6538
mean B0=105.0479 homogen=10754.0494
mean B0=106.5268 homogen=14344.1044
mean B0=109.4189 homogen=18373.3226
mean B0=121.5541 homogen=69422.7566
mean B0=109.073 homogen=32113.9849
mean B0=72.4546 homogen=64368.9909
mean B0=108.9427 homogen=73930.9277
   105 |     4200 |     40 |  0.000000E+00 |  0.000000E+00 |  0.0042676558 |             f
mean B0=120.7249 homogen=64164.8602
mean B0=101.9037 homogen=8326.1727
mean B0=84.4804 homogen=52684.015
mean B0=103.0986 homogen=11777.9558
mean B0=104.8544 homogen=11327.2593
mean B0=108.5408 homogen=16406.1024
mean B0=117.6996 homogen=43070.186
mean B0=100.5349 homogen=11071.5188
mean B0=110.2376 homogen=18792.1378
mean B0=117.4652 homogen=61227.0786
mean B0=120.1664 homogen=75958.5253
mean B0=120.3082 homogen=57223.5787
mean B0=115.9323 homogen=34695.4808
mean B0=119.2377 homogen=52962.3498
mean B0=120.2436 homogen=57156.4267
mean B0=122.2501 homogen=78262.1329
mean B0=113.7752 homogen=23802.7022
mean B0=114.4815 homogen=38805.008
mean B0=105.8691 homogen=13138.3149
mean B0=101.1747 homogen=22189.6683
mean B0=107.7673 homogen=15366.3428
mean B0=105.7174 homogen=12236.8795
mean B0=107.8031 homogen=32750.9901
mean B0=111.5544 homogen=24902.2525
mean B0=114.3632 homogen=30401.9184
mean B0=109.7207 homogen=17429.5426
mean B0=98.6184 homogen=13500.159
mean B0=108.4462 homogen=70041.9638
mean B0=122.051 homogen=76000.6675
mean B0=100.1459 homogen=11284.1492
mean B0=110.5163 homogen=22930.9406
mean B0=113.7917 homogen=25831.6496
mean B0=103.9401 homogen=11507.0098
mean B0=81.7862 homogen=50307.8956
mean B0=93.6298 homogen=165877.0904
mean B0=114.5779 homogen=31741.3025
mean B0=120.1892 homogen=60750.9894
mean B0=97.8474 homogen=5074.1348
mean B0=110.8758 homogen=84279.5562
mean B0=103.3576 homogen=19084.0497
   106 |     4240 |     40 |  0.000000E+00 |  0.000000E+00 |  0.0039673937 |             f
mean B0=99.05 homogen=25543.1554
mean B0=99.6967 homogen=26004.5995
mean B0=119.574 homogen=54118.558
mean B0=115.3328 homogen=34812.7981
mean B0=122.2878 homogen=78337.3063
mean B0=120.1659 homogen=58824.1866
mean B0=105.1668 homogen=25817.1898
mean B0=120.4759 homogen=61376.7952
mean B0=115.9104 homogen=34838.3368
mean B0=108.8702 homogen=24129.9449
mean B0=104.0082 homogen=29440.6168
mean B0=99.9062 homogen=13402.3939
mean B0=112.8033 homogen=40693.5679
mean B0=122.4959 homogen=76213.585
mean B0=110.3929 homogen=15460.4295
mean B0=120.2668 homogen=61016.6857
mean B0=106.6844 homogen=14209.9534
mean B0=114.248 homogen=31520.9168
mean B0=79.6369 homogen=252973.5295
mean B0=101.6866 homogen=32257.9219
mean B0=102.7443 homogen=24868.9608
mean B0=108.5184 homogen=16469.9225
mean B0=120.7414 homogen=59894.4195
mean B0=112.6616 homogen=24502.4425
mean B0=122.0507 homogen=76002.1932
mean B0=114.0659 homogen=24839.4739
mean B0=112.1441 homogen=25404.9086
mean B0=113.544 homogen=24706.1039
mean B0=94.7056 homogen=10048.3024
mean B0=115.2144 homogen=62502.274
mean B0=114.5779 homogen=31741.4988
mean B0=87.0273 homogen=38193.6422
mean B0=113.9181 homogen=26490.2564
mean B0=108.6693 homogen=31828.8595
mean B0=109.7614 homogen=18627.9159
mean B0=104.8493 homogen=14497.5848
mean B0=98.0388 homogen=5480.0555
mean B0=117.8165 homogen=41567.1381
mean B0=103.0703 homogen=15225.7581
mean B0=115.2625 homogen=31351.6392
   107 |     4280 |     37 |  0.000000E+00 |  0.000000E+00 |  0.0077022296 |         ideal
mean B0=100.0675 homogen=12780.031
mean B0=105.3012 homogen=12988.0493
mean B0=111.2322 homogen=19815.1116
mean B0=95.9296 homogen=20833.1539
mean B0=113.3573 homogen=36982.7223
mean B0=85.939 homogen=37878.3231
mean B0=101.8243 homogen=67132.1278
mean B0=86.4178 homogen=35878.4779
mean B0=105.2315 homogen=11178.2988
mean B0=117.8644 homogen=42766.2234
mean B0=121.4639 homogen=70008.6403
mean B0=119.1769 homogen=54736.753
mean B0=115.1551 homogen=46061.9518
mean B0=103.6961 homogen=9980.3113
mean B0=115.7738 homogen=33444.914
mean B0=95.131 homogen=3234.2237
mean B0=100.8769 homogen=11180.2906
mean B0=113.3365 homogen=25858.369
mean B0=120.1904 homogen=56632.2737
mean B0=123.3621 homogen=84848.0435
mean B0=99.8093 homogen=11854.4901
mean B0=101.9352 homogen=11490.6489
mean B0=114.2108 homogen=25051.2102
mean B0=111.5826 homogen=25989.5342
mean B0=104.4737 homogen=15551.0782
mean B0=113.2393 homogen=23602.2802
mean B0=117.7856 homogen=72213.3532
mean B0=122.2498 homogen=77348.0102
mean B0=120.4707 homogen=60794.507
mean B0=107.3805 homogen=12908.4645
mean B0=121.958 homogen=69425.546
mean B0=115.3674 homogen=32896.6788
mean B0=106.1851 homogen=14284.1744
mean B0=114.3419 homogen=30347.4789
mean B0=122.0346 homogen=79173.1986
mean B0=98.0266 homogen=5567.997
mean B0=114.814 homogen=52215.4804
mean B0=100.217 homogen=14596.5683
mean B0=113.0199 homogen=21023.2604
mean B0=107.4449 homogen=22050.6361
   108 |     4320 |     40 |  0.000000E+00 |  0.000000E+00 |  0.0310076844 |         ideal
mean B0=105.3585 homogen=14570.0106
mean B0=109.8473 homogen=43346.7875
mean B0=113.6755 homogen=56700.9605
mean B0=118.4052 homogen=48919.3815
mean B0=115.4514 homogen=34342.4416
mean B0=117.5749 homogen=44070.4154
mean B0=108.1568 homogen=19862.0113
mean B0=110.2889 homogen=21673.5655
mean B0=113.0209 homogen=24142.736
mean B0=98.0059 homogen=5441.5009
mean B0=109.8467 homogen=31470.9068
mean B0=107.8976 homogen=23037.8983
mean B0=89.3837 homogen=38686.2093
mean B0=116.2154 homogen=36927.1674
mean B0=100.2254 homogen=6714.177
mean B0=114.3631 homogen=30403.3314
mean B0=119.6402 homogen=70230.184
mean B0=120.9491 homogen=62465.7068
mean B0=100.1691 homogen=9810.6454
mean B0=122.6995 homogen=74157.0277
mean B0=108.6606 homogen=15126.8026
mean B0=111.1854 homogen=21084.582
mean B0=108.6219 homogen=40900.269
mean B0=120.5404 homogen=58796.1876
mean B0=105.8245 homogen=12209.3642
mean B0=119.8101 homogen=58649.9144
mean B0=108.4147 homogen=19868.5751
mean B0=94.8727 homogen=37630.015
mean B0=122.2683 homogen=75016.2561
mean B0=95.4599 homogen=3045.1643
mean B0=110.5795 homogen=28660.9622
mean B0=119.156 homogen=82134.988
mean B0=111.1881 homogen=21098.21
mean B0=113.7752 homogen=23802.7022
mean B0=111.2259 homogen=19438.4806
mean B0=114.2109 homogen=25050.9184
mean B0=111.2023 homogen=96577.5299
mean B0=112.8103 homogen=21108.4735
mean B0=119.3631 homogen=57110.9882
mean B0=120.8079 homogen=64688.0135
   109 |     4360 |     40 |  0.000000E+00 |  0.000000E+00 |  0.0040031952 |             f
mean B0=116.823 homogen=44120.3267
mean B0=110.8052 homogen=35261.0083
mean B0=122.4458 homogen=75487.4803
mean B0=121.972 homogen=67322.6697
mean B0=95.252 homogen=4807.5581
mean B0=100.9144 homogen=20058.4676
mean B0=120.7572 homogen=59527.5488
mean B0=101.971 homogen=8022.8834
mean B0=103.2157 homogen=17480.7843
mean B0=118.9827 homogen=51290.0322
mean B0=115.0644 homogen=30304.3738
mean B0=104.0375 homogen=19754.0002
mean B0=123.099 homogen=71995.7465
mean B0=103.2754 homogen=10276.981
mean B0=116.0696 homogen=35347.8664
mean B0=102.5133 homogen=23302.0095
mean B0=114.1732 homogen=45796.8593
mean B0=119.9336 homogen=61766.395
mean B0=119.3258 homogen=64610.8132
mean B0=108.1427 homogen=12809.209
mean B0=100.5832 homogen=18408.295
mean B0=112.7369 homogen=25384.502
mean B0=116.9146 homogen=37626.9303
mean B0=114.97 homogen=27092.8736
mean B0=100.5816 homogen=7072.1776
mean B0=102.9375 homogen=25979.566
mean B0=119.3566 homogen=52425.9433
mean B0=110.7872 homogen=23370.2196
mean B0=112.5632 homogen=92729.7088
mean B0=105.8746 homogen=78945.9535
mean B0=119.5886 homogen=55662.5479
mean B0=104.8968 homogen=14485.9598
mean B0=111.8829 homogen=21831.5029
mean B0=115.8466 homogen=33681.9004
mean B0=117.7275 homogen=41799.529
mean B0=110.8738 homogen=26932.9082
mean B0=95.4943 homogen=3094.2854
mean B0=116.4395 homogen=36269.35
mean B0=115.1832 homogen=25063.0741
mean B0=94.919 homogen=34100.9197
   110 |     4400 |     40 |  0.000000E+00 |  0.000000E+00 |  0.0058054798 |             f
mean B0=111.3316 homogen=20548.7522
mean B0=120.4055 homogen=57529.5536
mean B0=101.5088 homogen=26234.3493
mean B0=100.7202 homogen=21063.5999
mean B0=114.0689 homogen=26250.5392
mean B0=105.532 homogen=14814.4996
mean B0=120.7647 homogen=63232.0545
mean B0=95.537 homogen=3491.9984
mean B0=101.7422 homogen=153772.4618
mean B0=117.2426 homogen=40337.0937
mean B0=109.8471 homogen=25183.8141
mean B0=108.678 homogen=15094.3789
mean B0=118.4052 homogen=48918.2773
mean B0=123.099 homogen=71995.7465
mean B0=79.1617 homogen=53255.0416
mean B0=101.9234 homogen=8315.4405
mean B0=116.6068 homogen=37767.7622
mean B0=107.909 homogen=12062.4152
mean B0=116.2895 homogen=90585.0996
mean B0=109.5092 homogen=26837.422
mean B0=104.1126 homogen=12921.6355
mean B0=116.7501 homogen=89583.1115
mean B0=102.2111 homogen=28169.4864
mean B0=117.5252 homogen=41462.1143
mean B0=104.9075 homogen=33679.5647
mean B0=110.035 homogen=25996.5537
mean B0=103.6961 homogen=9980.3113
mean B0=119.0933 homogen=51843.4845
mean B0=112.3984 homogen=22967.7333
mean B0=122.1936 homogen=75604.6404
mean B0=101.3206 homogen=11310.7441
mean B0=98.026 homogen=5415.9424
mean B0=119.574 homogen=54119.6723
mean B0=111.2259 homogen=19438.4806
mean B0=112.47 homogen=48161.5634
mean B0=115.4216 homogen=44534.5812
mean B0=118.2454 homogen=43047.0873
mean B0=113.2691 homogen=22029.1648
mean B0=115.0901 homogen=25096.2791
mean B0=114.3286 homogen=23286.8816
   111 |     4440 |     40 |  0.000000E+00 |  0.000000E+00 |  0.0027075008 |             f
mean B0=109.4693 homogen=15161.5717
mean B0=105.3969 homogen=20846.8328
mean B0=102.3488 homogen=14219.0535
mean B0=116.0062 homogen=54726.8046
mean B0=112.9871 homogen=23909.9988
mean B0=104.9288 homogen=13633.4897
mean B0=113.0511 homogen=21430.0742
mean B0=115.4492 homogen=31627.7567
mean B0=118.2944 homogen=61232.0489
mean B0=95.4277 homogen=3016.1654
mean B0=112.2561 homogen=63862.0885
mean B0=120.8955 homogen=61591.6766
mean B0=124.6255 homogen=89336.6721
mean B0=101.3204 homogen=10525.2552
mean B0=109.323 homogen=31421.1494
mean B0=114.636 homogen=28173.7711
mean B0=114.1272 homogen=24923.7634
mean B0=117.1227 homogen=62323.574
mean B0=119.9527 homogen=55311.5586
mean B0=113.7591 homogen=48272.2935
mean B0=105.76 homogen=32047.1977
mean B0=116.9552 homogen=48253.6594
mean B0=106.5651 homogen=17007.8443
mean B0=123.059 homogen=72296.7474
mean B0=107.902 homogen=19566.0045
mean B0=114.5755 homogen=31422.8612
mean B0=110.3003 homogen=85586.6082
mean B0=121.1362 homogen=66972.7498
mean B0=101.1926 homogen=10731.4575
mean B0=112.8311 homogen=20493.0072
mean B0=120.7809 homogen=62910.1567
mean B0=112.9122 homogen=20406.254
mean B0=94.052 homogen=114499.9386
mean B0=107.8866 homogen=14444.4951
mean B0=116.762 homogen=54026.4612
mean B0=113.9158 homogen=24328.8287
mean B0=111.7186 homogen=42112.7541
mean B0=96.6068 homogen=13681.7894
mean B0=115.9279 homogen=35971.7307
mean B0=106.1904 homogen=23226.2397
   112 |     4480 |     40 |  0.000000E+00 |  0.000000E+00 |  0.0432719424 |         ideal
mean B0=109.4904 homogen=17775.6273
mean B0=113.3958 homogen=21305.869
mean B0=124.6184 homogen=89382.2643
mean B0=110.1838 homogen=16889.2488
mean B0=120.7468 homogen=56159.7593
mean B0=95.8712 homogen=57177.5247
mean B0=114.3031 homogen=23359.7573
mean B0=119.7256 homogen=54961.5672
mean B0=120.1064 homogen=70352.8387
mean B0=96.0456 homogen=3192.8643
mean B0=111.8152 homogen=57548.2288
mean B0=105.4178 homogen=34354.8405
mean B0=101.9709 homogen=8024.3763
mean B0=115.8657 homogen=32595.8391
mean B0=118.6203 homogen=42006.5954
mean B0=97.9039 homogen=5014.1074
mean B0=116.9187 homogen=60075.0216
mean B0=123.0595 homogen=85014.0125
mean B0=117.2426 homogen=40337.0937
mean B0=109.9651 homogen=18576.6374
mean B0=121.167 homogen=60458.825
mean B0=104.9464 homogen=11254.316
mean B0=115.1902 homogen=25030.0795
mean B0=100.7357 homogen=6382.0515
mean B0=123.1093 homogen=75516.2723
mean B0=111.7865 homogen=58149.4308
mean B0=115.2882 homogen=31262.8852
mean B0=112.0705 homogen=26728.1476
mean B0=105.2388 homogen=14003.7596
mean B0=95.141 homogen=16289.8457
mean B0=95.0653 homogen=5589.9857
mean B0=118.4681 homogen=50576.2629
mean B0=111.2266 homogen=19436.3891
mean B0=108.4394 homogen=14528.2701
mean B0=115.4906 homogen=34233.0813
mean B0=95.4233 homogen=3038.957
mean B0=118.9803 homogen=51333.5052
mean B0=78.9855 homogen=52536.5551
mean B0=112.9122 homogen=20406.254
mean B0=109.0693 homogen=16935.9569
   113 |     4520 |     40 |  0.000000E+00 |  0.000000E+00 |  0.0042084491 |             f
mean B0=116.8946 homogen=37553.1804
mean B0=98.0197 homogen=5611.3638
mean B0=114.96 homogen=29085.4998
mean B0=116.3294 homogen=35913.3243
mean B0=104.887 homogen=12717.8954
mean B0=62.1214 homogen=78745.4874
mean B0=120.2838 homogen=63700.3671
mean B0=123.1363 homogen=72296.9447
mean B0=119.3818 homogen=58498.5761
mean B0=117.1372 homogen=41361.8316
mean B0=102.2023 homogen=36642.5294
mean B0=121.1653 homogen=75797.5079
mean B0=116.7007 homogen=36085.0767
mean B0=111.7352 homogen=20657.4713
mean B0=121.3796 homogen=60449.86
mean B0=110.4908 homogen=81936.6803
mean B0=121.2175 homogen=67317.5981
mean B0=120.6319 homogen=59178.4638
mean B0=107.909 homogen=12062.4152
mean B0=105.3688 homogen=14566.1324
mean B0=119.0027 homogen=51355.8106
mean B0=110.1206 homogen=15561.5649
mean B0=101.6288 homogen=24047.7068
mean B0=103.7555 homogen=10119.1949
mean B0=100.9223 homogen=8432.6389
mean B0=108.7985 homogen=16091.477
mean B0=116.8357 homogen=34683.8782
mean B0=123.072 homogen=75199.6843
mean B0=96.0746 homogen=3884.5565
mean B0=120.0748 homogen=54112.8022
mean B0=115.0303 homogen=94820.467
mean B0=106.9957 homogen=48576.9734
mean B0=113.4231 homogen=22938.8056
mean B0=101.7641 homogen=9017.0818
mean B0=114.5966 homogen=23115.57
mean B0=107.077 homogen=17985.7181
mean B0=102.8594 homogen=25563.9013
mean B0=111.4949 homogen=20158.3154
mean B0=108.4394 homogen=14528.2701
mean B0=111.6145 homogen=21274.7286
   114 |     4560 |     40 |  0.000000E+00 |  0.000000E+00 |  0.0023145284 |             f
mean B0=116.9022 homogen=43058.1906
mean B0=124.7623 homogen=87148.4808
mean B0=118.8746 homogen=50714.6733
mean B0=108.5048 homogen=39471.7687
mean B0=108.0344 homogen=14990.9068
mean B0=117.588 homogen=39975.786
mean B0=102.901 homogen=42166.4682
mean B0=117.9824 homogen=42061.7766
mean B0=106.8931 homogen=23128.2448
mean B0=97.2386 homogen=9921.9464
mean B0=120.7914 homogen=62967.6025
mean B0=123.1326 homogen=75532.6188
mean B0=115.1132 homogen=35915.3071
mean B0=105.3713 homogen=13719.5169
mean B0=100.9231 homogen=11286.2707
mean B0=110.4331 homogen=15260.7953
mean B0=111.382 homogen=59515.5561
mean B0=107.5082 homogen=67661.7977
mean B0=116.441 homogen=37831.1036
mean B0=122.8704 homogen=70955.2332
mean B0=111.7093 homogen=21796.3273
mean B0=111.6685 homogen=54689.69
mean B0=113.855 homogen=23826.9937
mean B0=99.7911 homogen=37460.8199
mean B0=105.1548 homogen=11779.6763
mean B0=110.9111 homogen=19669.4464
mean B0=114.5653 homogen=30978.4705
mean B0=124.0007 homogen=84262.9044
mean B0=101.6733 homogen=167789.9757
mean B0=97.9539 homogen=5159.485
mean B0=114.6524 homogen=25263.2081
mean B0=120.7613 homogen=56409.5634
mean B0=109.3406 homogen=18431.3204
mean B0=101.4702 homogen=11263.9495
mean B0=111.8567 homogen=30005.6214
mean B0=113.3196 homogen=21837.2004
mean B0=109.4932 homogen=29513.3367
mean B0=107.1162 homogen=25053.8423
mean B0=108.3126 homogen=23324.0589
mean B0=114.5061 homogen=24477.0994
   115 |     4600 |     40 |  0.000000E+00 |  0.000000E+00 |  0.0046620056 |         ideal
mean B0=123.1759 homogen=72196.8086
mean B0=121.112 homogen=66495.2183
mean B0=113.6254 homogen=31554.1691
mean B0=104.2239 homogen=11235.4065
mean B0=115.867 homogen=25289.6402
mean B0=107.978 homogen=12237.5265
mean B0=69.0487 homogen=69222.4329
mean B0=123.9237 homogen=83468.9677
mean B0=99.2186 homogen=16513.4886
mean B0=116.2365 homogen=43869.5533
mean B0=117.8589 homogen=62563.447
mean B0=120.5289 homogen=58547.3035
mean B0=114.9191 homogen=22246.0825
mean B0=121.3441 homogen=60121.1077
mean B0=95.4521 homogen=2821.0651
mean B0=91.519 homogen=17089.5485
mean B0=101.1491 homogen=21991.5146
mean B0=106.4997 homogen=12640.3919
mean B0=96.3158 homogen=41727.3853
mean B0=112.5141 homogen=21568.7114
mean B0=124.7221 homogen=87247.9037
mean B0=121.8495 homogen=58530.0158
mean B0=112.2649 homogen=24737.2504
mean B0=107.3781 homogen=15215.0595
mean B0=116.1522 homogen=34533.4515
mean B0=112.8124 homogen=20227.9771
mean B0=121.972 homogen=67322.6697
mean B0=94.4697 homogen=10821.5184
mean B0=116.6694 homogen=36585.9479
mean B0=109.5204 homogen=17710.7072
mean B0=116.614 homogen=35658.233
mean B0=114.849 homogen=31493.915
mean B0=103.8563 homogen=11814.7427
mean B0=117.6085 homogen=40291.8775
mean B0=113.2703 homogen=24013.5875
mean B0=99.4569 homogen=18421.9828
mean B0=100.4778 homogen=22457.2853
mean B0=104.6992 homogen=78956.9638
mean B0=116.3401 homogen=35360.1201
mean B0=109.6352 homogen=16884.0756
   116 |     4640 |     40 |  0.000000E+00 |  0.000000E+00 |  0.0027865281 |             f
mean B0=104.99 homogen=37342.1945
mean B0=104.4267 homogen=17273.5348
mean B0=117.1909 homogen=47652.4599
mean B0=103.406 homogen=9638.798
mean B0=107.6854 homogen=13931.2082
mean B0=112.9125 homogen=20608.1838
mean B0=89.5451 homogen=128756.7011
mean B0=111.8297 homogen=20800.2204
mean B0=99.9826 homogen=127626.3001
mean B0=111.1164 homogen=19618.4658
mean B0=123.0559 homogen=69134.6885
mean B0=118.9864 homogen=49811.3315
mean B0=124.7623 homogen=87148.4808
mean B0=116.4139 homogen=33983.5975
mean B0=102.1257 homogen=155535.4755
mean B0=102.4986 homogen=26068.9912
mean B0=113.3465 homogen=28223.057
mean B0=96.0054 homogen=3321.0002
mean B0=115.8593 homogen=25262.0286
mean B0=110.2689 homogen=61757.6346
mean B0=109.4484 homogen=15122.5679
mean B0=78.206 homogen=60256.5626
mean B0=109.7924 homogen=15385.5726
mean B0=99.7214 homogen=7565.8288
mean B0=110.7321 homogen=18016.4506
mean B0=97.8259 homogen=5323.5017
mean B0=123.9237 homogen=83468.9677
mean B0=106.0275 homogen=35090.4028
mean B0=120.5584 homogen=55289.8775
mean B0=108.7838 homogen=14945.211
mean B0=116.0047 homogen=35632.7538
mean B0=119.956 homogen=55227.3471
mean B0=107.909 homogen=12062.4152
mean B0=102.9824 homogen=24199.3526
mean B0=123.3293 homogen=70427.9388
mean B0=111.5035 homogen=19174.134
mean B0=115.1156 homogen=27730.7346
mean B0=112.3845 homogen=64170.384
mean B0=124.0085 homogen=84299.7397
mean B0=112.8535 homogen=23917.1191
   117 |     4680 |     40 |  0.000000E+00 |  0.000000E+00 |  0.0030514661 |             f
mean B0=119.0605 homogen=40206.8761
mean B0=107.5276 homogen=14684.8654
mean B0=119.2099 homogen=68091.1976
mean B0=111.75 homogen=30180.7426
mean B0=111.957 homogen=24301.2883
mean B0=117.9142 homogen=37679.8808
mean B0=98.434 homogen=20550.0982
mean B0=106.031 homogen=12140.9894
mean B0=119.766 homogen=47428.9322
mean B0=124.8097 homogen=86935.7414
mean B0=114.012 homogen=30317.4303
mean B0=121.2951 homogen=66741.6239
mean B0=101.0394 homogen=12455.6097
mean B0=108.7685 homogen=14077.6015
mean B0=100.8183 homogen=19551.0607
mean B0=118.1047 homogen=99119.5665
mean B0=120.664 homogen=53603.0247
mean B0=97.78 homogen=5432.6052
mean B0=103.8852 homogen=75173.257
mean B0=112.5406 homogen=21982.7347
mean B0=121.4072 homogen=60265.2086
mean B0=104.984 homogen=10428.7879
mean B0=116.5437 homogen=36491.0446
mean B0=104.2518 homogen=14328.3415
mean B0=106.3333 homogen=21854.9439
mean B0=122.936 homogen=73854.4359
mean B0=113.6356 homogen=29631.4557
mean B0=95.4584 homogen=25203.7624
mean B0=108.3287 homogen=97142.6717
mean B0=124.7623 homogen=87148.4808
mean B0=94.865 homogen=37152.5038
mean B0=121.6078 homogen=64438.3673
mean B0=83.8892 homogen=233670.9797
mean B0=97.4106 homogen=6486.5123
mean B0=112.3043 homogen=27533.3717
mean B0=115.0148 homogen=33838.6433
mean B0=122.395 homogen=75971.2903
mean B0=103.6979 homogen=11319.4831
mean B0=120.7825 homogen=56266.1117
mean B0=92.5284 homogen=30664.1837
   118 |     4720 |     38 |  0.000000E+00 |  0.000000E+00 |  0.0025291588 |         nadir
mean B0=107.4072 homogen=39749.5276
mean B0=82.1471 homogen=51194.4681
mean B0=123.8076 homogen=82798.2054
mean B0=112.0557 homogen=21813.5935
mean B0=97.7834 homogen=5104.604
mean B0=119.1296 homogen=63636.3685
mean B0=113.5468 homogen=31942.8205
mean B0=108.3441 homogen=13965.4871
mean B0=115.1596 homogen=35172.413
mean B0=120.1658 homogen=55882.7011
mean B0=110.7542 homogen=23773.5944
mean B0=113.0746 homogen=20601.9313
mean B0=111.6176 homogen=26238.9327
mean B0=111.901 homogen=17688.6804
mean B0=116.4885 homogen=53446.6374
mean B0=109.0492 homogen=22276.5522
mean B0=125.3038 homogen=83569.4844
mean B0=107.47 homogen=15916.7929
mean B0=105.6326 homogen=10290.7289
mean B0=122.9663 homogen=72599.4386
mean B0=106.5718 homogen=58705.8654
mean B0=111.5052 homogen=18989.2845
mean B0=124.551 homogen=89344.8764
mean B0=123.6659 homogen=69768.2298
mean B0=122.1259 homogen=66475.9263
mean B0=100.8913 homogen=23559.7786
mean B0=104.8854 homogen=11171.2176
mean B0=98.2623 homogen=6827.6104
mean B0=112.6875 homogen=24950.6409
mean B0=111.238 homogen=18272.0442
mean B0=114.3768 homogen=25082.3502
mean B0=111.8298 homogen=20996.967
mean B0=100.4791 homogen=11526.3703
mean B0=110.0478 homogen=46005.7751
mean B0=115.6048 homogen=24761.1971
mean B0=99.7517 homogen=16424.288
mean B0=95.9776 homogen=5467.8792
mean B0=115.7461 homogen=60311.0636
mean B0=101.8586 homogen=8647.3975
mean B0=101.7782 homogen=153032.2967
   119 |     4760 |     37 |  0.000000E+00 |  0.000000E+00 |  0.0165522803 |         ideal
mean B0=107.3663 homogen=13911.8635
mean B0=115.9574 homogen=25401.8679
mean B0=110.0878 homogen=15750.1668
mean B0=110.373 homogen=16096.6052
mean B0=121.6666 homogen=58892.9435
mean B0=112.4747 homogen=20344.5246
mean B0=110.2304 homogen=15501.3883
mean B0=120.1487 homogen=91257.0824
mean B0=116.4767 homogen=53612.6803
mean B0=97.994 homogen=5236.9405
mean B0=110.3982 homogen=18129.1704
mean B0=110.8813 homogen=18413.1933
mean B0=114.4967 homogen=57034.9917
mean B0=117.3066 homogen=35934.2774
mean B0=116.0977 homogen=154856.8691
mean B0=103.5176 homogen=16286.6305
mean B0=90.4633 homogen=66089.3109
mean B0=97.94 homogen=23155.6727
mean B0=108.7777 homogen=14091.1888
mean B0=116.5364 homogen=33615.9502
mean B0=109.3703 homogen=15965.1415
mean B0=116.5608 homogen=98064.2305
mean B0=109.6723 homogen=14132.0989
mean B0=113.3497 homogen=21559.5602
mean B0=95.5002 homogen=2817.6109
mean B0=116.488 homogen=38125.858
mean B0=108.5289 homogen=13558.6309
mean B0=122.0143 homogen=63429.252
mean B0=115.4131 homogen=76853.3161
mean B0=97.9497 homogen=5171.6946
mean B0=106.6421 homogen=85182.457
mean B0=107.4561 homogen=12474.1874
mean B0=108.7132 homogen=19153.6234
mean B0=116.0376 homogen=35386.1481
mean B0=92.4718 homogen=29270.9741
mean B0=115.0794 homogen=57798.991
mean B0=95.0517 homogen=173403.1035
mean B0=92.6649 homogen=15188.7745
mean B0=124.2217 homogen=91613.3606
mean B0=124.1449 homogen=82886.7135
   120 |     4800 |     40 |  0.000000E+00 |  0.000000E+00 |  0.0029726813 |             f
mean B0=112.2585 homogen=23905.0363
mean B0=122.6753 homogen=67551.5837
mean B0=106.9797 homogen=20316.1142
mean B0=116.8963 homogen=32630.6992
mean B0=112.9611 homogen=20315.5978
mean B0=104.5445 homogen=13518.3746
mean B0=100.2091 homogen=30852.3628
mean B0=106.8062 homogen=13598.3257
mean B0=114.8569 homogen=34148.9793
mean B0=120.0249 homogen=38334.785
mean B0=94.2965 homogen=17172.1873
mean B0=121.942 homogen=64173.5603
mean B0=123.8116 homogen=82777.1763
mean B0=108.2123 homogen=12839.8749
mean B0=121.3827 homogen=61974.8502
mean B0=101.7937 homogen=29927.138
mean B0=123.5143 homogen=73552.9079
mean B0=104.739 homogen=39693.9468
mean B0=123.9674 homogen=75047.8439
mean B0=111.3844 homogen=18192.0045
mean B0=114.1828 homogen=23480.3697
mean B0=115.27 homogen=22807.3822
mean B0=116.0263 homogen=34442.5203
mean B0=85.0576 homogen=41698.0206
mean B0=118.0922 homogen=93395.7332
mean B0=111.0161 homogen=19295.3205
mean B0=105.1004 homogen=34395.2774
mean B0=101.0153 homogen=6590.2772
mean B0=110.2059 homogen=15969.7845
mean B0=124.4165 homogen=86178.5044
mean B0=115.6479 homogen=26919.225
mean B0=100.7857 homogen=6612.9566
mean B0=106.0045 homogen=73329.3229
mean B0=108.457 homogen=13507.7795
mean B0=100.8144 homogen=131118.0015
mean B0=106.6931 homogen=40208.3399
mean B0=122.2755 homogen=62693.1759
mean B0=112.4059 homogen=80352.8122
mean B0=118.1378 homogen=43506.5223
mean B0=110.4669 homogen=16622.8185
   121 |     4840 |     40 |  0.000000E+00 |  0.000000E+00 |  0.0050329042 |             f
mean B0=113.8896 homogen=26414.5857
mean B0=87.3233 homogen=50836.8813
mean B0=113.3866 homogen=21446.2691
mean B0=100.8083 homogen=6815.0534
mean B0=101.1659 homogen=6443.0899
mean B0=111.7441 homogen=17495.2113
mean B0=120.9521 homogen=68971.1498
mean B0=115.7934 homogen=23651.6617
mean B0=116.8515 homogen=32665.512
mean B0=108.708 homogen=13860.9412
mean B0=115.6911 homogen=26547.1374
mean B0=119.8046 homogen=58102.5928
mean B0=122.885 homogen=65050.4235
mean B0=110.2526 homogen=15581.3428
mean B0=121.0209 homogen=56383.6079
mean B0=125.3038 homogen=83569.4844
mean B0=118.0758 homogen=35727.2257
mean B0=95.9669 homogen=12405.4304
mean B0=96.4459 homogen=4846.1386
mean B0=108.458 homogen=13499.9414
mean B0=99.844 homogen=21659.4097
mean B0=115.6007 homogen=24775.8582
mean B0=87.6293 homogen=34961.1237
mean B0=122.9281 homogen=73988.1014
mean B0=121.708 homogen=64424.5328
mean B0=105.7869 homogen=10624.1422
mean B0=103.6044 homogen=10584.9497
mean B0=109.1909 homogen=13753.2725
mean B0=103.6969 homogen=24932.5236
mean B0=121.8845 homogen=58771.9016
mean B0=102.1146 homogen=7257.5653
mean B0=99.0863 homogen=33944.3819
mean B0=117.661 homogen=43429.9643
mean B0=110.7424 homogen=27616.4908
mean B0=123.9636 homogen=82267.3612
mean B0=97.9039 homogen=5014.1074
mean B0=109.7662 homogen=14736.0574
mean B0=113.291 homogen=21191.6205
mean B0=107.926 homogen=63600.3657
mean B0=108.1419 homogen=12816.3796
   122 |     4880 |     40 |  0.000000E+00 |  0.000000E+00 |  0.0035813060 |             f
mean B0=85.5895 homogen=12078.2875
mean B0=110.6551 homogen=16741.8746
mean B0=105.628 homogen=10109.5043
mean B0=123.1298 homogen=69415.7326
mean B0=105.8985 homogen=66725.5695
mean B0=113.2577 homogen=21200.6085
mean B0=121.339 homogen=71278.8505
mean B0=120.6611 homogen=53577.2296
mean B0=86.3694 homogen=57721.722
mean B0=102.3561 homogen=39291.996
mean B0=121.9178 homogen=59042.0393
mean B0=122.202 homogen=58313.4825
mean B0=115.7646 homogen=40373.0416
mean B0=107.7173 homogen=25476.8599
mean B0=111.7131 homogen=17334.4642
mean B0=104.5446 homogen=73674.4282
mean B0=111.6631 homogen=50497.2061
mean B0=123.8096 homogen=84394.561
mean B0=109.4863 homogen=34735.1396
mean B0=95.5414 homogen=2811.4275
mean B0=97.8607 homogen=5433.6099
mean B0=115.5197 homogen=24893.6308
mean B0=116.031 homogen=31771.1655
mean B0=113.3247 homogen=21192.5928
mean B0=101.6733 homogen=10852.8037
mean B0=107.554 homogen=14372.1451
mean B0=120.7588 homogen=36884.5709
mean B0=114.922 homogen=22258.1244
mean B0=111.0374 homogen=17448.3711
mean B0=105.5496 homogen=32141.7867
mean B0=107.842 homogen=11947.4445
mean B0=123.969 homogen=73513.2611
mean B0=102.3724 homogen=13740.8694
mean B0=121.5488 homogen=70491.343
mean B0=103.412 homogen=9589.4167
mean B0=123.0723 homogen=72225.4044
mean B0=116.49 homogen=27550.2987
mean B0=125.6934 homogen=81789.9985
mean B0=104.3417 homogen=26935.1216
mean B0=100.695 homogen=6350.5793
   123 |     4920 |     40 |  0.000000E+00 |  0.000000E+00 |  0.0129203688 |         ideal
mean B0=109.2232 homogen=13696.8088
mean B0=115.27 homogen=22807.3822
mean B0=120.7144 homogen=72830.2186
mean B0=123.1058 homogen=69521.401
mean B0=96.4459 homogen=4846.1386
mean B0=113.5356 homogen=20716.3624
mean B0=120.8917 homogen=67343.9579
mean B0=115.8536 homogen=24750.1445
mean B0=123.0806 homogen=69032.0243
mean B0=104.3946 homogen=38018.2601
mean B0=109.8423 homogen=17193.5451
mean B0=101.0881 homogen=6752.8187
mean B0=110.7929 homogen=60144.7634
mean B0=99.8909 homogen=13017.7415
mean B0=108.9367 homogen=93809.4682
mean B0=112.9043 homogen=22160.8663
mean B0=106.2916 homogen=10917.6667
mean B0=104.4771 homogen=9154.8119
mean B0=113.9681 homogen=21730.317
mean B0=120.5685 homogen=66883.3506
mean B0=103.3799 homogen=9656.4303
mean B0=112.8124 homogen=20227.9771
mean B0=111.8785 homogen=17649.3313
mean B0=114.3987 homogen=25210.0553
mean B0=96.112 homogen=3953.7923
mean B0=105.6577 homogen=10126.2261
mean B0=110.2014 homogen=16196.7484
mean B0=113.8483 homogen=24264.3055
mean B0=123.9684 homogen=73502.4253
mean B0=109.8729 homogen=51506.9236
mean B0=93.0875 homogen=185689.4037
mean B0=121.0613 homogen=56246.7473
mean B0=112.3078 homogen=18273.6204
mean B0=100.201 homogen=14785.4828
mean B0=95.5983 homogen=3001.3163
mean B0=114.4476 homogen=26248.6266
mean B0=109.7364 homogen=21408.697
mean B0=125.9089 homogen=80804.9021
mean B0=103.5831 homogen=20489.1241
mean B0=109.0191 homogen=18836.8956
   124 |     4960 |     40 |  0.000000E+00 |  0.000000E+00 |  0.0070968506 |         ideal
mean B0=99.2526 homogen=45660.0561
mean B0=108.5344 homogen=16670.7432
mean B0=111.7131 homogen=17334.4642
mean B0=112.6931 homogen=18157.9642
mean B0=113.9034 homogen=20665.7662
mean B0=109.6644 homogen=16691.2727
mean B0=106.8522 homogen=12305.5444
mean B0=107.5381 homogen=12035.2766
mean B0=114.2053 homogen=21690.1546
mean B0=106.0113 homogen=11699.2437
mean B0=104.4568 homogen=41567.7951
mean B0=106.3862 homogen=20023.4605
mean B0=102.1321 homogen=36427.1946
mean B0=111.0634 homogen=17594.7556
mean B0=117.3079 homogen=32766.6741
mean B0=122.7972 homogen=70651.5813
mean B0=121.0613 homogen=56246.7473
mean B0=123.6915 homogen=69654.4432
mean B0=108.175 homogen=12749.4831
mean B0=111.4466 homogen=19092.9416
mean B0=115.909 homogen=42704.2673
mean B0=101.3934 homogen=9135.3081
mean B0=115.9574 homogen=25401.8679
mean B0=106.3844 homogen=43366.9881
mean B0=112.5361 homogen=17894.5424
mean B0=96.3286 homogen=4814.1025
mean B0=80.1275 homogen=54015.3886
mean B0=90.979 homogen=79105.8777
mean B0=104.3854 homogen=18269.3132
mean B0=107.8633 homogen=11896.1697
mean B0=116.6075 homogen=104153.3046
mean B0=107.7205 homogen=26061.9452
mean B0=115.1422 homogen=87413.0459
mean B0=117.7199 homogen=69804.8222
mean B0=120.3268 homogen=36577.9641
mean B0=113.9825 homogen=36241.4984
mean B0=114.9191 homogen=22246.0825
mean B0=123.9428 homogen=73616.9793
mean B0=106.6918 homogen=11920.9772
mean B0=85.4145 homogen=16207.1904
   125 |     5000 |     40 |  0.000000E+00 |  0.000000E+00 |  0.0018187404 |             f
mean B0=120.7057 homogen=54963.806
mean B0=109.4711 homogen=48931.6707
mean B0=117.6331 homogen=35519.815
mean B0=122.5859 homogen=58601.1589
mean B0=100.7012 homogen=6367.5441
mean B0=122.008 homogen=66515.8067
mean B0=106.2916 homogen=10917.6667
mean B0=105.628 homogen=10109.5043
mean B0=117.4301 homogen=85294.3219
mean B0=112.7476 homogen=20399.9824
mean B0=98.605 homogen=6968.4001
mean B0=107.7511 homogen=18082.5963
mean B0=116.8963 homogen=32630.6992
mean B0=119.8411 homogen=41053.4808
mean B0=117.7005 homogen=36497.9074
mean B0=123.1547 homogen=69399.0776
mean B0=103.949 homogen=31144.8458
mean B0=109.9762 homogen=14044.7037
mean B0=103.6059 homogen=14889.7297
mean B0=123.8163 homogen=68467.9141
mean B0=111.5765 homogen=18871.7925
mean B0=104.4409 homogen=38202.4288
mean B0=120.761 homogen=52334.5816
mean B0=114.8573 homogen=23811.4229
mean B0=112.6929 homogen=18159.3165
mean B0=105.8194 homogen=20730.1101
mean B0=120.3325 homogen=38264.8177
mean B0=90.9914 homogen=27555.0619
mean B0=89.3874 homogen=114140.9434
mean B0=124.0388 homogen=74056.6958
mean B0=109.8632 homogen=16649.5366
mean B0=113.8829 homogen=24281.1248
mean B0=115.7935 homogen=23652.0755
mean B0=111.8984 homogen=18835.7437
mean B0=112.0103 homogen=17736.3268
mean B0=111.7879 homogen=83784.3623
mean B0=100.5403 homogen=29371.5026
mean B0=115.6599 homogen=26110.7693
mean B0=113.3288 homogen=21748.2816
mean B0=91.8403 homogen=24638.9636
   126 |     5040 |     40 |  0.000000E+00 |  0.000000E+00 |  0.0043711257 |             f
mean B0=115.4557 homogen=25350.3026
mean B0=117.5756 homogen=35261.6688
mean B0=117.9351 homogen=37217.2345
mean B0=101.7389 homogen=30392.6484
mean B0=110.2764 homogen=18912.6763
mean B0=103.7517 homogen=20798.7031
mean B0=115.3562 homogen=28398.0152
mean B0=110.2381 homogen=15855.3224
mean B0=107.551 homogen=40994.0244
mean B0=86.1334 homogen=45924.1927
mean B0=112.042 homogen=25478.4558
mean B0=115.7144 homogen=23734.5766
mean B0=111.6232 homogen=20061.1384
mean B0=99.966 homogen=16306.454
mean B0=98.4646 homogen=75813.1008
mean B0=114.9699 homogen=22301.8257
mean B0=97.5721 homogen=34384.3304
mean B0=115.0822 homogen=30288.2094
mean B0=111.69 homogen=17254.3076
mean B0=121.4356 homogen=61407.3588
mean B0=121.1665 homogen=51945.9831
mean B0=126.8171 homogen=75279.9858
mean B0=121.2348 homogen=55895.7076
mean B0=102.4155 homogen=34374.99
mean B0=117.5268 homogen=41895.8876
mean B0=109.7592 homogen=18364.1849
mean B0=102.162 homogen=8243.2741
mean B0=101.071 homogen=7723.7333
mean B0=109.6704 homogen=19050.8253
mean B0=113.8007 homogen=23223.819
mean B0=114.8075 homogen=25527.5502
mean B0=113.6351 homogen=34062.7503
mean B0=79.125 homogen=269056.6467
mean B0=112.5252 homogen=23599.4924
mean B0=100.0196 homogen=9619.1416
mean B0=120.7144 homogen=52302.8605
mean B0=107.8335 homogen=11886.072
mean B0=112.6038 homogen=110084.4961
mean B0=123.9974 homogen=73287.6575
mean B0=102.1373 homogen=26813.9565
   127 |     5080 |     40 |  0.000000E+00 |  0.000000E+00 |  0.0290382389 |         ideal
mean B0=88.3618 homogen=50771.7144
mean B0=106.1201 homogen=10283.7399
mean B0=116.2655 homogen=25229.6964
mean B0=115.2499 homogen=26330.0175
mean B0=122.4917 homogen=58481.6424
mean B0=120.4545 homogen=35034.5584
mean B0=102.2011 homogen=49443.5017
mean B0=113.8027 homogen=22642.3812
mean B0=107.834 homogen=11961.9698
mean B0=102.3153 homogen=8841.3841
mean B0=96.5657 homogen=94042.6195
mean B0=111.3525 homogen=18265.0143
mean B0=112.7993 homogen=20346.9191
mean B0=121.0762 homogen=54604.0347
mean B0=123.3979 homogen=69795.6656
mean B0=120.9362 homogen=52833.3434
mean B0=113.2243 homogen=21603.108
mean B0=111.6457 homogen=29570.6529
mean B0=75.9732 homogen=271237.7647
mean B0=107.5258 homogen=15286.4295
mean B0=105.5812 homogen=40531.6753
mean B0=107.4834 homogen=13793.9114
mean B0=120.7355 homogen=52609.6219
mean B0=117.2179 homogen=37146.8016
mean B0=114.8052 homogen=34872.6312
mean B0=124.3088 homogen=76142.2388
mean B0=118.2943 homogen=24469.9312
mean B0=115.9304 homogen=60751.1007
mean B0=109.2192 homogen=13762.697
mean B0=102.4464 homogen=20554.0864
mean B0=98.1497 homogen=118782.8061
mean B0=96.8076 homogen=6775.4377
mean B0=105.6172 homogen=9889.3515
mean B0=119.0781 homogen=38412.893
mean B0=118.0005 homogen=34503.7384
mean B0=98.2271 homogen=5953.0185
mean B0=107.8572 homogen=17981.0544
mean B0=108.049 homogen=16370.3973
mean B0=110.4692 homogen=29398.9997
mean B0=117.293 homogen=41553.7318
   128 |     5120 |     40 |  0.000000E+00 |  0.000000E+00 |  0.0031562694 |             f
mean B0=107.2967 homogen=16833.5693
mean B0=97.274 homogen=84490.492
mean B0=108.4814 homogen=23962.9436
mean B0=99.9669 homogen=44214.3103
mean B0=108.7838 homogen=12174.5155
mean B0=118.807 homogen=51905.583
mean B0=120.741 homogen=53114.7834
mean B0=119.9839 homogen=68686.8712
mean B0=103.966 homogen=29059.75
mean B0=99.8591 homogen=31214.26
mean B0=95.09 homogen=36252.7045
mean B0=100.3814 homogen=24533.3676
mean B0=101.7563 homogen=31216.6533
mean B0=101.1701 homogen=17686.2396
mean B0=109.1863 homogen=13779.0162
mean B0=124.1868 homogen=72960.8567
mean B0=102.3652 homogen=9131.2828
mean B0=109.2228 homogen=13694.5451
mean B0=122.2103 homogen=60270.242
mean B0=95.199 homogen=111153.5654
mean B0=105.6512 homogen=18319.1514
mean B0=104.0142 homogen=16916.3924
mean B0=111.5961 homogen=18167.2623
mean B0=113.6293 homogen=18931.452
mean B0=122.7083 homogen=67565.9212
mean B0=104.275 homogen=23425.1946
mean B0=114.6334 homogen=21157.1921
mean B0=101.1422 homogen=12124.5975
mean B0=111.8068 homogen=20653.7392
mean B0=98.9714 homogen=53024.9342
mean B0=109.7163 homogen=23795.6778
mean B0=62.6285 homogen=202882.8498
mean B0=123.289 homogen=53316.0672
mean B0=103.2776 homogen=14774.0835
mean B0=106.1649 homogen=9853.1943
mean B0=118.6511 homogen=26317.0858
mean B0=113.6591 homogen=22199.4969
mean B0=122.2018 homogen=58316.123
mean B0=96.8588 homogen=6408.3123
mean B0=121.3002 homogen=56575.7339
   129 |     5160 |     37 |  0.000000E+00 |  0.000000E+00 |  0.0048230452 |             f
mean B0=112.5176 homogen=23080.9389
mean B0=108.2401 homogen=14979.0019
mean B0=112.3121 homogen=72472.8785
mean B0=117.2323 homogen=42864.7664
mean B0=99.718 homogen=20847.0722
mean B0=122.3334 homogen=70318.5202
mean B0=100.682 homogen=7919.6671
mean B0=75.8661 homogen=275245.5721
mean B0=115.9581 homogen=90122.8808
mean B0=104.4725 homogen=9139.5465
mean B0=108.6218 homogen=15241.7198
mean B0=118.2157 homogen=48220.4714
mean B0=107.0839 homogen=24551.8147
mean B0=110.8 homogen=17096.5018
mean B0=100.753 homogen=7752.3014
mean B0=116.1616 homogen=25283.2165
mean B0=122.0396 homogen=56619.1892
mean B0=107.8335 homogen=11886.072
mean B0=110.5148 homogen=25357.3804
mean B0=110.268 homogen=16621.6049
mean B0=111.4982 homogen=31600.8715
mean B0=102.2407 homogen=29900.3336
mean B0=108.0255 homogen=13535.4274
mean B0=101.6985 homogen=21958.9516
mean B0=111.3011 homogen=16305.2613
mean B0=112.0747 homogen=17339.8448
mean B0=110.9639 homogen=14230.0823
mean B0=108.8457 homogen=21348.5681
mean B0=104.7354 homogen=39229.9942
mean B0=108.8318 homogen=12068.8941
mean B0=112.559 homogen=23689.2712
mean B0=82.1431 homogen=48998.8463
mean B0=103.2509 homogen=15010.1092
mean B0=102.632 homogen=17297.5087
mean B0=98.1592 homogen=131871.8459
mean B0=102.8025 homogen=10242.585
mean B0=119.8466 homogen=32883.4668
mean B0=93.1726 homogen=8535.0091
mean B0=103.3625 homogen=11605.3255
mean B0=109.7941 homogen=25393.2673
   130 |     5200 |     40 |  0.000000E+00 |  0.000000E+00 |  0.0022732269 |             f
mean B0=111.9656 homogen=27406.5063
mean B0=107.7625 homogen=12468.618
mean B0=100.6475 homogen=8177.015
mean B0=97.9405 homogen=5627.1546
mean B0=111.9821 homogen=18073.019
mean B0=99.7122 homogen=6540.9086
mean B0=112.0048 homogen=20247.1374
mean B0=106.0939 homogen=11077.5553
mean B0=100.1371 homogen=8466.8571
mean B0=112.783 homogen=31619.3144
mean B0=111.2715 homogen=17213.0663
mean B0=100.9958 homogen=6221.5337
mean B0=102.1322 homogen=19174.5239
mean B0=105.547 homogen=16955.7447
mean B0=110.4987 homogen=15988.9417
mean B0=97.3771 homogen=138732.8146
mean B0=97.473 homogen=5937.0344
mean B0=108.4358 homogen=86687.0419
mean B0=122.8427 homogen=59173.4108
mean B0=108.2681 homogen=33759.2359
mean B0=120.7285 homogen=57025.7126
mean B0=104.5479 homogen=9655.9061
mean B0=108.3401 homogen=12759.0992
mean B0=115.7165 homogen=25139.6462
mean B0=111.034 homogen=16879.128
mean B0=100.9941 homogen=8561.3707
mean B0=102.2108 homogen=28884.8192
mean B0=118.9617 homogen=67054.13
mean B0=111.4845 homogen=15842.7065
mean B0=96.393 homogen=5147.2486
mean B0=107.1075 homogen=11684.8536
mean B0=118.1632 homogen=26764.6057
mean B0=101.5676 homogen=23195.8528
mean B0=109.8989 homogen=14519.2211
mean B0=111.5211 homogen=17988.1322
mean B0=118.2813 homogen=24448.2346
mean B0=96.109 homogen=3324.4839
mean B0=96.4864 homogen=30795.4285
mean B0=125.1306 homogen=67453.48
mean B0=113.9441 homogen=21320.1797
   131 |     5240 |     40 |  0.000000E+00 |  0.000000E+00 |  0.0045726090 |             f
mean B0=110.2466 homogen=18509.3841
mean B0=113.7858 homogen=36011.3663
mean B0=111.4482 homogen=19218.0218
mean B0=101.3816 homogen=7595.8373
mean B0=97.319 homogen=6510.8414
mean B0=101.3332 homogen=10588.7769
mean B0=114.0852 homogen=19473.7129
mean B0=109.313 homogen=12774.9515
mean B0=104.5723 homogen=8425.7704
mean B0=100.0461 homogen=12240.563
mean B0=95.1375 homogen=5682.095
mean B0=109.6499 homogen=14435.4643
mean B0=111.7888 homogen=17638.187
mean B0=108.7493 homogen=15630.534
mean B0=111.6548 homogen=15388.7696
mean B0=97.8279 homogen=4878.6288
mean B0=121.27 homogen=51609.1317
mean B0=86.2519 homogen=50363.7372
mean B0=111.7818 homogen=17416.3898
mean B0=101.1431 homogen=16459.9131
mean B0=110.5357 homogen=16544.5297
mean B0=102.8728 homogen=12246.6695
mean B0=123.2699 homogen=69769.2346
mean B0=113.4598 homogen=22113.1104
mean B0=108.7399 homogen=12767.3296
mean B0=123.0649 homogen=69040.1216
mean B0=108.389 homogen=21887.3184
mean B0=118.1455 homogen=25107.3675
mean B0=120.3764 homogen=33959.5753
mean B0=101.1659 homogen=6443.0899
mean B0=96.2496 homogen=2759.6628
mean B0=107.4178 homogen=12065.0855
mean B0=106.0974 homogen=10292.6929
mean B0=119.8466 homogen=32883.4668
mean B0=118.0928 homogen=24923.0399
mean B0=110.3242 homogen=27932.3683
mean B0=110.8653 homogen=14387.5312
mean B0=121.1571 homogen=68126.567
mean B0=94.7701 homogen=21764.8009
mean B0=101.0203 homogen=26866.8948
   132 |     5280 |     40 |  0.000000E+00 |  0.000000E+00 |  0.0017966488 |             f
mean B0=111.9202 homogen=93355.2657
mean B0=106.4721 homogen=27749.1527
mean B0=120.5512 homogen=34857.8656
mean B0=97.5907 homogen=4702.5847
mean B0=95.9051 homogen=4292.1026
mean B0=121.118 homogen=52262.9967
mean B0=100.3837 homogen=21669.3761
mean B0=105.3737 homogen=115164.0366
mean B0=100.9893 homogen=6014.9125
mean B0=98.2903 homogen=6159.2804
mean B0=112.4215 homogen=29966.2493
mean B0=100.9013 homogen=136715.517
mean B0=107.3968 homogen=36315.7888
mean B0=96.2044 homogen=5593.1338
mean B0=99.2372 homogen=7656.1402
mean B0=103.8742 homogen=160678.4169
mean B0=109.8027 homogen=17463.4716
mean B0=105.8737 homogen=26134.5815
mean B0=108.3016 homogen=17219.4972
mean B0=114.7177 homogen=24103.7836
mean B0=110.3899 homogen=41373.0229
mean B0=109.9552 homogen=37264.8061
mean B0=104.4771 homogen=8433.9345
mean B0=105.2647 homogen=20882.0144
mean B0=111.8969 homogen=15001.5335
mean B0=111.3366 homogen=19195.6586
mean B0=77.4796 homogen=65819.3214
mean B0=102.6574 homogen=11975.3081
mean B0=102.3736 homogen=8930.4287
mean B0=113.5476 homogen=18688.1006
mean B0=107.7247 homogen=22045.473
mean B0=113.9776 homogen=19727.1106
mean B0=120.244 homogen=36809.7835
mean B0=117.3377 homogen=28410.7584
mean B0=125.2073 homogen=68689.8707
mean B0=112.1431 homogen=17449.7586
mean B0=108.4486 homogen=11943.2908
mean B0=111.7553 homogen=16931.6465
mean B0=116.7479 homogen=24227.5817
mean B0=109.2111 homogen=25580.7717
   133 |     5320 |     40 |  0.000000E+00 |  0.000000E+00 |  0.0040290563 |             f
mean B0=118.1074 homogen=26240.3733
mean B0=118.4832 homogen=39300.8425
mean B0=106.7855 homogen=10504.6269
mean B0=93.0081 homogen=80276.7032
mean B0=100.0537 homogen=18243.262
mean B0=107.5655 homogen=22512.0866
mean B0=114.0355 homogen=19587.7568
mean B0=113.7735 homogen=18202.0785
mean B0=119.4985 homogen=35542.4091
mean B0=120.6482 homogen=67529.5281
mean B0=106.0866 homogen=12705.9652
mean B0=96.3947 homogen=4711.8374
mean B0=110.1004 homogen=14238.933
mean B0=115.8942 homogen=23623.6995
mean B0=111.7654 homogen=17791.1467
mean B0=83.4051 homogen=253651.9881
mean B0=109.0295 homogen=13414.9395
mean B0=114.713 homogen=20795.3774
mean B0=107.7282 homogen=21608.7957
mean B0=107.0188 homogen=13012.917
mean B0=113.6041 homogen=104995.9341
mean B0=97.2551 homogen=24474.8721
mean B0=116.1672 homogen=24460.1729
mean B0=117.4374 homogen=25429.1989
mean B0=90.1613 homogen=45305.0805
mean B0=108.9769 homogen=38656.167
mean B0=101.5825 homogen=20267.0896
mean B0=124.8865 homogen=66304.0156
mean B0=101.2572 homogen=7048.2688
mean B0=113.3883 homogen=32351.2645
mean B0=119.4716 homogen=51956.2636
mean B0=97.7587 homogen=5887.7428
mean B0=123.5308 homogen=64839.0658
mean B0=126.7121 homogen=75400.3124
mean B0=108.1261 homogen=12538.5073
mean B0=106.5856 homogen=64530.8666
mean B0=107.2192 homogen=14869.1444
mean B0=108.2666 homogen=14901.8125
mean B0=99.2369 homogen=15582.5313
mean B0=110.9747 homogen=17767.0254
   134 |     5360 |     40 |  0.000000E+00 |  0.000000E+00 |  0.0031154137 |             f
mean B0=105.3048 homogen=41953.2874
mean B0=107.1075 homogen=11684.8536
mean B0=123.5853 homogen=64796.2162
mean B0=109.0671 homogen=55782.6759
mean B0=112.7838 homogen=22520.7514
mean B0=107.7323 homogen=21172.5574
mean B0=106.6697 homogen=23543.8373
mean B0=105.5511 homogen=8334.2856
mean B0=112.5478 homogen=75056.9445
mean B0=110.3502 homogen=13980.4775
mean B0=118.111 homogen=27196.9225
mean B0=101.1472 homogen=6287.8005
mean B0=111.3447 homogen=41259.0316
mean B0=113.9834 homogen=17825.033
mean B0=106.0671 homogen=20991.9688
mean B0=94.8658 homogen=147332.6814
mean B0=112.7293 homogen=17121.169
mean B0=120.8336 homogen=49189.1724
mean B0=125.2073 homogen=68689.8707
mean B0=117.0356 homogen=25073.5986
mean B0=101.3545 homogen=29596.6821
mean B0=116.7479 homogen=24227.5817
mean B0=108.8696 homogen=13632.5242
mean B0=108.441 homogen=20884.4143
mean B0=111.2441 homogen=31059.8439
mean B0=117.9669 homogen=41326.0449
mean B0=116.4919 homogen=37898.7421
mean B0=108.5146 homogen=14554.2963
mean B0=114.713 homogen=20795.3774
mean B0=120.3303 homogen=36968.4149
mean B0=97.663 homogen=6394.0705
mean B0=97.8836 homogen=5060.633
mean B0=100.95 homogen=18742.6569
mean B0=120.3286 homogen=34616.6455
mean B0=114.3132 homogen=21240.0185
mean B0=117.3594 homogen=22603.1481
mean B0=103.4184 homogen=9811.2254
mean B0=100.6875 homogen=133463.2981
mean B0=115.8942 homogen=23623.6995
mean B0=102.9394 homogen=48871.4514
   135 |     5400 |     40 |  0.000000E+00 |  0.000000E+00 |  0.0034530132 |             f
mean B0=125.4654 homogen=67665.0832
mean B0=117.2834 homogen=26712.009
mean B0=120.6355 homogen=48621.7055
mean B0=112.1519 homogen=18715.9933
mean B0=105.3269 homogen=10032.1119
mean B0=119.8466 homogen=32883.4668
mean B0=118.292 homogen=39350.8999
mean B0=112.613 homogen=13878.4204
mean B0=111.1509 homogen=21129.6604
mean B0=120.6133 homogen=33591.7914
mean B0=123.6588 homogen=67445.6278
mean B0=95.9614 homogen=3127.5149
mean B0=107.6692 homogen=12311.4374
mean B0=120.4808 homogen=47105.7317
mean B0=121.57 homogen=51593.2478
mean B0=104.218 homogen=10963.5493
mean B0=103.1421 homogen=32055.7015
mean B0=102.1507 homogen=8238.1108
mean B0=121.1151 homogen=50360.6227
mean B0=125.4909 homogen=63676.6898
mean B0=117.0981 homogen=23124.8796
mean B0=98.339 homogen=68894.4443
mean B0=95.9396 homogen=125127.7554
mean B0=113.9833 homogen=23027.1514
mean B0=108.7303 homogen=14382.4558
mean B0=107.5044 homogen=11926.3452
mean B0=102.7415 homogen=33230.0224
mean B0=110.789 homogen=15223.2023
mean B0=104.7258 homogen=9842.9518
mean B0=114.4853 homogen=21146.1789
mean B0=111.5522 homogen=27839.0984
mean B0=117.5682 homogen=37024.3073
mean B0=106.9502 homogen=10064.5711
mean B0=114.5589 homogen=23733.2229
mean B0=117.5755 homogen=24501.057
mean B0=115.8831 homogen=27991.2779
mean B0=100.6496 homogen=28545.282
mean B0=116.847 homogen=29118.0088
mean B0=111.1069 homogen=14708.2136
mean B0=120.455 homogen=40227.7784
   136 |     5440 |     37 |  0.000000E+00 |  0.000000E+00 |  0.0032223060 |             f
mean B0=112.6018 homogen=16931.9985
mean B0=105.5984 homogen=9253.4196
mean B0=106.6261 homogen=33391.358
mean B0=118.2814 homogen=24447.5367
mean B0=113.8529 homogen=17491.3308
mean B0=96.1653 homogen=2849.8043
mean B0=110.9673 homogen=30587.3761
mean B0=100.0039 homogen=6552.7291
mean B0=123.7736 homogen=63981.5554
mean B0=113.9936 homogen=19255.1548
mean B0=105.4128 homogen=8164.7759
mean B0=120.9541 homogen=49034.4004
mean B0=120.3255 homogen=34339.9001
mean B0=99.7724 homogen=15544.6894
mean B0=111.0778 homogen=15034.282
mean B0=101.3926 homogen=7408.4174
mean B0=106.9497 homogen=10057.0633
mean B0=114.4848 homogen=20971.7413
mean B0=108.1212 homogen=49658.8912
mean B0=90.9962 homogen=132203.4771
mean B0=107.216 homogen=11751.3807
mean B0=99.3829 homogen=9070.1205
mean B0=103.4235 homogen=23588.9155
mean B0=118.6511 homogen=26317.29
mean B0=121.5136 homogen=47674.5019
mean B0=107.5083 homogen=38064.2472
mean B0=83.6994 homogen=29799.7203
mean B0=108.8329 homogen=12448.0316
mean B0=119.6557 homogen=33486.5496
mean B0=120.8576 homogen=36607.9176
mean B0=119.9968 homogen=33297.3738
mean B0=121.4465 homogen=51726.5526
mean B0=127.0071 homogen=74841.211
mean B0=102.5658 homogen=9017.1789
mean B0=123.4811 homogen=64660.836
mean B0=97.6917 homogen=6689.0781
mean B0=102.4928 homogen=18987.1018
mean B0=96.417 homogen=72360.6858
mean B0=104.1857 homogen=40175.4937
mean B0=123.289 homogen=53316.0672
   137 |     5480 |     40 |  0.000000E+00 |  0.000000E+00 |  0.0060371893 |         ideal
mean B0=113.9842 homogen=17832.4897
mean B0=102.3106 homogen=32488.3637
mean B0=105.4126 homogen=8165.2387
mean B0=125.5714 homogen=77751.9071
mean B0=114.713 homogen=20795.3774
mean B0=117.0031 homogen=39761.1068
mean B0=126.9475 homogen=76197.9354
mean B0=105.8945 homogen=13671.2852
mean B0=113.2358 homogen=26647.3146
mean B0=104.1397 homogen=87164.1344
mean B0=98.3236 homogen=9738.1017
mean B0=109.013 homogen=13424.5683
mean B0=107.1147 homogen=11632.4022
mean B0=116.0915 homogen=28520.6883
mean B0=112.2298 homogen=18158.3838
mean B0=102.1146 homogen=7257.5653
mean B0=110.9444 homogen=33996.3463
mean B0=118.2822 homogen=24595.1888
mean B0=107.8182 homogen=11190.5791
mean B0=110.1727 homogen=55587.6527
mean B0=112.5091 homogen=18934.3372
mean B0=106.4759 homogen=28463.4153
mean B0=121.5085 homogen=52101.7283
mean B0=110.0685 homogen=13001.3164
mean B0=114.713 homogen=20795.3774
mean B0=103.8333 homogen=16533.2179
mean B0=99.7954 homogen=52676.0849
mean B0=108.7426 homogen=12194.7357
mean B0=118.7747 homogen=40180.9343
mean B0=110.7114 homogen=24374.9137
mean B0=104.277 homogen=20857.7821
mean B0=98.5164 homogen=7608.5165
mean B0=120.8576 homogen=36607.9176
mean B0=109.2727 homogen=18723.5808
mean B0=107.4085 homogen=11360.6065
mean B0=117.3594 homogen=22603.1481
mean B0=124.7776 homogen=60831.3477
mean B0=116.805 homogen=24756.424
mean B0=124.4361 homogen=61467.685
mean B0=103.5151 homogen=39959.6386
   138 |     5520 |     40 |  0.000000E+00 |  0.000000E+00 |  0.0020369658 |             f
mean B0=117.8937 homogen=22347.8237
mean B0=123.8404 homogen=63055.8054
mean B0=113.1661 homogen=30301.2952
mean B0=105.5263 homogen=20845.121
mean B0=97.448 homogen=4707.5934
mean B0=108.9716 homogen=39958.7936
mean B0=123.7909 homogen=65826.7312
mean B0=106.8113 homogen=11033.5817
mean B0=112.7293 homogen=17121.169
mean B0=109.3131 homogen=12774.2681
mean B0=79.1172 homogen=250813.8677
mean B0=109.9555 homogen=16632.0269
mean B0=115.7603 homogen=24063.544
mean B0=117.5329 homogen=23076.1656
mean B0=110.4476 homogen=26247.5399
mean B0=118.2527 homogen=25421.42
mean B0=113.4369 homogen=22766.4053
mean B0=116.2354 homogen=23994.096
mean B0=119.9672 homogen=51041.9066
mean B0=120.7867 homogen=35901.062
mean B0=117.7374 homogen=24849.4871
mean B0=114.3331 homogen=17853.822
mean B0=111.7383 homogen=15073.9937
mean B0=104.3762 homogen=24290.145
mean B0=105.9694 homogen=11026.3058
mean B0=99.7582 homogen=35448.0181
mean B0=116.1499 homogen=21173.1968
mean B0=110.2171 homogen=13620.4636
mean B0=91.4696 homogen=41955.9961
mean B0=108.8317 homogen=12068.9427
mean B0=120.2068 homogen=56910.0828
mean B0=115.282 homogen=25415.8302
mean B0=102.5538 homogen=9980.1034
mean B0=128.1715 homogen=82140.7194
mean B0=112.026 homogen=18212.1365
mean B0=119.1434 homogen=38835.3655
mean B0=96.4306 homogen=2993.1305
mean B0=104.9811 homogen=26342.6546
mean B0=102.8021 homogen=27709.9438
mean B0=120.7392 homogen=33744.6444
   139 |     5560 |     40 |  0.000000E+00 |  0.000000E+00 |  0.0356866219 |         ideal
mean B0=101.0182 homogen=9488.4245
mean B0=100.9856 homogen=6009.6844
mean B0=117.4808 homogen=23930.5249
mean B0=110.2077 homogen=15747.0758
mean B0=118.0834 homogen=25213.7289
mean B0=119.103 homogen=29813.4326
mean B0=118.2956 homogen=33962.1438
mean B0=121.0119 homogen=33873.8057
mean B0=85.23 homogen=23268.8462
mean B0=116.5169 homogen=61742.2601
mean B0=124.884 homogen=75733.0263
mean B0=101.1755 homogen=15516.3763
mean B0=106.15 homogen=8538.4632
mean B0=113.7246 homogen=17615.7765
mean B0=113.4179 homogen=17748.5832
mean B0=106.7904 homogen=102074.7817
mean B0=96.9062 homogen=25689.2543
mean B0=115.485 homogen=38091.83
mean B0=117.7849 homogen=42736.9067
mean B0=116.9928 homogen=31034.6003
mean B0=121.6974 homogen=76637.9946
mean B0=93.2331 homogen=17852.3997
mean B0=123.5109 homogen=50879.8259
mean B0=118.6743 homogen=50822.5965
mean B0=121.7284 homogen=46847.4583
mean B0=105.1303 homogen=7935.8855
mean B0=111.5165 homogen=18934.5665
mean B0=92.3006 homogen=32593.1584
mean B0=92.1939 homogen=37151.5392
mean B0=100.3715 homogen=17219.4079
mean B0=110.6453 homogen=16437.8177
mean B0=116.4342 homogen=21434.914
mean B0=106.9628 homogen=12111.5955
mean B0=114.7173 homogen=20761.6799
mean B0=115.9115 homogen=20502.829
mean B0=121.3789 homogen=45963.6637
mean B0=114.5261 homogen=17455.1352
mean B0=112.3455 homogen=16807.8852
mean B0=105.1052 homogen=17368.9965
mean B0=102.2617 homogen=12335.2779
   140 |     5600 |     40 |  0.000000E+00 |  0.000000E+00 |  0.0044364548 |             f
mean B0=100.3479 homogen=16704.7159
mean B0=100.0338 homogen=136197.5329
mean B0=105.1568 homogen=7995.1541
mean B0=79.6433 homogen=51366.0318
mean B0=106.9809 homogen=10322.1606
mean B0=95.143 homogen=106523.5541
mean B0=113.3064 homogen=19619.8991
mean B0=84.4588 homogen=54491.6688
mean B0=123.5008 homogen=50822.546
mean B0=103.4291 homogen=14835.9887
mean B0=116.771 homogen=19260.8712
mean B0=121.3287 homogen=48628.322
mean B0=117.1154 homogen=27035.7616
mean B0=91.7264 homogen=201425.2328
mean B0=100.2597 homogen=24802.1994
mean B0=102.2371 homogen=8023.767
mean B0=119.8323 homogen=32912.0842
mean B0=108.8832 homogen=11806.1531
mean B0=120.9211 homogen=33570.0024
mean B0=101.8 homogen=30743.643
mean B0=115.5571 homogen=18551.4361
mean B0=115.2702 homogen=26683.2927
mean B0=116.1199 homogen=21130.964
mean B0=95.7614 homogen=3816.4857
mean B0=123.0451 homogen=76456.9907
mean B0=121.3617 homogen=45839.3435
mean B0=112.4752 homogen=22369.6077
mean B0=110.8203 homogen=45922.2357
mean B0=125.3748 homogen=64975.5277
mean B0=104.8534 homogen=17614.7504
mean B0=127.5531 homogen=85747.5615
mean B0=102.2154 homogen=6576.2938
mean B0=113.9868 homogen=18978.4073
mean B0=114.769 homogen=17326.2432
mean B0=99.5609 homogen=32952.3506
mean B0=107.5542 homogen=14312.638
mean B0=114.5101 homogen=29646.1159
mean B0=100.5755 homogen=72154.0433
mean B0=127.8757 homogen=82659.5329
mean B0=106.4808 homogen=39395.4057
   141 |     5640 |     40 |  0.000000E+00 |  0.000000E+00 |  0.0022060748 |             f
mean B0=106.2082 homogen=9741.0213
mean B0=109.7572 homogen=12288.883
mean B0=123.8255 homogen=66703.4959
mean B0=96.2031 homogen=3654.7261
mean B0=87.7692 homogen=36349.4701
mean B0=102.493 homogen=14227.3184
mean B0=116.7709 homogen=19261.5738
mean B0=100.8877 homogen=8682.9631
mean B0=120.204 homogen=69108.7639
mean B0=117.8559 homogen=22854.4006
mean B0=112.8032 homogen=48148.3414
mean B0=112.3306 homogen=15866.2325
mean B0=119.1027 homogen=36629.1353
mean B0=121.6603 homogen=45277.4058
mean B0=110.7257 homogen=14122.8447
mean B0=108.4084 homogen=31144.2175
mean B0=114.6747 homogen=28045.4952
mean B0=110.3875 homogen=12073.407
mean B0=118.5526 homogen=26010.8968
mean B0=100.0534 homogen=32780.3235
mean B0=82.0138 homogen=261934.1515
mean B0=105.5864 homogen=9625.4813
mean B0=116.7381 homogen=24158.2621
mean B0=96.9316 homogen=5359.3165
mean B0=117.9012 homogen=50053.3552
mean B0=106.3193 homogen=11148.7044
mean B0=118.5537 homogen=54454.4582
mean B0=108.4154 homogen=11475.6352
mean B0=116.9109 homogen=23652.2681
mean B0=111.6211 homogen=44187.6101
mean B0=125.7107 homogen=104154.1338
mean B0=114.6038 homogen=22801.7655
mean B0=108.4449 homogen=8923.8335
mean B0=120.5886 homogen=34056.4812
mean B0=102.0478 homogen=10553.96
mean B0=106.1709 homogen=8431.8864
mean B0=127.0468 homogen=71962.2397
mean B0=105.5511 homogen=8334.2856
mean B0=118.4345 homogen=45608.1118
mean B0=109.0665 homogen=41171.7664
   142 |     5680 |     36 |  0.000000E+00 |  0.000000E+00 |  0.0052166187 |             f
mean B0=80.4072 homogen=90896.2376
mean B0=101.8093 homogen=30269.0442
mean B0=103.6731 homogen=35108.9341
mean B0=118.6428 homogen=26388.7205
mean B0=106.7531 homogen=16071.411
mean B0=118.2949 homogen=24471.9522
mean B0=89.4994 homogen=217171.7064
mean B0=117.6322 homogen=37857.0162
mean B0=118.5885 homogen=29826.1098
mean B0=117.9839 homogen=22361.9456
mean B0=106.7299 homogen=8458.7058
mean B0=118.6128 homogen=26036.6455
mean B0=123.8331 homogen=66662.4265
mean B0=107.9101 homogen=173903.7353
mean B0=121.5106 homogen=67352.4484
mean B0=110.5242 homogen=12470.9807
mean B0=110.7493 homogen=21639.6497
mean B0=122.974 homogen=50850.9665
mean B0=104.9005 homogen=8280.2352
mean B0=116.529 homogen=18489.2233
mean B0=106.2587 homogen=28472.3699
mean B0=107.903 homogen=36008.2122
mean B0=113.2523 homogen=64715.234
mean B0=125.4971 homogen=63593.0263
mean B0=102.699 homogen=15189.6924
mean B0=123.4877 homogen=50775.7938
mean B0=111.8602 homogen=29561.6774
mean B0=101.0839 homogen=11645.4293
mean B0=109.3266 homogen=11812.284
mean B0=90.5255 homogen=38815.9712
mean B0=114.7059 homogen=19254.318
mean B0=104.7061 homogen=8110.6616
mean B0=96.0566 homogen=26713.8487
mean B0=114.2848 homogen=17100.4324
mean B0=110.365 homogen=16466.9846
mean B0=124.6078 homogen=62595.8774
mean B0=116.0709 homogen=39384.3989
mean B0=88.547 homogen=125886.6831
mean B0=96.0593 homogen=5541.6844
mean B0=121.0768 homogen=33091.9994
   143 |     5720 |     40 |  0.000000E+00 |  0.000000E+00 |  0.0019337762 |             f
mean B0=98.2994 homogen=11986.9519
mean B0=97.5068 homogen=5257.8912
mean B0=127.0697 homogen=72100.7444
mean B0=103.8722 homogen=21130.7969
mean B0=115.2518 homogen=17659.4116
mean B0=104.1591 homogen=67093.3947
mean B0=113.2583 homogen=15142.011
mean B0=110.7571 homogen=13173.7694
mean B0=118.2469 homogen=61378.6772
mean B0=127.0278 homogen=74327.2668
mean B0=113.9566 homogen=42298.8938
mean B0=117.8937 homogen=22348.3326
mean B0=123.7479 homogen=65828.9549
mean B0=101.5419 homogen=16270.2098
mean B0=101.0042 homogen=7088.8262
mean B0=128.2035 homogen=82729.8159
mean B0=119.5992 homogen=33185.7863
mean B0=118.5403 homogen=23927.875
mean B0=121.6204 homogen=47718.5753
mean B0=111.2294 homogen=16227.0915
mean B0=100.2268 homogen=14300.6757
mean B0=105.6825 homogen=8336.8163
mean B0=104.8902 homogen=35007.3577
mean B0=95.7393 homogen=29112.3558
mean B0=116.5302 homogen=18483.3335
mean B0=105.039 homogen=8435.8711
mean B0=114.117 homogen=19402.9988
mean B0=90.2653 homogen=123100.8037
mean B0=109.691 homogen=36228.1998
mean B0=74.8774 homogen=249227.6186
mean B0=115.1103 homogen=19975.4811
mean B0=118.2944 homogen=24472.2847
mean B0=111.683 homogen=17767.3293
mean B0=110.547 homogen=21907.9212
mean B0=118.15 homogen=25776.4845
mean B0=117.3861 homogen=25228.5017
mean B0=119.8466 homogen=32883.4668
mean B0=121.4381 homogen=46223.8328
mean B0=121.0559 homogen=33010.8384
mean B0=116.738 homogen=21564.4489
   144 |     5760 |     40 |  0.000000E+00 |  0.000000E+00 |  0.0073712262 |         nadir
mean B0=119.0087 homogen=29580.8937
mean B0=96.3544 homogen=10748.2007
mean B0=112.4337 homogen=18464.5862
mean B0=113.4153 homogen=14718.908
mean B0=112.5501 homogen=17982.3219
mean B0=101.1198 homogen=13815.6841
mean B0=123.1767 homogen=55453.0304
mean B0=111.9119 homogen=17937.5036
mean B0=112.8742 homogen=15636.9667
mean B0=108.993 homogen=19922.0491
mean B0=101.2709 homogen=139918.6942
mean B0=128.1715 homogen=82140.7194
mean B0=112.2245 homogen=25783.8861
mean B0=114.365 homogen=31063.0234
mean B0=82.3384 homogen=59296.3126
mean B0=117.6834 homogen=43318.5688
mean B0=100.9856 homogen=6009.6844
mean B0=124.7776 homogen=60831.3477
mean B0=88.2041 homogen=47261.5478
mean B0=106.0745 homogen=67981.2116
mean B0=128.2993 homogen=83142.2412
mean B0=113.054 homogen=19152.4577
mean B0=113.4171 homogen=19585.1463
mean B0=115.3075 homogen=17751.7633
mean B0=99.4877 homogen=15109.2796
mean B0=114.0075 homogen=20498.0192
mean B0=125.6217 homogen=63889.5992
mean B0=100.4853 homogen=26952.2134
mean B0=114.5584 homogen=18194.6981
mean B0=111.7476 homogen=14494.5642
mean B0=127.0884 homogen=71922.5937
mean B0=105.1303 homogen=7935.8855
mean B0=107.3054 homogen=38874.9129
mean B0=127.0397 homogen=72233.7363
mean B0=119.1108 homogen=33006.1539
mean B0=112.8523 homogen=18101.6716
mean B0=117.2349 homogen=35688.2635
mean B0=125.4971 homogen=63594.599
mean B0=106.1086 homogen=36118.9669
mean B0=110.4927 homogen=46510.7636
   145 |     5800 |     40 |  0.000000E+00 |  0.000000E+00 |  0.0029237707 |         ideal
mean B0=105.387 homogen=9483.5724
mean B0=109.1128 homogen=45985.0768
mean B0=119.1096 homogen=29482.2135
mean B0=103.6879 homogen=39153.3427
mean B0=105.6727 homogen=18996.7183
mean B0=127.4563 homogen=84795.2832
mean B0=125.4971 homogen=63593.0263
mean B0=109.2672 homogen=36356.3042
mean B0=103.8902 homogen=12740.12
mean B0=110.4379 homogen=14289.2529
mean B0=119.332 homogen=29305.6462
mean B0=87.6507 homogen=161953.1582
mean B0=105.1424 homogen=21341.935
mean B0=106.8099 homogen=18572.8781
mean B0=123.4214 homogen=50854.5231
mean B0=114.3478 homogen=35638.754
mean B0=108.4312 homogen=70321.9787
mean B0=117.6035 homogen=24131.801
mean B0=79.4936 homogen=57299.0517
mean B0=120.0533 homogen=41992.7832
mean B0=104.7274 homogen=27465.3669
mean B0=125.7397 homogen=62293.0813
mean B0=112.4503 homogen=104525.965
mean B0=120.3871 homogen=103097.3896
mean B0=113.5215 homogen=34653.2505
mean B0=121.8625 homogen=46417.0888
mean B0=123.5109 homogen=50879.8259
mean B0=98.9444 homogen=13256.7832
mean B0=110.9585 homogen=12794.0463
mean B0=122.9966 homogen=58153.827
mean B0=116.5323 homogen=19682.2807
mean B0=116.3171 homogen=28769.2012
mean B0=111.6611 homogen=42284.5419
mean B0=110.3749 homogen=12610.4801
mean B0=128.5566 homogen=81909.5301
mean B0=106.8097 homogen=9217.8544
mean B0=118.5403 homogen=23927.875
mean B0=113.1424 homogen=23544.8955
mean B0=96.8539 homogen=4521.2139
mean B0=109.8704 homogen=10774.514
   146 |     5840 |     38 |  0.000000E+00 |  0.000000E+00 |  0.0077927314 |         ideal
mean B0=116.4513 homogen=37645.8306
mean B0=103.5912 homogen=32166.966
mean B0=108.0595 homogen=36421.0348
mean B0=123.6508 homogen=63110.9127
mean B0=109.5193 homogen=36781.0277
mean B0=119.9544 homogen=32397.318
mean B0=102.2378 homogen=6626.1771
mean B0=94.3837 homogen=31003.2056
mean B0=105.9759 homogen=16946.4002
mean B0=122.601 homogen=67723.9232
mean B0=115.7081 homogen=36414.2177
mean B0=126.4426 homogen=71054.9863
mean B0=113.0918 homogen=14966.6267
mean B0=108.5795 homogen=194610.3402
mean B0=118.4351 homogen=24693.8171
mean B0=124.6717 homogen=61972.022
mean B0=121.6192 homogen=46614.6728
mean B0=122.2933 homogen=55589.7115
mean B0=116.553 homogen=25846.2874
mean B0=115.3075 homogen=17751.7633
mean B0=101.7664 homogen=27161.2355
mean B0=104.562 homogen=78687.9766
mean B0=119.6717 homogen=59043.5753
mean B0=117.2135 homogen=24491.1249
mean B0=112.8979 homogen=24634.6776
mean B0=116.4664 homogen=18542.0123
mean B0=97.5698 homogen=4710.0851
mean B0=117.7202 homogen=20228.2867
mean B0=112.6621 homogen=19261.8877
mean B0=108.7026 homogen=15391.4861
mean B0=109.5314 homogen=13817.577
mean B0=114.9177 homogen=17443.9863
mean B0=97.1091 homogen=4451.2373
mean B0=107.2222 homogen=16001.1894
mean B0=119.3279 homogen=29243.1138
mean B0=106.2328 homogen=9245.6605
mean B0=110.0875 homogen=10850.1402
mean B0=111.4635 homogen=12891.947
mean B0=108.6456 homogen=14395.6559
mean B0=121.6603 homogen=45277.4058
   147 |     5880 |     40 |  0.000000E+00 |  0.000000E+00 |  0.0020386444 |             f
mean B0=107.7409 homogen=35933.1911
mean B0=114.9143 homogen=23083.026
mean B0=118.5442 homogen=23937.4434
mean B0=115.6183 homogen=19609.3393
mean B0=94.4335 homogen=5857.0534
mean B0=116.6446 homogen=19180.533
mean B0=109.4449 homogen=29376.5108
mean B0=121.6603 homogen=45277.4058
mean B0=104.6866 homogen=25086.2464
mean B0=82.1149 homogen=42660.7771
mean B0=119.7519 homogen=107078.5569
mean B0=112.458 homogen=14103.2281
mean B0=121.292 homogen=34942.0436
mean B0=124.2951 homogen=64300.7851
mean B0=126.4232 homogen=71261.9021
mean B0=110.8176 homogen=12213.8508
mean B0=126.7258 homogen=75056.4003
mean B0=123.6017 homogen=52718.1452
mean B0=110.1127 homogen=12804.0928
mean B0=105.3271 homogen=40724.6051
mean B0=102.4232 homogen=27530.8076
mean B0=98.5742 homogen=40381.6622
mean B0=125.7353 homogen=62275.1622
mean B0=120.2477 homogen=32969.0169
mean B0=72.2486 homogen=251647.7127
mean B0=109.9651 homogen=10807.9662
mean B0=115.0343 homogen=19891.9992
mean B0=100.9856 homogen=6009.6844
mean B0=111.2166 homogen=27792.8349
mean B0=123.5758 homogen=76659.0111
mean B0=110.4194 homogen=10892.3043
mean B0=105.8297 homogen=13657.2309
mean B0=122.9675 homogen=51990.094
mean B0=102.5647 homogen=7696.341
mean B0=121.0457 homogen=33067.2691
mean B0=105.8646 homogen=7883.9792
mean B0=102.6593 homogen=35310.4419
mean B0=120.5079 homogen=32361.1495
mean B0=98.5452 homogen=5267.2164
mean B0=117.2655 homogen=95919.1218
   148 |     5920 |     40 |  0.000000E+00 |  0.000000E+00 |  0.0046343651 |             f
mean B0=111.4318 homogen=19801.3328
mean B0=124.7775 homogen=60830.577
mean B0=124.4025 homogen=55748.2837
mean B0=117.9137 homogen=22200.1186
mean B0=112.6343 homogen=17819.4708
mean B0=115.3742 homogen=23045.8004
mean B0=119.3296 homogen=59143.713
mean B0=107.7276 homogen=39387.31
mean B0=126.8025 homogen=70553.2711
mean B0=106.8934 homogen=18096.9755
mean B0=119.3267 homogen=29254.9148
mean B0=109.668 homogen=43879.4575
mean B0=97.2808 homogen=116919.0839
mean B0=113.0152 homogen=23810.1973
mean B0=123.4236 homogen=62527.0819
mean B0=121.892 homogen=46283.4387
mean B0=117.7218 homogen=20209.9333
mean B0=98.1707 homogen=7339.1682
mean B0=100.9399 homogen=5874.661
mean B0=125.7351 homogen=62271.0731
mean B0=113.4202 homogen=17999.2944
mean B0=120.4845 homogen=40229.9136
mean B0=98.2417 homogen=2643.2791
mean B0=102.1557 homogen=6436.5144
mean B0=74.1841 homogen=68487.5013
mean B0=124.972 homogen=59942.5449
mean B0=115.0818 homogen=28481.9529
mean B0=115.6234 homogen=31249.2091
mean B0=120.8799 homogen=35227.2187
mean B0=99.4042 homogen=28197.307
mean B0=117.3006 homogen=24191.2859
mean B0=99.8887 homogen=37449.2142
mean B0=109.4581 homogen=11411.9412
mean B0=116.6623 homogen=23276.4141
mean B0=117.596 homogen=25043.1414
mean B0=115.1317 homogen=17029.1499
mean B0=118.5393 homogen=23944.6436
mean B0=110.5181 homogen=12945.9924
mean B0=94.7577 homogen=11127.2055
mean B0=127.0932 homogen=71943.2634
   149 |     5960 |     40 |  0.000000E+00 |  0.000000E+00 |  0.0890752101 |         nadir
mean B0=117.2079 homogen=47770.3053
mean B0=126.0813 homogen=71308.7706
mean B0=118.1617 homogen=65385.2384
mean B0=94.0413 homogen=45594.1272
mean B0=126.4864 homogen=63967.8951
mean B0=112.7682 homogen=14211.4473
mean B0=121.0808 homogen=34220.0096
mean B0=111.5534 homogen=31373.8336
mean B0=119.0433 homogen=29726.9247
mean B0=107.93 homogen=29400.1837
mean B0=111.1821 homogen=14696.5352
mean B0=110.9584 homogen=12794.5568
mean B0=115.3464 homogen=17457.9286
mean B0=122.1833 homogen=46581.6084
mean B0=96.6802 homogen=112732.4866
mean B0=121.311 homogen=47435.4084
mean B0=119.3315 homogen=29310.044
mean B0=106.2925 homogen=8159.7796
mean B0=90.1405 homogen=17152.8008
mean B0=105.0254 homogen=49238.277
mean B0=117.9061 homogen=23140.4722
mean B0=122.4342 homogen=43071.3183
mean B0=108.6862 homogen=13118.1223
mean B0=117.4528 homogen=20720.8113
mean B0=127.9782 homogen=79414.354
mean B0=99.843 homogen=136036.705
mean B0=116.7418 homogen=18955.9877
mean B0=109.4865 homogen=34137.913
mean B0=98.2467 homogen=151204.1397
mean B0=117.8144 homogen=22050.7264
mean B0=117.6424 homogen=67487.7583
mean B0=111.4635 homogen=12891.956
mean B0=102.009 homogen=7277.0563
mean B0=108.2053 homogen=9197.842
mean B0=127.4374 homogen=73143.4173
mean B0=119.0254 homogen=24898.1255
mean B0=124.9731 homogen=59930.7405
mean B0=101.3857 homogen=6040.0593
mean B0=87.7946 homogen=128863.0061
mean B0=113.6139 homogen=31810.7981
   150 |     6000 |     40 |  0.000000E+00 |  0.000000E+00 |  0.0042136321 |             f
mean B0=125.9577 homogen=62479.6034
mean B0=99.6785 homogen=17809.4259
mean B0=116.43 homogen=18394.1484
mean B0=118.5384 homogen=23941.6025
mean B0=104.5749 homogen=22658.904
mean B0=123.0318 homogen=69022.6703
mean B0=97.3016 homogen=3674.5131
mean B0=117.9052 homogen=22184.6177
mean B0=109.8476 homogen=15989.5411
mean B0=111.6134 homogen=16309.9622
mean B0=119.4367 homogen=28981.8307
mean B0=109.4963 homogen=17303.9197
mean B0=106.2925 homogen=8159.7796
mean B0=124.5354 homogen=58003.4927
mean B0=118.7221 homogen=53490.1002
mean B0=113.7404 homogen=14673.7873
mean B0=117.4548 homogen=20861.9752
mean B0=128.3858 homogen=79406.9196
mean B0=100.4397 homogen=9329.207
mean B0=114.032 homogen=19238.6829
mean B0=124.7573 homogen=59737.9307
mean B0=124.8436 homogen=61274.2584
mean B0=120.604 homogen=32442.0897
mean B0=126.8048 homogen=70532.1602
mean B0=92.1658 homogen=54769.9127
mean B0=111.0188 homogen=21215.7793
mean B0=102.4022 homogen=5958.2272
mean B0=123.6104 homogen=52748.3379
mean B0=111.9713 homogen=17136.069
mean B0=111.5505 homogen=12030.3566
mean B0=112.5164 homogen=14086.8009
mean B0=117.8656 homogen=23084.5375
mean B0=121.292 homogen=34942.0436
mean B0=114.9701 homogen=16048.5427
mean B0=118.001 homogen=22466.4252
mean B0=100.7021 homogen=41749.8428
mean B0=116.9 homogen=21640.0558
mean B0=114.1146 homogen=57779.8549
mean B0=101.9597 homogen=125710.1107
mean B0=119.8492 homogen=52142.5069
   151 |     6040 |     40 |  0.000000E+00 |  0.000000E+00 |  0.0029816100 |             f
mean B0=123.3518 homogen=75927.7405
mean B0=109.4008 homogen=15956.6375
mean B0=123.4874 homogen=50790.4045
mean B0=106.5282 homogen=182012.1614
mean B0=105.4009 homogen=9159.246
mean B0=117.8739 homogen=29689.2638
mean B0=110.4208 homogen=10895.1063
mean B0=123.8329 homogen=58713.3599
mean B0=102.5836 homogen=27680.9389
mean B0=120.116 homogen=31576.0646
mean B0=108.6695 homogen=9450.9342
mean B0=103.7314 homogen=16252.3608
mean B0=117.2016 homogen=18338.6767
mean B0=118.763 homogen=26001.7257
mean B0=118.5381 homogen=23941.6057
mean B0=125.1549 homogen=61158.7447
mean B0=112.8376 homogen=14171.6491
mean B0=115.3185 homogen=17537.0869
mean B0=119.004 homogen=24442.16
mean B0=104.9958 homogen=162842.4224
mean B0=112.772 homogen=21660.7498
mean B0=112.5585 homogen=17033.3602
mean B0=124.7569 homogen=59740.1229
mean B0=105.2987 homogen=15882.0817
mean B0=100.3717 homogen=11997.364
mean B0=88.7567 homogen=52762.4102
mean B0=128.3844 homogen=79401.522
mean B0=124.5018 homogen=57781.5849
mean B0=115.9695 homogen=19148.5549
mean B0=121.0808 homogen=34220.0096
mean B0=120.3419 homogen=33183.8491
mean B0=124.9731 homogen=59930.7405
mean B0=122.9547 homogen=46044.4224
mean B0=97.3742 homogen=3271.3319
mean B0=116.7735 homogen=19247.5758
mean B0=117.9045 homogen=25218.0686
mean B0=110.1092 homogen=21371.1345
mean B0=128.6955 homogen=80642.6468
mean B0=119.4985 homogen=57216.5385
mean B0=115.2543 homogen=17384.3212
   152 |     6080 |     40 |  0.000000E+00 |  0.000000E+00 |  0.0045624608 |         ideal
mean B0=106.7205 homogen=8441.9349
mean B0=116.6414 homogen=28051.9628
mean B0=115.8918 homogen=23366.0195
mean B0=105.5995 homogen=57864.8584
mean B0=109.832 homogen=17455.2722
mean B0=102.418 homogen=6471.6917
mean B0=117.2445 homogen=18442.9449
mean B0=124.4853 homogen=57639.42
mean B0=115.1776 homogen=16105.6962
mean B0=117.286 homogen=19279.0426
mean B0=98.5356 homogen=107106.415
mean B0=125.7338 homogen=62263.5338
mean B0=128.8807 homogen=84520.0859
mean B0=118.1863 homogen=23325.8292
mean B0=108.6261 homogen=30401.3636
mean B0=112.9879 homogen=13824.588
mean B0=128.4132 homogen=80749.4015
mean B0=97.6459 homogen=10173.8885
mean B0=126.0509 homogen=62061.4827
mean B0=106.0643 homogen=18700.2784
mean B0=106.5986 homogen=28166.0676
mean B0=93.6848 homogen=8011.947
mean B0=114.1643 homogen=23798.4795
mean B0=84.3285 homogen=49115.8241
mean B0=104.6978 homogen=10743.3163
mean B0=108.4221 homogen=9202.7092
mean B0=109.8303 homogen=10702.4639
mean B0=121.0333 homogen=35710.8043
mean B0=127.298 homogen=72860.5274
mean B0=127.2372 homogen=72473.6157
mean B0=117.5954 homogen=23827.835
mean B0=122.9558 homogen=46051.6701
mean B0=116.4236 homogen=38917.363
mean B0=123.4082 homogen=50715.0977
mean B0=121.8009 homogen=39835.004
mean B0=119.2741 homogen=28493.6867
mean B0=125.0351 homogen=59577.2584
mean B0=114.9589 homogen=59587.7
mean B0=111.5171 homogen=12151.9511
mean B0=114.7697 homogen=18081.6177
   153 |     6120 |     40 |  0.000000E+00 |  0.000000E+00 |  0.0060430328 |         ideal
mean B0=119.448 homogen=29378.4989
mean B0=113.3256 homogen=22971.4737
mean B0=116.4489 homogen=24122.7814
mean B0=112.0693 homogen=21925.878
mean B0=108.4913 homogen=13018.063
mean B0=124.3141 homogen=70432.2965
mean B0=109.0666 homogen=16764.3382
mean B0=128.7084 homogen=80696.2695
mean B0=110.3945 homogen=10959.8681
mean B0=111.2569 homogen=16529.62
mean B0=108.4207 homogen=169308.4009
mean B0=113.3908 homogen=69767.8792
mean B0=121.0163 homogen=33767.8824
mean B0=128.2388 homogen=79231.0924
mean B0=90.0757 homogen=47272.8097
mean B0=110.5944 homogen=52377.6756
mean B0=126.8048 homogen=70532.0948
mean B0=125.0179 homogen=58579.9829
mean B0=110.142 homogen=13001.4603
mean B0=118.8725 homogen=23805.8732
mean B0=120.5927 homogen=32027.0668
mean B0=118.9385 homogen=81888.0853
mean B0=102.0517 homogen=8991.6467
mean B0=113.2887 homogen=116481.2362
mean B0=82.5669 homogen=55012.2882
mean B0=96.4174 homogen=13734.5607
mean B0=116.2656 homogen=40612.7734
mean B0=112.9539 homogen=46436.2075
mean B0=122.026 homogen=44624.422
mean B0=117.1292 homogen=21192.2934
mean B0=116.2545 homogen=17799.7961
mean B0=121.7444 homogen=40344.1618
mean B0=110.7876 homogen=22206.7381
mean B0=116.6188 homogen=15722.9395
mean B0=114.6328 homogen=18634.465
mean B0=109.8592 homogen=54840.1702
mean B0=121.4068 homogen=35166.0913
mean B0=103.7072 homogen=19005.7299
mean B0=112.3045 homogen=12663.8452
mean B0=126.2011 homogen=64513.8037
   154 |     6160 |     40 |  0.000000E+00 |  0.000000E+00 |  0.0033807538 |             f
mean B0=100.0888 homogen=14893.75
mean B0=122.9558 homogen=46150.946
mean B0=125.3793 homogen=61126.8358
mean B0=121.4092 homogen=35969.0338
mean B0=128.671 homogen=80468.5148
mean B0=127.6062 homogen=72582.623
mean B0=105.9006 homogen=8816.1164
mean B0=116.6897 homogen=26298.1742
mean B0=111.3261 homogen=11448.979
mean B0=113.8947 homogen=34712.1807
mean B0=123.4088 homogen=50713.7784
mean B0=126.8048 homogen=70530.8475
mean B0=91.1859 homogen=35263.7886
mean B0=122.9558 homogen=46051.6701
mean B0=127.0801 homogen=101349.2522
mean B0=93.4728 homogen=77419.1819
mean B0=104.6229 homogen=8609.3363
mean B0=116.8077 homogen=22240.0438
mean B0=119.9416 homogen=28301.6515
mean B0=108.4107 homogen=8957.8696
mean B0=117.5157 homogen=22678.4898
mean B0=111.9485 homogen=140310.8378
mean B0=98.6561 homogen=120338.9761
mean B0=115.9467 homogen=136002.3078
mean B0=128.2758 homogen=79461.83
mean B0=118.704 homogen=24057.3555
mean B0=121.4269 homogen=58092.2364
mean B0=102.8024 homogen=7865.7031
mean B0=110.7543 homogen=11618.757
mean B0=115.927 homogen=46811.942
mean B0=124.3661 homogen=61785.688
mean B0=108.6695 homogen=9450.9342
mean B0=116.8013 homogen=18821.7643
mean B0=110.5291 homogen=21434.8125
mean B0=118.1763 homogen=21999.4558
mean B0=118.7243 homogen=50905.5676
mean B0=103.8366 homogen=10551.557
mean B0=117.9394 homogen=45681.3693
mean B0=100.219 homogen=43378.8889
mean B0=116.6557 homogen=15810.1939
   155 |     6200 |     40 |  0.000000E+00 |  0.000000E+00 |  0.0012268592 |             f
mean B0=120.1686 homogen=166958.3714
mean B0=123.2712 homogen=45733.241
mean B0=98.2872 homogen=2636.2312
mean B0=92.1184 homogen=35216.5543
mean B0=126.0384 homogen=62081.2339
mean B0=107.5289 homogen=43574.572
mean B0=114.7015 homogen=20057.0655
mean B0=108.0746 homogen=13809.3444
mean B0=120.5932 homogen=39044.6714
mean B0=128.4639 homogen=81187.7575
mean B0=123.0938 homogen=45349.1441
mean B0=112.5184 homogen=22009.1698
mean B0=116.974 homogen=20461.1935
mean B0=121.7105 homogen=34250.8144
mean B0=121.5367 homogen=62887.0269
mean B0=122.0823 homogen=44778.462
mean B0=112.6154 homogen=12910.3079
mean B0=103.9841 homogen=20737.2421
mean B0=127.3628 homogen=70079.2439
mean B0=117.8132 homogen=42665.7488
mean B0=126.1927 homogen=64535.2734
mean B0=118.8132 homogen=27592.5863
mean B0=126.7434 homogen=70724.236
mean B0=125.3196 homogen=60368.3932
mean B0=117.2136 homogen=18325.4139
mean B0=117.8214 homogen=26498.7484
mean B0=117.1027 homogen=23112.2302
mean B0=115.4886 homogen=20899.3536
mean B0=110.0875 homogen=10850.1402
mean B0=102.9907 homogen=8231.0129
mean B0=113.6186 homogen=15124.9586
mean B0=106.8234 homogen=18383.8917
mean B0=125.299 homogen=76434.697
mean B0=128.2825 homogen=79933.9445
mean B0=111.6971 homogen=13690.2461
mean B0=116.1856 homogen=15745.061
mean B0=105.1672 homogen=28560.2248
mean B0=120.3136 homogen=42851.4916
mean B0=119.4373 homogen=25738.1063
mean B0=112.4414 homogen=31584.3575
   156 |     6240 |     40 |  0.000000E+00 |  0.000000E+00 |  0.0026199300 |             f
mean B0=119.974 homogen=29114.6664
mean B0=115.1255 homogen=17528.9327
mean B0=113.6658 homogen=14590.4026
mean B0=123.8983 homogen=54357.298
mean B0=122.7371 homogen=44192.8071
mean B0=125.5357 homogen=60246.9793
mean B0=101.853 homogen=7089.0729
mean B0=126.7305 homogen=72705.7386
mean B0=125.5131 homogen=59804.0837
mean B0=117.6685 homogen=21832.8458
mean B0=119.8449 homogen=68668.7739
mean B0=116.6112 homogen=15779.1532
mean B0=123.3016 homogen=49888.9119
mean B0=112.9937 homogen=21899.0355
mean B0=115.107 homogen=19385.1692
mean B0=117.3655 homogen=19420.3642
mean B0=110.8326 homogen=24028.5284
mean B0=110.4734 homogen=10811.7299
mean B0=119.0552 homogen=24874.2572
mean B0=123.3357 homogen=50704.2325
mean B0=122.4024 homogen=42071.1651
mean B0=110.0583 homogen=26295.3924
mean B0=128.7693 homogen=80707.3921
mean B0=113.055 homogen=13963.5786
mean B0=119.2284 homogen=24553.2956
mean B0=116.4633 homogen=15609.2071
mean B0=110.3295 homogen=11851.9777
mean B0=102.4477 homogen=5688.2258
mean B0=95.696 homogen=25888.2784
mean B0=101.4225 homogen=6050.0929
mean B0=114.3942 homogen=18669.7691
mean B0=123.7241 homogen=52849.1637
mean B0=112.6256 homogen=65139.6664
mean B0=115.246 homogen=31182.3255
mean B0=73.8374 homogen=177644.9153
mean B0=123.4189 homogen=78394.9035
mean B0=108.8279 homogen=47247.2429
mean B0=127.3872 homogen=73621.0995
mean B0=123.2394 homogen=45762.7407
mean B0=126.2789 homogen=64510.5764
   157 |     6280 |     40 |  0.000000E+00 |  0.000000E+00 |  0.0025523613 |             f
mean B0=86.366 homogen=164073.7592
mean B0=126.3185 homogen=65583.002
mean B0=89.8588 homogen=241476.5
mean B0=124.3735 homogen=57343.3512
mean B0=125.9223 homogen=59495.8582
mean B0=119.3664 homogen=88334.2368
mean B0=110.691 homogen=32178.5766
mean B0=100.3857 homogen=23793.9821
mean B0=112.0443 homogen=13183.0532
mean B0=123.4983 homogen=49589.8177
mean B0=117.1494 homogen=17747.2386
mean B0=109.3296 homogen=19060.1771
mean B0=126.8118 homogen=70503.8289
mean B0=117.4277 homogen=21662.0678
mean B0=109.6228 homogen=11137.6895
mean B0=110.2793 homogen=47713.7237
mean B0=118.5359 homogen=23142.0396
mean B0=105.8607 homogen=7866.3004
mean B0=110.9482 homogen=67799.4109
mean B0=126.7999 homogen=64781.5741
mean B0=113.746 homogen=14623.2915
mean B0=119.4065 homogen=28880.0651
mean B0=120.0537 homogen=29327.657
mean B0=117.5263 homogen=21097.7958
mean B0=122.7608 homogen=36821.7429
mean B0=119.2937 homogen=153094.6623
mean B0=119.4061 homogen=25674.9068
mean B0=124.3319 homogen=48087.6351
mean B0=108.6837 homogen=9397.9583
mean B0=122.5374 homogen=44494.711
mean B0=116.9444 homogen=18526.5207
mean B0=121.2488 homogen=35643.3961
mean B0=125.011 homogen=58612.7023
mean B0=117.5329 homogen=22773.7438
mean B0=106.973 homogen=9034.4926
mean B0=119.3061 homogen=28162.2291
mean B0=129.0028 homogen=82372.5522
mean B0=128.8864 homogen=84474.1167
mean B0=103.5772 homogen=65210.8428
mean B0=123.2761 homogen=49678.7342
   158 |     6320 |     40 |  0.000000E+00 |  0.000000E+00 |  0.0039743766 |         ideal
mean B0=116.9871 homogen=18197.1893
mean B0=113.9825 homogen=21810.7073
mean B0=89.4418 homogen=13728.6135
mean B0=120.0128 homogen=63278.9601
mean B0=118.7419 homogen=28041.2758
mean B0=104.4612 homogen=13948.3894
mean B0=121.7221 homogen=105694.552
mean B0=118.9192 homogen=23864.0396
mean B0=116.5528 homogen=16400.1935
mean B0=126.7946 homogen=64798.6216
mean B0=108.9205 homogen=40115.9049
mean B0=124.2762 homogen=56007.1608
mean B0=106.5266 homogen=8827.206
mean B0=120.8367 homogen=38144.0914
mean B0=120.2259 homogen=36856.4775
mean B0=114.5209 homogen=20194.3512
mean B0=119.2316 homogen=26248.3252
mean B0=107.4329 homogen=11875.682
mean B0=122.238 homogen=71467.3456
mean B0=103.3014 homogen=8070.2376
mean B0=98.3994 homogen=2629.4735
mean B0=112.6108 homogen=20058.9301
mean B0=115.8689 homogen=92630.3844
mean B0=114.7018 homogen=30152.5447
mean B0=107.5094 homogen=169309.1598
mean B0=104.7335 homogen=14379.3664
mean B0=117.2141 homogen=18324.449
mean B0=126.0504 homogen=62062.4835
mean B0=127.6149 homogen=80374.878
mean B0=126.2832 homogen=64510.858
mean B0=115.2672 homogen=20686.13
mean B0=125.1436 homogen=58311.553
mean B0=120.9601 homogen=35192.0879
mean B0=126.2573 homogen=65075.9708
mean B0=81.4644 homogen=88378.0887
mean B0=125.4005 homogen=74294.1905
mean B0=110.7365 homogen=88707.4776
mean B0=118.7502 homogen=23363.529
mean B0=114.1661 homogen=20229.848
mean B0=118.6722 homogen=24382.3729
   159 |     6360 |     40 |  0.000000E+00 |  0.000000E+00 |  0.0036650123 |         nadir
mean B0=108.5698 homogen=9481.306
mean B0=84.3707 homogen=52193.0015
mean B0=113.7809 homogen=14603.9846
mean B0=117.226 homogen=16955.6254
mean B0=124.9786 homogen=58376.7134
mean B0=117.233 homogen=18639.4548
mean B0=120.3389 homogen=97345.7094
mean B0=125.2739 homogen=56629.8652
mean B0=102.3019 homogen=14358.7203
mean B0=126.122 homogen=82860.6525
mean B0=115.7626 homogen=36384.6995
mean B0=102.4477 homogen=5688.2258
mean B0=105.8293 homogen=8000.0008
mean B0=120.2523 homogen=29375.2413
mean B0=123.8341 homogen=48278.1742
mean B0=128.2388 homogen=79231.0924
mean B0=119.461 homogen=25723.1822
mean B0=121.3256 homogen=34637.124
mean B0=126.3547 homogen=60939.7675
mean B0=112.7613 homogen=15528.2759
mean B0=109.7143 homogen=11217.1265
mean B0=117.1963 homogen=18442.9619
mean B0=126.1085 homogen=65117.9952
mean B0=128.4476 homogen=78184.5598
mean B0=118.1455 homogen=22680.6008
mean B0=126.5512 homogen=65408.8648
mean B0=119.2345 homogen=24556.3844
mean B0=120.326 homogen=32381.2409
mean B0=123.0215 homogen=72326.1119
mean B0=108.0543 homogen=12585.9582
mean B0=105.1033 homogen=10415.7174
mean B0=120.116 homogen=31576.0646
mean B0=85.2635 homogen=45964.9253
mean B0=116.352 homogen=15892.2668
mean B0=103.5722 homogen=9789.4034
mean B0=108.6837 homogen=9397.9583
mean B0=127.5789 homogen=72635.7269
mean B0=118.3321 homogen=75472.5994
mean B0=116.6916 homogen=17364.9921
mean B0=118.9538 homogen=25042.585
   160 |     6400 |     40 |  0.000000E+00 |  0.000000E+00 |  0.0020999616 |             f
mean B0=127.5305 homogen=72046.8934
mean B0=118.2019 homogen=22775.7534
mean B0=101.8136 homogen=26833.9334
mean B0=112.0075 homogen=11718.5405
mean B0=109.2751 homogen=13081.2441
mean B0=128.6777 homogen=80329.384
mean B0=126.8052 homogen=64804.7583
mean B0=113.7839 homogen=28113.5435
mean B0=100.8334 homogen=17117.342
mean B0=116.9035 homogen=18343.6907
mean B0=106.2023 homogen=8165.985
mean B0=115.321 homogen=18423.2085
mean B0=116.522 homogen=15676.8954
mean B0=120.7275 homogen=33114.2809
mean B0=128.217 homogen=79385.3811
mean B0=111.713 homogen=38279.4722
mean B0=125.7872 homogen=56929.1041
mean B0=121.3314 homogen=34632.5276
mean B0=109.0958 homogen=15810.527
mean B0=128.6155 homogen=78025.8963
mean B0=129.0793 homogen=82915.5643
mean B0=126.6359 homogen=70088.7427
mean B0=107.3432 homogen=22946.0049
mean B0=98.6749 homogen=3087.2755
mean B0=113.5966 homogen=18270.7078
mean B0=113.8471 homogen=14933.1585
mean B0=119.936 homogen=28288.1604
mean B0=117.6199 homogen=50215.0341
mean B0=117.226 homogen=16955.6254
mean B0=125.1957 homogen=59959.9507
mean B0=110.3245 homogen=10732.4451
mean B0=122.6721 homogen=56700.1653
mean B0=126.513 homogen=60766.6471
mean B0=119.0595 homogen=25032.9082
mean B0=121.7334 homogen=34133.9726
mean B0=119.3326 homogen=23670.8042
mean B0=114.5879 homogen=16088.1401
mean B0=124.9282 homogen=51572.3779
mean B0=112.1816 homogen=15734.3007
mean B0=108.1565 homogen=8888.376
   161 |     6440 |     40 |  0.000000E+00 |  0.000000E+00 |  0.0067634642 |         nadir
mean B0=122.7398 homogen=36774.1757
mean B0=119.0165 homogen=23229.6106
mean B0=126.562 homogen=71421.8499
mean B0=126.9335 homogen=78019.4535
mean B0=106.6416 homogen=6085.6484
mean B0=116.07 homogen=27876.1921
mean B0=118.4413 homogen=23537.6591
mean B0=121.7022 homogen=77448.5985
mean B0=112.2691 homogen=12714.4684
mean B0=98.1133 homogen=9399.8908
mean B0=128.9154 homogen=78274.4036
mean B0=126.8525 homogen=65059.5998
mean B0=129.1973 homogen=83699.2556
mean B0=110.4734 homogen=10811.7299
mean B0=111.907 homogen=19070.4075
mean B0=111.2361 homogen=44735.6852
mean B0=112.5797 homogen=16734.3347
mean B0=113.8444 homogen=14935.7019
mean B0=124.9701 homogen=51641.6605
mean B0=105.2674 homogen=8681.0714
mean B0=101.5095 homogen=37108.947
mean B0=125.0224 homogen=57187.3084
mean B0=120.83 homogen=36320.7269
mean B0=117.7218 homogen=20209.9333
mean B0=103.5591 homogen=9928.2927
mean B0=105.5202 homogen=16097.1869
mean B0=103.9387 homogen=9727.857
mean B0=120.7106 homogen=34657.2437
mean B0=109.86 homogen=10658.6878
mean B0=122.3691 homogen=47134.7299
mean B0=126.2142 homogen=60591.2085
mean B0=116.0353 homogen=16491.9559
mean B0=120.1314 homogen=28944.5681
mean B0=119.936 homogen=28288.1604
mean B0=122.9452 homogen=68476.777
mean B0=124.9991 homogen=71409.7844
mean B0=83.4153 homogen=63464.3165
mean B0=126.0388 homogen=60558.9838
mean B0=125.8813 homogen=59419.3092
mean B0=82.4746 homogen=261200.0213
   162 |     6480 |     40 |  0.000000E+00 |  0.000000E+00 |  0.0038336127 |         ideal
mean B0=126.3205 homogen=65329.4845
mean B0=117.2423 homogen=18666.0656
mean B0=125.3073 homogen=56468.8761
mean B0=113.1091 homogen=20543.0514
mean B0=122.7119 homogen=53292.8127
mean B0=121.2452 homogen=56573.0081
mean B0=124.9879 homogen=59090.7391
mean B0=129.0747 homogen=82971.0788
mean B0=104.3969 homogen=22786.9133
mean B0=118.5511 homogen=44358.9672
mean B0=111.9035 homogen=82596.1918
mean B0=100.1904 homogen=4763.371
mean B0=116.1131 homogen=24155.7203
mean B0=121.4344 homogen=32409.2525
mean B0=106.89 homogen=34104.2718
mean B0=119.6185 homogen=25208.0468
mean B0=111.3683 homogen=11673.75
mean B0=121.3957 homogen=61766.7258
mean B0=109.8323 homogen=10250.4531
mean B0=109.8683 homogen=25126.0448
mean B0=108.4243 homogen=85638.6448
mean B0=126.4824 homogen=79892.949
mean B0=118.5083 homogen=28403.4516
mean B0=105.8998 homogen=6742.669
mean B0=108.7696 homogen=8389.8663
mean B0=119.1409 homogen=24101.3627
mean B0=121.8505 homogen=33809.2398
mean B0=110.182 homogen=32586.4985
mean B0=116.8943 homogen=127947.9566
mean B0=113.8485 homogen=21236.2542
mean B0=85.1578 homogen=191722.3015
mean B0=95.1202 homogen=27134.4312
mean B0=119.4328 homogen=36817.6724
mean B0=119.0116 homogen=42534.3316
mean B0=119.7666 homogen=42354.2682
mean B0=111.7623 homogen=12473.2857
mean B0=119.3013 homogen=33389.0057
mean B0=99.0465 homogen=43876.2084
mean B0=98.1166 homogen=109152.6381
mean B0=118.7652 homogen=29816.9014
   163 |     6520 |     40 |  0.000000E+00 |  0.000000E+00 |  0.0032942253 |             f
mean B0=102.4389 homogen=5703.0155
mean B0=123.4084 homogen=52279.6082
mean B0=118.8027 homogen=24887.9511
mean B0=115.2273 homogen=18173.632
mean B0=109.9903 homogen=9878.6437
mean B0=128.7634 homogen=82171.5601
mean B0=106.2636 homogen=142423.8281
mean B0=118.792 homogen=142922.6057
mean B0=127.0695 homogen=64056.7689
mean B0=99.7519 homogen=3494.2647
mean B0=97.645 homogen=5561.4134
mean B0=115.8489 homogen=27619.4266
mean B0=127.2151 homogen=87378.7641
mean B0=114.3935 homogen=13621.3332
mean B0=123.5748 homogen=49175.1882
mean B0=114.4128 homogen=19973.3672
mean B0=126.4305 homogen=60039.3129
mean B0=124.3749 homogen=56823.6412
mean B0=106.1017 homogen=7481.9956
mean B0=109.203 homogen=28695.0598
mean B0=110.4826 homogen=10799.3361
mean B0=107.8327 homogen=64768.3666
mean B0=116.8619 homogen=32350.1938
mean B0=120.3801 homogen=35283.4185
mean B0=91.7445 homogen=43571.9267
mean B0=128.552 homogen=84536.9746
mean B0=122.7402 homogen=36778.7208
mean B0=129.0975 homogen=84153.2447
mean B0=119.4088 homogen=25587.6177
mean B0=120.2523 homogen=29375.2413
mean B0=121.0194 homogen=35266.3603
mean B0=119.2437 homogen=152536.6453
mean B0=87.9067 homogen=9596.9198
mean B0=113.4443 homogen=14271.9602
mean B0=127.4533 homogen=72552.004
mean B0=111.0974 homogen=26316.3221
mean B0=125.3903 homogen=57238.0683
mean B0=117.1276 homogen=18427.9199
mean B0=113.9922 homogen=14728.113
mean B0=105.1729 homogen=23088.1418
   164 |     6560 |     40 |  0.000000E+00 |  0.000000E+00 |  0.0018061059 |             f
mean B0=118.6579 homogen=23547.6253
mean B0=125.9741 homogen=58157.2107
mean B0=121.7788 homogen=33444.3746
mean B0=122.2144 homogen=35482.5466
mean B0=110.432 homogen=38617.0792
mean B0=122.1853 homogen=63058.422
mean B0=125.3717 homogen=57302.3339
mean B0=123.6857 homogen=50495.387
mean B0=128.6005 homogen=83092.4048
mean B0=109.2583 homogen=15433.5961
mean B0=108.3753 homogen=7418.1173
mean B0=127.7646 homogen=81831.4946
mean B0=108.7852 homogen=8450.4208
mean B0=112.6969 homogen=89644.3857
mean B0=107.911 homogen=71429.1725
mean B0=129.7985 homogen=80902.2719
mean B0=113.1914 homogen=23159.115
mean B0=123.6073 homogen=49032.9258
mean B0=114.3068 homogen=24989.2038
mean B0=112.246 homogen=40569.663
mean B0=110.2437 homogen=40616.385
mean B0=121.7533 homogen=34721.4756
mean B0=115.7704 homogen=19917.49
mean B0=123.129 homogen=75261.3138
mean B0=105.4353 homogen=40567.7959
mean B0=104.4078 homogen=10674.7278
mean B0=126.8704 homogen=64482.6954
mean B0=127.8092 homogen=62323.7666
mean B0=121.3422 homogen=32699.9867
mean B0=105.7595 homogen=6491.4674
mean B0=101.9763 homogen=8373.3205
mean B0=124.6844 homogen=86669.0724
mean B0=109.0309 homogen=19168.2566
mean B0=118.0009 homogen=22465.1446
mean B0=103.7069 homogen=13109.6607
mean B0=112.8244 homogen=143151.6301
mean B0=120.1166 homogen=46618.2701
mean B0=125.3256 homogen=56428.7579
mean B0=120.4527 homogen=57311.1422
mean B0=110.0009 homogen=61098.0161
   165 |     6600 |     40 |  0.000000E+00 |  0.000000E+00 |  0.0047009847 |             f
mean B0=120.3018 homogen=62151.5699
mean B0=110.5797 homogen=22954.5342
mean B0=100.4146 homogen=4159.044
mean B0=116.7863 homogen=19409.0865
mean B0=112.1321 homogen=13119.7543
mean B0=123.851 homogen=60234.0811
mean B0=111.3563 homogen=11447.1314
mean B0=117.5521 homogen=48831.8024
mean B0=120.6078 homogen=34613.9939
mean B0=105.4665 homogen=22211.5684
mean B0=104.1054 homogen=7620.8612
mean B0=124.702 homogen=50485.9476
mean B0=126.7677 homogen=61617.4785
mean B0=114.5998 homogen=13838.196
mean B0=120.8555 homogen=33906.5911
mean B0=122.3799 homogen=111027.0878
mean B0=93.3504 homogen=32123.145
mean B0=125.1198 homogen=57426.8893
mean B0=102.3149 homogen=70517.633
mean B0=126.3513 homogen=61531.4992
mean B0=121.3327 homogen=38796.6452
mean B0=115.8257 homogen=94557.1184
mean B0=122.4398 homogen=49709.3439
mean B0=96.3341 homogen=24886.2004
mean B0=110.1576 homogen=9498.1437
mean B0=115.2046 homogen=22708.3353
mean B0=111.2658 homogen=84543.9816
mean B0=101.1564 homogen=4965.6123
mean B0=124.928 homogen=53623.7773
mean B0=115.243 homogen=19832.3912
mean B0=96.7367 homogen=4503.1977
mean B0=116.6085 homogen=16261.0838
mean B0=123.8002 homogen=37404.62
mean B0=122.0998 homogen=35030.2267
mean B0=105.1264 homogen=49842.2374
mean B0=119.6006 homogen=24752.2489
mean B0=89.0298 homogen=63080.3163
mean B0=118.2889 homogen=22514.7444
mean B0=126.0213 homogen=58261.302
mean B0=119.1787 homogen=22782.0197
   166 |     6640 |     40 |  0.000000E+00 |  0.000000E+00 |  0.0036005592 |             f
mean B0=123.2679 homogen=48476.5834
mean B0=107.0349 homogen=26326.8955
mean B0=114.2398 homogen=15421.0114
mean B0=106.316 homogen=51457.9675
mean B0=115.4645 homogen=15740.7332
mean B0=119.1068 homogen=22394.5062
mean B0=116.0439 homogen=16206.2044
mean B0=112.2952 homogen=12249.5715
mean B0=121.8014 homogen=33728.7668
mean B0=99.8723 homogen=6087.975
mean B0=115.3995 homogen=14900.7523
mean B0=118.1954 homogen=22672.0304
mean B0=125.7847 homogen=58888.718
mean B0=118.0785 homogen=21590.6482
mean B0=123.8005 homogen=37408.1292
mean B0=127.6659 homogen=60559.3191
mean B0=107.516 homogen=10311.8963
mean B0=97.3955 homogen=14702.3217
mean B0=110.7595 homogen=11655.7608
mean B0=107.132 homogen=36396.7117
mean B0=117.5994 homogen=95909.8093
mean B0=109.9523 homogen=49651.6347
mean B0=114.1936 homogen=20453.9409
mean B0=112.4014 homogen=17590.1662
mean B0=121.4633 homogen=33037.5148
mean B0=115.177 homogen=55891.5156
mean B0=110.3205 homogen=40909.4699
mean B0=117.0527 homogen=19069.5771
mean B0=119.6491 homogen=24828.1384
mean B0=110.8457 homogen=12059.8503
mean B0=118.6139 homogen=23697.02
mean B0=124.7482 homogen=51336.0665
mean B0=115.2025 homogen=133023.8097
mean B0=119.2014 homogen=48681.8
mean B0=113.895 homogen=70129.837
mean B0=101.2412 homogen=5398.3001
mean B0=122.7697 homogen=34573.0363
mean B0=118.3932 homogen=24990.0307
mean B0=113.2923 homogen=23784.1853
mean B0=111.5881 homogen=45633.9903
   167 |     6680 |     40 |  0.000000E+00 |  0.000000E+00 |  0.0020649928 |             f
mean B0=118.2617 homogen=22866.5567
mean B0=116.7887 homogen=17394.6447
mean B0=121.7448 homogen=32791.1181
mean B0=127.2015 homogen=100259.5996
mean B0=104.2492 homogen=21476.7718
mean B0=125.387 homogen=57356.5484
mean B0=129.3379 homogen=82917.5555
mean B0=115.3151 homogen=31857.5561
mean B0=127.7865 homogen=62250.9593
mean B0=101.1989 homogen=5793.7929
mean B0=125.4841 homogen=58281.2807
mean B0=123.5829 homogen=49843.6825
mean B0=108.3706 homogen=31173.0651
mean B0=116.1345 homogen=15987.735
mean B0=128.7856 homogen=80395.124
mean B0=119.3561 homogen=24842.4966
mean B0=125.3554 homogen=56308.5629
mean B0=102.4477 homogen=5688.2258
mean B0=113.0665 homogen=17553.9823
mean B0=128.9153 homogen=78275.2479
mean B0=110.6719 homogen=11036.25
mean B0=111.8235 homogen=18602.142
mean B0=128.0822 homogen=64583.6433
mean B0=118.3242 homogen=20962.9637
mean B0=105.4055 homogen=27122.2644
mean B0=116.1166 homogen=17901.8319
mean B0=125.3084 homogen=66788.7727
mean B0=112.3492 homogen=40537.9805
mean B0=123.8252 homogen=37470.0798
mean B0=111.5453 homogen=11208.0935
mean B0=116.6896 homogen=16826.3776
mean B0=121.114 homogen=26330.4205
mean B0=102.1431 homogen=27150.3544
mean B0=114.9311 homogen=13453.4452
mean B0=115.0334 homogen=13777.3138
mean B0=78.1784 homogen=61795.7482
mean B0=106.6168 homogen=6006.9637
mean B0=98.4797 homogen=4010.9232
mean B0=106.1382 homogen=27227.5236
mean B0=116.6078 homogen=16259.7696
   168 |     6720 |     40 |  0.000000E+00 |  0.000000E+00 |  0.0045429633 |         ideal
mean B0=107.4562 homogen=12919.7794
mean B0=83.9689 homogen=53650.8431
mean B0=83.3773 homogen=259778.0863
mean B0=120.7655 homogen=31087.731
mean B0=79.8314 homogen=55530.9586
mean B0=113.7396 homogen=110179.4947
mean B0=116.4764 homogen=35497.209
mean B0=117.2261 homogen=18677.6422
mean B0=120.2523 homogen=29375.2413
mean B0=128.0822 homogen=64583.6433
mean B0=122.128 homogen=42654.5076
mean B0=113.3958 homogen=133863.5063
mean B0=122.8877 homogen=38353.1926
mean B0=125.688 homogen=56921.3596
mean B0=98.1001 homogen=2638.8813
mean B0=116.3596 homogen=14775.9191
mean B0=122.7524 homogen=34543.1148
mean B0=108.7088 homogen=25599.762
mean B0=105.796 homogen=16705.519
mean B0=109.2043 homogen=8113.0997
mean B0=112.4836 homogen=12151.0498
mean B0=123.8943 homogen=37257.9138
mean B0=130.7843 homogen=85302.603
mean B0=128.5864 homogen=86695.9315
mean B0=111.9773 homogen=42439.2803
mean B0=103.9797 homogen=33337.6837
mean B0=124.8789 homogen=49802.3804
mean B0=126.5284 homogen=60752.1533
mean B0=110.1576 homogen=9498.1437
mean B0=128.6155 homogen=78025.8963
mean B0=110.3672 homogen=23174.2258
mean B0=111.434 homogen=12871.5078
mean B0=130.3504 homogen=80715.8555
mean B0=92.2517 homogen=37888.9793
mean B0=84.6628 homogen=42519.2347
mean B0=119.1787 homogen=22782.0197
mean B0=118.3394 homogen=20983.8029
mean B0=104.7784 homogen=36697.6391
mean B0=98.5607 homogen=3699.9196
mean B0=106.152 homogen=146853.9399
   169 |     6760 |     40 |  0.000000E+00 |  0.000000E+00 |  0.0446639702 |         ideal
mean B0=130.546 homogen=81853.454
mean B0=100.3307 homogen=4105.8277
mean B0=111.5453 homogen=11208.0935
mean B0=98.8196 homogen=2608.6185
mean B0=106.6529 homogen=157346.1775
mean B0=109.708 homogen=26379.1047
mean B0=92.3252 homogen=216168.4524
mean B0=116.4917 homogen=15449.5161
mean B0=128.6955 homogen=77325.6663
mean B0=127.641 homogen=65977.3741
mean B0=113.0972 homogen=16287.7578
mean B0=97.9881 homogen=23244.6583
mean B0=123.8002 homogen=37404.62
mean B0=113.4016 homogen=36021.2269
mean B0=120.1788 homogen=29091.1724
mean B0=122.0383 homogen=33618.4849
mean B0=93.2987 homogen=19667.1441
mean B0=125.8081 homogen=60122.3535
mean B0=124.9535 homogen=51522.4612
mean B0=120.7624 homogen=31122.8553
mean B0=107.5055 homogen=8224.4171
mean B0=124.6301 homogen=38014.7183
mean B0=118.3242 homogen=20962.9637
mean B0=125.6655 homogen=58631.5961
mean B0=105.2508 homogen=18215.4249
mean B0=105.7476 homogen=74396.229
mean B0=109.2334 homogen=8055.2593
mean B0=126.4762 homogen=60903.8562
mean B0=126.988 homogen=62650.8979
mean B0=112.8671 homogen=10937.6023
mean B0=109.185 homogen=15938.4872
mean B0=110.1502 homogen=8971.7124
mean B0=126.5284 homogen=60752.1533
mean B0=114.3716 homogen=47764.9921
mean B0=85.5604 homogen=76260.7494
mean B0=114.41 homogen=18984.4243
mean B0=114.7621 homogen=15597.6981
mean B0=103.3098 homogen=35089.8158
mean B0=124.8954 homogen=49922.4997
mean B0=128.6189 homogen=77961.7988
   170 |     6800 |     40 |  0.000000E+00 |  0.000000E+00 |  0.0131476810 |         nadir
mean B0=125.2558 homogen=56119.1657
mean B0=118.6971 homogen=18458.0482
mean B0=120.964 homogen=30789.1383
mean B0=88.6966 homogen=204847.2115
mean B0=110.1433 homogen=9507.5468
mean B0=112.8876 homogen=55970.6207
mean B0=121.2205 homogen=31441.8396
mean B0=107.2077 homogen=23511.6445
mean B0=120.3576 homogen=29340.8306
mean B0=94.0597 homogen=8577.8791
mean B0=101.4437 homogen=27641.4985
mean B0=111.908 homogen=10282.0084
mean B0=126.0209 homogen=58261.0413
mean B0=115.4001 homogen=14900.4486
mean B0=106.3194 homogen=7783.4744
mean B0=115.8736 homogen=20318.9836
mean B0=87.3698 homogen=105231.1002
mean B0=102.7485 homogen=143072.2269
mean B0=123.0922 homogen=34963.0202
mean B0=127.198 homogen=68190.8998
mean B0=125.0709 homogen=51749.918
mean B0=123.7109 homogen=70634.3859
mean B0=103.3109 homogen=12764.0053
mean B0=128.7892 homogen=77750.3535
mean B0=128.9316 homogen=78239.8767
mean B0=105.7669 homogen=39721.2748
mean B0=106.2122 homogen=20196.5431
mean B0=108.8436 homogen=8429.4212
mean B0=127.9754 homogen=64582.3973
mean B0=107.2957 homogen=34001.6754
mean B0=107.5809 homogen=27909.8267
mean B0=111.2083 homogen=11296.5843
mean B0=118.324 homogen=20961.4655
mean B0=114.9304 homogen=13451.857
mean B0=126.9576 homogen=62785.9031
mean B0=94.6412 homogen=34175.9009
mean B0=121.0958 homogen=26728.1636
mean B0=117.9758 homogen=30519.7489
mean B0=123.4979 homogen=37093.1053
mean B0=81.1028 homogen=52571.0088
   171 |     6840 |     40 |  0.000000E+00 |  0.000000E+00 |  0.0027174070 |             f
mean B0=104.3661 homogen=40331.2867
mean B0=116.3364 homogen=15822.9728
mean B0=110.1576 homogen=9498.1437
mean B0=115.5351 homogen=17913.3537
mean B0=122.296 homogen=46752.2369
mean B0=130.1612 homogen=78097.0672
mean B0=120.1788 homogen=29091.1724
mean B0=110.5285 homogen=24146.682
mean B0=127.7063 homogen=66551.7545
mean B0=110.9452 homogen=10724.2404
mean B0=123.6789 homogen=36416.0924
mean B0=106.0078 homogen=7746.0128
mean B0=108.6214 homogen=38337.9052
mean B0=123.3703 homogen=53552.4995
mean B0=106.6444 homogen=6063.9928
mean B0=114.9035 homogen=25379.8986
mean B0=127.0489 homogen=62381.0973
mean B0=111.3928 homogen=12678.6578
mean B0=107.6835 homogen=25457.957
mean B0=90.9375 homogen=13434.6773
mean B0=117.1236 homogen=23216.0763
mean B0=128.929 homogen=78238.1686
mean B0=122.7697 homogen=34573.0363
mean B0=121.3865 homogen=55437.1813
mean B0=124.7062 homogen=50538.4084
mean B0=123.0171 homogen=35465.5598
mean B0=119.6491 homogen=24827.6654
mean B0=114.4718 homogen=28522.8898
mean B0=125.9773 homogen=58176.0626
mean B0=127.6349 homogen=83994.9592
mean B0=117.0563 homogen=16503.2757
mean B0=125.0103 homogen=50196.0218
mean B0=106.977 homogen=32197.9653
mean B0=115.9985 homogen=15377.0262
mean B0=130.5142 homogen=81996.535
mean B0=109.066 homogen=15837.0136
mean B0=121.1572 homogen=31658.9645
mean B0=130.7525 homogen=85446.1477
mean B0=110.0822 homogen=16669.7258
mean B0=113.9874 homogen=30091.5862
   172 |     6880 |     40 |  0.000000E+00 |  0.000000E+00 |  0.0006016770 |             f
mean B0=128.8872 homogen=78538.3945
mean B0=110.7462 homogen=9747.7267
mean B0=102.5432 homogen=32956.8002
mean B0=112.3059 homogen=15413.4544
mean B0=113.3395 homogen=89091.6917
mean B0=83.2008 homogen=45867.4363
mean B0=117.2273 homogen=18335.2322
mean B0=103.5346 homogen=22642.319
mean B0=103.8142 homogen=9999.7031
mean B0=124.2848 homogen=78768.763
mean B0=123.5646 homogen=35794.2519
mean B0=109.5196 homogen=28806.4629
mean B0=119.0974 homogen=22812.9784
mean B0=127.3171 homogen=78077.5986
mean B0=109.0899 homogen=91032.6443
mean B0=125.5173 homogen=93039.2674
mean B0=119.4015 homogen=24986.0182
mean B0=124.8236 homogen=58199.1222
mean B0=110.8194 homogen=14950.01
mean B0=122.539 homogen=31833.4622
mean B0=110.1893 homogen=9377.2079
mean B0=110.3713 homogen=9264.6606
mean B0=117.9443 homogen=25174.0035
mean B0=118.7112 homogen=18447.4566
mean B0=130.6026 homogen=82264.6099
mean B0=125.6677 homogen=59183.1765
mean B0=129.6258 homogen=75308.1071
mean B0=87.1411 homogen=94832.3107
mean B0=106.9684 homogen=10326.3584
mean B0=119.2544 homogen=25634.7463
mean B0=116.5995 homogen=15732.7885
mean B0=120.7516 homogen=30875.3002
mean B0=110.875 homogen=41697.8328
mean B0=117.4496 homogen=17947.4978
mean B0=114.4949 homogen=18070.0223
mean B0=115.524 homogen=15085.5589
mean B0=120.566 homogen=32213.3905
mean B0=116.0913 homogen=106061.2696
mean B0=120.2808 homogen=46343.3383
mean B0=125.3207 homogen=56506.611
   173 |     6920 |     40 |  0.000000E+00 |  0.000000E+00 |  0.0029549418 |             f
mean B0=114.4472 homogen=14747.214
mean B0=110.3192 homogen=9101.7772
mean B0=113.627 homogen=18296.7758
mean B0=104.1093 homogen=7595.5797
mean B0=123.9729 homogen=61531.7598
mean B0=122.4584 homogen=44247.4639
mean B0=100.3664 homogen=6358.0944
mean B0=121.854 homogen=33183.2247
mean B0=105.655 homogen=34721.7193
mean B0=128.3712 homogen=70657.6884
mean B0=123.748 homogen=36988.5431
mean B0=112.027 homogen=9283.3248
mean B0=125.4121 homogen=55372.4588
mean B0=94.7645 homogen=145632.6955
mean B0=128.1917 homogen=65376.2487
mean B0=117.0577 homogen=16016.8234
mean B0=116.3122 homogen=15000.6007
mean B0=101.1553 homogen=131799.2467
mean B0=116.4342 homogen=15990.2701
mean B0=114.0972 homogen=15257.2253
mean B0=124.1927 homogen=78245.3848
mean B0=111.0053 homogen=13816.8799
mean B0=108.4617 homogen=14225.1962
mean B0=92.4803 homogen=26554.0067
mean B0=123.3813 homogen=36269.3647
mean B0=112.8661 homogen=23205.2639
mean B0=111.6598 homogen=86495.8801
mean B0=110.9568 homogen=74883.7088
mean B0=116.4785 homogen=60137.6548
mean B0=123.4942 homogen=44066.7985
mean B0=114.9963 homogen=13868.1578
mean B0=120.0373 homogen=29543.3204
mean B0=125.8621 homogen=59018.4169
mean B0=104.2255 homogen=30450.935
mean B0=129.808 homogen=86895.8513
mean B0=125.6372 homogen=53496.8537
mean B0=116.3158 homogen=107326.1798
mean B0=121.3677 homogen=26895.303
mean B0=120.9192 homogen=29251.2223
mean B0=122.1904 homogen=68504.5537
   174 |     6960 |     40 |  0.000000E+00 |  0.000000E+00 |  0.0044157732 |             f
mean B0=118.0822 homogen=16839.4976
mean B0=85.4003 homogen=68069.8694
mean B0=100.4788 homogen=49662.7651
mean B0=107.6751 homogen=32667.0429
mean B0=126.0213 homogen=58261.302
mean B0=123.2073 homogen=35315.7607
mean B0=103.0481 homogen=78458.0169
mean B0=125.2192 homogen=49478.0996
mean B0=119.2517 homogen=30366.7127
mean B0=102.3646 homogen=27083.9942
mean B0=110.2839 homogen=9085.0315
mean B0=121.0581 homogen=29079.8697
mean B0=120.0187 homogen=25281.3026
mean B0=118.4944 homogen=18048.7899
mean B0=120.6606 homogen=54874.0796
mean B0=127.7805 homogen=62893.3845
mean B0=114.2686 homogen=22095.4841
mean B0=105.375 homogen=37785.3269
mean B0=122.3875 homogen=35254.3502
mean B0=130.9151 homogen=84300.6256
mean B0=124.1449 homogen=71308.4106
mean B0=117.3045 homogen=69992.6126
mean B0=117.4494 homogen=17951.4849
mean B0=112.5688 homogen=48092.9043
mean B0=129.6318 homogen=75296.5101
mean B0=116.3451 homogen=15426.6017
mean B0=126.6978 homogen=61286.2811
mean B0=115.4401 homogen=106392.5096
mean B0=127.0109 homogen=59520.8116
mean B0=104.1345 homogen=25796.4037
mean B0=119.1606 homogen=23187.8489
mean B0=121.0988 homogen=31500.4371
mean B0=113.3449 homogen=42105.4831
mean B0=122.2512 homogen=34141.1144
mean B0=106.5381 homogen=25685.1494
mean B0=87.9465 homogen=239583.5977
mean B0=123.342 homogen=80652.0145
mean B0=105.6676 homogen=34726.8241
mean B0=103.6549 homogen=12623.0395
mean B0=125.8493 homogen=59150.0016
   175 |     7000 |     40 |  0.000000E+00 |  0.000000E+00 |  0.0040740728 |         ideal
mean B0=101.6492 homogen=13233.9102
mean B0=108.3746 homogen=23073.0935
mean B0=126.6701 homogen=65496.0601
mean B0=100.3903 homogen=29515.7774
mean B0=126.1029 homogen=53583.7848
mean B0=130.7146 homogen=83203.796
mean B0=123.3909 homogen=36315.6098
mean B0=128.2073 homogen=64818.3792
mean B0=109.5326 homogen=11456.6457
mean B0=118.6757 homogen=18441.9858
mean B0=123.1701 homogen=37874.8862
mean B0=105.7556 homogen=35327.3603
mean B0=123.9009 homogen=37673.8727
mean B0=111.3483 homogen=8272.4686
mean B0=122.4617 homogen=40763.4065
mean B0=119.9972 homogen=24788.5195
mean B0=110.0746 homogen=10194.7814
mean B0=104.6857 homogen=6466.9602
mean B0=118.4028 homogen=25717.2947
mean B0=118.8282 homogen=34731.1605
mean B0=125.5238 homogen=85136.4574
mean B0=109.5274 homogen=21146.0277
mean B0=121.5594 homogen=30529.4796
mean B0=111.758 homogen=12321.1355
mean B0=103.9434 homogen=33370.8663
mean B0=124.293 homogen=74995.8008
mean B0=114.9894 homogen=13854.0139
mean B0=120.0096 homogen=25502.0154
mean B0=117.1522 homogen=17054.8143
mean B0=112.7537 homogen=58774.2888
mean B0=115.9738 homogen=15745.9806
mean B0=122.1557 homogen=101561.5131
mean B0=122.4503 homogen=36898.8356
mean B0=130.139 homogen=79602.5585
mean B0=128.7361 homogen=69953.7821
mean B0=118.7241 homogen=23470.4006
mean B0=108.19 homogen=7710.6347
mean B0=111.3676 homogen=9817.3816
mean B0=113.1497 homogen=24505.3302
mean B0=104.3363 homogen=12083.9772
   176 |     7040 |     40 |  0.000000E+00 |  0.000000E+00 |  0.0025318792 |             f
mean B0=122.0383 homogen=33618.4849
mean B0=113.9572 homogen=36275.6743
mean B0=117.7787 homogen=16210.4521
mean B0=100.5474 homogen=4577.0186
mean B0=114.0922 homogen=95675.2132
mean B0=103.972 homogen=41086.8775
mean B0=120.7888 homogen=23901.4882
mean B0=122.7218 homogen=62685.9204
mean B0=130.5939 homogen=82363.9707
mean B0=107.0235 homogen=7453.1179
mean B0=105.4873 homogen=16407.8448
mean B0=115.8401 homogen=15574.4149
mean B0=130.4699 homogen=86311.1802
mean B0=114.5218 homogen=30926.1207
mean B0=111.4969 homogen=8433.0804
mean B0=102.6651 homogen=141575.9881
mean B0=127.6553 homogen=61810.6355
mean B0=121.5475 homogen=31488.8505
mean B0=123.7521 homogen=110122.5783
mean B0=119.7553 homogen=27505.405
mean B0=101.2412 homogen=5398.3001
mean B0=107.7203 homogen=67826.6154
mean B0=127.3219 homogen=69195.3591
mean B0=120.7263 homogen=29532.6083
mean B0=98.939 homogen=6973.6527
mean B0=113.5171 homogen=46460.5112
mean B0=117.2256 homogen=16644.1923
mean B0=116.5381 homogen=16636.7824
mean B0=125.2284 homogen=49392.1838
mean B0=122.5953 homogen=36006.3469
mean B0=112.5604 homogen=13056.2054
mean B0=109.0381 homogen=161724.2956
mean B0=129.6318 homogen=75296.5101
mean B0=111.9115 homogen=31537.4715
mean B0=125.2534 homogen=57770.8122
mean B0=117.3443 homogen=16526.3508
mean B0=129.7054 homogen=78536.7202
mean B0=109.2408 homogen=7528.1882
mean B0=114.5129 homogen=13675.6833
mean B0=129.7798 homogen=75946.1274
   177 |     7080 |     40 |  0.000000E+00 |  0.000000E+00 |  0.0017099136 |             f
mean B0=119.3774 homogen=19183.113
mean B0=100.1606 homogen=9155.8736
mean B0=105.3642 homogen=144623.5037
mean B0=129.5195 homogen=72610.1361
mean B0=127.656 homogen=61806.609
mean B0=120.2475 homogen=26515.5728
mean B0=125.4771 homogen=71256.786
mean B0=98.3896 homogen=133230.7661
mean B0=123.7095 homogen=36349.5245
mean B0=104.6655 homogen=12705.4041
mean B0=116.7605 homogen=20094.1595
mean B0=106.8336 homogen=6658.1384
mean B0=105.3307 homogen=22378.5823
mean B0=85.3071 homogen=196636.092
mean B0=118.0015 homogen=17857.7326
mean B0=130.5247 homogen=85924.3013
mean B0=102.2199 homogen=128380.1646
mean B0=117.312 homogen=17394.463
mean B0=121.9808 homogen=64935.2944
mean B0=121.9405 homogen=96808.9343
mean B0=114.0811 homogen=16298.0699
mean B0=122.085 homogen=33545.7249
mean B0=120.646 homogen=24357.0133
mean B0=117.2806 homogen=16842.4044
mean B0=130.3498 homogen=80719.964
mean B0=117.8184 homogen=42967.3493
mean B0=113.5742 homogen=20097.2674
mean B0=98.0469 homogen=15302.9555
mean B0=122.5064 homogen=35248.9012
mean B0=119.6352 homogen=23466.6443
mean B0=119.5928 homogen=28630.5122
mean B0=125.4142 homogen=54789.3881
mean B0=104.0787 homogen=25574.8251
mean B0=127.7805 homogen=62893.3845
mean B0=128.1944 homogen=64462.2801
mean B0=123.3878 homogen=34999.7272
mean B0=121.4562 homogen=31407.0155
mean B0=101.7202 homogen=8109.0852
mean B0=114.1252 homogen=37994.3359
mean B0=130.5673 homogen=82390.2849
   178 |     7120 |     40 |  0.000000E+00 |  0.000000E+00 |  0.0037510261 |             f
mean B0=101.4589 homogen=5374.751
mean B0=130.56 homogen=82185.9762
mean B0=114.2073 homogen=25617.8925
mean B0=112.3213 homogen=39061.6295
mean B0=108.7228 homogen=8176.5287
mean B0=129.1866 homogen=75236.7101
mean B0=115.1309 homogen=21730.4806
mean B0=129.2362 homogen=76274.2401
mean B0=114.6496 homogen=13460.9996
mean B0=130.3105 homogen=80361.0688
mean B0=121.3417 homogen=59151.7929
mean B0=85.9333 homogen=7139.3391
mean B0=115.7644 homogen=16215.9307
mean B0=112.111 homogen=12169.6216
mean B0=127.586 homogen=63570.9343
mean B0=116.0437 homogen=17069.5151
mean B0=121.2075 homogen=29786.2217
mean B0=127.0434 homogen=59438.3897
mean B0=123.9014 homogen=37675.3343
mean B0=123.3878 homogen=34999.7272
mean B0=127.3676 homogen=68128.2978
mean B0=119.4228 homogen=19278.3184
mean B0=109.5704 homogen=43612.1715
mean B0=104.9008 homogen=11774.5779
mean B0=125.2795 homogen=49472.2125
mean B0=122.9967 homogen=59700.6868
mean B0=128.8368 homogen=69632.2031
mean B0=130.9151 homogen=84300.6256
mean B0=99.0415 homogen=3720.2031
mean B0=117.9108 homogen=16538.4926
mean B0=119.2057 homogen=18451.2396
mean B0=114.5661 homogen=92814.0184
mean B0=117.1649 homogen=33331.5843
mean B0=113.9248 homogen=18836.2035
mean B0=123.4754 homogen=34457.6958
mean B0=126.8779 homogen=66642.9033
mean B0=125.9809 homogen=52816.2006
mean B0=128.7032 homogen=70042.0942
mean B0=112.8676 homogen=10940.2158
mean B0=108.3753 homogen=7418.1173
   179 |     7160 |     40 |  0.000000E+00 |  0.000000E+00 |  0.0008581389 |             f
mean B0=123.4715 homogen=34490.9317
mean B0=113.3674 homogen=12982.8974
mean B0=96.8396 homogen=14901.3326
mean B0=116.4271 homogen=14899.4155
mean B0=118.8467 homogen=20117.6161
mean B0=110.5535 homogen=22938.5391
mean B0=125.201 homogen=49331.034
mean B0=125.2542 homogen=49535.4089
mean B0=128.8709 homogen=69747.6786
mean B0=102.0031 homogen=7930.1514
mean B0=119.6703 homogen=25457.194
mean B0=120.7891 homogen=23897.7111
mean B0=117.1219 homogen=16548.9923
mean B0=124.9546 homogen=74841.2022
mean B0=128.7229 homogen=71775.2685
mean B0=116.2727 homogen=15197.7479
mean B0=120.3706 homogen=28010.1581
mean B0=109.496 homogen=14395.8454
mean B0=130.17 homogen=79548.5611
mean B0=119.4109 homogen=19287.0539
mean B0=117.061 homogen=15992.819
mean B0=123.2112 homogen=73369.8657
mean B0=121.6868 homogen=33878.5707
mean B0=111.3547 homogen=9163.0357
mean B0=108.5446 homogen=7539.2127
mean B0=80.814 homogen=67493.2896
mean B0=91.1191 homogen=39735.4642
mean B0=127.0681 homogen=59365.9168
mean B0=122.2173 homogen=34029.2248
mean B0=83.7895 homogen=53829.1496
mean B0=117.4689 homogen=50513.1114
mean B0=92.306 homogen=36376.8309
mean B0=125.8317 homogen=60672.0213
mean B0=106.4112 homogen=9015.0466
mean B0=116.8437 homogen=27693.8114
mean B0=127.6947 homogen=61454.0912
mean B0=102.8115 homogen=127153.3725
mean B0=112.6957 homogen=12772.3263
mean B0=129.6011 homogen=75350.9443
mean B0=123.9123 homogen=37653.5463
   180 |     7200 |     40 |  0.000000E+00 |  0.000000E+00 |  0.0019867264 |             f
mean B0=129.5586 homogen=72535.7103
mean B0=114.8298 homogen=103661.1585
mean B0=117.3282 homogen=18257.897
mean B0=118.2267 homogen=20676.7146
mean B0=117.1157 homogen=16505.2433
mean B0=130.6754 homogen=83244.9252
mean B0=98.59 homogen=2973.1791
mean B0=100.3074 homogen=5141.4595
mean B0=125.8199 homogen=52006.6365
mean B0=119.322 homogen=20345.7625
mean B0=128.6405 homogen=70246.479
mean B0=115.152 homogen=33474.1913
mean B0=125.0005 homogen=49009.85
mean B0=121.0536 homogen=29089.5182
mean B0=116.8958 homogen=32823.6969
mean B0=118.7765 homogen=18071.9164
mean B0=129.9412 homogen=77359.5198
mean B0=108.9492 homogen=8387.4336
mean B0=111.4772 homogen=13074.5619
mean B0=124.08 homogen=111554.4771
mean B0=123.8726 homogen=37690.2914
mean B0=106.8336 homogen=6658.1384
mean B0=122.1379 homogen=58861.5407
mean B0=116.4698 homogen=16517.66
mean B0=128.8429 homogen=69752.6653
mean B0=130.4112 homogen=80637.7563
mean B0=106.8588 homogen=6082.7171
mean B0=102.1525 homogen=5994.0006
mean B0=125.0939 homogen=51680.9351
mean B0=120.9971 homogen=57243.1874
mean B0=120.9004 homogen=23932.2659
mean B0=130.3742 homogen=75888.0095
mean B0=115.0976 homogen=13654.7133
mean B0=108.5487 homogen=34563.2714
mean B0=112.563 homogen=31157.3146
mean B0=116.3599 homogen=15132.1967
mean B0=108.1148 homogen=7771.5562
mean B0=121.4475 homogen=30236.3937
mean B0=101.618 homogen=9459.6614
mean B0=128.1521 homogen=64864.0048
   181 |     7240 |     40 |  0.000000E+00 |  0.000000E+00 |  0.0036868684 |             f
mean B0=114.9304 homogen=13451.857
mean B0=127.5423 homogen=68170.0816
mean B0=118.0619 homogen=95996.0691
mean B0=124.3075 homogen=51553.8313
mean B0=128.2112 homogen=64829.5354
mean B0=129.7043 homogen=84990.0425
mean B0=105.0715 homogen=36895.4325
mean B0=117.6393 homogen=21926.461
mean B0=118.3853 homogen=20010.0203
mean B0=114.4056 homogen=14154.2601
mean B0=106.4367 homogen=22973.2062
mean B0=123.8762 homogen=37505.1445
mean B0=119.0139 homogen=27150.635
mean B0=93.9665 homogen=162121.2963
mean B0=104.6306 homogen=115986.2518
mean B0=127.6956 homogen=61891.8892
mean B0=129.52 homogen=72611.7359
mean B0=116.9497 homogen=18782.9384
mean B0=109.6556 homogen=45555.9463
mean B0=118.8241 homogen=17909.652
mean B0=119.6352 homogen=23466.6443
mean B0=123.3859 homogen=34993.75
mean B0=115.3318 homogen=16004.0859
mean B0=118.6239 homogen=17140.6251
mean B0=129.9376 homogen=77346.4504
mean B0=103.177 homogen=12839.931
mean B0=122.9093 homogen=104720.8208
mean B0=120.7356 homogen=61740.6849
mean B0=109.4671 homogen=17941.5799
mean B0=114.3311 homogen=22242.0125
mean B0=103.4193 homogen=6311.4305
mean B0=112.9073 homogen=11214.2581
mean B0=103.8335 homogen=32901.9256
mean B0=115.7885 homogen=31191.8144
mean B0=111.3425 homogen=8285.6204
mean B0=128.5571 homogen=70690.2214
mean B0=130.9544 homogen=84224.0919
mean B0=110.6287 homogen=26021.6771
mean B0=101.9146 homogen=25280.7913
mean B0=127.0676 homogen=59370.2132
   182 |     7280 |     40 |  0.000000E+00 |  0.000000E+00 |  0.0002038200 |             f
mean B0=112.0905 homogen=9386.0362
mean B0=127.5113 homogen=62076.675
mean B0=117.9536 homogen=16765.2098
mean B0=104.3546 homogen=14257.8707
mean B0=108.8755 homogen=8219.644
mean B0=127.0681 homogen=59365.9168
mean B0=122.9567 homogen=34563.972
mean B0=100.2652 homogen=5269.0729
mean B0=117.1111 homogen=16562.9204
mean B0=128.5173 homogen=74836.7561
mean B0=114.8795 homogen=15912.1358
mean B0=117.9769 homogen=16200.0319
mean B0=101.3272 homogen=140406.002
mean B0=125.8011 homogen=51988.2638
mean B0=97.903 homogen=15817.517
mean B0=126.6505 homogen=53442.8291
mean B0=129.9376 homogen=86757.2557
mean B0=120.6389 homogen=25727.4747
mean B0=119.3992 homogen=22984.0522
mean B0=128.9785 homogen=70097.9401
mean B0=113.5539 homogen=11649.181
mean B0=122.3775 homogen=34572.0762
mean B0=117.8104 homogen=20002.4561
mean B0=118.9277 homogen=21364.1133
mean B0=130.911 homogen=84331.6707
mean B0=128.8709 homogen=69747.6786
mean B0=130.1582 homogen=79492.8523
mean B0=99.7205 homogen=9516.5564
mean B0=116.3248 homogen=14993.061
mean B0=116.509 homogen=14989.3252
mean B0=102.7432 homogen=10729.3327
mean B0=122.398 homogen=32746.0375
mean B0=123.9664 homogen=37672.3619
mean B0=127.7144 homogen=61809.5084
mean B0=83.9512 homogen=50500.108
mean B0=118.8721 homogen=19143.9925
mean B0=125.2316 homogen=49744.8745
mean B0=117.032 homogen=56228.8326
mean B0=126.7021 homogen=88501.2548
mean B0=123.7311 homogen=37107.9382
   183 |     7320 |     40 |  0.000000E+00 |  0.000000E+00 |  0.0034647345 |             f
mean B0=130.2173 homogen=79016.4484
mean B0=108.7455 homogen=7410.7992
mean B0=102.0235 homogen=17108.3147
mean B0=119.9179 homogen=26625.4034
mean B0=107.2109 homogen=140889.4247
mean B0=106.5577 homogen=6117.2119
mean B0=128.7884 homogen=69389.2808
mean B0=111.2911 homogen=8559.5489
mean B0=101.4748 homogen=5205.1678
mean B0=116.4782 homogen=20762.9608
mean B0=129.5385 homogen=72390.7353
mean B0=113.1749 homogen=23750.8944
mean B0=121.229 homogen=24547.6804
mean B0=126.3682 homogen=64852.0113
mean B0=130.9347 homogen=84215.3553
mean B0=98.7523 homogen=4694.4273
mean B0=106.9551 homogen=28292.756
mean B0=112.2617 homogen=46109.134
mean B0=125.3904 homogen=75125.1541
mean B0=123.8608 homogen=38631.7312
mean B0=127.9313 homogen=63170.9433
mean B0=117.9824 homogen=16197.9393
mean B0=119.888 homogen=29743.8596
mean B0=110.4065 homogen=26118.1604
mean B0=124.5059 homogen=78299.2943
mean B0=113.5717 homogen=11828.6961
mean B0=105.6655 homogen=23209.523
mean B0=101.3455 homogen=7649.0023
mean B0=104.5525 homogen=28238.3482
mean B0=122.7711 homogen=57319.5251
mean B0=112.1108 homogen=9424.9502
mean B0=118.8009 homogen=17866.0338
mean B0=129.0913 homogen=81645.6348
mean B0=120.9857 homogen=34143.6884
mean B0=125.02 homogen=49043.0496
mean B0=114.0966 homogen=15343.894
mean B0=118.2933 homogen=86202.8112
mean B0=120.7311 homogen=23756.6633
mean B0=110.1248 homogen=26295.8751
mean B0=125.2316 homogen=49744.8745
   184 |     7360 |     40 |  0.000000E+00 |  0.000000E+00 |  0.0014745408 |             f
mean B0=115.0989 homogen=71418.8912
mean B0=120.6871 homogen=27441.3458
mean B0=106.7173 homogen=81480.9788
mean B0=125.3495 homogen=49698.4827
mean B0=117.809 homogen=32807.6493
mean B0=117.2165 homogen=27097.1507
mean B0=115.1448 homogen=18021.8655
mean B0=115.1495 homogen=25313.497
mean B0=130.1724 homogen=79812.3971
mean B0=108.5819 homogen=29581.867
mean B0=99.7649 homogen=19580.2566
mean B0=130.9544 homogen=84224.0919
mean B0=112.8006 homogen=17188.5093
mean B0=100.9272 homogen=119385.6759
mean B0=101.3447 homogen=4990.8729
mean B0=100.3303 homogen=262399.9827
mean B0=126.3772 homogen=62316.9631
mean B0=126.6976 homogen=84091.514
mean B0=128.9765 homogen=70266.2231
mean B0=106.7566 homogen=11791.2291
mean B0=130.3752 homogen=79676.1779
mean B0=128.2692 homogen=67547.4364
mean B0=111.2002 homogen=53174.7596
mean B0=113.1968 homogen=11299.353
mean B0=94.4428 homogen=8580.8895
mean B0=130.0518 homogen=78504.6506
mean B0=107.6237 homogen=31844.1598
mean B0=110.2958 homogen=63288.5875
mean B0=122.8142 homogen=34043.1325
mean B0=121.4897 homogen=99568.9075
mean B0=118.8299 homogen=22922.2568
mean B0=102.8246 homogen=38977.1519
mean B0=111.8154 homogen=91236.216
mean B0=128.3896 homogen=70157.5468
mean B0=109.3977 homogen=30573.1326
mean B0=107.51 homogen=39031.9854
mean B0=123.7311 homogen=37107.9382
mean B0=119.6322 homogen=23435.6865
mean B0=119.4245 homogen=19167.9562
mean B0=97.058 homogen=38255.2607
   185 |     7400 |     40 |  0.000000E+00 |  0.000000E+00 |  0.0023227219 |             f
mean B0=128.1851 homogen=64976.9654
mean B0=109.0335 homogen=26538.0183
mean B0=111.3521 homogen=49672.3338
mean B0=105.6247 homogen=76775.5706
mean B0=127.8892 homogen=63107.268
mean B0=111.3466 homogen=8275.8437
mean B0=121.9207 homogen=42574.2823
mean B0=131.2776 homogen=82524.4279
mean B0=117.7517 homogen=16226.808
mean B0=112.5081 homogen=11091.9301
mean B0=121.8493 homogen=31701.0477
mean B0=119.6095 homogen=23895.694
mean B0=119.5884 homogen=38411.6729
mean B0=119.9633 homogen=29472.8181
mean B0=114.4535 homogen=37806.8339
mean B0=101.8622 homogen=7452.9443
mean B0=123.8321 homogen=38231.3077
mean B0=121.5594 homogen=30529.4796
mean B0=127.7643 homogen=62072.9013
mean B0=113.5738 homogen=19859.5689
mean B0=122.9138 homogen=34275.793
mean B0=122.0515 homogen=71339.4437
mean B0=107.8798 homogen=39180.9436
mean B0=128.9784 homogen=70018.2865
mean B0=130.1325 homogen=80657.0549
mean B0=113.5744 homogen=11828.3004
mean B0=102.4744 homogen=23861.8105
mean B0=118.1331 homogen=16774.6021
mean B0=110.9575 homogen=46695.3819
mean B0=131.1721 homogen=86072.4353
mean B0=115.5316 homogen=17144.5322
mean B0=106.2836 homogen=6499.2326
mean B0=100.8337 homogen=32601.2835
mean B0=96.8439 homogen=38549.3371
mean B0=128.8784 homogen=70159.3796
mean B0=84.2025 homogen=51658.5786
mean B0=128.7151 homogen=69454.3185
mean B0=123.9664 homogen=37672.3619
mean B0=129.5065 homogen=72272.6772
mean B0=125.8481 homogen=69885.9379
   186 |     7440 |     40 |  0.000000E+00 |  0.000000E+00 |  0.0099595701 |         ideal
mean B0=129.8594 homogen=82705.8112
mean B0=118.0725 homogen=16470.3298
mean B0=115.6712 homogen=16794.2567
mean B0=113.4573 homogen=26039.3397
mean B0=115.6558 homogen=15162.7476
mean B0=119.244 homogen=62066.1136
mean B0=115.1313 homogen=22830.7177
mean B0=123.9671 homogen=37655.2209
mean B0=129.6233 homogen=72663.8007
mean B0=85.5254 homogen=53155.6448
mean B0=121.8639 homogen=78128.0086
mean B0=113.0817 homogen=15097.1591
mean B0=96.0641 homogen=27663.5504
mean B0=112.0997 homogen=9412.1199
mean B0=108.5189 homogen=76765.6552
mean B0=116.6827 homogen=15627.8831
mean B0=118.2805 homogen=16994.2293
mean B0=99.7519 homogen=3494.2647
mean B0=104.9983 homogen=123367.3823
mean B0=123.2999 homogen=33994.1629
mean B0=102.8283 homogen=6628.6039
mean B0=131.1708 homogen=81632.9647
mean B0=126.9401 homogen=53963.8478
mean B0=117.6075 homogen=31478.3028
mean B0=127.5943 homogen=60418.1045
mean B0=114.396 homogen=19612.2747
mean B0=105.0463 homogen=18944.2185
mean B0=118.4326 homogen=23990.0164
mean B0=123.9021 homogen=37554.8181
mean B0=115.7013 homogen=63443.2122
mean B0=103.0499 homogen=20317.389
mean B0=105.7974 homogen=8547.3648
mean B0=91.4659 homogen=229350.072
mean B0=123.4872 homogen=34481.7777
mean B0=77.4782 homogen=130392.0634
mean B0=126.7429 homogen=66704.8291
mean B0=128.0394 homogen=66469.7472
mean B0=113.5744 homogen=11828.3004
mean B0=98.516 homogen=25745.5101
mean B0=121.6695 homogen=31560.7908
   187 |     7480 |     40 |  0.000000E+00 |  0.000000E+00 |  0.0010905457 |             f
mean B0=111.0904 homogen=9373.7515
mean B0=129.9399 homogen=77322.2666
mean B0=98.3165 homogen=26196.5731
mean B0=127.6556 homogen=69479.4137
mean B0=121.0834 homogen=26113.7738
mean B0=103.1025 homogen=22020.475
mean B0=110.1514 homogen=13168.7682
mean B0=112.5081 homogen=11091.9301
mean B0=117.8687 homogen=16512.5316
mean B0=116.8712 homogen=15840.8523
mean B0=124.7384 homogen=57162.3857
mean B0=113.3844 homogen=11966.3668
mean B0=125.5681 homogen=50107.9533
mean B0=121.4167 homogen=24121.1233
mean B0=110.0616 homogen=167262.8802
mean B0=119.4355 homogen=22766.3918
mean B0=110.9789 homogen=35292.7099
mean B0=115.0983 homogen=13651.2228
mean B0=107.2981 homogen=12506.2848
mean B0=123.3181 homogen=63341.662
mean B0=117.5533 homogen=68621.3584
mean B0=123.9671 homogen=37655.2209
mean B0=129.6912 homogen=72409.8294
mean B0=120.6829 homogen=26850.8182
mean B0=115.4521 homogen=42402.7734
mean B0=127.535 homogen=66991.0291
mean B0=113.4899 homogen=14015.0322
mean B0=127.0681 homogen=59365.9168
mean B0=128.3821 homogen=66791.9872
mean B0=120.2938 homogen=59735.0941
mean B0=100.4476 homogen=5906.6007
mean B0=122.6095 homogen=33604.2385
mean B0=127.7024 homogen=62321.1553
mean B0=118.8074 homogen=19497.7713
mean B0=123.4434 homogen=34443.5403
mean B0=116.2863 homogen=16930.0721
mean B0=116.3188 homogen=23559.1088
mean B0=114.93 homogen=13455.2523
mean B0=115.5951 homogen=24529.9469
mean B0=105.7507 homogen=10191.9671
   188 |     7520 |     40 |  0.000000E+00 |  0.000000E+00 |  0.0018708060 |             f
mean B0=128.9216 homogen=78128.6838
mean B0=121.092 homogen=32909.2813
mean B0=120.8626 homogen=24184.5207
mean B0=128.7884 homogen=69386.9789
mean B0=110.2273 homogen=9764.2348
mean B0=130.4126 homogen=78471.3482
mean B0=108.6645 homogen=27967.9672
mean B0=108.0271 homogen=151122.139
mean B0=109.5925 homogen=41278.0753
mean B0=129.6002 homogen=72066.5468
mean B0=115.1492 homogen=47298.2753
mean B0=103.966 homogen=12850.2704
mean B0=116.9484 homogen=15897.8232
mean B0=109.3208 homogen=31741.4574
mean B0=110.3554 homogen=31523.4555
mean B0=92.7635 homogen=39276.9718
mean B0=125.3035 homogen=53610.5387
mean B0=128.5294 homogen=69630.434
mean B0=129.031 homogen=71031.3433
mean B0=122.0222 homogen=25976.4619
mean B0=119.4536 homogen=19100.0061
mean B0=106.602 homogen=7068.9572
mean B0=100.925 homogen=7360.1129
mean B0=123.9675 homogen=37653.2301
mean B0=116.1072 homogen=13184.1967
mean B0=127.9081 homogen=63629.7298
mean B0=107.4525 homogen=23635.4364
mean B0=102.1657 homogen=10723.802
mean B0=85.1572 homogen=81007.2154
mean B0=128.2852 homogen=67008.6133
mean B0=118.2362 homogen=21848.9586
mean B0=115.3894 homogen=23168.0897
mean B0=109.9985 homogen=10735.9187
mean B0=113.073 homogen=14494.8098
mean B0=129.718 homogen=75899.1413
mean B0=118.9457 homogen=18381.6409
mean B0=110.6309 homogen=11346.6781
mean B0=108.9792 homogen=36955.5415
mean B0=120.4397 homogen=27837.0693
mean B0=129.7642 homogen=76235.8385
   189 |     7560 |     40 |  0.000000E+00 |  0.000000E+00 |  0.0034060842 |             f
mean B0=113.6422 homogen=31557.9871
mean B0=120.8685 homogen=24022.5637
mean B0=106.8959 homogen=6308.7851
mean B0=131.2789 homogen=82516.4226
mean B0=119.4028 homogen=19172.9527
mean B0=112.3506 homogen=39594.0772
mean B0=114.4976 homogen=21813.1352
mean B0=128.959 homogen=72746.4534
mean B0=106.9662 homogen=170246.1734
mean B0=115.0848 homogen=17178.5436
mean B0=101.6128 homogen=20102.9589
mean B0=127.7024 homogen=62320.9908
mean B0=114.6084 homogen=17101.3328
mean B0=118.9839 homogen=18482.8742
mean B0=126.121 homogen=53910.5778
mean B0=124.1606 homogen=37378.0266
mean B0=108.8715 homogen=29866.0636
mean B0=113.0719 homogen=14101.4743
mean B0=129.4761 homogen=74527.429
mean B0=130.4112 homogen=80637.7563
mean B0=128.3788 homogen=69543.9952
mean B0=121.396 homogen=24312.7383
mean B0=98.3082 homogen=4828.8729
mean B0=128.5241 homogen=66299.8753
mean B0=106.6365 homogen=6014.2057
mean B0=111.7981 homogen=56952.3041
mean B0=128.2441 homogen=67235.2548
mean B0=129.0479 homogen=66746.8173
mean B0=116.7688 homogen=15775.6371
mean B0=112.3736 homogen=13899.467
mean B0=101.3659 homogen=23436.7009
mean B0=125.0005 homogen=49009.85
mean B0=115.8367 homogen=14487.6303
mean B0=118.0676 homogen=16855.3563
mean B0=113.0763 homogen=17555.0183
mean B0=116.121 homogen=15126.9376
mean B0=94.829 homogen=5823.2477
mean B0=104.0935 homogen=9570.4045
mean B0=118.8676 homogen=45052.2971
mean B0=96.6217 homogen=185147.7209
   190 |     7600 |     40 |  0.000000E+00 |  0.000000E+00 |  0.0013604535 |             f
mean B0=126.3891 homogen=54705.3473
mean B0=118.1621 homogen=16733.0095
mean B0=119.7016 homogen=20018.9945
mean B0=110.6813 homogen=45243.6011
mean B0=129.048 homogen=66740.0338
mean B0=106.523 homogen=38174.1111
mean B0=129.7092 homogen=78720.3388
mean B0=120.9978 homogen=30550.5209
mean B0=125.6142 homogen=60317.5491
mean B0=129.6042 homogen=73541.2586
mean B0=129.8431 homogen=76762.326
mean B0=89.6827 homogen=30555.7379
mean B0=114.7074 homogen=18166.8889
mean B0=123.1946 homogen=34223.9119
mean B0=117.7079 homogen=17430.1543
mean B0=110.8437 homogen=20488.7271
mean B0=117.0307 homogen=32116.5017
mean B0=116.6572 homogen=27084.4066
mean B0=116.7707 homogen=23603.8721
mean B0=112.4517 homogen=73854.6804
mean B0=118.1946 homogen=16198.2766
mean B0=115.8085 homogen=14435.6622
mean B0=130.9689 homogen=80303.1722
mean B0=103.1289 homogen=45398.2428
mean B0=126.9688 homogen=92735.5681
mean B0=106.2027 homogen=30951.5104
mean B0=120.6849 homogen=27216.6538
mean B0=101.5759 homogen=75403.431
mean B0=90.6993 homogen=42528.6709
mean B0=122.0398 homogen=31581.737
mean B0=125.3141 homogen=45226.9858
mean B0=105.1417 homogen=141952.5356
mean B0=121.4109 homogen=58176.7107
mean B0=121.663 homogen=24247.3271
mean B0=115.2085 homogen=16032.4728
mean B0=108.4261 homogen=25767.478
mean B0=115.9087 homogen=16549.7526
mean B0=119.5193 homogen=51623.8036
mean B0=125.4604 homogen=53503.6583
mean B0=118.1499 homogen=21170.3593
   191 |     7640 |     40 |  0.000000E+00 |  0.000000E+00 |  0.0037181355 |             f
mean B0=126.7713 homogen=54631.6462
mean B0=127.633 homogen=63382.077
mean B0=117.6259 homogen=15286.279
mean B0=106.9252 homogen=47925.3496
mean B0=110.6484 homogen=73845.0123
mean B0=107.9825 homogen=100824.4865
mean B0=119.982 homogen=22144.2367
mean B0=122.3699 homogen=32650.3269
mean B0=119.53 homogen=18919.8979
mean B0=121.6811 homogen=85438.9468
mean B0=108.7252 homogen=161317.7457
mean B0=126.8488 homogen=54233.1839
mean B0=101.8594 homogen=6324.629
mean B0=127.1529 homogen=73108.6341
mean B0=115.1492 homogen=21732.587
mean B0=111.8993 homogen=11644.9182
mean B0=119.5719 homogen=102962.4589
mean B0=118.2709 homogen=16847.8628
mean B0=103.9713 homogen=169264.7898
mean B0=93.1339 homogen=33101.2684
mean B0=124.3538 homogen=109681.5025
mean B0=113.2205 homogen=10981.5036
mean B0=116.5373 homogen=29133.6999
mean B0=109.1323 homogen=32524.8122
mean B0=108.1106 homogen=9472.6518
mean B0=129.8043 homogen=76652.7649
mean B0=115.8289 homogen=14939.483
mean B0=123.2234 homogen=34341.7793
mean B0=113.4718 homogen=12021.7548
mean B0=107.4655 homogen=28349.9825
mean B0=124.1542 homogen=37368.3555
mean B0=119.5034 homogen=19583.2757
mean B0=128.6539 homogen=65968.2462
mean B0=109.5242 homogen=19447.643
mean B0=130.2235 homogen=74481.0528
mean B0=116.2099 homogen=19102.7535
mean B0=107.0732 homogen=36960.8036
mean B0=106.7771 homogen=6072.4166
mean B0=125.3105 homogen=45237.0989
mean B0=118.2251 homogen=17560.6135
   192 |     7680 |     40 |  0.000000E+00 |  0.000000E+00 |  0.0030783650 |             f
mean B0=110.0353 homogen=84333.4519
mean B0=128.9698 homogen=70153.3047
mean B0=117.6293 homogen=15308.8527
mean B0=123.6075 homogen=42580.8985
mean B0=116.9063 homogen=55770.7137
mean B0=113.5095 homogen=11722.681
mean B0=83.8928 homogen=52241.351
mean B0=112.1202 homogen=13543.3414
mean B0=107.9066 homogen=15667.3326
mean B0=120.5221 homogen=24166.6897
mean B0=127.8791 homogen=63220.7846
mean B0=118.0943 homogen=16485.0908
mean B0=108.7772 homogen=62194.0071
mean B0=118.9316 homogen=17967.5795
mean B0=109.3458 homogen=35734.9023
mean B0=115.2143 homogen=20731.0078
mean B0=118.7276 homogen=34134.9869
mean B0=119.1676 homogen=21439.2081
mean B0=131.0154 homogen=81662.1918
mean B0=125.9078 homogen=56650.6254
mean B0=121.6919 homogen=32191.1525
mean B0=104.0853 homogen=16441.8909
mean B0=112.525 homogen=10303.0913
mean B0=129.1018 homogen=70720.8479
mean B0=123.3365 homogen=33888.1296
mean B0=109.3048 homogen=7522.7339
mean B0=127.1428 homogen=55271.4619
mean B0=119.4026 homogen=33291.6751
mean B0=120.2388 homogen=39083.6853
mean B0=121.1534 homogen=29119.8931
mean B0=103.3236 homogen=124961.884
mean B0=128.8498 homogen=67232.5658
mean B0=114.4683 homogen=39801.548
mean B0=128.6588 homogen=78110.1931
mean B0=100.6251 homogen=20665.0647
mean B0=81.4439 homogen=259349.5112
mean B0=106.2674 homogen=8589.5416
mean B0=116.6435 homogen=79534.5639
mean B0=118.2667 homogen=29548.4069
mean B0=117.4621 homogen=22278.0281
   193 |     7720 |     40 |  0.000000E+00 |  0.000000E+00 |  0.0017256003 |             f
mean B0=117.2163 homogen=32989.3324
mean B0=120.9983 homogen=85488.3657
mean B0=113.1773 homogen=23841.6636
mean B0=128.6541 homogen=65966.18
mean B0=118.3138 homogen=16469.6911
mean B0=100.5585 homogen=27364.5471
mean B0=116.8076 homogen=21749.7139
mean B0=119.9469 homogen=22088.0709
mean B0=109.0017 homogen=7491.1394
mean B0=126.3009 homogen=54401.9803
mean B0=106.0229 homogen=9024.1035
mean B0=106.5256 homogen=138557.9682
mean B0=117.9422 homogen=27186.1991
mean B0=123.4399 homogen=34454.515
mean B0=122.7003 homogen=162215.4928
mean B0=124.6229 homogen=46429.0267
mean B0=119.6921 homogen=20066.5295
mean B0=121.2184 homogen=23871.2422
mean B0=129.1472 homogen=66304.6422
mean B0=105.6354 homogen=35742.2732
mean B0=117.088 homogen=14051.0302
mean B0=110.4932 homogen=21076.7657
mean B0=100.5483 homogen=9507.5922
mean B0=121.6917 homogen=32193.4445
mean B0=123.2847 homogen=34428.5661
mean B0=86.4129 homogen=66426.6702
mean B0=118.7249 homogen=48419.1455
mean B0=106.6416 homogen=5879.42
mean B0=129.9372 homogen=74045.245
mean B0=124.5113 homogen=36684.9154
mean B0=118.9728 homogen=33264.8134
mean B0=101.617 homogen=15031.6439
mean B0=109.8202 homogen=15115.5362
mean B0=103.666 homogen=14676.8673
mean B0=130.9671 homogen=80263.9305
mean B0=122.1822 homogen=97730.8348
mean B0=112.5347 homogen=10394.2412
mean B0=112.1905 homogen=14450.7097
mean B0=129.6635 homogen=72653.4525
mean B0=119.5872 homogen=83667.082
   194 |     7760 |     40 |  0.000000E+00 |  0.000000E+00 |  0.0030778846 |             f
mean B0=105.0694 homogen=115680.6765
mean B0=128.1137 homogen=63971.0095
mean B0=126.5379 homogen=73658.7464
mean B0=120.194 homogen=57621.8673
mean B0=115.9267 homogen=42153.0053
mean B0=114.9316 homogen=13380.6846
mean B0=130.9749 homogen=78694.6591
mean B0=130.4831 homogen=79408.3807
mean B0=95.7308 homogen=16320.7095
mean B0=88.1822 homogen=241173.1997
mean B0=104.3005 homogen=20458.6168
mean B0=115.945 homogen=22366.233
mean B0=110.0521 homogen=32452.2447
mean B0=113.222 homogen=167692.0646
mean B0=117.4669 homogen=26066.5493
mean B0=124.2498 homogen=36273.8824
mean B0=129.585 homogen=72518.5785
mean B0=117.0494 homogen=14126.0676
mean B0=100.7517 homogen=4534.9959
mean B0=123.3073 homogen=33329.5135
mean B0=120.6646 homogen=24529.397
mean B0=118.5445 homogen=17554.3622
mean B0=116.8189 homogen=19669.0582
mean B0=114.0121 homogen=15721.7647
mean B0=120.03 homogen=23916.2135
mean B0=129.8965 homogen=79487.6618
mean B0=114.0508 homogen=36408.2664
mean B0=129.1421 homogen=66821.3329
mean B0=108.2577 homogen=49225.291
mean B0=110.056 homogen=31136.1272
mean B0=109.7727 homogen=26940.8024
mean B0=117.7209 homogen=16824.6123
mean B0=120.2429 homogen=25948.0646
mean B0=125.1762 homogen=45716.6289
mean B0=129.7865 homogen=67721.047
mean B0=126.8124 homogen=76978.8922
mean B0=120.0202 homogen=22234.5636
mean B0=124.3025 homogen=50954.5293
mean B0=107.7634 homogen=8370.6965
mean B0=129.972 homogen=75359.5754
   195 |     7800 |     40 |  0.000000E+00 |  0.000000E+00 |  0.0029598604 |             f
mean B0=107.3453 homogen=18161.2354
mean B0=130.6513 homogen=77942.3617
mean B0=109.0301 homogen=11866.2977
mean B0=119.7421 homogen=20144.5134
mean B0=127.6983 homogen=62711.6029
mean B0=125.6215 homogen=41174.2841
mean B0=121.0668 homogen=46724.567
mean B0=117.3523 homogen=61072.7374
mean B0=124.9084 homogen=80635.8546
mean B0=121.3668 homogen=25103.8797
mean B0=118.3231 homogen=16480.4494
mean B0=120.2809 homogen=27114.7316
mean B0=116.5159 homogen=21961.9674
mean B0=122.528 homogen=32391.9216
mean B0=102.5566 homogen=6268.904
mean B0=113.7382 homogen=11688.544
mean B0=109.8855 homogen=98967.5942
mean B0=119.7784 homogen=25255.0395
mean B0=116.2464 homogen=23843.7653
mean B0=105.591 homogen=34839.7278
mean B0=120.0449 homogen=23944.5417
mean B0=111.9176 homogen=9338.0191
mean B0=105.5329 homogen=6498.6066
mean B0=93.2376 homogen=51828.0662
mean B0=128.6586 homogen=65574.2576
mean B0=130.5611 homogen=81158.4906
mean B0=113.1485 homogen=82228.7031
mean B0=130.2235 homogen=74481.1127
mean B0=131.3308 homogen=82433.331
mean B0=117.3639 homogen=15042.7126
mean B0=105.2481 homogen=18183.8928
mean B0=106.6393 homogen=51164.9337
mean B0=98.0155 homogen=14486.2089
mean B0=118.0655 homogen=17865.3317
mean B0=106.5362 homogen=6396.3023
mean B0=129.6125 homogen=68064.6744
mean B0=108.9715 homogen=36947.2631
mean B0=130.1793 homogen=74971.7163
mean B0=113.3552 homogen=17852.8702
mean B0=118.9982 homogen=70845.1566
   196 |     7840 |     40 |  0.000000E+00 |  0.000000E+00 |  0.0037690870 |             f
mean B0=128.5297 homogen=64736.2156
mean B0=113.8754 homogen=19678.5572
mean B0=107.2267 homogen=6321.7999
mean B0=121.7046 homogen=56747.9754
mean B0=116.6854 homogen=18767.6386