/Users/nv/Documents/MRI/magnet_design/optimize_bore50mm_6p35mm_N42.py:54: DeprecationWarning: Importing 'StarmapParallelization' from 'pymoo.core.problem' is deprecated. Please use 'from pymoo.parallelization import StarmapParallelization' instead. This backward compatibility import will be removed in a future version.
  from pymoo.core.problem import StarmapParallelization
mean B0=19.3642 homogen=178178.3433
mean B0=24.7564 homogen=518486.9785
mean B0=5.4406 homogen=1309308.5792
mean B0=21.7008 homogen=463039.2962
mean B0=18.5192 homogen=613356.8393
mean B0=19.9418 homogen=295906.0967
mean B0=20.1195 homogen=610015.234
mean B0=10.0235 homogen=429659.6847
mean B0=40.6628 homogen=336544.2821
mean B0=30.6409 homogen=316201.5969
mean B0=21.0736 homogen=329938.0942
mean B0=45.1738 homogen=319532.5557
mean B0=22.9217 homogen=395033.9282
mean B0=8.8902 homogen=306255.6967
mean B0=28.4182 homogen=363127.572
mean B0=40.354 homogen=95548.2691
mean B0=0 homogen=1000000.0
mean B0=38.2919 homogen=181143.843
mean B0=35.0934 homogen=171586.1953
mean B0=39.7623 homogen=105843.1084
mean B0=18.8848 homogen=811129.7482
mean B0=28.7825 homogen=284311.731
mean B0=9.4097 homogen=966251.0854
mean B0=31.898 homogen=310934.8583
mean B0=4.2341 homogen=980369.0927
mean B0=4.1611 homogen=838910.5318
mean B0=47.6922 homogen=161297.5328
mean B0=22.1046 homogen=815517.3834
mean B0=27.9137 homogen=569100.7495
mean B0=32.9015 homogen=244406.8913
mean B0=2.5971 homogen=1072739.7803
mean B0=37.8827 homogen=406383.5371
mean B0=17.7293 homogen=298452.6419
mean B0=11.7622 homogen=933719.9178
mean B0=35.4018 homogen=361967.3298
mean B0=36.4594 homogen=265842.1124
mean B0=4.1931 homogen=1115042.0523
mean B0=9.5052 homogen=880851.7472
mean B0=25.0596 homogen=539121.8006
mean B0=5.8365 homogen=338259.1981
==========================================================================================
n_gen  |  n_eval  | n_nds  |     cv_min    |     cv_avg    |      eps      |   indicator  
==========================================================================================
     1 |       40 |      2 |  0.000000E+00 |  0.7000000000 |             - |             -
mean B0=33.4933 homogen=118748.809
mean B0=38.6783 homogen=219530.4636
mean B0=21.6115 homogen=288253.4737
mean B0=50.5671 homogen=331916.2569
mean B0=18.4749 homogen=850795.8564
mean B0=34.4734 homogen=236200.8745
mean B0=26.2811 homogen=560102.3774
mean B0=28.7825 homogen=284311.731
mean B0=15.6176 homogen=489147.8181
mean B0=15.343 homogen=368341.7248
mean B0=6.7474 homogen=423819.7085
mean B0=0.5257 homogen=497144.4958
mean B0=27.7192 homogen=154372.0679
mean B0=5.6322 homogen=1034665.5318
mean B0=11.7622 homogen=933719.9178
mean B0=17.8758 homogen=367110.4715
mean B0=0 homogen=1000000.0
mean B0=33.1109 homogen=343300.1377
mean B0=13.1177 homogen=383406.8918
mean B0=6.1076 homogen=1233850.8233
mean B0=41.5957 homogen=324128.258
mean B0=45.2179 homogen=179524.4393
mean B0=20.5128 homogen=581318.6195
mean B0=27.0086 homogen=415156.5791
mean B0=24.3019 homogen=693508.8953
mean B0=48.2857 homogen=314617.4107
mean B0=25.3594 homogen=328915.6612
mean B0=9.8957 homogen=434160.6584
mean B0=33.3349 homogen=320851.608
mean B0=33.013 homogen=355219.9809
mean B0=9.4097 homogen=966251.0854
mean B0=44.1272 homogen=46855.7099
mean B0=36.2022 homogen=380937.1098
mean B0=9.2323 homogen=688148.9893
mean B0=2.7877 homogen=1090155.9916
mean B0=3.3939 homogen=800433.6714
mean B0=5.4457 homogen=1115373.6458
mean B0=35.725 homogen=168843.0393
mean B0=12.0869 homogen=779773.1078
mean B0=33.8844 homogen=424573.8831
     2 |       80 |      4 |  0.000000E+00 |  0.000000E+00 |  0.4464194108 |         ideal
mean B0=19.9129 homogen=306435.5345
mean B0=39.1196 homogen=145260.821
mean B0=36.5749 homogen=329366.8998
mean B0=31.7722 homogen=431710.5692
mean B0=35.6785 homogen=159559.07
mean B0=17.368 homogen=263814.137
mean B0=1.6448 homogen=934385.9962
mean B0=43.505 homogen=51767.8633
mean B0=39.2189 homogen=248899.8817
mean B0=37.4648 homogen=120996.0253
mean B0=27.6429 homogen=396390.1643
mean B0=32.5174 homogen=275674.7847
mean B0=38.0015 homogen=315076.646
mean B0=39.9697 homogen=102528.2729
mean B0=15.2338 homogen=783746.6411
mean B0=47.9675 homogen=322508.5573
mean B0=39.0162 homogen=261763.3838
mean B0=29.5373 homogen=47878.6233
mean B0=45.5411 homogen=104216.7615
mean B0=39.3723 homogen=413920.2502
mean B0=30.3435 homogen=245796.709
mean B0=29.3486 homogen=516221.2501
mean B0=40.1701 homogen=201019.5529
mean B0=36.4609 homogen=262288.2947
mean B0=7.9645 homogen=365956.1323
mean B0=15.6797 homogen=540512.141
mean B0=25.2541 homogen=111710.1173
mean B0=19.2018 homogen=425884.3146
mean B0=28.7134 homogen=407018.3686
mean B0=42.8172 homogen=387506.7254
mean B0=36.6429 homogen=261902.3094
mean B0=37.9862 homogen=340487.6986
mean B0=31.5696 homogen=394598.433
mean B0=22.9221 homogen=395015.954
mean B0=48.2668 homogen=129507.8409
mean B0=17.8285 homogen=294633.6802
mean B0=47.4331 homogen=98495.5722
mean B0=32.2774 homogen=216481.3795
mean B0=14.7617 homogen=383398.5219
mean B0=16.588 homogen=512191.6323
     3 |      120 |      5 |  0.000000E+00 |  0.000000E+00 |  0.0733538557 |             f
mean B0=43.0154 homogen=368538.1965
mean B0=24.5882 homogen=160208.7641
mean B0=37.8562 homogen=111024.5333
mean B0=40.7944 homogen=215619.452
mean B0=49.4251 homogen=135737.1721
mean B0=35.4727 homogen=277006.6999
mean B0=50.1291 homogen=333587.6807
mean B0=27.7445 homogen=119346.5553
mean B0=17.8406 homogen=264262.1217
mean B0=35.2176 homogen=182432.9147
mean B0=32.5522 homogen=183070.774
mean B0=15.4183 homogen=107629.0535
mean B0=26.2955 homogen=317615.6424
mean B0=35.4942 homogen=387603.4808
mean B0=45.7177 homogen=20867.7004
mean B0=40.6314 homogen=187479.3068
mean B0=26.8205 homogen=143489.1949
mean B0=45.3791 homogen=180100.679
mean B0=33.5846 homogen=117315.9251
mean B0=30.5892 homogen=347561.7673
mean B0=48.2145 homogen=306099.7134
mean B0=35.4413 homogen=336121.1704
mean B0=37.1745 homogen=382112.2664
mean B0=45.0214 homogen=158186.2119
mean B0=37.3607 homogen=138558.6507
mean B0=26.8749 homogen=138642.7722
mean B0=40.2949 homogen=192639.775
mean B0=34.4644 homogen=216667.8414
mean B0=49.1852 homogen=39973.8611
mean B0=37.1315 homogen=232098.5677
mean B0=29.3653 homogen=302073.5202
mean B0=56.8397 homogen=186755.2375
mean B0=40.8401 homogen=201607.8021
mean B0=51.1712 homogen=165710.405
mean B0=37.3541 homogen=224051.4634
mean B0=39.3984 homogen=254933.6928
mean B0=43.8706 homogen=456032.7438
mean B0=43.6186 homogen=46406.28
mean B0=24.8782 homogen=121851.9778
mean B0=37.546 homogen=324847.4618
     4 |      160 |      5 |  0.000000E+00 |  0.000000E+00 |  0.5639811819 |         ideal
mean B0=45.894 homogen=368845.5708
mean B0=53.7221 homogen=94905.0158
mean B0=33.2593 homogen=99336.6815
mean B0=49.9557 homogen=119857.1972
mean B0=36.3995 homogen=54685.2808
mean B0=35.3183 homogen=489169.2262
mean B0=44.7896 homogen=118993.9573
mean B0=44.2321 homogen=214912.1614
mean B0=38.9083 homogen=263922.6766
mean B0=50.6946 homogen=136774.1531
mean B0=32.5648 homogen=202902.5944
mean B0=15.5478 homogen=746805.0383
mean B0=23.3291 homogen=89027.3671
mean B0=52.735 homogen=226589.5402
mean B0=39.9969 homogen=343245.7773
mean B0=33.1621 homogen=280040.1552
mean B0=36.6075 homogen=191484.6445
mean B0=43.5754 homogen=24712.1996
mean B0=46.5246 homogen=491690.0183
mean B0=29.3362 homogen=606659.2398
mean B0=44.413 homogen=101562.5501
mean B0=27.8035 homogen=417503.7782
mean B0=60.8735 homogen=317471.9168
mean B0=38.6404 homogen=30707.6985
mean B0=45.3662 homogen=148795.653
mean B0=55.3721 homogen=235776.468
mean B0=44.8904 homogen=27752.1217
mean B0=45.701 homogen=262332.611
mean B0=56.1724 homogen=195527.7977
mean B0=43.6569 homogen=334692.8568
mean B0=44.0294 homogen=113452.9985
mean B0=21.3353 homogen=335765.4254
mean B0=32.7054 homogen=109175.3148
mean B0=47.1956 homogen=176587.2236
mean B0=31.5366 homogen=160146.351
mean B0=55.7514 homogen=113125.0595
mean B0=47.111 homogen=128938.028
mean B0=35.8672 homogen=175212.7034
mean B0=35.1996 homogen=188723.1652
mean B0=56.6217 homogen=188425.6525
     5 |      200 |      6 |  0.000000E+00 |  0.000000E+00 |  0.2661566485 |         ideal
mean B0=55.0181 homogen=200676.8511
mean B0=40.0623 homogen=148175.5399
mean B0=37.6634 homogen=134713.9569
mean B0=62.2541 homogen=180643.7815
mean B0=32.6845 homogen=86092.1354
mean B0=62.786 homogen=33488.087
mean B0=52.2938 homogen=76255.8638
mean B0=48.5221 homogen=162008.0324
mean B0=42.6503 homogen=185007.7889
mean B0=54.5603 homogen=108096.3626
mean B0=37.3615 homogen=151617.1518
mean B0=53.6734 homogen=199832.2173
mean B0=25.1158 homogen=324897.4713
mean B0=51.8275 homogen=208568.9263
mean B0=36.7247 homogen=82486.9596
mean B0=28.0252 homogen=303753.8686
mean B0=46.1443 homogen=113748.2774
mean B0=36.8472 homogen=101675.003
mean B0=45.4072 homogen=220031.586
mean B0=44.2772 homogen=196226.6798
mean B0=45.8827 homogen=161576.1318
mean B0=52.428 homogen=233246.3167
mean B0=47.9664 homogen=161205.1818
mean B0=47.5876 homogen=247645.4625
mean B0=50.7302 homogen=52069.5695
mean B0=26.5524 homogen=172340.2548
mean B0=40.1919 homogen=158572.4965
mean B0=65.6076 homogen=198234.7305
mean B0=45.2572 homogen=183473.1118
mean B0=40.2589 homogen=112368.2538
mean B0=38.2989 homogen=64320.4161
mean B0=47.6872 homogen=30408.4948
mean B0=56.3192 homogen=232960.1523
mean B0=28.5849 homogen=119239.6246
mean B0=57.6385 homogen=317909.2277
mean B0=59.4955 homogen=62438.3529
mean B0=37.3266 homogen=220775.1429
mean B0=45.3642 homogen=276640.4901
mean B0=22.1744 homogen=124102.1384
mean B0=48.2424 homogen=153248.3405
     6 |      240 |      4 |  0.000000E+00 |  0.000000E+00 |  0.2380150193 |         ideal
mean B0=51.1782 homogen=28929.1983
mean B0=42.4726 homogen=95423.8175
mean B0=47.2209 homogen=36394.1598
mean B0=45.7177 homogen=20867.7004
mean B0=52.6633 homogen=189907.248
mean B0=65.9562 homogen=192734.5682
mean B0=60.0177 homogen=128117.6356
mean B0=46.5095 homogen=237244.3477
mean B0=37.5507 homogen=203878.4232
mean B0=50.9829 homogen=43719.6066
mean B0=47.8167 homogen=50671.5769
mean B0=50.9367 homogen=50510.1201
mean B0=49.9098 homogen=168474.5141
mean B0=24.6734 homogen=319251.6048
mean B0=29.5471 homogen=47392.2119
mean B0=60.8392 homogen=55831.552
mean B0=42.8468 homogen=80605.4539
mean B0=56.1072 homogen=47167.4463
mean B0=55.6342 homogen=337424.6204
mean B0=34.5567 homogen=176857.8058
mean B0=57.6188 homogen=316651.9577
mean B0=55.7967 homogen=73875.3367
mean B0=52.3774 homogen=162092.8838
mean B0=49.1852 homogen=39973.8611
mean B0=51.1323 homogen=337116.9501
mean B0=55.6326 homogen=205276.205
mean B0=40.8426 homogen=87661.538
mean B0=44.9222 homogen=103072.1469
mean B0=52.7451 homogen=223706.9356
mean B0=53.0649 homogen=32353.8025
mean B0=56.2919 homogen=29649.2648
mean B0=26.7133 homogen=314745.3377
mean B0=48.688 homogen=94072.0999
mean B0=59.692 homogen=66730.4709
mean B0=38.7306 homogen=32230.0547
mean B0=26.517 homogen=155187.6169
mean B0=36.2456 homogen=148520.4159
mean B0=49.5257 homogen=291222.6409
mean B0=43.3746 homogen=74793.3387
mean B0=43.7594 homogen=119771.3648
     7 |      280 |      6 |  0.000000E+00 |  0.000000E+00 |  0.0172244185 |         ideal
mean B0=52.6739 homogen=37303.5291
mean B0=67.8804 homogen=54511.0843
mean B0=31.1998 homogen=162992.482
mean B0=37.501 homogen=213872.1446
mean B0=57.2149 homogen=182388.2422
mean B0=53.6773 homogen=103329.1463
mean B0=54.3122 homogen=82158.271
mean B0=59.56 homogen=130926.2427
mean B0=51.5035 homogen=64535.1561
mean B0=53.8152 homogen=68226.078
mean B0=54.8171 homogen=58682.5179
mean B0=61.3541 homogen=123785.0246
mean B0=60.8646 homogen=20061.0472
mean B0=57.3462 homogen=62277.5284
mean B0=48.8936 homogen=34300.6635
mean B0=29.5459 homogen=47376.8887
mean B0=52.0794 homogen=107249.2237
mean B0=59.4889 homogen=173467.2361
mean B0=43.9897 homogen=45808.5315
mean B0=42.6832 homogen=81087.0949
mean B0=53.9259 homogen=51611.6003
mean B0=41.5255 homogen=151116.5676
mean B0=57.0432 homogen=91270.5576
mean B0=50.1439 homogen=123269.1481
mean B0=57.6188 homogen=316651.9577
mean B0=65.4141 homogen=155460.7674
mean B0=47.9805 homogen=40941.0084
mean B0=48.6843 homogen=246936.6297
mean B0=50.6352 homogen=212964.5606
mean B0=42.8262 homogen=66773.5384
mean B0=50.8496 homogen=330373.7374
mean B0=37.2277 homogen=72385.6501
mean B0=45.6754 homogen=331668.1958
mean B0=56.1493 homogen=67578.9591
mean B0=47.4359 homogen=82808.3339
mean B0=36.6615 homogen=39810.1467
mean B0=51.7052 homogen=195613.8525
mean B0=47.2637 homogen=101434.5135
mean B0=47.6196 homogen=40991.8701
mean B0=53.3573 homogen=77215.1758
     8 |      320 |      3 |  0.000000E+00 |  0.000000E+00 |  0.2742657599 |         ideal
mean B0=59.1429 homogen=225431.1535
mean B0=53.608 homogen=61884.3974
mean B0=56.6654 homogen=151668.4326
mean B0=36.3704 homogen=41247.9778
mean B0=62.8795 homogen=72131.7918
mean B0=58.7992 homogen=231383.3485
mean B0=44.476 homogen=46231.8808
mean B0=63.3401 homogen=303035.7589
mean B0=55.1804 homogen=78534.7528
mean B0=54.1765 homogen=83569.9556
mean B0=61.2248 homogen=23906.3381
mean B0=50.7707 homogen=41841.833
mean B0=49.1394 homogen=174444.9086
mean B0=53.2559 homogen=60729.8619
mean B0=54.4603 homogen=80783.4054
mean B0=62.7894 homogen=28951.9341
mean B0=58.7937 homogen=180073.5947
mean B0=47.0153 homogen=75369.7505
mean B0=64.0822 homogen=330757.7698
mean B0=27.1391 homogen=252578.2049
mean B0=51.5653 homogen=47576.7512
mean B0=51.6182 homogen=237589.4484
mean B0=52.3217 homogen=200587.9871
mean B0=35.1102 homogen=116931.2052
mean B0=54.8347 homogen=25313.961
mean B0=46.6311 homogen=24578.2483
mean B0=49.1852 homogen=39973.8611
mean B0=52.332 homogen=39480.1095
mean B0=49.7419 homogen=45597.9514
mean B0=59.8563 homogen=222772.29
mean B0=59.8935 homogen=96197.431
mean B0=52.3517 homogen=75367.7965
mean B0=60.3214 homogen=287925.4286
mean B0=51.3799 homogen=37922.7527
mean B0=38.4724 homogen=30351.4843
mean B0=55.456 homogen=135722.1169
mean B0=60.6662 homogen=142727.6231
mean B0=65.1176 homogen=60953.4009
mean B0=60.4012 homogen=109538.3442
mean B0=49.7845 homogen=26520.7494
     9 |      360 |      3 |  0.000000E+00 |  0.000000E+00 |  0.0438914276 |             f
mean B0=57.9135 homogen=336979.1565
mean B0=61.5592 homogen=225908.9021
mean B0=38.6773 homogen=148044.5924
mean B0=40.388 homogen=30092.7719
mean B0=44.2744 homogen=34627.6055
mean B0=50.3734 homogen=38053.9877
mean B0=58.8989 homogen=296153.0218
mean B0=54.4832 homogen=103843.594
mean B0=60.8646 homogen=20061.0472
mean B0=52.2592 homogen=25351.0189
mean B0=57.0641 homogen=87712.3704
mean B0=49.9984 homogen=14866.2181
mean B0=53.4177 homogen=56280.665
mean B0=53.4011 homogen=300238.3598
mean B0=28.7719 homogen=339445.172
mean B0=50.0409 homogen=71457.9443
mean B0=55.2226 homogen=49759.8035
mean B0=56.885 homogen=37453.6864
mean B0=35.8562 homogen=260591.4503
mean B0=53.3857 homogen=26158.6373
mean B0=66.3597 homogen=196533.0354
mean B0=47.4383 homogen=82054.5434
mean B0=50.1685 homogen=229077.4809
mean B0=53.8097 homogen=66834.8406
mean B0=46.5327 homogen=45988.6215
mean B0=63.4115 homogen=96798.5234
mean B0=62.218 homogen=85034.8801
mean B0=69.5189 homogen=59061.3366
mean B0=60.7041 homogen=54598.2996
mean B0=46.2147 homogen=24815.0438
mean B0=62.5824 homogen=31371.0901
mean B0=56.1198 homogen=135633.5899
mean B0=31.686 homogen=118464.4283
mean B0=71.6918 homogen=154322.6405
mean B0=27.5255 homogen=288807.328
mean B0=45.8943 homogen=137505.2004
mean B0=58.6393 homogen=65575.6158
mean B0=60.5377 homogen=102775.6188
mean B0=37.431 homogen=406032.6265
mean B0=45.7315 homogen=60977.4805
    10 |      400 |      6 |  0.000000E+00 |  0.000000E+00 |  0.3520164254 |         ideal
mean B0=64.0102 homogen=288265.4402
mean B0=51.9179 homogen=54362.3501
mean B0=67.3716 homogen=237096.9716
mean B0=52.1558 homogen=67386.8822
mean B0=49.6944 homogen=34282.4066
mean B0=65.2122 homogen=82892.779
mean B0=58.3682 homogen=32927.7885
mean B0=61.5897 homogen=128780.9795
mean B0=55.6096 homogen=124806.167
mean B0=73.6068 homogen=135345.4543
mean B0=66.4307 homogen=308220.1144
mean B0=60.9274 homogen=17496.7683
mean B0=50.2171 homogen=35151.476
mean B0=59.3057 homogen=34475.117
mean B0=54.9296 homogen=38357.0854
mean B0=44.8182 homogen=27688.8626
mean B0=69.3666 homogen=59130.9295
mean B0=43.5077 homogen=62777.4786
mean B0=60.7791 homogen=78144.4042
mean B0=53.6031 homogen=118442.4809
mean B0=61.3738 homogen=128242.1383
mean B0=61.0965 homogen=55527.5694
mean B0=54.5819 homogen=80522.122
mean B0=46.9694 homogen=27980.1595
mean B0=39.6591 homogen=67396.2568
mean B0=63.268 homogen=54579.7875
mean B0=48.6894 homogen=21382.716
mean B0=50.898 homogen=85833.5738
mean B0=74.5129 homogen=93476.3565
mean B0=65.2079 homogen=65994.2754
mean B0=56.7938 homogen=259535.096
mean B0=62.9116 homogen=102031.9913
mean B0=65.8881 homogen=151670.1832
mean B0=45.4898 homogen=26316.5379
mean B0=57.398 homogen=138685.5351
mean B0=55.8468 homogen=50357.4937
mean B0=54.3758 homogen=30008.8689
mean B0=45.8205 homogen=68992.3877
mean B0=46.9202 homogen=40908.9921
mean B0=51.3783 homogen=13255.9513
    11 |      440 |      6 |  0.000000E+00 |  0.000000E+00 |  0.0861513739 |         ideal
mean B0=55.3458 homogen=243425.3259
mean B0=46.3968 homogen=52423.6271
mean B0=55.4335 homogen=26028.4461
mean B0=42.2712 homogen=34247.0821
mean B0=73.8998 homogen=47377.6186
mean B0=60.9058 homogen=251591.2685
mean B0=51.1502 homogen=132084.1579
mean B0=68.5343 homogen=61147.4171
mean B0=72.5823 homogen=111105.9099
mean B0=63.4183 homogen=118839.4596
mean B0=59.3371 homogen=15974.1805
mean B0=45.8102 homogen=21758.6786
mean B0=27.8357 homogen=528637.8658
mean B0=64.9179 homogen=51230.6003
mean B0=70.678 homogen=53066.1386
mean B0=57.3292 homogen=125884.2864
mean B0=50.8383 homogen=13449.2265
mean B0=40.5375 homogen=197855.7753
mean B0=49.1514 homogen=29465.9923
mean B0=46.1573 homogen=91811.5539
mean B0=66.3191 homogen=43864.3114
mean B0=55.8065 homogen=95814.9857
mean B0=70.1176 homogen=120021.9611
mean B0=67.7147 homogen=66508.0825
mean B0=60.605 homogen=150256.3735
mean B0=68.6319 homogen=110517.5379
mean B0=71.7602 homogen=77551.5956
mean B0=60.5786 homogen=70180.5436
mean B0=54.519 homogen=143814.1041
mean B0=67.8147 homogen=167149.2452
mean B0=44.7646 homogen=145195.0666
mean B0=65.0041 homogen=98614.0587
mean B0=66.0919 homogen=25130.8519
mean B0=76.5718 homogen=129692.4822
mean B0=53.0748 homogen=43002.8626
mean B0=56.3712 homogen=112740.4553
mean B0=63.7786 homogen=47196.3366
mean B0=64.6655 homogen=102539.0779
mean B0=63.8544 homogen=31269.232
mean B0=63.0412 homogen=59577.9913
    12 |      480 |      5 |  0.000000E+00 |  0.000000E+00 |  0.1176908640 |         ideal
mean B0=69.5229 homogen=107313.1531
mean B0=47.2847 homogen=264820.322
mean B0=48.907 homogen=18554.3435
mean B0=64.4645 homogen=27142.4151
mean B0=64.5888 homogen=90184.5082
mean B0=53.1693 homogen=70178.4204
mean B0=59.597 homogen=26101.3553
mean B0=46.8821 homogen=26859.6264
mean B0=69.3666 homogen=59131.3063
mean B0=53.5272 homogen=280783.318
mean B0=55.5588 homogen=53096.4493
mean B0=58.7404 homogen=45855.9383
mean B0=68.4777 homogen=31119.1566
mean B0=55.6656 homogen=13263.3829
mean B0=80.1359 homogen=99973.0961
mean B0=60.893 homogen=31079.573
mean B0=62.5481 homogen=14458.4066
mean B0=58.6077 homogen=143100.3314
mean B0=72.6435 homogen=57938.4932
mean B0=49.2439 homogen=42442.831
mean B0=59.4715 homogen=30052.5553
mean B0=48.6866 homogen=241902.8838
mean B0=48.6431 homogen=34627.5069
mean B0=53.8934 homogen=74118.6555
mean B0=54.5341 homogen=53374.2999
mean B0=56.6495 homogen=38267.1584
mean B0=62.386 homogen=30390.5471
mean B0=62.5229 homogen=23476.125
mean B0=68.5343 homogen=61147.1505
mean B0=45.8715 homogen=179286.5918
mean B0=57.0003 homogen=126370.1413
mean B0=44.6996 homogen=15995.4987
mean B0=47.9745 homogen=32516.9813
mean B0=59.6169 homogen=84985.2289
mean B0=53.421 homogen=47184.013
mean B0=51.0833 homogen=22182.2756
mean B0=52.2836 homogen=37695.8221
mean B0=62.2343 homogen=72844.2166
mean B0=72.5466 homogen=150448.3344
mean B0=65.7178 homogen=106368.0815
    13 |      520 |      7 |  0.000000E+00 |  0.000000E+00 |  0.1239355155 |         ideal
mean B0=40.6064 homogen=338427.7484
mean B0=48.8789 homogen=176888.2783
mean B0=72.0885 homogen=54785.5777
mean B0=52.2414 homogen=118382.4503
mean B0=65.1155 homogen=29901.249
mean B0=74.3786 homogen=25981.6969
mean B0=59.8964 homogen=17522.8336
mean B0=48.3954 homogen=75038.1909
mean B0=68.9545 homogen=35179.4612
mean B0=58.2414 homogen=65560.323
mean B0=76.4589 homogen=72348.3637
mean B0=57.2399 homogen=82039.8844
mean B0=60.9629 homogen=89787.7109
mean B0=63.9365 homogen=45813.8908
mean B0=69.5821 homogen=129086.3945
mean B0=49.2453 homogen=24127.5805
mean B0=52.2018 homogen=84382.866
mean B0=66.4264 homogen=91172.2183
mean B0=50.9417 homogen=13353.7646
mean B0=64.3956 homogen=19649.6363
mean B0=50.6668 homogen=74722.9984
mean B0=65.3303 homogen=20674.9973
mean B0=71.7422 homogen=111977.8224
mean B0=56.8075 homogen=86994.8715
mean B0=70.6087 homogen=102709.9772
mean B0=64.7942 homogen=120402.0218
mean B0=31.7754 homogen=184603.6132
mean B0=67.8587 homogen=52906.8688
mean B0=59.9639 homogen=84097.2694
mean B0=64.9375 homogen=33763.86
mean B0=62.9842 homogen=56225.9147
mean B0=59.3812 homogen=123546.1532
mean B0=69.605 homogen=39397.9193
mean B0=51.5101 homogen=13260.0378
mean B0=70.4794 homogen=42772.4645
mean B0=29.5226 homogen=386448.8991
mean B0=59.0188 homogen=77678.1722
mean B0=64.3664 homogen=23585.404
mean B0=56.9599 homogen=318257.2275
mean B0=51.9242 homogen=58286.4268
    14 |      560 |      8 |  0.000000E+00 |  0.000000E+00 |  0.0344954036 |             f
mean B0=46.0622 homogen=27424.2188
mean B0=60.2296 homogen=25856.2721
mean B0=73.863 homogen=35567.3493
mean B0=47.4892 homogen=9851.5575
mean B0=68.7041 homogen=48108.8914
mean B0=56.0173 homogen=22976.915
mean B0=58.519 homogen=36415.9644
mean B0=77.3845 homogen=121142.9495
mean B0=75.2466 homogen=43490.5304
mean B0=66.9821 homogen=43980.4392
mean B0=78.2291 homogen=52156.0109
mean B0=55.466 homogen=78820.4074
mean B0=73.6453 homogen=150017.2274
mean B0=77.8082 homogen=13131.7678
mean B0=58.3759 homogen=105969.876
mean B0=66.0996 homogen=55394.2614
mean B0=71.9579 homogen=29415.3015
mean B0=64.598 homogen=19986.6389
mean B0=54.8815 homogen=59079.9425
mean B0=71.565 homogen=62585.3717
mean B0=70.4794 homogen=25390.024
mean B0=79.7117 homogen=86215.9872
mean B0=53.126 homogen=158803.0562
mean B0=58.1122 homogen=117916.6369
mean B0=66.2772 homogen=20824.5404
mean B0=68.3393 homogen=55270.7962
mean B0=52.0153 homogen=36639.521
mean B0=51.7679 homogen=17999.6072
mean B0=57.5792 homogen=32931.7445
mean B0=70.2569 homogen=25376.3994
mean B0=59.6539 homogen=23517.5689
mean B0=68.3414 homogen=112309.5151
mean B0=45.5186 homogen=51056.122
mean B0=66.0308 homogen=25685.0733
mean B0=58.9847 homogen=53862.1916
mean B0=67.9837 homogen=17669.2427
mean B0=59.7981 homogen=23397.5395
mean B0=67.1109 homogen=72121.437
mean B0=64.1944 homogen=128427.7737
mean B0=65.4603 homogen=32776.0202
    15 |      600 |      3 |  0.000000E+00 |  0.000000E+00 |  1.135448E+01 |         nadir
mean B0=51.922 homogen=110239.9945
mean B0=73.2108 homogen=156005.3068
mean B0=76.3169 homogen=26372.5002
mean B0=32.9404 homogen=376562.7963
mean B0=73.2774 homogen=73683.0945
mean B0=70.199 homogen=20837.0545
mean B0=54.9881 homogen=115613.5276
mean B0=60.1867 homogen=54007.9828
mean B0=65.454 homogen=18557.9119
mean B0=50.8478 homogen=71249.8842
mean B0=66.7393 homogen=36352.644
mean B0=75.8781 homogen=119226.5948
mean B0=60.0004 homogen=44315.1971
mean B0=48.8472 homogen=105323.5435
mean B0=71.5086 homogen=60416.3069
mean B0=67.0016 homogen=39885.755
mean B0=66.0707 homogen=110026.2627
mean B0=50.8742 homogen=13361.0799
mean B0=67.2575 homogen=19327.2221
mean B0=66.2724 homogen=45085.5327
mean B0=62.0296 homogen=54430.433
mean B0=80.8501 homogen=91514.4031
mean B0=73.056 homogen=36760.4295
mean B0=67.233 homogen=134772.5545
mean B0=66.3008 homogen=16678.5178
mean B0=71.4765 homogen=88606.964
mean B0=73.0493 homogen=41855.0838
mean B0=67.1179 homogen=67221.9068
mean B0=60.7767 homogen=20898.384
mean B0=61.9192 homogen=243996.429
mean B0=63.3384 homogen=20647.8114
mean B0=80.1168 homogen=98740.7621
mean B0=58.9682 homogen=67534.166
mean B0=68.4876 homogen=56743.5185
mean B0=61.177 homogen=45032.8074
mean B0=48.3379 homogen=29022.7922
mean B0=56.2852 homogen=69743.7025
mean B0=51.5119 homogen=13258.7249
mean B0=72.2114 homogen=33519.3582
mean B0=84.8113 homogen=25963.2384
    16 |      640 |      3 |  0.000000E+00 |  0.000000E+00 |  0.2347765609 |         ideal
mean B0=61.6697 homogen=22528.2135
mean B0=63.76 homogen=17558.6871
mean B0=65.2401 homogen=38909.0273
mean B0=53.2938 homogen=28442.2723
mean B0=73.6806 homogen=42892.0744
mean B0=63.9166 homogen=41729.9342
mean B0=64.2942 homogen=48639.898
mean B0=81.6059 homogen=99358.0802
mean B0=76.7588 homogen=37591.899
mean B0=65.7107 homogen=23587.9166
mean B0=69.7979 homogen=77117.1638
mean B0=68.8389 homogen=26540.6671
mean B0=64.6086 homogen=43379.5335
mean B0=73.5676 homogen=130536.0151
mean B0=71.1677 homogen=14917.0884
mean B0=58.3942 homogen=74269.2971
mean B0=61.9143 homogen=10420.808
mean B0=75.8793 homogen=119255.4113
mean B0=63.3275 homogen=27773.9912
mean B0=63.4104 homogen=24383.1222
mean B0=64.5982 homogen=19988.6385
mean B0=56.7405 homogen=13897.2054
mean B0=68.9106 homogen=14982.6984
mean B0=77.0443 homogen=141744.7412
mean B0=52.9414 homogen=138765.68
mean B0=61.0712 homogen=16561.6926
mean B0=65.538 homogen=25485.216
mean B0=68.0823 homogen=52111.9572
mean B0=66.323 homogen=71134.9612
mean B0=71.836 homogen=23448.2175
mean B0=69.4375 homogen=75675.0004
mean B0=62.0434 homogen=58736.1607
mean B0=51.8084 homogen=13169.3408
mean B0=77.7968 homogen=120497.3355
mean B0=83.1586 homogen=46089.8026
mean B0=78.9409 homogen=92184.2181
mean B0=74.4782 homogen=55075.9297
mean B0=79.8322 homogen=85590.9878
mean B0=87.0159 homogen=83530.641
mean B0=70.8568 homogen=36830.1966
    17 |      680 |      4 |  0.000000E+00 |  0.000000E+00 |  0.2456366531 |         ideal
mean B0=59.439 homogen=200688.0789
mean B0=64.1268 homogen=9253.3772
mean B0=75.1689 homogen=16449.7233
mean B0=74.5139 homogen=31653.9172
mean B0=72.4695 homogen=125608.4662
mean B0=72.3766 homogen=34937.7889
mean B0=68.0845 homogen=16612.7339
mean B0=74.5352 homogen=85235.701
mean B0=54.5191 homogen=20754.7038
mean B0=82.6091 homogen=96773.929
mean B0=68.6641 homogen=11489.8134
mean B0=76.8923 homogen=17522.6036
mean B0=57.678 homogen=63409.8347
mean B0=67.0883 homogen=14401.6457
mean B0=70.193 homogen=20545.2463
mean B0=76.3316 homogen=55612.3064
mean B0=72.1673 homogen=56755.9303
mean B0=88.9082 homogen=83958.0145
mean B0=82.7392 homogen=84550.9778
mean B0=71.8896 homogen=47038.4751
mean B0=51.9728 homogen=339890.5818
mean B0=75.4991 homogen=45540.6811
mean B0=65.4845 homogen=29152.9776
mean B0=70.6177 homogen=21768.4612
mean B0=65.193 homogen=40352.9182
mean B0=76.9423 homogen=121642.255
mean B0=54.2236 homogen=11835.2897
mean B0=64.0893 homogen=47699.2298
mean B0=66.446 homogen=60364.2587
mean B0=49.3109 homogen=35756.5066
mean B0=72.9545 homogen=117210.8119
mean B0=59.1624 homogen=53055.022
mean B0=80.0565 homogen=86024.0662
mean B0=70.4613 homogen=20646.1128
mean B0=50.8805 homogen=17929.7723
mean B0=66.4895 homogen=30582.4125
mean B0=83.555 homogen=75769.5176
mean B0=50.7879 homogen=125148.7286
mean B0=70.8597 homogen=59248.5975
mean B0=76.0785 homogen=84538.4278
    18 |      720 |      5 |  0.000000E+00 |  0.000000E+00 |  0.0157172022 |         ideal
mean B0=62.6671 homogen=81764.1017
mean B0=36.4661 homogen=171193.2223
mean B0=69.7564 homogen=23869.0872
mean B0=78.0454 homogen=75014.6895
mean B0=77.7734 homogen=75484.3989
mean B0=81.4894 homogen=68625.2302
mean B0=61.4728 homogen=17870.4422
mean B0=71.8431 homogen=34432.2265
mean B0=78.8304 homogen=110036.3675
mean B0=72.0186 homogen=6331.5112
mean B0=69.106 homogen=18777.4767
mean B0=64.7169 homogen=25300.4179
mean B0=66.7556 homogen=52895.0104
mean B0=61.1604 homogen=26550.2817
mean B0=60.2509 homogen=119687.526
mean B0=48.2783 homogen=15680.6812
mean B0=74.3368 homogen=38723.5341
mean B0=75.3812 homogen=15257.4461
mean B0=81.1347 homogen=61516.3549
mean B0=80.3707 homogen=96209.1295
mean B0=77.9009 homogen=21366.3616
mean B0=52.4806 homogen=14764.3159
mean B0=69.8579 homogen=22811.4457
mean B0=61.3322 homogen=9744.303
mean B0=79.554 homogen=9895.5474
mean B0=78.8844 homogen=96029.1536
mean B0=69.7974 homogen=19911.461
mean B0=68.0793 homogen=24438.4963
mean B0=65.8611 homogen=69186.0733
mean B0=77.9381 homogen=71991.793
mean B0=72.782 homogen=20254.3197
mean B0=77.9444 homogen=23096.6992
mean B0=66.2931 homogen=29862.4169
mean B0=77.3627 homogen=92520.8202
mean B0=63.5312 homogen=184242.8085
mean B0=51.3751 homogen=13269.3951
mean B0=88.398 homogen=87456.3414
mean B0=76.3256 homogen=28566.8544
mean B0=76.231 homogen=50392.1231
mean B0=79.8172 homogen=103091.4716
    19 |      760 |      5 |  0.000000E+00 |  0.000000E+00 |  0.0569404100 |         ideal
mean B0=74.7091 homogen=35288.935
mean B0=68.9154 homogen=250927.3258
mean B0=66.0817 homogen=82099.8272
mean B0=76.0542 homogen=22534.452
mean B0=62.1886 homogen=13126.8908
mean B0=78.1395 homogen=21096.6915
mean B0=64.7943 homogen=58415.6784
mean B0=60.8166 homogen=67308.6294
mean B0=64.3321 homogen=53068.0026
mean B0=63.141 homogen=13071.2424
mean B0=67.0982 homogen=80187.4479
mean B0=54.884 homogen=30191.1239
mean B0=80.2816 homogen=50169.926
mean B0=80.164 homogen=98476.4395
mean B0=62.2921 homogen=63093.208
mean B0=74.5522 homogen=96610.5784
mean B0=68.0519 homogen=16510.695
mean B0=76.4549 homogen=55400.5028
mean B0=57.5593 homogen=46669.2275
mean B0=68.4651 homogen=95884.2833
mean B0=64.3322 homogen=9550.6266
mean B0=68.6964 homogen=15432.0682
mean B0=65.8424 homogen=275804.671
mean B0=87.3007 homogen=96350.8564
mean B0=61.6759 homogen=18784.9769
mean B0=70.8354 homogen=33982.278
mean B0=67.4178 homogen=79199.5976
mean B0=66.9435 homogen=31826.8834
mean B0=66.9258 homogen=71247.5186
mean B0=83.9063 homogen=91873.1883
mean B0=75.8955 homogen=37300.0814
mean B0=72.5953 homogen=98539.3582
mean B0=73.9999 homogen=75897.7098
mean B0=80.5118 homogen=45986.6578
mean B0=74.4954 homogen=54620.3871
mean B0=69.3283 homogen=21644.4934
mean B0=75.0637 homogen=17171.1791
mean B0=80.1977 homogen=99362.7431
mean B0=77.4759 homogen=63813.4228
mean B0=83.2823 homogen=61288.0452
    20 |      800 |      7 |  0.000000E+00 |  0.000000E+00 |  0.0169048814 |             f
mean B0=75.7065 homogen=98907.3481
mean B0=66.8185 homogen=33802.496
mean B0=71.471 homogen=112508.3631
mean B0=85.4573 homogen=50091.0745
mean B0=70.0296 homogen=10234.0979
mean B0=76.424 homogen=12488.3963
mean B0=65.6361 homogen=17213.9277
mean B0=88.5854 homogen=84801.0655
mean B0=71.0514 homogen=33454.0633
mean B0=58.0372 homogen=157773.2011
mean B0=77.7504 homogen=77361.4508
mean B0=75.2692 homogen=12618.6195
mean B0=65.7316 homogen=79305.06
mean B0=60.3368 homogen=14587.2911
mean B0=83.0494 homogen=32175.2127
mean B0=34.9927 homogen=156402.8644
mean B0=64.035 homogen=29972.5525
mean B0=65.2861 homogen=10861.1208
mean B0=87.036 homogen=39450.9169
mean B0=80.8582 homogen=91502.4008
mean B0=73.5208 homogen=22763.8676
mean B0=76.9138 homogen=74442.4488
mean B0=90.89 homogen=41735.4029
mean B0=72.3299 homogen=30427.8929
mean B0=75.5702 homogen=20280.5395
mean B0=78.9434 homogen=20104.2798
mean B0=79.3161 homogen=45202.1614
mean B0=87.8879 homogen=91825.5601
mean B0=88.4508 homogen=73858.6049
mean B0=58.6167 homogen=149930.3958
mean B0=63.1474 homogen=15818.9666
mean B0=62.4714 homogen=32202.5041
mean B0=63.5676 homogen=34771.4733
mean B0=84.1808 homogen=95300.233
mean B0=74.162 homogen=43027.3988
mean B0=77.6974 homogen=123231.032
mean B0=68.0337 homogen=39180.7087
mean B0=61.1081 homogen=11641.9839
mean B0=74.21 homogen=66530.8522
mean B0=80.1893 homogen=99373.3911
    21 |      840 |      8 |  0.000000E+00 |  0.000000E+00 |  0.0076647734 |         ideal
mean B0=72.7502 homogen=13632.7908
mean B0=66.8385 homogen=41006.9615
mean B0=82.9371 homogen=77244.0033
mean B0=66.3587 homogen=37268.778
mean B0=79.466 homogen=17607.4572
mean B0=79.9643 homogen=44646.2688
mean B0=63.4804 homogen=10412.413
mean B0=59.5957 homogen=38346.7545
mean B0=61.5913 homogen=11689.5395
mean B0=83.3237 homogen=31166.3169
mean B0=59.4813 homogen=187969.199
mean B0=85.0832 homogen=56203.5257
mean B0=69.7991 homogen=26560.3852
mean B0=75.3416 homogen=8684.7322
mean B0=76.1598 homogen=10033.2229
mean B0=78.5511 homogen=55413.7328
mean B0=82.3676 homogen=28528.3149
mean B0=62.7962 homogen=32123.925
mean B0=63.6736 homogen=17685.4438
mean B0=87.1955 homogen=90295.9901
mean B0=77.0065 homogen=48069.1271
mean B0=85.019 homogen=41161.4293
mean B0=57.9412 homogen=80436.6723
mean B0=78.9829 homogen=66295.5765
mean B0=75.3688 homogen=18493.8596
mean B0=86.5781 homogen=78364.2017
mean B0=74.6722 homogen=17618.1606
mean B0=78.1907 homogen=14473.6768
mean B0=72.6142 homogen=67592.9289
mean B0=73.9412 homogen=49460.9439
mean B0=63.3183 homogen=247511.0761
mean B0=79.0307 homogen=12369.8938
mean B0=70.074 homogen=49179.4515
mean B0=81.5448 homogen=61955.7039
mean B0=82.3918 homogen=93125.4393
mean B0=58.3961 homogen=84150.6007
mean B0=73.1659 homogen=9199.8518
mean B0=88.2785 homogen=78290.927
mean B0=67.7703 homogen=25232.6871
mean B0=81.4855 homogen=89214.8371
    22 |      880 |      7 |  0.000000E+00 |  0.000000E+00 |  0.0074707356 |         ideal
mean B0=82.0434 homogen=12035.5738
mean B0=89.7359 homogen=70583.6558
mean B0=74.9552 homogen=50060.1225
mean B0=80.1548 homogen=13644.6125
mean B0=71.5435 homogen=85287.5032
mean B0=86.5384 homogen=78613.2175
mean B0=63.2098 homogen=44093.2415
mean B0=49.291 homogen=355042.8393
mean B0=78.1553 homogen=21161.6968
mean B0=44.429 homogen=428680.9016
mean B0=71.5716 homogen=29337.0992
mean B0=80.4776 homogen=54558.8809
mean B0=79.1201 homogen=44517.9013
mean B0=82.1975 homogen=46151.8405
mean B0=77.6615 homogen=11446.6522
mean B0=84.2316 homogen=59456.5185
mean B0=76.3224 homogen=9208.204
mean B0=82.7017 homogen=8862.0465
mean B0=64.3913 homogen=25302.6316
mean B0=78.8167 homogen=56710.5529
mean B0=78.9535 homogen=59012.3238
mean B0=77.9296 homogen=53369.1494
mean B0=70.9926 homogen=42020.1913
mean B0=74.7391 homogen=16332.2667
mean B0=84.8607 homogen=22807.3588
mean B0=87.2777 homogen=82236.5247
mean B0=79.3976 homogen=86605.3711
mean B0=85.0697 homogen=39606.8279
mean B0=75.7146 homogen=96430.9835
mean B0=52.0996 homogen=288036.5169
mean B0=71.4209 homogen=26520.5694
mean B0=75.9198 homogen=12065.7022
mean B0=60.6183 homogen=68150.2436
mean B0=80.9192 homogen=16598.2991
mean B0=79.2126 homogen=12970.1798
mean B0=78.991 homogen=68628.4991
mean B0=84.4951 homogen=91646.2956
mean B0=83.1184 homogen=62224.3386
mean B0=61.585 homogen=91388.8314
mean B0=78.7828 homogen=7860.275
    23 |      920 |      6 |  0.000000E+00 |  0.000000E+00 |  0.1050375635 |         ideal
mean B0=78.3534 homogen=49707.2324
mean B0=64.8919 homogen=45989.9337
mean B0=74.3865 homogen=29823.0755
mean B0=83.6096 homogen=44967.5645
mean B0=82.0918 homogen=32736.988
mean B0=87.3773 homogen=96957.9052
mean B0=72.9804 homogen=8515.582
mean B0=56.6939 homogen=215909.9409
mean B0=83.5913 homogen=26538.0762
mean B0=80.7197 homogen=79691.5855
mean B0=74.6345 homogen=55699.7236
mean B0=60.549 homogen=112056.9203
mean B0=87.0018 homogen=34473.0179
mean B0=78.9087 homogen=11606.6022
mean B0=90.0535 homogen=94453.6868
mean B0=87.5772 homogen=73436.4912
mean B0=85.7904 homogen=57041.5547
mean B0=83.1642 homogen=9471.3119
mean B0=83.2231 homogen=66500.0981
mean B0=70.3764 homogen=36566.4783
mean B0=85.3782 homogen=23117.1962
mean B0=82.4409 homogen=78509.9364
mean B0=79.9797 homogen=18359.5464
mean B0=84.6033 homogen=17442.2921
mean B0=85.3916 homogen=33326.9732
mean B0=68.208 homogen=190183.6185
mean B0=80.3534 homogen=11771.1037
mean B0=70.4048 homogen=184506.9971
mean B0=77.9189 homogen=49045.7389
mean B0=53.8269 homogen=97749.3999
mean B0=78.5585 homogen=17333.509
mean B0=67.0626 homogen=13329.9958
mean B0=82.0365 homogen=75676.3619
mean B0=86.5869 homogen=23525.6357
mean B0=82.6888 homogen=30190.6569
mean B0=81.4173 homogen=79447.4886
mean B0=78.1202 homogen=19346.8641
mean B0=77.8089 homogen=39399.6851
mean B0=75.6725 homogen=29089.5801
mean B0=77.7729 homogen=49524.5162
    24 |      960 |      9 |  0.000000E+00 |  0.000000E+00 |  0.0281801614 |         ideal
mean B0=88.1727 homogen=106859.165
mean B0=68.8036 homogen=240431.7558
mean B0=73.3801 homogen=10877.3997
mean B0=81.4582 homogen=37048.0586
mean B0=86.8056 homogen=18956.918
mean B0=82.8785 homogen=121098.9549
mean B0=77.4187 homogen=129555.742
mean B0=86.5538 homogen=78464.1446
mean B0=83.2411 homogen=21390.8186
mean B0=81.9885 homogen=18509.4351
mean B0=84.6241 homogen=53894.2449
mean B0=64.8324 homogen=12172.9413
mean B0=73.8036 homogen=12492.3073
mean B0=83.546 homogen=26728.3113
mean B0=79.6236 homogen=14221.3664
mean B0=80.2672 homogen=14797.8187
mean B0=82.5206 homogen=25759.7899
mean B0=87.8331 homogen=93413.7192
mean B0=82.4056 homogen=96725.4128
mean B0=85.8485 homogen=35285.6943
mean B0=87.3115 homogen=12306.9312
mean B0=75.9577 homogen=17726.4758
mean B0=75.2142 homogen=49781.4184
mean B0=90.8388 homogen=90667.6288
mean B0=77.8147 homogen=9122.3444
mean B0=82.8107 homogen=8517.3063
mean B0=62.4043 homogen=210354.7965
mean B0=76.4836 homogen=13306.6503
mean B0=79.529 homogen=10227.3711
mean B0=90.9116 homogen=81948.7536
mean B0=89.6077 homogen=78377.0172
mean B0=77.7754 homogen=10376.1339
mean B0=79.3555 homogen=10406.1204
mean B0=80.1894 homogen=114642.6647
mean B0=70.6022 homogen=37629.8129
mean B0=80.4658 homogen=12467.6486
mean B0=87.3429 homogen=82630.4433
mean B0=86.796 homogen=42291.2919
mean B0=79.9553 homogen=13819.4247
mean B0=76.2805 homogen=40039.0804
    25 |     1000 |      8 |  0.000000E+00 |  0.000000E+00 |  0.0707501350 |         ideal
mean B0=82.8209 homogen=9478.3811
mean B0=79.554 homogen=10144.868
mean B0=90.1144 homogen=66545.2171
mean B0=88.4409 homogen=95264.1116
mean B0=78.2145 homogen=29311.3469
mean B0=75.6213 homogen=30829.3667
mean B0=84.5306 homogen=10900.4209
mean B0=90.2329 homogen=79596.9853
mean B0=84.6506 homogen=36356.5047
mean B0=87.7519 homogen=32493.0418
mean B0=87.2966 homogen=84300.4675
mean B0=88.0427 homogen=87648.1906
mean B0=85.6607 homogen=63854.996
mean B0=74.7417 homogen=187274.996
mean B0=81.0841 homogen=18117.6916
mean B0=86.6704 homogen=46960.3916
mean B0=84.6868 homogen=18806.0037
mean B0=86.3352 homogen=28383.2229
mean B0=75.6612 homogen=9965.6779
mean B0=88.1771 homogen=65321.813
mean B0=90.0309 homogen=94210.1632
mean B0=83.2411 homogen=21220.6857
mean B0=83.1642 homogen=9471.3119
mean B0=89.2524 homogen=94289.1642
mean B0=84.4995 homogen=64947.0436
mean B0=86.5315 homogen=61399.2944
mean B0=50.9912 homogen=121995.0821
mean B0=85.4421 homogen=80104.1381
mean B0=86.2521 homogen=37989.2014
mean B0=85.7879 homogen=39499.6888
mean B0=79.2486 homogen=14329.9391
mean B0=80.2517 homogen=12823.8671
mean B0=84.4356 homogen=75473.8959
mean B0=86.4708 homogen=18787.0197
mean B0=83.3754 homogen=6879.8558
mean B0=80.1429 homogen=35293.1086
mean B0=79.3633 homogen=8418.247
mean B0=75.8762 homogen=9720.0315
mean B0=79.0349 homogen=12380.4468
mean B0=82.0752 homogen=48591.5828
    26 |     1040 |      9 |  0.000000E+00 |  0.000000E+00 |  0.0130602582 |         ideal
mean B0=90.8881 homogen=78389.2444
mean B0=87.3018 homogen=81063.541
mean B0=76.4975 homogen=16326.0245
mean B0=89.8322 homogen=13075.1136
mean B0=82.8206 homogen=9476.0947
mean B0=85.0919 homogen=40737.8738
mean B0=82.2989 homogen=10828.4093
mean B0=84.4711 homogen=12121.9704
mean B0=78.3689 homogen=22903.3589
mean B0=59.2757 homogen=82158.3852
mean B0=82.7847 homogen=9076.0219
mean B0=61.6755 homogen=165752.2018
mean B0=88.1771 homogen=65321.813
mean B0=87.2574 homogen=76686.894
mean B0=75.1614 homogen=37921.3284
mean B0=93.3729 homogen=43459.6644
mean B0=82.1122 homogen=44771.4002
mean B0=80.3049 homogen=81550.2829
mean B0=89.4933 homogen=78405.2887
mean B0=78.921 homogen=87124.7312
mean B0=78.1671 homogen=116222.2047
mean B0=89.5649 homogen=98668.7799
mean B0=82.089 homogen=15576.464
mean B0=79.7682 homogen=26121.9977
mean B0=61.2574 homogen=63513.9553
mean B0=83.668 homogen=14138.3781
mean B0=88.6426 homogen=44709.3471
mean B0=83.226 homogen=10342.7375
mean B0=87.2691 homogen=51869.8168
mean B0=79.1691 homogen=7178.9373
mean B0=86.694 homogen=46602.3557
mean B0=64.9446 homogen=196628.9464
mean B0=78.4176 homogen=56559.2659
mean B0=87.209 homogen=23118.3672
mean B0=76.2632 homogen=18709.2423
mean B0=61.2551 homogen=200909.0548
mean B0=79.6228 homogen=10274.592
mean B0=93.0868 homogen=17168.8088
mean B0=86.9347 homogen=52535.2454
mean B0=90.2723 homogen=45195.0194
    27 |     1080 |      8 |  0.000000E+00 |  0.000000E+00 |  0.2461893330 |         ideal
mean B0=87.4844 homogen=27725.1307
mean B0=57.8772 homogen=100232.3795
mean B0=81.2583 homogen=9238.2519
mean B0=76.1782 homogen=120926.7998
mean B0=90.0351 homogen=22862.1422
mean B0=67.5059 homogen=190961.8865
mean B0=91.317 homogen=53356.1872
mean B0=86.7252 homogen=19251.0675
mean B0=78.0497 homogen=10293.1937
mean B0=86.3756 homogen=65394.3665
mean B0=85.0882 homogen=23229.1383
mean B0=85.6477 homogen=8277.1222
mean B0=94.8452 homogen=23755.9674
mean B0=88.6422 homogen=44703.9799
mean B0=86.6572 homogen=6795.4847
mean B0=82.9152 homogen=36483.1589
mean B0=85.9452 homogen=71625.478
mean B0=77.8314 homogen=18578.3329
mean B0=78.663 homogen=90459.9469
mean B0=82.9524 homogen=12887.8119
mean B0=86.0911 homogen=34904.0102
mean B0=85.1068 homogen=45247.1324
mean B0=85.9488 homogen=13781.8713
mean B0=89.4995 homogen=2764.0998
mean B0=79.8673 homogen=11693.2098
mean B0=67.5147 homogen=165857.2948
mean B0=79.0057 homogen=16287.4848
mean B0=83.9614 homogen=89360.2605
mean B0=45.7533 homogen=205634.7191
mean B0=92.1434 homogen=63583.3241
mean B0=79.6727 homogen=7452.8879
mean B0=35.2606 homogen=562837.0844
mean B0=85.697 homogen=71086.6975
mean B0=83.1646 homogen=9465.0255
mean B0=81.6071 homogen=18673.0234
mean B0=87.9948 homogen=80588.6516
mean B0=91.0565 homogen=78970.2164
mean B0=86.508 homogen=23048.3447
mean B0=90.4515 homogen=47782.201
mean B0=83.5331 homogen=26240.7832
    28 |     1120 |      9 |  0.000000E+00 |  0.000000E+00 |  0.0305961695 |             f
mean B0=88.908 homogen=63532.7538
mean B0=78.8212 homogen=7256.2247
mean B0=79.8156 homogen=14462.9121
mean B0=84.8606 homogen=9541.9546
mean B0=84.6379 homogen=17510.8125
mean B0=86.3076 homogen=18323.469
mean B0=88.0389 homogen=8086.2039
mean B0=85.3953 homogen=13557.329
mean B0=82.119 homogen=10116.2361
mean B0=91.141 homogen=79254.6006
mean B0=81.152 homogen=11618.4219
mean B0=86.8674 homogen=11480.484
mean B0=82.7136 homogen=8842.9312
mean B0=83.2759 homogen=5081.5233
mean B0=77.92 homogen=6736.4954
mean B0=87.3998 homogen=51583.1607
mean B0=83.1642 homogen=9471.3119
mean B0=82.9535 homogen=8832.575
mean B0=87.4415 homogen=31604.1235
mean B0=83.6817 homogen=30345.5207
mean B0=80.7606 homogen=46235.9164
mean B0=83.5449 homogen=17032.8702
mean B0=90.4714 homogen=36541.9118
mean B0=85.1438 homogen=11663.9446
mean B0=86.7614 homogen=42197.0245
mean B0=84.8494 homogen=67125.8037
mean B0=82.2473 homogen=30520.3639
mean B0=92.2327 homogen=70995.4089
mean B0=83.7755 homogen=23397.4404
mean B0=87.3226 homogen=49751.5341
mean B0=92.1601 homogen=41973.3325
mean B0=86.6383 homogen=32305.396
mean B0=86.4578 homogen=18712.0495
mean B0=86.9442 homogen=49862.6172
mean B0=88.6773 homogen=9027.1007
mean B0=91.0229 homogen=68965.9266
mean B0=60.3992 homogen=97148.8943
mean B0=88.9113 homogen=34313.8598
mean B0=89.8117 homogen=36107.1018
mean B0=78.143 homogen=18045.3165
    29 |     1160 |      7 |  0.000000E+00 |  0.000000E+00 |  0.0468582495 |         ideal
mean B0=81.153 homogen=12432.3347
mean B0=78.6137 homogen=21555.2595
mean B0=90.3333 homogen=40805.1422
mean B0=79.3837 homogen=14704.5108
mean B0=93.7102 homogen=29753.2175
mean B0=81.6071 homogen=61959.7741
mean B0=86.4307 homogen=14269.8231
mean B0=87.3914 homogen=31874.858
mean B0=83.1645 homogen=9463.3648
mean B0=88.1737 homogen=48490.1949
mean B0=85.3832 homogen=13502.1351
mean B0=88.5565 homogen=63970.3958
mean B0=87.8554 homogen=27160.3938
mean B0=90.172 homogen=47665.2599
mean B0=80.8921 homogen=12743.1559
mean B0=83.9266 homogen=57222.7902
mean B0=84.8628 homogen=48244.0058
mean B0=86.3319 homogen=7000.49
mean B0=89.5956 homogen=25820.9154
mean B0=85.0902 homogen=17719.1764
mean B0=81.3873 homogen=34933.5027
mean B0=82.8172 homogen=65462.4638
mean B0=83.054 homogen=6884.0256
mean B0=77.7624 homogen=70784.9293
mean B0=85.5085 homogen=35603.4444
mean B0=87.6666 homogen=51506.1232
mean B0=83.534 homogen=4342.5689
mean B0=89.1668 homogen=64074.6934
mean B0=86.4439 homogen=18607.3014
mean B0=88.0496 homogen=40973.9053
mean B0=89.8248 homogen=36219.634
mean B0=65.442 homogen=76420.3628
mean B0=86.8003 homogen=27839.8226
mean B0=88.4366 homogen=9812.2149
mean B0=85.331 homogen=37993.4179
mean B0=83.2994 homogen=6800.3109
mean B0=90.7613 homogen=55464.5247
mean B0=77.0712 homogen=17095.2409
mean B0=82.5971 homogen=7488.3195
mean B0=86.5717 homogen=38492.3162
    30 |     1200 |      8 |  0.000000E+00 |  0.000000E+00 |  0.0188908292 |         ideal
mean B0=88.9786 homogen=20962.7319
mean B0=91.1595 homogen=78990.1653
mean B0=93.1601 homogen=31550.5178
mean B0=81.8352 homogen=41946.94
mean B0=89.1883 homogen=39130.5678
mean B0=65.2862 homogen=80414.0595
mean B0=82.8231 homogen=21679.2658
mean B0=79.0041 homogen=28747.7576
mean B0=86.9878 homogen=30446.475
mean B0=84.1203 homogen=42270.9129
mean B0=87.8681 homogen=15907.7524
mean B0=89.1004 homogen=36159.926
mean B0=88.1764 homogen=40423.2128
mean B0=85.8027 homogen=36548.1718
mean B0=85.3332 homogen=38876.325
mean B0=86.3402 homogen=7002.5518
mean B0=92.1825 homogen=71634.5625
mean B0=79.8511 homogen=31465.8873
mean B0=86.8416 homogen=18925.6485
mean B0=89.243 homogen=44487.3305
mean B0=85.8798 homogen=29968.02
mean B0=92.5908 homogen=59176.1103
mean B0=81.4148 homogen=4977.1838
mean B0=62.2344 homogen=277162.0018
mean B0=83.6665 homogen=7810.5675
mean B0=86.5339 homogen=37185.521
mean B0=92.1897 homogen=40598.2052
mean B0=89.8617 homogen=49895.0131
mean B0=90.6394 homogen=37307.9695
mean B0=72.6526 homogen=63198.3018
mean B0=87.9423 homogen=14523.4998
mean B0=87.4982 homogen=43379.4441
mean B0=90.0576 homogen=48218.5973
mean B0=91.0078 homogen=26388.3878
mean B0=84.7696 homogen=9809.3534
mean B0=83.5267 homogen=4316.6635
mean B0=71.1561 homogen=10008.2193
mean B0=95.5196 homogen=16541.0608
mean B0=84.8361 homogen=9696.6164
mean B0=88.011 homogen=23210.8428
    31 |     1240 |      8 |  0.000000E+00 |  0.000000E+00 |  0.0760065000 |             f
mean B0=83.1754 homogen=7232.1204
mean B0=91.9526 homogen=52854.8864
mean B0=90.4058 homogen=31848.4656
mean B0=87.727 homogen=46816.0356
mean B0=81.5672 homogen=16475.1302
mean B0=79.972 homogen=33909.0819
mean B0=86.15 homogen=7691.6793
mean B0=88.7553 homogen=71703.5688
mean B0=91.873 homogen=59023.427
mean B0=86.4848 homogen=11615.9767
mean B0=85.9888 homogen=13193.3728
mean B0=88.5391 homogen=112071.1401
mean B0=91.8208 homogen=40972.6828
mean B0=84.6889 homogen=9855.6558
mean B0=85.1399 homogen=13584.8503
mean B0=82.0503 homogen=12321.8111
mean B0=93.1901 homogen=55521.9402
mean B0=90.3847 homogen=64303.1453
mean B0=89.0083 homogen=20842.5898
mean B0=85.1426 homogen=101587.097
mean B0=89.8403 homogen=36354.2142
mean B0=84.669 homogen=13300.0813
mean B0=86.2379 homogen=11065.813
mean B0=85.668 homogen=51182.6676
mean B0=86.8114 homogen=29962.0846
mean B0=88.7057 homogen=38804.7725
mean B0=76.7948 homogen=13090.7405
mean B0=74.8296 homogen=207595.0503
mean B0=88.9316 homogen=56859.9483
mean B0=87.2314 homogen=8480.2639
mean B0=86.9127 homogen=13628.8684
mean B0=77.8571 homogen=24702.6013
mean B0=82.157 homogen=6937.3466
mean B0=83.8934 homogen=4983.2765
mean B0=86.5898 homogen=7614.6467
mean B0=80.5367 homogen=161454.4486
mean B0=82.2789 homogen=13496.6284
mean B0=87.7425 homogen=16987.1406
mean B0=84.8058 homogen=9815.8309
mean B0=90.6629 homogen=37476.6826
    32 |     1280 |     11 |  0.000000E+00 |  0.000000E+00 |  0.0221864008 |             f
mean B0=92.139 homogen=13929.5566
mean B0=88.5997 homogen=20090.1515
mean B0=91.8997 homogen=25084.5563
mean B0=83.0472 homogen=10208.9544
mean B0=86.0839 homogen=20563.994
mean B0=93.0913 homogen=45432.9068
mean B0=91.7693 homogen=46896.0065
mean B0=84.3447 homogen=8814.8204
mean B0=77.9948 homogen=186130.9526
mean B0=83.534 homogen=4342.5689
mean B0=90.4509 homogen=38923.0459
mean B0=90.8696 homogen=38629.356
mean B0=86.0112 homogen=7172.6595
mean B0=83.3903 homogen=7013.1223
mean B0=87.1219 homogen=11838.5138
mean B0=87.5445 homogen=8985.5454
mean B0=93.5924 homogen=34687.4499
mean B0=74.686 homogen=134645.8292
mean B0=91.7214 homogen=48851.648
mean B0=89.0931 homogen=12560.68
mean B0=85.3487 homogen=14297.37
mean B0=87.2927 homogen=17880.5158
mean B0=76.4358 homogen=29938.0828
mean B0=89.6233 homogen=37176.9579
mean B0=93.3586 homogen=48933.2516
mean B0=89.4062 homogen=47125.5365
mean B0=88.5086 homogen=27344.3905
mean B0=89.5122 homogen=21762.2827
mean B0=91.12 homogen=16950.7253
mean B0=81.4148 homogen=4977.1838
mean B0=89.7486 homogen=106465.7973
mean B0=90.2923 homogen=35475.19
mean B0=87.6558 homogen=6904.6669
mean B0=87.2147 homogen=8505.8793
mean B0=90.8272 homogen=34952.2585
mean B0=83.9236 homogen=11138.4589
mean B0=72.7422 homogen=38112.6945
mean B0=89.8126 homogen=36114.2048
mean B0=85.0267 homogen=10721.5972
mean B0=82.8195 homogen=15133.6383
    33 |     1320 |     12 |  0.000000E+00 |  0.000000E+00 |  0.0327510104 |             f
mean B0=90.1232 homogen=11350.4366
mean B0=91.7214 homogen=48856.133
mean B0=86.0711 homogen=7495.5515
mean B0=93.1974 homogen=20365.6846
mean B0=87.7666 homogen=9131.0003
mean B0=87.8097 homogen=11591.4836
mean B0=82.7052 homogen=8507.7802
mean B0=61.1827 homogen=87093.603
mean B0=96.2378 homogen=26670.1434
mean B0=87.5232 homogen=6750.7232
mean B0=91.5836 homogen=43611.8523
mean B0=87.4797 homogen=19528.6427
mean B0=83.0645 homogen=18405.4808
mean B0=80.2509 homogen=19859.2538
mean B0=83.8701 homogen=3643.7351
mean B0=87.1912 homogen=10049.1337
mean B0=94.8527 homogen=36944.6183
mean B0=81.3905 homogen=8593.3772
mean B0=86.9451 homogen=21151.2294
mean B0=85.3409 homogen=16895.7678
mean B0=83.6591 homogen=4882.1909
mean B0=61.2403 homogen=297813.4792
mean B0=58.2125 homogen=97322.6692
mean B0=90.6523 homogen=30241.5683
mean B0=87.1057 homogen=6107.969
mean B0=79.2945 homogen=8160.081
mean B0=92.9617 homogen=45927.7311
mean B0=86.332 homogen=6999.4681
mean B0=84.5822 homogen=22563.9979
mean B0=88.7947 homogen=23534.4266
mean B0=92.1952 homogen=31965.6581
mean B0=88.3352 homogen=32133.2361
mean B0=83.8512 homogen=18473.1554
mean B0=58.2701 homogen=80949.1193
mean B0=82.9249 homogen=5891.4919
mean B0=87.2018 homogen=16187.5316
mean B0=86.3747 homogen=49332.5168
mean B0=83.2704 homogen=12245.9383
mean B0=87.2305 homogen=8477.07
mean B0=94.0597 homogen=41853.0105
    34 |     1360 |     11 |  0.000000E+00 |  0.000000E+00 |  0.0652046162 |         ideal
mean B0=90.137 homogen=13639.3166
mean B0=91.7745 homogen=58895.3103
mean B0=83.2374 homogen=8485.2331
mean B0=85.0156 homogen=9413.1391
mean B0=90.8578 homogen=35756.4651
mean B0=74.54 homogen=13959.402
mean B0=85.7133 homogen=99646.7602
mean B0=92.1634 homogen=11816.5684
mean B0=86.3346 homogen=7028.7889
mean B0=90.7131 homogen=36996.4574
mean B0=91.499 homogen=27567.209
mean B0=83.5607 homogen=4822.5697
mean B0=93.0595 homogen=28678.6461
mean B0=89.1063 homogen=36841.7003
mean B0=88.6684 homogen=16800.5814
mean B0=87.0888 homogen=23023.0371
mean B0=90.0409 homogen=24039.2094
mean B0=58.1825 homogen=99119.4644
mean B0=89.4437 homogen=13808.3293
mean B0=87.2305 homogen=8477.07
mean B0=63.2653 homogen=284080.0658
mean B0=92.3885 homogen=22017.9889
mean B0=87.9022 homogen=10567.564
mean B0=86.5425 homogen=9870.7709
mean B0=88.0159 homogen=9555.3845
mean B0=86.5125 homogen=12392.3343
mean B0=88.0389 homogen=8086.2039
mean B0=77.9533 homogen=27816.5353
mean B0=82.4761 homogen=83038.9953
mean B0=87.8508 homogen=5429.5495
mean B0=91.3356 homogen=35419.7625
mean B0=75.7652 homogen=24415.8609
mean B0=86.8119 homogen=26956.5088
mean B0=86.8207 homogen=17121.8726
mean B0=88.3665 homogen=10215.4417
mean B0=83.4214 homogen=6332.2258
mean B0=88.998 homogen=26848.1404
mean B0=87.5191 homogen=5060.762
mean B0=85.8177 homogen=32090.3563
mean B0=58.2999 homogen=92776.5401
    35 |     1400 |     14 |  0.000000E+00 |  0.000000E+00 |  0.0182198400 |             f
mean B0=88.0273 homogen=30337.8813
mean B0=88.116 homogen=16939.1177
mean B0=93.8097 homogen=37167.119
mean B0=86.4214 homogen=34744.0104
mean B0=80.6722 homogen=11106.5645
mean B0=87.7341 homogen=7398.4685
mean B0=86.7864 homogen=9125.3423
mean B0=81.4055 homogen=5012.7203
mean B0=86.1224 homogen=15720.1528
mean B0=93.721 homogen=16609.2957
mean B0=88.7923 homogen=25234.405
mean B0=89.0655 homogen=12903.6315
mean B0=83.1887 homogen=6600.2947
mean B0=86.621 homogen=8208.093
mean B0=88.3981 homogen=8812.1266
mean B0=88.0725 homogen=10703.009
mean B0=83.6741 homogen=4858.0003
mean B0=76.7011 homogen=157960.1058
mean B0=87.5335 homogen=6699.2337
mean B0=94.0831 homogen=30126.6268
mean B0=92.4576 homogen=19975.6331
mean B0=86.4908 homogen=37504.6362
mean B0=88.2075 homogen=30749.2947
mean B0=87.6129 homogen=22137.6204
mean B0=93.6826 homogen=18587.8791
mean B0=91.0872 homogen=16044.1462
mean B0=84.8051 homogen=4486.9573
mean B0=82.3675 homogen=14050.6182
mean B0=89.0036 homogen=11613.2156
mean B0=82.1018 homogen=20972.3286
mean B0=87.1796 homogen=17008.0967
mean B0=87.3717 homogen=8716.0355
mean B0=90.1084 homogen=26460.8345
mean B0=92.6448 homogen=37248.1561
mean B0=86.0027 homogen=6797.9128
mean B0=82.9058 homogen=9248.8779
mean B0=83.5181 homogen=4354.966
mean B0=88.3144 homogen=11323.1464
mean B0=87.2204 homogen=8551.179
mean B0=84.2293 homogen=35958.0212
    36 |     1440 |     14 |  0.000000E+00 |  0.000000E+00 |  0.4543355443 |         nadir
mean B0=82.3388 homogen=6227.471
mean B0=60.87 homogen=87544.9538
mean B0=83.4774 homogen=4637.2256
mean B0=82.9537 homogen=24453.4014
mean B0=92.2036 homogen=37739.636
mean B0=89.0035 homogen=11613.0027
mean B0=84.8021 homogen=7779.5132
mean B0=88.1807 homogen=8853.2473
mean B0=88.2129 homogen=9206.2466
mean B0=92.1435 homogen=13690.7139
mean B0=87.7221 homogen=10736.2741
mean B0=84.0122 homogen=9953.6349
mean B0=83.5223 homogen=4322.547
mean B0=87.6249 homogen=31552.102
mean B0=90.0941 homogen=35188.8013
mean B0=89.0639 homogen=10593.6974
mean B0=88.1581 homogen=16370.9271
mean B0=87.9947 homogen=18898.9532
mean B0=86.8548 homogen=23898.2856
mean B0=87.7764 homogen=10201.2228
mean B0=84.7562 homogen=7074.1854
mean B0=71.9768 homogen=140853.0926
mean B0=94.1179 homogen=42233.7365
mean B0=96.207 homogen=13145.981
mean B0=89.8654 homogen=11623.0386
mean B0=93.3729 homogen=43459.6644
mean B0=89.1777 homogen=30499.0717
mean B0=87.7213 homogen=12254.5728
mean B0=87.6421 homogen=11141.0162
mean B0=93.1496 homogen=47677.8986
mean B0=84.0881 homogen=5588.3266
mean B0=80.7805 homogen=83842.977
mean B0=87.5325 homogen=6729.4302
mean B0=88.5257 homogen=28772.5554
mean B0=67.7458 homogen=66640.5677
mean B0=82.7749 homogen=96139.8763
mean B0=86.9752 homogen=23454.5019
mean B0=93.4087 homogen=16014.0062
mean B0=96.0738 homogen=25953.3554
mean B0=87.8607 homogen=7735.3962
    37 |     1480 |     16 |  0.000000E+00 |  0.000000E+00 |  0.0032921335 |         ideal
mean B0=86.7311 homogen=13464.2169
mean B0=84.3436 homogen=6318.8223
mean B0=89.1431 homogen=11529.503
mean B0=90.119 homogen=48964.3329
mean B0=95.0738 homogen=23191.841
mean B0=83.534 homogen=4342.7761
mean B0=92.2512 homogen=26965.1672
mean B0=84.7726 homogen=17727.0261
mean B0=88.9774 homogen=23729.9565
mean B0=78.6931 homogen=18129.3287
mean B0=92.5707 homogen=10831.6087
mean B0=83.8592 homogen=37372.9821
mean B0=91.22 homogen=20532.4994
mean B0=88.2111 homogen=7352.1909
mean B0=91.5819 homogen=27538.5538
mean B0=89.8318 homogen=7897.0209
mean B0=88.3463 homogen=33586.6381
mean B0=82.7166 homogen=3746.5265
mean B0=90.3897 homogen=37462.3918
mean B0=93.4705 homogen=51764.5679
mean B0=75.9922 homogen=90854.2936
mean B0=74.0083 homogen=31557.2451
mean B0=84.7017 homogen=4611.5181
mean B0=88.6732 homogen=12213.4475
mean B0=92.2521 homogen=56853.7412
mean B0=82.5438 homogen=5095.2533
mean B0=93.2347 homogen=45108.6807
mean B0=95.6454 homogen=26370.7918
mean B0=88.8037 homogen=21208.1347
mean B0=90.2902 homogen=21989.9963
mean B0=83.8945 homogen=20443.0215
mean B0=94.6004 homogen=30930.8783
mean B0=82.8653 homogen=10892.1817
mean B0=91.0778 homogen=18583.3083
mean B0=89.4496 homogen=21753.5734
mean B0=83.932 homogen=11002.203
mean B0=88.8521 homogen=10627.563
mean B0=84.774 homogen=28038.3745
mean B0=88.6736 homogen=10728.1975
mean B0=88.3447 homogen=36813.4867
    38 |     1520 |     16 |  0.000000E+00 |  0.000000E+00 |  0.0148136740 |         ideal
mean B0=87.5309 homogen=6742.9343
mean B0=88.8766 homogen=11087.2212
mean B0=86.6207 homogen=15735.0466
mean B0=83.5149 homogen=4330.2985
mean B0=88.5559 homogen=7785.0299
mean B0=97.7418 homogen=20598.4801
mean B0=90.1971 homogen=43228.916
mean B0=93.7753 homogen=37558.8196
mean B0=89.1267 homogen=11572.4809
mean B0=83.4913 homogen=4746.6592
mean B0=88.3993 homogen=23251.3933
mean B0=92.4731 homogen=35820.4825
mean B0=89.7331 homogen=7853.227
mean B0=84.7991 homogen=4441.1769
mean B0=86.9482 homogen=12245.9876
mean B0=93.2495 homogen=22100.709
mean B0=90.6003 homogen=13787.9107
mean B0=83.5334 homogen=4343.7488
mean B0=92.6694 homogen=59997.1912
mean B0=90.4023 homogen=33204.9562
mean B0=87.5248 homogen=6737.3306
mean B0=90.6629 homogen=17508.2926
mean B0=95.8387 homogen=31161.6491
mean B0=86.2194 homogen=42531.1706
mean B0=92.4224 homogen=18531.6317
mean B0=86.2422 homogen=26917.3649
mean B0=92.7238 homogen=18652.1702
mean B0=89.8667 homogen=8073.8224
mean B0=90.1389 homogen=11394.3366
mean B0=84.741 homogen=4149.4024
mean B0=85.3996 homogen=10037.1689
mean B0=93.2393 homogen=47741.6647
mean B0=87.003 homogen=7365.9455
mean B0=83.5392 homogen=4383.9834
mean B0=84.2214 homogen=6532.368
mean B0=87.4804 homogen=12005.5791
mean B0=87.2929 homogen=29550.8564
mean B0=83.5187 homogen=4354.1181
mean B0=94.047 homogen=20994.7035
mean B0=88.1084 homogen=8956.5358
    39 |     1560 |     19 |  0.000000E+00 |  0.000000E+00 |  0.0084878457 |             f
mean B0=81.3345 homogen=84125.3781
mean B0=83.534 homogen=4342.5867
mean B0=92.7413 homogen=24245.305
mean B0=94.1438 homogen=35490.745
mean B0=70.6815 homogen=130505.1728
mean B0=86.9342 homogen=11065.5351
mean B0=87.5729 homogen=7296.5355
mean B0=90.4117 homogen=15020.1658
mean B0=92.7043 homogen=35431.2167
mean B0=88.7106 homogen=9429.8304
mean B0=87.0186 homogen=11647.2548
mean B0=88.2351 homogen=19351.3913
mean B0=77.7726 homogen=18838.0376
mean B0=77.619 homogen=134594.4566
mean B0=86.8398 homogen=9059.9898
mean B0=71.8571 homogen=144292.9803
mean B0=87.4874 homogen=15253.9679
mean B0=80.0807 homogen=22225.4165
mean B0=81.9247 homogen=44875.0987
mean B0=82.2741 homogen=113972.8708
mean B0=82.8811 homogen=40632.8296
mean B0=88.0389 homogen=8086.5006
mean B0=93.6815 homogen=40035.3156
mean B0=89.6063 homogen=6607.9658
mean B0=92.1536 homogen=30366.1492
mean B0=85.0774 homogen=12057.4292
mean B0=66.0842 homogen=66944.4994
mean B0=66.9449 homogen=279541.9491
mean B0=91.3306 homogen=10083.6727
mean B0=78.9982 homogen=129026.9152
mean B0=86.581 homogen=13520.9524
mean B0=85.9214 homogen=26334.971
mean B0=87.227 homogen=13277.2929
mean B0=88.7195 homogen=32582.1454
mean B0=86.4956 homogen=82822.4264
mean B0=85.6816 homogen=8900.9926
mean B0=84.9011 homogen=9857.9272
mean B0=83.4796 homogen=4240.943
mean B0=94.5822 homogen=11765.7246
mean B0=90.1046 homogen=5776.7939
    40 |     1600 |     21 |  0.000000E+00 |  0.000000E+00 |  0.2124163652 |         nadir
mean B0=91.6172 homogen=19473.2412
mean B0=93.7209 homogen=40035.5119
mean B0=85.0312 homogen=11013.5643
mean B0=86.8464 homogen=8507.7153
mean B0=84.5573 homogen=14069.8357
mean B0=91.3264 homogen=15844.59
mean B0=88.5559 homogen=7785.0299
mean B0=84.7543 homogen=72559.7345
mean B0=88.3937 homogen=8853.3091
mean B0=87.8747 homogen=13934.9923
mean B0=89.9717 homogen=26990.7741
mean B0=89.0966 homogen=45164.5778
mean B0=93.5092 homogen=38759.843
mean B0=93.6207 homogen=41729.6772
mean B0=84.8906 homogen=4897.8956
mean B0=85.635 homogen=8190.3775
mean B0=87.4069 homogen=13911.5604
mean B0=89.2208 homogen=11394.7051
mean B0=92.8956 homogen=17881.4843
mean B0=88.5287 homogen=8955.0286
mean B0=91.1815 homogen=15904.8785
mean B0=85.7506 homogen=23167.3031
mean B0=94.5045 homogen=24456.6829
mean B0=90.5636 homogen=9466.1394
mean B0=89.4076 homogen=13849.9775
mean B0=88.1504 homogen=10326.346
mean B0=83.5392 homogen=4383.9834
mean B0=86.1068 homogen=88098.0376
mean B0=92.7466 homogen=24175.973
mean B0=84.2995 homogen=11173.7192
mean B0=96.3087 homogen=13182.1768
mean B0=84.8952 homogen=9377.4525
mean B0=85.36 homogen=5552.617
mean B0=92.9343 homogen=31180.6972
mean B0=85.0865 homogen=25837.4394
mean B0=86.7672 homogen=11588.2013
mean B0=83.8064 homogen=9809.9446
mean B0=84.7631 homogen=24160.0267
mean B0=86.6514 homogen=12712.8342
mean B0=91.3873 homogen=16801.8847
    41 |     1640 |     23 |  0.000000E+00 |  0.000000E+00 |  0.0305939603 |         ideal
mean B0=93.5344 homogen=23043.1362
mean B0=84.963 homogen=8653.0023
mean B0=83.8469 homogen=7928.0947
mean B0=87.961 homogen=9906.342
mean B0=90.619 homogen=11579.6729
mean B0=83.8842 homogen=81466.4001
mean B0=91.1053 homogen=17680.2264
mean B0=87.8607 homogen=7735.3962
mean B0=87.9917 homogen=6479.0259
mean B0=85.3254 homogen=8504.5574
mean B0=88.1993 homogen=8595.2676
mean B0=77.8031 homogen=15815.7006
mean B0=88.8055 homogen=11000.4483
mean B0=87.2443 homogen=13079.3846
mean B0=89.4296 homogen=9424.0704
mean B0=88.9259 homogen=6789.4044
mean B0=87.9313 homogen=23647.2554
mean B0=89.3254 homogen=7173.415
mean B0=88.3214 homogen=10936.4984
mean B0=90.6003 homogen=13787.9107
mean B0=90.7847 homogen=8878.2234
mean B0=85.9281 homogen=10798.8683
mean B0=93.7717 homogen=33060.3075
mean B0=91.9068 homogen=12105.6344
mean B0=90.0848 homogen=9270.7899
mean B0=94.6129 homogen=33094.7843
mean B0=70.1598 homogen=231885.715
mean B0=76.2692 homogen=10837.021
mean B0=92.6602 homogen=26078.8982
mean B0=86.8355 homogen=13355.2411
mean B0=84.5703 homogen=3891.8639
mean B0=93.814 homogen=12539.6307
mean B0=83.4117 homogen=6039.2952
mean B0=85.7234 homogen=8517.2857
mean B0=90.5531 homogen=13799.6737
mean B0=83.2649 homogen=17776.5027
mean B0=88.7065 homogen=9391.9983
mean B0=73.8425 homogen=34089.8232
mean B0=88.0916 homogen=11523.1981
mean B0=91.3873 homogen=16801.8847
    42 |     1680 |     23 |  0.000000E+00 |  0.000000E+00 |  0.0091150406 |         ideal
mean B0=93.513 homogen=18672.0215
mean B0=93.7108 homogen=24539.7712
mean B0=91.0852 homogen=45139.0248
mean B0=88.0294 homogen=7323.3763
mean B0=84.3558 homogen=4085.6629
mean B0=90.8798 homogen=15784.5579
mean B0=92.978 homogen=16957.9001
mean B0=94.5969 homogen=24453.6021
mean B0=89.7094 homogen=7776.9377
mean B0=72.559 homogen=211215.5629
mean B0=93.4344 homogen=18185.9945
mean B0=84.0537 homogen=12726.4293
mean B0=86.6257 homogen=13830.3718
mean B0=85.3214 homogen=13153.383
mean B0=89.2912 homogen=10099.2962
mean B0=92.0447 homogen=19033.4983
mean B0=88.292 homogen=7902.3013
mean B0=89.0432 homogen=9174.794
mean B0=94.6447 homogen=36785.7479
mean B0=88.6786 homogen=10761.4294
mean B0=91.3873 homogen=16801.8847
mean B0=85.2014 homogen=4511.0189
mean B0=96.1275 homogen=12996.4451
mean B0=83.7887 homogen=6155.9692
mean B0=90.1819 homogen=8586.1775
mean B0=84.322 homogen=6884.6359
mean B0=88.5981 homogen=10391.458
mean B0=88.1539 homogen=7841.716
mean B0=94.2375 homogen=35455.9894
mean B0=86.1468 homogen=5872.761
mean B0=74.9613 homogen=9629.1167
mean B0=88.1599 homogen=15572.1248
mean B0=89.4467 homogen=15541.8353
mean B0=94.4939 homogen=21502.4748
mean B0=84.0756 homogen=8923.5228
mean B0=84.3738 homogen=6633.4273
mean B0=89.8019 homogen=8291.6305
mean B0=84.4476 homogen=8087.9248
mean B0=87.5389 homogen=17792.6358
mean B0=92.8446 homogen=29452.5737
    43 |     1720 |     27 |  0.000000E+00 |  0.000000E+00 |  0.0026659692 |         ideal
mean B0=85.5629 homogen=7782.5152
mean B0=84.8896 homogen=4898.8689
mean B0=84.5697 homogen=4007.2434
mean B0=72.6517 homogen=6192.4945
mean B0=93.0574 homogen=24937.505
mean B0=85.2014 homogen=4511.0189
mean B0=84.1304 homogen=28565.6957
mean B0=87.7962 homogen=12126.8582
mean B0=87.604 homogen=27585.9186
mean B0=90.0665 homogen=9284.005
mean B0=93.2548 homogen=21911.4002
mean B0=91.3873 homogen=16802.8587
mean B0=91.8474 homogen=15754.5242
mean B0=93.3223 homogen=34067.7776
mean B0=86.765 homogen=36209.2915
mean B0=91.6822 homogen=18630.9929
mean B0=84.4987 homogen=4911.7357
mean B0=92.9697 homogen=17067.7463
mean B0=83.9232 homogen=15132.8546
mean B0=84.7991 homogen=4441.1769
mean B0=88.7094 homogen=11689.7409
mean B0=86.1473 homogen=5872.9993
mean B0=60.7605 homogen=301325.9585
mean B0=90.2929 homogen=10163.4486
mean B0=93.3297 homogen=18428.123
mean B0=90.619 homogen=11579.6729
mean B0=97.6834 homogen=17742.0623
mean B0=93.4963 homogen=13756.2893
mean B0=88.9347 homogen=9132.3642
mean B0=87.5517 homogen=6728.0049
mean B0=92.324 homogen=20163.1618
mean B0=88.9997 homogen=8193.593
mean B0=89.7462 homogen=55849.5354
mean B0=89.3771 homogen=10291.8058
mean B0=91.9915 homogen=7727.8091
mean B0=96.2598 homogen=35808.7834
mean B0=94.3709 homogen=28709.4387
mean B0=92.3961 homogen=21900.8794
mean B0=87.5335 homogen=6699.2337
mean B0=84.8051 homogen=4486.9573
    44 |     1760 |     31 |  0.000000E+00 |  0.000000E+00 |  0.0033908043 |             f
mean B0=85.6987 homogen=31329.1709
mean B0=85.7977 homogen=28989.4278
mean B0=85.1736 homogen=9072.0812
mean B0=94.6874 homogen=36785.1307
mean B0=74.2361 homogen=149322.2449
mean B0=91.1195 homogen=9348.8759
mean B0=86.5361 homogen=18019.1005
mean B0=86.1061 homogen=7116.5604
mean B0=87.38 homogen=20200.045
mean B0=87.6996 homogen=4109.6407
mean B0=87.8734 homogen=21492.6157
mean B0=83.2327 homogen=13640.5904
mean B0=84.9235 homogen=5217.0683
mean B0=83.7402 homogen=6828.4976
mean B0=90.4397 homogen=30736.7347
mean B0=88.8336 homogen=9770.7635
mean B0=87.7562 homogen=7305.6494
mean B0=88.0593 homogen=8964.2284
mean B0=85.5174 homogen=7468.2924
mean B0=94.6023 homogen=24382.1026
mean B0=85.3013 homogen=36916.2239
mean B0=95.65 homogen=21679.2697
mean B0=87.0005 homogen=12386.0134
mean B0=85.1686 homogen=4586.0723
mean B0=95.7291 homogen=26386.1409
mean B0=84.825 homogen=4465.1999
mean B0=84.8051 homogen=4486.9573
mean B0=59.0397 homogen=97380.8757
mean B0=85.3215 homogen=12844.6828
mean B0=90.1127 homogen=15238.799
mean B0=94.7389 homogen=27865.3944
mean B0=94.3413 homogen=28860.0922
mean B0=93.4207 homogen=17522.2344
mean B0=90.4926 homogen=8513.5285
mean B0=67.868 homogen=64043.1175
mean B0=93.3975 homogen=17669.8522
mean B0=90.4117 homogen=10975.2036
mean B0=90.7852 homogen=11659.1029
mean B0=86.7404 homogen=6091.6585
mean B0=59.0259 homogen=90119.5669
    45 |     1800 |     19 |  0.000000E+00 |  0.000000E+00 |  0.0078309392 |         ideal
mean B0=84.5706 homogen=3690.9582
mean B0=92.9731 homogen=19235.141
mean B0=89.2414 homogen=10432.483
mean B0=81.9905 homogen=6611.5443
mean B0=90.8934 homogen=16776.1262
mean B0=72.9295 homogen=141295.8265
mean B0=94.5969 homogen=24453.6021
mean B0=94.794 homogen=37436.7519
mean B0=83.1279 homogen=16170.6271
mean B0=88.0973 homogen=9386.8124
mean B0=88.9444 homogen=10845.5533
mean B0=86.9626 homogen=8269.1478
mean B0=90.9752 homogen=12882.5584
mean B0=76.5114 homogen=34892.1327
mean B0=88.8129 homogen=10932.5022
mean B0=93.5055 homogen=17968.1322
mean B0=85.9975 homogen=4615.3081
mean B0=88.56 homogen=10055.4575
mean B0=89.6208 homogen=8559.7268
mean B0=94.0543 homogen=35594.0499
mean B0=86.1458 homogen=6955.1425
mean B0=93.5463 homogen=20786.7384
mean B0=88.1397 homogen=9351.919
mean B0=95.3394 homogen=35163.2471
mean B0=89.7946 homogen=8236.0583
mean B0=88.5133 homogen=6701.1748
mean B0=94.4939 homogen=21502.4748
mean B0=90.1796 homogen=9786.8311
mean B0=90.1491 homogen=9512.2802
mean B0=88.9765 homogen=6655.0734
mean B0=84.8705 homogen=17865.8466
mean B0=82.9688 homogen=97621.7888
mean B0=90.4274 homogen=10504.5066
mean B0=93.4207 homogen=17522.2344
mean B0=95.5245 homogen=18271.2263
mean B0=92.8044 homogen=17626.0485
mean B0=89.5027 homogen=16665.1941
mean B0=83.0137 homogen=27037.3987
mean B0=85.381 homogen=4436.0748
mean B0=85.6523 homogen=9249.3195
    46 |     1840 |     24 |  0.000000E+00 |  0.000000E+00 |  0.0557649930 |         ideal
mean B0=91.2341 homogen=32228.948
mean B0=95.9904 homogen=18530.7255
mean B0=91.8476 homogen=15753.0404
mean B0=86.3639 homogen=17716.6634
mean B0=93.6341 homogen=21064.4407
mean B0=86.9555 homogen=31403.4591
mean B0=85.9282 homogen=26304.4218
mean B0=94.3882 homogen=19673.1444
mean B0=94.5947 homogen=24399.775
mean B0=84.8301 homogen=5682.8001
mean B0=94.5579 homogen=24357.856
mean B0=89.8624 homogen=8064.8368
mean B0=92.8178 homogen=9822.9498
mean B0=89.0199 homogen=11308.841
mean B0=88.6458 homogen=11295.077
mean B0=90.689 homogen=10223.9306
mean B0=92.6568 homogen=18366.3675
mean B0=73.7896 homogen=32214.7932
mean B0=93.3884 homogen=20179.5051
mean B0=92.1294 homogen=15259.1563
mean B0=90.5042 homogen=10590.3897
mean B0=58.4434 homogen=69304.1771
mean B0=95.3391 homogen=35167.4067
mean B0=94.1062 homogen=13999.1761
mean B0=90.6861 homogen=11517.874
mean B0=95.4965 homogen=30552.8283
mean B0=82.2397 homogen=168622.6196
mean B0=92.2437 homogen=15690.9175
mean B0=93.5376 homogen=23099.4838
mean B0=87.451 homogen=6884.7136
mean B0=84.6043 homogen=3894.531
mean B0=85.2952 homogen=21042.7403
mean B0=87.9412 homogen=16406.7171
mean B0=94.5292 homogen=26161.8028
mean B0=94.1852 homogen=14074.0745
mean B0=89.6416 homogen=8893.944
mean B0=94.9277 homogen=31815.5967
mean B0=93.2841 homogen=19475.17
mean B0=90.7216 homogen=10242.7881
mean B0=87.6799 homogen=8658.2209
    47 |     1880 |     28 |  0.000000E+00 |  0.000000E+00 |  0.0099288052 |             f
mean B0=83.3954 homogen=7064.262
mean B0=84.4975 homogen=3840.425
mean B0=93.3484 homogen=19921.138
mean B0=90.5835 homogen=13187.9887
mean B0=95.5105 homogen=18615.7089
mean B0=67.1957 homogen=267202.3288
mean B0=93.8536 homogen=31154.3519
mean B0=94.0977 homogen=20922.4512
mean B0=87.4444 homogen=22109.0362
mean B0=89.7091 homogen=7773.5717
mean B0=69.5616 homogen=55440.416
mean B0=93.7759 homogen=15921.8962
mean B0=90.2344 homogen=10291.2587
mean B0=84.9065 homogen=33952.5693
mean B0=89.3343 homogen=15257.422
mean B0=90.9982 homogen=11065.2724
mean B0=89.9184 homogen=7878.9921
mean B0=93.1424 homogen=25202.537
mean B0=89.7559 homogen=12819.739
mean B0=95.8804 homogen=20942.5755
mean B0=86.6711 homogen=8799.9567
mean B0=84.6429 homogen=3731.0435
mean B0=91.99 homogen=14542.8033
mean B0=94.6248 homogen=40390.4455
mean B0=87.2797 homogen=28925.7586
mean B0=89.469 homogen=12186.5167
mean B0=78.2904 homogen=33869.8915
mean B0=85.6055 homogen=5175.9331
mean B0=94.6228 homogen=20003.4137
mean B0=93.4208 homogen=17517.5221
mean B0=68.6295 homogen=198490.2148
mean B0=91.5914 homogen=17634.7028
mean B0=82.1053 homogen=7481.8003
mean B0=96.0301 homogen=32199.7828
mean B0=95.6793 homogen=16216.2906
mean B0=91.411 homogen=11357.2
mean B0=81.0133 homogen=144402.5548
mean B0=93.3154 homogen=18071.3218
mean B0=94.9179 homogen=21262.7207
mean B0=77.1741 homogen=150250.0185
    48 |     1920 |     27 |  0.000000E+00 |  0.000000E+00 |  0.0602719716 |         ideal
mean B0=90.094 homogen=10200.7922
mean B0=89.0994 homogen=13030.4076
mean B0=85.1092 homogen=5800.2284
mean B0=94.6969 homogen=24992.2468
mean B0=68.915 homogen=251521.5372
mean B0=91.8997 homogen=15807.6943
mean B0=94.2483 homogen=23694.6263
mean B0=90.5382 homogen=9625.7123
mean B0=94.2062 homogen=44394.487
mean B0=94.1325 homogen=37744.0339
mean B0=92.3552 homogen=18831.5812
mean B0=89.6017 homogen=14750.0316
mean B0=93.7926 homogen=16610.2794
mean B0=87.6415 homogen=7881.2446
mean B0=83.0951 homogen=14628.8188
mean B0=94.7133 homogen=24982.4179
mean B0=93.0213 homogen=17549.7994
mean B0=73.1679 homogen=164937.3258
mean B0=93.0184 homogen=14953.2937
mean B0=90.7354 homogen=8593.7321
mean B0=89.8725 homogen=8030.2031
mean B0=95.0893 homogen=15726.0541
mean B0=95.4748 homogen=31473.4292
mean B0=68.6815 homogen=60779.9529
mean B0=94.6398 homogen=20283.0871
mean B0=93.4545 homogen=17992.0596
mean B0=82.6043 homogen=4480.3791
mean B0=90.3814 homogen=9142.7528
mean B0=90.9986 homogen=19448.5511
mean B0=83.5478 homogen=20686.2436
mean B0=95.3234 homogen=24431.2707
mean B0=60.8838 homogen=269531.1244
mean B0=94.2342 homogen=29959.109
mean B0=94.9955 homogen=30796.5423
mean B0=92.7306 homogen=12902.8565
mean B0=91.3043 homogen=11034.1653
mean B0=85.554 homogen=15692.0039
mean B0=86.7393 homogen=6066.1343
mean B0=94.5463 homogen=26747.1112
mean B0=89.3219 homogen=7165.6093
    49 |     1960 |     22 |  0.000000E+00 |  0.000000E+00 |  0.0103618370 |             f
mean B0=80.9286 homogen=46166.2744
mean B0=68.9062 homogen=63124.5303
mean B0=85.6388 homogen=4979.4264
mean B0=95.2307 homogen=11622.7362
mean B0=91.4892 homogen=11668.3875
mean B0=84.764 homogen=14069.3951
mean B0=94.9654 homogen=18011.4768
mean B0=89.9038 homogen=24692.0684
mean B0=96.7135 homogen=32840.7917
mean B0=96.3285 homogen=20296.0713
mean B0=89.7424 homogen=8090.1696
mean B0=88.1632 homogen=89556.0945
mean B0=90.4844 homogen=8193.4474
mean B0=83.8474 homogen=9275.2534
mean B0=94.5981 homogen=24300.9174
mean B0=94.0139 homogen=22484.3274
mean B0=81.9531 homogen=118764.0551
mean B0=90.0998 homogen=25923.5842
mean B0=91.9095 homogen=15900.7811
mean B0=89.3254 homogen=6344.9966
mean B0=85.8937 homogen=10957.8474
mean B0=92.2896 homogen=17843.7804
mean B0=89.6714 homogen=7902.2409
mean B0=88.3659 homogen=17377.4946
mean B0=89.7373 homogen=8160.7719
mean B0=96.3775 homogen=16245.6769
mean B0=87.9083 homogen=10339.7145
mean B0=92.4224 homogen=30829.7643
mean B0=93.1704 homogen=17398.4453
mean B0=87.7323 homogen=36221.2589
mean B0=95.3567 homogen=29295.8083
mean B0=94.4888 homogen=21539.5333
mean B0=93.0059 homogen=16388.0769
mean B0=92.8884 homogen=15101.6305
mean B0=94.9316 homogen=31898.2068
mean B0=94.3324 homogen=22141.8612
mean B0=85.6825 homogen=9956.3325
mean B0=78.1282 homogen=57002.1309
mean B0=95.0406 homogen=26600.2782
mean B0=90.7403 homogen=12826.9902
    50 |     2000 |     25 |  0.000000E+00 |  0.000000E+00 |  0.0562813724 |         ideal
mean B0=89.7768 homogen=7838.2546
mean B0=96.3902 homogen=30368.014
mean B0=91.345 homogen=13265.2213
mean B0=91.1991 homogen=10419.4687
mean B0=94.9846 homogen=21606.4291
mean B0=91.696 homogen=12004.304
mean B0=89.4289 homogen=9972.0719
mean B0=93.3184 homogen=32328.9996
mean B0=89.7868 homogen=13231.1676
mean B0=92.8571 homogen=36037.8647
mean B0=94.1099 homogen=20631.1999
mean B0=94.5749 homogen=24370.4169
mean B0=89.3188 homogen=7179.0763
mean B0=92.3126 homogen=7995.8157
mean B0=93.6609 homogen=55156.5006
mean B0=87.5757 homogen=3910.8778
mean B0=89.0994 homogen=24882.3893
mean B0=94.2741 homogen=21215.8585
mean B0=88.8306 homogen=11666.1388
mean B0=92.7013 homogen=37518.2181
mean B0=92.1779 homogen=14854.967
mean B0=94.9874 homogen=31139.9187
mean B0=95.1942 homogen=24716.4897
mean B0=87.9907 homogen=8188.3151
mean B0=95.5239 homogen=18127.7696
mean B0=95.0126 homogen=25324.3702
mean B0=95.6083 homogen=20384.1636
mean B0=87.2073 homogen=15013.7518
mean B0=94.4251 homogen=24919.5071
mean B0=86.1694 homogen=29022.0438
mean B0=90.6217 homogen=9945.6507
mean B0=82.7001 homogen=4312.9912
mean B0=86.7431 homogen=6078.3555
mean B0=89.2916 homogen=13291.6101
mean B0=89.7858 homogen=7883.4359
mean B0=93.3311 homogen=18543.586
mean B0=89.3881 homogen=10204.6743
mean B0=93.6069 homogen=14533.1111
mean B0=95.237 homogen=28791.4626
mean B0=84.7788 homogen=3982.3772
    51 |     2040 |     21 |  0.000000E+00 |  0.000000E+00 |  0.0122964501 |             f
mean B0=93.659 homogen=14880.5758
mean B0=92.2451 homogen=14350.2824
mean B0=91.3028 homogen=13578.4441
mean B0=95.1896 homogen=25868.6304
mean B0=86.0695 homogen=24064.417
mean B0=94.8198 homogen=17481.9794
mean B0=93.4589 homogen=16749.0713
mean B0=86.763 homogen=6022.5154
mean B0=92.1046 homogen=9017.729
mean B0=94.091 homogen=20865.566
mean B0=96.3772 homogen=27621.1675
mean B0=89.2667 homogen=9500.05
mean B0=89.7768 homogen=7838.2546
mean B0=84.5605 homogen=3669.8873
mean B0=89.3744 homogen=6884.5331
mean B0=89.0044 homogen=11789.1833
mean B0=96.9959 homogen=33294.1901
mean B0=94.442 homogen=20025.9639
mean B0=90.2524 homogen=9931.8432
mean B0=89.2592 homogen=7166.0477
mean B0=91.3016 homogen=13799.7659
mean B0=89.1036 homogen=23286.7611
mean B0=96.5866 homogen=28233.2939
mean B0=87.908 homogen=12141.1975
mean B0=93.169 homogen=14549.2248
mean B0=88.5566 homogen=11153.7553
mean B0=91.5701 homogen=10846.9346
mean B0=91.392 homogen=11339.0809
mean B0=85.4179 homogen=9648.0267
mean B0=59.2238 homogen=98169.8564
mean B0=94.9977 homogen=33944.0853
mean B0=92.6495 homogen=17016.0452
mean B0=94.0977 homogen=20922.4512
mean B0=82.9197 homogen=4165.1941
mean B0=92.1654 homogen=15001.9131
mean B0=90.7362 homogen=10289.5331
mean B0=89.2651 homogen=9475.9078
mean B0=88.2645 homogen=6855.0686
mean B0=91.1287 homogen=10207.4607
mean B0=87.6193 homogen=3910.5452
    52 |     2080 |     26 |  0.000000E+00 |  0.000000E+00 |  0.0227100590 |         ideal
mean B0=85.3912 homogen=6668.5753
mean B0=93.8984 homogen=16457.4478
mean B0=89.3283 homogen=6255.0504
mean B0=91.1875 homogen=10176.3974
mean B0=89.1325 homogen=23919.9648
mean B0=93.4351 homogen=13389.0723
mean B0=83.5668 homogen=84348.4298
mean B0=95.6338 homogen=20578.8687
mean B0=94.986 homogen=18765.0751
mean B0=93.1204 homogen=15593.1283
mean B0=94.8531 homogen=20753.3198
mean B0=82.1599 homogen=128164.4574
mean B0=96.998 homogen=33295.2513
mean B0=93.1489 homogen=32310.5446
mean B0=89.7269 homogen=7754.2792
mean B0=70.6832 homogen=57598.7453
mean B0=85.8262 homogen=14937.447
mean B0=90.9406 homogen=12014.6699
mean B0=90.5292 homogen=22611.1709
mean B0=96.8525 homogen=33006.6172
mean B0=88.4137 homogen=10439.6974
mean B0=91.2264 homogen=32160.9211
mean B0=89.7087 homogen=7847.3977
mean B0=90.1402 homogen=10068.109
mean B0=89.7847 homogen=12450.7208
mean B0=90.4675 homogen=9581.2208
mean B0=83.0657 homogen=6182.5218
mean B0=96.005 homogen=32016.5511
mean B0=93.6072 homogen=14534.8329
mean B0=87.911 homogen=102439.9495
mean B0=94.8373 homogen=24687.8263
mean B0=87.353 homogen=12738.5395
mean B0=84.7863 homogen=4502.5227
mean B0=84.8742 homogen=24460.6492
mean B0=94.387 homogen=19436.8453
mean B0=88.7042 homogen=11630.6141
mean B0=92.0875 homogen=21873.6457
mean B0=94.0468 homogen=15729.6987
mean B0=89.2439 homogen=12101.0526
mean B0=93.9594 homogen=20810.3482
    53 |     2120 |     29 |  0.000000E+00 |  0.000000E+00 |  0.0037690355 |             f
mean B0=85.194 homogen=28406.2459
mean B0=96.2235 homogen=31821.2131
mean B0=96.9086 homogen=19942.1046
mean B0=83.316 homogen=6610.8036
mean B0=93.7234 homogen=13469.2173
mean B0=87.6128 homogen=3935.6042
mean B0=87.4209 homogen=17408.0322
mean B0=88.4775 homogen=9523.2251
mean B0=95.2368 homogen=25388.5717
mean B0=89.8568 homogen=7863.794
mean B0=89.611 homogen=14808.485
mean B0=93.975 homogen=20077.5769
mean B0=83.4885 homogen=83038.4652
mean B0=91.4724 homogen=9809.0266
mean B0=92.4161 homogen=33029.4883
mean B0=88.389 homogen=10236.8894
mean B0=64.9794 homogen=78953.6316
mean B0=95.7792 homogen=24250.8924
mean B0=87.556 homogen=3919.3496
mean B0=85.9668 homogen=10744.055
mean B0=83.9325 homogen=17871.0132
mean B0=95.6247 homogen=21637.2737
mean B0=88.8286 homogen=11808.1552
mean B0=83.987 homogen=6320.2166
mean B0=92.8371 homogen=25796.1757
mean B0=84.6488 homogen=3740.0401
mean B0=95.5766 homogen=21178.8624
mean B0=85.0784 homogen=152669.6541
mean B0=90.7434 homogen=42634.4807
mean B0=95.911 homogen=32355.9631
mean B0=95.0799 homogen=18872.9996
mean B0=97.0226 homogen=31587.6396
mean B0=91.5714 homogen=10855.6131
mean B0=94.4345 homogen=17011.7335
mean B0=85.0805 homogen=12527.3727
mean B0=94.5235 homogen=9444.2924
mean B0=89.9412 homogen=9257.8745
mean B0=86.3815 homogen=11442.4665
mean B0=68.0507 homogen=73832.1212
mean B0=88.0397 homogen=40900.8895
    54 |     2160 |     31 |  0.000000E+00 |  0.000000E+00 |  0.0068971392 |             f
mean B0=79.086 homogen=13469.4671
mean B0=94.4363 homogen=20104.038
mean B0=89.7791 homogen=7983.6804
mean B0=93.3713 homogen=15444.4387
mean B0=96.461 homogen=28671.0365
mean B0=95.7446 homogen=21623.7282
mean B0=85.5195 homogen=7781.1385
mean B0=89.6734 homogen=6735.1891
mean B0=89.55 homogen=19463.4459
mean B0=83.2106 homogen=14633.2143
mean B0=90.5323 homogen=12766.414
mean B0=84.3415 homogen=22014.0736
mean B0=90.0456 homogen=7778.4845
mean B0=67.3534 homogen=136205.5448
mean B0=87.5619 homogen=5085.8818
mean B0=96.8528 homogen=33005.85
mean B0=94.6344 homogen=29290.6602
mean B0=90.7779 homogen=8905.5798
mean B0=90.7326 homogen=8921.0017
mean B0=96.9681 homogen=33041.2364
mean B0=96.4203 homogen=30557.3515
mean B0=93.1507 homogen=20021.4284
mean B0=93.3982 homogen=13570.9609
mean B0=91.7884 homogen=9396.0772
mean B0=87.2675 homogen=17168.3649
mean B0=92.102 homogen=12932.6146
mean B0=88.302 homogen=10821.7645
mean B0=82.1703 homogen=20106.7901
mean B0=86.9222 homogen=10335.2959
mean B0=90.266 homogen=48173.1606
mean B0=82.5098 homogen=39122.8507
mean B0=87.6209 homogen=3910.5373
mean B0=95.0733 homogen=23721.5106
mean B0=90.5168 homogen=8127.0536
mean B0=84.7903 homogen=4458.1912
mean B0=89.8568 homogen=7863.9057
mean B0=86.389 homogen=7162.0449
mean B0=89.5844 homogen=8615.2161
mean B0=88.7523 homogen=81095.6469
mean B0=94.4635 homogen=17108.5606
    55 |     2200 |     31 |  0.000000E+00 |  0.000000E+00 |  0.0084977095 |             f
mean B0=95.3838 homogen=40367.6354
mean B0=95.1632 homogen=41119.4757
mean B0=97.5265 homogen=33988.4203
mean B0=86.4694 homogen=13831.3323
mean B0=88.3058 homogen=24319.7306
mean B0=88.6316 homogen=31507.7561
mean B0=85.4644 homogen=15770.4091
mean B0=92.9458 homogen=17814.2746
mean B0=77.5553 homogen=80309.8411
mean B0=93.9721 homogen=12711.086
mean B0=81.3223 homogen=158234.8265
mean B0=88.4608 homogen=9326.1754
mean B0=96.4773 homogen=29207.7213
mean B0=82.379 homogen=34549.6669
mean B0=96.9959 homogen=33294.1901
mean B0=90.7214 homogen=8704.2753
mean B0=94.6773 homogen=29139.9011
mean B0=93.0303 homogen=14238.9885
mean B0=94.7534 homogen=16097.5948
mean B0=84.6242 homogen=3503.0817
mean B0=89.0398 homogen=11366.0458
mean B0=86.1893 homogen=12337.976
mean B0=84.7197 homogen=4422.4203
mean B0=94.9969 homogen=41138.0576
mean B0=95.2316 homogen=24449.7403
mean B0=90.3302 homogen=6937.3722
mean B0=89.1609 homogen=6484.7355
mean B0=94.2112 homogen=16357.5689
mean B0=95.6351 homogen=44814.8479
mean B0=95.0441 homogen=23133.5948
mean B0=93.8044 homogen=16765.3576
mean B0=94.3562 homogen=10117.4456
mean B0=95.5399 homogen=21743.4175
mean B0=88.8084 homogen=7775.9907
mean B0=96.998 homogen=33295.2513
mean B0=91.8026 homogen=9285.5523
mean B0=87.9856 homogen=7766.2313
mean B0=89.2498 homogen=106420.4625
mean B0=94.6095 homogen=17626.7393
mean B0=92.1188 homogen=12905.4277
    56 |     2240 |     31 |  0.000000E+00 |  0.000000E+00 |  0.0055989748 |         ideal
mean B0=95.6958 homogen=22200.6113
mean B0=95.5696 homogen=25494.4633
mean B0=95.9446 homogen=20079.3866
mean B0=84.5605 homogen=3669.8873
mean B0=87.6209 homogen=3910.5373
mean B0=89.4467 homogen=17208.4061
mean B0=89.6141 homogen=12630.2619
mean B0=93.7367 homogen=15337.6262
mean B0=78.0085 homogen=31480.1869
mean B0=86.0289 homogen=11939.9275
mean B0=93.1196 homogen=16713.6593
mean B0=91.6452 homogen=19297.2301
mean B0=96.9918 homogen=33265.5861
mean B0=94.7509 homogen=16096.7449
mean B0=96.6654 homogen=20391.6538
mean B0=92.5904 homogen=10717.028
mean B0=96.8342 homogen=32227.9942
mean B0=97.1618 homogen=34888.6691
mean B0=95.3091 homogen=31239.24
mean B0=94.0132 homogen=17269.1473
mean B0=87.5254 homogen=28129.8944
mean B0=95.6083 homogen=20384.1636
mean B0=94.5072 homogen=23096.2229
mean B0=86.2754 homogen=7107.4042
mean B0=88.4367 homogen=24797.9704
mean B0=95.8819 homogen=20531.1391
mean B0=85.4344 homogen=6786.2393
mean B0=89.3283 homogen=6255.0504
mean B0=97.0253 homogen=33293.8597
mean B0=89.0925 homogen=15520.5787
mean B0=92.1079 homogen=9099.5557
mean B0=90.0107 homogen=10089.9971
mean B0=84.6527 homogen=3775.7349
mean B0=92.1036 homogen=12921.0949
mean B0=94.0311 homogen=21369.3043
mean B0=92.8129 homogen=22321.3285
mean B0=95.7997 homogen=21674.9316
mean B0=96.4587 homogen=28636.0205
mean B0=98.0878 homogen=32607.5552
mean B0=94.5574 homogen=26687.9015
    57 |     2280 |     29 |  0.000000E+00 |  0.000000E+00 |  0.0809442367 |         ideal
mean B0=93.6073 homogen=14535.8624
mean B0=86.3389 homogen=14766.4533
mean B0=94.6854 homogen=16464.0458
mean B0=93.4758 homogen=14301.5684
mean B0=97.3194 homogen=32979.4575
mean B0=91.1756 homogen=6862.2553
mean B0=93.3967 homogen=13585.0399
mean B0=95.4498 homogen=19388.3837
mean B0=86.2878 homogen=12932.9794
mean B0=85.0904 homogen=7573.7519
mean B0=98.1714 homogen=29870.9326
mean B0=95.1039 homogen=17591.8879
mean B0=88.9062 homogen=7892.8075
mean B0=92.7691 homogen=9517.8791
mean B0=89.3284 homogen=6257.6276
mean B0=89.2191 homogen=16232.1768
mean B0=84.6296 homogen=3472.2129
mean B0=90.4438 homogen=10535.045
mean B0=84.6429 homogen=3731.0435
mean B0=84.4024 homogen=31259.7228
mean B0=82.4153 homogen=17408.747
mean B0=94.7173 homogen=16492.1571
mean B0=96.4514 homogen=29673.6402
mean B0=84.689 homogen=4032.5351
mean B0=88.3741 homogen=5763.0567
mean B0=95.1737 homogen=30078.0958
mean B0=94.0481 homogen=15716.3565
mean B0=90.4104 homogen=13103.0156
mean B0=90.3724 homogen=22306.0745
mean B0=95.3432 homogen=22913.4871
mean B0=96.377 homogen=31455.7813
mean B0=77.9398 homogen=65891.9642
mean B0=95.5378 homogen=29050.1784
mean B0=90.8384 homogen=21589.3339
mean B0=63.4674 homogen=92095.719
mean B0=73.5423 homogen=17628.7036
mean B0=90.0042 homogen=9999.82
mean B0=84.9149 homogen=5040.6779
mean B0=64.6725 homogen=89042.627
mean B0=62.0075 homogen=278680.8206
    58 |     2320 |     34 |  0.000000E+00 |  0.000000E+00 |  0.0017074247 |             f
mean B0=88.4609 homogen=9333.1898
mean B0=97.8196 homogen=13503.9633
mean B0=89.819 homogen=9472.7593
mean B0=95.2644 homogen=14681.848
mean B0=95.3625 homogen=22233.263
mean B0=89.6896 homogen=7411.2175
mean B0=85.9964 homogen=10682.8588
mean B0=91.593 homogen=16093.3821
mean B0=95.1773 homogen=18628.6556
mean B0=72.7309 homogen=143837.1849
mean B0=91.9645 homogen=13289.3442
mean B0=93.7803 homogen=15167.2513
mean B0=89.6868 homogen=24815.8351
mean B0=88.515 homogen=8322.1276
mean B0=90.9834 homogen=9216.5014
mean B0=88.6546 homogen=7306.9911
mean B0=75.6988 homogen=33630.2822
mean B0=90.6884 homogen=20692.7206
mean B0=88.6761 homogen=28989.145
mean B0=92.8612 homogen=13274.3601
mean B0=96.1939 homogen=12397.7356
mean B0=88.4373 homogen=11365.9455
mean B0=95.0736 homogen=16088.9986
mean B0=95.9589 homogen=30961.9538
mean B0=91.4597 homogen=31844.8971
mean B0=93.2197 homogen=16711.9612
mean B0=91.2058 homogen=11912.5937
mean B0=89.5215 homogen=8344.2741
mean B0=88.9883 homogen=99741.8496
mean B0=84.6832 homogen=3832.1739
mean B0=96.6455 homogen=28572.2851
mean B0=92.1943 homogen=20429.6216
mean B0=91.5466 homogen=17997.5944
mean B0=89.8386 homogen=9407.6426
mean B0=94.5772 homogen=28564.9793
mean B0=85.1728 homogen=7541.3901
mean B0=96.845 homogen=33038.5082
mean B0=94.0591 homogen=19426.6363
mean B0=89.6533 homogen=22394.1876
mean B0=95.4498 homogen=19379.4121
    59 |     2360 |     31 |  0.000000E+00 |  0.000000E+00 |  0.0063840023 |             f
mean B0=89.3397 homogen=11690.4614
mean B0=96.8342 homogen=32227.9942
mean B0=91.7168 homogen=10042.7659
mean B0=91.9639 homogen=13286.3993
mean B0=87.3217 homogen=6981.1847
mean B0=94.2454 homogen=38378.5503
mean B0=88.2479 homogen=8191.5061
mean B0=94.6973 homogen=16858.7156
mean B0=87.8041 homogen=4223.1019
mean B0=96.4618 homogen=28592.9382
mean B0=91.292 homogen=11446.1728
mean B0=91.5796 homogen=16060.7002
mean B0=87.3628 homogen=6658.8005
mean B0=92.0267 homogen=17612.8712
mean B0=91.5541 homogen=14035.0365
mean B0=87.5289 homogen=20449.6809
mean B0=93.5261 homogen=13415.0746
mean B0=77.2626 homogen=147093.9914
mean B0=84.9589 homogen=4228.2496
mean B0=95.731 homogen=21527.9717
mean B0=90.4392 homogen=20566.8702
mean B0=86.8906 homogen=85055.2951
mean B0=91.0722 homogen=10266.5912
mean B0=84.6436 homogen=3733.3603
mean B0=89.8366 homogen=10771.5754
mean B0=86.3495 homogen=32597.2211
mean B0=86.0787 homogen=3216.3898
mean B0=73.8212 homogen=53459.4447
mean B0=84.4604 homogen=3801.2657
mean B0=90.5143 homogen=8151.113
mean B0=92.6477 homogen=11880.4568
mean B0=91.528 homogen=12892.3124
mean B0=84.9167 homogen=5535.7564
mean B0=90.9272 homogen=21250.9491
mean B0=94.4195 homogen=19608.7077
mean B0=96.5312 homogen=20744.1127
mean B0=92.7985 homogen=22029.2099
mean B0=98.4318 homogen=27547.6659
mean B0=98.0618 homogen=29744.1106
mean B0=94.6258 homogen=9581.5649
    60 |     2400 |     28 |  0.000000E+00 |  0.000000E+00 |  0.0087040824 |         ideal
mean B0=88.329 homogen=7338.545
mean B0=87.8491 homogen=5279.6893
mean B0=90.2921 homogen=9788.1776
mean B0=92.8894 homogen=16860.0853
mean B0=95.2997 homogen=14793.408
mean B0=90.408 homogen=7959.8762
mean B0=92.2861 homogen=13928.5054
mean B0=91.1214 homogen=20025.992
mean B0=91.8452 homogen=15175.255
mean B0=85.2688 homogen=7429.4319
mean B0=87.7785 homogen=14979.2792
mean B0=92.1021 homogen=45551.4893
mean B0=89.9656 homogen=6260.9777
mean B0=97.1605 homogen=23835.2687
mean B0=89.6933 homogen=7549.9998
mean B0=91.7452 homogen=8683.1613
mean B0=87.4842 homogen=7625.2117
mean B0=91.8665 homogen=8797.2661
mean B0=84.7234 homogen=3925.3468
mean B0=81.3321 homogen=26896.918
mean B0=92.8941 homogen=16953.5519
mean B0=76.5153 homogen=28264.5871
mean B0=87.6601 homogen=5733.9633
mean B0=91.1057 homogen=8223.9073
mean B0=96.7627 homogen=32382.8484
mean B0=98.1804 homogen=33201.2154
mean B0=90.0113 homogen=16834.1336
mean B0=94.7367 homogen=21816.3159
mean B0=93.7288 homogen=15348.2269
mean B0=85.1385 homogen=27137.0257
mean B0=91.5332 homogen=18441.601
mean B0=95.6926 homogen=27878.581
mean B0=97.3194 homogen=32979.4575
mean B0=90.3479 homogen=14466.5433
mean B0=91.4276 homogen=12091.8323
mean B0=89.7807 homogen=8057.086
mean B0=93.9813 homogen=16626.0916
mean B0=95.0468 homogen=18005.4462
mean B0=70.1951 homogen=59539.4539
mean B0=94.4808 homogen=51488.7194
    61 |     2440 |     31 |  0.000000E+00 |  0.000000E+00 |  0.0076520604 |         ideal
mean B0=92.4711 homogen=10316.3342
mean B0=96.6765 homogen=29894.6209
mean B0=93.8143 homogen=12334.2213
mean B0=89.0943 homogen=10599.2039
mean B0=93.578 homogen=14314.3884
mean B0=90.1724 homogen=6968.5939
mean B0=94.0318 homogen=14550.6364
mean B0=83.4279 homogen=83820.267
mean B0=80.5374 homogen=81461.2486
mean B0=94.8337 homogen=17056.6593
mean B0=70.8041 homogen=53680.9421
mean B0=93.2046 homogen=14574.3549
mean B0=95.0903 homogen=15180.0573
mean B0=95.8593 homogen=13620.4542
mean B0=89.4307 homogen=16500.5535
mean B0=95.357 homogen=19301.4104
mean B0=86.1731 homogen=92462.9922
mean B0=93.9584 homogen=34232.9549
mean B0=94.0514 homogen=14033.0884
mean B0=92.4361 homogen=13413.5996
mean B0=86.4517 homogen=31521.7451
mean B0=87.7409 homogen=4829.9798
mean B0=91.5442 homogen=18770.2399
mean B0=90.7444 homogen=16151.9399
mean B0=96.4109 homogen=30088.2798
mean B0=96.9925 homogen=30307.2339
mean B0=97.7683 homogen=31002.3801
mean B0=95.9329 homogen=20205.4954
mean B0=84.6857 homogen=3821.8824
mean B0=83.408 homogen=13953.0714
mean B0=96.6455 homogen=28572.2851
mean B0=90.6157 homogen=6888.1392
mean B0=88.0274 homogen=4899.9312
mean B0=88.3375 homogen=11169.2679
mean B0=93.5198 homogen=14371.6216
mean B0=89.4422 homogen=6299.946
mean B0=87.6268 homogen=3912.6046
mean B0=90.4465 homogen=7781.8187
mean B0=88.2541 homogen=10379.5328
mean B0=98.6029 homogen=25864.6615
    62 |     2480 |     29 |  0.000000E+00 |  0.000000E+00 |  0.0109791538 |             f
mean B0=89.2134 homogen=12576.3735
mean B0=92.9029 homogen=12540.2916
mean B0=90.5168 homogen=8127.0536
mean B0=87.8041 homogen=4218.5487
mean B0=68.3178 homogen=56865.3409
mean B0=93.8143 homogen=12334.2213
mean B0=83.7315 homogen=26636.6395
mean B0=91.8819 homogen=8815.1618
mean B0=98.0717 homogen=33910.1807
mean B0=91.1079 homogen=10263.1426
mean B0=92.4409 homogen=12337.667
mean B0=84.5977 homogen=3365.6201
mean B0=89.1549 homogen=14068.7057
mean B0=87.0271 homogen=8622.0629
mean B0=90.745 homogen=21131.3094
mean B0=89.3316 homogen=6356.8919
mean B0=87.6557 homogen=14109.6741
mean B0=86.9654 homogen=10974.2305
mean B0=97.8815 homogen=34487.8312
mean B0=96.5855 homogen=29095.8646
mean B0=94.8071 homogen=37535.5751
mean B0=89.6238 homogen=12647.2575
mean B0=88.36 homogen=7830.26
mean B0=84.3409 homogen=22021.6716
mean B0=88.6224 homogen=18116.73
mean B0=95.5567 homogen=15030.6197
mean B0=86.1439 homogen=33635.7193
mean B0=95.2476 homogen=14644.9521
mean B0=90.7027 homogen=6513.9942
mean B0=91.7449 homogen=35756.8845
mean B0=97.1671 homogen=30844.5363
mean B0=96.6918 homogen=28874.3528
mean B0=90.5165 homogen=39841.8644
mean B0=88.387 homogen=8697.3658
mean B0=96.4686 homogen=17540.1738
mean B0=89.3217 homogen=6247.1717
mean B0=93.6588 homogen=23764.4874
mean B0=84.9815 homogen=28157.0906
mean B0=70.9696 homogen=56511.5808
mean B0=84.735 homogen=3970.4485
    63 |     2520 |     34 |  0.000000E+00 |  0.000000E+00 |  0.0008584715 |             f
mean B0=93.3489 homogen=26963.2195
mean B0=95.0619 homogen=16879.5907
mean B0=91.8509 homogen=10440.4385
mean B0=96.2926 homogen=31621.181
mean B0=87.6209 homogen=3910.5373
mean B0=95.5351 homogen=18704.6109
mean B0=93.3311 homogen=14674.6571
mean B0=98.7652 homogen=35097.1508
mean B0=86.1196 homogen=3103.1208
mean B0=91.7151 homogen=11366.1249
mean B0=87.804 homogen=4222.8524
mean B0=89.6205 homogen=16271.5843
mean B0=95.9446 homogen=20079.3866
mean B0=89.1916 homogen=6749.1355
mean B0=95.0879 homogen=15169.8692
mean B0=93.6813 homogen=8823.437
mean B0=98.0883 homogen=32601.5109
mean B0=87.6206 homogen=3917.4061
mean B0=89.0742 homogen=10840.3706
mean B0=82.7028 homogen=15442.591
mean B0=91.2942 homogen=22161.5376
mean B0=96.5231 homogen=28933.1215
mean B0=93.8207 homogen=10571.015
mean B0=96.145 homogen=18639.1235
mean B0=78.0498 homogen=132656.4015
mean B0=97.5951 homogen=32078.4787
mean B0=93.7465 homogen=16227.4421
mean B0=62.9455 homogen=79249.3335
mean B0=84.5608 homogen=3462.3606
mean B0=92.4708 homogen=10318.0564
mean B0=79.8828 homogen=20182.8783
mean B0=89.8188 homogen=13154.9022
mean B0=93.8143 homogen=12334.2213
mean B0=87.3429 homogen=4330.0169
mean B0=89.3306 homogen=6270.1423
mean B0=90.7834 homogen=16087.0425
mean B0=98.0712 homogen=33913.6329
mean B0=96.6455 homogen=28573.4286
mean B0=90.9462 homogen=13148.5934
mean B0=98.3067 homogen=18438.6044
    64 |     2560 |     35 |  0.000000E+00 |  0.000000E+00 |  0.0037633275 |         ideal
mean B0=96.0651 homogen=15266.7307
mean B0=89.634 homogen=13522.7185
mean B0=78.2319 homogen=137207.9079
mean B0=78.1766 homogen=13744.5484
mean B0=92.612 homogen=9783.8067
mean B0=95.9697 homogen=26777.2924
mean B0=92.7327 homogen=36082.3768
mean B0=87.8042 homogen=4218.6241
mean B0=91.7938 homogen=19606.0944
mean B0=87.6633 homogen=4148.1736
mean B0=89.4422 homogen=6299.8204
mean B0=70.2038 homogen=57385.2006
mean B0=87.6163 homogen=3914.4311
mean B0=86.7692 homogen=18172.9167
mean B0=96.6918 homogen=28874.3528
mean B0=96.6455 homogen=28572.2111
mean B0=98.0653 homogen=32576.4353
mean B0=92.5803 homogen=14165.5153
mean B0=92.0404 homogen=12440.554
mean B0=78.4016 homogen=18083.4861
mean B0=93.8231 homogen=10570.0754
mean B0=67.9967 homogen=72709.4241
mean B0=94.3949 homogen=12685.5075
mean B0=89.5289 homogen=5966.5463
mean B0=87.6734 homogen=5579.8707
mean B0=79.5501 homogen=27619.0754
mean B0=85.8576 homogen=3250.8889
mean B0=87.6208 homogen=3910.4694
mean B0=91.0981 homogen=20984.864
mean B0=96.5979 homogen=28824.9762
mean B0=89.3283 homogen=6255.0384
mean B0=97.9325 homogen=29188.6497
mean B0=91.8873 homogen=8829.1343
mean B0=94.4266 homogen=18791.8948
mean B0=89.3217 homogen=6247.1717
mean B0=98.0883 homogen=32601.5109
mean B0=87.899 homogen=9730.4489
mean B0=77.7962 homogen=72624.0387
mean B0=91.1753 homogen=15060.4044
mean B0=93.9327 homogen=13857.0886
    65 |     2600 |     40 |  0.000000E+00 |  0.000000E+00 |  0.0038419836 |             f
mean B0=93.9118 homogen=16572.371
mean B0=95.977 homogen=25453.518
mean B0=90.9565 homogen=16463.3592
mean B0=90.2158 homogen=17848.4501
mean B0=89.283 homogen=7462.2794
mean B0=91.7931 homogen=8608.8766
mean B0=97.0418 homogen=17478.846
mean B0=87.4497 homogen=4253.8779
mean B0=94.6065 homogen=18663.4475
mean B0=78.5777 homogen=19027.5493
mean B0=88.1073 homogen=5943.9571
mean B0=94.5557 homogen=22526.0415
mean B0=88.669 homogen=9186.439
mean B0=97.7225 homogen=22878.1677
mean B0=89.3279 homogen=6256.8718
mean B0=87.0333 homogen=9033.0859
mean B0=86.6057 homogen=8770.3335
mean B0=90.5677 homogen=7108.3572
mean B0=88.3411 homogen=27883.8828
mean B0=96.6435 homogen=29074.7996
mean B0=94.6575 homogen=26272.8239
mean B0=96.4275 homogen=16251.8924
mean B0=89.2198 homogen=13878.9017
mean B0=92.9852 homogen=16040.997
mean B0=89.327 homogen=6262.7845
mean B0=96.0472 homogen=20395.3825
mean B0=89.305 homogen=9895.2592
mean B0=98.2238 homogen=33794.9502
mean B0=84.3031 homogen=38979.2893
mean B0=96.0093 homogen=27783.3552
mean B0=93.4889 homogen=13381.4842
mean B0=97.3598 homogen=21365.9593
mean B0=90.883 homogen=10051.2629
mean B0=95.6081 homogen=21591.5128
mean B0=89.3215 homogen=6247.0723
mean B0=96.2761 homogen=11398.5081
mean B0=90.2155 homogen=12091.9754
mean B0=91.8805 homogen=9729.0655
mean B0=79.1058 homogen=137550.4881
mean B0=87.6643 homogen=4140.5647
    66 |     2640 |     40 |  0.000000E+00 |  0.000000E+00 |  0.0035882126 |         ideal
mean B0=89.0693 homogen=31549.4182
mean B0=88.8715 homogen=15024.7378
mean B0=92.5901 homogen=29500.1253
mean B0=97.9135 homogen=35026.0069
mean B0=89.052 homogen=10210.8851
mean B0=92.9234 homogen=9519.7098
mean B0=71.2564 homogen=58556.0329
mean B0=88.5294 homogen=19959.9408
mean B0=92.9026 homogen=15821.3364
mean B0=91.9599 homogen=9062.9127
mean B0=85.348 homogen=13861.0289
mean B0=70.7027 homogen=54685.0748
mean B0=86.1109 homogen=3458.2838
mean B0=88.1364 homogen=5996.4564
mean B0=89.3282 homogen=6257.6698
mean B0=97.0101 homogen=18254.4715
mean B0=89.7524 homogen=11700.9868
mean B0=71.5722 homogen=48417.2014
mean B0=78.3185 homogen=13072.5984
mean B0=92.6216 homogen=14290.6823
mean B0=94.1921 homogen=13962.3263
mean B0=89.1538 homogen=10698.4575
mean B0=90.5258 homogen=18960.4368
mean B0=96.1334 homogen=18520.964
mean B0=76.5972 homogen=31158.333
mean B0=91.9113 homogen=11795.0153
mean B0=95.2051 homogen=14564.1794
mean B0=97.5183 homogen=24706.1555
mean B0=94.3722 homogen=21468.5242
mean B0=88.2881 homogen=8767.467
mean B0=90.5578 homogen=36559.4933
mean B0=98.2238 homogen=33794.9502
mean B0=89.4459 homogen=6468.3225
mean B0=87.7751 homogen=4217.4059
mean B0=89.3285 homogen=6255.443
mean B0=98.1812 homogen=33206.7792
mean B0=93.0548 homogen=12049.1234
mean B0=86.8017 homogen=13755.8082
mean B0=96.5808 homogen=20796.8699
mean B0=91.9659 homogen=50437.1154
    67 |     2680 |     40 |  0.000000E+00 |  0.000000E+00 |  0.0030100600 |             f
mean B0=88.3545 homogen=6998.6279
mean B0=93.5102 homogen=13554.9523
mean B0=96.9601 homogen=19609.2562
mean B0=89.8143 homogen=10861.6194
mean B0=93.0592 homogen=18406.3927
mean B0=89.4762 homogen=15184.2138
mean B0=96.1334 homogen=18520.964
mean B0=90.5766 homogen=6615.2145
mean B0=95.2471 homogen=14645.4217
mean B0=97.1741 homogen=23403.5708
mean B0=88.0135 homogen=12720.8367
mean B0=95.2257 homogen=14725.5715
mean B0=98.0387 homogen=32614.3561
mean B0=98.2238 homogen=33794.9502
mean B0=94.0974 homogen=14608.8485
mean B0=91.8664 homogen=8791.951
mean B0=95.8315 homogen=17309.4992
mean B0=81.7614 homogen=12677.5083
mean B0=87.7258 homogen=4193.0329
mean B0=97.1593 homogen=45214.4408
mean B0=89.7125 homogen=7914.453
mean B0=93.5102 homogen=12746.0198
mean B0=92.7807 homogen=9229.5494
mean B0=78.9848 homogen=27409.3175
mean B0=91.6535 homogen=16334.993
mean B0=93.6762 homogen=16644.9078
mean B0=87.8042 homogen=4218.6241
mean B0=88.0146 homogen=4897.15
mean B0=91.7932 homogen=8612.9369
mean B0=90.1085 homogen=13497.355
mean B0=89.0184 homogen=9513.0779
mean B0=90.8147 homogen=8600.5937
mean B0=81.6811 homogen=5555.2369
mean B0=98.9071 homogen=35196.4982
mean B0=98.3459 homogen=29477.8882
mean B0=91.8877 homogen=8836.6133
mean B0=93.3536 homogen=13494.8631
mean B0=94.207 homogen=39265.0012
mean B0=70.6884 homogen=54447.7064
mean B0=87.1922 homogen=14311.2734
    68 |     2720 |     40 |  0.000000E+00 |  0.000000E+00 |  0.0022340911 |             f
mean B0=86.0759 homogen=146811.0803
mean B0=92.1498 homogen=8848.0164
mean B0=88.8625 homogen=4493.012
mean B0=96.6732 homogen=22942.4746
mean B0=89.1661 homogen=13645.4134
mean B0=97.7107 homogen=32344.0671
mean B0=86.557 homogen=83334.0735
mean B0=95.2252 homogen=12611.1479
mean B0=79.2533 homogen=58281.617
mean B0=90.1905 homogen=88912.5935
mean B0=96.094 homogen=18467.5272
mean B0=96.7276 homogen=29417.9376
mean B0=92.1905 homogen=8435.0156
mean B0=91.8426 homogen=8749.5762
mean B0=88.6164 homogen=9630.4791
mean B0=92.7531 homogen=15574.1825
mean B0=88.4288 homogen=14221.9198
mean B0=85.2644 homogen=26005.4734
mean B0=89.0695 homogen=10816.0585
mean B0=89.5097 homogen=9840.2422
mean B0=85.4481 homogen=9234.4172
mean B0=94.9048 homogen=17657.9365
mean B0=89.4889 homogen=98410.397
mean B0=93.3769 homogen=17800.3095
mean B0=89.6446 homogen=9831.4631
mean B0=79.9813 homogen=133630.9745
mean B0=92.5985 homogen=20230.4725
mean B0=92.768 homogen=11167.5353
mean B0=80.1028 homogen=157789.073
mean B0=89.6083 homogen=23369.1068
mean B0=88.171 homogen=6069.4678
mean B0=85.1507 homogen=38762.9197
mean B0=92.095 homogen=27193.2647
mean B0=87.6268 homogen=3908.9729
mean B0=95.3026 homogen=15862.5971
mean B0=95.2064 homogen=12913.1123
mean B0=88.4342 homogen=6032.5766
mean B0=90.4899 homogen=15856.901
mean B0=98.6776 homogen=30325.6559
mean B0=89.9866 homogen=11136.2504
    69 |     2760 |     34 |  0.000000E+00 |  0.000000E+00 |  0.0059503556 |             f
mean B0=98.694 homogen=17901.0531
mean B0=87.7374 homogen=4104.9528
mean B0=90.7341 homogen=6563.0915
mean B0=93.7746 homogen=25065.6974
mean B0=88.1389 homogen=4719.9572
mean B0=92.7615 homogen=9417.0658
mean B0=96.1889 homogen=18631.615
mean B0=96.5127 homogen=32656.845
mean B0=98.2314 homogen=27150.4661
mean B0=88.105 homogen=5872.5856
mean B0=92.6946 homogen=17652.2291
mean B0=87.8136 homogen=4407.4137
mean B0=89.7943 homogen=8603.8753
mean B0=89.0469 homogen=11177.0378
mean B0=96.7276 homogen=29417.9376
mean B0=98.0497 homogen=32618.054
mean B0=86.8453 homogen=16091.0667
mean B0=96.1656 homogen=18253.4302
mean B0=94.6455 homogen=11966.3594
mean B0=94.7038 homogen=18156.936
mean B0=82.7082 homogen=90125.1759
mean B0=88.5013 homogen=6430.1239
mean B0=87.5981 homogen=3877.6642
mean B0=87.892 homogen=19925.8874
mean B0=95.2252 homogen=12610.8698
mean B0=96.6902 homogen=22738.4809
mean B0=98.1212 homogen=32943.2645
mean B0=89.7655 homogen=6187.9203
mean B0=86.2161 homogen=5924.3211
mean B0=97.0376 homogen=19715.0327
mean B0=94.4472 homogen=14979.598
mean B0=91.3997 homogen=9689.87
mean B0=96.3019 homogen=31088.9794
mean B0=96.8837 homogen=39892.627
mean B0=88.1364 homogen=5996.4564
mean B0=97.7477 homogen=32322.1381
mean B0=96.7964 homogen=24727.1262
mean B0=93.4615 homogen=11407.818
mean B0=94.4765 homogen=13409.9667
mean B0=90.7126 homogen=18168.4342
    70 |     2800 |     40 |  0.000000E+00 |  0.000000E+00 |  0.0010760807 |             f
mean B0=89.4178 homogen=6250.1596
mean B0=98.7892 homogen=29252.0725
mean B0=86.9375 homogen=4282.2955
mean B0=88.1071 homogen=5943.5522
mean B0=91.7055 homogen=22583.7668
mean B0=86.3529 homogen=5727.3972
mean B0=89.1315 homogen=38461.3194
mean B0=88.0192 homogen=5481.7607
mean B0=89.0213 homogen=9454.1209
mean B0=97.7097 homogen=22903.0892
mean B0=89.4032 homogen=9836.837
mean B0=98.2296 homogen=28233.0956
mean B0=80.2901 homogen=47938.9222
mean B0=98.1455 homogen=32456.2208
mean B0=91.3274 homogen=9376.7811
mean B0=98.8157 homogen=34607.3551
mean B0=99.2307 homogen=31301.125
mean B0=98.6005 homogen=29314.8847
mean B0=87.1188 homogen=17560.6476
mean B0=76.2228 homogen=136699.6155
mean B0=95.4451 homogen=19297.2992
mean B0=91.5954 homogen=8032.6135
mean B0=87.8151 homogen=4148.6391
mean B0=91.0917 homogen=17865.7588
mean B0=94.9414 homogen=15722.296
mean B0=87.6986 homogen=13769.3018
mean B0=97.4966 homogen=21527.0173
mean B0=88.4029 homogen=9150.8524
mean B0=88.446 homogen=5954.8799
mean B0=98.4902 homogen=30558.7337
mean B0=84.4159 homogen=21831.5113
mean B0=90.5762 homogen=8397.9897
mean B0=87.3245 homogen=17530.7698
mean B0=92.1719 homogen=8537.05
mean B0=77.7339 homogen=142718.6839
mean B0=98.1805 homogen=33202.2895
mean B0=68.1852 homogen=76064.0264
mean B0=94.8156 homogen=15518.6011
mean B0=97.0036 homogen=24983.3353
mean B0=88.1214 homogen=5812.6239
    71 |     2840 |     32 |  0.000000E+00 |  0.000000E+00 |  0.0767935136 |         ideal
mean B0=84.7864 homogen=26008.7582
mean B0=92.1976 homogen=8515.4793
mean B0=86.4368 homogen=12327.9774
mean B0=90.308 homogen=5900.5238
mean B0=96.0853 homogen=24206.7675
mean B0=95.6553 homogen=15899.0052
mean B0=92.8959 homogen=24764.9314
mean B0=83.2155 homogen=80643.5839
mean B0=95.5448 homogen=16118.2115
mean B0=93.7438 homogen=16643.8712
mean B0=98.3264 homogen=27079.1725
mean B0=87.3097 homogen=6938.4646
mean B0=94.3216 homogen=12749.1565
mean B0=88.9507 homogen=4757.6449
mean B0=89.4257 homogen=6264.2676
mean B0=93.4622 homogen=26568.8251
mean B0=98.2238 homogen=33794.875
mean B0=97.1668 homogen=23572.9647
mean B0=91.8546 homogen=6897.5971
mean B0=86.4258 homogen=21794.7985
mean B0=97.5121 homogen=21393.292
mean B0=93.8176 homogen=10493.0613
mean B0=96.6379 homogen=25089.1915
mean B0=97.4508 homogen=21512.973
mean B0=89.9585 homogen=37391.8359
mean B0=90.5656 homogen=5315.3375
mean B0=84.2669 homogen=74060.3609
mean B0=87.7198 homogen=4098.4373
mean B0=88.5229 homogen=6925.575
mean B0=94.6302 homogen=11200.9079
mean B0=97.9407 homogen=23629.9355
mean B0=93.6467 homogen=7273.5758
mean B0=89.9215 homogen=20982.1019
mean B0=86.6902 homogen=4409.5252
mean B0=92.7722 homogen=9207.5066
mean B0=84.4115 homogen=18661.2175
mean B0=95.2252 homogen=12611.1479
mean B0=89.2375 homogen=9833.0463
mean B0=88.2191 homogen=94372.3205
mean B0=87.8038 homogen=4228.7304
    72 |     2880 |     37 |  0.000000E+00 |  0.000000E+00 |  0.0087642138 |             f
mean B0=90.7735 homogen=15476.802
mean B0=94.5353 homogen=11181.1577
mean B0=98.1171 homogen=24378.7939
mean B0=96.1435 homogen=18172.8539
mean B0=94.2262 homogen=16527.0671
mean B0=88.8574 homogen=44679.0347
mean B0=66.0586 homogen=189679.4831
mean B0=95.215 homogen=12646.9348
mean B0=96.8103 homogen=17375.12
mean B0=95.2889 homogen=14892.4259
mean B0=89.1305 homogen=96650.2987
mean B0=96.1208 homogen=23987.5355
mean B0=92.0805 homogen=48815.4023
mean B0=87.7195 homogen=4096.1326
mean B0=95.2165 homogen=27147.9525
mean B0=88.7013 homogen=6146.1012
mean B0=86.2936 homogen=94162.5502
mean B0=92.5896 homogen=12640.6735
mean B0=89.1613 homogen=11088.2433
mean B0=85.3635 homogen=28906.8943
mean B0=90.2924 homogen=12277.9131
mean B0=90.3866 homogen=6097.5951
mean B0=87.6149 homogen=6452.0163
mean B0=97.7441 homogen=22981.8741
mean B0=97.2087 homogen=22906.0847
mean B0=91.8781 homogen=16884.8903
mean B0=89.8534 homogen=9215.537
mean B0=97.0482 homogen=19667.8637
mean B0=87.743 homogen=4166.457
mean B0=96.9705 homogen=19515.1655
mean B0=98.1753 homogen=22431.0377
mean B0=94.1748 homogen=11634.465
mean B0=95.8715 homogen=12806.9921
mean B0=87.8044 homogen=4221.1968
mean B0=95.361 homogen=14041.0104
mean B0=81.8798 homogen=13400.8607
mean B0=98.8899 homogen=56274.1997
mean B0=84.5718 homogen=18050.0769
mean B0=89.2857 homogen=11652.1443
mean B0=94.6689 homogen=10995.3113
    73 |     2920 |     40 |  0.000000E+00 |  0.000000E+00 |  0.0015793846 |             f
mean B0=92.4038 homogen=16500.6478
mean B0=97.347 homogen=21155.0921
mean B0=93.3929 homogen=11792.2449
mean B0=84.8615 homogen=16236.3084
mean B0=96.9772 homogen=19625.4208
mean B0=88.1148 homogen=5763.7569
mean B0=87.1253 homogen=35911.2851
mean B0=99.6412 homogen=29394.4629
mean B0=91.741 homogen=20109.9616
mean B0=89.5181 homogen=12329.4684
mean B0=92.443 homogen=21812.8321
mean B0=98.5467 homogen=28344.5697
mean B0=91.7888 homogen=7488.5565
mean B0=95.2212 homogen=12599.247
mean B0=95.224 homogen=12607.3524
mean B0=92.7827 homogen=9251.7482
mean B0=92.6355 homogen=12949.6985
mean B0=88.0948 homogen=5166.5619
mean B0=93.104 homogen=9330.1215
mean B0=78.0915 homogen=31363.4368
mean B0=99.6266 homogen=18653.3794
mean B0=96.1783 homogen=18434.4954
mean B0=87.0602 homogen=29662.2588
mean B0=94.841 homogen=22915.786
mean B0=90.8009 homogen=6616.4565
mean B0=94.6376 homogen=11147.0847
mean B0=90.686 homogen=6475.9973
mean B0=91.7687 homogen=10006.5007
mean B0=92.2493 homogen=22865.5463
mean B0=88.6918 homogen=14009.546
mean B0=89.076 homogen=17021.6523
mean B0=88.2329 homogen=10550.7246
mean B0=90.6165 homogen=6970.9095
mean B0=98.1783 homogen=22442.6594
mean B0=86.121 homogen=3099.5823
mean B0=93.8109 homogen=10538.2737
mean B0=89.9522 homogen=17932.2765
mean B0=95.1402 homogen=12323.5671
mean B0=91.8921 homogen=6383.007
mean B0=96.1368 homogen=18169.4945
    74 |     2960 |     40 |  0.000000E+00 |  0.000000E+00 |  0.0303654972 |         ideal
mean B0=93.0971 homogen=9302.3802
mean B0=94.9957 homogen=13032.0279
mean B0=86.121 homogen=3099.5823
mean B0=95.7074 homogen=14110.6204
mean B0=97.3934 homogen=21489.3031
mean B0=98.5579 homogen=28276.8794
mean B0=95.2645 homogen=12709.7848
mean B0=95.7211 homogen=23417.5542
mean B0=78.3024 homogen=29128.2673
mean B0=94.6497 homogen=11046.8372
mean B0=92.4643 homogen=10446.3984
mean B0=97.2348 homogen=20632.2744
mean B0=96.1889 homogen=18631.615
mean B0=92.6041 homogen=12288.7713
mean B0=96.9905 homogen=19330.9599
mean B0=77.3078 homogen=136270.8067
mean B0=99.8877 homogen=26003.4676
mean B0=92.6855 homogen=17791.9444
mean B0=93.455 homogen=13365.8705
mean B0=90.9599 homogen=5644.8161
mean B0=86.3388 homogen=93014.0795
mean B0=88.0031 homogen=5493.9329
mean B0=96.9705 homogen=19515.1655
mean B0=91.1771 homogen=21578.0686
mean B0=97.4786 homogen=21276.6744
mean B0=86.887 homogen=20783.2101
mean B0=92.7453 homogen=9134.249
mean B0=93.579 homogen=10970.6174
mean B0=84.2022 homogen=85055.4692
mean B0=92.1795 homogen=8530.607
mean B0=93.5271 homogen=13140.9661
mean B0=96.1815 homogen=10502.4136
mean B0=95.1402 homogen=12323.5671
mean B0=88.2373 homogen=22838.1044
mean B0=98.0068 homogen=25784.2339
mean B0=91.8496 homogen=6854.9051
mean B0=85.4047 homogen=41681.2553
mean B0=92.5376 homogen=21492.5685
mean B0=87.9296 homogen=6189.2568
mean B0=87.9739 homogen=4917.3956
    75 |     3000 |     40 |  0.000000E+00 |  0.000000E+00 |  0.0009500177 |             f
mean B0=89.6197 homogen=14300.9558
mean B0=88.246 homogen=9640.9272
mean B0=98.2239 homogen=25064.7382
mean B0=94.855 homogen=13540.5295
mean B0=98.8916 homogen=29618.1888
mean B0=90.675 homogen=6447.3479
mean B0=88.4653 homogen=4977.8611
mean B0=92.7882 homogen=14360.5076
mean B0=93.4026 homogen=30094.7275
mean B0=89.1286 homogen=12519.1921
mean B0=92.4259 homogen=11063.0075
mean B0=95.1498 homogen=12346.7922
mean B0=91.8156 homogen=9618.5282
mean B0=94.3648 homogen=12099.6395
mean B0=96.1872 homogen=18619.7883
mean B0=94.8607 homogen=13912.0901
mean B0=90.8845 homogen=6578.5425
mean B0=97.2587 homogen=23166.9284
mean B0=97.5287 homogen=22093.3514
mean B0=96.0183 homogen=11749.1263
mean B0=82.7918 homogen=20399.1742
mean B0=92.1595 homogen=8509.3414
mean B0=97.5662 homogen=21175.8117
mean B0=88.4401 homogen=6082.0782
mean B0=84.467 homogen=146480.1635
mean B0=90.3189 homogen=5841.1197
mean B0=92.2072 homogen=8421.1059
mean B0=87.4148 homogen=9176.6384
mean B0=99.1421 homogen=17869.7672
mean B0=90.4484 homogen=16296.8776
mean B0=95.6463 homogen=13356.6529
mean B0=98.1271 homogen=22235.4331
mean B0=99.0732 homogen=25603.4754
mean B0=90.5484 homogen=101963.5073
mean B0=85.9737 homogen=35673.1266
mean B0=89.8408 homogen=16215.1371
mean B0=90.3053 homogen=5899.1243
mean B0=99.8946 homogen=27626.3314
mean B0=95.6311 homogen=16330.0459
mean B0=85.4769 homogen=3076.329
    76 |     3040 |     40 |  0.000000E+00 |  0.000000E+00 |  0.0454697453 |         nadir
mean B0=78.0525 homogen=127799.4251
mean B0=89.242 homogen=5728.9739
mean B0=92.8095 homogen=17571.0011
mean B0=92.1984 homogen=8447.3781
mean B0=99.6049 homogen=29240.7629
mean B0=98.1075 homogen=21875.9775
mean B0=92.7453 homogen=9134.249
mean B0=83.7166 homogen=144512.4406
mean B0=86.0858 homogen=3170.2819
mean B0=95.1408 homogen=12327.6731
mean B0=97.0476 homogen=19662.4023
mean B0=95.6769 homogen=15975.56
mean B0=90.8845 homogen=6578.5425
mean B0=97.5657 homogen=21181.4319
mean B0=93.8397 homogen=10548.3906
mean B0=90.3053 homogen=5967.8328
mean B0=91.8496 homogen=6854.9051
mean B0=99.0627 homogen=27271.3342
mean B0=81.9069 homogen=46494.4791
mean B0=93.1566 homogen=12977.4826
mean B0=95.0122 homogen=17985.8813
mean B0=85.5459 homogen=8094.2831
mean B0=96.5891 homogen=26702.4932
mean B0=94.3624 homogen=35211.6123
mean B0=93.8523 homogen=10580.6173
mean B0=95.2583 homogen=12820.2353
mean B0=93.104 homogen=9330.1215
mean B0=96.8618 homogen=19911.4999
mean B0=88.0527 homogen=4994.6679
mean B0=81.6816 homogen=131408.4674
mean B0=97.2749 homogen=18935.3666
mean B0=94.6292 homogen=10990.0954
mean B0=71.3936 homogen=57367.1956
mean B0=91.8547 homogen=6895.5027
mean B0=85.4628 homogen=3076.8939
mean B0=97.2415 homogen=20880.6382
mean B0=96.1368 homogen=18169.4945
mean B0=97.8897 homogen=24479.0962
mean B0=94.6059 homogen=35846.2597
mean B0=89.6377 homogen=9297.9597
    77 |     3080 |     40 |  0.000000E+00 |  0.000000E+00 |  0.0020104228 |             f
mean B0=97.0296 homogen=26906.8126
mean B0=94.1344 homogen=12022.8453
mean B0=95.7447 homogen=16190.419
mean B0=90.7151 homogen=6508.8355
mean B0=94.042 homogen=11564.1336
mean B0=92.6502 homogen=8271.8748
mean B0=89.6534 homogen=22092.6262
mean B0=91.2666 homogen=16686.2002
mean B0=94.5846 homogen=10984.1532
mean B0=96.6664 homogen=26053.9933
mean B0=96.8143 homogen=24067.4522
mean B0=84.0039 homogen=12176.44
mean B0=99.012 homogen=26594.8205
mean B0=94.6908 homogen=32866.0453
mean B0=96.1132 homogen=18138.3806
mean B0=95.6636 homogen=16045.6891
mean B0=94.4106 homogen=10615.614
mean B0=80.8955 homogen=29018.7097
mean B0=98.1706 homogen=22404.2882
mean B0=97.2151 homogen=20544.4931
mean B0=93.8265 homogen=10576.898
mean B0=91.9964 homogen=10364.024
mean B0=96.1107 homogen=18344.838
mean B0=91.8132 homogen=6828.5528
mean B0=93.246 homogen=34823.5147
mean B0=95.2986 homogen=12731.098
mean B0=95.7443 homogen=16910.5459
mean B0=68.7167 homogen=64634.3049
mean B0=86.6033 homogen=92033.8008
mean B0=94.1827 homogen=10358.0077
mean B0=83.2908 homogen=38530.9534
mean B0=92.9423 homogen=35834.3552
mean B0=90.8896 homogen=6723.5555
mean B0=89.8916 homogen=20499.0033
mean B0=90.3349 homogen=5880.1429
mean B0=88.3242 homogen=5801.8233
mean B0=93.9782 homogen=12597.2707
mean B0=90.2743 homogen=12997.1485
mean B0=93.7817 homogen=10409.359
mean B0=88.0318 homogen=4941.7184
    78 |     3120 |     40 |  0.000000E+00 |  0.000000E+00 |  0.0050697773 |             f
mean B0=73.3808 homogen=142501.6441
mean B0=97.3445 homogen=23502.0878
mean B0=92.5961 homogen=10545.1522
mean B0=95.4542 homogen=12807.9374
mean B0=99.4227 homogen=23251.1404
mean B0=85.7182 homogen=8704.7926
mean B0=90.3956 homogen=6192.287
mean B0=85.6481 homogen=3150.0181
mean B0=92.4104 homogen=15782.4295
mean B0=97.2846 homogen=20651.0208
mean B0=94.0531 homogen=11678.3406
mean B0=98.1075 homogen=21874.4574
mean B0=93.5122 homogen=11339.1185
mean B0=92.2578 homogen=8520.7936
mean B0=97.9312 homogen=23035.1052
mean B0=94.5861 homogen=11559.925
mean B0=92.324 homogen=10159.1803
mean B0=90.4697 homogen=8253.8795
mean B0=89.8377 homogen=33287.0423
mean B0=91.3647 homogen=28581.2426
mean B0=99.5922 homogen=29352.0429
mean B0=99.2641 homogen=25194.5593
mean B0=91.8191 homogen=5810.2993
mean B0=97.425 homogen=21462.9988
mean B0=93.7743 homogen=12900.4458
mean B0=92.1651 homogen=10288.8914
mean B0=93.0947 homogen=9424.8441
mean B0=69.9645 homogen=72320.1863
mean B0=83.101 homogen=13946.7133
mean B0=90.2559 homogen=5690.483
mean B0=94.4369 homogen=14353.367
mean B0=98.1783 homogen=22442.9175
mean B0=92.9803 homogen=9121.1923
mean B0=85.4695 homogen=147353.0789
mean B0=89.8848 homogen=5637.5569
mean B0=88.4653 homogen=4977.8611
mean B0=98.0182 homogen=20278.0233
mean B0=95.2722 homogen=12403.4636
mean B0=95.4636 homogen=28983.0806
mean B0=96.1128 homogen=18526.301
    79 |     3160 |     40 |  0.000000E+00 |  0.000000E+00 |  0.0031587261 |             f
mean B0=89.7068 homogen=13561.2895
mean B0=95.5266 homogen=10251.5264
mean B0=95.2722 homogen=12403.4636
mean B0=84.9942 homogen=32985.5987
mean B0=96.4884 homogen=17121.0955
mean B0=94.9798 homogen=13724.0296
mean B0=89.086 homogen=11312.7308
mean B0=90.8544 homogen=5412.8506
mean B0=88.7632 homogen=16849.3772
mean B0=95.6517 homogen=41584.8137
mean B0=88.4653 homogen=4977.1896
mean B0=92.3128 homogen=8645.3666
mean B0=94.4401 homogen=10775.1107
mean B0=93.3384 homogen=13162.4049
mean B0=97.3758 homogen=18260.5833
mean B0=94.2619 homogen=10382.1315
mean B0=84.6209 homogen=4723.7128
mean B0=95.6645 homogen=15943.2592
mean B0=98.4874 homogen=21730.3796
mean B0=66.2476 homogen=82953.6036
mean B0=75.2329 homogen=222298.8194
mean B0=86.0967 homogen=4747.7527
mean B0=99.6049 homogen=29240.7629
mean B0=95.6355 homogen=13746.2999
mean B0=91.5725 homogen=8095.2354
mean B0=60.1963 homogen=206276.406
mean B0=88.539 homogen=9295.5381
mean B0=92.0287 homogen=9644.9601
mean B0=96.3073 homogen=33696.753
mean B0=89.2416 homogen=17553.5175
mean B0=90.8107 homogen=19833.7356
mean B0=96.9925 homogen=19513.2336
mean B0=94.3919 homogen=10637.1156
mean B0=93.1599 homogen=25106.1642
mean B0=92.725 homogen=10699.614
mean B0=96.954 homogen=25003.5452
mean B0=88.8821 homogen=4899.044
mean B0=90.246 homogen=5671.8363
mean B0=95.6463 homogen=13356.6529
mean B0=99.0627 homogen=27271.3342
    80 |     3200 |     40 |  0.000000E+00 |  0.000000E+00 |  0.0029003132 |             f
mean B0=90.1374 homogen=7761.6736
mean B0=97.3896 homogen=21632.9902
mean B0=97.0806 homogen=16199.6898
mean B0=92.1693 homogen=11311.9207
mean B0=93.5161 homogen=10430.0644
mean B0=94.4106 homogen=10615.614
mean B0=94.5507 homogen=24681.0777
mean B0=94.3933 homogen=10708.2515
mean B0=90.7579 homogen=6393.6397
mean B0=99.6049 homogen=29240.7629
mean B0=90.9868 homogen=6762.47
mean B0=92.363 homogen=8590.7586
mean B0=95.224 homogen=12608.014
mean B0=95.7484 homogen=16194.5956
mean B0=97.4363 homogen=24033.0932
mean B0=92.793 homogen=9325.8157
mean B0=83.6059 homogen=36706.5964
mean B0=94.3179 homogen=12290.5139
mean B0=91.4298 homogen=9626.809
mean B0=92.9502 homogen=27296.3578
mean B0=91.6752 homogen=8042.5399
mean B0=92.5296 homogen=11757.706
mean B0=97.9639 homogen=25493.2069
mean B0=85.1256 homogen=10118.5393
mean B0=91.9332 homogen=18805.7772
mean B0=98.0182 homogen=20278.0233
mean B0=90.7401 homogen=18972.7803
mean B0=98.6023 homogen=21809.5816
mean B0=97.9176 homogen=15624.3559
mean B0=99.0627 homogen=27271.3342
mean B0=86.68 homogen=4556.5222
mean B0=80.286 homogen=137066.5515
mean B0=94.0978 homogen=10077.8852
mean B0=91.6739 homogen=8099.4888
mean B0=94.7328 homogen=12695.1885
mean B0=92.8179 homogen=22007.1119
mean B0=91.9914 homogen=18055.994
mean B0=95.9796 homogen=14450.3611
mean B0=88.5957 homogen=9817.9386
mean B0=90.92 homogen=7156.3057
    81 |     3240 |     40 |  0.000000E+00 |  0.000000E+00 |  0.0022403862 |             f
mean B0=93.5294 homogen=29603.873
mean B0=80.3945 homogen=82102.2546
mean B0=99.6093 homogen=29207.5775
mean B0=92.4094 homogen=10826.3559
mean B0=85.4351 homogen=6093.2499
mean B0=99.02 homogen=27189.909
mean B0=95.6552 homogen=14880.5704
mean B0=94.0728 homogen=10351.8265
mean B0=94.2522 homogen=10857.7604
mean B0=92.4461 homogen=13404.8313
mean B0=98.9966 homogen=21716.4641
mean B0=86.6361 homogen=12372.1597
mean B0=92.9803 homogen=9119.8898
mean B0=96.1275 homogen=13574.1875
mean B0=90.5782 homogen=20227.6901
mean B0=94.4079 homogen=10703.638
mean B0=90.0505 homogen=15695.5745
mean B0=96.1073 homogen=10704.937
mean B0=94.1827 homogen=10358.0077
mean B0=91.9774 homogen=7043.1923
mean B0=87.3384 homogen=46859.4679
mean B0=91.1797 homogen=6955.8737
mean B0=99.0586 homogen=27303.7376
mean B0=92.9896 homogen=9179.1318
mean B0=92.8454 homogen=6558.627
mean B0=93.0828 homogen=106872.9657
mean B0=85.5287 homogen=10101.1562
mean B0=82.2971 homogen=24702.7493
mean B0=100.9407 homogen=32012.5173
mean B0=93.3169 homogen=11268.6418
mean B0=97.3893 homogen=22644.2983
mean B0=92.7666 homogen=32839.1975
mean B0=93.1046 homogen=9330.4967
mean B0=89.6031 homogen=16491.211
mean B0=68.8561 homogen=287383.4589
mean B0=91.8441 homogen=6884.2336
mean B0=88.2424 homogen=14340.3236
mean B0=89.9646 homogen=25267.3825
mean B0=98.0182 homogen=20278.0233
mean B0=62.5211 homogen=92408.0381
    82 |     3280 |     40 |  0.000000E+00 |  0.000000E+00 |  0.0027249995 |             f
mean B0=88.3276 homogen=5908.1682
mean B0=87.8735 homogen=5961.8781
mean B0=93.0698 homogen=9312.7572
mean B0=93.1111 homogen=10779.3311
mean B0=99.4306 homogen=23844.0843
mean B0=93.7632 homogen=13031.2644
mean B0=67.7769 homogen=49893.5142
mean B0=88.1817 homogen=21447.5542
mean B0=94.2179 homogen=10266.797
mean B0=94.5222 homogen=10764.404
mean B0=86.1051 homogen=8777.4107
mean B0=90.2544 homogen=37308.3459
mean B0=88.0688 homogen=5004.1542
mean B0=97.3759 homogen=18260.1234
mean B0=97.7373 homogen=25042.2361
mean B0=90.1499 homogen=7613.637
mean B0=95.9844 homogen=14459.4158
mean B0=92.1389 homogen=26058.6253
mean B0=74.4315 homogen=248862.3722
mean B0=99.0237 homogen=27298.1239
mean B0=97.3783 homogen=20636.2182
mean B0=97.8981 homogen=25988.9654
mean B0=94.2177 homogen=10374.6373
mean B0=89.0446 homogen=15579.9012
mean B0=63.071 homogen=282497.1294
mean B0=97.5471 homogen=30706.3253
mean B0=96.3453 homogen=17013.2773
mean B0=96.3538 homogen=11532.4127
mean B0=81.5007 homogen=21163.9773
mean B0=93.4876 homogen=34464.3001
mean B0=90.9039 homogen=9870.3329
mean B0=88.3393 homogen=14436.4382
mean B0=98.787 homogen=25962.6566
mean B0=92.9803 homogen=9119.8898
mean B0=94.1754 homogen=8030.6505
mean B0=91.7097 homogen=8053.4615
mean B0=98.1759 homogen=22447.8867
mean B0=90.1355 homogen=5631.5217
mean B0=80.5391 homogen=34857.492
mean B0=98.0608 homogen=20279.159
    83 |     3320 |     40 |  0.000000E+00 |  0.000000E+00 |  0.0014064947 |             f
mean B0=94.6497 homogen=11046.8512
mean B0=83.0904 homogen=84090.37
mean B0=97.7074 homogen=21548.6328
mean B0=99.4176 homogen=30203.0483
mean B0=101.8909 homogen=47015.4949
mean B0=92.3671 homogen=12411.1347
mean B0=89.8995 homogen=21543.3442
mean B0=98.5936 homogen=22145.548
mean B0=92.4008 homogen=8742.6575
mean B0=87.8478 homogen=9618.8283
mean B0=95.2772 homogen=14123.8373
mean B0=97.7622 homogen=25269.4264
mean B0=91.8717 homogen=6935.6134
mean B0=93.384 homogen=16738.2734
mean B0=96.3587 homogen=16415.8892
mean B0=86.8691 homogen=9979.0697
mean B0=90.5473 homogen=7972.9037
mean B0=90.0648 homogen=12958.4809
mean B0=98.7947 homogen=26828.5992
mean B0=94.2022 homogen=10236.5819
mean B0=95.9797 homogen=14450.1675
mean B0=93.0714 homogen=11547.9286
mean B0=63.1894 homogen=81392.1287
mean B0=92.4323 homogen=8111.7372
mean B0=99.5535 homogen=27299.6208
mean B0=93.1826 homogen=11839.6526
mean B0=91.8833 homogen=21601.8652
mean B0=98.4822 homogen=24580.5512
mean B0=93.5311 homogen=32398.4271
mean B0=90.028 homogen=6387.4762
mean B0=95.9869 homogen=14480.5559
mean B0=72.0619 homogen=55864.4703
mean B0=95.1603 homogen=12457.393
mean B0=92.1463 homogen=11789.0439
mean B0=95.7581 homogen=13903.2314
mean B0=83.9821 homogen=28248.7483
mean B0=91.8896 homogen=6802.5159
mean B0=82.704 homogen=74238.3049
mean B0=93.7126 homogen=12514.8569
mean B0=93.1205 homogen=9368.6253
    84 |     3360 |     40 |  0.000000E+00 |  0.000000E+00 |  0.1370582231 |         ideal
mean B0=98.0608 homogen=20278.8738
mean B0=91.0269 homogen=7416.4415
mean B0=93.1076 homogen=9340.0978
mean B0=81.7919 homogen=46781.6731
mean B0=90.1815 homogen=5735.5283
mean B0=99.6635 homogen=29419.3573
mean B0=93.0546 homogen=9184.9861
mean B0=95.1402 homogen=12323.5671
mean B0=67.7997 homogen=83396.6958
mean B0=89.6478 homogen=5871.2046
mean B0=97.9315 homogen=20126.8219
mean B0=97.043 homogen=24961.9764
mean B0=92.4127 homogen=31242.9264
mean B0=94.1626 homogen=10278.3989
mean B0=97.0774 homogen=11287.2048
mean B0=97.5183 homogen=31545.1193
mean B0=97.0914 homogen=22145.2037
mean B0=95.7576 homogen=13122.3158
mean B0=100.6108 homogen=39366.0076
mean B0=98.602 homogen=22279.308
mean B0=95.9797 homogen=14451.0145
mean B0=97.3328 homogen=20318.8268
mean B0=96.5002 homogen=17163.9259
mean B0=91.3651 homogen=22549.4259
mean B0=87.9394 homogen=4891.2902
mean B0=92.2513 homogen=7730.9791
mean B0=91.9026 homogen=6969.7895
mean B0=68.512 homogen=78463.2638
mean B0=87.0098 homogen=17810.8638
mean B0=97.1479 homogen=25506.7317
mean B0=88.5849 homogen=24138.5776
mean B0=93.1579 homogen=11485.3581
mean B0=86.9256 homogen=4099.7862
mean B0=97.6539 homogen=22496.5857
mean B0=85.2928 homogen=7768.5116
mean B0=92.3926 homogen=11902.6086
mean B0=85.5639 homogen=18339.3759
mean B0=88.5969 homogen=5745.2547
mean B0=96.8659 homogen=19565.3785
mean B0=99.3078 homogen=30000.8136
    85 |     3400 |     40 |  0.000000E+00 |  0.000000E+00 |  0.0054215823 |             f
mean B0=98.5985 homogen=22176.4756
mean B0=93.3021 homogen=21290.1829
mean B0=94.0702 homogen=14155.8802
mean B0=99.701 homogen=45082.8832
mean B0=94.2495 homogen=10416.4854
mean B0=96.8921 homogen=15233.509
mean B0=97.8875 homogen=20512.7695
mean B0=100.7501 homogen=40640.2416
mean B0=99.8554 homogen=21729.8677
mean B0=93.221 homogen=13780.1156
mean B0=85.2967 homogen=6516.9696
mean B0=81.6916 homogen=12960.1879
mean B0=83.4384 homogen=140860.0057
mean B0=99.8513 homogen=24055.9982
mean B0=94.5023 homogen=10867.5381
mean B0=95.1839 homogen=12348.2503
mean B0=91.6383 homogen=8189.561
mean B0=74.2045 homogen=197944.7203
mean B0=91.8892 homogen=6801.8644
mean B0=89.6402 homogen=20528.3526
mean B0=97.371 homogen=18237.3756
mean B0=90.7315 homogen=20663.115
mean B0=89.3555 homogen=14070.7209
mean B0=92.2443 homogen=11777.1041
mean B0=94.0103 homogen=11618.742
mean B0=97.1203 homogen=22605.1017
mean B0=94.3705 homogen=18334.4699
mean B0=95.5092 homogen=12845.9044
mean B0=92.2498 homogen=7725.7972
mean B0=96.3197 homogen=20435.932
mean B0=93.6658 homogen=11216.2885
mean B0=91.6409 homogen=11335.2717
mean B0=99.4096 homogen=27300.8491
mean B0=98.539 homogen=26755.7048
mean B0=85.1677 homogen=21652.7974
mean B0=90.7225 homogen=6409.9298
mean B0=66.1895 homogen=83706.6349
mean B0=95.6371 homogen=16275.096
mean B0=94.099 homogen=10082.8375
mean B0=92.7456 homogen=13293.9428
    86 |     3440 |     40 |  0.000000E+00 |  0.000000E+00 |  0.0015499166 |             f
mean B0=96.853 homogen=18602.8863
mean B0=93.0854 homogen=9351.6019
mean B0=97.3462 homogen=17452.8058
mean B0=90.9807 homogen=12567.2174
mean B0=93.1699 homogen=9029.9324
mean B0=90.4584 homogen=101205.792
mean B0=97.8001 homogen=19648.7554
mean B0=98.1233 homogen=21998.538
mean B0=98.6026 homogen=22400.0124
mean B0=91.1386 homogen=6976.8896
mean B0=70.0551 homogen=180176.197
mean B0=91.5602 homogen=31327.7991
mean B0=89.3037 homogen=25182.613
mean B0=86.4675 homogen=6072.3888
mean B0=91.7233 homogen=17269.4446
mean B0=98.5936 homogen=22145.548
mean B0=97.3936 homogen=18184.3908
mean B0=88.868 homogen=6747.5156
mean B0=97.3414 homogen=18634.8129
mean B0=87.7324 homogen=6166.7371
mean B0=85.5248 homogen=53753.5166
mean B0=90.7909 homogen=6392.4635
mean B0=99.4101 homogen=27304.9484
mean B0=93.5244 homogen=11941.4292
mean B0=91.151 homogen=7774.7095
mean B0=93.7229 homogen=10514.3046
mean B0=98.5826 homogen=24958.4666
mean B0=92.5744 homogen=27288.4243
mean B0=90.1327 homogen=5699.9356
mean B0=95.589 homogen=13524.0921
mean B0=94.5952 homogen=10953.324
mean B0=96.2832 homogen=20178.7935
mean B0=95.5709 homogen=17487.7017
mean B0=85.131 homogen=7159.5621
mean B0=96.2262 homogen=19415.7362
mean B0=85.9857 homogen=166868.9819
mean B0=94.6327 homogen=11113.5524
mean B0=93.0441 homogen=11240.8442
mean B0=96.7547 homogen=17406.8577
mean B0=101.7029 homogen=51007.0495
    87 |     3480 |     40 |  0.000000E+00 |  0.000000E+00 |  0.0027362820 |             f
mean B0=99.0901 homogen=16830.9224
mean B0=90.2559 homogen=5690.483
mean B0=98.3364 homogen=23512.9071
mean B0=97.6726 homogen=19876.9186
mean B0=85.2645 homogen=7650.6262
mean B0=95.1878 homogen=37781.5026
mean B0=99.297 homogen=22756.3525
mean B0=92.4141 homogen=10810.3624
mean B0=96.197 homogen=43086.6702
mean B0=93.7896 homogen=13167.0793
mean B0=85.4561 homogen=3084.6925
mean B0=95.629 homogen=20701.7803
mean B0=99.4776 homogen=28819.7271
mean B0=94.8733 homogen=17153.3845
mean B0=89.0568 homogen=24616.3251
mean B0=89.8568 homogen=14397.1232
mean B0=91.8892 homogen=6801.8644
mean B0=97.3986 homogen=18188.7415
mean B0=100.2996 homogen=45746.4151
mean B0=88.7533 homogen=21114.8
mean B0=95.6393 homogen=13307.6157
mean B0=97.8001 homogen=19648.7554
mean B0=97.2052 homogen=19140.5584
mean B0=99.4972 homogen=29232.2668
mean B0=98.1157 homogen=43033.4824
mean B0=90.9645 homogen=22050.097
mean B0=94.6495 homogen=11049.1452
mean B0=92.7719 homogen=7920.6725
mean B0=84.4579 homogen=89344.9773
mean B0=90.1272 homogen=13763.3645
mean B0=95.1382 homogen=13403.1872
mean B0=94.8091 homogen=14723.0435
mean B0=94.063 homogen=11760.6473
mean B0=97.4752 homogen=19083.9372
mean B0=97.4143 homogen=21181.0888
mean B0=90.4328 homogen=13184.4544
mean B0=92.2498 homogen=7725.7972
mean B0=99.0007 homogen=34159.9742
mean B0=97.6282 homogen=61077.0846
mean B0=96.4444 homogen=17081.5399
    88 |     3520 |     40 |  0.000000E+00 |  0.000000E+00 |  0.0024602599 |             f
mean B0=91.4905 homogen=6448.307
mean B0=95.2049 homogen=12789.9663
mean B0=101.0968 homogen=44685.7269
mean B0=94.3258 homogen=12406.7463
mean B0=94.7964 homogen=12453.5326
mean B0=69.6138 homogen=75641.7615
mean B0=77.9754 homogen=138549.8322
mean B0=101.8095 homogen=36113.0724
mean B0=90.1221 homogen=5797.2056
mean B0=92.2197 homogen=7706.1591
mean B0=88.0998 homogen=20769.8109
mean B0=93.0361 homogen=9485.2036
mean B0=95.1272 homogen=12568.4065
mean B0=103.0191 homogen=45987.9696
mean B0=97.3931 homogen=18187.2476
mean B0=80.2923 homogen=44451.8852
mean B0=91.5587 homogen=29760.0904
mean B0=85.9988 homogen=25305.6385
mean B0=94.9415 homogen=47512.8542
mean B0=98.1149 homogen=21903.7057
mean B0=99.6703 homogen=29653.9275
mean B0=97.7596 homogen=21594.2421
mean B0=86.8551 homogen=124813.0305
mean B0=94.4776 homogen=11426.3478
mean B0=94.1396 homogen=13546.1997
mean B0=93.3256 homogen=19312.8799
mean B0=97.5779 homogen=18237.4989
mean B0=72.5479 homogen=52662.3779
mean B0=88.4798 homogen=5232.81
mean B0=85.5063 homogen=3172.2246
mean B0=99.9181 homogen=22182.2564
mean B0=85.2928 homogen=7768.5116
mean B0=87.9795 homogen=14263.3932
mean B0=97.4967 homogen=24174.0671
mean B0=92.5439 homogen=9657.5749
mean B0=70.3189 homogen=60512.1583
mean B0=93.1535 homogen=12306.7301
mean B0=90.6822 homogen=6283.2563
mean B0=92.3122 homogen=11709.1663
mean B0=99.6478 homogen=18443.8369
    89 |     3560 |     40 |  0.000000E+00 |  0.000000E+00 |  0.0643170034 |         ideal
mean B0=90.0865 homogen=25152.6266
mean B0=100.3124 homogen=25951.65
mean B0=95.5086 homogen=13387.0086
mean B0=97.4599 homogen=46154.4281
mean B0=94.7414 homogen=10889.4021
mean B0=90.9185 homogen=7523.9514
mean B0=96.7808 homogen=17453.544
mean B0=97.2889 homogen=16764.8347
mean B0=94.5844 homogen=10967.7244
mean B0=84.5224 homogen=144951.5091
mean B0=102.8401 homogen=41175.113
mean B0=89.6339 homogen=14895.1834
mean B0=91.0349 homogen=6650.7459
mean B0=86.6174 homogen=13456.7632
mean B0=100.3773 homogen=25740.6543
mean B0=98.0608 homogen=20279.159
mean B0=62.9945 homogen=294651.7852
mean B0=89.3919 homogen=6370.9454
mean B0=85.6315 homogen=3027.1991
mean B0=98.9187 homogen=15636.3494
mean B0=96.3587 homogen=16415.8892
mean B0=101.4553 homogen=43295.1798
mean B0=93.3853 homogen=11584.9586
mean B0=98.1496 homogen=22020.7901
mean B0=90.4786 homogen=6796.7155
mean B0=90.8135 homogen=6502.7298
mean B0=98.0818 homogen=21829.4981
mean B0=92.6431 homogen=8913.173
mean B0=99.6706 homogen=29654.6931
mean B0=88.2069 homogen=5733.8851
mean B0=94.7405 homogen=11820.8954
mean B0=90.3135 homogen=15793.7085
mean B0=88.2777 homogen=7874.6872
mean B0=91.8219 homogen=15697.3394
mean B0=97.6945 homogen=25254.071
mean B0=95.9869 homogen=14480.5559
mean B0=82.7012 homogen=24468.5894
mean B0=95.6377 homogen=13346.309
mean B0=98.3432 homogen=13749.3907
mean B0=95.1097 homogen=12191.7913
    90 |     3600 |     40 |  0.000000E+00 |  0.000000E+00 |  0.0088924938 |         nadir
mean B0=77.3449 homogen=20352.5833
mean B0=97.8089 homogen=18705.0513
mean B0=90.2483 homogen=5610.9408
mean B0=82.8031 homogen=21186.7478
mean B0=96.866 homogen=23899.7406
mean B0=89.1093 homogen=13660.4922
mean B0=87.5474 homogen=10750.8269
mean B0=70.0966 homogen=70558.2466
mean B0=85.6056 homogen=3298.5088
mean B0=100.2642 homogen=25868.4265
mean B0=85.0101 homogen=16132.3357
mean B0=95.9876 homogen=14476.528
mean B0=81.3361 homogen=37375.886
mean B0=94.4017 homogen=12718.7446
mean B0=92.0777 homogen=7547.2022
mean B0=91.7818 homogen=10028.8245
mean B0=97.5713 homogen=18233.1522
mean B0=98.6026 homogen=22400.0124
mean B0=102.9517 homogen=40704.3493
mean B0=100.6198 homogen=39422.8563
mean B0=91.2348 homogen=10895.8415
mean B0=95.9442 homogen=13921.6113
mean B0=72.4305 homogen=56251.2425
mean B0=87.5838 homogen=3918.7537
mean B0=92.0277 homogen=9409.773
mean B0=89.4263 homogen=12841.7207
mean B0=89.255 homogen=11735.7374
mean B0=97.3936 homogen=18184.3908
mean B0=78.3253 homogen=35240.4534
mean B0=98.4289 homogen=24085.8987
mean B0=94.0958 homogen=10084.7795
mean B0=95.6375 homogen=13307.3523
mean B0=94.7363 homogen=10777.9709
mean B0=96.8339 homogen=20718.8392
mean B0=96.0553 homogen=17008.9804
mean B0=86.9363 homogen=24423.9242
mean B0=103.0273 homogen=45954.6843
mean B0=95.1097 homogen=12191.7913
mean B0=93.0721 homogen=9243.0894
mean B0=100.6774 homogen=29675.7309
    91 |     3640 |     40 |  0.000000E+00 |  0.000000E+00 |  0.0025587143 |             f
mean B0=95.5306 homogen=13154.834
mean B0=93.7563 homogen=9964.1985
mean B0=92.9499 homogen=11045.6949
mean B0=97.9624 homogen=20122.1889
mean B0=95.4153 homogen=16321.2655
mean B0=90.6822 homogen=6283.2563
mean B0=97.1214 homogen=25009.5536
mean B0=103.0098 homogen=41745.5686
mean B0=91.4527 homogen=14138.6927
mean B0=93.3506 homogen=14519.4004
mean B0=99.4383 homogen=23144.2252
mean B0=99.4431 homogen=27312.4102
mean B0=95.9443 homogen=17419.2139
mean B0=87.4182 homogen=87690.9615
mean B0=91.3157 homogen=16783.7155
mean B0=92.1667 homogen=7888.7424
mean B0=92.6305 homogen=9390.0251
mean B0=97.6312 homogen=19582.2135
mean B0=95.0617 homogen=11920.405
mean B0=95.8354 homogen=12587.7734
mean B0=98.3003 homogen=64906.8504
mean B0=90.5207 homogen=20598.7877
mean B0=93.6054 homogen=27569.2933
mean B0=91.9962 homogen=6867.18
mean B0=97.0561 homogen=24978.0804
mean B0=87.8151 homogen=4148.6391
mean B0=93.5621 homogen=15030.2493
mean B0=97.7513 homogen=18396.5198
mean B0=83.2395 homogen=12890.3376
mean B0=89.9477 homogen=18197.4991
mean B0=93.1692 homogen=12749.0055
mean B0=99.6398 homogen=29670.3811
mean B0=95.2311 homogen=18872.5711
mean B0=94.4325 homogen=10783.0205
mean B0=99.9631 homogen=43790.3512
mean B0=84.3594 homogen=153160.6804
mean B0=88.4961 homogen=3748.0825
mean B0=96.7164 homogen=17739.3355
mean B0=85.7104 homogen=3501.5531
mean B0=99.4696 homogen=28925.5694
    92 |     3680 |     40 |  0.000000E+00 |  0.000000E+00 |  0.0025217278 |             f
mean B0=90.445 homogen=6114.3337
mean B0=95.5616 homogen=13318.3379
mean B0=100.5625 homogen=29191.0475
mean B0=85.395 homogen=4806.163
mean B0=89.9237 homogen=47539.8074
mean B0=95.3321 homogen=15993.2564
mean B0=94.7276 homogen=10770.5299
mean B0=98.0608 homogen=20279.159
mean B0=92.5575 homogen=16992.7988
mean B0=92.4402 homogen=10326.7623
mean B0=97.2803 homogen=17299.1725
mean B0=95.1399 homogen=12229.5278
mean B0=99.8726 homogen=23977.5282
mean B0=85.2255 homogen=7226.3786
mean B0=88.3648 homogen=20692.4925
mean B0=97.7941 homogen=20158.6109
mean B0=92.2098 homogen=7714.347
mean B0=82.3949 homogen=50015.6325
mean B0=90.2008 homogen=5550.8283
mean B0=91.8896 homogen=6802.5159
mean B0=101.8197 homogen=36022.1981
mean B0=98.657 homogen=22345.6045
mean B0=89.4313 homogen=19530.4619
mean B0=100.3169 homogen=22557.7223
mean B0=99.9014 homogen=29929.8154
mean B0=98.0426 homogen=21892.6911
mean B0=93.1841 homogen=8975.011
mean B0=97.9621 homogen=20121.0709
mean B0=96.824 homogen=23710.1697
mean B0=88.4961 homogen=3748.0825
mean B0=95.1205 homogen=12922.457
mean B0=96.0046 homogen=16955.2642
mean B0=102.3121 homogen=54108.4644
mean B0=100.0682 homogen=26268.5812
mean B0=93.656 homogen=24425.3895
mean B0=104.5964 homogen=35419.7819
mean B0=96.3627 homogen=16532.4955
mean B0=98.6042 homogen=22095.7023
mean B0=80.674 homogen=35043.5281
mean B0=95.2049 homogen=12789.9663
    93 |     3720 |     40 |  0.000000E+00 |  0.000000E+00 |  0.0006958035 |             f
mean B0=97.8857 homogen=20965.2365
mean B0=99.0016 homogen=21982.4033
mean B0=87.9908 homogen=5948.5594
mean B0=85.7381 homogen=3620.9163
mean B0=97.9873 homogen=19553.7741
mean B0=94.7429 homogen=10884.8747
mean B0=97.5532 homogen=22990.9185
mean B0=97.8305 homogen=18730.942
mean B0=96.4605 homogen=16752.8729
mean B0=96.0973 homogen=12375.9202
mean B0=97.3936 homogen=18184.3908
mean B0=90.3199 homogen=5768.9692
mean B0=93.6676 homogen=104478.6931
mean B0=95.815 homogen=23003.187
mean B0=92.7566 homogen=12441.3131
mean B0=99.6161 homogen=22996.8884
mean B0=95.6588 homogen=13370.6004
mean B0=85.6315 homogen=3027.1991
mean B0=96.6581 homogen=16724.392
mean B0=98.8343 homogen=22119.9956
mean B0=92.0628 homogen=7257.519
mean B0=103.0381 homogen=46759.6004
mean B0=92.151 homogen=6965.7811
mean B0=99.9355 homogen=20615.3367
mean B0=95.126 homogen=28125.8531
mean B0=94.7261 homogen=10775.071
mean B0=73.0089 homogen=242619.3571
mean B0=100.6128 homogen=29484.0884
mean B0=90.7057 homogen=6279.9512
mean B0=92.8638 homogen=8318.9931
mean B0=103.3533 homogen=42253.9564
mean B0=93.707 homogen=36268.6978
mean B0=99.4776 homogen=28819.7271
mean B0=92.3413 homogen=15672.7401
mean B0=89.6206 homogen=7088.0207
mean B0=97.6665 homogen=19547.4991
mean B0=92.1992 homogen=7667.5976
mean B0=88.4961 homogen=3748.0825
mean B0=93.1369 homogen=34820.6487
mean B0=99.1413 homogen=31377.8687
    94 |     3760 |     40 |  0.000000E+00 |  0.000000E+00 |  0.0184054865 |         nadir
mean B0=69.5015 homogen=266225.26
mean B0=81.2356 homogen=187443.3834
mean B0=91.4937 homogen=8120.1158
mean B0=92.565 homogen=60492.0141
mean B0=98.2469 homogen=22083.7645
mean B0=98.9309 homogen=21573.2847
mean B0=99.0382 homogen=21264.0935
mean B0=94.8707 homogen=137644.2703
mean B0=88.667 homogen=19349.2473
mean B0=90.3088 homogen=5757.6773
mean B0=103.0273 homogen=45954.6843
mean B0=95.8696 homogen=37734.9759
mean B0=94.2626 homogen=12865.8819
mean B0=96.5974 homogen=26550.9303
mean B0=102.2019 homogen=42376.6188
mean B0=86.6229 homogen=38055.7056
mean B0=97.574 homogen=18104.9701
mean B0=89.5819 homogen=4594.6995
mean B0=99.0677 homogen=32357.3901
mean B0=94.04 homogen=10244.0667
mean B0=96.0883 homogen=12367.7997
mean B0=102.5832 homogen=43990.162
mean B0=89.7903 homogen=7055.2267
mean B0=98.3273 homogen=19226.8257
mean B0=85.4432 homogen=42700.0709
mean B0=98.1314 homogen=20698.4249
mean B0=95.4807 homogen=16694.8255
mean B0=97.9873 homogen=19553.7741
mean B0=80.8379 homogen=134570.243
mean B0=90.7173 homogen=6294.8307
mean B0=86.121 homogen=3099.5823
mean B0=91.0778 homogen=27901.7419
mean B0=93.329 homogen=9022.2082
mean B0=94.721 homogen=14960.1323
mean B0=97.3457 homogen=17932.8316
mean B0=95.4202 homogen=38846.4388
mean B0=97.107 homogen=16827.825
mean B0=86.6306 homogen=7444.0175
mean B0=88.4961 homogen=3748.0825
mean B0=91.5457 homogen=6286.8558
    95 |     3800 |     40 |  0.000000E+00 |  0.000000E+00 |  0.0015455233 |             f
mean B0=88.4961 homogen=3748.0825
mean B0=90.5176 homogen=19859.9952
mean B0=91.7618 homogen=24069.275
mean B0=95.5786 homogen=37481.5903
mean B0=100.5625 homogen=29191.0475
mean B0=103.3016 homogen=52752.1572
mean B0=93.1301 homogen=12827.9478
mean B0=94.1427 homogen=10779.8992
mean B0=97.5059 homogen=18023.9634
mean B0=95.664 homogen=14440.1966
mean B0=99.524 homogen=28568.1589
mean B0=93.7011 homogen=9808.4703
mean B0=86.885 homogen=4502.2147
mean B0=96.7549 homogen=15931.2749
mean B0=93.9962 homogen=30421.3487
mean B0=95.065 homogen=16913.7366
mean B0=85.6315 homogen=3027.1991
mean B0=98.6247 homogen=20303.1082
mean B0=97.3833 homogen=22677.0188
mean B0=101.8199 homogen=36021.3953
mean B0=90.7057 homogen=6279.9512
mean B0=97.3924 homogen=18150.6437
mean B0=99.1463 homogen=19854.6811
mean B0=90.3971 homogen=15632.3011
mean B0=92.7719 homogen=7920.6725
mean B0=100.384 homogen=25271.8283
mean B0=88.8535 homogen=95285.1591
mean B0=103.376 homogen=46701.7556
mean B0=98.2455 homogen=20205.6703
mean B0=80.6273 homogen=80168.8927
mean B0=85.5916 homogen=3380.2718
mean B0=93.7432 homogen=12662.2127
mean B0=92.6786 homogen=7907.0841
mean B0=94.6473 homogen=11002.5394
mean B0=97.9453 homogen=19107.1783
mean B0=96.8009 homogen=23516.2827
mean B0=99.4383 homogen=23144.2252
mean B0=97.3573 homogen=35009.5652
mean B0=82.9472 homogen=28291.6522
mean B0=81.7295 homogen=36185.9241
    96 |     3840 |     40 |  0.000000E+00 |  0.000000E+00 |  0.0190436767 |         ideal
mean B0=82.5377 homogen=13077.9897
mean B0=96.9171 homogen=13928.6869
mean B0=96.5199 homogen=21480.8669
mean B0=85.2385 homogen=8114.3031
mean B0=97.8493 homogen=19006.3997
mean B0=101.1083 homogen=26284.5317
mean B0=97.4919 homogen=29120.7627
mean B0=83.7834 homogen=27420.9116
mean B0=94.0014 homogen=12286.849
mean B0=103.0802 homogen=41962.655
mean B0=92.8495 homogen=8478.6387
mean B0=82.8564 homogen=154401.9806
mean B0=86.1439 homogen=18837.2952
mean B0=99.0734 homogen=21654.0754
mean B0=97.9317 homogen=18676.548
mean B0=85.537 homogen=164601.5774
mean B0=94.7601 homogen=10801.6497
mean B0=88.0211 homogen=5398.5262
mean B0=97.346 homogen=17933.1872
mean B0=90.8839 homogen=11590.3389
mean B0=98.5309 homogen=23831.0012
mean B0=98.2184 homogen=18977.6612
mean B0=92.9955 homogen=15597.7497
mean B0=97.1977 homogen=13304.1908
mean B0=85.7144 homogen=3312.8158
mean B0=98.7134 homogen=22188.0884
mean B0=92.335 homogen=26011.0231
mean B0=83.2407 homogen=24201.2132
mean B0=94.1303 homogen=6561.3874
mean B0=91.4887 homogen=6335.1069
mean B0=86.6267 homogen=11823.017
mean B0=88.7732 homogen=21332.7242
mean B0=94.7216 homogen=24195.5073
mean B0=94.3376 homogen=30166.656
mean B0=89.5289 homogen=13735.3958
mean B0=104.5414 homogen=49433.4358
mean B0=103.0096 homogen=45807.1586
mean B0=94.2128 homogen=11629.0431
mean B0=93.1845 homogen=8971.1447
mean B0=92.7589 homogen=15255.159
    97 |     3880 |     40 |  0.000000E+00 |  0.000000E+00 |  0.0616331564 |         ideal
mean B0=105.0428 homogen=44526.4291
mean B0=88.3023 homogen=4540.4874
mean B0=96.12 homogen=25388.2142
mean B0=84.2835 homogen=17864.7282
mean B0=82.003 homogen=29466.2727
mean B0=98.2914 homogen=26842.287
mean B0=101.9391 homogen=26431.4491
mean B0=73.1969 homogen=55914.5943
mean B0=92.196 homogen=13515.5088
mean B0=98.6706 homogen=22036.9127
mean B0=96.3077 homogen=16351.9341
mean B0=89.3255 homogen=92938.6464
mean B0=94.9198 homogen=16051.1841
mean B0=97.4511 homogen=34042.5051
mean B0=93.7011 homogen=9808.4703
mean B0=93.4722 homogen=29171.724
mean B0=92.7989 homogen=6698.0257
mean B0=94.9714 homogen=13253.1907
mean B0=98.0639 homogen=18315.2289
mean B0=87.9314 homogen=19346.4282
mean B0=91.7933 homogen=100139.0952
mean B0=91.8896 homogen=6802.5159
mean B0=92.2585 homogen=15190.8684
mean B0=93.3967 homogen=9071.1824
mean B0=100.4638 homogen=31686.8788
mean B0=90.614 homogen=26150.6519
mean B0=88.4244 homogen=3977.8375
mean B0=101.4322 homogen=35780.3916
mean B0=94.5313 homogen=11595.7181
mean B0=62.7225 homogen=72128.923
mean B0=95.7138 homogen=13344.1621
mean B0=100.6216 homogen=19271.187
mean B0=99.132 homogen=22757.879
mean B0=91.2086 homogen=18929.9205
mean B0=99.297 homogen=22756.3525
mean B0=93.6757 homogen=17691.4149
mean B0=72.5729 homogen=54325.4733
mean B0=84.1197 homogen=139500.2082
mean B0=86.2101 homogen=163418.0411
mean B0=92.1938 homogen=17030.4197
    98 |     3920 |     40 |  0.000000E+00 |  0.000000E+00 |  0.0015540386 |             f
mean B0=79.4085 homogen=214484.6837
mean B0=94.1052 homogen=10139.1455
mean B0=87.8181 homogen=25835.19
mean B0=94.5893 homogen=34200.4569
mean B0=95.8764 homogen=14184.0403
mean B0=99.3744 homogen=21260.6685
mean B0=101.4322 homogen=35780.3916
mean B0=97.7017 homogen=17453.0974
mean B0=83.1695 homogen=150249.5875
mean B0=98.9611 homogen=21338.5346
mean B0=98.2158 homogen=20904.8795
mean B0=88.4961 homogen=3750.503
mean B0=86.1027 homogen=3230.7531
mean B0=105.0186 homogen=44360.2901
mean B0=72.565 homogen=56324.9745
mean B0=101.8176 homogen=36050.1883
mean B0=91.5451 homogen=6287.5193
mean B0=94.0309 homogen=9247.9994
mean B0=95.7622 homogen=15991.4436
mean B0=95.3316 homogen=13246.4596
mean B0=100.3871 homogen=25280.2018
mean B0=100.6665 homogen=29669.6754
mean B0=98.6376 homogen=34615.4941
mean B0=102.9963 homogen=40650.7969
mean B0=93.0734 homogen=7539.5611
mean B0=93.0297 homogen=129061.3924
mean B0=93.1845 homogen=8971.1447
mean B0=87.6665 homogen=12608.34
mean B0=85.4201 homogen=8766.7838
mean B0=85.303 homogen=136534.9808
mean B0=95.8721 homogen=11494.6381
mean B0=77.9121 homogen=127677.0765
mean B0=85.6523 homogen=3139.8299
mean B0=102.5311 homogen=46966.7598
mean B0=94.7243 homogen=11635.6898
mean B0=99.4401 homogen=23128.1885
mean B0=91.4741 homogen=7209.2121
mean B0=93.4971 homogen=12131.2533
mean B0=95.2068 homogen=12170.0171
mean B0=93.4908 homogen=10062.9582
    99 |     3960 |     40 |  0.000000E+00 |  0.000000E+00 |  0.0049090805 |             f
mean B0=98.2287 homogen=20354.1817
mean B0=86.1387 homogen=6485.2139
mean B0=95.8807 homogen=13684.9977
mean B0=91.4625 homogen=6212.292
mean B0=80.6548 homogen=128956.0395
mean B0=90.6236 homogen=48356.1789
mean B0=67.7606 homogen=103756.6446
mean B0=98.0252 homogen=18428.5058
mean B0=96.1359 homogen=42550.6318
mean B0=92.8721 homogen=8302.6837
mean B0=101.0709 homogen=26279.0267
mean B0=101.3463 homogen=34918.1555
mean B0=94.4525 homogen=18368.3553
mean B0=91.8457 homogen=100419.188
mean B0=85.0131 homogen=16188.0835
mean B0=95.3493 homogen=14184.2166
mean B0=97.4876 homogen=16035.7809
mean B0=87.7512 homogen=6636.9525
mean B0=97.0674 homogen=33288.1933
mean B0=98.2454 homogen=21578.5892
mean B0=103.0318 homogen=40803.1309
mean B0=94.0137 homogen=13283.4316
mean B0=96.3319 homogen=20611.2812
mean B0=103.0929 homogen=41959.7639
mean B0=92.8077 homogen=6693.9349
mean B0=99.0429 homogen=23295.9219
mean B0=97.7171 homogen=17473.16
mean B0=88.2795 homogen=6922.2955
mean B0=88.5187 homogen=3769.3959
mean B0=93.3847 homogen=7367.2154
mean B0=100.6774 homogen=29674.2968
mean B0=90.7753 homogen=6428.8831
mean B0=87.6244 homogen=21022.3749
mean B0=96.886 homogen=13960.942
mean B0=81.2042 homogen=46066.5925
mean B0=99.0772 homogen=20440.8847
mean B0=102.1548 homogen=41269.4062
mean B0=98.881 homogen=29842.7624
mean B0=99.1299 homogen=21670.4226
mean B0=99.625 homogen=25802.2821
   100 |     4000 |     40 |  0.000000E+00 |  0.000000E+00 |  0.0016685855 |             f
mean B0=101.1102 homogen=26271.9236
mean B0=99.0145 homogen=21900.7895
mean B0=96.9735 homogen=19399.4335
mean B0=90.3801 homogen=25791.4286
mean B0=91.9478 homogen=9725.5578
mean B0=88.2065 homogen=5814.5131
mean B0=95.7227 homogen=11985.332
mean B0=95.6186 homogen=10451.0042
mean B0=103.0331 homogen=40794.9338
mean B0=105.2794 homogen=50669.4205
mean B0=98.4951 homogen=21460.9893
mean B0=101.2453 homogen=42681.7236
mean B0=90.6214 homogen=43684.7477
mean B0=100.0765 homogen=24148.4156
mean B0=89.8288 homogen=7840.3476
mean B0=94.2992 homogen=12880.8047
mean B0=82.7715 homogen=40627.0069
mean B0=85.9045 homogen=9980.9337
mean B0=93.033 homogen=138575.4989
mean B0=96.6832 homogen=40625.4588
mean B0=98.9898 homogen=17795.8134
mean B0=103.7648 homogen=45361.9011
mean B0=83.6796 homogen=127996.7908
mean B0=94.6702 homogen=10516.1615
mean B0=67.7753 homogen=278349.5553
mean B0=47.1254 homogen=468970.3669
mean B0=99.7435 homogen=21266.5499
mean B0=91.3147 homogen=8356.4365
mean B0=98.0623 homogen=18322.9074
mean B0=85.2771 homogen=3169.0012
mean B0=95.6726 homogen=15209.323
mean B0=90.367 homogen=30768.8613
mean B0=92.3021 homogen=8424.1102
mean B0=98.0143 homogen=18576.2875
mean B0=105.0186 homogen=44360.2901
mean B0=85.9077 homogen=6723.7053
mean B0=91.1091 homogen=8632.7131
mean B0=92.4368 homogen=35727.6422
mean B0=92.5043 homogen=17211.0735
mean B0=103.6042 homogen=39915.286
   101 |     4040 |     40 |  0.000000E+00 |  0.000000E+00 |  0.0047130479 |             f
mean B0=94.2081 homogen=12203.3204
mean B0=73.5437 homogen=20409.42
mean B0=98.6102 homogen=20464.272
mean B0=94.0985 homogen=13036.4591
mean B0=94.1078 homogen=131285.6381
mean B0=94.5695 homogen=20699.0878
mean B0=97.6202 homogen=24152.3309
mean B0=92.324 homogen=12721.0595
mean B0=95.5711 homogen=12995.55
mean B0=98.7821 homogen=19254.0476
mean B0=98.3861 homogen=18825.4513
mean B0=98.572 homogen=17169.9515
mean B0=98.2184 homogen=18977.6612
mean B0=88.4709 homogen=24934.0241
mean B0=86.118 homogen=3091.5808
mean B0=103.2196 homogen=38287.9664
mean B0=101.4322 homogen=35780.3916
mean B0=94.149 homogen=45475.906
mean B0=100.1811 homogen=24608.2401
mean B0=85.6004 homogen=3033.6574
mean B0=88.9607 homogen=6602.2675
mean B0=95.3287 homogen=21641.5318
mean B0=90.9875 homogen=7866.2987
mean B0=96.3277 homogen=37420.4902
mean B0=97.6718 homogen=17838.3781
mean B0=100.6773 homogen=29673.8986
mean B0=96.0709 homogen=10918.1573
mean B0=93.5294 homogen=17256.8714
mean B0=90.7333 homogen=6528.7747
mean B0=97.0381 homogen=15699.8116
mean B0=101.1477 homogen=26369.2163
mean B0=93.2342 homogen=9862.2704
mean B0=92.8077 homogen=6693.9349
mean B0=97.2287 homogen=30750.6546
mean B0=99.7443 homogen=21218.3513
mean B0=102.6696 homogen=46381.6918
mean B0=93.3967 homogen=9071.1824
mean B0=97.5658 homogen=16357.2493
mean B0=103.143 homogen=43960.635
mean B0=93.4191 homogen=7458.8977
   102 |     4080 |     40 |  0.000000E+00 |  0.000000E+00 |  0.0026978780 |             f
mean B0=99.6577 homogen=60495.6317
mean B0=99.7443 homogen=21218.3513
mean B0=95.7768 homogen=16090.0748
mean B0=90.1944 homogen=5549.9176
mean B0=103.7648 homogen=45361.9011
mean B0=100.3759 homogen=28379.6592
mean B0=88.4961 homogen=3748.0825
mean B0=75.9924 homogen=31722.4205
mean B0=93.5497 homogen=14298.7102
mean B0=96.7716 homogen=15056.591
mean B0=105.7352 homogen=43360.7906
mean B0=93.4219 homogen=7475.9747
mean B0=94.569 homogen=11191.048
mean B0=85.4015 homogen=7316.3742
mean B0=97.5893 homogen=15756.7113
mean B0=96.9543 homogen=15654.472
mean B0=95.796 homogen=11163.9324
mean B0=100.3711 homogen=25233.2852
mean B0=91.2888 homogen=94861.2886
mean B0=97.5658 homogen=16357.2493
mean B0=92.7058 homogen=104610.0747
mean B0=88.5187 homogen=3769.3959
mean B0=98.3921 homogen=25043.0283
mean B0=93.4887 homogen=131027.4277
mean B0=100.5625 homogen=29191.0475
mean B0=93.6681 homogen=8039.6773
mean B0=100.6773 homogen=29673.8986
mean B0=86.0769 homogen=3256.2328
mean B0=99.4295 homogen=23006.4091
mean B0=75.8648 homogen=52858.4727
mean B0=99.1788 homogen=19727.118
mean B0=96.467 homogen=13405.7488
mean B0=80.6607 homogen=80179.4131
mean B0=91.67 homogen=9181.8197
mean B0=92.1679 homogen=7212.4686
mean B0=101.9075 homogen=36117.7695
mean B0=92.4248 homogen=8894.6751
mean B0=100.1932 homogen=24648.1633
mean B0=92.8072 homogen=6694.0991
mean B0=95.6216 homogen=14491.7208
   103 |     4120 |     40 |  0.000000E+00 |  0.000000E+00 |  0.0011903980 |             f
mean B0=85.6517 homogen=5034.2394
mean B0=99.6776 homogen=23373.4498
mean B0=96.0973 homogen=12375.9202
mean B0=94.3968 homogen=11723.8675
mean B0=96.4483 homogen=13801.4247
mean B0=90.7185 homogen=19547.8295
mean B0=100.1338 homogen=54328.3752
mean B0=101.8456 homogen=36100.3921
mean B0=97.6005 homogen=19453.912
mean B0=95.321 homogen=27658.6201
mean B0=90.8574 homogen=6575.9429
mean B0=83.6484 homogen=7661.3519
mean B0=102.6837 homogen=28565.4128
mean B0=91.27 homogen=22185.7321
mean B0=100.4966 homogen=28913.9167
mean B0=98.8975 homogen=21976.0478
mean B0=95.2123 homogen=12969.4695
mean B0=98.572 homogen=17169.9515
mean B0=65.3152 homogen=83484.0925
mean B0=91.6527 homogen=13637.4133
mean B0=104.3731 homogen=41513.3873
mean B0=91.5168 homogen=6481.5327
mean B0=94.1052 homogen=10139.1455
mean B0=93.6516 homogen=7981.1849
mean B0=97.0022 homogen=14581.039
mean B0=94.0959 homogen=18981.5745
mean B0=97.0303 homogen=16598.2615
mean B0=101.4054 homogen=34903.1237
mean B0=94.0192 homogen=10458.402
mean B0=100.3763 homogen=25864.082
mean B0=89.0111 homogen=13942.7589
mean B0=93.0424 homogen=29465.5287
mean B0=99.7443 homogen=21218.3513
mean B0=97.0171 homogen=33388.4468
mean B0=72.8065 homogen=56128.9841
mean B0=101.6043 homogen=32124.1269
mean B0=96.1042 homogen=42047.8263
mean B0=93.6681 homogen=8039.6773
mean B0=89.8086 homogen=12718.2384
mean B0=94.3146 homogen=12569.9239
   104 |     4160 |     40 |  0.000000E+00 |  0.000000E+00 |  0.0033859859 |             f
mean B0=100.8635 homogen=25066.5617
mean B0=99.4939 homogen=20807.0684
mean B0=96.8979 homogen=14014.114
mean B0=86.1382 homogen=8398.7033
mean B0=101.9678 homogen=25971.1661
mean B0=70.8284 homogen=64463.7184
mean B0=89.0359 homogen=5288.5937
mean B0=99.406 homogen=22556.0376
mean B0=98.5692 homogen=17189.1027
mean B0=88.5379 homogen=4280.9041
mean B0=100.4465 homogen=25361.6881
mean B0=94.1075 homogen=10151.1466
mean B0=84.8514 homogen=26753.2692
mean B0=104.8912 homogen=52455.4401
mean B0=96.4488 homogen=13804.4682
mean B0=98.572 homogen=17170.5153
mean B0=103.6404 homogen=43748.4752
mean B0=93.4132 homogen=7435.3112
mean B0=100.2337 homogen=41269.269
mean B0=86.1192 homogen=3097.9308
mean B0=101.3953 homogen=23232.0713
mean B0=102.0918 homogen=36256.9611
mean B0=95.8152 homogen=11218.887
mean B0=98.5381 homogen=21782.5518
mean B0=96.5034 homogen=12946.2587
mean B0=99.3365 homogen=20473.7449
mean B0=90.9849 homogen=7520.7939
mean B0=96.2082 homogen=20434.8036
mean B0=96.0998 homogen=12356.7036
mean B0=92.7954 homogen=6537.9365
mean B0=100.0181 homogen=24072.644
mean B0=94.7577 homogen=10787.656
mean B0=91.4717 homogen=6214.7266
mean B0=103.4289 homogen=42528.1578
mean B0=97.5891 homogen=15760.185
mean B0=85.6315 homogen=3027.1991
mean B0=94.7222 homogen=10522.3946
mean B0=99.7021 homogen=21056.8622
mean B0=84.0114 homogen=22019.1697
mean B0=88.5165 homogen=3749.9702
   105 |     4200 |     40 |  0.000000E+00 |  0.000000E+00 |  0.0181622394 |         ideal
mean B0=93.478 homogen=19474.9585
mean B0=93.4502 homogen=9069.0273
mean B0=89.8082 homogen=7772.7895
mean B0=91.0152 homogen=28158.9717
mean B0=93.8726 homogen=15277.1091
mean B0=98.6386 homogen=21869.0279
mean B0=100.7214 homogen=21520.0867
mean B0=99.024 homogen=26201.1429
mean B0=100.2452 homogen=24821.0548
mean B0=85.6296 homogen=3077.5605
mean B0=89.9529 homogen=13407.0461
mean B0=96.3416 homogen=17720.3015
mean B0=89.4551 homogen=8846.238
mean B0=97.0022 homogen=14581.039
mean B0=94.6692 homogen=26167.4247
mean B0=86.4293 homogen=14684.6786
mean B0=96.0414 homogen=12274.6135
mean B0=94.2518 homogen=33417.304
mean B0=103.6137 homogen=44343.744
mean B0=92.7571 homogen=6380.0567
mean B0=93.3795 homogen=34404.9047
mean B0=94.701 homogen=13387.6285
mean B0=105.0319 homogen=44498.5366
mean B0=99.1779 homogen=19723.5037
mean B0=95.2364 homogen=12193.006
mean B0=92.293 homogen=11014.3114
mean B0=97.8895 homogen=28546.5222
mean B0=94.4761 homogen=10201.5043
mean B0=99.5191 homogen=20477.3678
mean B0=101.8478 homogen=36076.068
mean B0=96.9563 homogen=17153.8822
mean B0=101.1099 homogen=24208.9971
mean B0=88.4838 homogen=4360.9166
mean B0=95.796 homogen=11163.9324
mean B0=98.6396 homogen=17250.7504
mean B0=91.1831 homogen=13755.8588
mean B0=103.8314 homogen=45313.6371
mean B0=96.414 homogen=16771.4165
mean B0=97.7112 homogen=15964.8408
mean B0=103.6476 homogen=40129.4213
   106 |     4240 |     40 |  0.000000E+00 |  0.000000E+00 |  0.0022181114 |             f
mean B0=95.75 homogen=20300.6081
mean B0=86.8604 homogen=10106.7983
mean B0=97.4041 homogen=21998.0906
mean B0=102.574 homogen=37972.5904
mean B0=70.7638 homogen=67374.2355
mean B0=98.5751 homogen=17183.2017
mean B0=91.4858 homogen=8951.3968
mean B0=101.6043 homogen=32124.1269
mean B0=99.3601 homogen=19507.3332
mean B0=94.569 homogen=42722.664
mean B0=98.4717 homogen=16190.8773
mean B0=100.0912 homogen=24305.5862
mean B0=95.0701 homogen=11675.8179
mean B0=92.9152 homogen=9896.7486
mean B0=96.503 homogen=12974.6716
mean B0=95.3701 homogen=12840.6131
mean B0=93.8699 homogen=21500.3243
mean B0=94.8395 homogen=10528.1487
mean B0=98.6062 homogen=16973.1804
mean B0=99.2394 homogen=42399.1781
mean B0=103.241 homogen=43922.7611
mean B0=91.9995 homogen=13560.8802
mean B0=93.7801 homogen=17177.7769
mean B0=99.771 homogen=27777.696
mean B0=95.9645 homogen=30453.5405
mean B0=99.0384 homogen=17920.6417
mean B0=84.2429 homogen=4995.0106
mean B0=92.7571 homogen=6380.0567
mean B0=103.7525 homogen=41058.5834
mean B0=93.908 homogen=17615.8242
mean B0=98.9087 homogen=22724.6174
mean B0=88.473 homogen=3898.5271
mean B0=97.1866 homogen=37121.8226
mean B0=89.5491 homogen=6710.8895
mean B0=100.677 homogen=29642.7423
mean B0=71.3575 homogen=168743.2591
mean B0=89.3603 homogen=22670.7758
mean B0=82.816 homogen=81942.048
mean B0=103.0896 homogen=49071.7307
mean B0=97.5146 homogen=18540.473
   107 |     4280 |     40 |  0.000000E+00 |  0.000000E+00 |  0.0037336001 |             f
mean B0=95.7216 homogen=16732.9227
mean B0=101.8481 homogen=36072.0421
mean B0=100.7692 homogen=29456.2722
mean B0=99.828 homogen=27229.1
mean B0=96.77 homogen=14247.7812
mean B0=103.6346 homogen=39732.2658
mean B0=99.6599 homogen=20961.2217
mean B0=90.5462 homogen=8234.8231
mean B0=100.4766 homogen=25241.8559
mean B0=94.9095 homogen=47765.0374
mean B0=91.9208 homogen=35964.2159
mean B0=98.7812 homogen=19251.4346
mean B0=89.2898 homogen=21551.6967
mean B0=97.4836 homogen=17878.9203
mean B0=96.0005 homogen=21127.1124
mean B0=100.6297 homogen=25851.0517
mean B0=86.4694 homogen=84759.1297
mean B0=97.1774 homogen=14599.6001
mean B0=93.6036 homogen=30152.4699
mean B0=92.5001 homogen=20969.6176
mean B0=95.226 homogen=13326.833
mean B0=91.5452 homogen=6288.6621
mean B0=98.8007 homogen=29256.9733
mean B0=104.3532 homogen=41736.8912
mean B0=99.3997 homogen=19744.7303
mean B0=102.0614 homogen=36525.4015
mean B0=91.3293 homogen=6606.821
mean B0=93.0987 homogen=10588.2428
mean B0=101.572 homogen=32321.427
mean B0=96.8678 homogen=15103.4787
mean B0=100.4641 homogen=29125.0624
mean B0=104.5413 homogen=49438.2332
mean B0=93.2643 homogen=15708.4528
mean B0=88.2655 homogen=6163.6982
mean B0=71.9513 homogen=262970.8687
mean B0=99.4029 homogen=22734.1229
mean B0=94.8186 homogen=22067.3701
mean B0=84.2493 homogen=9174.809
mean B0=92.7571 homogen=6380.0567
mean B0=94.1496 homogen=18761.1331
   108 |     4320 |     40 |  0.000000E+00 |  0.000000E+00 |  0.0009099645 |             f
mean B0=103.3301 homogen=37510.3908
mean B0=92.4756 homogen=6463.3261
mean B0=98.3896 homogen=15886.6706
mean B0=101.419 homogen=41039.7273
mean B0=92.9853 homogen=25926.9376
mean B0=95.0727 homogen=29441.0498
mean B0=100.6296 homogen=25850.4906
mean B0=103.617 homogen=39639.0128
mean B0=90.6917 homogen=19570.5374
mean B0=99.5188 homogen=20745.2276
mean B0=101.416 homogen=54743.2778
mean B0=94.8735 homogen=10801.5911
mean B0=90.7426 homogen=19689.7226
mean B0=97.1877 homogen=14342.9432
mean B0=98.5882 homogen=18229.7252
mean B0=89.0359 homogen=5288.5937
mean B0=74.6955 homogen=57232.3786
mean B0=103.0835 homogen=38017.1085
mean B0=100.4702 homogen=25220.2217
mean B0=100.7568 homogen=29523.6303
mean B0=99.7392 homogen=25786.4533
mean B0=104.8902 homogen=52428.0023
mean B0=89.0641 homogen=51852.145
mean B0=96.8766 homogen=15482.1686
mean B0=91.9351 homogen=23035.4626
mean B0=97.7188 homogen=17528.5455
mean B0=74.9095 homogen=56847.6616
mean B0=94.8564 homogen=6651.2854
mean B0=83.4358 homogen=17500.0639
mean B0=97.1148 homogen=14050.971
mean B0=93.7264 homogen=19310.8733
mean B0=93.353 homogen=7584.4392
mean B0=94.9078 homogen=19407.9379
mean B0=87.2565 homogen=96576.0084
mean B0=99.0391 homogen=21827.2538
mean B0=77.4588 homogen=224452.9624
mean B0=90.1941 homogen=5586.9341
mean B0=99.2895 homogen=20933.5796
mean B0=85.6373 homogen=3066.9088
mean B0=90.2048 homogen=5586.3131
   109 |     4360 |     40 |  0.000000E+00 |  0.000000E+00 |  0.0027969752 |             f
mean B0=89.8931 homogen=33198.8272
mean B0=97.9944 homogen=30260.9813
mean B0=99.9353 homogen=62727.1982
mean B0=102.0242 homogen=36791.0072
mean B0=96.5098 homogen=12901.8849
mean B0=101.0864 homogen=30437.2555
mean B0=88.8367 homogen=8257.9171
mean B0=103.6807 homogen=39993.7822
mean B0=94.0453 homogen=9110.9501
mean B0=104.993 homogen=51697.1152
mean B0=100.6996 homogen=24240.6666
mean B0=99.4369 homogen=19922.2176
mean B0=85.6393 homogen=3289.8051
mean B0=103.8314 homogen=45313.6371
mean B0=88.5686 homogen=4105.0421
mean B0=103.12 homogen=52006.7666
mean B0=95.9544 homogen=16970.4553
mean B0=99.6559 homogen=23763.4112
mean B0=96.5528 homogen=13621.3009
mean B0=95.7833 homogen=13573.2925
mean B0=98.5344 homogen=18458.0962
mean B0=94.512 homogen=19690.7208
mean B0=85.5795 homogen=3368.5725
mean B0=104.3656 homogen=48664.991
mean B0=99.3529 homogen=19552.7763
mean B0=98.1122 homogen=17259.0537
mean B0=65.6361 homogen=293133.2911
mean B0=90.7112 homogen=6606.8347
mean B0=93.4379 homogen=9164.5976
mean B0=100.5357 homogen=26245.0656
mean B0=94.552 homogen=17252.6752
mean B0=101.0794 homogen=28758.1708
mean B0=100.2177 homogen=19657.4314
mean B0=95.8957 homogen=11236.7613
mean B0=88.4655 homogen=3923.7303
mean B0=93.0995 homogen=8147.5231
mean B0=98.6122 homogen=21190.7264
mean B0=67.9929 homogen=94955.917
mean B0=97.0776 homogen=15918.0563
mean B0=95.3472 homogen=16551.4024
   110 |     4400 |     40 |  0.000000E+00 |  0.000000E+00 |  0.0052573784 |         ideal
mean B0=90.8163 homogen=6445.0408
mean B0=65.8582 homogen=85745.0902
mean B0=101.605 homogen=32130.5924
mean B0=72.9252 homogen=55173.9707
mean B0=90.4531 homogen=7519.3652
mean B0=101.1773 homogen=22461.5511
mean B0=86.3008 homogen=14234.4459
mean B0=101.5685 homogen=34483.0285
mean B0=96.8814 homogen=16141.6495
mean B0=93.2218 homogen=20096.5536
mean B0=103.5376 homogen=47843.4515
mean B0=96.8096 homogen=11742.0777
mean B0=92.3274 homogen=18209.3311
mean B0=98.6534 homogen=21640.5787
mean B0=97.6026 homogen=16255.6491
mean B0=91.0499 homogen=50994.087
mean B0=103.3301 homogen=37510.3908
mean B0=99.3644 homogen=20874.8165
mean B0=99.6972 homogen=68566.8721
mean B0=96.5015 homogen=19301.5675
mean B0=90.9545 homogen=5411.72
mean B0=88.4772 homogen=3813.6302
mean B0=103.8316 homogen=45301.8283
mean B0=60.8798 homogen=76062.4786
mean B0=95.6082 homogen=12347.7877
mean B0=91.4953 homogen=6539.755
mean B0=95.4206 homogen=123805.0199
mean B0=99.818 homogen=22688.5759
mean B0=97.7585 homogen=24568.6636
mean B0=95.2396 homogen=16242.548
mean B0=97.2993 homogen=16226.5389
mean B0=96.3879 homogen=14327.824
mean B0=84.9108 homogen=16579.3417
mean B0=88.521 homogen=26345.7344
mean B0=95.8431 homogen=15649.0177
mean B0=97.2001 homogen=16479.5432
mean B0=97.1877 homogen=14342.9432
mean B0=97.4909 homogen=25103.6697
mean B0=104.9712 homogen=51434.5947
mean B0=93.0649 homogen=14496.9943
   111 |     4440 |     40 |  0.000000E+00 |  0.000000E+00 |  0.0031532639 |             f
mean B0=88.6959 homogen=3713.0806
mean B0=106.0285 homogen=38415.0451
mean B0=102.1624 homogen=32168.0151
mean B0=96.5098 homogen=12901.8849
mean B0=95.2162 homogen=11175.9735
mean B0=98.976 homogen=20111.7147
mean B0=103.1984 homogen=36549.9035
mean B0=93.4203 homogen=7447.5123
mean B0=98.7422 homogen=19729.5511
mean B0=86.0521 homogen=6599.2551
mean B0=92.4236 homogen=8589.9508
mean B0=86.5827 homogen=9976.3923
mean B0=84.0099 homogen=127286.1704
mean B0=88.7256 homogen=17867.3099
mean B0=93.3255 homogen=8354.4878
mean B0=96.432 homogen=25854.0911
mean B0=93.4927 homogen=40682.8173
mean B0=89.5742 homogen=24386.8374
mean B0=103.617 homogen=39639.0128
mean B0=56.8469 homogen=140983.0531
mean B0=95.7414 homogen=11267.462
mean B0=101.3484 homogen=36472.4293
mean B0=103.266 homogen=41817.2793
mean B0=98.3896 homogen=15886.6706
mean B0=90.8182 homogen=8439.9141
mean B0=104.2461 homogen=47646.9867
mean B0=101.9765 homogen=37025.1537
mean B0=58.88 homogen=80512.5643
mean B0=97.6337 homogen=15306.2368
mean B0=94.3562 homogen=12383.0347
mean B0=102.0098 homogen=28650.7815
mean B0=85.6502 homogen=130975.6706
mean B0=102.5804 homogen=34602.3374
mean B0=95.7642 homogen=28114.2979
mean B0=97.3196 homogen=15190.0785
mean B0=92.1718 homogen=19404.5735
mean B0=98.7215 homogen=22203.2528
mean B0=91.6267 homogen=6443.9807
mean B0=104.993 homogen=51697.1152
mean B0=97.6716 homogen=27011.0725
   112 |     4480 |     40 |  0.000000E+00 |  0.000000E+00 |  0.0057102540 |             f
mean B0=91.9609 homogen=6948.8079
mean B0=98.6905 homogen=16979.2351
mean B0=95.8953 homogen=15706.6103
mean B0=103.6871 homogen=45122.7864
mean B0=100.8583 homogen=67581.3588
mean B0=89.4873 homogen=6607.0145
mean B0=100.0294 homogen=24766.6367
mean B0=95.333 homogen=18093.5039
mean B0=99.6914 homogen=15899.7784
mean B0=92.5041 homogen=6972.3028
mean B0=85.2345 homogen=197684.7711
mean B0=82.3415 homogen=174996.2048
mean B0=97.5924 homogen=15486.4063
mean B0=92.2291 homogen=27602.2566
mean B0=102.1853 homogen=32272.7964
mean B0=100.5328 homogen=24042.0473
mean B0=95.7654 homogen=11437.1599
mean B0=88.7396 homogen=5041.2322
mean B0=96.138 homogen=31861.6198
mean B0=104.4216 homogen=45520.676
mean B0=102.1038 homogen=35534.8388
mean B0=85.365 homogen=3357.7766
mean B0=98.6886 homogen=20325.0342
mean B0=103.0828 homogen=35660.1332
mean B0=103.5425 homogen=39997.3487
mean B0=94.0977 homogen=10899.4971
mean B0=98.5496 homogen=37000.2862
mean B0=105.5686 homogen=53097.8711
mean B0=95.7841 homogen=15489.7805
mean B0=98.6023 homogen=17042.7421
mean B0=101.1438 homogen=22404.3802
mean B0=104.9041 homogen=52416.7854
mean B0=90.1927 homogen=4984.1034
mean B0=88.9496 homogen=30848.34
mean B0=87.9338 homogen=163329.7072
mean B0=100.2641 homogen=62156.8432
mean B0=98.5664 homogen=14265.8176
mean B0=96.2542 homogen=16911.2842
mean B0=88.4548 homogen=25362.8304
mean B0=98.6328 homogen=20475.861
   113 |     4520 |     40 |  0.000000E+00 |  0.000000E+00 |  0.0025542397 |             f
mean B0=102.1091 homogen=31925.7102
mean B0=98.9759 homogen=20111.8485
mean B0=104.2374 homogen=47745.3331
mean B0=96.1229 homogen=16943.0624
mean B0=102.2247 homogen=32507.9266
mean B0=91.0278 homogen=44840.4711
mean B0=90.9687 homogen=38185.9435
mean B0=104.9931 homogen=51695.272
mean B0=103.4439 homogen=37805.3806
mean B0=97.2783 homogen=14430.1549
mean B0=97.6337 homogen=15306.2368
mean B0=92.7571 homogen=6380.0567
mean B0=90.7996 homogen=4697.558
mean B0=95.9266 homogen=23412.3271
mean B0=95.8836 homogen=11216.3502
mean B0=96.3935 homogen=13498.937
mean B0=102.5498 homogen=40193.3879
mean B0=94.6762 homogen=12259.1805
mean B0=104.0873 homogen=36875.708
mean B0=85.171 homogen=145383.688
mean B0=98.4398 homogen=16032.719
mean B0=88.6959 homogen=3713.0806
mean B0=85.9407 homogen=70044.2579
mean B0=98.2068 homogen=51430.6033
mean B0=86.5277 homogen=145682.0344
mean B0=97.4232 homogen=34587.4335
mean B0=91.5526 homogen=6296.9821
mean B0=102.6487 homogen=79649.8388
mean B0=97.4416 homogen=44472.1092
mean B0=101.1801 homogen=23200.2384
mean B0=81.0435 homogen=135733.0875
mean B0=102.5804 homogen=34602.3374
mean B0=83.1032 homogen=25533.5597
mean B0=88.4357 homogen=17700.5427
mean B0=94.3873 homogen=11450.5323
mean B0=103.8833 homogen=40153.0035
mean B0=99.7426 homogen=21011.8632
mean B0=95.959 homogen=13076.2245
mean B0=92.4818 homogen=8472.4701
mean B0=90.489 homogen=25984.5343
   114 |     4560 |     40 |  0.000000E+00 |  0.000000E+00 |  0.0013469727 |             f
mean B0=105.473 homogen=46579.6685
mean B0=98.6905 homogen=16979.2351
mean B0=98.4141 homogen=21647.6386
mean B0=96.5088 homogen=12901.8225
mean B0=96.4908 homogen=18127.9818
mean B0=93.7978 homogen=9386.1768
mean B0=94.828 homogen=12562.8101
mean B0=97.9713 homogen=16286.0416
mean B0=99.4999 homogen=19475.8377
mean B0=98.2351 homogen=16038.1742
mean B0=94.843 homogen=6591.9336
mean B0=98.3048 homogen=16099.9111
mean B0=93.9926 homogen=16283.5186
mean B0=102.5919 homogen=37810.3297
mean B0=98.3476 homogen=17911.4872
mean B0=100.6764 homogen=35353.9544
mean B0=104.9736 homogen=51708.5075
mean B0=103.9741 homogen=36229.6504
mean B0=100.6245 homogen=28913.6792
mean B0=103.2675 homogen=37447.5615
mean B0=99.317 homogen=24116.4835
mean B0=94.8735 homogen=10801.5911
mean B0=98.5038 homogen=19069.7719
mean B0=103.4449 homogen=37806.3029
mean B0=101.3185 homogen=30577.3424
mean B0=91.8526 homogen=6194.6891
mean B0=89.9258 homogen=7816.8156
mean B0=85.0792 homogen=87393.0347
mean B0=101.7599 homogen=33405.8537
mean B0=92.8974 homogen=6234.1278
mean B0=104.4317 homogen=45571.1242
mean B0=85.207 homogen=6825.3539
mean B0=93.86 homogen=36160.6876
mean B0=99.8962 homogen=22181.4324
mean B0=93.5783 homogen=38499.1693
mean B0=85.4016 homogen=6236.7161
mean B0=102.2222 homogen=32307.5391
mean B0=92.6546 homogen=8845.6098
mean B0=105.1759 homogen=37880.959
mean B0=90.9876 homogen=5538.6534
   115 |     4600 |     40 |  0.000000E+00 |  0.000000E+00 |  0.0093556490 |         ideal
mean B0=93.2983 homogen=7334.6196
mean B0=94.8395 homogen=10528.1487
mean B0=97.7939 homogen=20786.6456
mean B0=98.8407 homogen=19337.3978
mean B0=89.1555 homogen=31156.1174
mean B0=86.4326 homogen=6382.7117
mean B0=86.8691 homogen=92089.3503
mean B0=102.9416 homogen=38251.0895
mean B0=91.6158 homogen=7169.0608
mean B0=70.011 homogen=90298.96
mean B0=97.0873 homogen=14531.8436
mean B0=89.8104 homogen=39796.4985
mean B0=96.7764 homogen=18826.4861
mean B0=100.9708 homogen=22133.917
mean B0=95.7967 homogen=11177.7677
mean B0=99.7727 homogen=20797.8339
mean B0=98.819 homogen=24221.0659
mean B0=92.7337 homogen=6215.1721
mean B0=99.4812 homogen=55361.9074
mean B0=96.5511 homogen=12945.5382
mean B0=100.1577 homogen=18569.0738
mean B0=88.6959 homogen=3713.0806
mean B0=86.0882 homogen=41549.6769
mean B0=97.1299 homogen=14268.3576
mean B0=68.7761 homogen=87895.3764
mean B0=85.3195 homogen=7832.0688
mean B0=96.4606 homogen=12983.9099
mean B0=101.13 homogen=21075.2344
mean B0=85.6315 homogen=3027.1991
mean B0=97.8896 homogen=24357.8437
mean B0=83.509 homogen=3699.1659
mean B0=93.1688 homogen=18749.8177
mean B0=94.633 homogen=13651.9783
mean B0=98.5776 homogen=16074.9697
mean B0=98.6906 homogen=16960.5922
mean B0=97.3622 homogen=14151.6332
mean B0=99.4101 homogen=21787.9938
mean B0=91.9967 homogen=27401.2573
mean B0=100.77 homogen=29461.9627
mean B0=105.1266 homogen=37841.2426
   116 |     4640 |     40 |  0.000000E+00 |  0.000000E+00 |  0.0017005748 |             f
mean B0=97.9616 homogen=25848.6346
mean B0=96.5349 homogen=12933.824
mean B0=97.5737 homogen=22234.5803
mean B0=93.1765 homogen=9778.4466
mean B0=99.456 homogen=20277.3767
mean B0=94.0298 homogen=9100.7687
mean B0=97.8262 homogen=53630.6203
mean B0=101.0596 homogen=21905.7213
mean B0=95.2858 homogen=25624.6442
mean B0=72.4077 homogen=34994.4547
mean B0=88.3814 homogen=13711.4899
mean B0=103.4445 homogen=37769.1575
mean B0=85.7055 homogen=16893.0679
mean B0=94.895 homogen=10912.2043
mean B0=99.7681 homogen=20792.4154
mean B0=93.5655 homogen=9120.9371
mean B0=101.4292 homogen=27243.3312
mean B0=92.108 homogen=45430.1132
mean B0=93.88 homogen=10358.6812
mean B0=96.9571 homogen=13247.4221
mean B0=100.1003 homogen=46356.5671
mean B0=96.5258 homogen=12918.887
mean B0=89.1654 homogen=5850.9494
mean B0=87.7012 homogen=4678.3767
mean B0=100.3343 homogen=21699.8976
mean B0=95.8116 homogen=11179.6323
mean B0=90.7337 homogen=28834.1286
mean B0=98.6695 homogen=19267.0788
mean B0=99.5068 homogen=19823.1767
mean B0=99.241 homogen=17110.8312
mean B0=91.0854 homogen=16604.1924
mean B0=102.0098 homogen=28669.512
mean B0=94.0185 homogen=54727.136
mean B0=93.2447 homogen=7007.5397
mean B0=102.5857 homogen=34603.6698
mean B0=101.4519 homogen=34248.8074
mean B0=101.0641 homogen=25219.9344
mean B0=89.1232 homogen=21616.3959
mean B0=92.467 homogen=6972.3738
mean B0=100.1634 homogen=21556.8266
   117 |     4680 |     40 |  0.000000E+00 |  0.000000E+00 |  0.0041185248 |             f
mean B0=89.8644 homogen=42910.6226
mean B0=93.6489 homogen=8007.9429
mean B0=89.0098 homogen=23880.6679
mean B0=101.2972 homogen=29352.1086
mean B0=87.0442 homogen=3702.4193
mean B0=94.7526 homogen=10819.8785
mean B0=98.4831 homogen=16334.4516
mean B0=100.9729 homogen=21775.6725
mean B0=100.2826 homogen=21838.6362
mean B0=94.0798 homogen=33579.1707
mean B0=94.0453 homogen=9110.9501
mean B0=98.6182 homogen=18687.2544
mean B0=92.6248 homogen=6183.822
mean B0=96.3692 homogen=53047.4189
mean B0=92.0794 homogen=100115.2618
mean B0=93.9504 homogen=119424.591
mean B0=90.5227 homogen=15945.0479
mean B0=99.6826 homogen=20397.4204
mean B0=95.6524 homogen=16621.1841
mean B0=98.3896 homogen=15886.6706
mean B0=89.3969 homogen=39717.7233
mean B0=95.8111 homogen=13403.6787
mean B0=98.4279 homogen=20569.8339
mean B0=72.2512 homogen=61123.5469
mean B0=93.7441 homogen=11435.6526
mean B0=92.7299 homogen=9539.8626
mean B0=103.2809 homogen=36368.9138
mean B0=99.2084 homogen=29645.0033
mean B0=93.3412 homogen=8890.9594
mean B0=95.36 homogen=30246.2428
mean B0=93.2447 homogen=7007.5397
mean B0=100.4621 homogen=22809.9694
mean B0=103.4044 homogen=33910.2748
mean B0=82.7198 homogen=116546.3052
mean B0=97.3932 homogen=14209.6112
mean B0=85.6315 homogen=3027.1991
mean B0=90.8081 homogen=14263.6794
mean B0=104.8798 homogen=37386.3794
mean B0=91.0965 homogen=5571.0669
mean B0=103.4449 homogen=37806.3029
   118 |     4720 |     40 |  0.000000E+00 |  0.000000E+00 |  0.0047382443 |             f
mean B0=93.6049 homogen=14727.612
mean B0=103.6492 homogen=38048.4347
mean B0=101.2291 homogen=22607.0462
mean B0=96.219 homogen=16595.8924
mean B0=93.6158 homogen=24940.7098
mean B0=94.4742 homogen=8879.5779
mean B0=95.9708 homogen=11898.7071
mean B0=90.5956 homogen=5478.7186
mean B0=98.3184 homogen=16828.43
mean B0=95.2586 homogen=17230.8929
mean B0=100.346 homogen=21491.099
mean B0=82.0015 homogen=17482.2233
mean B0=95.1238 homogen=12282.5991
mean B0=101.8882 homogen=37330.3942
mean B0=101.3144 homogen=22903.2478
mean B0=95.5619 homogen=11521.9477
mean B0=93.6799 homogen=19046.2203
mean B0=97.1119 homogen=17818.8994
mean B0=89.3371 homogen=18408.8445
mean B0=102.0041 homogen=29096.6538
mean B0=96.5509 homogen=12945.3361
mean B0=101.982 homogen=30273.0192
mean B0=103.3438 homogen=37204.6276
mean B0=97.6237 homogen=16110.8137
mean B0=94.7131 homogen=19374.0561
mean B0=85.9761 homogen=6043.4519
mean B0=93.713 homogen=6588.7594
mean B0=92.5221 homogen=7509.7387
mean B0=96.0501 homogen=11296.6001
mean B0=94.8745 homogen=12203.8952
mean B0=101.4172 homogen=27516.9517
mean B0=95.2091 homogen=29031.5076
mean B0=102.7722 homogen=34496.8327
mean B0=99.1678 homogen=43921.0823
mean B0=93.5039 homogen=7706.2781
mean B0=82.9903 homogen=17082.6885
mean B0=92.161 homogen=22900.7492
mean B0=92.9746 homogen=6360.5569
mean B0=90.5466 homogen=15231.0441
mean B0=100.1653 homogen=21190.6174
   119 |     4760 |     40 |  0.000000E+00 |  0.000000E+00 |  0.0013028110 |             f
mean B0=105.3016 homogen=37847.1194
mean B0=98.1212 homogen=17025.0776
mean B0=97.5753 homogen=52405.649
mean B0=95.3635 homogen=20546.0888
mean B0=99.9922 homogen=20679.3558
mean B0=94.798 homogen=10889.1459
mean B0=99.5501 homogen=20379.8124
mean B0=86.6879 homogen=21765.8981
mean B0=97.8921 homogen=17092.707
mean B0=90.5593 homogen=34536.7426
mean B0=94.9506 homogen=37664.6242
mean B0=94.9694 homogen=14099.044
mean B0=101.7563 homogen=27841.7043
mean B0=86.332 homogen=5002.0995
mean B0=77.6121 homogen=223989.2788
mean B0=98.3726 homogen=16002.0348
mean B0=88.9845 homogen=28639.8547
mean B0=92.5894 homogen=6128.6805
mean B0=94.0505 homogen=9085.101
mean B0=101.6266 homogen=23996.0654
mean B0=99.5308 homogen=23268.2183
mean B0=99.5781 homogen=19805.8284
mean B0=89.8972 homogen=26233.6876
mean B0=89.9402 homogen=11027.8681
mean B0=95.3853 homogen=34440.7171
mean B0=94.65 homogen=12494.9024
mean B0=82.4819 homogen=124942.0689
mean B0=99.2854 homogen=43312.825
mean B0=100.7289 homogen=26620.0152
mean B0=87.5829 homogen=14877.0498
mean B0=94.2513 homogen=37904.0412
mean B0=95.9132 homogen=13171.2913
mean B0=94.895 homogen=10912.2043
mean B0=92.7285 homogen=8140.3645
mean B0=88.7024 homogen=3690.7855
mean B0=97.5029 homogen=14497.3508
mean B0=101.3667 homogen=22762.6299
mean B0=93.4225 homogen=7446.6681
mean B0=100.1591 homogen=21217.1903
mean B0=97.7538 homogen=14675.5611
   120 |     4800 |     40 |  0.000000E+00 |  0.000000E+00 |  0.0063934009 |         ideal
mean B0=91.1472 homogen=15771.1162
mean B0=90.7172 homogen=20885.618
mean B0=100.1567 homogen=21224.1109
mean B0=103.9855 homogen=45923.462
mean B0=72.6169 homogen=58880.6491
mean B0=96.5275 homogen=16998.2151
mean B0=94.7683 homogen=22362.375
mean B0=95.1647 homogen=17178.1355
mean B0=95.0744 homogen=9871.0152
mean B0=98.7998 homogen=13935.7756
mean B0=98.4083 homogen=19231.4936
mean B0=94.7988 homogen=15919.8114
mean B0=93.1745 homogen=33072.1365
mean B0=84.9338 homogen=27163.7658
mean B0=92.3461 homogen=8507.0372
mean B0=100.2645 homogen=24744.7774
mean B0=97.2467 homogen=15034.9776
mean B0=97.9415 homogen=14935.3588
mean B0=96.5658 homogen=12698.7061
mean B0=102.894 homogen=29988.801
mean B0=90.284 homogen=59169.7465
mean B0=95.8149 homogen=27595.9139
mean B0=98.7896 homogen=19218.7584
mean B0=103.4024 homogen=33907.2345
mean B0=88.832 homogen=4102.0058
mean B0=95.9838 homogen=16402.4648
mean B0=88.6651 homogen=21454.2501
mean B0=99.4603 homogen=40764.975
mean B0=99.6478 homogen=20663.6533
mean B0=85.4752 homogen=13161.8126
mean B0=96.9322 homogen=15733.424
mean B0=88.1691 homogen=16798.5877
mean B0=95.7995 homogen=11171.766
mean B0=92.5508 homogen=11916.3012
mean B0=96.6963 homogen=12507.7017
mean B0=99.2221 homogen=19677.0618
mean B0=93.7361 homogen=8209.0899
mean B0=100.1127 homogen=21331.8365
mean B0=96.0857 homogen=16701.5633
mean B0=89.9313 homogen=5117.914
   121 |     4840 |     40 |  0.000000E+00 |  0.000000E+00 |  0.0016782854 |             f
mean B0=89.5697 homogen=43848.9857
mean B0=97.8017 homogen=19221.5878
mean B0=98.4176 homogen=15667.3541
mean B0=102.2882 homogen=31179.1047
mean B0=92.589 homogen=6126.629
mean B0=96.4712 homogen=40606.4007
mean B0=86.315 homogen=128131.288
mean B0=94.1569 homogen=9262.8963
mean B0=96.5806 homogen=13099.6342
mean B0=96.9701 homogen=19543.1321
mean B0=88.8715 homogen=28723.395
mean B0=97.107 homogen=28369.2327
mean B0=96.9993 homogen=17656.6236
mean B0=97.3409 homogen=14276.2822
mean B0=97.9719 homogen=14977.7856
mean B0=99.6262 homogen=19439.049
mean B0=105.3016 homogen=37847.1194
mean B0=101.6395 homogen=24020.3939
mean B0=89.089 homogen=5158.7411
mean B0=90.1199 homogen=16801.9328
mean B0=101.3667 homogen=22762.6299
mean B0=99.9819 homogen=20678.5403
mean B0=99.1951 homogen=19892.4979
mean B0=101.42 homogen=28694.704
mean B0=100.165 homogen=21191.9004
mean B0=91.2112 homogen=23182.2368
mean B0=104.7546 homogen=31809.2288
mean B0=92.8754 homogen=6270.2797
mean B0=83.3161 homogen=124950.7037
mean B0=97.3461 homogen=25291.0313
mean B0=89.9348 homogen=22566.1024
mean B0=69.5118 homogen=247147.5288
mean B0=102.3222 homogen=22455.6764
mean B0=103.4287 homogen=33708.3301
mean B0=87.0457 homogen=91018.3224
mean B0=93.8242 homogen=29722.6041
mean B0=94.8395 homogen=10528.1487
mean B0=92.544 homogen=22644.6745
mean B0=101.3617 homogen=23852.4796
mean B0=84.3486 homogen=14856.3767
   122 |     4880 |     40 |  0.000000E+00 |  0.000000E+00 |  0.0029390490 |             f
mean B0=101.6777 homogen=27989.5946
mean B0=92.5857 homogen=6090.7782
mean B0=98.1574 homogen=15465.7966
mean B0=88.0588 homogen=24391.3744
mean B0=94.7469 homogen=22386.1319
mean B0=97.3687 homogen=17341.8883
mean B0=91.1218 homogen=19780.2937
mean B0=101.4759 homogen=23154.2165
mean B0=98.0598 homogen=17426.414
mean B0=100.9533 homogen=21758.3345
mean B0=94.7604 homogen=12385.3373
mean B0=79.3493 homogen=141439.9909
mean B0=81.1522 homogen=135766.2344
mean B0=90.7996 homogen=4697.558
mean B0=96.401 homogen=27359.8948
mean B0=98.1965 homogen=18636.8983
mean B0=97.8446 homogen=15065.088
mean B0=84.9637 homogen=138034.7519
mean B0=71.6134 homogen=56447.4343
mean B0=103.5095 homogen=33350.0501
mean B0=101.7182 homogen=23959.0019
mean B0=88.7068 homogen=3703.7094
mean B0=93.5624 homogen=7796.6235
mean B0=93.3214 homogen=23303.8412
mean B0=102.693 homogen=29673.5104
mean B0=98.8717 homogen=21803.3266
mean B0=94.3071 homogen=15438.8485
mean B0=94.7266 homogen=11143.6898
mean B0=99.617 homogen=19448.8765
mean B0=97.9609 homogen=14951.6621
mean B0=89.2242 homogen=8907.3366
mean B0=92.7155 homogen=18734.3994
mean B0=67.8243 homogen=80631.7969
mean B0=101.3667 homogen=22762.6299
mean B0=98.619 homogen=19211.6514
mean B0=89.2138 homogen=6510.1564
mean B0=99.834 homogen=20191.1703
mean B0=96.3618 homogen=13453.2199
mean B0=95.4561 homogen=17433.2775
mean B0=105.2209 homogen=38286.0002
   123 |     4920 |     40 |  0.000000E+00 |  0.000000E+00 |  0.0017270203 |             f
mean B0=103.5095 homogen=33350.0501
mean B0=92.0602 homogen=33075.1976
mean B0=87.2965 homogen=12844.5371
mean B0=99.0945 homogen=20272.0384
mean B0=85.4057 homogen=132393.083
mean B0=97.3828 homogen=14205.1235
mean B0=99.8056 homogen=20100.6652
mean B0=100.0458 homogen=20793.5933
mean B0=90.6325 homogen=16517.165
mean B0=98.9295 homogen=20119.1062
mean B0=102.5072 homogen=28371.5101
mean B0=105.2521 homogen=38321.5642
mean B0=97.9415 homogen=14935.3588
mean B0=82.0161 homogen=14175.4502
mean B0=94.1009 homogen=9091.9014
mean B0=95.4455 homogen=23430.8196
mean B0=96.3286 homogen=15307.3101
mean B0=84.6402 homogen=15547.1635
mean B0=100.3297 homogen=21410.2013
mean B0=101.8059 homogen=24241.5994
mean B0=102.0097 homogen=28652.6237
mean B0=93.7616 homogen=8238.902
mean B0=91.2576 homogen=13632.3045
mean B0=94.5694 homogen=13118.7678
mean B0=102.2882 homogen=31182.4674
mean B0=95.7766 homogen=11117.5258
mean B0=104.9104 homogen=37544.6086
mean B0=74.1942 homogen=67858.6435
mean B0=95.763 homogen=21647.3098
mean B0=72.9139 homogen=156264.7987
mean B0=97.7267 homogen=15773.9446
mean B0=93.5999 homogen=7543.65
mean B0=85.6315 homogen=3027.1991
mean B0=94.8678 homogen=95083.2036
mean B0=94.789 homogen=10515.267
mean B0=96.2383 homogen=25878.475
mean B0=89.3357 homogen=15595.0929
mean B0=98.8002 homogen=17077.2428
mean B0=93.404 homogen=7445.072
mean B0=92.2806 homogen=6529.9743
   124 |     4960 |     40 |  0.000000E+00 |  0.000000E+00 |  0.0025272656 |             f
mean B0=92.9747 homogen=6360.4792
mean B0=98.1977 homogen=15304.3562
mean B0=89.9779 homogen=8909.7362
mean B0=90.7419 homogen=4610.9174
mean B0=105.4714 homogen=38559.2875
mean B0=93.9101 homogen=9878.057
mean B0=85.964 homogen=90225.0004
mean B0=94.789 homogen=10509.7067
mean B0=100.008 homogen=20751.1916
mean B0=101.13 homogen=23547.4883
mean B0=105.4825 homogen=35570.17
mean B0=97.7527 homogen=14845.5025
mean B0=99.4584 homogen=19149.1799
mean B0=100.1345 homogen=21553.831
mean B0=95.7778 homogen=11116.7112
mean B0=98.9021 homogen=49986.3744
mean B0=105.2409 homogen=38169.4728
mean B0=101.1537 homogen=31788.7773
mean B0=103.9625 homogen=33418.193
mean B0=93.7935 homogen=8163.2676
mean B0=101.4759 homogen=23154.2165
mean B0=91.0557 homogen=5313.5946
mean B0=95.4967 homogen=16965.3444
mean B0=93.4462 homogen=7494.0272
mean B0=99.1431 homogen=18253.4286
mean B0=97.3801 homogen=14210.6384
mean B0=99.2618 homogen=45366.5458
mean B0=94.8946 homogen=10907.1771
mean B0=102.0501 homogen=28696.276
mean B0=97.7229 homogen=14783.6006
mean B0=85.9955 homogen=3389.6955
mean B0=85.7872 homogen=3352.7977
mean B0=88.8364 homogen=4087.2586
mean B0=101.8414 homogen=27248.1334
mean B0=96.6947 homogen=12507.1799
mean B0=93.9805 homogen=28703.7802
mean B0=94.5354 homogen=8689.9036
mean B0=97.103 homogen=16508.2787
mean B0=100.1399 homogen=21565.789
mean B0=98.3812 homogen=15750.046
   125 |     5000 |     40 |  0.000000E+00 |  0.000000E+00 |  0.0085575850 |         ideal
mean B0=90.5676 homogen=10762.4365
mean B0=94.0716 homogen=8989.6698
mean B0=98.1727 homogen=19479.5326
mean B0=92.577 homogen=6521.5957
mean B0=93.4397 homogen=7182.4864
mean B0=100.1089 homogen=22470.049
mean B0=89.259 homogen=13385.0855
mean B0=100.0382 homogen=20863.976
mean B0=83.8879 homogen=26991.4741
mean B0=89.0683 homogen=4147.0651
mean B0=100.0069 homogen=21307.8533
mean B0=82.8385 homogen=32159.9503
mean B0=99.1473 homogen=18262.0892
mean B0=71.2607 homogen=316431.7643
mean B0=101.4943 homogen=22788.6428
mean B0=93.4501 homogen=16076.5476
mean B0=101.8147 homogen=29398.4105
mean B0=80.8084 homogen=162415.5567
mean B0=84.6413 homogen=38565.1172
mean B0=100.2441 homogen=24296.5127
mean B0=99.8311 homogen=19858.7716
mean B0=77.6959 homogen=52421.0147
mean B0=86.3606 homogen=9679.5749
mean B0=93.7935 homogen=8163.2676
mean B0=99.3972 homogen=19396.8756
mean B0=98.4486 homogen=25835.051
mean B0=98.1667 homogen=18768.8414
mean B0=92.8202 homogen=6193.2063
mean B0=91.951 homogen=33516.3227
mean B0=59.5505 homogen=103392.9561
mean B0=101.4356 homogen=22457.5397
mean B0=94.3322 homogen=11114.7478
mean B0=103.5053 homogen=33319.3166
mean B0=105.1553 homogen=39793.3682
mean B0=99.5149 homogen=19948.6871
mean B0=96.1129 homogen=14401.0586
mean B0=97.1723 homogen=13935.3063
mean B0=88.7024 homogen=3691.5796
mean B0=105.4493 homogen=38449.2483
mean B0=75.8189 homogen=54196.972
   126 |     5040 |     40 |  0.000000E+00 |  0.000000E+00 |  0.0020461025 |             f
mean B0=101.4657 homogen=24764.4185
mean B0=90.3802 homogen=24361.8793
mean B0=89.7682 homogen=30413.0257
mean B0=95.968 homogen=12276.5191
mean B0=95.862 homogen=14724.5918
mean B0=99.9186 homogen=20070.521
mean B0=98.849 homogen=57901.3956
mean B0=94.789 homogen=10509.7067
mean B0=90.3418 homogen=24859.0621
mean B0=92.8575 homogen=6245.9697
mean B0=57.8185 homogen=143825.5397
mean B0=96.6937 homogen=12772.1936
mean B0=89.7511 homogen=15087.515
mean B0=105.1032 homogen=39093.0271
mean B0=81.6902 homogen=133187.0469
mean B0=105.7404 homogen=39264.3713
mean B0=92.5857 homogen=6090.7782
mean B0=94.8499 homogen=11354.5469
mean B0=99.999 homogen=20466.5541
mean B0=95.3016 homogen=12844.08
mean B0=102.0098 homogen=28650.7815
mean B0=94.2624 homogen=25011.8125
mean B0=103.9356 homogen=33304.5108
mean B0=92.5142 homogen=6479.2647
mean B0=86.3439 homogen=7645.8359
mean B0=100.2559 homogen=21271.3619
mean B0=88.9019 homogen=5140.3834
mean B0=85.6315 homogen=3027.1991
mean B0=104.9787 homogen=37500.0242
mean B0=99.0353 homogen=44290.8743
mean B0=98.4719 homogen=18978.4498
mean B0=94.1568 homogen=8989.8193
mean B0=99.5623 homogen=32326.1855
mean B0=104.2903 homogen=32882.9431
mean B0=100.8604 homogen=20731.6495
mean B0=93.2106 homogen=7629.1339
mean B0=88.7024 homogen=3690.7855
mean B0=78.307 homogen=229375.6443
mean B0=102.2917 homogen=30388.0878
mean B0=103.0365 homogen=32676.234
   127 |     5080 |     40 |  0.000000E+00 |  0.000000E+00 |  0.0133761329 |         ideal
mean B0=104.2932 homogen=32899.2129
mean B0=96.6948 homogen=12509.261
mean B0=97.6136 homogen=21856.6189
mean B0=90.5107 homogen=4886.7864
mean B0=101.042 homogen=22290.6474
mean B0=91.5795 homogen=14648.5393
mean B0=98.488 homogen=16317.5327
mean B0=100.0414 homogen=27224.4743
mean B0=98.8987 homogen=21068.1631
mean B0=101.4356 homogen=22457.5397
mean B0=88.1713 homogen=24329.1031
mean B0=101.8056 homogen=24243.6041
mean B0=97.4795 homogen=16246.6176
mean B0=88.0316 homogen=7728.4096
mean B0=94.0526 homogen=14996.9165
mean B0=105.4837 homogen=38610.3294
mean B0=101.7231 homogen=23742.8529
mean B0=105.2125 homogen=36959.5718
mean B0=101.1909 homogen=21776.1475
mean B0=94.0825 homogen=8990.3407
mean B0=102.2887 homogen=30370.8673
mean B0=96.6963 homogen=12502.8015
mean B0=96.3606 homogen=23175.8649
mean B0=97.6159 homogen=14307.6314
mean B0=82.9749 homogen=22458.9685
mean B0=85.5786 homogen=15067.2139
mean B0=101.8364 homogen=27275.9453
mean B0=96.7661 homogen=16424.6919
mean B0=88.8056 homogen=14662.2809
mean B0=94.1569 homogen=9262.8963
mean B0=93.186 homogen=23004.5714
mean B0=99.8309 homogen=19852.7369
mean B0=96.0706 homogen=16289.0767
mean B0=105.6322 homogen=38820.7227
mean B0=90.5244 homogen=8507.9264
mean B0=100.8282 homogen=20622.7382
mean B0=92.1999 homogen=10074.6169
mean B0=96.8839 homogen=14253.1874
mean B0=95.1056 homogen=131597.4184
mean B0=99.1235 homogen=18221.1431
   128 |     5120 |     40 |  0.000000E+00 |  0.000000E+00 |  0.0015953882 |             f
mean B0=105.2198 homogen=36970.1968
mean B0=100.3378 homogen=23156.7014
mean B0=99.3647 homogen=19254.411
mean B0=94.7891 homogen=10513.2076
mean B0=89.1165 homogen=10810.8429
mean B0=100.6784 homogen=24115.5246
mean B0=79.1337 homogen=114093.2948
mean B0=90.9716 homogen=4744.772
mean B0=100.1415 homogen=23607.291
mean B0=100.826 homogen=20208.1818
mean B0=102.0501 homogen=28696.276
mean B0=99.5716 homogen=21881.736
mean B0=86.1245 homogen=14246.2608
mean B0=95.6821 homogen=12351.1813
mean B0=91.0596 homogen=5472.1053
mean B0=101.1598 homogen=21812.999
mean B0=90.3865 homogen=16420.1565
mean B0=93.4392 homogen=7187.3459
mean B0=98.2539 homogen=15461.7287
mean B0=94.2785 homogen=11651.3049
mean B0=93.5015 homogen=23678.9001
mean B0=105.4336 homogen=38545.9875
mean B0=102.9298 homogen=30105.6417
mean B0=84.7432 homogen=15473.9225
mean B0=74.1006 homogen=133425.6239
mean B0=85.8449 homogen=4804.1937
mean B0=90.4465 homogen=14831.9162
mean B0=102.0051 homogen=30216.6174
mean B0=97.0273 homogen=15485.0298
mean B0=101.4952 homogen=23192.4219
mean B0=98.0004 homogen=16232.0519
mean B0=105.3285 homogen=29144.864
mean B0=100.0073 homogen=20960.6637
mean B0=105.6292 homogen=40154.8541
mean B0=89.1105 homogen=4204.7854
mean B0=105.7732 homogen=39207.3741
mean B0=81.158 homogen=14560.547
mean B0=90.606 homogen=29751.2374
mean B0=97.4478 homogen=14641.112
mean B0=95.3921 homogen=11636.8207
   129 |     5160 |     40 |  0.000000E+00 |  0.000000E+00 |  0.0040248241 |             f
mean B0=105.2283 homogen=36914.9574
mean B0=92.9637 homogen=94319.2317
mean B0=85.6316 homogen=3026.995
mean B0=99.0601 homogen=19001.9651
mean B0=98.5933 homogen=16382.2492
mean B0=96.1728 homogen=63081.7486
mean B0=96.7957 homogen=12689.5331
mean B0=95.8794 homogen=23612.696
mean B0=102.7762 homogen=30044.624
mean B0=96.3162 homogen=16399.091
mean B0=102.8453 homogen=28939.3307
mean B0=101.9311 homogen=24309.2826
mean B0=98.2395 homogen=19728.5636
mean B0=88.6538 homogen=3856.4109
mean B0=99.8349 homogen=26814.5174
mean B0=94.0988 homogen=8925.4611
mean B0=105.128 homogen=36779.7682
mean B0=102.7681 homogen=30201.4597
mean B0=91.0963 homogen=5569.6585
mean B0=104.1257 homogen=32463.8998
mean B0=102.4367 homogen=20892.5708
mean B0=101.2338 homogen=21930.0661
mean B0=75.9553 homogen=31432.2151
mean B0=104.1531 homogen=39451.6547
mean B0=102.0193 homogen=24980.4788
mean B0=97.9981 homogen=25746.9953
mean B0=89.0215 homogen=4099.9265
mean B0=78.2608 homogen=159234.9382
mean B0=96.3295 homogen=36732.0223
mean B0=100.8275 homogen=20625.415
mean B0=94.8771 homogen=10156.8694
mean B0=94.5499 homogen=10657.9207
mean B0=97.5774 homogen=24040.4483
mean B0=93.0224 homogen=6353.5966
mean B0=100.1938 homogen=24474.895
mean B0=102.0166 homogen=28785.0338
mean B0=90.8102 homogen=4699.7301
mean B0=97.4768 homogen=14302.5377
mean B0=99.1242 homogen=18219.8855
mean B0=92.7182 homogen=6264.3216
   130 |     5200 |     40 |  0.000000E+00 |  0.000000E+00 |  0.0027274486 |             f
mean B0=105.6738 homogen=38692.0899
mean B0=97.9681 homogen=17576.2938
mean B0=93.4397 homogen=7182.4864
mean B0=96.6953 homogen=12608.9783
mean B0=85.6316 homogen=3026.995
mean B0=94.4741 homogen=8873.6397
mean B0=97.7421 homogen=15547.8406
mean B0=100.3985 homogen=20283.0657
mean B0=99.4786 homogen=18530.9914
mean B0=93.4614 homogen=28528.9589
mean B0=96.5007 homogen=12601.4578
mean B0=75.5866 homogen=68497.8141
mean B0=104.1308 homogen=32469.5355
mean B0=102.3556 homogen=29935.706
mean B0=105.0198 homogen=33957.3413
mean B0=93.1673 homogen=11184.8641
mean B0=93.9928 homogen=8823.6603
mean B0=105.3564 homogen=38358.7074
mean B0=100.8983 homogen=20857.2192
mean B0=100.8025 homogen=21361.5801
mean B0=102.115 homogen=25284.3904
mean B0=89.3245 homogen=5486.919
mean B0=94.8771 homogen=10156.8694
mean B0=101.6075 homogen=22968.6605
mean B0=97.6159 homogen=14307.631
mean B0=95.2519 homogen=11318.4209
mean B0=97.0948 homogen=16390.8781
mean B0=74.2826 homogen=73969.443
mean B0=92.8583 homogen=6626.3988
mean B0=95.6831 homogen=23877.808
mean B0=97.744 homogen=14565.4858
mean B0=92.5857 homogen=6090.7782
mean B0=90.8107 homogen=4867.1528
mean B0=99.0383 homogen=18217.2365
mean B0=96.4457 homogen=12894.7089
mean B0=74.5128 homogen=20282.8701
mean B0=85.2928 homogen=7768.5116
mean B0=105.2216 homogen=36885.3992
mean B0=100.7036 homogen=25489.0527
mean B0=103.0077 homogen=40324.1082
   131 |     5240 |     40 |  0.000000E+00 |  0.000000E+00 |  0.0011458016 |             f
mean B0=95.3405 homogen=15911.6534
mean B0=100.6983 homogen=36630.4407
mean B0=88.7023 homogen=3690.2922
mean B0=76.4147 homogen=209622.1096
mean B0=92.5859 homogen=6092.3039
mean B0=99.6932 homogen=19273.0228
mean B0=93.0219 homogen=6354.5986
mean B0=100.7694 homogen=21150.6582
mean B0=85.6281 homogen=3031.4342
mean B0=97.7441 homogen=14566.3795
mean B0=81.71 homogen=159513.8218
mean B0=93.5032 homogen=7589.2262
mean B0=97.5063 homogen=17959.4902
mean B0=85.3893 homogen=20369.0153
mean B0=94.8226 homogen=11104.6209
mean B0=90.7972 homogen=35348.3062
mean B0=91.0136 homogen=38596.8361
mean B0=91.4552 homogen=23323.8804
mean B0=104.2932 homogen=32899.2129
mean B0=102.7655 homogen=28897.9816
mean B0=94.2289 homogen=11500.55
mean B0=97.2278 homogen=22909.3632
mean B0=93.4397 homogen=7182.4864
mean B0=101.6149 homogen=23390.1877
mean B0=105.2282 homogen=36928.2159
mean B0=104.8991 homogen=35704.8187
mean B0=96.7968 homogen=12689.6061
mean B0=105.9894 homogen=40196.184
mean B0=98.2583 homogen=15465.342
mean B0=98.8002 homogen=17077.381
mean B0=90.7743 homogen=4628.9424
mean B0=95.6264 homogen=11016.9854
mean B0=91.542 homogen=88357.0283
mean B0=105.3564 homogen=38358.7074
mean B0=91.7261 homogen=98009.5459
mean B0=95.8923 homogen=34947.4841
mean B0=96.9269 homogen=37517.5503
mean B0=92.3299 homogen=21774.9946
mean B0=102.9298 homogen=30105.6417
mean B0=87.0829 homogen=32640.8117
   132 |     5280 |     40 |  0.000000E+00 |  0.000000E+00 |  0.0106170787 |         ideal
mean B0=72.1627 homogen=69175.8243
mean B0=99.267 homogen=23737.9808
mean B0=100.7685 homogen=20017.6251
mean B0=98.5165 homogen=16360.6912
mean B0=101.9217 homogen=24142.6923
mean B0=91.0965 homogen=5571.0669
mean B0=104.8189 homogen=37069.7938
mean B0=102.914 homogen=30108.3003
mean B0=90.882 homogen=6154.2654
mean B0=100.2219 homogen=24063.5929
mean B0=96.0442 homogen=11314.4192
mean B0=102.2526 homogen=25368.3628
mean B0=89.3216 homogen=13408.4581
mean B0=93.5715 homogen=7172.5723
mean B0=94.7617 homogen=9845.187
mean B0=105.3882 homogen=37572.4311
mean B0=89.6996 homogen=39235.1743
mean B0=102.0571 homogen=24206.562
mean B0=93.0224 homogen=6353.5966
mean B0=104.133 homogen=35606.8263
mean B0=88.7056 homogen=3716.6585
mean B0=97.4204 homogen=24010.2898
mean B0=85.6765 homogen=3129.3297
mean B0=96.6691 homogen=12474.1809
mean B0=91.9159 homogen=119057.8473
mean B0=100.9729 homogen=21775.6725
mean B0=103.4422 homogen=30979.4644
mean B0=98.2661 homogen=15455.5463
mean B0=101.1701 homogen=21954.6131
mean B0=105.0391 homogen=37028.3458
mean B0=101.4986 homogen=22796.3267
mean B0=85.9139 homogen=3733.9917
mean B0=91.199 homogen=17877.7098
mean B0=99.5849 homogen=20623.0312
mean B0=104.4273 homogen=33532.428
mean B0=102.125 homogen=28706.8304
mean B0=74.8868 homogen=119539.9372
mean B0=105.6415 homogen=39606.7673
mean B0=97.1723 homogen=13935.3063
mean B0=101.2231 homogen=21824.0294
   133 |     5320 |     40 |  0.000000E+00 |  0.000000E+00 |  0.0027712148 |             f
mean B0=85.0492 homogen=14716.4136
mean B0=95.0096 homogen=5795.7455
mean B0=66.7808 homogen=278080.4574
mean B0=96.0412 homogen=38521.0355
mean B0=94.0955 homogen=8918.945
mean B0=94.4001 homogen=25160.0802
mean B0=100.042 homogen=20361.869
mean B0=88.9368 homogen=6240.2172
mean B0=98.6804 homogen=33198.4683
mean B0=102.0105 homogen=24780.3195
mean B0=104.06 homogen=33907.5889
mean B0=104.3249 homogen=39009.1351
mean B0=93.2193 homogen=93126.8821
mean B0=105.35 homogen=37440.5984
mean B0=99.3183 homogen=13750.6874
mean B0=86.0851 homogen=7023.5818
mean B0=101.0181 homogen=21646.2646
mean B0=100.7948 homogen=20122.3345
mean B0=94.0215 homogen=42931.2362
mean B0=106.9066 homogen=50349.936
mean B0=88.5161 homogen=90817.6511
mean B0=94.0 homogen=9980.4002
mean B0=91.8001 homogen=103120.6633
mean B0=86.5522 homogen=141452.1634
mean B0=94.2155 homogen=25993.4674
mean B0=90.7159 homogen=19521.7471
mean B0=100.4481 homogen=22974.5686
mean B0=93.9628 homogen=9483.4855
mean B0=96.8195 homogen=23426.7475
mean B0=100.8083 homogen=22699.8336
mean B0=94.4442 homogen=27771.9626
mean B0=103.0848 homogen=70424.5584
mean B0=103.4527 homogen=30771.4212
mean B0=99.0713 homogen=18266.4045
mean B0=100.7338 homogen=24644.9965
mean B0=103.4758 homogen=35418.5871
mean B0=89.219 homogen=20789.3923
mean B0=93.5968 homogen=7214.6572
mean B0=98.461 homogen=31672.7848
mean B0=95.1011 homogen=12120.6531
   134 |     5360 |     40 |  0.000000E+00 |  0.000000E+00 |  0.0006542579 |             f
mean B0=100.149 homogen=36737.0852
mean B0=86.0794 homogen=92288.8853
mean B0=98.4921 homogen=23281.0791
mean B0=101.7918 homogen=24421.2011
mean B0=95.0944 homogen=11763.4234
mean B0=97.7304 homogen=23136.5448
mean B0=91.0559 homogen=16385.7891
mean B0=98.6172 homogen=16348.5589
mean B0=96.9516 homogen=23284.1903
mean B0=105.3098 homogen=37050.0198
mean B0=102.1722 homogen=24187.2553
mean B0=90.4512 homogen=13031.1796
mean B0=100.5986 homogen=29111.5571
mean B0=105.7443 homogen=39197.2199
mean B0=92.1683 homogen=12421.742
mean B0=98.2808 homogen=15208.3262
mean B0=89.7813 homogen=21933.5489
mean B0=105.1824 homogen=37140.2243
mean B0=84.8767 homogen=4575.075
mean B0=96.6871 homogen=12637.852
mean B0=98.0774 homogen=22311.9591
mean B0=87.7251 homogen=6956.5844
mean B0=106.5897 homogen=37994.4311
mean B0=99.252 homogen=18557.9788
mean B0=102.0247 homogen=26610.7983
mean B0=98.8196 homogen=35737.0624
mean B0=88.6673 homogen=17400.5953
mean B0=101.6125 homogen=23703.1604
mean B0=96.8631 homogen=16503.6176
mean B0=104.0529 homogen=32410.7881
mean B0=95.8238 homogen=24979.7992
mean B0=97.9196 homogen=21814.8983
mean B0=99.3208 homogen=18318.9134
mean B0=100.8541 homogen=20229.3482
mean B0=91.2361 homogen=12974.4711
mean B0=97.2333 homogen=14272.3937
mean B0=101.4108 homogen=22542.7506
mean B0=90.8902 homogen=4698.4252
mean B0=101.8651 homogen=24167.7811
mean B0=99.6028 homogen=18690.8473
   135 |     5400 |     40 |  0.000000E+00 |  0.000000E+00 |  0.0018604119 |             f
mean B0=90.156 homogen=43641.4271
mean B0=102.6559 homogen=28866.9918
mean B0=99.2997 homogen=19563.5431
mean B0=94.1949 homogen=25733.3009
mean B0=94.1387 homogen=32747.035
mean B0=105.7442 homogen=39167.422
mean B0=99.7758 homogen=23932.378
mean B0=96.9717 homogen=13972.6175
mean B0=86.7247 homogen=17955.3389
mean B0=92.2639 homogen=10759.2514
mean B0=95.327 homogen=23352.2908
mean B0=100.8544 homogen=20228.1944
mean B0=105.9892 homogen=40199.9353
mean B0=96.669 homogen=12468.2575
mean B0=94.1791 homogen=8660.4566
mean B0=97.4197 homogen=14136.8057
mean B0=87.9255 homogen=15354.6628
mean B0=91.1118 homogen=5548.1458
mean B0=96.4744 homogen=23464.5905
mean B0=104.2805 homogen=34254.4616
mean B0=84.6398 homogen=119244.9426
mean B0=101.5724 homogen=22611.0404
mean B0=89.6584 homogen=37968.2253
mean B0=96.9694 homogen=23266.9152
mean B0=96.2222 homogen=37356.9797
mean B0=104.4272 homogen=33533.2046
mean B0=98.6048 homogen=26407.8109
mean B0=94.2909 homogen=8867.0092
mean B0=94.129 homogen=8656.2339
mean B0=94.5026 homogen=9525.6958
mean B0=94.0636 homogen=15804.0289
mean B0=100.768 homogen=20018.3982
mean B0=92.1968 homogen=38778.4604
mean B0=101.0193 homogen=21648.9099
mean B0=93.7457 homogen=12289.6813
mean B0=99.3642 homogen=18556.2711
mean B0=86.3732 homogen=3762.9775
mean B0=83.2036 homogen=111448.8103
mean B0=95.7849 homogen=20194.0907
mean B0=103.0043 homogen=35504.8783
   136 |     5440 |     40 |  0.000000E+00 |  0.000000E+00 |  0.0034178712 |             f
mean B0=94.129 homogen=8656.2339
mean B0=98.6172 homogen=16348.5589
mean B0=86.3567 homogen=5231.5943
mean B0=102.6803 homogen=28968.2609
mean B0=101.4559 homogen=22498.0206
mean B0=99.6947 homogen=19276.2537
mean B0=101.8111 homogen=24457.3972
mean B0=101.4117 homogen=22549.8339
mean B0=100.8418 homogen=20490.1148
mean B0=94.9548 homogen=10804.3899
mean B0=88.6471 homogen=19630.1894
mean B0=97.1462 homogen=13851.137
mean B0=85.6099 homogen=38097.2382
mean B0=96.997 homogen=46647.5213
mean B0=94.14 homogen=9860.3616
mean B0=99.3642 homogen=18556.2711
mean B0=94.8892 homogen=11470.4249
mean B0=88.4658 homogen=4747.416
mean B0=103.1986 homogen=70938.0282
mean B0=104.0529 homogen=32410.7881
mean B0=98.2808 homogen=15208.3262
mean B0=94.5026 homogen=9525.6958
mean B0=105.0303 homogen=41127.7637
mean B0=105.7195 homogen=39025.4358
mean B0=93.6952 homogen=7957.4117
mean B0=80.1404 homogen=167778.6108
mean B0=99.2346 homogen=18537.05
mean B0=100.7677 homogen=20011.3439
mean B0=78.0722 homogen=52384.9465
mean B0=97.6808 homogen=14390.6517
mean B0=93.5698 homogen=21742.2796
mean B0=93.0468 homogen=6394.0953
mean B0=102.2518 homogen=25371.0015
mean B0=96.7328 homogen=41631.158
mean B0=101.1915 homogen=24949.6571
mean B0=90.8087 homogen=6975.916
mean B0=94.4612 homogen=11765.0443
mean B0=103.2263 homogen=31335.4622
mean B0=94.7617 homogen=9845.3396
mean B0=85.6316 homogen=3026.995
   137 |     5480 |     40 |  0.000000E+00 |  0.000000E+00 |  0.0012949143 |             f
mean B0=97.6666 homogen=15406.2944
mean B0=88.5402 homogen=5675.2794
mean B0=101.7771 homogen=24375.1508
mean B0=85.2449 homogen=6954.3716
mean B0=87.5958 homogen=18497.3807
mean B0=87.9481 homogen=54277.3182
mean B0=102.6761 homogen=28933.4602
mean B0=101.0416 homogen=24547.1145
mean B0=102.1462 homogen=28065.0813
mean B0=99.5048 homogen=18614.712
mean B0=99.7505 homogen=22032.8467
mean B0=90.9158 homogen=30058.5098
mean B0=101.5891 homogen=22883.0366
mean B0=84.4299 homogen=50406.2862
mean B0=94.9542 homogen=10797.7407
mean B0=97.366 homogen=25373.9047
mean B0=97.0069 homogen=13630.0628
mean B0=99.585 homogen=20899.426
mean B0=98.6172 homogen=16348.5589
mean B0=98.8259 homogen=22527.305
mean B0=97.8376 homogen=14767.4735
mean B0=100.1947 homogen=48482.5482
mean B0=105.2634 homogen=37031.9219
mean B0=88.9765 homogen=5836.3224
mean B0=92.7277 homogen=91823.7469
mean B0=99.3884 homogen=22811.9783
mean B0=98.6202 homogen=16359.45
mean B0=95.5706 homogen=24449.0782
mean B0=96.0443 homogen=11272.9229
mean B0=101.0473 homogen=20906.9989
mean B0=99.9911 homogen=21360.8811
mean B0=100.2221 homogen=51899.8713
mean B0=94.7808 homogen=25722.5022
mean B0=97.4743 homogen=20918.9491
mean B0=103.4533 homogen=30765.309
mean B0=96.9894 homogen=17109.1688
mean B0=87.4779 homogen=139631.8263
mean B0=104.7463 homogen=36774.7647
mean B0=92.5857 homogen=6090.7782
mean B0=105.3962 homogen=38847.3499
   138 |     5520 |     40 |  0.000000E+00 |  0.000000E+00 |  0.0023828209 |             f
mean B0=89.7701 homogen=44647.4976
mean B0=95.1843 homogen=11952.6285
mean B0=99.0434 homogen=17834.2934
mean B0=99.2773 homogen=20435.0806
mean B0=97.8645 homogen=17376.6641
mean B0=102.6194 homogen=29406.0395
mean B0=104.1286 homogen=33368.1815
mean B0=98.9091 homogen=21299.2109
mean B0=80.4366 homogen=229869.9345
mean B0=97.4086 homogen=25560.3467
mean B0=90.4956 homogen=8467.2708
mean B0=93.4496 homogen=23753.7524
mean B0=102.6921 homogen=28582.6409
mean B0=86.2901 homogen=47300.8273
mean B0=101.5238 homogen=20920.4232
mean B0=98.3559 homogen=18682.8137
mean B0=100.4325 homogen=37491.5732
mean B0=90.242 homogen=25093.3173
mean B0=104.9413 homogen=35010.3621
mean B0=85.8883 homogen=3157.4167
mean B0=98.1356 homogen=17582.5101
mean B0=86.2678 homogen=32551.5186
mean B0=100.7658 homogen=20433.4208
mean B0=94.9548 homogen=10804.3899
mean B0=84.0936 homogen=25116.6816
mean B0=99.6097 homogen=18765.3115
mean B0=93.6794 homogen=25322.033
mean B0=106.0894 homogen=41025.5288
mean B0=76.6601 homogen=249586.2646
mean B0=99.9326 homogen=35140.7492
mean B0=94.3344 homogen=8739.5085
mean B0=100.42 homogen=22545.082
mean B0=96.0176 homogen=11042.163
mean B0=105.682 homogen=38806.0139
mean B0=92.5122 homogen=97985.9702
mean B0=95.2789 homogen=35685.0938
mean B0=67.2497 homogen=197392.8103
mean B0=65.5904 homogen=75116.3752
mean B0=105.9459 homogen=41101.6229
mean B0=77.9796 homogen=136146.7862
   139 |     5560 |     40 |  0.000000E+00 |  0.000000E+00 |  0.0048901062 |         ideal
mean B0=104.3066 homogen=43056.7779
mean B0=95.3795 homogen=28617.7902
mean B0=96.0905 homogen=11652.41
mean B0=89.9576 homogen=13797.8412
mean B0=104.1811 homogen=32683.8291
mean B0=96.6674 homogen=12434.8877
mean B0=100.3771 homogen=21584.5615
mean B0=98.5341 homogen=22720.3774
mean B0=80.8519 homogen=31511.122
mean B0=90.7857 homogen=16336.8108
mean B0=100.0329 homogen=23252.9216
mean B0=105.3882 homogen=37572.4311
mean B0=98.676 homogen=16134.6787
mean B0=88.1152 homogen=11491.0344
mean B0=99.794 homogen=19578.7614
mean B0=105.6873 homogen=38814.903
mean B0=101.5891 homogen=22883.0366
mean B0=105.0808 homogen=36262.2787
mean B0=94.8293 homogen=11251.153
mean B0=94.7371 homogen=47377.3361
mean B0=99.2686 homogen=21911.0942
mean B0=92.0309 homogen=30342.9764
mean B0=98.8557 homogen=19327.7093
mean B0=100.4531 homogen=22273.875
mean B0=104.2987 homogen=33253.9057
mean B0=93.5991 homogen=7243.736
mean B0=88.3452 homogen=20834.8757
mean B0=98.5681 homogen=18096.0757
mean B0=75.4583 homogen=58717.9525
mean B0=90.4074 homogen=14915.565
mean B0=85.8296 homogen=25009.7462
mean B0=94.9542 homogen=10797.7407
mean B0=103.3887 homogen=31017.4463
mean B0=93.5217 homogen=14634.4018
mean B0=98.8374 homogen=19608.965
mean B0=104.9356 homogen=34993.8654
mean B0=86.121 homogen=3099.5823
mean B0=80.9226 homogen=129307.1165
mean B0=98.8807 homogen=20374.9739
mean B0=74.6907 homogen=258115.6741
   140 |     5600 |     40 |  0.000000E+00 |  0.000000E+00 |  0.0011445293 |             f
mean B0=104.2315 homogen=33372.0949
mean B0=105.106 homogen=36205.6133
mean B0=97.9887 homogen=14407.1783
mean B0=95.8862 homogen=11570.7436
mean B0=88.7023 homogen=3690.2922
mean B0=72.8672 homogen=68905.8656
mean B0=96.9665 homogen=16530.3347
mean B0=90.8784 homogen=104436.3329
mean B0=105.0302 homogen=35675.2188
mean B0=97.1547 homogen=21218.2348
mean B0=94.0171 homogen=10271.4166
mean B0=103.4736 homogen=30635.7942
mean B0=87.2765 homogen=6947.5414
mean B0=94.4638 homogen=12450.2213
mean B0=86.6 homogen=34498.5135
mean B0=80.3683 homogen=125148.0832
mean B0=92.8774 homogen=8202.1406
mean B0=103.9647 homogen=33209.8842
mean B0=84.7227 homogen=21839.1997
mean B0=104.7636 homogen=35809.0354
mean B0=95.1273 homogen=11152.9984
mean B0=101.5608 homogen=22932.2562
mean B0=99.7975 homogen=19639.8997
mean B0=69.3456 homogen=81985.7115
mean B0=105.6873 homogen=38814.694
mean B0=94.9037 homogen=13199.7085
mean B0=89.2419 homogen=5522.6674
mean B0=100.9195 homogen=26723.0174
mean B0=100.4516 homogen=21319.2012
mean B0=92.6684 homogen=13016.7176
mean B0=93.9967 homogen=13858.0518
mean B0=102.6723 homogen=28707.5582
mean B0=96.7096 homogen=12306.1207
mean B0=95.3213 homogen=16593.2086
mean B0=102.1425 homogen=25174.4719
mean B0=90.1268 homogen=16655.1416
mean B0=98.8451 homogen=17308.2323
mean B0=101.9283 homogen=23961.8111
mean B0=102.3948 homogen=28921.4492
mean B0=102.6139 homogen=19169.1496
   141 |     5640 |     40 |  0.000000E+00 |  0.000000E+00 |  0.0024615828 |             f
mean B0=77.5289 homogen=56007.8246
mean B0=102.6921 homogen=28582.3049
mean B0=96.7145 homogen=15757.0661
mean B0=85.4551 homogen=4039.9847
mean B0=90.0899 homogen=7341.1128
mean B0=94.3332 homogen=8607.3428
mean B0=87.0116 homogen=27760.0276
mean B0=91.178 homogen=13389.0279
mean B0=93.8268 homogen=10030.9468
mean B0=104.6503 homogen=35628.1415
mean B0=60.6673 homogen=79110.8672
mean B0=99.0434 homogen=17834.2934
mean B0=99.7527 homogen=19381.0643
mean B0=93.5632 homogen=8804.1686
mean B0=100.1923 homogen=20731.6008
mean B0=105.8965 homogen=40780.1589
mean B0=105.4739 homogen=37766.9069
mean B0=104.3467 homogen=33390.0757
mean B0=91.2781 homogen=11420.5908
mean B0=94.9847 homogen=10472.4599
mean B0=99.3197 homogen=17832.5639
mean B0=82.9316 homogen=28949.5662
mean B0=100.3177 homogen=22611.0555
mean B0=101.655 homogen=23212.4948
mean B0=101.5226 homogen=22958.2687
mean B0=92.4778 homogen=7422.1834
mean B0=93.6951 homogen=7959.2555
mean B0=91.1395 homogen=35114.6364
mean B0=78.5808 homogen=123344.6579
mean B0=100.4632 homogen=55966.4585
mean B0=63.8569 homogen=79624.5037
mean B0=102.2526 homogen=25368.3628
mean B0=97.9768 homogen=16210.9092
mean B0=99.1084 homogen=44514.4639
mean B0=104.4809 homogen=34632.8838
mean B0=102.1075 homogen=24274.6254
mean B0=101.798 homogen=23566.9552
mean B0=103.5546 homogen=30781.8231
mean B0=93.1423 homogen=21003.8348
mean B0=95.9799 homogen=11272.5938
   142 |     5680 |     40 |  0.000000E+00 |  0.000000E+00 |  0.0038385590 |             f
mean B0=96.0176 homogen=11042.163
mean B0=104.4689 homogen=45743.787
mean B0=101.1216 homogen=21681.8145
mean B0=104.9619 homogen=35116.9811
mean B0=93.8136 homogen=32774.174
mean B0=99.6878 homogen=19223.563
mean B0=103.1809 homogen=29866.3875
mean B0=91.9847 homogen=8898.4863
mean B0=90.5793 homogen=6891.7503
mean B0=105.7567 homogen=38201.4114
mean B0=100.7159 homogen=19852.3725
mean B0=103.1405 homogen=29733.7217
mean B0=94.3775 homogen=8692.6608
mean B0=83.2187 homogen=83624.2234
mean B0=99.4814 homogen=18479.095
mean B0=101.0531 homogen=20865.1157
mean B0=103.0291 homogen=29532.2942
mean B0=104.1065 homogen=33527.9611
mean B0=94.3539 homogen=8762.515
mean B0=95.2046 homogen=18576.3366
mean B0=89.1105 homogen=4204.7854
mean B0=86.6067 homogen=9732.4454
mean B0=100.1313 homogen=20486.2378
mean B0=98.8193 homogen=17437.2199
mean B0=94.5619 homogen=10960.2885
mean B0=90.5746 homogen=5076.0425
mean B0=99.2153 homogen=20161.146
mean B0=96.0858 homogen=15847.9172
mean B0=92.718 homogen=6292.3154
mean B0=101.4833 homogen=22596.7498
mean B0=98.7266 homogen=16283.6756
mean B0=103.1025 homogen=29598.2275
mean B0=85.5958 homogen=3020.1878
mean B0=101.9843 homogen=24336.4291
mean B0=107.7554 homogen=44346.4776
mean B0=85.6257 homogen=3090.4643
mean B0=105.5315 homogen=37832.5765
mean B0=70.1018 homogen=82035.2354
mean B0=105.9659 homogen=40133.8934
mean B0=95.8357 homogen=13301.1044
   143 |     5720 |     40 |  0.000000E+00 |  0.000000E+00 |  0.0028737661 |             f
mean B0=85.2958 homogen=144592.5928
mean B0=102.1311 homogen=24100.5982
mean B0=94.3751 homogen=8685.6344
mean B0=86.6381 homogen=7787.1439
mean B0=101.4182 homogen=23050.3788
mean B0=103.1587 homogen=30103.325
mean B0=98.7453 homogen=19997.1464
mean B0=94.1531 homogen=10710.0477
mean B0=98.6996 homogen=20659.9659
mean B0=98.6561 homogen=18429.7654
mean B0=101.0505 homogen=52882.514
mean B0=104.8484 homogen=34606.142
mean B0=103.5311 homogen=30899.0013
mean B0=100.9837 homogen=21198.6313
mean B0=103.4128 homogen=32658.865
mean B0=96.029 homogen=11073.852
mean B0=101.711 homogen=23051.3449
mean B0=97.2134 homogen=37459.5066
mean B0=97.1966 homogen=20050.3307
mean B0=101.4427 homogen=22511.1344
mean B0=101.6912 homogen=26558.1463
mean B0=98.6545 homogen=16304.3945
mean B0=93.8396 homogen=9472.5107
mean B0=88.6232 homogen=9757.7046
mean B0=94.445 homogen=8586.0428
mean B0=102.7149 homogen=28346.8478
mean B0=67.399 homogen=86199.5769
mean B0=94.1186 homogen=10767.5354
mean B0=101.2957 homogen=21980.2606
mean B0=102.401 homogen=46328.9704
mean B0=81.6645 homogen=109151.9625
mean B0=99.4261 homogen=18126.2877
mean B0=104.1308 homogen=33415.5728
mean B0=75.1478 homogen=69674.0992
mean B0=92.4644 homogen=7406.0655
mean B0=103.0171 homogen=29486.9231
mean B0=101.6658 homogen=24026.0022
mean B0=104.4011 homogen=34191.7025
mean B0=86.4931 homogen=10508.9456
mean B0=93.7287 homogen=8121.3069
   144 |     5760 |     40 |  0.000000E+00 |  0.000000E+00 |  0.0018889870 |             f
mean B0=100.513 homogen=22161.1585
mean B0=98.5969 homogen=22865.6426
mean B0=86.4991 homogen=14420.5429
mean B0=84.4007 homogen=18347.0492
mean B0=103.9945 homogen=31935.6232
mean B0=91.626 homogen=18468.7235
mean B0=105.7567 homogen=38201.4114
mean B0=101.0532 homogen=20859.3756
mean B0=97.2907 homogen=22236.9366
mean B0=97.95 homogen=22603.37
mean B0=103.9175 homogen=32102.2569
mean B0=89.2551 homogen=153213.304
mean B0=91.1358 homogen=13943.3408
mean B0=95.8734 homogen=23721.0433
mean B0=105.145 homogen=35841.9536
mean B0=85.5452 homogen=120091.8627
mean B0=101.7537 homogen=27807.842
mean B0=90.7822 homogen=30667.2303
mean B0=96.0113 homogen=11030.7372
mean B0=94.7291 homogen=11706.3837
mean B0=89.1462 homogen=27680.0392
mean B0=84.4644 homogen=143899.8082
mean B0=94.383 homogen=32975.5326
mean B0=96.9652 homogen=19014.3551
mean B0=93.1042 homogen=6646.1387
mean B0=89.3658 homogen=5737.6653
mean B0=75.2312 homogen=58586.4648
mean B0=106.0888 homogen=41027.2713
mean B0=94.5025 homogen=27818.821
mean B0=101.684 homogen=22879.1577
mean B0=93.9724 homogen=24177.8051
mean B0=104.4175 homogen=34319.0227
mean B0=90.4563 homogen=14593.0023
mean B0=97.6542 homogen=13807.996
mean B0=105.0463 homogen=36197.8208
mean B0=100.9828 homogen=24244.2948
mean B0=99.594 homogen=18404.701
mean B0=99.9443 homogen=19602.6417
mean B0=88.7072 homogen=3683.0281
mean B0=93.9459 homogen=101782.6238
   145 |     5800 |     40 |  0.000000E+00 |  0.000000E+00 |  0.0033910654 |             f
mean B0=97.6881 homogen=15305.6069
mean B0=105.5879 homogen=40363.8217
mean B0=70.4262 homogen=181886.659
mean B0=72.5217 homogen=83314.9533
mean B0=101.4187 homogen=22081.6045
mean B0=96.9852 homogen=19165.8185
mean B0=104.547 homogen=32800.5329
mean B0=96.0233 homogen=25089.607
mean B0=91.4452 homogen=16431.4533
mean B0=93.7287 homogen=8121.3069
mean B0=105.7567 homogen=38201.4114
mean B0=105.9356 homogen=39867.8497
mean B0=91.2699 homogen=13210.3923
mean B0=73.4921 homogen=71191.3757
mean B0=100.172 homogen=43085.3789
mean B0=102.7753 homogen=33689.162
mean B0=103.1772 homogen=30251.5307
mean B0=90.3943 homogen=10985.1407
mean B0=78.6057 homogen=233088.0416
mean B0=101.8967 homogen=36683.529
mean B0=99.9235 homogen=19148.5748
mean B0=100.0631 homogen=20235.9453
mean B0=96.2572 homogen=15744.3054
mean B0=96.7293 homogen=14677.8389
mean B0=101.9751 homogen=23830.671
mean B0=103.2388 homogen=43578.153
mean B0=93.5212 homogen=118970.0586
mean B0=79.1444 homogen=227356.0326
mean B0=90.8805 homogen=17242.4329
mean B0=103.5558 homogen=21195.8787
mean B0=70.8407 homogen=76158.3368
mean B0=87.9488 homogen=47087.7692
mean B0=92.0804 homogen=22536.657
mean B0=99.1892 homogen=20575.7957
mean B0=93.9569 homogen=20412.5291
mean B0=81.6853 homogen=21571.9447
mean B0=88.9047 homogen=16985.8425
mean B0=91.2034 homogen=10104.9932
mean B0=89.3844 homogen=80363.0452
mean B0=98.6324 homogen=23281.879
   146 |     5840 |     40 |  0.000000E+00 |  0.000000E+00 |  0.0013553435 |             f
mean B0=106.1714 homogen=40479.6823
mean B0=96.7597 homogen=12424.1097
mean B0=103.6855 homogen=31541.0312
mean B0=94.0461 homogen=26806.617
mean B0=91.9159 homogen=92824.2251
mean B0=95.3828 homogen=10706.131
mean B0=103.1901 homogen=30404.4633
mean B0=84.7046 homogen=3905.3497
mean B0=102.75 homogen=28476.2708
mean B0=78.1803 homogen=134063.7698
mean B0=91.9163 homogen=23343.8244
mean B0=70.1792 homogen=78525.5229
mean B0=104.035 homogen=31779.8482
mean B0=100.3011 homogen=21340.1785
mean B0=95.3296 homogen=24349.1646
mean B0=101.9737 homogen=23494.7735
mean B0=95.8491 homogen=12668.8919
mean B0=101.4994 homogen=20517.7467
mean B0=93.1041 homogen=35013.5247
mean B0=97.4101 homogen=18075.3651
mean B0=93.6185 homogen=95780.3051
mean B0=98.2312 homogen=15092.6429
mean B0=99.0878 homogen=19564.7643
mean B0=100.5225 homogen=46405.1179
mean B0=97.1461 homogen=13851.2592
mean B0=86.2436 homogen=7391.4316
mean B0=83.2891 homogen=27589.1873
mean B0=97.824 homogen=11640.1224
mean B0=101.0161 homogen=20731.5367
mean B0=102.2526 homogen=25368.41
mean B0=95.7228 homogen=29512.9796
mean B0=92.1026 homogen=13973.596
mean B0=99.9062 homogen=19732.5565
mean B0=99.6541 homogen=20708.8713
mean B0=101.5819 homogen=20945.3729
mean B0=105.3018 homogen=36595.3049
mean B0=93.5973 homogen=12103.2039
mean B0=104.8484 homogen=34606.142
mean B0=105.2146 homogen=41377.9781
mean B0=90.9719 homogen=39900.8619
   147 |     5880 |     40 |  0.000000E+00 |  0.000000E+00 |  0.0039841857 |         ideal
mean B0=91.487 homogen=39406.0148
mean B0=96.0113 homogen=11030.7372
mean B0=99.5809 homogen=18459.8706
mean B0=98.3871 homogen=19035.4935
mean B0=102.093 homogen=24748.8687
mean B0=97.1468 homogen=13847.1536
mean B0=88.889 homogen=29119.9544
mean B0=101.0332 homogen=20825.1253
mean B0=82.6624 homogen=37776.8141
mean B0=102.9711 homogen=40356.9423
mean B0=107.3109 homogen=41945.85
mean B0=96.3206 homogen=11946.438
mean B0=106.3819 homogen=40921.3194
mean B0=92.7292 homogen=23110.6872
mean B0=102.7149 homogen=28346.8478
mean B0=85.794 homogen=5125.5233
mean B0=95.3742 homogen=11434.8323
mean B0=103.8861 homogen=31159.7292
mean B0=66.4672 homogen=82877.3058
mean B0=76.2386 homogen=29148.3487
mean B0=105.3038 homogen=36600.0851
mean B0=105.2317 homogen=29071.0623
mean B0=103.1932 homogen=29922.0995
mean B0=103.5891 homogen=30915.5207
mean B0=91.1157 homogen=5878.5292
mean B0=104.8477 homogen=34608.9296
mean B0=98.5928 homogen=15877.016
mean B0=100.2396 homogen=20236.0091
mean B0=101.7288 homogen=23709.2872
mean B0=98.6841 homogen=19409.014
mean B0=99.7012 homogen=19444.3185
mean B0=93.7272 homogen=8348.604
mean B0=93.5811 homogen=9044.6912
mean B0=93.8198 homogen=31839.353
mean B0=94.9847 homogen=10472.4599
mean B0=101.886 homogen=27955.038
mean B0=97.9899 homogen=14643.5445
mean B0=105.294 homogen=36502.4097
mean B0=101.4261 homogen=22870.3292
mean B0=89.2848 homogen=3859.5149
   148 |     5920 |     40 |  0.000000E+00 |  0.000000E+00 |  0.0101285484 |         ideal
mean B0=97.873 homogen=16453.2884
mean B0=105.3213 homogen=36621.0546
mean B0=93.6952 homogen=7957.4117
mean B0=90.575 homogen=9619.6675
mean B0=105.9354 homogen=39869.388
mean B0=100.5931 homogen=20825.5658
mean B0=101.6535 homogen=27411.3047
mean B0=91.5073 homogen=4409.0747
mean B0=96.7332 homogen=12570.775
mean B0=101.9735 homogen=23493.5155
mean B0=85.88 homogen=5652.0247
mean B0=102.6121 homogen=28060.7309
mean B0=102.7312 homogen=29120.651
mean B0=91.5655 homogen=61386.2062
mean B0=95.3974 homogen=22493.9399
mean B0=100.5454 homogen=19273.4281
mean B0=75.2312 homogen=58586.4648
mean B0=94.8109 homogen=23861.6905
mean B0=98.7579 homogen=23414.7126
mean B0=95.4051 homogen=10970.1089
mean B0=90.834 homogen=5367.1692
mean B0=97.1172 homogen=13806.58
mean B0=93.1042 homogen=6646.1387
mean B0=99.8533 homogen=19871.7553
mean B0=106.0394 homogen=41750.727
mean B0=103.0446 homogen=30384.6078
mean B0=100.9536 homogen=23129.3722
mean B0=96.9987 homogen=14536.9172
mean B0=102.2802 homogen=25203.114
mean B0=102.1312 homogen=24099.2045
mean B0=84.7152 homogen=24410.0648
mean B0=104.9935 homogen=35197.5041
mean B0=101.4055 homogen=22255.1628
mean B0=99.7934 homogen=22414.0548
mean B0=94.0905 homogen=23101.8184
mean B0=93.6613 homogen=11010.4021
mean B0=105.7567 homogen=38201.4114
mean B0=94.4964 homogen=18320.5943
mean B0=98.9735 homogen=19556.5993
mean B0=96.2969 homogen=15617.5409
   149 |     5960 |     40 |  0.000000E+00 |  0.000000E+00 |  0.0023774043 |             f
mean B0=79.3739 homogen=136717.2707
mean B0=73.0868 homogen=70428.6971
mean B0=93.4079 homogen=10381.9789
mean B0=94.3687 homogen=8692.0974
mean B0=96.4324 homogen=11887.0016
mean B0=98.8059 homogen=20993.4559
mean B0=103.9771 homogen=31615.1759
mean B0=105.8336 homogen=38814.1846
mean B0=105.9178 homogen=40369.5337
mean B0=100.1814 homogen=21248.1099
mean B0=93.0612 homogen=35017.4373
mean B0=98.7052 homogen=17788.7896
mean B0=99.5311 homogen=23863.9659
mean B0=100.5645 homogen=23785.2542
mean B0=105.6986 homogen=38882.92
mean B0=105.3191 homogen=36610.9612
mean B0=98.0021 homogen=14669.9653
mean B0=97.9321 homogen=14235.7055
mean B0=93.6065 homogen=7330.0669
mean B0=88.5285 homogen=19412.4111
mean B0=89.4234 homogen=5531.8185
mean B0=89.1925 homogen=28180.1571
mean B0=104.7865 homogen=34627.5386
mean B0=95.0578 homogen=10801.611
mean B0=94.3959 homogen=8707.7167
mean B0=105.2277 homogen=37007.1283
mean B0=83.345 homogen=193373.2622
mean B0=100.7084 homogen=19708.6184
mean B0=103.2001 homogen=29216.2179
mean B0=100.8882 homogen=26642.7168
mean B0=85.5929 homogen=10383.8561
mean B0=105.293 homogen=36511.0262
mean B0=94.1026 homogen=43543.0878
mean B0=98.84 homogen=17325.4031
mean B0=105.2181 homogen=36106.8633
mean B0=96.7617 homogen=12427.6921
mean B0=94.8801 homogen=34315.2541
mean B0=83.2782 homogen=131261.4601
mean B0=93.3809 homogen=8150.4546
mean B0=99.5906 homogen=18398.2223
   150 |     6000 |     40 |  0.000000E+00 |  0.000000E+00 |  0.0040761900 |             f
mean B0=98.0021 homogen=14669.9653
mean B0=90.8914 homogen=14840.7374
mean B0=102.1979 homogen=24878.5181
mean B0=96.968 homogen=21157.6786
mean B0=105.3321 homogen=36641.198
mean B0=97.9321 homogen=14238.0468
mean B0=97.0537 homogen=13178.3104
mean B0=59.5191 homogen=101441.8716
mean B0=100.8292 homogen=22539.3266
mean B0=98.6354 homogen=15828.3206
mean B0=98.9845 homogen=22659.3861
mean B0=100.5696 homogen=19315.321
mean B0=84.2738 homogen=37133.4683
mean B0=99.3268 homogen=18808.1979
mean B0=101.6007 homogen=22607.2118
mean B0=103.0941 homogen=26788.1648
mean B0=103.039 homogen=43437.2742
mean B0=98.3308 homogen=40249.6889
mean B0=99.1295 homogen=30484.3443
mean B0=93.843 homogen=7744.0173
mean B0=83.4314 homogen=82546.0923
mean B0=90.8092 homogen=16354.0155
mean B0=89.2716 homogen=20563.3443
mean B0=91.2603 homogen=34273.8826
mean B0=96.7303 homogen=12363.4708
mean B0=102.6119 homogen=28063.9068
mean B0=104.056 homogen=32281.1617
mean B0=106.2664 homogen=39134.01
mean B0=98.219 homogen=28124.0202
mean B0=100.6673 homogen=19857.7424
mean B0=97.4636 homogen=25685.3967
mean B0=102.7679 homogen=32697.3339
mean B0=101.8458 homogen=21851.5625
mean B0=94.9037 homogen=34589.4657
mean B0=101.7961 homogen=23301.8948
mean B0=100.0111 homogen=25179.8341
mean B0=99.4989 homogen=23067.8837
mean B0=103.4184 homogen=32256.1437
mean B0=101.3987 homogen=22009.7184
mean B0=80.7164 homogen=29476.062
   151 |     6040 |     40 |  0.000000E+00 |  0.000000E+00 |  0.0036619514 |             f
mean B0=85.5687 homogen=3047.9691
mean B0=92.6488 homogen=6187.8586
mean B0=98.6323 homogen=18028.349
mean B0=84.8532 homogen=30611.751
mean B0=96.2009 homogen=13826.4407
mean B0=97.475 homogen=16714.6688
mean B0=97.8422 homogen=32434.8883
mean B0=98.0075 homogen=14432.9755
mean B0=96.4321 homogen=11889.6928
mean B0=101.6004 homogen=22601.9717
mean B0=102.1089 homogen=24014.7116
mean B0=105.0912 homogen=35695.0037
mean B0=101.5065 homogen=21906.895
mean B0=101.0182 homogen=20813.4223
mean B0=103.442 homogen=30600.1548
mean B0=98.0303 homogen=14722.188
mean B0=101.4269 homogen=23899.5145
mean B0=103.9771 homogen=31615.1759
mean B0=92.6477 homogen=37196.6451
mean B0=105.3321 homogen=36641.198
mean B0=86.1491 homogen=3077.2046
mean B0=83.6249 homogen=33339.6758
mean B0=106.6118 homogen=42071.0123
mean B0=102.6408 homogen=30863.9288
mean B0=95.5336 homogen=16965.2485
mean B0=97.4699 homogen=26404.0197
mean B0=94.4296 homogen=42034.6964
mean B0=99.5165 homogen=18729.2245
mean B0=97.1468 homogen=13847.4337
mean B0=94.984 homogen=10479.0594
mean B0=95.4119 homogen=11017.6923
mean B0=105.4668 homogen=36586.1223
mean B0=100.0755 homogen=19862.0032
mean B0=101.7696 homogen=18017.5971
mean B0=105.5989 homogen=37308.7179
mean B0=104.1014 homogen=33353.1905
mean B0=103.5414 homogen=26439.4939
mean B0=97.0537 homogen=13178.3104
mean B0=103.0207 homogen=24403.7631
mean B0=88.7072 homogen=3683.0281
   152 |     6080 |     40 |  0.000000E+00 |  0.000000E+00 |  0.0109379983 |         ideal
mean B0=100.9639 homogen=20441.9684
mean B0=100.7206 homogen=19851.1319
mean B0=106.3804 homogen=39556.5714
mean B0=105.0913 homogen=35695.7908
mean B0=98.0892 homogen=19187.6522
mean B0=99.594 homogen=18404.701
mean B0=93.5086 homogen=21364.2045
mean B0=101.2003 homogen=21387.4606
mean B0=103.344 homogen=26535.5624
mean B0=101.3712 homogen=58982.6084
mean B0=93.8003 homogen=7678.1432
mean B0=71.4524 homogen=74140.1339
mean B0=85.5303 homogen=7184.4578
mean B0=98.8098 homogen=23380.3994
mean B0=105.5989 homogen=37308.7179
mean B0=91.5671 homogen=4839.0076
mean B0=96.1358 homogen=13200.9575
mean B0=88.3237 homogen=100811.1226
mean B0=95.9027 homogen=27295.5089
mean B0=99.1105 homogen=42932.4862
mean B0=101.0208 homogen=33500.9261
mean B0=98.8394 homogen=17264.9285
mean B0=104.0254 homogen=33121.6015
mean B0=91.1155 homogen=94221.6996
mean B0=95.6236 homogen=26267.613
mean B0=97.9321 homogen=14235.7055
mean B0=96.4314 homogen=24633.4733
mean B0=95.6225 homogen=23024.9548
mean B0=102.0215 homogen=25443.5149
mean B0=95.1347 homogen=11407.2623
mean B0=97.1001 homogen=13271.9879
mean B0=94.3668 homogen=47442.214
mean B0=105.6726 homogen=29810.8237
mean B0=98.8768 homogen=19334.9634
mean B0=93.6065 homogen=7330.0669
mean B0=103.3732 homogen=30250.2383
mean B0=97.4836 homogen=15347.1156
mean B0=100.4442 homogen=30036.165
mean B0=98.1756 homogen=23359.5465
mean B0=92.4735 homogen=6252.2439
   153 |     6120 |     40 |  0.000000E+00 |  0.000000E+00 |  0.0012862100 |             f
mean B0=102.8941 homogen=28383.8828
mean B0=98.8499 homogen=17234.2277
mean B0=95.8573 homogen=28091.8305
mean B0=106.3828 homogen=40917.1888
mean B0=98.5956 homogen=15716.6468
mean B0=97.1608 homogen=24025.298
mean B0=102.5762 homogen=37778.5184
mean B0=95.9023 homogen=22240.5738
mean B0=104.6126 homogen=33877.6476
mean B0=98.8599 homogen=22156.8711
mean B0=100.6495 homogen=58376.6085
mean B0=96.4464 homogen=17454.4807
mean B0=86.9113 homogen=30829.2143
mean B0=103.3732 homogen=30250.2383
mean B0=104.5102 homogen=35343.9773
mean B0=99.4218 homogen=18008.2115
mean B0=104.8513 homogen=34613.001
mean B0=90.5544 homogen=17434.9626
mean B0=92.6827 homogen=10239.5189
mean B0=98.0216 homogen=14201.7998
mean B0=101.5032 homogen=21967.3188
mean B0=85.5871 homogen=3047.6582
mean B0=93.9506 homogen=24901.7663
mean B0=89.3959 homogen=90085.1011
mean B0=84.9776 homogen=15495.3663
mean B0=98.2079 homogen=25197.2357
mean B0=99.8528 homogen=18900.5931
mean B0=101.6702 homogen=45696.5318
mean B0=99.8139 homogen=20973.4187
mean B0=104.2829 homogen=40856.9553
mean B0=99.5985 homogen=18429.0786
mean B0=96.7012 homogen=25022.8104
mean B0=89.1815 homogen=12161.8928
mean B0=104.056 homogen=32281.1617
mean B0=102.7301 homogen=64937.2876
mean B0=102.8588 homogen=26432.1759
mean B0=101.7924 homogen=23297.4047
mean B0=90.6299 homogen=13973.3864
mean B0=96.5713 homogen=14588.735
mean B0=101.4211 homogen=21780.9209
   154 |     6160 |     40 |  0.000000E+00 |  0.000000E+00 |  0.0026171146 |             f
mean B0=98.0895 homogen=14534.8414
mean B0=92.783 homogen=8173.6124
mean B0=98.9083 homogen=33805.228
mean B0=102.6926 homogen=22803.4725
mean B0=96.1723 homogen=13623.5959
mean B0=97.9087 homogen=15124.4181
mean B0=102.85 homogen=32143.7042
mean B0=101.2205 homogen=22101.5927
mean B0=106.3306 homogen=39428.8826
mean B0=100.2336 homogen=19830.9397
mean B0=93.9312 homogen=7862.6607
mean B0=94.9847 homogen=10472.4599
mean B0=103.711 homogen=24414.6568
mean B0=89.7639 homogen=7607.0057
mean B0=106.1375 homogen=39953.6214
mean B0=72.3202 homogen=72200.3345
mean B0=104.0639 homogen=32239.5976
mean B0=96.483 homogen=11959.0114
mean B0=102.4609 homogen=25818.9885
mean B0=102.929 homogen=26662.98
mean B0=92.81 homogen=24036.1248
mean B0=93.2228 homogen=10020.1691
mean B0=91.2513 homogen=10049.1052
mean B0=85.9119 homogen=3624.9194
mean B0=96.2149 homogen=22718.27
mean B0=104.784 homogen=33182.1606
mean B0=89.2979 homogen=5228.325
mean B0=86.4265 homogen=15627.7722
mean B0=100.7769 homogen=20037.6161
mean B0=103.4111 homogen=26201.7787
mean B0=105.3633 homogen=36302.0459
mean B0=103.442 homogen=30600.1548
mean B0=94.5946 homogen=10606.4489
mean B0=97.0537 homogen=13178.3104
mean B0=101.2152 homogen=21118.6789
mean B0=106.5647 homogen=42655.7215
mean B0=106.8431 homogen=42306.7198
mean B0=95.3642 homogen=10975.9526
mean B0=89.1447 homogen=9647.1908
mean B0=98.7845 homogen=17472.7562
   155 |     6200 |     40 |  0.000000E+00 |  0.000000E+00 |  0.0108852707 |         ideal
mean B0=98.5693 homogen=15668.0194
mean B0=100.8473 homogen=20152.0147
mean B0=94.0853 homogen=105259.9509
mean B0=104.118 homogen=32660.2599
mean B0=91.5492 homogen=4214.4173
mean B0=95.4122 homogen=11021.5036
mean B0=85.749 homogen=3204.1385
mean B0=95.1704 homogen=10645.649
mean B0=100.4591 homogen=22869.7735
mean B0=88.7072 homogen=3683.0281
mean B0=92.697 homogen=6139.778
mean B0=104.8755 homogen=34223.9843
mean B0=102.2802 homogen=25203.114
mean B0=100.6933 homogen=19563.9274
mean B0=102.3926 homogen=29523.1433
mean B0=106.2838 homogen=33870.3011
mean B0=90.1567 homogen=13556.0759
mean B0=104.2112 homogen=32702.6884
mean B0=86.6409 homogen=17120.7405
mean B0=105.4163 homogen=37255.8979
mean B0=98.8751 homogen=17185.1437
mean B0=95.9342 homogen=11911.0307
mean B0=107.0926 homogen=43685.9695
mean B0=70.6069 homogen=77063.2643
mean B0=101.747 homogen=23551.0185
mean B0=101.2132 homogen=21113.6042
mean B0=106.3594 homogen=41729.5475
mean B0=105.1169 homogen=35879.9169
mean B0=85.319 homogen=7833.2795
mean B0=89.1105 homogen=4204.7854
mean B0=92.9904 homogen=6594.3611
mean B0=102.1083 homogen=23926.302
mean B0=91.5671 homogen=4839.0076
mean B0=102.942 homogen=26473.2456
mean B0=106.358 homogen=37844.9721
mean B0=87.9019 homogen=40071.9958
mean B0=96.6969 homogen=15008.3875
mean B0=106.2077 homogen=39805.1437
mean B0=84.3097 homogen=36890.2166
mean B0=102.6392 homogen=26839.9746
   156 |     6240 |     40 |  0.000000E+00 |  0.000000E+00 |  0.0116087613 |         ideal
mean B0=99.5496 homogen=24226.0411
mean B0=105.9566 homogen=39127.2504
mean B0=101.8908 homogen=23217.5484
mean B0=69.744 homogen=77500.2
mean B0=101.7732 homogen=26464.2157
mean B0=93.843 homogen=7744.0173
mean B0=106.0787 homogen=38992.7014
mean B0=95.6834 homogen=21807.8186
mean B0=106.1881 homogen=39969.6227
mean B0=95.057 homogen=9573.6215
mean B0=79.798 homogen=132184.48
mean B0=97.0802 homogen=135630.3142
mean B0=64.7251 homogen=280902.8412
mean B0=98.6737 homogen=17898.8289
mean B0=77.5131 homogen=53359.6242
mean B0=95.4047 homogen=11019.3189
mean B0=104.2247 homogen=32744.3278
mean B0=96.9155 homogen=16430.8274
mean B0=91.5722 homogen=4792.0149
mean B0=99.3986 homogen=19135.4235
mean B0=73.6739 homogen=70414.4726
mean B0=104.7545 homogen=33942.087
mean B0=97.6498 homogen=15641.8142
mean B0=89.4939 homogen=55682.7556
mean B0=88.94 homogen=5367.1079
mean B0=107.0926 homogen=43685.9695
mean B0=99.2066 homogen=22246.2799
mean B0=99.0163 homogen=25240.6756
mean B0=106.6311 homogen=41905.32
mean B0=92.5175 homogen=5848.0128
mean B0=103.9383 homogen=32351.6922
mean B0=102.2383 homogen=24223.9819
mean B0=94.396 homogen=9244.1938
mean B0=100.6358 homogen=57510.3663
mean B0=103.0417 homogen=26945.5166
mean B0=103.4502 homogen=30600.8221
mean B0=98.0761 homogen=14503.4554
mean B0=85.7858 homogen=18656.0534
mean B0=100.3496 homogen=19037.1119
mean B0=100.0404 homogen=20919.2249
   157 |     6280 |     40 |  0.000000E+00 |  0.000000E+00 |  0.0012303466 |             f
mean B0=94.6621 homogen=10506.1367
mean B0=93.8858 homogen=33750.3254
mean B0=101.3102 homogen=35944.2683
mean B0=105.6535 homogen=38600.9834
mean B0=103.986 homogen=32340.3505
mean B0=92.7762 homogen=22976.3408
mean B0=93.1282 homogen=18798.2728
mean B0=85.4584 homogen=15167.1369
mean B0=92.25 homogen=7584.7907
mean B0=102.2407 homogen=24437.0904
mean B0=102.5759 homogen=28854.7143
mean B0=98.0895 homogen=14534.8414
mean B0=94.4442 homogen=8586.9453
mean B0=97.5352 homogen=21287.1517
mean B0=99.5205 homogen=17694.8536
mean B0=87.6621 homogen=142143.9428
mean B0=102.2081 homogen=24556.7229
mean B0=101.2466 homogen=48627.8251
mean B0=96.7985 homogen=32208.8145
mean B0=106.6142 homogen=41139.2498
mean B0=84.2933 homogen=38352.0402
mean B0=99.4594 homogen=56937.2552
mean B0=92.417 homogen=36874.0165
mean B0=96.6309 homogen=12120.4057
mean B0=92.5819 homogen=5792.9034
mean B0=94.0424 homogen=17133.5427
mean B0=108.1255 homogen=36431.533
mean B0=90.9269 homogen=6075.7908
mean B0=94.7191 homogen=10768.6904
mean B0=101.2416 homogen=55018.2172
mean B0=101.0508 homogen=20447.8616
mean B0=96.4324 homogen=11887.0016
mean B0=103.2016 homogen=29215.2639
mean B0=102.6363 homogen=48220.0863
mean B0=94.927 homogen=8368.6258
mean B0=101.1311 homogen=23258.3925
mean B0=100.7983 homogen=20533.5986
mean B0=103.172 homogen=31326.8054
mean B0=93.2093 homogen=6505.1206
mean B0=106.6842 homogen=42330.8758
   158 |     6320 |     40 |  0.000000E+00 |  0.000000E+00 |  0.0032445699 |             f
mean B0=84.2166 homogen=7974.8854
mean B0=98.247 homogen=18354.723
mean B0=103.2731 homogen=31783.0943
mean B0=104.6126 homogen=33877.6476
mean B0=87.5175 homogen=15430.9763
mean B0=93.313 homogen=7398.7012
mean B0=99.1191 homogen=23762.2113
mean B0=86.2318 homogen=10017.9585
mean B0=103.5585 homogen=30971.9098
mean B0=105.7523 homogen=38671.6825
mean B0=97.1768 homogen=14791.7109
mean B0=92.6365 homogen=5888.7899
mean B0=91.414 homogen=35003.1946
mean B0=100.3186 homogen=22927.1485
mean B0=100.1579 homogen=23789.5215
mean B0=95.1173 homogen=10232.2607
mean B0=99.5222 homogen=17690.7845
mean B0=101.9028 homogen=23468.6712
mean B0=101.5229 homogen=21868.7009
mean B0=98.7673 homogen=47049.0521
mean B0=94.5347 homogen=31759.1441
mean B0=85.4109 homogen=150829.3221
mean B0=98.6611 homogen=25806.258
mean B0=104.3594 homogen=22702.4474
mean B0=102.1028 homogen=21741.9853
mean B0=102.2395 homogen=27983.3642
mean B0=96.4982 homogen=24202.6882
mean B0=105.9998 homogen=50583.6024
mean B0=102.6481 homogen=25800.6375
mean B0=102.537 homogen=25977.2625
mean B0=106.7563 homogen=42001.3531
mean B0=93.7858 homogen=7607.805
mean B0=99.041 homogen=19554.8681
mean B0=99.8948 homogen=22597.5269
mean B0=85.159 homogen=137695.6084
mean B0=98.3208 homogen=14932.4787
mean B0=97.1474 homogen=13854.5141
mean B0=92.4065 homogen=9645.7335
mean B0=106.1902 homogen=39851.9239
mean B0=93.9874 homogen=30847.0643
   159 |     6360 |     40 |  0.000000E+00 |  0.000000E+00 |  0.0018061482 |             f
mean B0=95.8592 homogen=15684.2728
mean B0=106.2747 homogen=40366.9866
mean B0=93.2692 homogen=6362.0096
mean B0=99.5222 homogen=17690.7845
mean B0=94.4463 homogen=8602.0013
mean B0=102.7163 homogen=25759.2156
mean B0=87.1486 homogen=23654.1138
mean B0=104.8645 homogen=34170.3793
mean B0=105.6468 homogen=37789.3501
mean B0=90.9393 homogen=27290.5525
mean B0=95.2283 homogen=10826.0101
mean B0=103.372 homogen=32182.6163
mean B0=105.4287 homogen=36387.2161
mean B0=101.3891 homogen=25384.5474
mean B0=83.7879 homogen=78274.8829
mean B0=103.0625 homogen=25113.7117
mean B0=101.9754 homogen=23603.5461
mean B0=95.4479 homogen=13044.1731
mean B0=85.8028 homogen=3218.1706
mean B0=96.1291 homogen=11903.9937
mean B0=95.4476 homogen=18303.4398
mean B0=99.9099 homogen=18641.2643
mean B0=92.2277 homogen=36564.8626
mean B0=103.0941 homogen=26788.1648
mean B0=101.0503 homogen=20415.3471
mean B0=98.2558 homogen=14979.1347
mean B0=96.5884 homogen=12337.6696
mean B0=104.0749 homogen=32277.6933
mean B0=99.4543 homogen=20990.0303
mean B0=86.735 homogen=23971.5423
mean B0=106.3387 homogen=40166.9932
mean B0=102.1533 homogen=23718.0228
mean B0=106.7582 homogen=43424.5055
mean B0=93.5884 homogen=11597.7814
mean B0=105.0595 homogen=41854.0435
mean B0=101.0872 homogen=20499.2342
mean B0=103.14 homogen=29164.9869
mean B0=94.5591 homogen=12710.6982
mean B0=106.8108 homogen=43079.3824
mean B0=106.5271 homogen=40950.3505
   160 |     6400 |     40 |  0.000000E+00 |  0.000000E+00 |  0.0029296146 |             f
mean B0=100.6157 homogen=21421.7351
mean B0=89.2924 homogen=4794.0903
mean B0=91.5059 homogen=4362.3042
mean B0=107.0926 homogen=43685.9695
mean B0=88.7719 homogen=4227.2617
mean B0=101.9553 homogen=23216.6254
mean B0=73.592 homogen=64747.1056
mean B0=98.3693 homogen=18399.6377
mean B0=101.5299 homogen=22003.2063
mean B0=91.7579 homogen=9092.2859
mean B0=90.0982 homogen=95486.3774
mean B0=104.4603 homogen=35191.2956
mean B0=105.7468 homogen=37934.261
mean B0=100.5549 homogen=19300.3415
mean B0=94.3872 homogen=30796.4285
mean B0=101.856 homogen=23718.8266
mean B0=101.6469 homogen=26887.8815
mean B0=99.6806 homogen=45073.5464
mean B0=95.0956 homogen=26862.3287
mean B0=104.5507 homogen=33678.5353
mean B0=96.5456 homogen=24211.4645
mean B0=101.5832 homogen=22077.5763
mean B0=91.617 homogen=4420.7981
mean B0=103.14 homogen=29164.9869
mean B0=85.5304 homogen=3387.9783
mean B0=98.2593 homogen=14937.3068
mean B0=107.0926 homogen=43685.9695
mean B0=101.1326 homogen=31871.4223
mean B0=102.2685 homogen=24272.5229
mean B0=95.9566 homogen=13060.6577
mean B0=98.7465 homogen=17171.6182
mean B0=103.7613 homogen=27442.5849
mean B0=97.9324 homogen=14127.4194
mean B0=106.833 homogen=42251.8187
mean B0=84.0855 homogen=6380.3046
mean B0=87.1563 homogen=137857.4267
mean B0=95.0968 homogen=11413.4342
mean B0=97.0243 homogen=38076.4494
mean B0=105.2317 homogen=36573.7537
mean B0=95.307 homogen=9720.8648
   161 |     6440 |     40 |  0.000000E+00 |  0.000000E+00 |  0.0018633842 |             f
mean B0=99.468 homogen=20188.3119
mean B0=93.4198 homogen=23489.0582
mean B0=97.3807 homogen=14327.1968
mean B0=106.8876 homogen=43395.5951
mean B0=103.1162 homogen=26783.7649
mean B0=105.8293 homogen=38209.7576
mean B0=86.6911 homogen=140955.2441
mean B0=106.8373 homogen=43216.3543
mean B0=98.0547 homogen=21855.48
mean B0=101.5557 homogen=21876.7308
mean B0=93.4679 homogen=7861.1644
mean B0=102.0151 homogen=23850.9625
mean B0=95.6484 homogen=27662.4406
mean B0=98.4262 homogen=15211.0148
mean B0=84.9215 homogen=28608.1569
mean B0=85.5819 homogen=16788.0672
mean B0=104.0639 homogen=32239.5976
mean B0=95.6672 homogen=13330.0815
mean B0=94.1691 homogen=30125.6923
mean B0=91.8706 homogen=38748.0536
mean B0=85.9157 homogen=5596.1295
mean B0=99.8698 homogen=23112.7694
mean B0=96.3006 homogen=17322.4242
mean B0=102.4565 homogen=24609.351
mean B0=102.6929 homogen=25769.9182
mean B0=104.0387 homogen=31903.9133
mean B0=83.0373 homogen=148569.7604
mean B0=105.8901 homogen=38335.2324
mean B0=99.3074 homogen=39805.0723
mean B0=101.922 homogen=23205.6882
mean B0=94.9015 homogen=9274.6997
mean B0=96.6716 homogen=24535.3383
mean B0=101.0924 homogen=20518.8946
mean B0=104.44 homogen=33222.6704
mean B0=90.4644 homogen=9017.6097
mean B0=85.0115 homogen=25231.5229
mean B0=106.833 homogen=42251.8187
mean B0=87.9217 homogen=13717.101
mean B0=97.6468 homogen=43986.6465
mean B0=105.1197 homogen=35855.0825
   162 |     6480 |     40 |  0.000000E+00 |  0.000000E+00 |  0.0036911711 |             f
mean B0=99.5776 homogen=21143.6027
mean B0=96.5971 homogen=12085.9277
mean B0=101.0872 homogen=20499.2342
mean B0=106.2072 homogen=39832.3531
mean B0=100.4564 homogen=20862.703
mean B0=95.3215 homogen=10750.6531
mean B0=101.1282 homogen=38831.1187
mean B0=101.6974 homogen=26814.668
mean B0=105.8901 homogen=38335.2324
mean B0=99.7405 homogen=20394.8295
mean B0=95.8746 homogen=13035.7933
mean B0=97.5488 homogen=14501.464
mean B0=91.7276 homogen=4336.0296
mean B0=105.5047 homogen=37064.1496
mean B0=104.2939 homogen=35551.4846
mean B0=98.4262 homogen=15211.0148
mean B0=85.7043 homogen=3139.1987
mean B0=95.6811 homogen=20562.4058
mean B0=100.5622 homogen=19243.221
mean B0=104.7459 homogen=33983.7037
mean B0=102.0585 homogen=28928.1812
mean B0=86.178 homogen=3231.2749
mean B0=105.1197 homogen=35855.0825
mean B0=102.7133 homogen=25723.7546
mean B0=81.7325 homogen=31224.8128
mean B0=102.5527 homogen=24919.7228
mean B0=95.2482 homogen=34446.045
mean B0=93.9792 homogen=27553.5164
mean B0=106.833 homogen=42251.8187
mean B0=107.5201 homogen=44221.0008
mean B0=94.5472 homogen=12359.2848
mean B0=101.3386 homogen=21570.3068
mean B0=98.6013 homogen=17077.4848
mean B0=94.1292 homogen=121273.9898
mean B0=106.6186 homogen=41411.1027
mean B0=89.1105 homogen=4204.7854
mean B0=93.3592 homogen=7618.8426
mean B0=95.4297 homogen=12915.6256
mean B0=99.2338 homogen=44101.1026
mean B0=84.3862 homogen=37684.1166
   163 |     6520 |     40 |  0.000000E+00 |  0.000000E+00 |  0.0194988848 |         ideal
mean B0=98.6013 homogen=17077.4848
mean B0=103.5667 homogen=30910.5499
mean B0=84.1052 homogen=13271.1397
mean B0=98.7499 homogen=17180.2733
mean B0=97.1535 homogen=13821.6796
mean B0=93.6257 homogen=7381.9422
mean B0=87.5862 homogen=8626.1213
mean B0=106.633 homogen=41411.041
mean B0=106.8388 homogen=43279.826
mean B0=73.143 homogen=251349.5568
mean B0=91.7276 homogen=4336.0296
mean B0=77.1626 homogen=143830.3027
mean B0=98.0996 homogen=15623.4986
mean B0=101.5066 homogen=21989.9433
mean B0=101.939 homogen=29890.2821
mean B0=102.1108 homogen=23793.1306
mean B0=96.2826 homogen=11602.2738
mean B0=105.8609 homogen=38438.191
mean B0=100.5685 homogen=19253.2796
mean B0=95.0493 homogen=9595.1662
mean B0=97.836 homogen=14778.9159
mean B0=105.496 homogen=37129.3001
mean B0=93.9835 homogen=30562.4626
mean B0=101.3351 homogen=21587.9137
mean B0=99.9027 homogen=18600.4518
mean B0=102.0733 homogen=23996.5191
mean B0=92.4074 homogen=12533.4224
mean B0=86.6912 homogen=140857.4303
mean B0=95.5224 homogen=10773.0195
mean B0=102.3862 homogen=25074.3433
mean B0=93.4679 homogen=7860.9772
mean B0=92.4002 homogen=4290.8849
mean B0=97.4832 homogen=14264.8331
mean B0=101.1031 homogen=20377.3045
mean B0=90.3423 homogen=23893.4496
mean B0=96.0323 homogen=28930.8472
mean B0=103.4104 homogen=29774.6344
mean B0=103.055 homogen=27828.0685
mean B0=77.4615 homogen=55337.5403
mean B0=95.4196 homogen=10989.4373
   164 |     6560 |     40 |  0.000000E+00 |  0.000000E+00 |  0.0035726595 |             f
mean B0=100.81 homogen=20420.5714
mean B0=96.2826 homogen=11602.2738
mean B0=95.055 homogen=9572.0279
mean B0=101.2691 homogen=21469.9698
mean B0=94.7486 homogen=31913.6509
mean B0=106.5368 homogen=42833.2847
mean B0=99.6742 homogen=44628.5546
mean B0=96.6309 homogen=12120.4057
mean B0=87.9027 homogen=21401.1473
mean B0=98.4058 homogen=15154.6146
mean B0=97.4018 homogen=25002.7424
mean B0=85.6805 homogen=3638.4993
mean B0=107.1023 homogen=43739.3418
mean B0=106.2458 homogen=39981.3091
mean B0=97.4608 homogen=14376.2246
mean B0=95.7476 homogen=18389.421
mean B0=93.1917 homogen=27015.0751
mean B0=99.2881 homogen=33872.0108
mean B0=95.4188 homogen=31739.4432
mean B0=99.6068 homogen=18519.205
mean B0=105.2147 homogen=36523.7344
mean B0=97.1535 homogen=13821.6796
mean B0=106.6341 homogen=41420.9929
mean B0=100.6393 homogen=19742.1321
mean B0=101.4875 homogen=45708.8885
mean B0=101.7952 homogen=22345.0367
mean B0=98.3247 homogen=14940.6284
mean B0=104.7927 homogen=31832.8019
mean B0=91.5649 homogen=15120.4632
mean B0=99.5413 homogen=17601.386
mean B0=101.3878 homogen=42386.2397
mean B0=91.2755 homogen=7470.8223
mean B0=107.2059 homogen=51279.32
mean B0=94.4109 homogen=8536.533
mean B0=99.8554 homogen=59058.8769
mean B0=99.3689 homogen=22710.6879
mean B0=99.6217 homogen=19746.7389
mean B0=98.968 homogen=25648.6513
mean B0=94.9087 homogen=36749.1879
mean B0=99.4637 homogen=21420.7962
   165 |     6600 |     40 |  0.000000E+00 |  0.000000E+00 |  0.0016333561 |             f
mean B0=97.1487 homogen=13850.7482
mean B0=106.3288 homogen=40456.7485
mean B0=91.4929 homogen=4139.6481
mean B0=105.5412 homogen=37200.8123
mean B0=97.7708 homogen=16147.5658
mean B0=80.4653 homogen=130235.9173
mean B0=90.2577 homogen=91592.1617
mean B0=94.654 homogen=129709.0083
mean B0=101.3522 homogen=21738.5781
mean B0=99.6712 homogen=44675.3654
mean B0=92.8256 homogen=10098.7929
mean B0=95.5912 homogen=48234.0382
mean B0=85.9444 homogen=3978.3609
mean B0=96.6256 homogen=28950.5096
mean B0=104.9908 homogen=34606.4682
mean B0=107.7343 homogen=42829.8182
mean B0=92.2906 homogen=13571.0375
mean B0=103.4104 homogen=29774.6344
mean B0=102.0922 homogen=23737.1508
mean B0=100.5399 homogen=19205.5577
mean B0=97.7611 homogen=12798.2983
mean B0=100.9883 homogen=20007.8819
mean B0=98.6662 homogen=17055.8158
mean B0=106.5961 homogen=41250.1021
mean B0=96.1506 homogen=12634.7145
mean B0=102.6176 homogen=32730.7053
mean B0=97.5249 homogen=31511.9466
mean B0=96.1851 homogen=11542.0117
mean B0=101.3667 homogen=22527.8399
mean B0=106.3969 homogen=38413.3093
mean B0=97.4824 homogen=14052.5879
mean B0=93.2269 homogen=17275.7301
mean B0=88.9906 homogen=4221.3372
mean B0=93.9903 homogen=19958.6438
mean B0=92.4691 homogen=48290.4213
mean B0=102.2397 homogen=25533.4507
mean B0=77.6253 homogen=34904.8589
mean B0=106.6341 homogen=41420.9929
mean B0=99.6248 homogen=18552.5938
mean B0=97.3793 homogen=135249.9398
   166 |     6640 |     40 |  0.000000E+00 |  0.000000E+00 |  0.0026127082 |             f
mean B0=104.7033 homogen=33448.9126
mean B0=85.6579 homogen=85818.1131
mean B0=90.7377 homogen=16684.7726
mean B0=102.4565 homogen=24609.351
mean B0=101.7576 homogen=22224.3398
mean B0=102.0866 homogen=23729.4523
mean B0=99.6248 homogen=18552.5938
mean B0=93.6257 homogen=7381.9422
mean B0=91.559 homogen=4502.9822
mean B0=95.6746 homogen=10257.2695
mean B0=76.0661 homogen=172548.9026
mean B0=101.6725 homogen=20998.3354
mean B0=97.596 homogen=17705.2066
mean B0=103.0731 homogen=28888.5118
mean B0=106.1593 homogen=39215.5431
mean B0=99.3172 homogen=24333.9675
mean B0=104.0387 homogen=31903.9133
mean B0=84.0175 homogen=125287.1721
mean B0=94.4451 homogen=8586.1452
mean B0=71.4326 homogen=72517.2472
mean B0=105.5923 homogen=38393.2642
mean B0=88.6172 homogen=98246.8748
mean B0=90.9678 homogen=15574.783
mean B0=104.9947 homogen=34574.927
mean B0=88.3648 homogen=24663.8011
mean B0=97.3242 homogen=134944.3428
mean B0=94.4109 homogen=8536.533
mean B0=99.8999 homogen=20550.5614
mean B0=79.2114 homogen=48776.633
mean B0=100.1247 homogen=19182.1715
mean B0=103.6631 homogen=26732.955
mean B0=104.8479 homogen=37619.8207
mean B0=89.5621 homogen=23800.5466
mean B0=97.6073 homogen=14693.9556
mean B0=104.426 homogen=32595.2647
mean B0=105.2257 homogen=36800.4557
mean B0=101.1031 homogen=20377.2582
mean B0=88.7072 homogen=3683.0281
mean B0=100.5398 homogen=19208.1541
mean B0=93.1315 homogen=6194.7712
   167 |     6680 |     40 |  0.000000E+00 |  0.000000E+00 |  0.0015545534 |             f
mean B0=97.3491 homogen=13651.7955
mean B0=102.7095 homogen=19752.9549
mean B0=93.1288 homogen=7168.787
mean B0=98.4262 homogen=15211.0148
mean B0=97.2406 homogen=20243.6205
mean B0=104.4258 homogen=32588.9428
mean B0=98.5985 homogen=17410.1555
mean B0=96.1587 homogen=11486.6815
mean B0=100.9883 homogen=20007.8819
mean B0=94.6358 homogen=8681.3261
mean B0=92.4726 homogen=8667.4265
mean B0=75.3888 homogen=59949.7545
mean B0=102.8903 homogen=26589.927
mean B0=107.4974 homogen=44431.5541
mean B0=99.07 homogen=19339.7434
mean B0=100.1043 homogen=54469.2189
mean B0=91.9013 homogen=18202.4698
mean B0=101.7952 homogen=22345.0367
mean B0=97.8283 homogen=15387.5195
mean B0=102.2185 homogen=45377.0376
mean B0=92.9269 homogen=9747.6827
mean B0=104.7711 homogen=35169.4737
mean B0=102.2298 homogen=24312.5829
mean B0=85.5958 homogen=3020.1878
mean B0=94.4607 homogen=15955.8845
mean B0=105.5414 homogen=37203.0374
mean B0=91.5532 homogen=4470.456
mean B0=101.3792 homogen=21814.3361
mean B0=102.4565 homogen=24609.351
mean B0=104.7978 homogen=34283.9077
mean B0=91.345 homogen=13615.1433
mean B0=99.2707 homogen=17902.7729
mean B0=94.4326 homogen=10333.8479
mean B0=92.5989 homogen=5700.7002
mean B0=103.2812 homogen=30395.9287
mean B0=93.8162 homogen=30513.023
mean B0=97.8579 homogen=22243.3716
mean B0=100.807 homogen=58662.8091
mean B0=105.9218 homogen=38171.1496
mean B0=98.5705 homogen=26405.4189
   168 |     6720 |     40 |  0.000000E+00 |  0.000000E+00 |  0.0032507409 |             f
mean B0=102.2394 homogen=22310.516
mean B0=96.9078 homogen=16791.3103
mean B0=88.1764 homogen=25239.3613
mean B0=91.7195 homogen=14012.1401
mean B0=93.244 homogen=6411.4114
mean B0=88.4871 homogen=4960.1527
mean B0=104.2677 homogen=33349.1946
mean B0=95.4567 homogen=10124.1846
mean B0=105.0333 homogen=34769.1696
mean B0=95.8487 homogen=10988.0927
mean B0=105.2026 homogen=36515.9322
mean B0=91.5372 homogen=4231.9442
mean B0=104.7429 homogen=35659.7912
mean B0=93.1982 homogen=7985.8809
mean B0=99.5157 homogen=18071.7882
mean B0=104.9749 homogen=34539.1611
mean B0=97.1105 homogen=13422.4065
mean B0=104.4258 homogen=32588.9027
mean B0=98.351 homogen=15921.5653
mean B0=96.4929 homogen=13742.0496
mean B0=105.6952 homogen=39851.8563
mean B0=95.7879 homogen=21861.2693
mean B0=94.7064 homogen=22253.5536
mean B0=81.7747 homogen=33561.9228
mean B0=99.1392 homogen=17595.9914
mean B0=97.4692 homogen=33335.0386
mean B0=105.669 homogen=38142.3169
mean B0=101.1373 homogen=54163.8713
mean B0=101.8518 homogen=23262.3676
mean B0=96.1877 homogen=12549.594
mean B0=106.1709 homogen=39207.7584
mean B0=85.6139 homogen=3116.4366
mean B0=105.922 homogen=38168.871
mean B0=102.2122 homogen=23772.3955
mean B0=95.3015 homogen=40866.1345
mean B0=103.1352 homogen=26819.2372
mean B0=85.7984 homogen=4036.4419
mean B0=104.7463 homogen=31912.2668
mean B0=101.3759 homogen=21775.1101
mean B0=99.0808 homogen=22217.4593
   169 |     6760 |     40 |  0.000000E+00 |  0.000000E+00 |  0.0024382967 |             f
mean B0=99.8777 homogen=18942.0309
mean B0=105.2973 homogen=36745.7176
mean B0=100.8659 homogen=20923.2943
mean B0=101.7312 homogen=36187.777
mean B0=100.0923 homogen=20858.4192
mean B0=100.679 homogen=21763.9382
mean B0=104.3494 homogen=32696.4956
mean B0=99.8586 homogen=46792.4737
mean B0=103.793 homogen=31569.023
mean B0=93.1938 homogen=18291.3264
mean B0=95.4133 homogen=10757.2226
mean B0=97.4341 homogen=18542.9703
mean B0=96.4101 homogen=29755.704
mean B0=78.5937 homogen=50697.8176
mean B0=89.7547 homogen=22909.7075
mean B0=101.8137 homogen=24301.7732
mean B0=94.4839 homogen=8965.2761
mean B0=96.4106 homogen=31449.3139
mean B0=90.0062 homogen=11488.1337
mean B0=92.1204 homogen=10722.6438
mean B0=96.8496 homogen=13207.5377
mean B0=99.6317 homogen=44538.0511
mean B0=103.83 homogen=31497.1751
mean B0=102.4559 homogen=25181.2416
mean B0=93.0887 homogen=15274.8408
mean B0=94.7476 homogen=9566.7565
mean B0=104.8787 homogen=34214.3902
mean B0=103.14 homogen=29164.9869
mean B0=98.2071 homogen=14756.1726
mean B0=91.1315 homogen=13349.0764
mean B0=96.7413 homogen=12139.7661
mean B0=96.3485 homogen=27935.6946
mean B0=98.3603 homogen=21353.2781
mean B0=107.2183 homogen=42578.8276
mean B0=95.025 homogen=22486.5862
mean B0=103.3275 homogen=28884.3622
mean B0=91.5499 homogen=18916.2822
mean B0=85.6994 homogen=46818.7933
mean B0=87.5911 homogen=9117.6913
mean B0=106.7395 homogen=52710.2269
   170 |     6800 |     40 |  0.000000E+00 |  0.000000E+00 |  0.0041745267 |             f
mean B0=85.6485 homogen=3193.7928
mean B0=98.8432 homogen=18599.6278
mean B0=103.1408 homogen=26760.7709
mean B0=88.6632 homogen=3668.7285
mean B0=93.6622 homogen=9990.3057
mean B0=98.5654 homogen=15655.6668
mean B0=91.4929 homogen=4139.6481
mean B0=99.2821 homogen=24667.9174
mean B0=103.559 homogen=30784.5984
mean B0=100.7792 homogen=23508.6962
mean B0=67.1448 homogen=88799.8693
mean B0=106.2077 homogen=39805.1437
mean B0=85.6195 homogen=3403.1289
mean B0=102.4321 homogen=61555.3972
mean B0=98.9002 homogen=26043.1069
mean B0=104.9458 homogen=34648.1835
mean B0=100.8874 homogen=23809.4648
mean B0=99.033 homogen=20636.2405
mean B0=97.3729 homogen=23003.9094
mean B0=97.7887 homogen=17970.3148
mean B0=101.4879 homogen=23719.0137
mean B0=96.6573 homogen=22849.8338
mean B0=104.9575 homogen=36269.4695
mean B0=99.648 homogen=21997.818
mean B0=97.4093 homogen=27191.2631
mean B0=97.4663 homogen=14143.854
mean B0=104.8787 homogen=34214.3902
mean B0=97.2613 homogen=19353.1005
mean B0=73.3716 homogen=57871.9395
mean B0=97.8331 homogen=16306.1998
mean B0=101.8644 homogen=23518.5997
mean B0=83.6003 homogen=205569.0127
mean B0=104.3585 homogen=32583.9058
mean B0=86.2141 homogen=4727.4691
mean B0=105.5498 homogen=36994.407
mean B0=96.7097 homogen=12201.2981
mean B0=98.0829 homogen=19360.3657
mean B0=91.0588 homogen=13791.5119
mean B0=96.4637 homogen=14506.5964
mean B0=72.2866 homogen=78742.7429
   171 |     6840 |     40 |  0.000000E+00 |  0.000000E+00 |  0.0006330573 |             f
mean B0=94.5081 homogen=8617.0333
mean B0=93.3688 homogen=10544.5223
mean B0=98.6662 homogen=17055.8158
mean B0=99.4538 homogen=24029.5021
mean B0=105.1689 homogen=35144.3522
mean B0=97.022 homogen=36477.3255
mean B0=102.2673 homogen=24000.308
mean B0=104.4278 homogen=32591.2586
mean B0=90.9871 homogen=5917.5899
mean B0=101.3784 homogen=21763.7263
mean B0=98.6247 homogen=23057.2387
mean B0=94.7192 homogen=11718.4083
mean B0=96.2052 homogen=35646.2374
mean B0=67.0658 homogen=83629.9241
mean B0=95.6374 homogen=23789.2001
mean B0=87.5611 homogen=5636.0737
mean B0=95.6575 homogen=27610.1884
mean B0=94.1278 homogen=7937.5608
mean B0=101.9233 homogen=23177.5416
mean B0=90.8353 homogen=6934.9056
mean B0=99.5504 homogen=18580.6566
mean B0=95.7762 homogen=13627.4911
mean B0=76.7632 homogen=55791.9387
mean B0=103.0954 homogen=42809.9442
mean B0=95.2428 homogen=22759.8168
mean B0=94.0841 homogen=32785.0679
mean B0=103.7358 homogen=31326.4919
mean B0=105.0327 homogen=34770.5479
mean B0=96.4353 homogen=14323.4582
mean B0=101.1016 homogen=20391.1564
mean B0=96.8862 homogen=26365.166
mean B0=98.8898 homogen=17311.5726
mean B0=93.5145 homogen=49176.701
mean B0=89.2574 homogen=5131.3181
mean B0=105.0748 homogen=36346.881
mean B0=93.7544 homogen=10090.9565
mean B0=98.4262 homogen=15211.0148
mean B0=106.2219 homogen=40295.1518
mean B0=107.4506 homogen=44469.5773
mean B0=90.1105 homogen=10157.9051
   172 |     6880 |     40 |  0.000000E+00 |  0.000000E+00 |  0.0024917393 |             f
mean B0=102.2677 homogen=24009.1595
mean B0=100.4682 homogen=19014.0125
mean B0=94.7912 homogen=9732.4036
mean B0=92.9954 homogen=7893.0136
mean B0=101.0583 homogen=55675.7112
mean B0=96.7751 homogen=37897.9693
mean B0=90.0146 homogen=94353.4063
mean B0=105.1665 homogen=35238.2613
mean B0=97.3399 homogen=16663.8494
mean B0=99.266 homogen=20909.1383
mean B0=101.3915 homogen=21808.8076
mean B0=102.1695 homogen=26200.6374
mean B0=98.0068 homogen=50280.7786
mean B0=98.4439 homogen=32479.6524
mean B0=91.6305 homogen=4342.407
mean B0=86.7852 homogen=9146.1747
mean B0=94.1278 homogen=7937.5608
mean B0=93.5271 homogen=24038.0372
mean B0=83.0244 homogen=126261.3629
mean B0=98.9266 homogen=23971.5684
mean B0=97.1174 homogen=14220.8247
mean B0=92.9095 homogen=24124.494
mean B0=85.3574 homogen=3870.392
mean B0=91.0961 homogen=7028.5042
mean B0=75.6788 homogen=110302.1515
mean B0=94.1797 homogen=31997.629
mean B0=100.0606 homogen=19651.4699
mean B0=101.788 homogen=22741.1138
mean B0=101.9735 homogen=23991.0828
mean B0=94.1818 homogen=32866.4783
mean B0=98.315 homogen=26494.0422
mean B0=100.719 homogen=20272.8739
mean B0=98.1185 homogen=19881.777
mean B0=102.1182 homogen=23839.0666
mean B0=103.2211 homogen=28690.2183
mean B0=97.7778 homogen=21431.0105
mean B0=106.2219 homogen=40295.1518
mean B0=101.1791 homogen=20966.7815
mean B0=105.1688 homogen=35150.5607
mean B0=99.3811 homogen=20511.2496
   173 |     6920 |     40 |  0.000000E+00 |  0.000000E+00 |  0.0032964959 |             f
mean B0=97.5679 homogen=14574.0392
mean B0=105.1742 homogen=35165.0936
mean B0=96.8817 homogen=18842.6552
mean B0=94.3968 homogen=28607.2912
mean B0=96.7746 homogen=12414.7511
mean B0=100.8774 homogen=19891.8615
mean B0=92.6831 homogen=5798.6919
mean B0=103.1673 homogen=24719.5175
mean B0=103.0715 homogen=35118.0501
mean B0=93.1421 homogen=6351.5917
mean B0=80.6465 homogen=135452.7064
mean B0=102.8058 homogen=41158.9101
mean B0=87.66 homogen=12727.2438
mean B0=102.909 homogen=26403.6098
mean B0=103.2496 homogen=28801.0536
mean B0=99.9046 homogen=25118.1242
mean B0=73.1418 homogen=58549.6393
mean B0=83.5339 homogen=131516.7477
mean B0=106.2215 homogen=40288.5719
mean B0=100.719 homogen=20272.8739
mean B0=85.6317 homogen=3111.0899
mean B0=98.5613 homogen=15644.7022
mean B0=102.8906 homogen=40057.6269
mean B0=92.571 homogen=25002.1081
mean B0=104.8671 homogen=34239.7926
mean B0=100.7704 homogen=20062.1477
mean B0=101.6745 homogen=22546.4524
mean B0=99.2789 homogen=36266.1803
mean B0=106.2013 homogen=40451.6894
mean B0=91.7565 homogen=4350.4502
mean B0=86.525 homogen=6224.8738
mean B0=103.2211 homogen=28690.2183
mean B0=91.478 homogen=9888.4278
mean B0=105.905 homogen=38520.4668
mean B0=91.5601 homogen=4166.662
mean B0=90.863 homogen=18567.5865
mean B0=100.7927 homogen=20476.933
mean B0=102.3818 homogen=27344.9385
mean B0=107.2179 homogen=42570.0622
mean B0=99.6248 homogen=18552.5938
   174 |     6960 |     40 |  0.000000E+00 |  0.000000E+00 |  0.0014713876 |             f
mean B0=90.897 homogen=19100.7746
mean B0=101.5196 homogen=22288.8986
mean B0=99.3895 homogen=24605.3941
mean B0=106.3343 homogen=40436.8533
mean B0=104.4365 homogen=32594.1733
mean B0=102.8909 homogen=26283.7379
mean B0=90.3945 homogen=128587.5558
mean B0=101.6844 homogen=22568.3596
mean B0=97.1741 homogen=14023.1291
mean B0=96.427 homogen=13890.8996
mean B0=85.2501 homogen=7256.353
mean B0=99.5884 homogen=18358.3239
mean B0=104.8731 homogen=34198.7701
mean B0=99.5789 homogen=35337.6755
mean B0=95.0396 homogen=6258.2589
mean B0=93.9666 homogen=48957.7793
mean B0=99.198 homogen=45011.6046
mean B0=100.883 homogen=20132.3381
mean B0=98.268 homogen=16231.1993
mean B0=95.0961 homogen=9668.7254
mean B0=93.1238 homogen=23393.4842
mean B0=105.9429 homogen=38643.9235
mean B0=102.1386 homogen=24232.3971
mean B0=94.4 homogen=8395.0762
mean B0=95.034 homogen=21747.2243
mean B0=97.6082 homogen=14691.9262
mean B0=102.4565 homogen=24609.351
mean B0=100.4604 homogen=19003.7746
mean B0=103.4732 homogen=29964.2703
mean B0=87.0693 homogen=25476.2048
mean B0=86.6292 homogen=6706.5267
mean B0=97.1178 homogen=38961.9258
mean B0=99.6185 homogen=18580.4982
mean B0=97.5571 homogen=25992.0235
mean B0=101.1393 homogen=22722.3433
mean B0=98.2756 homogen=24562.9862
mean B0=91.3548 homogen=90351.1063
mean B0=94.3822 homogen=21694.5309
mean B0=98.5636 homogen=15648.3823
mean B0=106.0937 homogen=39644.4202
   175 |     7000 |     40 |  0.000000E+00 |  0.000000E+00 |  0.0029266030 |             f
mean B0=100.7648 homogen=27878.0099
mean B0=96.5025 homogen=23560.5226
mean B0=96.6294 homogen=12134.4294
mean B0=99.4241 homogen=17775.5491
mean B0=83.6005 homogen=163665.1277
mean B0=102.1767 homogen=24128.3247
mean B0=106.5973 homogen=44662.1628
mean B0=99.6956 homogen=20601.0807
mean B0=99.0943 homogen=17927.2153
mean B0=92.3793 homogen=18245.1953
mean B0=103.8298 homogen=31500.8047
mean B0=88.5518 homogen=141326.7339
mean B0=70.3513 homogen=63307.1151
mean B0=107.8554 homogen=43393.1806
mean B0=95.3344 homogen=16878.3196
mean B0=72.7049 homogen=71154.3679
mean B0=101.4956 homogen=21962.408
mean B0=92.3172 homogen=7380.1915
mean B0=99.7344 homogen=20727.8235
mean B0=104.4022 homogen=32496.8238
mean B0=86.9384 homogen=10676.7779
mean B0=99.5283 homogen=20941.5502
mean B0=95.4204 homogen=11108.4721
mean B0=107.7279 homogen=49307.6651
mean B0=94.9225 homogen=18454.8024
mean B0=102.4135 homogen=24686.5944
mean B0=105.2555 homogen=33955.9087
mean B0=71.87 homogen=71395.7192
mean B0=88.1909 homogen=38100.4455
mean B0=95.1247 homogen=14711.9514
mean B0=99.5886 homogen=18356.5784
mean B0=91.8054 homogen=4582.8772
mean B0=86.3715 homogen=10509.264
mean B0=105.346 homogen=38925.3174
mean B0=97.7416 homogen=22135.7426
mean B0=93.6119 homogen=7285.0379
mean B0=92.1828 homogen=118232.3657
mean B0=88.9366 homogen=5338.1139
mean B0=98.5348 homogen=19656.0529
mean B0=102.917 homogen=26367.3583
   176 |     7040 |     40 |  0.000000E+00 |  0.000000E+00 |  0.0032607522 |             f
mean B0=90.6983 homogen=17348.2064
mean B0=90.7906 homogen=7109.2943
mean B0=95.8273 homogen=10969.215
mean B0=103.5633 homogen=30576.4695
mean B0=102.9868 homogen=28883.5995
mean B0=103.3658 homogen=28813.9204
mean B0=103.8213 homogen=31356.5546
mean B0=95.3749 homogen=12779.9736
mean B0=99.7495 homogen=18713.2848
mean B0=92.5042 homogen=6287.2273
mean B0=105.03 homogen=35047.8816
mean B0=96.2088 homogen=11436.372
mean B0=76.6358 homogen=224131.4024
mean B0=65.7015 homogen=77159.8362
mean B0=105.6377 homogen=38005.3864
mean B0=93.6003 homogen=7350.0048
mean B0=96.6432 homogen=30054.666
mean B0=89.9631 homogen=14814.0534
mean B0=95.8685 homogen=13205.0126
mean B0=96.4628 homogen=29738.3306
mean B0=97.9618 homogen=22754.9125
mean B0=102.5824 homogen=25630.4505
mean B0=103.1 homogen=26686.6874
mean B0=99.0085 homogen=19560.5557
mean B0=105.7034 homogen=37459.2518
mean B0=98.5212 homogen=15704.1309
mean B0=94.27 homogen=38161.0891
mean B0=91.4625 homogen=87134.6514
mean B0=103.7157 homogen=31439.5138
mean B0=106.4478 homogen=41497.4385
mean B0=101.0327 homogen=20310.5519
mean B0=100.694 homogen=21272.1329
mean B0=102.8432 homogen=27532.3824
mean B0=93.6182 homogen=7355.3056
mean B0=97.6375 homogen=14792.8428
mean B0=99.4023 homogen=17229.3149
mean B0=93.9129 homogen=19638.4396
mean B0=87.3446 homogen=13443.624
mean B0=87.2029 homogen=7136.799
mean B0=92.303 homogen=25377.5479
   177 |     7080 |     40 |  0.000000E+00 |  0.000000E+00 |  0.0027193286 |             f
mean B0=98.5753 homogen=15615.6286
mean B0=99.3995 homogen=17754.5985
mean B0=105.8315 homogen=31412.8604
mean B0=93.8528 homogen=32871.3516
mean B0=91.8091 homogen=4571.9842
mean B0=102.6393 homogen=25393.55
mean B0=98.2042 homogen=24082.4058
mean B0=100.6744 homogen=21362.269
mean B0=93.626 homogen=7384.8603
mean B0=103.2231 homogen=27037.3375
mean B0=99.4855 homogen=20508.9296
mean B0=102.1737 homogen=24099.4409
mean B0=102.8174 homogen=25109.806
mean B0=63.7454 homogen=79894.0046
mean B0=94.5013 homogen=14086.5344
mean B0=88.6972 homogen=3719.5548
mean B0=105.6474 homogen=27979.3561
mean B0=97.0568 homogen=13263.4511
mean B0=99.3739 homogen=21988.6421
mean B0=75.9413 homogen=31351.8037
mean B0=95.5554 homogen=10789.7039
mean B0=99.7752 homogen=18739.988
mean B0=101.8536 homogen=23071.3427
mean B0=100.8398 homogen=20240.8776
mean B0=96.6275 homogen=12113.6944
mean B0=99.0905 homogen=24893.2667
mean B0=96.6535 homogen=23015.273
mean B0=101.699 homogen=26165.7869
mean B0=93.6116 homogen=7281.5927
mean B0=103.7464 homogen=31139.3845
mean B0=101.3579 homogen=25465.8454
mean B0=106.3388 homogen=40461.8805
mean B0=98.2697 homogen=17264.7532
mean B0=85.5343 homogen=3479.1596
mean B0=94.5469 homogen=12280.1175
mean B0=88.8629 homogen=130622.021
mean B0=63.9373 homogen=286617.3863
mean B0=101.0891 homogen=20497.2851
mean B0=91.8924 homogen=41014.6502
mean B0=105.0645 homogen=35190.6757
   178 |     7120 |     40 |  0.000000E+00 |  0.000000E+00 |  0.0011735276 |             f
mean B0=80.0487 homogen=86984.8258
mean B0=102.782 homogen=28386.4164
mean B0=99.0621 homogen=19544.4564
mean B0=95.4807 homogen=10766.4094
mean B0=93.9207 homogen=37623.1823
mean B0=105.7067 homogen=37352.5041
mean B0=98.6889 homogen=18890.5999
mean B0=96.4323 homogen=21879.8522
mean B0=87.7549 homogen=18393.9443
mean B0=101.8904 homogen=23349.1596
mean B0=102.9841 homogen=34444.9884
mean B0=97.1046 homogen=13400.563
mean B0=91.8091 homogen=4571.9842
mean B0=85.9986 homogen=16470.6424
mean B0=87.5709 homogen=14664.7716
mean B0=97.657 homogen=14716.7788
mean B0=107.0454 homogen=41811.2113
mean B0=101.7881 homogen=22741.6778
mean B0=100.504 homogen=19317.1326
mean B0=102.5434 homogen=28402.9748
mean B0=91.1032 homogen=28562.6486
mean B0=102.7568 homogen=25624.8154
mean B0=100.8472 homogen=23144.5862
mean B0=103.7295 homogen=31355.9108
mean B0=97.3024 homogen=30969.2122
mean B0=105.8409 homogen=39879.5712
mean B0=98.5753 homogen=15615.6286
mean B0=100.6658 homogen=23623.1605
mean B0=101.5698 homogen=22012.7906
mean B0=96.9292 homogen=12777.5404
mean B0=86.7054 homogen=8307.4008
mean B0=94.5145 homogen=8570.3117
mean B0=97.0568 homogen=13263.4511
mean B0=81.1937 homogen=165573.5286
mean B0=91.561 homogen=13554.3969
mean B0=103.2012 homogen=27112.3587
mean B0=88.7939 homogen=4381.9982
mean B0=104.8735 homogen=34199.7606
mean B0=96.5066 homogen=11969.5446
mean B0=97.5479 homogen=22872.6466
   179 |     7160 |     40 |  0.000000E+00 |  0.000000E+00 |  0.0043918078 |             f
mean B0=94.4649 homogen=8497.7146
mean B0=99.2796 homogen=19937.1628
mean B0=90.782 homogen=153505.3467
mean B0=85.5155 homogen=72825.4997
mean B0=100.378 homogen=21270.5477
mean B0=88.6575 homogen=4103.8151
mean B0=104.87 homogen=34217.9773
mean B0=103.7851 homogen=33876.8859
mean B0=85.3834 homogen=4358.4826
mean B0=101.8907 homogen=23364.488
mean B0=104.9499 homogen=34747.1192
mean B0=99.7752 homogen=18739.988
mean B0=98.2379 homogen=19292.6921
mean B0=103.7753 homogen=31034.2507
mean B0=93.9281 homogen=9069.4215
mean B0=93.6338 homogen=7441.9542
mean B0=76.3298 homogen=65224.1368
mean B0=100.5137 homogen=21687.1207
mean B0=107.3337 homogen=43227.5937
mean B0=91.9293 homogen=9200.6735
mean B0=96.2586 homogen=11509.454
mean B0=98.9352 homogen=18784.6918
mean B0=96.9004 homogen=12596.7899
mean B0=94.9319 homogen=23987.3267
mean B0=100.7393 homogen=20071.813
mean B0=105.7341 homogen=39310.6506
mean B0=97.6598 homogen=14699.2024
mean B0=89.8533 homogen=21708.1291
mean B0=106.2499 homogen=40320.2919
mean B0=101.1789 homogen=20949.4735
mean B0=103.7447 homogen=30850.8001
mean B0=104.4365 homogen=32594.1733
mean B0=83.7892 homogen=17684.5556
mean B0=96.8239 homogen=12704.1387
mean B0=94.0854 homogen=8815.074
mean B0=94.3752 homogen=8399.4423
mean B0=102.4565 homogen=24609.351
mean B0=103.3642 homogen=31226.0374
mean B0=105.103 homogen=35995.7157
mean B0=87.7071 homogen=11722.8868
   180 |     7200 |     40 |  0.000000E+00 |  0.000000E+00 |  0.0012855231 |             f
mean B0=102.1322 homogen=25251.6192
mean B0=105.8689 homogen=37527.4486
mean B0=94.9979 homogen=39579.9205
mean B0=102.437 homogen=24746.3894
mean B0=94.4734 homogen=8990.6566
mean B0=101.4484 homogen=26501.5667
mean B0=104.986 homogen=35640.7386
mean B0=85.5286 homogen=3167.9948
mean B0=94.3951 homogen=8386.2647
mean B0=104.4616 homogen=37086.8923
mean B0=101.3656 homogen=17300.6715
mean B0=104.3688 homogen=32575.9503
mean B0=97.5679 homogen=20114.1005
mean B0=91.697 homogen=13887.3683
mean B0=82.5162 homogen=164505.555
mean B0=101.4962 homogen=21918.216
mean B0=103.6322 homogen=30560.6319
mean B0=103.8323 homogen=30993.431
mean B0=98.9153 homogen=17292.6505
mean B0=102.2963 homogen=25587.61
mean B0=98.6996 homogen=29982.18
mean B0=100.4188 homogen=19305.0632
mean B0=96.6177 homogen=21359.6687
mean B0=95.4291 homogen=10646.3601
mean B0=67.8262 homogen=88964.3767
mean B0=90.3638 homogen=95759.9291
mean B0=101.8002 homogen=22762.2338
mean B0=88.7714 homogen=3999.2387
mean B0=92.6032 homogen=5710.0912
mean B0=79.9905 homogen=83916.6787
mean B0=101.4907 homogen=21865.2811
mean B0=105.778 homogen=37379.7571
mean B0=98.7297 homogen=18333.4404
mean B0=92.9133 homogen=16420.6162
mean B0=90.4786 homogen=149243.4346
mean B0=98.7982 homogen=16749.481
mean B0=99.1373 homogen=19647.6378
mean B0=103.849 homogen=42509.0125
mean B0=94.765 homogen=12233.4204
mean B0=101.2946 homogen=21888.0962
   181 |     7240 |     40 |  0.000000E+00 |  0.000000E+00 |  0.0016592517 |             f
mean B0=101.6821 homogen=22861.9429
mean B0=103.8172 homogen=30923.7753
mean B0=101.8138 homogen=26308.8678
mean B0=100.5047 homogen=19316.2527
mean B0=94.5648 homogen=10479.1065
mean B0=103.223 homogen=27037.3639
mean B0=87.2548 homogen=22369.5237
mean B0=101.7446 homogen=33272.1819
mean B0=97.7002 homogen=14856.5339
mean B0=92.4848 homogen=5636.4916
mean B0=83.7881 homogen=13705.4069
mean B0=91.1189 homogen=30493.6
mean B0=96.2059 homogen=16388.3025
mean B0=99.3157 homogen=28311.0893
mean B0=101.0596 homogen=20742.9666
mean B0=98.7105 homogen=16020.4621
mean B0=102.7119 homogen=55981.1731
mean B0=100.7811 homogen=50020.9771
mean B0=96.4903 homogen=30719.3315
mean B0=91.5149 homogen=12674.9816
mean B0=96.6883 homogen=12226.3598
mean B0=103.3804 homogen=28890.7286
mean B0=93.4249 homogen=97796.8365
mean B0=94.252 homogen=15310.6063
mean B0=85.3477 homogen=7645.2819
mean B0=94.7719 homogen=101624.7886
mean B0=94.1826 homogen=22497.8488
mean B0=100.122 homogen=20774.0209
mean B0=98.8204 homogen=17094.7677
mean B0=96.322 homogen=11483.2325
mean B0=93.3285 homogen=29266.6976
mean B0=100.0612 homogen=55315.1796
mean B0=93.8276 homogen=17206.389
mean B0=99.2832 homogen=20810.232
mean B0=109.6012 homogen=61991.6967
mean B0=106.0723 homogen=33432.8725
mean B0=99.9632 homogen=19165.9582
mean B0=80.9555 homogen=124953.4565
mean B0=96.0414 homogen=27106.6513
mean B0=87.546 homogen=13995.0458
   182 |     7280 |     40 |  0.000000E+00 |  0.000000E+00 |  0.0866940516 |         ideal
mean B0=90.771 homogen=19225.879
mean B0=90.836 homogen=41113.2036
mean B0=104.2471 homogen=29974.2045
mean B0=88.789 homogen=3837.7457
mean B0=88.6632 homogen=3668.7285
mean B0=97.5955 homogen=14543.1114
mean B0=96.3615 homogen=42496.4499
mean B0=104.4643 homogen=32707.9008
mean B0=102.0992 homogen=23599.8304
mean B0=100.8918 homogen=20590.4228
mean B0=100.0998 homogen=22035.1815
mean B0=98.8895 homogen=17235.577
mean B0=102.5282 homogen=25266.1158
mean B0=105.0895 homogen=35996.2302
mean B0=85.9897 homogen=84776.4138
mean B0=101.9396 homogen=23515.4359
mean B0=63.3993 homogen=104948.2796
mean B0=94.1958 homogen=9001.7849
mean B0=94.8797 homogen=22978.9335
mean B0=99.8291 homogen=18860.7343
mean B0=89.2091 homogen=20431.5232
mean B0=90.7254 homogen=19516.9202
mean B0=97.4348 homogen=21857.1823
mean B0=97.4503 homogen=33309.3323
mean B0=96.2088 homogen=11436.372
mean B0=94.2549 homogen=7698.6899
mean B0=92.3578 homogen=35417.1599
mean B0=104.3415 homogen=32459.725
mean B0=105.4137 homogen=36723.5955
mean B0=105.0558 homogen=61614.1482
mean B0=99.2296 homogen=25186.7172
mean B0=103.1315 homogen=29989.7083
mean B0=69.7778 homogen=88006.5386
mean B0=100.6336 homogen=19773.3824
mean B0=96.5502 homogen=18289.909
mean B0=95.3781 homogen=10508.1364
mean B0=100.5539 homogen=19913.739
mean B0=102.0566 homogen=26759.4255
mean B0=71.0812 homogen=102752.9398
mean B0=103.332 homogen=28795.9702
   183 |     7320 |     40 |  0.000000E+00 |  0.000000E+00 |  0.0020716673 |             f
mean B0=90.3511 homogen=25224.9427
mean B0=88.8997 homogen=6178.488
mean B0=102.5087 homogen=24489.1227
mean B0=109.4531 homogen=61241.8937
mean B0=93.9746 homogen=7949.6612
mean B0=101.6821 homogen=22862.2113
mean B0=103.3804 homogen=28890.7286
mean B0=92.4515 homogen=6269.1855
mean B0=100.2562 homogen=21165.1274
mean B0=103.3428 homogen=28632.9314
mean B0=90.5659 homogen=18344.275
mean B0=95.5013 homogen=10824.7453
mean B0=92.4744 homogen=5577.3788
mean B0=101.8582 homogen=22943.9767
mean B0=91.2358 homogen=26432.5695
mean B0=98.1931 homogen=16500.9603
mean B0=96.5007 homogen=11574.368
mean B0=105.8681 homogen=37532.8801
mean B0=91.8926 homogen=31488.6692
mean B0=103.9137 homogen=32520.4112
mean B0=105.4135 homogen=36704.4912
mean B0=100.1504 homogen=21406.673
mean B0=87.1682 homogen=130842.8047
mean B0=88.6321 homogen=144544.8396
mean B0=102.7921 homogen=25630.81
mean B0=97.5955 homogen=14543.1114
mean B0=101.4907 homogen=21865.2811
mean B0=99.6572 homogen=18423.142
mean B0=95.6435 homogen=21119.6802
mean B0=99.5791 homogen=19134.1935
mean B0=82.2488 homogen=9409.1724
mean B0=95.3062 homogen=10336.6696
mean B0=96.2186 homogen=11509.3187
mean B0=97.5483 homogen=14634.4409
mean B0=93.1877 homogen=27590.0473
mean B0=98.4126 homogen=15584.6317
mean B0=68.1269 homogen=84952.448
mean B0=105.0898 homogen=35996.7819
mean B0=91.7043 homogen=33761.0469
mean B0=71.2399 homogen=171580.0372
   184 |     7360 |     40 |  0.000000E+00 |  0.000000E+00 |  0.0035606515 |             f
mean B0=93.9392 homogen=7383.4289
mean B0=100.9512 homogen=20788.1643
mean B0=87.2517 homogen=4340.9697
mean B0=87.514 homogen=19552.6612
mean B0=77.8782 homogen=51962.3508
mean B0=87.7216 homogen=143078.5051
mean B0=107.5037 homogen=44153.6365
mean B0=94.6538 homogen=19032.4034
mean B0=95.2489 homogen=24763.7672
mean B0=105.6058 homogen=37393.2881
mean B0=89.4857 homogen=41596.7172
mean B0=93.2433 homogen=6955.6391
mean B0=99.132 homogen=24104.4374
mean B0=109.4531 homogen=61241.8937
mean B0=96.2443 homogen=12793.0158
mean B0=94.5485 homogen=8636.1635
mean B0=97.9324 homogen=15550.8368
mean B0=101.508 homogen=25602.9328
mean B0=90.9567 homogen=31191.5904
mean B0=101.0568 homogen=20939.4755
mean B0=68.6808 homogen=81978.4284
mean B0=93.5561 homogen=31134.9231
mean B0=92.4834 homogen=7952.1627
mean B0=96.3009 homogen=21990.6473
mean B0=80.6143 homogen=220734.2721
mean B0=107.3919 homogen=41127.3965
mean B0=109.6189 homogen=62070.0075
mean B0=88.5197 homogen=16372.2816
mean B0=104.2532 homogen=30004.2728
mean B0=104.3598 homogen=32822.8368
mean B0=79.5461 homogen=176224.0466
mean B0=95.8208 homogen=10998.94
mean B0=99.2242 homogen=29551.3398
mean B0=98.8895 homogen=17235.577
mean B0=97.7984 homogen=15013.37
mean B0=88.7573 homogen=4099.6401
mean B0=106.0563 homogen=39061.5864
mean B0=88.9024 homogen=5418.1067
mean B0=69.5122 homogen=60556.3503
mean B0=99.7756 homogen=18572.7308
   185 |     7400 |     40 |  0.000000E+00 |  0.000000E+00 |  0.0018762482 |             f
mean B0=95.7296 homogen=10452.7638
mean B0=89.2314 homogen=194106.273
mean B0=104.8731 homogen=34188.5474
mean B0=105.2744 homogen=39259.7769
mean B0=102.7941 homogen=25533.9743
mean B0=102.5262 homogen=28240.6302
mean B0=102.3036 homogen=24637.1114
mean B0=92.3655 homogen=7473.9017
mean B0=99.8014 homogen=21646.5679
mean B0=82.6365 homogen=156897.8454
mean B0=94.2589 homogen=8755.6764
mean B0=103.413 homogen=29602.4477
mean B0=82.4927 homogen=43135.8329
mean B0=104.1336 homogen=31903.4249
mean B0=109.6938 homogen=63027.7949
mean B0=88.0692 homogen=31638.5452
mean B0=87.2006 homogen=20354.5252
mean B0=85.5958 homogen=3020.1878
mean B0=100.3012 homogen=19043.0175
mean B0=104.384 homogen=32372.4222
mean B0=109.7306 homogen=61539.2563
mean B0=97.488 homogen=20599.8648
mean B0=103.2244 homogen=27034.1578
mean B0=102.5788 homogen=23072.5212
mean B0=95.5759 homogen=23138.8175
mean B0=101.3922 homogen=21657.3253
mean B0=102.6948 homogen=43882.0778
mean B0=88.7911 homogen=5142.3364
mean B0=99.7803 homogen=21749.155
mean B0=101.8759 homogen=23013.5959
mean B0=101.5775 homogen=21917.7275
mean B0=88.6909 homogen=5310.6956
mean B0=94.1164 homogen=12697.6089
mean B0=97.6484 homogen=34982.8477
mean B0=102.5453 homogen=24823.6381
mean B0=86.753 homogen=8868.223
mean B0=95.847 homogen=20304.3794
mean B0=86.5275 homogen=6957.5362
mean B0=105.233 homogen=37740.0867
mean B0=104.3271 homogen=30240.2879
   186 |     7440 |     40 |  0.000000E+00 |  0.000000E+00 |  0.0053603320 |         ideal
mean B0=106.0572 homogen=39101.3034
mean B0=100.7609 homogen=20265.0072
mean B0=101.1281 homogen=20158.7221
mean B0=97.7466 homogen=14854.3111
mean B0=97.8345 homogen=15983.6223
mean B0=102.9104 homogen=26368.0303
mean B0=95.8208 homogen=10998.94
mean B0=101.1105 homogen=20482.4685
mean B0=93.2521 homogen=7124.6398
mean B0=92.5122 homogen=5724.6279
mean B0=98.6395 homogen=137409.0801
mean B0=97.5645 homogen=20620.5264
mean B0=104.9359 homogen=36215.9977
mean B0=104.5375 homogen=24694.6688
mean B0=91.7154 homogen=24374.0236
mean B0=103.5899 homogen=30549.2853
mean B0=97.0771 homogen=13111.243
mean B0=89.6833 homogen=24463.1527
mean B0=101.7508 homogen=81422.721
mean B0=109.7306 homogen=61539.2563
mean B0=88.7819 homogen=3859.1942
mean B0=109.1738 homogen=58848.8091
mean B0=87.7289 homogen=5787.9104
mean B0=107.4501 homogen=44110.0547
mean B0=95.1605 homogen=33673.7272
mean B0=103.7615 homogen=30976.2613
mean B0=91.0622 homogen=34940.6839
mean B0=100.5317 homogen=20947.5027
mean B0=86.9766 homogen=5740.2349
mean B0=104.3942 homogen=32731.8001
mean B0=96.213 homogen=15691.3064
mean B0=100.1825 homogen=22001.5308
mean B0=102.4481 homogen=25101.655
mean B0=107.0475 homogen=41814.2619
mean B0=96.9738 homogen=30407.3984
mean B0=97.8982 homogen=19680.9817
mean B0=95.3641 homogen=11555.9291
mean B0=105.2358 homogen=35424.5228
mean B0=91.5842 homogen=33579.7487
mean B0=98.5753 homogen=15615.6286
   187 |     7480 |     40 |  0.000000E+00 |  0.000000E+00 |  0.0018642019 |             f
mean B0=109.7306 homogen=61539.2563
mean B0=105.6058 homogen=37393.2881
mean B0=86.5259 homogen=36233.8728
mean B0=96.2951 homogen=21212.268
mean B0=88.6632 homogen=3668.7285
mean B0=106.819 homogen=41101.1484
mean B0=100.2395 homogen=20040.3068
mean B0=100.0744 homogen=21813.9242
mean B0=99.7841 homogen=18541.2206
mean B0=101.5682 homogen=26308.5006
mean B0=95.3059 homogen=10339.6747
mean B0=96.0055 homogen=34167.4201
mean B0=85.6947 homogen=3216.0312
mean B0=92.6032 homogen=5710.0741
mean B0=91.4899 homogen=4135.1166
mean B0=103.1991 homogen=26936.3658
mean B0=97.2166 homogen=13146.4107
mean B0=107.0118 homogen=38818.4798
mean B0=98.5969 homogen=15688.3942
mean B0=97.765 homogen=15511.7798
mean B0=109.4531 homogen=61241.8937
mean B0=92.4744 homogen=5577.3788
mean B0=99.1605 homogen=25217.8991
mean B0=101.4179 homogen=23770.2392
mean B0=102.1313 homogen=61237.1897
mean B0=105.462 homogen=36144.3992
mean B0=106.8836 homogen=41872.5648
mean B0=102.4621 homogen=24365.8203
mean B0=100.508 homogen=19319.5652
mean B0=100.4757 homogen=20201.6445
mean B0=93.2525 homogen=7122.4156
mean B0=93.3944 homogen=51909.0935
mean B0=102.7412 homogen=21499.7382
mean B0=102.5087 homogen=24489.1227
mean B0=107.5239 homogen=44240.8378
mean B0=103.4092 homogen=29049.563
mean B0=104.0937 homogen=29878.8867
mean B0=85.5958 homogen=3020.1878
mean B0=97.7247 homogen=14777.2861
mean B0=100.2715 homogen=19908.9046
   188 |     7520 |     40 |  0.000000E+00 |  0.000000E+00 |  0.0030471551 |             f
mean B0=96.5691 homogen=11823.5725
mean B0=89.2635 homogen=70784.5156
mean B0=102.5702 homogen=26991.4764
mean B0=102.7727 homogen=25358.4815
mean B0=97.1934 homogen=13388.4241
mean B0=100.2819 homogen=19656.8973
mean B0=107.4993 homogen=44207.27
mean B0=92.9633 homogen=21258.9936
mean B0=94.5792 homogen=9121.1334
mean B0=96.5725 homogen=17761.8634
mean B0=109.7285 homogen=61563.0372
mean B0=95.6417 homogen=11957.9935
mean B0=99.5956 homogen=48544.093
mean B0=105.6058 homogen=37393.2881
mean B0=102.8041 homogen=23911.3634
mean B0=85.5774 homogen=3076.6815
mean B0=96.7276 homogen=17125.2626
mean B0=101.401 homogen=25976.9838
mean B0=84.7471 homogen=9940.673
mean B0=97.3746 homogen=51453.928
mean B0=94.8287 homogen=108186.9844
mean B0=105.462 homogen=36144.3992
mean B0=94.9922 homogen=10929.4666
mean B0=105.245 homogen=35481.8565
mean B0=94.6428 homogen=8779.9492
mean B0=91.2795 homogen=169933.3353
mean B0=106.3682 homogen=40497.8916
mean B0=85.7283 homogen=3852.6338
mean B0=103.5053 homogen=32095.8833
mean B0=67.5044 homogen=67654.3276
mean B0=109.1765 homogen=58828.9379
mean B0=97.1929 homogen=13087.7649
mean B0=103.6407 homogen=32617.1328
mean B0=108.8982 homogen=67535.4481
mean B0=68.6292 homogen=80804.4914
mean B0=77.341 homogen=134437.0328
mean B0=95.948 homogen=22607.0752
mean B0=107.0506 homogen=41804.1757
mean B0=92.8807 homogen=12041.494
mean B0=105.7677 homogen=37728.2885
   189 |     7560 |     40 |  0.000000E+00 |  0.000000E+00 |  0.0016767211 |             f
mean B0=93.135 homogen=7121.6132
mean B0=88.853 homogen=4089.7869
mean B0=109.9747 homogen=63360.5368
mean B0=96.0245 homogen=17408.0411
mean B0=102.9125 homogen=48739.1761
mean B0=99.0612 homogen=23670.4922
mean B0=97.6255 homogen=14739.5637
mean B0=105.0687 homogen=38101.9782
mean B0=92.5029 homogen=5529.0583
mean B0=103.1833 homogen=26910.7972
mean B0=105.3856 homogen=62633.2799
mean B0=107.1065 homogen=49757.8807
mean B0=97.8652 homogen=14339.1872
mean B0=86.1809 homogen=2988.9622
mean B0=99.9819 homogen=19518.1724
mean B0=97.2115 homogen=12972.4683
mean B0=75.6013 homogen=60537.4554
mean B0=97.1918 homogen=20126.2313
mean B0=105.2754 homogen=34813.552
mean B0=105.8095 homogen=37718.6336
mean B0=91.5858 homogen=4093.3691
mean B0=85.403 homogen=3170.3513
mean B0=101.6182 homogen=21983.9462
mean B0=95.4365 homogen=44632.3133
mean B0=106.0023 homogen=41304.9919
mean B0=90.5227 homogen=10240.2175
mean B0=96.668 homogen=11863.9422
mean B0=106.8318 homogen=38754.7656
mean B0=104.3445 homogen=30287.1945
mean B0=107.0643 homogen=41822.9482
mean B0=100.6126 homogen=21777.0131
mean B0=84.8945 homogen=151034.7561
mean B0=94.4627 homogen=8501.4925
mean B0=94.5445 homogen=8617.2111
mean B0=90.133 homogen=11356.3584
mean B0=99.7625 homogen=18642.7187
mean B0=98.9153 homogen=17292.6505
mean B0=98.4888 homogen=25282.602
mean B0=108.9077 homogen=59791.3104
mean B0=104.229 homogen=29684.8589
   190 |     7600 |     40 |  0.000000E+00 |  0.000000E+00 |  0.0102598718 |         ideal
mean B0=96.104 homogen=12341.2305
mean B0=109.1198 homogen=56200.5423
mean B0=92.5024 homogen=5528.8737
mean B0=103.2001 homogen=26915.3335
mean B0=107.3978 homogen=41093.4629
mean B0=104.2866 homogen=29860.3786
mean B0=105.8238 homogen=37345.0882
mean B0=94.6167 homogen=8806.1511
mean B0=101.6999 homogen=23826.7807
mean B0=88.6342 homogen=3622.6937
mean B0=88.2322 homogen=45604.857
mean B0=101.5401 homogen=21895.2027
mean B0=91.4591 homogen=4083.4102
mean B0=99.1743 homogen=53701.0217
mean B0=102.7799 homogen=25367.9188
mean B0=97.8652 homogen=14338.9891
mean B0=101.6786 homogen=30192.8872
mean B0=102.0742 homogen=23523.6241
mean B0=83.3432 homogen=150413.7154
mean B0=106.693 homogen=40863.4235
mean B0=99.4335 homogen=18269.2368
mean B0=105.5813 homogen=36220.0432
mean B0=109.5623 homogen=61776.0266
mean B0=101.6161 homogen=22001.1149
mean B0=100.7914 homogen=21031.7305
mean B0=104.2871 homogen=30111.8794
mean B0=103.1082 homogen=27200.9151
mean B0=85.1694 homogen=14208.8993
mean B0=97.8473 homogen=19011.3575
mean B0=97.2503 homogen=13263.6747
mean B0=94.6653 homogen=34545.236
mean B0=105.0473 homogen=74718.1759
mean B0=88.9609 homogen=4258.6884
mean B0=91.994 homogen=32979.2901
mean B0=99.65 homogen=18409.5662
mean B0=92.0757 homogen=10709.0567
mean B0=104.5163 homogen=29637.8689
mean B0=98.7947 homogen=47998.5119
mean B0=91.0086 homogen=34137.474
mean B0=97.0234 homogen=13596.499
   191 |     7640 |     40 |  0.000000E+00 |  0.000000E+00 |  0.0018482982 |             f
mean B0=91.413 homogen=153467.0311
mean B0=109.707 homogen=61969.5972
mean B0=90.7921 homogen=42982.1683
mean B0=96.2046 homogen=71717.4926
mean B0=97.366 homogen=20090.2586
mean B0=95.389 homogen=10551.2761
mean B0=97.8652 homogen=14338.5862
mean B0=101.1625 homogen=22318.1416
mean B0=63.8737 homogen=78617.1154
mean B0=92.5322 homogen=7107.6279
mean B0=103.7936 homogen=31733.4376
mean B0=109.6065 homogen=61960.6268
mean B0=80.8116 homogen=47707.6536
mean B0=102.8802 homogen=27492.3487
mean B0=94.4627 homogen=8501.4925
mean B0=102.5721 homogen=24688.8795
mean B0=100.3471 homogen=21266.0082
mean B0=98.4055 homogen=16738.5079
mean B0=93.2293 homogen=6907.4631
mean B0=109.1772 homogen=58802.206
mean B0=105.5995 homogen=39621.062
mean B0=95.0885 homogen=34839.9031
mean B0=103.1205 homogen=32528.8285
mean B0=90.7337 homogen=26586.5373
mean B0=96.7863 homogen=13687.4264
mean B0=104.6757 homogen=33705.187
mean B0=105.5805 homogen=36221.7725
mean B0=102.3474 homogen=30646.8748
mean B0=83.9396 homogen=32112.628
mean B0=88.4711 homogen=5172.2172
mean B0=102.5421 homogen=27978.4674
mean B0=92.5615 homogen=5647.3966
mean B0=99.6572 homogen=18423.142
mean B0=104.6686 homogen=29712.9213
mean B0=100.2819 homogen=19656.8973
mean B0=105.9023 homogen=32546.6893
mean B0=107.5182 homogen=43773.0995
mean B0=92.1582 homogen=7361.7175
mean B0=91.609 homogen=4327.2697
mean B0=101.112 homogen=20500.3936
   192 |     7680 |     40 |  0.000000E+00 |  0.000000E+00 |  0.0032037212 |             f
mean B0=94.5892 homogen=34278.2792
mean B0=105.5782 homogen=37398.8311
mean B0=98.1488 homogen=15299.6462
mean B0=94.9438 homogen=10781.8618
mean B0=98.1506 homogen=36777.2679
mean B0=94.9921 homogen=13371.0874
mean B0=99.6639 homogen=21641.5777
mean B0=99.529 homogen=17997.2127
mean B0=94.3172 homogen=6860.0495
mean B0=103.7076 homogen=24739.7034
mean B0=96.0326 homogen=18938.8253
mean B0=102.5345 homogen=26869.3828
mean B0=89.0824 homogen=151913.2794
mean B0=103.2001 homogen=26915.3335
mean B0=107.7064 homogen=41894.3089
mean B0=91.2386 homogen=21550.5013
mean B0=96.0564 homogen=13848.9511
mean B0=101.4932 homogen=26418.2374
mean B0=94.4627 homogen=8501.4925
mean B0=102.8745 homogen=26242.0417
mean B0=102.4935 homogen=82146.9341
mean B0=101.2357 homogen=23945.7756
mean B0=105.4584 homogen=35634.3766
mean B0=93.8284 homogen=8987.9474
mean B0=97.9948 homogen=22272.8077
mean B0=95.3068 homogen=10335.1937
mean B0=102.0903 homogen=23196.0271
mean B0=109.0814 homogen=57695.6815
mean B0=83.837 homogen=4578.3235
mean B0=96.3993 homogen=23978.9918
mean B0=82.7386 homogen=40151.8392
mean B0=102.9373 homogen=25661.5053
mean B0=104.7886 homogen=29928.3705
mean B0=102.0742 homogen=23523.6241
mean B0=95.874 homogen=11484.5951
mean B0=90.5232 homogen=16095.5527
mean B0=94.1086 homogen=32759.1507
mean B0=104.3244 homogen=32864.6507
mean B0=94.2907 homogen=23805.6095
mean B0=109.297 homogen=59038.8365
   193 |     7720 |     40 |  0.000000E+00 |  0.000000E+00 |  0.0021129799 |             f
mean B0=107.5052 homogen=43717.2899
mean B0=101.0664 homogen=22767.5208
mean B0=94.0486 homogen=12264.2278
mean B0=100.4846 homogen=20111.8045
mean B0=104.4719 homogen=30499.805
mean B0=102.0903 homogen=23195.2367
mean B0=107.0651 homogen=38623.2535
mean B0=99.5295 homogen=17992.3236
mean B0=95.8651 homogen=11508.3498
mean B0=96.6707 homogen=13311.4033
mean B0=90.555 homogen=24265.46
mean B0=102.5478 homogen=24618.7772
mean B0=88.9701 homogen=95129.3032
mean B0=109.9508 homogen=64107.4657
mean B0=84.6269 homogen=20371.452
mean B0=106.3424 homogen=40443.4265
mean B0=107.7703 homogen=44505.515
mean B0=104.8691 homogen=34176.5189
mean B0=94.5629 homogen=44704.2216
mean B0=91.6089 homogen=4326.9528
mean B0=109.3101 homogen=59090.4984
mean B0=102.426 homogen=50773.0602
mean B0=97.2503 homogen=13263.6747
mean B0=100.4006 homogen=21449.4559
mean B0=93.2525 homogen=7122.4156
mean B0=93.2297 homogen=6905.5195
mean B0=102.4965 homogen=26512.6467
mean B0=102.937 homogen=25661.6511
mean B0=88.6694 homogen=3683.0547
mean B0=91.5648 homogen=4239.7291
mean B0=99.1585 homogen=26012.1974
mean B0=100.5724 homogen=50183.6081
mean B0=101.5251 homogen=31374.9319
mean B0=97.8725 homogen=15137.162
mean B0=104.8864 homogen=34389.6077
mean B0=92.6004 homogen=5719.7826
mean B0=105.7975 homogen=92935.1891
mean B0=101.1666 homogen=22332.6957
mean B0=88.0285 homogen=7161.2404
mean B0=96.6679 homogen=11857.0295
   194 |     7760 |     40 |  0.000000E+00 |  0.000000E+00 |  0.0031096158 |             f
mean B0=100.0076 homogen=19440.386
mean B0=103.4598 homogen=26826.0252
mean B0=93.5768 homogen=95645.8273
mean B0=105.1973 homogen=34777.1076
mean B0=105.0647 homogen=36359.4961
mean B0=99.5707 homogen=18114.0263
mean B0=94.8853 homogen=9042.953
mean B0=100.8983 homogen=23850.955
mean B0=92.0834 homogen=8998.454
mean B0=97.1263 homogen=13145.4349
mean B0=94.8961 homogen=18102.43
mean B0=96.7492 homogen=17395.7293
mean B0=107.0643 homogen=41822.9482
mean B0=107.534 homogen=60947.1824
mean B0=92.9881 homogen=21251.3199
mean B0=93.2525 homogen=7122.4156
mean B0=91.4483 homogen=28111.7868
mean B0=69.1169 homogen=81317.2378
mean B0=94.3888 homogen=19181.4914
mean B0=95.874 homogen=11484.5951
mean B0=93.4326 homogen=41093.2902
mean B0=106.2884 homogen=39357.3645
mean B0=102.6978 homogen=27510.3444
mean B0=103.0074 homogen=25689.7215
mean B0=92.5267 homogen=5458.6272
mean B0=96.628 homogen=11971.9848
mean B0=107.2228 homogen=43404.7954
mean B0=98.0199 homogen=15047.1318
mean B0=102.5496 homogen=57952.6991
mean B0=103.1972 homogen=26895.8307
mean B0=99.2985 homogen=23019.6828
mean B0=92.5734 homogen=8364.828
mean B0=93.2297 homogen=6905.5195
mean B0=99.6017 homogen=19949.4093
mean B0=75.7625 homogen=279387.8385
mean B0=92.6032 homogen=5710.0741
mean B0=80.9308 homogen=46457.5648
mean B0=98.8584 homogen=48489.0435
mean B0=96.2158 homogen=12356.4049
mean B0=98.4055 homogen=16738.5079
   195 |     7800 |     40 |  0.000000E+00 |  0.000000E+00 |  0.0018755935 |             f
mean B0=97.2174 homogen=13180.7148
mean B0=105.9325 homogen=38822.939
mean B0=91.6063 homogen=4036.0901
mean B0=107.2437 homogen=43500.3307
mean B0=91.5294 homogen=21586.0142
mean B0=75.1403 homogen=67930.7314
mean B0=97.8654 homogen=14341.0231
mean B0=98.2441 homogen=23176.2225
mean B0=110.2819 homogen=50103.1294
mean B0=110.168 homogen=64907.9059
mean B0=103.3133 homogen=25232.3863
mean B0=101.1106 homogen=20486.2493
mean B0=96.198 homogen=23033.4982
mean B0=82.5791 homogen=25790.4403
mean B0=81.4698 homogen=110944.1579
mean B0=99.1994 homogen=18424.0656
mean B0=96.5067 homogen=18557.5701
mean B0=98.4233 homogen=16754.1393
mean B0=105.808 homogen=37311.7797
mean B0=92.4324 homogen=30697.1257
mean B0=105.3098 homogen=34942.3712
mean B0=94.7548 homogen=8768.5928
mean B0=61.963 homogen=120154.4885
mean B0=104.4512 homogen=30439.024
mean B0=94.1026 homogen=24192.9652
mean B0=99.9938 homogen=20346.8087
mean B0=104.869 homogen=34177.5073
mean B0=91.674 homogen=57454.3985
mean B0=85.4251 homogen=7656.4292
mean B0=107.5767 homogen=43443.113
mean B0=103.1131 homogen=32319.3313
mean B0=106.3424 homogen=40443.4265
mean B0=104.1782 homogen=70217.1559
mean B0=92.4711 homogen=18369.6954
mean B0=101.1724 homogen=22756.4589
mean B0=103.8059 homogen=26314.3923
mean B0=95.1512 homogen=14855.0958
mean B0=96.4674 homogen=15856.9595
mean B0=105.4478 homogen=25745.3818
mean B0=101.2887 homogen=22414.0452
   196 |     7840 |     40 |  0.000000E+00 |  0.000000E+00 |  0.0080589632 |         ideal
mean B0=102.0903 homogen=23195.2367
mean B0=82.2961 homogen=130625.0737
mean B0=94.3231 homogen=21148.2658
mean B0=104.2924 homogen=30167.3265
mean B0=98.3362 homogen=16634.9503
mean B0=105.0835 homogen=53383.7409
mean B0=97.1613 homogen=18912.5634
mean B0=105.9389 homogen=39906.6872
mean B0=107.433 homogen=44225.5921
mean B0=102.7655 homogen=42273.4994
mean B0=95.6956 homogen=12325.2758
mean B0=97.8094 homogen=14542.0563
mean B0=97.9161 homogen=22252.5842
mean B0=100.3833 homogen=27467.7632
mean B0=91.1496 homogen=5527.553
mean B0=107.422 homogen=43936.8716
mean B0=87.1159 homogen=18112.8489
mean B0=97.2252 homogen=13192.1934
mean B0=98.5753 homogen=16740.7504
mean B0=101.7192 homogen=23603.1621
mean B0=106.2884 homogen=39357.3645
mean B0=77.4074 homogen=31135.7575
mean B0=93.302 homogen=6868.4623
mean B0=93.9898 homogen=28499.9933
mean B0=109.4586 homogen=60588.8822
mean B0=91.1885 homogen=18821.0689
mean B0=90.6279 homogen=6589.6724
mean B0=107.1134 homogen=38910.4908
mean B0=109.1982 homogen=58588.6747
mean B0=79.01 homogen=241370.9355
mean B0=101.091 homogen=22669.8225
mean B0=88.6071 homogen=91247.6849
mean B0=96.655 homogen=20268.93
mean B0=102.3864 homogen=26348.9868
mean B0=100.9929 homogen=21840.2898
mean B0=109.7152 homogen=57622.0863
mean B0=90.6884 homogen=23660.0814
mean B0=94.9108 homogen=8953.3138
mean B0=96.4036 homogen=11528.9999
mean B0=104.9756 homogen=34314.9254
   197 |     7880 |     40 |  0.000000E+00 |  0.000000E+00 |  0.0014509649 |             f
mean B0=107.0513 homogen=41799.754
mean B0=103.7994 homogen=32304.9597
mean B0=106.306 homogen=39579.5344
mean B0=94.6409 homogen=8725.8761
mean B0=97.8952 homogen=15043.1573
mean B0=88.6694 homogen=3683.0547
mean B0=109.0782 homogen=60040.1416
mean B0=111.1655 homogen=55702.4579
mean B0=101.2008 homogen=23565.1256
mean B0=91.9226 homogen=4514.2188
mean B0=100.6575 homogen=22367.8514
mean B0=74.4246 homogen=165623.2206
mean B0=101.475 homogen=23897.3517
mean B0=86.6959 homogen=123259.0122
mean B0=93.2862 homogen=89854.1228
mean B0=100.427 homogen=20161.0747
mean B0=95.6984 homogen=11416.4718
mean B0=85.7342 homogen=10878.6076
mean B0=107.612 homogen=44245.2329
mean B0=104.2143 homogen=44587.8385
mean B0=105.9456 homogen=38845.6763
mean B0=97.7619 homogen=15704.7272
mean B0=101.8376 homogen=22331.2099
mean B0=94.7309 homogen=9398.7836
mean B0=99.5078 homogen=17934.5372
mean B0=92.5267 homogen=5458.6272
mean B0=104.9723 homogen=33769.8263
mean B0=96.2195 homogen=12961.761
mean B0=98.4907 homogen=17059.7246
mean B0=104.0744 homogen=29760.678
mean B0=107.5413 homogen=42540.7902
mean B0=106.8207 homogen=42021.4184
mean B0=100.7056 homogen=21310.1672
mean B0=88.6611 homogen=3648.058
mean B0=101.2929 homogen=22416.8519
mean B0=109.1479 homogen=57436.1218
mean B0=92.9557 homogen=6243.4672
mean B0=99.0664 homogen=18630.9253
mean B0=98.0793 homogen=16396.7573
mean B0=96.3364 homogen=25766.5761
   198 |     7920 |     40 |  0.000000E+00 |  0.000000E+00 |  0.0038847396 |             f
mean B0=96.6559 homogen=28202.0838
mean B0=100.0076 homogen=19440.386
mean B0=102.0717 homogen=23131.9761
mean B0=89.9005 homogen=31987.6156
mean B0=111.2835 homogen=68746.041
mean B0=100.9462 homogen=30332.0487
mean B0=99.1674 homogen=21379.4365
mean B0=95.3203 homogen=10497.7346
mean B0=85.7094 homogen=28854.2182
mean B0=106.3523 homogen=40517.4224
mean B0=99.8545 homogen=23696.4942
mean B0=99.3242 homogen=26204.7403
mean B0=101.667 homogen=22780.2224
mean B0=102.8475 homogen=26688.5023
mean B0=93.567 homogen=32662.9137
mean B0=85.095 homogen=31843.7846
mean B0=99.7709 homogen=18716.1662
mean B0=98.4956 homogen=21088.234
mean B0=97.4819 homogen=23530.4955
mean B0=91.2498 homogen=4141.1333
mean B0=97.6866 homogen=72139.4594
mean B0=109.9747 homogen=63360.5368
mean B0=107.7911 homogen=44617.4864
mean B0=98.4023 homogen=16709.3685
mean B0=103.2535 homogen=27237.2549
mean B0=101.114 homogen=22829.8658
mean B0=98.6952 homogen=16300.0679
mean B0=88.6159 homogen=3681.1209
mean B0=103.135 homogen=72567.2687
mean B0=106.0944 homogen=36509.7317
mean B0=107.3139 homogen=33367.7378
mean B0=104.4894 homogen=30558.3082
mean B0=104.3397 homogen=29953.448
mean B0=99.0651 homogen=18949.9185
mean B0=92.7315 homogen=26483.9016
mean B0=90.8418 homogen=34067.5483
mean B0=96.4959 homogen=11572.9429
mean B0=110.0482 homogen=64681.8721
mean B0=101.4613 homogen=22693.0838
mean B0=93.3121 homogen=6891.4842
   199 |     7960 |     40 |  0.000000E+00 |  0.000000E+00 |  0.0444365433 |         ideal
mean B0=98.0269 homogen=138493.9641
mean B0=94.6812 homogen=8814.4407
mean B0=103.7678 homogen=32790.502
mean B0=106.1794 homogen=28131.7155
mean B0=85.021 homogen=119083.3274
mean B0=100.842 homogen=21205.5316
mean B0=99.0287 homogen=15820.0242
mean B0=104.7355 homogen=29604.9839
mean B0=83.8843 homogen=5243.6827
mean B0=102.0115 homogen=23040.3022
mean B0=109.1985 homogen=58588.7721
mean B0=102.7088 homogen=24984.7479
mean B0=101.089 homogen=24425.6107
mean B0=94.1338 homogen=8457.2378
mean B0=80.8754 homogen=148399.7734
mean B0=101.89 homogen=22862.1194
mean B0=98.3508 homogen=16721.5595
mean B0=109.7247 homogen=63146.9703
mean B0=101.4138 homogen=22581.9313
mean B0=95.638 homogen=47852.7837
mean B0=105.0034 homogen=22015.1602
mean B0=105.5505 homogen=36422.5916
mean B0=98.1406 homogen=16051.0187
mean B0=105.4291 homogen=35481.8612
mean B0=104.8133 homogen=32597.2942
mean B0=108.9847 homogen=56891.4931
mean B0=100.4286 homogen=20283.489
mean B0=109.8935 homogen=67325.395
mean B0=94.2395 homogen=6699.7452
mean B0=107.7894 homogen=44631.2145
mean B0=92.2542 homogen=13242.3535
mean B0=92.7889 homogen=27773.0368
mean B0=106.4637 homogen=51673.0289
mean B0=75.0914 homogen=163844.9274
mean B0=95.6359 homogen=25632.911
mean B0=105.7604 homogen=52446.6015
mean B0=92.2458 homogen=7659.8397
mean B0=106.0741 homogen=38606.2734
mean B0=104.6434 homogen=29414.2879
mean B0=99.4732 homogen=24599.2974
   200 |     8000 |     40 |  0.000000E+00 |  0.000000E+00 |  0.0021715975 |             f
mean B0=111.2835 homogen=68746.041
mean B0=86.1809 homogen=2988.9622
mean B0=107.7911 homogen=44617.4864
mean B0=108.9847 homogen=56891.4931
mean B0=91.6063 homogen=4036.0901
mean B0=110.168 homogen=64907.9059
mean B0=99.5078 homogen=17934.5372
mean B0=88.6694 homogen=3683.0547
mean B0=95.874 homogen=11484.5951
mean B0=88.6342 homogen=3622.6937
mean B0=100.4846 homogen=20111.8045
mean B0=103.4598 homogen=26826.0252
mean B0=104.229 homogen=29684.8589
mean B0=92.9557 homogen=6243.4672
mean B0=109.4586 homogen=60588.8822
mean B0=94.9108 homogen=8953.3138
mean B0=91.9226 homogen=4514.2188
mean B0=97.2503 homogen=13263.6747
mean B0=96.668 homogen=11863.9422
mean B0=93.3121 homogen=6891.4842
mean B0=107.0513 homogen=41799.754
mean B0=97.8652 homogen=14339.1872
mean B0=107.2228 homogen=43404.7954
mean B0=94.1338 homogen=8457.2378
mean B0=106.0741 homogen=38606.2734
mean B0=104.8133 homogen=32597.2942
mean B0=104.4894 homogen=30558.3082
mean B0=98.5753 homogen=16740.7504
mean B0=109.7247 homogen=63146.9703
mean B0=102.8475 homogen=26688.5023
mean B0=100.9929 homogen=21840.2898
mean B0=98.1406 homogen=16051.0187
mean B0=104.9723 homogen=33769.8263
mean B0=105.808 homogen=37311.7797
mean B0=102.5478 homogen=24618.7772
mean B0=101.8376 homogen=22331.2099
mean B0=106.3523 homogen=40517.4224
mean B0=100.842 homogen=21205.5316
mean B0=102.0903 homogen=23195.2367
mean B0=109.9747 homogen=63360.5368
    pareto_idx  magnets  layers  homogeneity_ppm       B0_mT  length_mm
1            1      250       2      2988.962230   86.180948    110.650
9            9      250       2      3622.693704   88.634222     99.914
7            7      250       2      3683.054718   88.669442     99.882
4            4      248       2      4036.090129   91.606298     91.134
16          16      248       2      4514.218802   91.922612     91.162
13          13      250       2      6243.467158   92.955732     91.170
19          19      250       2      6891.484227   93.312076     91.158
23          23      246       2      8457.237788   94.133843     89.464
15          15      248       2      8953.313790   94.910815     88.878
8            8      248       2     11484.595063   95.874036     89.464
18          18      250       2     11863.942157   96.668043     89.904
17          17      250       2     13263.674747   97.250305     89.792
21          21      250       2     14339.187165   97.865192     87.680
31          31      250       2     16051.018717   98.140562     88.878
27          27      250       2     16740.750428   98.575338     88.416
6            6      248       2     17934.537244   99.507774     86.978
10          10      248       2     20111.804528  100.484648     86.156
37          37      250       2     21205.531552  100.842006     86.086
30          30      248       2     21840.289843  100.992868     85.830
35          35      250       2     22331.209851  101.837593     86.746
38          38      250       2     23195.236715  102.090286     86.568
34          34      250       2     24618.777191  102.547763     86.000
29          29      250       2     26688.502278  102.847544     84.816
11          11      250       2     26826.025196  103.459761     86.568
12          12      250       2     29684.858856  104.228994     86.046
26          26      250       2     30558.308220  104.489448     86.044
25          25      250       2     32597.294171  104.813259     84.714
32          32      250       2     33769.826330  104.972266     84.482
33          33      250       2     37311.779670  105.807972     83.982
24          24      250       2     38606.273374  106.074145     84.010
36          36      250       2     40517.422391  106.352344     84.044
20          20      250       2     41799.753968  107.051265     84.440
22          22      250       2     43404.795419  107.222770     84.074
2            2      250       2     44617.486389  107.791111     83.944
3            3      250       2     56891.493069  108.984748     81.956
14          14      250       2     60588.882188  109.458649     82.010
28          28      250       2     63146.970250  109.724701     82.046
39          39      250       2     63360.536808  109.974725     82.020
5            5      250       2     64907.905921  110.168036     81.906
0            0      250       2     68746.040980  111.283507     81.996
