/Users/nv/Documents/MRI/magnet_design/optimize_bore50mm_6p35mm_N42.py:54: DeprecationWarning: Importing 'StarmapParallelization' from 'pymoo.core.problem' is deprecated. Please use 'from pymoo.parallelization import StarmapParallelization' instead. This backward compatibility import will be removed in a future version.
  from pymoo.core.problem import StarmapParallelization
mean B0=19.3642 homogen=178178.3433
mean B0=24.7564 homogen=518486.9785
mean B0=5.4406 homogen=1309308.5792
mean B0=21.7008 homogen=463039.2962
mean B0=18.5192 homogen=613356.8393
mean B0=19.9418 homogen=295906.0967
mean B0=20.1195 homogen=610015.234
mean B0=10.0235 homogen=429659.6847
mean B0=40.6628 homogen=336544.2821
mean B0=30.6409 homogen=316201.5969
mean B0=21.0736 homogen=329938.0942
mean B0=45.1738 homogen=319532.5557
mean B0=22.9217 homogen=395033.9282
mean B0=8.8902 homogen=306255.6967
mean B0=28.4182 homogen=363127.572
mean B0=40.354 homogen=95548.2691
mean B0=0 homogen=1000000.0
mean B0=38.2919 homogen=181143.843
mean B0=35.0934 homogen=171586.1953
mean B0=39.7623 homogen=105843.1084
mean B0=18.8848 homogen=811129.7482
mean B0=28.7825 homogen=284311.731
mean B0=9.4097 homogen=966251.0854
mean B0=31.898 homogen=310934.8583
mean B0=4.2341 homogen=980369.0927
mean B0=4.1611 homogen=838910.5318
mean B0=47.6922 homogen=161297.5328
mean B0=22.1046 homogen=815517.3834
mean B0=27.9137 homogen=569100.7495
mean B0=32.9015 homogen=244406.8913
mean B0=2.5971 homogen=1072739.7803
mean B0=37.8827 homogen=406383.5371
mean B0=17.7293 homogen=298452.6419
mean B0=11.7622 homogen=933719.9178
mean B0=35.4018 homogen=361967.3298
mean B0=36.4594 homogen=265842.1124
mean B0=4.1931 homogen=1115042.0523
mean B0=9.5052 homogen=880851.7472
mean B0=25.0596 homogen=539121.8006
mean B0=5.8365 homogen=338259.1981
==========================================================================================
n_gen  |  n_eval  | n_nds  |     cv_min    |     cv_avg    |      eps      |   indicator  
==========================================================================================
     1 |       40 |      2 |  0.000000E+00 |  0.7000000000 |             - |             -
mean B0=33.4933 homogen=118748.809
mean B0=38.6783 homogen=219530.4636
mean B0=21.6115 homogen=288253.4737
mean B0=50.5671 homogen=331916.2569
mean B0=18.4749 homogen=850795.8564
mean B0=34.4734 homogen=236200.8745
mean B0=26.2811 homogen=560102.3774
mean B0=28.7825 homogen=284311.731
mean B0=15.6176 homogen=489147.8181
mean B0=15.343 homogen=368341.7248
mean B0=6.7474 homogen=423819.7085
mean B0=0.5257 homogen=497144.4958
mean B0=27.7192 homogen=154372.0679
mean B0=5.6322 homogen=1034665.5318
mean B0=11.7622 homogen=933719.9178
mean B0=17.8758 homogen=367110.4715
mean B0=0 homogen=1000000.0
mean B0=33.1109 homogen=343300.1377
mean B0=13.1177 homogen=383406.8918
mean B0=6.1076 homogen=1233850.8233
mean B0=41.5957 homogen=324128.258
mean B0=45.2179 homogen=179524.4393
mean B0=20.5128 homogen=581318.6195
mean B0=27.0086 homogen=415156.5791
mean B0=24.3019 homogen=693508.8953
mean B0=48.2857 homogen=314617.4107
mean B0=25.3594 homogen=328915.6612
mean B0=9.8957 homogen=434160.6584
mean B0=33.3349 homogen=320851.608
mean B0=33.013 homogen=355219.9809
mean B0=9.4097 homogen=966251.0854
mean B0=44.1272 homogen=46855.7099
mean B0=36.2022 homogen=380937.1098
mean B0=9.2323 homogen=688148.9893
mean B0=2.7877 homogen=1090155.9916
mean B0=3.3939 homogen=800433.6714
mean B0=5.4457 homogen=1115373.6458
mean B0=35.725 homogen=168843.0393
mean B0=12.0869 homogen=779773.1078
mean B0=33.8844 homogen=424573.8831
     2 |       80 |      4 |  0.000000E+00 |  0.000000E+00 |  0.4464194108 |         ideal
mean B0=19.9129 homogen=306435.5345
mean B0=39.1196 homogen=145260.821
mean B0=36.5749 homogen=329366.8998
mean B0=31.7722 homogen=431710.5692
mean B0=35.6785 homogen=159559.07
mean B0=17.368 homogen=263814.137
mean B0=1.6448 homogen=934385.9962
mean B0=43.505 homogen=51767.8633
mean B0=39.2189 homogen=248899.8817
mean B0=37.4648 homogen=120996.0253
mean B0=27.6429 homogen=396390.1643
mean B0=32.5174 homogen=275674.7847
mean B0=38.0015 homogen=315076.646
mean B0=39.9697 homogen=102528.2729
mean B0=15.2338 homogen=783746.6411
mean B0=47.9675 homogen=322508.5573
mean B0=39.0162 homogen=261763.3838
mean B0=29.5373 homogen=47878.6233
mean B0=45.5411 homogen=104216.7615
mean B0=39.3723 homogen=413920.2502
mean B0=30.3435 homogen=245796.709
mean B0=29.3486 homogen=516221.2501
mean B0=40.1701 homogen=201019.5529
mean B0=36.4609 homogen=262288.2947
mean B0=7.9645 homogen=365956.1323
mean B0=15.6797 homogen=540512.141
mean B0=25.2541 homogen=111710.1173
mean B0=19.2018 homogen=425884.3146
mean B0=28.7134 homogen=407018.3686
mean B0=42.8172 homogen=387506.7254
mean B0=36.6429 homogen=261902.3094
mean B0=37.9862 homogen=340487.6986
mean B0=31.5696 homogen=394598.433
mean B0=22.9221 homogen=395015.954
mean B0=48.2668 homogen=129507.8409
mean B0=17.8285 homogen=294633.6802
mean B0=47.4331 homogen=98495.5722
mean B0=32.2774 homogen=216481.3795
mean B0=14.7617 homogen=383398.5219
mean B0=16.588 homogen=512191.6323
     3 |      120 |      5 |  0.000000E+00 |  0.000000E+00 |  0.0733538557 |             f
mean B0=43.0154 homogen=368538.1965
mean B0=24.5882 homogen=160208.7641
mean B0=37.8562 homogen=111024.5333
mean B0=40.7944 homogen=215619.452
mean B0=49.4251 homogen=135737.1721
mean B0=35.4727 homogen=277006.6999
mean B0=50.1291 homogen=333587.6807
mean B0=27.7445 homogen=119346.5553
mean B0=17.8406 homogen=264262.1217
mean B0=35.2176 homogen=182432.9147
mean B0=32.5522 homogen=183070.774
mean B0=15.4183 homogen=107629.0535
mean B0=26.2955 homogen=317615.6424
mean B0=35.4942 homogen=387603.4808
mean B0=45.7177 homogen=20867.7004
mean B0=40.6314 homogen=187479.3068
mean B0=26.8205 homogen=143489.1949
mean B0=45.3791 homogen=180100.679
mean B0=33.5846 homogen=117315.9251
mean B0=30.5892 homogen=347561.7673
mean B0=48.2145 homogen=306099.7134
mean B0=35.4413 homogen=336121.1704
mean B0=37.1745 homogen=382112.2664
mean B0=45.0214 homogen=158186.2119
mean B0=37.3607 homogen=138558.6507
mean B0=26.8749 homogen=138642.7722
mean B0=40.2949 homogen=192639.775
mean B0=34.4644 homogen=216667.8414
mean B0=49.1852 homogen=39973.8611
mean B0=37.1315 homogen=232098.5677
mean B0=29.3653 homogen=302073.5202
mean B0=56.8397 homogen=186755.2375
mean B0=40.8401 homogen=201607.8021
mean B0=51.1712 homogen=165710.405
mean B0=37.3541 homogen=224051.4634
mean B0=39.3984 homogen=254933.6928
mean B0=43.8706 homogen=456032.7438
mean B0=43.6186 homogen=46406.28
mean B0=24.8782 homogen=121851.9778
mean B0=37.546 homogen=324847.4618
     4 |      160 |      5 |  0.000000E+00 |  0.000000E+00 |  0.5639811819 |         ideal
mean B0=45.894 homogen=368845.5708
mean B0=53.7221 homogen=94905.0158
mean B0=33.2593 homogen=99336.6815
mean B0=49.9557 homogen=119857.1972
mean B0=36.3995 homogen=54685.2808
mean B0=35.3183 homogen=489169.2262
mean B0=44.7896 homogen=118993.9573
mean B0=44.2321 homogen=214912.1614
mean B0=38.9083 homogen=263922.6766
mean B0=50.6946 homogen=136774.1531
mean B0=32.5648 homogen=202902.5944
mean B0=15.5478 homogen=746805.0383
mean B0=23.3291 homogen=89027.3671
mean B0=52.735 homogen=226589.5402
mean B0=39.9969 homogen=343245.7773
mean B0=33.1621 homogen=280040.1552
mean B0=36.6075 homogen=191484.6445
mean B0=43.5754 homogen=24712.1996
mean B0=46.5246 homogen=491690.0183
mean B0=29.3362 homogen=606659.2398
mean B0=44.413 homogen=101562.5501
mean B0=27.8035 homogen=417503.7782
mean B0=60.8735 homogen=317471.9168
mean B0=38.6404 homogen=30707.6985
mean B0=45.3662 homogen=148795.653
mean B0=55.3721 homogen=235776.468
mean B0=44.8904 homogen=27752.1217
mean B0=45.701 homogen=262332.611
mean B0=56.1724 homogen=195527.7977
mean B0=43.6569 homogen=334692.8568
mean B0=44.0294 homogen=113452.9985
mean B0=21.3353 homogen=335765.4254
mean B0=32.7054 homogen=109175.3148
mean B0=47.1956 homogen=176587.2236
mean B0=31.5366 homogen=160146.351
mean B0=55.7514 homogen=113125.0595
mean B0=47.111 homogen=128938.028
mean B0=35.8672 homogen=175212.7034
mean B0=35.1996 homogen=188723.1652
mean B0=56.6217 homogen=188425.6525
     5 |      200 |      6 |  0.000000E+00 |  0.000000E+00 |  0.2661566485 |         ideal
mean B0=55.0181 homogen=200676.8511
mean B0=40.0623 homogen=148175.5399
mean B0=37.6634 homogen=134713.9569
mean B0=62.2541 homogen=180643.7815
mean B0=32.6845 homogen=86092.1354
mean B0=62.786 homogen=33488.087
mean B0=52.2938 homogen=76255.8638
mean B0=48.5221 homogen=162008.0324
mean B0=42.6503 homogen=185007.7889
mean B0=54.5603 homogen=108096.3626
mean B0=37.3615 homogen=151617.1518
mean B0=53.6734 homogen=199832.2173
mean B0=25.1158 homogen=324897.4713
mean B0=51.8275 homogen=208568.9263
mean B0=36.7247 homogen=82486.9596
mean B0=28.0252 homogen=303753.8686
mean B0=46.1443 homogen=113748.2774
mean B0=36.8472 homogen=101675.003
mean B0=45.4072 homogen=220031.586
mean B0=44.2772 homogen=196226.6798
mean B0=45.8827 homogen=161576.1318
mean B0=52.428 homogen=233246.3167
mean B0=47.9664 homogen=161205.1818
mean B0=47.5876 homogen=247645.4625
mean B0=50.7302 homogen=52069.5695
mean B0=26.5524 homogen=172340.2548
mean B0=40.1919 homogen=158572.4965
mean B0=65.6076 homogen=198234.7305
mean B0=45.2572 homogen=183473.1118
mean B0=40.2589 homogen=112368.2538
mean B0=38.2989 homogen=64320.4161
mean B0=47.6872 homogen=30408.4948
mean B0=56.3192 homogen=232960.1523
mean B0=28.5849 homogen=119239.6246
mean B0=57.6385 homogen=317909.2277
mean B0=59.4955 homogen=62438.3529
mean B0=37.3266 homogen=220775.1429
mean B0=45.3642 homogen=276640.4901
mean B0=22.1744 homogen=124102.1384
mean B0=48.2424 homogen=153248.3405
     6 |      240 |      4 |  0.000000E+00 |  0.000000E+00 |  0.2380150193 |         ideal
mean B0=51.1782 homogen=28929.1983
mean B0=42.4726 homogen=95423.8175
mean B0=47.2209 homogen=36394.1598
mean B0=45.7177 homogen=20867.7004
mean B0=52.6633 homogen=189907.248
mean B0=65.9562 homogen=192734.5682
mean B0=60.0177 homogen=128117.6356
mean B0=46.5095 homogen=237244.3477
mean B0=37.5507 homogen=203878.4232
mean B0=50.9829 homogen=43719.6066
mean B0=47.8167 homogen=50671.5769
mean B0=50.9367 homogen=50510.1201
mean B0=49.9098 homogen=168474.5141
mean B0=24.6734 homogen=319251.6048
mean B0=29.5471 homogen=47392.2119
mean B0=60.8392 homogen=55831.552
mean B0=42.8468 homogen=80605.4539
mean B0=56.1072 homogen=47167.4463
mean B0=55.6342 homogen=337424.6204
mean B0=34.5567 homogen=176857.8058
mean B0=57.6188 homogen=316651.9577
mean B0=55.7967 homogen=73875.3367
mean B0=52.3774 homogen=162092.8838
mean B0=49.1852 homogen=39973.8611
mean B0=51.1323 homogen=337116.9501
mean B0=55.6326 homogen=205276.205
mean B0=40.8426 homogen=87661.538
mean B0=44.9222 homogen=103072.1469
mean B0=52.7451 homogen=223706.9356
mean B0=53.0649 homogen=32353.8025
mean B0=56.2919 homogen=29649.2648
mean B0=26.7133 homogen=314745.3377
mean B0=48.688 homogen=94072.0999
mean B0=59.692 homogen=66730.4709
mean B0=38.7306 homogen=32230.0547
mean B0=26.517 homogen=155187.6169
mean B0=36.2456 homogen=148520.4159
mean B0=49.5257 homogen=291222.6409
mean B0=43.3746 homogen=74793.3387
mean B0=43.7594 homogen=119771.3648
     7 |      280 |      6 |  0.000000E+00 |  0.000000E+00 |  0.0172244185 |         ideal
mean B0=52.6739 homogen=37303.5291
mean B0=67.8804 homogen=54511.0843
mean B0=31.1998 homogen=162992.482
mean B0=37.501 homogen=213872.1446
mean B0=57.2149 homogen=182388.2422
mean B0=53.6773 homogen=103329.1463
mean B0=54.3122 homogen=82158.271
mean B0=59.56 homogen=130926.2427
mean B0=51.5035 homogen=64535.1561
mean B0=53.8152 homogen=68226.078
mean B0=54.8171 homogen=58682.5179
mean B0=61.3541 homogen=123785.0246
mean B0=60.8646 homogen=20061.0472
mean B0=57.3462 homogen=62277.5284
mean B0=48.8936 homogen=34300.6635
mean B0=29.5459 homogen=47376.8887
mean B0=52.0794 homogen=107249.2237
mean B0=59.4889 homogen=173467.2361
mean B0=43.9897 homogen=45808.5315
mean B0=42.6832 homogen=81087.0949
mean B0=53.9259 homogen=51611.6003
mean B0=41.5255 homogen=151116.5676
mean B0=57.0432 homogen=91270.5576
mean B0=50.1439 homogen=123269.1481
mean B0=57.6188 homogen=316651.9577
mean B0=65.4141 homogen=155460.7674
mean B0=47.9805 homogen=40941.0084
mean B0=48.6843 homogen=246936.6297
mean B0=50.6352 homogen=212964.5606
mean B0=42.8262 homogen=66773.5384
mean B0=50.8496 homogen=330373.7374
mean B0=37.2277 homogen=72385.6501
mean B0=45.6754 homogen=331668.1958
mean B0=56.1493 homogen=67578.9591
mean B0=47.4359 homogen=82808.3339
mean B0=36.6615 homogen=39810.1467
mean B0=51.7052 homogen=195613.8525
mean B0=47.2637 homogen=101434.5135
mean B0=47.6196 homogen=40991.8701
mean B0=53.3573 homogen=77215.1758
     8 |      320 |      3 |  0.000000E+00 |  0.000000E+00 |  0.2742657599 |         ideal
mean B0=59.1429 homogen=225431.1535
mean B0=53.608 homogen=61884.3974
mean B0=56.6654 homogen=151668.4326
mean B0=36.3704 homogen=41247.9778
mean B0=62.8795 homogen=72131.7918
mean B0=58.7992 homogen=231383.3485
mean B0=44.476 homogen=46231.8808
mean B0=63.3401 homogen=303035.7589
mean B0=55.1804 homogen=78534.7528
mean B0=54.1765 homogen=83569.9556
mean B0=61.2248 homogen=23906.3381
mean B0=50.7707 homogen=41841.833
mean B0=49.1394 homogen=174444.9086
mean B0=53.2559 homogen=60729.8619
mean B0=54.4603 homogen=80783.4054
mean B0=62.7894 homogen=28951.9341
mean B0=58.7937 homogen=180073.5947
mean B0=47.0153 homogen=75369.7505
mean B0=64.0822 homogen=330757.7698
mean B0=27.1391 homogen=252578.2049
mean B0=51.5653 homogen=47576.7512
mean B0=51.6182 homogen=237589.4484
mean B0=52.3217 homogen=200587.9871
mean B0=35.1102 homogen=116931.2052
mean B0=54.8347 homogen=25313.961
mean B0=46.6311 homogen=24578.2483
mean B0=49.1852 homogen=39973.8611
mean B0=52.332 homogen=39480.1095
mean B0=49.7419 homogen=45597.9514
mean B0=59.8563 homogen=222772.29
mean B0=59.8935 homogen=96197.431
mean B0=52.3517 homogen=75367.7965
mean B0=60.3214 homogen=287925.4286
mean B0=51.3799 homogen=37922.7527
mean B0=38.4724 homogen=30351.4843
mean B0=55.456 homogen=135722.1169
mean B0=60.6662 homogen=142727.6231
mean B0=65.1176 homogen=60953.4009
mean B0=60.4012 homogen=109538.3442
mean B0=49.7845 homogen=26520.7494
     9 |      360 |      3 |  0.000000E+00 |  0.000000E+00 |  0.0438914276 |             f
mean B0=57.9135 homogen=336979.1565
mean B0=61.5592 homogen=225908.9021
mean B0=38.6773 homogen=148044.5924
mean B0=40.388 homogen=30092.7719
mean B0=44.2744 homogen=34627.6055
mean B0=50.3734 homogen=38053.9877
mean B0=58.8989 homogen=296153.0218
mean B0=54.4832 homogen=103843.594
mean B0=60.8646 homogen=20061.0472
mean B0=52.2592 homogen=25351.0189
mean B0=57.0641 homogen=87712.3704
mean B0=49.9984 homogen=14866.2181
mean B0=53.4177 homogen=56280.665
mean B0=53.4011 homogen=300238.3598
mean B0=28.7719 homogen=339445.172
mean B0=50.0409 homogen=71457.9443
mean B0=55.2226 homogen=49759.8035
mean B0=56.885 homogen=37453.6864
mean B0=35.8562 homogen=260591.4503
mean B0=53.3857 homogen=26158.6373
mean B0=66.3597 homogen=196533.0354
mean B0=47.4383 homogen=82054.5434
mean B0=50.1685 homogen=229077.4809
mean B0=53.8097 homogen=66834.8406
mean B0=46.5327 homogen=45988.6215
mean B0=63.4115 homogen=96798.5234
mean B0=62.218 homogen=85034.8801
mean B0=69.5189 homogen=59061.3366
mean B0=60.7041 homogen=54598.2996
mean B0=46.2147 homogen=24815.0438
mean B0=62.5824 homogen=31371.0901
mean B0=56.1198 homogen=135633.5899
mean B0=31.686 homogen=118464.4283
mean B0=71.6918 homogen=154322.6405
mean B0=27.5255 homogen=288807.328
mean B0=45.8943 homogen=137505.2004
mean B0=58.6393 homogen=65575.6158
mean B0=60.5377 homogen=102775.6188
mean B0=37.431 homogen=406032.6265
mean B0=45.7315 homogen=60977.4805
    10 |      400 |      6 |  0.000000E+00 |  0.000000E+00 |  0.3520164254 |         ideal
mean B0=64.0102 homogen=288265.4402
mean B0=51.9179 homogen=54362.3501
mean B0=67.3716 homogen=237096.9716
mean B0=52.1558 homogen=67386.8822
mean B0=49.6944 homogen=34282.4066
mean B0=65.2122 homogen=82892.779
mean B0=58.3682 homogen=32927.7885
mean B0=61.5897 homogen=128780.9795
mean B0=55.6096 homogen=124806.167
mean B0=73.6068 homogen=135345.4543
mean B0=66.4307 homogen=308220.1144
mean B0=60.9274 homogen=17496.7683
mean B0=50.2171 homogen=35151.476
mean B0=59.3057 homogen=34475.117
mean B0=54.9296 homogen=38357.0854
mean B0=44.8182 homogen=27688.8626
mean B0=69.3666 homogen=59130.9295
mean B0=43.5077 homogen=62777.4786
mean B0=60.7791 homogen=78144.4042
mean B0=53.6031 homogen=118442.4809
mean B0=61.3738 homogen=128242.1383
mean B0=61.0965 homogen=55527.5694
mean B0=54.5819 homogen=80522.122
mean B0=46.9694 homogen=27980.1595
mean B0=39.6591 homogen=67396.2568
mean B0=63.268 homogen=54579.7875
mean B0=48.6894 homogen=21382.716
mean B0=50.898 homogen=85833.5738
mean B0=74.5129 homogen=93476.3565
mean B0=65.2079 homogen=65994.2754
mean B0=56.7938 homogen=259535.096
mean B0=62.9116 homogen=102031.9913
mean B0=65.8881 homogen=151670.1832
mean B0=45.4898 homogen=26316.5379
mean B0=57.398 homogen=138685.5351
mean B0=55.8468 homogen=50357.4937
mean B0=54.3758 homogen=30008.8689
mean B0=45.8205 homogen=68992.3877
mean B0=46.9202 homogen=40908.9921
mean B0=51.3783 homogen=13255.9513
    11 |      440 |      6 |  0.000000E+00 |  0.000000E+00 |  0.0861513739 |         ideal
mean B0=55.3458 homogen=243425.3259
mean B0=46.3968 homogen=52423.6271
mean B0=55.4335 homogen=26028.4461
mean B0=42.2712 homogen=34247.0821
mean B0=73.8998 homogen=47377.6186
mean B0=60.9058 homogen=251591.2685
mean B0=51.1502 homogen=132084.1579
mean B0=68.5343 homogen=61147.4171
mean B0=72.5823 homogen=111105.9099
mean B0=63.4183 homogen=118839.4596
mean B0=59.3371 homogen=15974.1805
mean B0=45.8102 homogen=21758.6786
mean B0=27.8357 homogen=528637.8658
mean B0=64.9179 homogen=51230.6003
mean B0=70.678 homogen=53066.1386
mean B0=57.3292 homogen=125884.2864
mean B0=50.8383 homogen=13449.2265
mean B0=40.5375 homogen=197855.7753
mean B0=49.1514 homogen=29465.9923
mean B0=46.1573 homogen=91811.5539
mean B0=66.3191 homogen=43864.3114
mean B0=55.8065 homogen=95814.9857
mean B0=70.1176 homogen=120021.9611
mean B0=67.7147 homogen=66508.0825
mean B0=60.605 homogen=150256.3735
mean B0=68.6319 homogen=110517.5379
mean B0=71.7602 homogen=77551.5956
mean B0=60.5786 homogen=70180.5436
mean B0=54.519 homogen=143814.1041
mean B0=67.8147 homogen=167149.2452
mean B0=44.7646 homogen=145195.0666
mean B0=65.0041 homogen=98614.0587
mean B0=66.0919 homogen=25130.8519
mean B0=76.5718 homogen=129692.4822
mean B0=53.0748 homogen=43002.8626
mean B0=56.3712 homogen=112740.4553
mean B0=63.7786 homogen=47196.3366
mean B0=64.6655 homogen=102539.0779
mean B0=63.8544 homogen=31269.232
mean B0=63.0412 homogen=59577.9913
    12 |      480 |      5 |  0.000000E+00 |  0.000000E+00 |  0.1176908640 |         ideal
mean B0=69.5229 homogen=107313.1531
mean B0=47.2847 homogen=264820.322
mean B0=48.907 homogen=18554.3435
mean B0=64.4645 homogen=27142.4151
mean B0=64.5888 homogen=90184.5082
mean B0=53.1693 homogen=70178.4204
mean B0=59.597 homogen=26101.3553
mean B0=46.8821 homogen=26859.6264
mean B0=69.3666 homogen=59131.3063
mean B0=53.5272 homogen=280783.318
mean B0=55.5588 homogen=53096.4493
mean B0=58.7404 homogen=45855.9383
mean B0=68.4777 homogen=31119.1566
mean B0=55.6656 homogen=13263.3829
mean B0=80.1359 homogen=99973.0961
mean B0=60.893 homogen=31079.573
mean B0=62.5481 homogen=14458.4066
mean B0=58.6077 homogen=143100.3314
mean B0=72.6435 homogen=57938.4932
mean B0=49.2439 homogen=42442.831
mean B0=59.4715 homogen=30052.5553
mean B0=48.6866 homogen=241902.8838
mean B0=48.6431 homogen=34627.5069
mean B0=53.8934 homogen=74118.6555
mean B0=54.5341 homogen=53374.2999
mean B0=56.6495 homogen=38267.1584
mean B0=62.386 homogen=30390.5471
mean B0=62.5229 homogen=23476.125
mean B0=68.5343 homogen=61147.1505
mean B0=45.8715 homogen=179286.5918
mean B0=57.0003 homogen=126370.1413
mean B0=44.6996 homogen=15995.4987
mean B0=47.9745 homogen=32516.9813
mean B0=59.6169 homogen=84985.2289
mean B0=53.421 homogen=47184.013
mean B0=51.0833 homogen=22182.2756
mean B0=52.2836 homogen=37695.8221
mean B0=62.2343 homogen=72844.2166
mean B0=72.5466 homogen=150448.3344
mean B0=65.7178 homogen=106368.0815
    13 |      520 |      7 |  0.000000E+00 |  0.000000E+00 |  0.1239355155 |         ideal
mean B0=40.6064 homogen=338427.7484
mean B0=48.8789 homogen=176888.2783
mean B0=72.0885 homogen=54785.5777
mean B0=52.2414 homogen=118382.4503
mean B0=65.1155 homogen=29901.249
mean B0=74.3786 homogen=25981.6969
mean B0=59.8964 homogen=17522.8336
mean B0=48.3954 homogen=75038.1909
mean B0=68.9545 homogen=35179.4612
mean B0=58.2414 homogen=65560.323
mean B0=76.4589 homogen=72348.3637
mean B0=57.2399 homogen=82039.8844
mean B0=60.9629 homogen=89787.7109
mean B0=63.9365 homogen=45813.8908
mean B0=69.5821 homogen=129086.3945
mean B0=49.2453 homogen=24127.5805
mean B0=52.2018 homogen=84382.866
mean B0=66.4264 homogen=91172.2183
mean B0=50.9417 homogen=13353.7646
mean B0=64.3956 homogen=19649.6363
mean B0=50.6668 homogen=74722.9984
mean B0=65.3303 homogen=20674.9973
mean B0=71.7422 homogen=111977.8224
mean B0=56.8075 homogen=86994.8715
mean B0=70.6087 homogen=102709.9772
mean B0=64.7942 homogen=120402.0218
mean B0=31.7754 homogen=184603.6132
mean B0=67.8587 homogen=52906.8688
mean B0=59.9639 homogen=84097.2694
mean B0=64.9375 homogen=33763.86
mean B0=62.9842 homogen=56225.9147
mean B0=59.3812 homogen=123546.1532
mean B0=69.605 homogen=39397.9193
mean B0=51.5101 homogen=13260.0378
mean B0=70.4794 homogen=42772.4645
mean B0=29.5226 homogen=386448.8991
mean B0=59.0188 homogen=77678.1722
mean B0=64.3664 homogen=23585.404
mean B0=56.9599 homogen=318257.2275
mean B0=51.9242 homogen=58286.4268
    14 |      560 |      8 |  0.000000E+00 |  0.000000E+00 |  0.0344954036 |             f
mean B0=46.0622 homogen=27424.2188
mean B0=60.2296 homogen=25856.2721
mean B0=73.863 homogen=35567.3493
mean B0=47.4892 homogen=9851.5575
mean B0=68.7041 homogen=48108.8914
mean B0=56.0173 homogen=22976.915
mean B0=58.519 homogen=36415.9644
mean B0=77.3845 homogen=121142.9495
mean B0=75.2466 homogen=43490.5304
mean B0=66.9821 homogen=43980.4392
mean B0=78.2291 homogen=52156.0109
mean B0=55.466 homogen=78820.4074
mean B0=73.6453 homogen=150017.2274
mean B0=77.8082 homogen=13131.7678
mean B0=58.3759 homogen=105969.876
mean B0=66.0996 homogen=55394.2614
mean B0=71.9579 homogen=29415.3015
mean B0=64.598 homogen=19986.6389
mean B0=54.8815 homogen=59079.9425
mean B0=71.565 homogen=62585.3717
mean B0=70.4794 homogen=25390.024
mean B0=79.7117 homogen=86215.9872
mean B0=53.126 homogen=158803.0562
mean B0=58.1122 homogen=117916.6369
mean B0=66.2772 homogen=20824.5404
mean B0=68.3393 homogen=55270.7962
mean B0=52.0153 homogen=36639.521
mean B0=51.7679 homogen=17999.6072
mean B0=57.5792 homogen=32931.7445
mean B0=70.2569 homogen=25376.3994
mean B0=59.6539 homogen=23517.5689
mean B0=68.3414 homogen=112309.5151
mean B0=45.5186 homogen=51056.122
mean B0=66.0308 homogen=25685.0733
mean B0=58.9847 homogen=53862.1916
mean B0=67.9837 homogen=17669.2427
mean B0=59.7981 homogen=23397.5395
mean B0=67.1109 homogen=72121.437
mean B0=64.1944 homogen=128427.7737
mean B0=65.4603 homogen=32776.0202
    15 |      600 |      3 |  0.000000E+00 |  0.000000E+00 |  1.135448E+01 |         nadir
mean B0=51.922 homogen=110239.9945
mean B0=73.2108 homogen=156005.3068
mean B0=76.3169 homogen=26372.5002
mean B0=32.9404 homogen=376562.7963
mean B0=73.2774 homogen=73683.0945
mean B0=70.199 homogen=20837.0545
mean B0=54.9881 homogen=115613.5276
mean B0=60.1867 homogen=54007.9828
mean B0=65.454 homogen=18557.9119
mean B0=50.8478 homogen=71249.8842
mean B0=66.7393 homogen=36352.644
mean B0=75.8781 homogen=119226.5948
mean B0=60.0004 homogen=44315.1971
mean B0=48.8472 homogen=105323.5435
mean B0=71.5086 homogen=60416.3069
mean B0=67.0016 homogen=39885.755
mean B0=66.0707 homogen=110026.2627
mean B0=50.8742 homogen=13361.0799
mean B0=67.2575 homogen=19327.2221
mean B0=66.2724 homogen=45085.5327
mean B0=62.0296 homogen=54430.433
mean B0=80.8501 homogen=91514.4031
mean B0=73.056 homogen=36760.4295
mean B0=67.233 homogen=134772.5545
mean B0=66.3008 homogen=16678.5178
mean B0=71.4765 homogen=88606.964
mean B0=73.0493 homogen=41855.0838
mean B0=67.1179 homogen=67221.9068
mean B0=60.7767 homogen=20898.384
mean B0=61.9192 homogen=243996.429
mean B0=63.3384 homogen=20647.8114
mean B0=80.1168 homogen=98740.7621
mean B0=58.9682 homogen=67534.166
mean B0=68.4876 homogen=56743.5185
mean B0=61.177 homogen=45032.8074
mean B0=48.3379 homogen=29022.7922
mean B0=56.2852 homogen=69743.7025
mean B0=51.5119 homogen=13258.7249
mean B0=72.2114 homogen=33519.3582
mean B0=84.8113 homogen=25963.2384
    16 |      640 |      3 |  0.000000E+00 |  0.000000E+00 |  0.2347765609 |         ideal
mean B0=61.6697 homogen=22528.2135
mean B0=63.76 homogen=17558.6871
mean B0=65.2401 homogen=38909.0273
mean B0=53.2938 homogen=28442.2723
mean B0=73.6806 homogen=42892.0744
mean B0=63.9166 homogen=41729.9342
mean B0=64.2942 homogen=48639.898
mean B0=81.6059 homogen=99358.0802
mean B0=76.7588 homogen=37591.899
mean B0=65.7107 homogen=23587.9166
mean B0=69.7979 homogen=77117.1638
mean B0=68.8389 homogen=26540.6671
mean B0=64.6086 homogen=43379.5335
mean B0=73.5676 homogen=130536.0151
mean B0=71.1677 homogen=14917.0884
mean B0=58.3942 homogen=74269.2971
mean B0=61.9143 homogen=10420.808
mean B0=75.8793 homogen=119255.4113
mean B0=63.3275 homogen=27773.9912
mean B0=63.4104 homogen=24383.1222
mean B0=64.5982 homogen=19988.6385
mean B0=56.7405 homogen=13897.2054
mean B0=68.9106 homogen=14982.6984
mean B0=77.0443 homogen=141744.7412
mean B0=52.9414 homogen=138765.68
mean B0=61.0712 homogen=16561.6926
mean B0=65.538 homogen=25485.216
mean B0=68.0823 homogen=52111.9572
mean B0=66.323 homogen=71134.9612
mean B0=71.836 homogen=23448.2175
mean B0=69.4375 homogen=75675.0004
mean B0=62.0434 homogen=58736.1607
mean B0=51.8084 homogen=13169.3408
mean B0=77.7968 homogen=120497.3355
mean B0=83.1586 homogen=46089.8026
mean B0=78.9409 homogen=92184.2181
mean B0=74.4782 homogen=55075.9297
mean B0=79.8322 homogen=85590.9878
mean B0=87.0159 homogen=83530.641
mean B0=70.8568 homogen=36830.1966
    17 |      680 |      4 |  0.000000E+00 |  0.000000E+00 |  0.2456366531 |         ideal
mean B0=59.439 homogen=200688.0789
mean B0=64.1268 homogen=9253.3772
mean B0=75.1689 homogen=16449.7233
mean B0=74.5139 homogen=31653.9172
mean B0=72.4695 homogen=125608.4662
mean B0=72.3766 homogen=34937.7889
mean B0=68.0845 homogen=16612.7339
mean B0=74.5352 homogen=85235.701
mean B0=54.5191 homogen=20754.7038
mean B0=82.6091 homogen=96773.929
mean B0=68.6641 homogen=11489.8134
mean B0=76.8923 homogen=17522.6036
mean B0=57.678 homogen=63409.8347
mean B0=67.0883 homogen=14401.6457
mean B0=70.193 homogen=20545.2463
mean B0=76.3316 homogen=55612.3064
mean B0=72.1673 homogen=56755.9303
mean B0=88.9082 homogen=83958.0145
mean B0=82.7392 homogen=84550.9778
mean B0=71.8896 homogen=47038.4751
mean B0=51.9728 homogen=339890.5818
mean B0=75.4991 homogen=45540.6811
mean B0=65.4845 homogen=29152.9776
mean B0=70.6177 homogen=21768.4612
mean B0=65.193 homogen=40352.9182
mean B0=76.9423 homogen=121642.255
mean B0=54.2236 homogen=11835.2897
mean B0=64.0893 homogen=47699.2298
mean B0=66.446 homogen=60364.2587
mean B0=49.3109 homogen=35756.5066
mean B0=72.9545 homogen=117210.8119
mean B0=59.1624 homogen=53055.022
mean B0=80.0565 homogen=86024.0662
mean B0=70.4613 homogen=20646.1128
mean B0=50.8805 homogen=17929.7723
mean B0=66.4895 homogen=30582.4125
mean B0=83.555 homogen=75769.5176
mean B0=50.7879 homogen=125148.7286
mean B0=70.8597 homogen=59248.5975
mean B0=76.0785 homogen=84538.4278
    18 |      720 |      5 |  0.000000E+00 |  0.000000E+00 |  0.0157172022 |         ideal
mean B0=62.6671 homogen=81764.1017
mean B0=36.4661 homogen=171193.2223
mean B0=69.7564 homogen=23869.0872
mean B0=78.0454 homogen=75014.6895
mean B0=77.7734 homogen=75484.3989
mean B0=81.4894 homogen=68625.2302
mean B0=61.4728 homogen=17870.4422
mean B0=71.8431 homogen=34432.2265
mean B0=78.8304 homogen=110036.3675
mean B0=72.0186 homogen=6331.5112
mean B0=69.106 homogen=18777.4767
mean B0=64.7169 homogen=25300.4179
mean B0=66.7556 homogen=52895.0104
mean B0=61.1604 homogen=26550.2817
mean B0=60.2509 homogen=119687.526
mean B0=48.2783 homogen=15680.6812
mean B0=74.3368 homogen=38723.5341
mean B0=75.3812 homogen=15257.4461
mean B0=81.1347 homogen=61516.3549
mean B0=80.3707 homogen=96209.1295
mean B0=77.9009 homogen=21366.3616
mean B0=52.4806 homogen=14764.3159
mean B0=69.8579 homogen=22811.4457
mean B0=61.3322 homogen=9744.303
mean B0=79.554 homogen=9895.5474
mean B0=78.8844 homogen=96029.1536
mean B0=69.7974 homogen=19911.461
mean B0=68.0793 homogen=24438.4963
mean B0=65.8611 homogen=69186.0733
mean B0=77.9381 homogen=71991.793
mean B0=72.782 homogen=20254.3197
mean B0=77.9444 homogen=23096.6992
mean B0=66.2931 homogen=29862.4169
mean B0=77.3627 homogen=92520.8202
mean B0=63.5312 homogen=184242.8085
mean B0=51.3751 homogen=13269.3951
mean B0=88.398 homogen=87456.3414
mean B0=76.3256 homogen=28566.8544
mean B0=76.231 homogen=50392.1231
mean B0=79.8172 homogen=103091.4716
    19 |      760 |      5 |  0.000000E+00 |  0.000000E+00 |  0.0569404100 |         ideal
mean B0=74.7091 homogen=35288.935
mean B0=68.9154 homogen=250927.3258
mean B0=66.0817 homogen=82099.8272
mean B0=76.0542 homogen=22534.452
mean B0=62.1886 homogen=13126.8908
mean B0=78.1395 homogen=21096.6915
mean B0=64.7943 homogen=58415.6784
mean B0=60.8166 homogen=67308.6294
mean B0=64.3321 homogen=53068.0026
mean B0=63.141 homogen=13071.2424
mean B0=67.0982 homogen=80187.4479
mean B0=54.884 homogen=30191.1239
mean B0=80.2816 homogen=50169.926
mean B0=80.164 homogen=98476.4395
mean B0=62.2921 homogen=63093.208
mean B0=74.5522 homogen=96610.5784
mean B0=68.0519 homogen=16510.695
mean B0=76.4549 homogen=55400.5028
mean B0=57.5593 homogen=46669.2275
mean B0=68.4651 homogen=95884.2833
mean B0=64.3322 homogen=9550.6266
mean B0=68.6964 homogen=15432.0682
mean B0=65.8424 homogen=275804.671
mean B0=87.3007 homogen=96350.8564
mean B0=61.6759 homogen=18784.9769
mean B0=70.8354 homogen=33982.278
mean B0=67.4178 homogen=79199.5976
mean B0=66.9435 homogen=31826.8834
mean B0=66.9258 homogen=71247.5186
mean B0=83.9063 homogen=91873.1883
mean B0=75.8955 homogen=37300.0814
mean B0=72.5953 homogen=98539.3582
mean B0=73.9999 homogen=75897.7098
mean B0=80.5118 homogen=45986.6578
mean B0=74.4954 homogen=54620.3871
mean B0=69.3283 homogen=21644.4934
mean B0=75.0637 homogen=17171.1791
mean B0=80.1977 homogen=99362.7431
mean B0=77.4759 homogen=63813.4228
mean B0=83.2823 homogen=61288.0452
    20 |      800 |      7 |  0.000000E+00 |  0.000000E+00 |  0.0169048814 |             f
mean B0=75.7065 homogen=98907.3481
mean B0=66.8185 homogen=33802.496
mean B0=71.471 homogen=112508.3631
mean B0=85.4573 homogen=50091.0745
mean B0=70.0296 homogen=10234.0979
mean B0=76.424 homogen=12488.3963
mean B0=65.6361 homogen=17213.9277
mean B0=88.5854 homogen=84801.0655
mean B0=71.0514 homogen=33454.0633
mean B0=58.0372 homogen=157773.2011
mean B0=77.7504 homogen=77361.4508
mean B0=75.2692 homogen=12618.6195
mean B0=65.7316 homogen=79305.06
mean B0=60.3368 homogen=14587.2911
mean B0=83.0494 homogen=32175.2127
mean B0=34.9927 homogen=156402.8644
mean B0=64.035 homogen=29972.5525
mean B0=65.2861 homogen=10861.1208
mean B0=87.036 homogen=39450.9169
mean B0=80.8582 homogen=91502.4008
mean B0=73.5208 homogen=22763.8676
mean B0=76.9138 homogen=74442.4488
mean B0=90.89 homogen=41735.4029
mean B0=72.3299 homogen=30427.8929
mean B0=75.5702 homogen=20280.5395
mean B0=78.9434 homogen=20104.2798
mean B0=79.3161 homogen=45202.1614
mean B0=87.8879 homogen=91825.5601
mean B0=88.4508 homogen=73858.6049
mean B0=58.6167 homogen=149930.3958
mean B0=63.1474 homogen=15818.9666
mean B0=62.4714 homogen=32202.5041
mean B0=63.5676 homogen=34771.4733
mean B0=84.1808 homogen=95300.233
mean B0=74.162 homogen=43027.3988
mean B0=77.6974 homogen=123231.032
mean B0=68.0337 homogen=39180.7087
mean B0=61.1081 homogen=11641.9839
mean B0=74.21 homogen=66530.8522
mean B0=80.1893 homogen=99373.3911
    21 |      840 |      8 |  0.000000E+00 |  0.000000E+00 |  0.0076647734 |         ideal
mean B0=72.7502 homogen=13632.7908
mean B0=66.8385 homogen=41006.9615
mean B0=82.9371 homogen=77244.0033
mean B0=66.3587 homogen=37268.778
mean B0=79.466 homogen=17607.4572
mean B0=79.9643 homogen=44646.2688
mean B0=63.4804 homogen=10412.413
mean B0=59.5957 homogen=38346.7545
mean B0=61.5913 homogen=11689.5395
mean B0=83.3237 homogen=31166.3169
mean B0=59.4813 homogen=187969.199
mean B0=85.0832 homogen=56203.5257
mean B0=69.7991 homogen=26560.3852
mean B0=75.3416 homogen=8684.7322
mean B0=76.1598 homogen=10033.2229
mean B0=78.5511 homogen=55413.7328
mean B0=82.3676 homogen=28528.3149
mean B0=62.7962 homogen=32123.925
mean B0=63.6736 homogen=17685.4438
mean B0=87.1955 homogen=90295.9901
mean B0=77.0065 homogen=48069.1271
mean B0=85.019 homogen=41161.4293
mean B0=57.9412 homogen=80436.6723
mean B0=78.9829 homogen=66295.5765
mean B0=75.3688 homogen=18493.8596
mean B0=86.5781 homogen=78364.2017
mean B0=74.6722 homogen=17618.1606
mean B0=78.1907 homogen=14473.6768
mean B0=72.6142 homogen=67592.9289
mean B0=73.9412 homogen=49460.9439
mean B0=63.3183 homogen=247511.0761
mean B0=79.0307 homogen=12369.8938
mean B0=70.074 homogen=49179.4515
mean B0=81.5448 homogen=61955.7039
mean B0=82.3918 homogen=93125.4393
mean B0=58.3961 homogen=84150.6007
mean B0=73.1659 homogen=9199.8518
mean B0=88.2785 homogen=78290.927
mean B0=67.7703 homogen=25232.6871
mean B0=81.4855 homogen=89214.8371
    22 |      880 |      7 |  0.000000E+00 |  0.000000E+00 |  0.0074707356 |         ideal
mean B0=82.0434 homogen=12035.5738
mean B0=89.7359 homogen=70583.6558
mean B0=74.9552 homogen=50060.1225
mean B0=80.1548 homogen=13644.6125
mean B0=71.5435 homogen=85287.5032
mean B0=86.5384 homogen=78613.2175
mean B0=63.2098 homogen=44093.2415
mean B0=49.291 homogen=355042.8393
mean B0=78.1553 homogen=21161.6968
mean B0=44.429 homogen=428680.9016
mean B0=71.5716 homogen=29337.0992
mean B0=80.4776 homogen=54558.8809
mean B0=79.1201 homogen=44517.9013
mean B0=82.1975 homogen=46151.8405
mean B0=77.6615 homogen=11446.6522
mean B0=84.2316 homogen=59456.5185
mean B0=76.3224 homogen=9208.204
mean B0=82.7017 homogen=8862.0465
mean B0=64.3913 homogen=25302.6316
mean B0=78.8167 homogen=56710.5529
mean B0=78.9535 homogen=59012.3238
mean B0=77.9296 homogen=53369.1494
mean B0=70.9926 homogen=42020.1913
mean B0=74.7391 homogen=16332.2667
mean B0=84.8607 homogen=22807.3588
mean B0=87.2777 homogen=82236.5247
mean B0=79.3976 homogen=86605.3711
mean B0=85.0697 homogen=39606.8279
mean B0=75.7146 homogen=96430.9835
mean B0=52.0996 homogen=288036.5169
mean B0=71.4209 homogen=26520.5694
mean B0=75.9198 homogen=12065.7022
mean B0=60.6183 homogen=68150.2436
mean B0=80.9192 homogen=16598.2991
mean B0=79.2126 homogen=12970.1798
mean B0=78.991 homogen=68628.4991
mean B0=84.4951 homogen=91646.2956
mean B0=83.1184 homogen=62224.3386
mean B0=61.585 homogen=91388.8314
mean B0=78.7828 homogen=7860.275
    23 |      920 |      6 |  0.000000E+00 |  0.000000E+00 |  0.1050375635 |         ideal
mean B0=78.3534 homogen=49707.2324
mean B0=64.8919 homogen=45989.9337
mean B0=74.3865 homogen=29823.0755
mean B0=83.6096 homogen=44967.5645
mean B0=82.0918 homogen=32736.988
mean B0=87.3773 homogen=96957.9052
mean B0=72.9804 homogen=8515.582
mean B0=56.6939 homogen=215909.9409
mean B0=83.5913 homogen=26538.0762
mean B0=80.7197 homogen=79691.5855
mean B0=74.6345 homogen=55699.7236
mean B0=60.549 homogen=112056.9203
mean B0=87.0018 homogen=34473.0179
mean B0=78.9087 homogen=11606.6022
mean B0=90.0535 homogen=94453.6868
mean B0=87.5772 homogen=73436.4912
mean B0=85.7904 homogen=57041.5547
mean B0=83.1642 homogen=9471.3119
mean B0=83.2231 homogen=66500.0981
mean B0=70.3764 homogen=36566.4783
mean B0=85.3782 homogen=23117.1962
mean B0=82.4409 homogen=78509.9364
mean B0=79.9797 homogen=18359.5464
mean B0=84.6033 homogen=17442.2921
mean B0=85.3916 homogen=33326.9732
mean B0=68.208 homogen=190183.6185
mean B0=80.3534 homogen=11771.1037
mean B0=70.4048 homogen=184506.9971
mean B0=77.9189 homogen=49045.7389
mean B0=53.8269 homogen=97749.3999
mean B0=78.5585 homogen=17333.509
mean B0=67.0626 homogen=13329.9958
mean B0=82.0365 homogen=75676.3619
mean B0=86.5869 homogen=23525.6357
mean B0=82.6888 homogen=30190.6569
mean B0=81.4173 homogen=79447.4886
mean B0=78.1202 homogen=19346.8641
mean B0=77.8089 homogen=39399.6851
mean B0=75.6725 homogen=29089.5801
mean B0=77.7729 homogen=49524.5162
    24 |      960 |      9 |  0.000000E+00 |  0.000000E+00 |  0.0281801614 |         ideal
mean B0=88.1727 homogen=106859.165
mean B0=68.8036 homogen=240431.7558
mean B0=73.3801 homogen=10877.3997
mean B0=81.4582 homogen=37048.0586
mean B0=86.8056 homogen=18956.918
mean B0=82.8785 homogen=121098.9549
mean B0=77.4187 homogen=129555.742
mean B0=86.5538 homogen=78464.1446
mean B0=83.2411 homogen=21390.8186
mean B0=81.9885 homogen=18509.4351
mean B0=84.6241 homogen=53894.2449
mean B0=64.8324 homogen=12172.9413
mean B0=73.8036 homogen=12492.3073
mean B0=83.546 homogen=26728.3113
mean B0=79.6236 homogen=14221.3664
mean B0=80.2672 homogen=14797.8187
mean B0=82.5206 homogen=25759.7899
mean B0=87.8331 homogen=93413.7192
mean B0=82.4056 homogen=96725.4128
mean B0=85.8485 homogen=35285.6943
mean B0=87.3115 homogen=12306.9312
mean B0=75.9577 homogen=17726.4758
mean B0=75.2142 homogen=49781.4184
mean B0=90.8388 homogen=90667.6288
mean B0=77.8147 homogen=9122.3444
mean B0=82.8107 homogen=8517.3063
mean B0=62.4043 homogen=210354.7965
mean B0=76.4836 homogen=13306.6503
mean B0=79.529 homogen=10227.3711
mean B0=90.9116 homogen=81948.7536
mean B0=89.6077 homogen=78377.0172
mean B0=77.7754 homogen=10376.1339
mean B0=79.3555 homogen=10406.1204
mean B0=80.1894 homogen=114642.6647
mean B0=70.6022 homogen=37629.8129
mean B0=80.4658 homogen=12467.6486
mean B0=87.3429 homogen=82630.4433
mean B0=86.796 homogen=42291.2919
mean B0=79.9553 homogen=13819.4247
mean B0=76.2805 homogen=40039.0804
    25 |     1000 |      8 |  0.000000E+00 |  0.000000E+00 |  0.0707501350 |         ideal
mean B0=82.8209 homogen=9478.3811
mean B0=79.554 homogen=10144.868
mean B0=90.1144 homogen=66545.2171
mean B0=88.4409 homogen=95264.1116
mean B0=78.2145 homogen=29311.3469
mean B0=75.6213 homogen=30829.3667
mean B0=84.5306 homogen=10900.4209
mean B0=90.2329 homogen=79596.9853
mean B0=84.6506 homogen=36356.5047
mean B0=87.7519 homogen=32493.0418
mean B0=87.2966 homogen=84300.4675
mean B0=88.0427 homogen=87648.1906
mean B0=85.6607 homogen=63854.996
mean B0=74.7417 homogen=187274.996
mean B0=81.0841 homogen=18117.6916
mean B0=86.6704 homogen=46960.3916
mean B0=84.6868 homogen=18806.0037
mean B0=86.3352 homogen=28383.2229
mean B0=75.6612 homogen=9965.6779
mean B0=88.1771 homogen=65321.813
mean B0=90.0309 homogen=94210.1632
mean B0=83.2411 homogen=21220.6857
mean B0=83.1642 homogen=9471.3119
mean B0=89.2524 homogen=94289.1642
mean B0=84.4995 homogen=64947.0436
mean B0=86.5315 homogen=61399.2944
mean B0=50.9912 homogen=121995.0821
mean B0=85.4421 homogen=80104.1381
mean B0=86.2521 homogen=37989.2014
mean B0=85.7879 homogen=39499.6888
mean B0=79.2486 homogen=14329.9391
mean B0=80.2517 homogen=12823.8671
mean B0=84.4356 homogen=75473.8959
mean B0=86.4708 homogen=18787.0197
mean B0=83.3754 homogen=6879.8558
mean B0=80.1429 homogen=35293.1086
mean B0=79.3633 homogen=8418.247
mean B0=75.8762 homogen=9720.0315
mean B0=79.0349 homogen=12380.4468
mean B0=82.0752 homogen=48591.5828
    26 |     1040 |      9 |  0.000000E+00 |  0.000000E+00 |  0.0130602582 |         ideal
mean B0=90.8881 homogen=78389.2444
mean B0=87.3018 homogen=81063.541
mean B0=76.4975 homogen=16326.0245
mean B0=89.8322 homogen=13075.1136
mean B0=82.8206 homogen=9476.0947
mean B0=85.0919 homogen=40737.8738
mean B0=82.2989 homogen=10828.4093
mean B0=84.4711 homogen=12121.9704
mean B0=78.3689 homogen=22903.3589
mean B0=59.2757 homogen=82158.3852
mean B0=82.7847 homogen=9076.0219
mean B0=61.6755 homogen=165752.2018
mean B0=88.1771 homogen=65321.813
mean B0=87.2574 homogen=76686.894
mean B0=75.1614 homogen=37921.3284
mean B0=93.3729 homogen=43459.6644
mean B0=82.1122 homogen=44771.4002
mean B0=80.3049 homogen=81550.2829
mean B0=89.4933 homogen=78405.2887
mean B0=78.921 homogen=87124.7312
mean B0=78.1671 homogen=116222.2047
mean B0=89.5649 homogen=98668.7799
mean B0=82.089 homogen=15576.464
mean B0=79.7682 homogen=26121.9977
mean B0=61.2574 homogen=63513.9553
mean B0=83.668 homogen=14138.3781
mean B0=88.6426 homogen=44709.3471
mean B0=83.226 homogen=10342.7375
mean B0=87.2691 homogen=51869.8168
mean B0=79.1691 homogen=7178.9373
mean B0=86.694 homogen=46602.3557
mean B0=64.9446 homogen=196628.9464
mean B0=78.4176 homogen=56559.2659
mean B0=87.209 homogen=23118.3672
mean B0=76.2632 homogen=18709.2423
mean B0=61.2551 homogen=200909.0548
mean B0=79.6228 homogen=10274.592
mean B0=93.0868 homogen=17168.8088
mean B0=86.9347 homogen=52535.2454
mean B0=90.2723 homogen=45195.0194
    27 |     1080 |      8 |  0.000000E+00 |  0.000000E+00 |  0.2461893330 |         ideal
mean B0=87.4844 homogen=27725.1307
mean B0=57.8772 homogen=100232.3795
mean B0=81.2583 homogen=9238.2519
mean B0=76.1782 homogen=120926.7998
mean B0=90.0351 homogen=22862.1422
mean B0=67.5059 homogen=190961.8865
mean B0=91.317 homogen=53356.1872
mean B0=86.7252 homogen=19251.0675
mean B0=78.0497 homogen=10293.1937
mean B0=86.3756 homogen=65394.3665
mean B0=85.0882 homogen=23229.1383
mean B0=85.6477 homogen=8277.1222
mean B0=94.8452 homogen=23755.9674
mean B0=88.6422 homogen=44703.9799
mean B0=86.6572 homogen=6795.4847
mean B0=82.9152 homogen=36483.1589
mean B0=85.9452 homogen=71625.478
mean B0=77.8314 homogen=18578.3329
mean B0=78.663 homogen=90459.9469
mean B0=82.9524 homogen=12887.8119
mean B0=86.0911 homogen=34904.0102
mean B0=85.1068 homogen=45247.1324
mean B0=85.9488 homogen=13781.8713
mean B0=89.4995 homogen=2764.0998
mean B0=79.8673 homogen=11693.2098
mean B0=67.5147 homogen=165857.2948
mean B0=79.0057 homogen=16287.4848
mean B0=83.9614 homogen=89360.2605
mean B0=45.7533 homogen=205634.7191
mean B0=92.1434 homogen=63583.3241
mean B0=79.6727 homogen=7452.8879
mean B0=35.2606 homogen=562837.0844
mean B0=85.697 homogen=71086.6975
mean B0=83.1646 homogen=9465.0255
mean B0=81.6071 homogen=18673.0234
mean B0=87.9948 homogen=80588.6516
mean B0=91.0565 homogen=78970.2164
mean B0=86.508 homogen=23048.3447
mean B0=90.4515 homogen=47782.201
mean B0=83.5331 homogen=26240.7832
    28 |     1120 |      9 |  0.000000E+00 |  0.000000E+00 |  0.0305961695 |             f
mean B0=88.908 homogen=63532.7538
mean B0=78.8212 homogen=7256.2247
mean B0=79.8156 homogen=14462.9121
mean B0=84.8606 homogen=9541.9546
mean B0=84.6379 homogen=17510.8125
mean B0=86.3076 homogen=18323.469
mean B0=88.0389 homogen=8086.2039
mean B0=85.3953 homogen=13557.329
mean B0=82.119 homogen=10116.2361
mean B0=91.141 homogen=79254.6006
mean B0=81.152 homogen=11618.4219
mean B0=86.8674 homogen=11480.484
mean B0=82.7136 homogen=8842.9312
mean B0=83.2759 homogen=5081.5233
mean B0=77.92 homogen=6736.4954
mean B0=87.3998 homogen=51583.1607
mean B0=83.1642 homogen=9471.3119
mean B0=82.9535 homogen=8832.575
mean B0=87.4415 homogen=31604.1235
mean B0=83.6817 homogen=30345.5207
mean B0=80.7606 homogen=46235.9164
mean B0=83.5449 homogen=17032.8702
mean B0=90.4714 homogen=36541.9118
mean B0=85.1438 homogen=11663.9446
mean B0=86.7614 homogen=42197.0245
mean B0=84.8494 homogen=67125.8037
mean B0=82.2473 homogen=30520.3639
mean B0=92.2327 homogen=70995.4089
mean B0=83.7755 homogen=23397.4404
mean B0=87.3226 homogen=49751.5341
mean B0=92.1601 homogen=41973.3325
mean B0=86.6383 homogen=32305.396
mean B0=86.4578 homogen=18712.0495
mean B0=86.9442 homogen=49862.6172
mean B0=88.6773 homogen=9027.1007
mean B0=91.0229 homogen=68965.9266
mean B0=60.3992 homogen=97148.8943
mean B0=88.9113 homogen=34313.8598
mean B0=89.8117 homogen=36107.1018
mean B0=78.143 homogen=18045.3165
    29 |     1160 |      7 |  0.000000E+00 |  0.000000E+00 |  0.0468582495 |         ideal
mean B0=81.153 homogen=12432.3347
mean B0=78.6137 homogen=21555.2595
mean B0=90.3333 homogen=40805.1422
mean B0=79.3837 homogen=14704.5108
mean B0=93.7102 homogen=29753.2175
mean B0=81.6071 homogen=61959.7741
mean B0=86.4307 homogen=14269.8231
mean B0=87.3914 homogen=31874.858
mean B0=83.1645 homogen=9463.3648
mean B0=88.1737 homogen=48490.1949
mean B0=85.3832 homogen=13502.1351
mean B0=88.5565 homogen=63970.3958
mean B0=87.8554 homogen=27160.3938
mean B0=90.172 homogen=47665.2599
mean B0=80.8921 homogen=12743.1559
mean B0=83.9266 homogen=57222.7902
mean B0=84.8628 homogen=48244.0058
mean B0=86.3319 homogen=7000.49
mean B0=89.5956 homogen=25820.9154
mean B0=85.0902 homogen=17719.1764
mean B0=81.3873 homogen=34933.5027
mean B0=82.8172 homogen=65462.4638
mean B0=83.054 homogen=6884.0256
mean B0=77.7624 homogen=70784.9293
mean B0=85.5085 homogen=35603.4444
mean B0=87.6666 homogen=51506.1232
mean B0=83.534 homogen=4342.5689
mean B0=89.1668 homogen=64074.6934
mean B0=86.4439 homogen=18607.3014
mean B0=88.0496 homogen=40973.9053
mean B0=89.8248 homogen=36219.634
mean B0=65.442 homogen=76420.3628
mean B0=86.8003 homogen=27839.8226
mean B0=88.4366 homogen=9812.2149
mean B0=85.331 homogen=37993.4179
mean B0=83.2994 homogen=6800.3109
mean B0=90.7613 homogen=55464.5247
mean B0=77.0712 homogen=17095.2409
mean B0=82.5971 homogen=7488.3195
mean B0=86.5717 homogen=38492.3162
    30 |     1200 |      8 |  0.000000E+00 |  0.000000E+00 |  0.0188908292 |         ideal
mean B0=88.9786 homogen=20962.7319
mean B0=91.1595 homogen=78990.1653
mean B0=93.1601 homogen=31550.5178
mean B0=81.8352 homogen=41946.94
mean B0=89.1883 homogen=39130.5678
mean B0=65.2862 homogen=80414.0595
mean B0=82.8231 homogen=21679.2658
mean B0=79.0041 homogen=28747.7576
mean B0=86.9878 homogen=30446.475
mean B0=84.1203 homogen=42270.9129
mean B0=87.8681 homogen=15907.7524
mean B0=89.1004 homogen=36159.926
mean B0=88.1764 homogen=40423.2128
mean B0=85.8027 homogen=36548.1718
mean B0=85.3332 homogen=38876.325
mean B0=86.3402 homogen=7002.5518
mean B0=92.1825 homogen=71634.5625
mean B0=79.8511 homogen=31465.8873
mean B0=86.8416 homogen=18925.6485
mean B0=89.243 homogen=44487.3305
mean B0=85.8798 homogen=29968.02
mean B0=92.5908 homogen=59176.1103
mean B0=81.4148 homogen=4977.1838
mean B0=62.2344 homogen=277162.0018
mean B0=83.6665 homogen=7810.5675
mean B0=86.5339 homogen=37185.521
mean B0=92.1897 homogen=40598.2052
mean B0=89.8617 homogen=49895.0131
mean B0=90.6394 homogen=37307.9695
mean B0=72.6526 homogen=63198.3018
mean B0=87.9423 homogen=14523.4998
mean B0=87.4982 homogen=43379.4441
mean B0=90.0576 homogen=48218.5973
mean B0=91.0078 homogen=26388.3878
mean B0=84.7696 homogen=9809.3534
mean B0=83.5267 homogen=4316.6635
mean B0=71.1561 homogen=10008.2193
mean B0=95.5196 homogen=16541.0608
mean B0=84.8361 homogen=9696.6164
mean B0=88.011 homogen=23210.8428
    31 |     1240 |      8 |  0.000000E+00 |  0.000000E+00 |  0.0760065000 |             f
mean B0=83.1754 homogen=7232.1204
mean B0=91.9526 homogen=52854.8864
mean B0=90.4058 homogen=31848.4656
mean B0=87.727 homogen=46816.0356
mean B0=81.5672 homogen=16475.1302
mean B0=79.972 homogen=33909.0819
mean B0=86.15 homogen=7691.6793
mean B0=88.7553 homogen=71703.5688
mean B0=91.873 homogen=59023.427
mean B0=86.4848 homogen=11615.9767
mean B0=85.9888 homogen=13193.3728
mean B0=88.5391 homogen=112071.1401
mean B0=91.8208 homogen=40972.6828
mean B0=84.6889 homogen=9855.6558
mean B0=85.1399 homogen=13584.8503
mean B0=82.0503 homogen=12321.8111
mean B0=93.1901 homogen=55521.9402
mean B0=90.3847 homogen=64303.1453
mean B0=89.0083 homogen=20842.5898
mean B0=85.1426 homogen=101587.097
mean B0=89.8403 homogen=36354.2142
mean B0=84.669 homogen=13300.0813
mean B0=86.2379 homogen=11065.813
mean B0=85.668 homogen=51182.6676
mean B0=86.8114 homogen=29962.0846
mean B0=88.7057 homogen=38804.7725
mean B0=76.7948 homogen=13090.7405
mean B0=74.8296 homogen=207595.0503
mean B0=88.9316 homogen=56859.9483
mean B0=87.2314 homogen=8480.2639
mean B0=86.9127 homogen=13628.8684
mean B0=77.8571 homogen=24702.6013
mean B0=82.157 homogen=6937.3466
mean B0=83.8934 homogen=4983.2765
mean B0=86.5898 homogen=7614.6467
mean B0=80.5367 homogen=161454.4486
mean B0=82.2789 homogen=13496.6284
mean B0=87.7425 homogen=16987.1406
mean B0=84.8058 homogen=9815.8309
mean B0=90.6629 homogen=37476.6826
    32 |     1280 |     11 |  0.000000E+00 |  0.000000E+00 |  0.0221864008 |             f
mean B0=92.139 homogen=13929.5566
mean B0=88.5997 homogen=20090.1515
mean B0=91.8997 homogen=25084.5563
mean B0=83.0472 homogen=10208.9544
mean B0=86.0839 homogen=20563.994
mean B0=93.0913 homogen=45432.9068
mean B0=91.7693 homogen=46896.0065
mean B0=84.3447 homogen=8814.8204
mean B0=77.9948 homogen=186130.9526
mean B0=83.534 homogen=4342.5689
mean B0=90.4509 homogen=38923.0459
mean B0=90.8696 homogen=38629.356
mean B0=86.0112 homogen=7172.6595
mean B0=83.3903 homogen=7013.1223
mean B0=87.1219 homogen=11838.5138
mean B0=87.5445 homogen=8985.5454
mean B0=93.5924 homogen=34687.4499
mean B0=74.686 homogen=134645.8292
mean B0=91.7214 homogen=48851.648
mean B0=89.0931 homogen=12560.68
mean B0=85.3487 homogen=14297.37
mean B0=87.2927 homogen=17880.5158
mean B0=76.4358 homogen=29938.0828
mean B0=89.6233 homogen=37176.9579
mean B0=93.3586 homogen=48933.2516
mean B0=89.4062 homogen=47125.5365
mean B0=88.5086 homogen=27344.3905
mean B0=89.5122 homogen=21762.2827
mean B0=91.12 homogen=16950.7253
mean B0=81.4148 homogen=4977.1838
mean B0=89.7486 homogen=106465.7973
mean B0=90.2923 homogen=35475.19
mean B0=87.6558 homogen=6904.6669
mean B0=87.2147 homogen=8505.8793
mean B0=90.8272 homogen=34952.2585
mean B0=83.9236 homogen=11138.4589
mean B0=72.7422 homogen=38112.6945
mean B0=89.8126 homogen=36114.2048
mean B0=85.0267 homogen=10721.5972
mean B0=82.8195 homogen=15133.6383
    33 |     1320 |     12 |  0.000000E+00 |  0.000000E+00 |  0.0327510104 |             f
mean B0=90.1232 homogen=11350.4366
mean B0=91.7214 homogen=48856.133
mean B0=86.0711 homogen=7495.5515
mean B0=93.1974 homogen=20365.6846
mean B0=87.7666 homogen=9131.0003
mean B0=87.8097 homogen=11591.4836
mean B0=82.7052 homogen=8507.7802
mean B0=61.1827 homogen=87093.603
mean B0=96.2378 homogen=26670.1434
mean B0=87.5232 homogen=6750.7232
mean B0=91.5836 homogen=43611.8523
mean B0=87.4797 homogen=19528.6427
mean B0=83.0645 homogen=18405.4808
mean B0=80.2509 homogen=19859.2538
mean B0=83.8701 homogen=3643.7351
mean B0=87.1912 homogen=10049.1337
mean B0=94.8527 homogen=36944.6183
mean B0=81.3905 homogen=8593.3772
mean B0=86.9451 homogen=21151.2294
mean B0=85.3409 homogen=16895.7678
mean B0=83.6591 homogen=4882.1909
mean B0=61.2403 homogen=297813.4792
mean B0=58.2125 homogen=97322.6692
mean B0=90.6523 homogen=30241.5683
mean B0=87.1057 homogen=6107.969
mean B0=79.2945 homogen=8160.081
mean B0=92.9617 homogen=45927.7311
mean B0=86.332 homogen=6999.4681
mean B0=84.5822 homogen=22563.9979
mean B0=88.7947 homogen=23534.4266
mean B0=92.1952 homogen=31965.6581
mean B0=88.3352 homogen=32133.2361
mean B0=83.8512 homogen=18473.1554
mean B0=58.2701 homogen=80949.1193
mean B0=82.9249 homogen=5891.4919
mean B0=87.2018 homogen=16187.5316
mean B0=86.3747 homogen=49332.5168
mean B0=83.2704 homogen=12245.9383
mean B0=87.2305 homogen=8477.07
mean B0=94.0597 homogen=41853.0105
    34 |     1360 |     11 |  0.000000E+00 |  0.000000E+00 |  0.0652046162 |         ideal
mean B0=90.137 homogen=13639.3166
mean B0=91.7745 homogen=58895.3103
mean B0=83.2374 homogen=8485.2331
mean B0=85.0156 homogen=9413.1391
mean B0=90.8578 homogen=35756.4651
mean B0=74.54 homogen=13959.402
mean B0=85.7133 homogen=99646.7602
mean B0=92.1634 homogen=11816.5684
mean B0=86.3346 homogen=7028.7889
mean B0=90.7131 homogen=36996.4574
mean B0=91.499 homogen=27567.209
mean B0=83.5607 homogen=4822.5697
mean B0=93.0595 homogen=28678.6461
mean B0=89.1063 homogen=36841.7003
mean B0=88.6684 homogen=16800.5814
mean B0=87.0888 homogen=23023.0371
mean B0=90.0409 homogen=24039.2094
mean B0=58.1825 homogen=99119.4644
mean B0=89.4437 homogen=13808.3293
mean B0=87.2305 homogen=8477.07
mean B0=63.2653 homogen=284080.0658
mean B0=92.3885 homogen=22017.9889
mean B0=87.9022 homogen=10567.564
mean B0=86.5425 homogen=9870.7709
mean B0=88.0159 homogen=9555.3845
mean B0=86.5125 homogen=12392.3343
mean B0=88.0389 homogen=8086.2039
mean B0=77.9533 homogen=27816.5353
mean B0=82.4761 homogen=83038.9953
mean B0=87.8508 homogen=5429.5495
mean B0=91.3356 homogen=35419.7625
mean B0=75.7652 homogen=24415.8609
mean B0=86.8119 homogen=26956.5088
mean B0=86.8207 homogen=17121.8726
mean B0=88.3665 homogen=10215.4417
mean B0=83.4214 homogen=6332.2258
mean B0=88.998 homogen=26848.1404
mean B0=87.5191 homogen=5060.762
mean B0=85.8177 homogen=32090.3563
mean B0=58.2999 homogen=92776.5401
    35 |     1400 |     14 |  0.000000E+00 |  0.000000E+00 |  0.0182198400 |             f
mean B0=88.0273 homogen=30337.8813
mean B0=88.116 homogen=16939.1177
mean B0=93.8097 homogen=37167.119
mean B0=86.4214 homogen=34744.0104
mean B0=80.6722 homogen=11106.5645
mean B0=87.7341 homogen=7398.4685
mean B0=86.7864 homogen=9125.3423
mean B0=81.4055 homogen=5012.7203
mean B0=86.1224 homogen=15720.1528
mean B0=93.721 homogen=16609.2957
mean B0=88.7923 homogen=25234.405
mean B0=89.0655 homogen=12903.6315
mean B0=83.1887 homogen=6600.2947
mean B0=86.621 homogen=8208.093
mean B0=88.3981 homogen=8812.1266
mean B0=88.0725 homogen=10703.009
mean B0=83.6741 homogen=4858.0003
mean B0=76.7011 homogen=157960.1058
mean B0=87.5335 homogen=6699.2337
mean B0=94.0831 homogen=30126.6268
mean B0=92.4576 homogen=19975.6331
mean B0=86.4908 homogen=37504.6362
mean B0=88.2075 homogen=30749.2947
mean B0=87.6129 homogen=22137.6204
mean B0=93.6826 homogen=18587.8791
mean B0=91.0872 homogen=16044.1462
mean B0=84.8051 homogen=4486.9573
mean B0=82.3675 homogen=14050.6182
mean B0=89.0036 homogen=11613.2156
mean B0=82.1018 homogen=20972.3286
mean B0=87.1796 homogen=17008.0967
mean B0=87.3717 homogen=8716.0355
mean B0=90.1084 homogen=26460.8345
mean B0=92.6448 homogen=37248.1561
mean B0=86.0027 homogen=6797.9128
mean B0=82.9058 homogen=9248.8779
mean B0=83.5181 homogen=4354.966
mean B0=88.3144 homogen=11323.1464
mean B0=87.2204 homogen=8551.179
mean B0=84.2293 homogen=35958.0212
    36 |     1440 |     14 |  0.000000E+00 |  0.000000E+00 |  0.4543355443 |         nadir
mean B0=82.3388 homogen=6227.471
mean B0=60.87 homogen=87544.9538
mean B0=83.4774 homogen=4637.2256
mean B0=82.9537 homogen=24453.4014
mean B0=92.2036 homogen=37739.636
mean B0=89.0035 homogen=11613.0027
mean B0=84.8021 homogen=7779.5132
mean B0=88.1807 homogen=8853.2473
mean B0=88.2129 homogen=9206.2466
mean B0=92.1435 homogen=13690.7139
mean B0=87.7221 homogen=10736.2741
mean B0=84.0122 homogen=9953.6349
mean B0=83.5223 homogen=4322.547
mean B0=87.6249 homogen=31552.102
mean B0=90.0941 homogen=35188.8013
mean B0=89.0639 homogen=10593.6974
mean B0=88.1581 homogen=16370.9271
mean B0=87.9947 homogen=18898.9532
mean B0=86.8548 homogen=23898.2856
mean B0=87.7764 homogen=10201.2228
mean B0=84.7562 homogen=7074.1854
mean B0=71.9768 homogen=140853.0926
mean B0=94.1179 homogen=42233.7365
mean B0=96.207 homogen=13145.981
mean B0=89.8654 homogen=11623.0386
mean B0=93.3729 homogen=43459.6644
mean B0=89.1777 homogen=30499.0717
mean B0=87.7213 homogen=12254.5728
mean B0=87.6421 homogen=11141.0162
mean B0=93.1496 homogen=47677.8986
mean B0=84.0881 homogen=5588.3266
mean B0=80.7805 homogen=83842.977
mean B0=87.5325 homogen=6729.4302
mean B0=88.5257 homogen=28772.5554
mean B0=67.7458 homogen=66640.5677
mean B0=82.7749 homogen=96139.8763
mean B0=86.9752 homogen=23454.5019
mean B0=93.4087 homogen=16014.0062
mean B0=96.0738 homogen=25953.3554
mean B0=87.8607 homogen=7735.3962
    37 |     1480 |     16 |  0.000000E+00 |  0.000000E+00 |  0.0032921335 |         ideal
mean B0=86.7311 homogen=13464.2169
mean B0=84.3436 homogen=6318.8223
mean B0=89.1431 homogen=11529.503
mean B0=90.119 homogen=48964.3329
mean B0=95.0738 homogen=23191.841
mean B0=83.534 homogen=4342.7761
mean B0=92.2512 homogen=26965.1672
mean B0=84.7726 homogen=17727.0261
mean B0=88.9774 homogen=23729.9565
mean B0=78.6931 homogen=18129.3287
mean B0=92.5707 homogen=10831.6087
mean B0=83.8592 homogen=37372.9821
mean B0=91.22 homogen=20532.4994
mean B0=88.2111 homogen=7352.1909
mean B0=91.5819 homogen=27538.5538
mean B0=89.8318 homogen=7897.0209
mean B0=88.3463 homogen=33586.6381
mean B0=82.7166 homogen=3746.5265
mean B0=90.3897 homogen=37462.3918
mean B0=93.4705 homogen=51764.5679
mean B0=75.9922 homogen=90854.2936
mean B0=74.0083 homogen=31557.2451
mean B0=84.7017 homogen=4611.5181
mean B0=88.6732 homogen=12213.4475
mean B0=92.2521 homogen=56853.7412
mean B0=82.5438 homogen=5095.2533
mean B0=93.2347 homogen=45108.6807
mean B0=95.6454 homogen=26370.7918
mean B0=88.8037 homogen=21208.1347
mean B0=90.2902 homogen=21989.9963
mean B0=83.8945 homogen=20443.0215
mean B0=94.6004 homogen=30930.8783
mean B0=82.8653 homogen=10892.1817
mean B0=91.0778 homogen=18583.3083
mean B0=89.4496 homogen=21753.5734
mean B0=83.932 homogen=11002.203
mean B0=88.8521 homogen=10627.563
mean B0=84.774 homogen=28038.3745
mean B0=88.6736 homogen=10728.1975
mean B0=88.3447 homogen=36813.4867
    38 |     1520 |     16 |  0.000000E+00 |  0.000000E+00 |  0.0148136740 |         ideal
mean B0=87.5309 homogen=6742.9343
mean B0=88.8766 homogen=11087.2212
mean B0=86.6207 homogen=15735.0466
mean B0=83.5149 homogen=4330.2985
mean B0=88.5559 homogen=7785.0299
mean B0=97.7418 homogen=20598.4801
mean B0=90.1971 homogen=43228.916
mean B0=93.7753 homogen=37558.8196
mean B0=89.1267 homogen=11572.4809
mean B0=83.4913 homogen=4746.6592
mean B0=88.3993 homogen=23251.3933
mean B0=92.4731 homogen=35820.4825
mean B0=89.7331 homogen=7853.227
mean B0=84.7991 homogen=4441.1769
mean B0=86.9482 homogen=12245.9876
mean B0=93.2495 homogen=22100.709
mean B0=90.6003 homogen=13787.9107
mean B0=83.5334 homogen=4343.7488
mean B0=92.6694 homogen=59997.1912
mean B0=90.4023 homogen=33204.9562
mean B0=87.5248 homogen=6737.3306
mean B0=90.6629 homogen=17508.2926
mean B0=95.8387 homogen=31161.6491
mean B0=86.2194 homogen=42531.1706
mean B0=92.4224 homogen=18531.6317
mean B0=86.2422 homogen=26917.3649
mean B0=92.7238 homogen=18652.1702
mean B0=89.8667 homogen=8073.8224
mean B0=90.1389 homogen=11394.3366
mean B0=84.741 homogen=4149.4024
mean B0=85.3996 homogen=10037.1689
mean B0=93.2393 homogen=47741.6647
mean B0=87.003 homogen=7365.9455
mean B0=83.5392 homogen=4383.9834
mean B0=84.2214 homogen=6532.368
mean B0=87.4804 homogen=12005.5791
mean B0=87.2929 homogen=29550.8564
mean B0=83.5187 homogen=4354.1181
mean B0=94.047 homogen=20994.7035
mean B0=88.1084 homogen=8956.5358
    39 |     1560 |     19 |  0.000000E+00 |  0.000000E+00 |  0.0084878457 |             f
mean B0=81.3345 homogen=84125.3781
mean B0=83.534 homogen=4342.5867
mean B0=92.7413 homogen=24245.305
mean B0=94.1438 homogen=35490.745
mean B0=70.6815 homogen=130505.1728
mean B0=86.9342 homogen=11065.5351
mean B0=87.5729 homogen=7296.5355
mean B0=90.4117 homogen=15020.1658
mean B0=92.7043 homogen=35431.2167
mean B0=88.7106 homogen=9429.8304
mean B0=87.0186 homogen=11647.2548
mean B0=88.2351 homogen=19351.3913
mean B0=77.7726 homogen=18838.0376
mean B0=77.619 homogen=134594.4566
mean B0=86.8398 homogen=9059.9898
mean B0=71.8571 homogen=144292.9803
mean B0=87.4874 homogen=15253.9679
mean B0=80.0807 homogen=22225.4165
mean B0=81.9247 homogen=44875.0987
mean B0=82.2741 homogen=113972.8708
mean B0=82.8811 homogen=40632.8296
mean B0=88.0389 homogen=8086.5006
mean B0=93.6815 homogen=40035.3156
mean B0=89.6063 homogen=6607.9658
mean B0=92.1536 homogen=30366.1492
mean B0=85.0774 homogen=12057.4292
mean B0=66.0842 homogen=66944.4994
mean B0=66.9449 homogen=279541.9491
mean B0=91.3306 homogen=10083.6727
mean B0=78.9982 homogen=129026.9152
mean B0=86.581 homogen=13520.9524
mean B0=85.9214 homogen=26334.971
mean B0=87.227 homogen=13277.2929
mean B0=88.7195 homogen=32582.1454
mean B0=86.4956 homogen=82822.4264
mean B0=85.6816 homogen=8900.9926
mean B0=84.9011 homogen=9857.9272
mean B0=83.4796 homogen=4240.943
mean B0=94.5822 homogen=11765.7246
mean B0=90.1046 homogen=5776.7939
    40 |     1600 |     21 |  0.000000E+00 |  0.000000E+00 |  0.2124163652 |         nadir
mean B0=91.6172 homogen=19473.2412
mean B0=93.7209 homogen=40035.5119
mean B0=85.0312 homogen=11013.5643
mean B0=86.8464 homogen=8507.7153
mean B0=84.5573 homogen=14069.8357
mean B0=91.3264 homogen=15844.59
mean B0=88.5559 homogen=7785.0299
mean B0=84.7543 homogen=72559.7345
mean B0=88.3937 homogen=8853.3091
mean B0=87.8747 homogen=13934.9923
mean B0=89.9717 homogen=26990.7741
mean B0=89.0966 homogen=45164.5778
mean B0=93.5092 homogen=38759.843
mean B0=93.6207 homogen=41729.6772
mean B0=84.8906 homogen=4897.8956
mean B0=85.635 homogen=8190.3775
mean B0=87.4069 homogen=13911.5604
mean B0=89.2208 homogen=11394.7051
mean B0=92.8956 homogen=17881.4843
mean B0=88.5287 homogen=8955.0286
mean B0=91.1815 homogen=15904.8785
mean B0=85.7506 homogen=23167.3031
mean B0=94.5045 homogen=24456.6829
mean B0=90.5636 homogen=9466.1394
mean B0=89.4076 homogen=13849.9775
mean B0=88.1504 homogen=10326.346
mean B0=83.5392 homogen=4383.9834
mean B0=86.1068 homogen=88098.0376
mean B0=92.7466 homogen=24175.973
mean B0=84.2995 homogen=11173.7192
mean B0=96.3087 homogen=13182.1768
mean B0=84.8952 homogen=9377.4525
mean B0=85.36 homogen=5552.617
mean B0=92.9343 homogen=31180.6972
mean B0=85.0865 homogen=25837.4394
mean B0=86.7672 homogen=11588.2013
mean B0=83.8064 homogen=9809.9446
mean B0=84.7631 homogen=24160.0267
mean B0=86.6514 homogen=12712.8342
mean B0=91.3873 homogen=16801.8847
    41 |     1640 |     23 |  0.000000E+00 |  0.000000E+00 |  0.0305939603 |         ideal
mean B0=93.5344 homogen=23043.1362
mean B0=84.963 homogen=8653.0023
mean B0=83.8469 homogen=7928.0947
mean B0=87.961 homogen=9906.342
mean B0=90.619 homogen=11579.6729
mean B0=83.8842 homogen=81466.4001
mean B0=91.1053 homogen=17680.2264
mean B0=87.8607 homogen=7735.3962
mean B0=87.9917 homogen=6479.0259
mean B0=85.3254 homogen=8504.5574
mean B0=88.1993 homogen=8595.2676
mean B0=77.8031 homogen=15815.7006
mean B0=88.8055 homogen=11000.4483
mean B0=87.2443 homogen=13079.3846
mean B0=89.4296 homogen=9424.0704
mean B0=88.9259 homogen=6789.4044
mean B0=87.9313 homogen=23647.2554
mean B0=89.3254 homogen=7173.415
mean B0=88.3214 homogen=10936.4984
mean B0=90.6003 homogen=13787.9107
mean B0=90.7847 homogen=8878.2234
mean B0=85.9281 homogen=10798.8683
mean B0=93.7717 homogen=33060.3075
mean B0=91.9068 homogen=12105.6344
mean B0=90.0848 homogen=9270.7899
mean B0=94.6129 homogen=33094.7843
mean B0=70.1598 homogen=231885.715
mean B0=76.2692 homogen=10837.021
mean B0=92.6602 homogen=26078.8982
mean B0=86.8355 homogen=13355.2411
mean B0=84.5703 homogen=3891.8639
mean B0=93.814 homogen=12539.6307
mean B0=83.4117 homogen=6039.2952
mean B0=85.7234 homogen=8517.2857
mean B0=90.5531 homogen=13799.6737
mean B0=83.2649 homogen=17776.5027
mean B0=88.7065 homogen=9391.9983
mean B0=73.8425 homogen=34089.8232
mean B0=88.0916 homogen=11523.1981
mean B0=91.3873 homogen=16801.8847
    42 |     1680 |     23 |  0.000000E+00 |  0.000000E+00 |  0.0091150406 |         ideal
mean B0=93.513 homogen=18672.0215
mean B0=93.7108 homogen=24539.7712
mean B0=91.0852 homogen=45139.0248
mean B0=88.0294 homogen=7323.3763
mean B0=84.3558 homogen=4085.6629
mean B0=90.8798 homogen=15784.5579
mean B0=92.978 homogen=16957.9001
mean B0=94.5969 homogen=24453.6021
mean B0=89.7094 homogen=7776.9377
mean B0=72.559 homogen=211215.5629
mean B0=93.4344 homogen=18185.9945
mean B0=84.0537 homogen=12726.4293
mean B0=86.6257 homogen=13830.3718
mean B0=85.3214 homogen=13153.383
mean B0=89.2912 homogen=10099.2962
mean B0=92.0447 homogen=19033.4983
mean B0=88.292 homogen=7902.3013
mean B0=89.0432 homogen=9174.794
mean B0=94.6447 homogen=36785.7479
mean B0=88.6786 homogen=10761.4294
mean B0=91.3873 homogen=16801.8847
mean B0=85.2014 homogen=4511.0189
mean B0=96.1275 homogen=12996.4451
mean B0=83.7887 homogen=6155.9692
mean B0=90.1819 homogen=8586.1775
mean B0=84.322 homogen=6884.6359
mean B0=88.5981 homogen=10391.458
mean B0=88.1539 homogen=7841.716
mean B0=94.2375 homogen=35455.9894
mean B0=86.1468 homogen=5872.761
mean B0=74.9613 homogen=9629.1167
mean B0=88.1599 homogen=15572.1248
mean B0=89.4467 homogen=15541.8353
mean B0=94.4939 homogen=21502.4748
mean B0=84.0756 homogen=8923.5228
mean B0=84.3738 homogen=6633.4273
mean B0=89.8019 homogen=8291.6305
mean B0=84.4476 homogen=8087.9248
mean B0=87.5389 homogen=17792.6358
mean B0=92.8446 homogen=29452.5737
    43 |     1720 |     27 |  0.000000E+00 |  0.000000E+00 |  0.0026659692 |         ideal
mean B0=85.5629 homogen=7782.5152
mean B0=84.8896 homogen=4898.8689
mean B0=84.5697 homogen=4007.2434
mean B0=72.6517 homogen=6192.4945
mean B0=93.0574 homogen=24937.505
mean B0=85.2014 homogen=4511.0189
mean B0=84.1304 homogen=28565.6957
mean B0=87.7962 homogen=12126.8582
mean B0=87.604 homogen=27585.9186
mean B0=90.0665 homogen=9284.005
mean B0=93.2548 homogen=21911.4002
mean B0=91.3873 homogen=16802.8587
mean B0=91.8474 homogen=15754.5242
mean B0=93.3223 homogen=34067.7776
mean B0=86.765 homogen=36209.2915
mean B0=91.6822 homogen=18630.9929
mean B0=84.4987 homogen=4911.7357
mean B0=92.9697 homogen=17067.7463
mean B0=83.9232 homogen=15132.8546
mean B0=84.7991 homogen=4441.1769
mean B0=88.7094 homogen=11689.7409
mean B0=86.1473 homogen=5872.9993
mean B0=60.7605 homogen=301325.9585
mean B0=90.2929 homogen=10163.4486
mean B0=93.3297 homogen=18428.123
mean B0=90.619 homogen=11579.6729
mean B0=97.6834 homogen=17742.0623
mean B0=93.4963 homogen=13756.2893
mean B0=88.9347 homogen=9132.3642
mean B0=87.5517 homogen=6728.0049
mean B0=92.324 homogen=20163.1618
mean B0=88.9997 homogen=8193.593
mean B0=89.7462 homogen=55849.5354
mean B0=89.3771 homogen=10291.8058
mean B0=91.9915 homogen=7727.8091
mean B0=96.2598 homogen=35808.7834
mean B0=94.3709 homogen=28709.4387
mean B0=92.3961 homogen=21900.8794
mean B0=87.5335 homogen=6699.2337
mean B0=84.8051 homogen=4486.9573
    44 |     1760 |     31 |  0.000000E+00 |  0.000000E+00 |  0.0033908043 |             f
mean B0=85.6987 homogen=31329.1709
mean B0=85.7977 homogen=28989.4278
mean B0=85.1736 homogen=9072.0812
mean B0=94.6874 homogen=36785.1307
mean B0=74.2361 homogen=149322.2449
mean B0=91.1195 homogen=9348.8759
mean B0=86.5361 homogen=18019.1005
mean B0=86.1061 homogen=7116.5604
mean B0=87.38 homogen=20200.045
mean B0=87.6996 homogen=4109.6407
mean B0=87.8734 homogen=21492.6157
mean B0=83.2327 homogen=13640.5904
mean B0=84.9235 homogen=5217.0683
mean B0=83.7402 homogen=6828.4976
mean B0=90.4397 homogen=30736.7347
mean B0=88.8336 homogen=9770.7635
mean B0=87.7562 homogen=7305.6494
mean B0=88.0593 homogen=8964.2284
mean B0=85.5174 homogen=7468.2924
mean B0=94.6023 homogen=24382.1026
mean B0=85.3013 homogen=36916.2239
mean B0=95.65 homogen=21679.2697
mean B0=87.0005 homogen=12386.0134
mean B0=85.1686 homogen=4586.0723
mean B0=95.7291 homogen=26386.1409
mean B0=84.825 homogen=4465.1999
mean B0=84.8051 homogen=4486.9573
mean B0=59.0397 homogen=97380.8757
mean B0=85.3215 homogen=12844.6828
mean B0=90.1127 homogen=15238.799
mean B0=94.7389 homogen=27865.3944
mean B0=94.3413 homogen=28860.0922
mean B0=93.4207 homogen=17522.2344
mean B0=90.4926 homogen=8513.5285
mean B0=67.868 homogen=64043.1175
mean B0=93.3975 homogen=17669.8522
mean B0=90.4117 homogen=10975.2036
mean B0=90.7852 homogen=11659.1029
mean B0=86.7404 homogen=6091.6585
mean B0=59.0259 homogen=90119.5669
    45 |     1800 |     19 |  0.000000E+00 |  0.000000E+00 |  0.0078309392 |         ideal
mean B0=84.5706 homogen=3690.9582
mean B0=92.9731 homogen=19235.141
mean B0=89.2414 homogen=10432.483
mean B0=81.9905 homogen=6611.5443
mean B0=90.8934 homogen=16776.1262
mean B0=72.9295 homogen=141295.8265
mean B0=94.5969 homogen=24453.6021
mean B0=94.794 homogen=37436.7519
mean B0=83.1279 homogen=16170.6271
mean B0=88.0973 homogen=9386.8124
mean B0=88.9444 homogen=10845.5533
mean B0=86.9626 homogen=8269.1478
mean B0=90.9752 homogen=12882.5584
mean B0=76.5114 homogen=34892.1327
mean B0=88.8129 homogen=10932.5022
mean B0=93.5055 homogen=17968.1322
mean B0=85.9975 homogen=4615.3081
mean B0=88.56 homogen=10055.4575
mean B0=89.6208 homogen=8559.7268
mean B0=94.0543 homogen=35594.0499
mean B0=86.1458 homogen=6955.1425
mean B0=93.5463 homogen=20786.7384
mean B0=88.1397 homogen=9351.919
mean B0=95.3394 homogen=35163.2471
mean B0=89.7946 homogen=8236.0583
mean B0=88.5133 homogen=6701.1748
mean B0=94.4939 homogen=21502.4748
mean B0=90.1796 homogen=9786.8311
mean B0=90.1491 homogen=9512.2802
mean B0=88.9765 homogen=6655.0734
mean B0=84.8705 homogen=17865.8466
mean B0=82.9688 homogen=97621.7888
mean B0=90.4274 homogen=10504.5066
mean B0=93.4207 homogen=17522.2344
mean B0=95.5245 homogen=18271.2263
mean B0=92.8044 homogen=17626.0485
mean B0=89.5027 homogen=16665.1941
mean B0=83.0137 homogen=27037.3987
mean B0=85.381 homogen=4436.0748
mean B0=85.6523 homogen=9249.3195
    46 |     1840 |     24 |  0.000000E+00 |  0.000000E+00 |  0.0557649930 |         ideal
mean B0=91.2341 homogen=32228.948
mean B0=95.9904 homogen=18530.7255
mean B0=91.8476 homogen=15753.0404
mean B0=86.3639 homogen=17716.6634
mean B0=93.6341 homogen=21064.4407
mean B0=86.9555 homogen=31403.4591
mean B0=85.9282 homogen=26304.4218
mean B0=94.3882 homogen=19673.1444
mean B0=94.5947 homogen=24399.775
mean B0=84.8301 homogen=5682.8001
mean B0=94.5579 homogen=24357.856
mean B0=89.8624 homogen=8064.8368
mean B0=92.8178 homogen=9822.9498
mean B0=89.0199 homogen=11308.841
mean B0=88.6458 homogen=11295.077
mean B0=90.689 homogen=10223.9306
mean B0=92.6568 homogen=18366.3675
mean B0=73.7896 homogen=32214.7932
mean B0=93.3884 homogen=20179.5051
mean B0=92.1294 homogen=15259.1563
mean B0=90.5042 homogen=10590.3897
mean B0=58.4434 homogen=69304.1771
mean B0=95.3391 homogen=35167.4067
mean B0=94.1062 homogen=13999.1761
mean B0=90.6861 homogen=11517.874
mean B0=95.4965 homogen=30552.8283
mean B0=82.2397 homogen=168622.6196
mean B0=92.2437 homogen=15690.9175
mean B0=93.5376 homogen=23099.4838
mean B0=87.451 homogen=6884.7136
mean B0=84.6043 homogen=3894.531
mean B0=85.2952 homogen=21042.7403
mean B0=87.9412 homogen=16406.7171
mean B0=94.5292 homogen=26161.8028
mean B0=94.1852 homogen=14074.0745
mean B0=89.6416 homogen=8893.944
mean B0=94.9277 homogen=31815.5967
mean B0=93.2841 homogen=19475.17
mean B0=90.7216 homogen=10242.7881
mean B0=87.6799 homogen=8658.2209
    47 |     1880 |     28 |  0.000000E+00 |  0.000000E+00 |  0.0099288052 |             f
mean B0=83.3954 homogen=7064.262
mean B0=84.4975 homogen=3840.425
mean B0=93.3484 homogen=19921.138
mean B0=90.5835 homogen=13187.9887
mean B0=95.5105 homogen=18615.7089
mean B0=67.1957 homogen=267202.3288
mean B0=93.8536 homogen=31154.3519
mean B0=94.0977 homogen=20922.4512
mean B0=87.4444 homogen=22109.0362
mean B0=89.7091 homogen=7773.5717
mean B0=69.5616 homogen=55440.416
mean B0=93.7759 homogen=15921.8962
mean B0=90.2344 homogen=10291.2587
mean B0=84.9065 homogen=33952.5693
mean B0=89.3343 homogen=15257.422
mean B0=90.9982 homogen=11065.2724
mean B0=89.9184 homogen=7878.9921
mean B0=93.1424 homogen=25202.537
mean B0=89.7559 homogen=12819.739
mean B0=95.8804 homogen=20942.5755
mean B0=86.6711 homogen=8799.9567
mean B0=84.6429 homogen=3731.0435
mean B0=91.99 homogen=14542.8033
mean B0=94.6248 homogen=40390.4455
mean B0=87.2797 homogen=28925.7586
mean B0=89.469 homogen=12186.5167
mean B0=78.2904 homogen=33869.8915
mean B0=85.6055 homogen=5175.9331
mean B0=94.6228 homogen=20003.4137
mean B0=93.4208 homogen=17517.5221
mean B0=68.6295 homogen=198490.2148
mean B0=91.5914 homogen=17634.7028
mean B0=82.1053 homogen=7481.8003
mean B0=96.0301 homogen=32199.7828
mean B0=95.6793 homogen=16216.2906
mean B0=91.411 homogen=11357.2
mean B0=81.0133 homogen=144402.5548
mean B0=93.3154 homogen=18071.3218
mean B0=94.9179 homogen=21262.7207
mean B0=77.1741 homogen=150250.0185
    48 |     1920 |     27 |  0.000000E+00 |  0.000000E+00 |  0.0602719716 |         ideal
mean B0=90.094 homogen=10200.7922
mean B0=89.0994 homogen=13030.4076
mean B0=85.1092 homogen=5800.2284
mean B0=94.6969 homogen=24992.2468
mean B0=68.915 homogen=251521.5372
mean B0=91.8997 homogen=15807.6943
mean B0=94.2483 homogen=23694.6263
mean B0=90.5382 homogen=9625.7123
mean B0=94.2062 homogen=44394.487
mean B0=94.1325 homogen=37744.0339
mean B0=92.3552 homogen=18831.5812
mean B0=89.6017 homogen=14750.0316
mean B0=93.7926 homogen=16610.2794
mean B0=87.6415 homogen=7881.2446
mean B0=83.0951 homogen=14628.8188
mean B0=94.7133 homogen=24982.4179
mean B0=93.0213 homogen=17549.7994
mean B0=73.1679 homogen=164937.3258
mean B0=93.0184 homogen=14953.2937
mean B0=90.7354 homogen=8593.7321
mean B0=89.8725 homogen=8030.2031
mean B0=95.0893 homogen=15726.0541
mean B0=95.4748 homogen=31473.4292
mean B0=68.6815 homogen=60779.9529
mean B0=94.6398 homogen=20283.0871
mean B0=93.4545 homogen=17992.0596
mean B0=82.6043 homogen=4480.3791
mean B0=90.3814 homogen=9142.7528
mean B0=90.9986 homogen=19448.5511
mean B0=83.5478 homogen=20686.2436
mean B0=95.3234 homogen=24431.2707
mean B0=60.8838 homogen=269531.1244
mean B0=94.2342 homogen=29959.109
mean B0=94.9955 homogen=30796.5423
mean B0=92.7306 homogen=12902.8565
mean B0=91.3043 homogen=11034.1653
mean B0=85.554 homogen=15692.0039
mean B0=86.7393 homogen=6066.1343
mean B0=94.5463 homogen=26747.1112
mean B0=89.3219 homogen=7165.6093
    49 |     1960 |     22 |  0.000000E+00 |  0.000000E+00 |  0.0103618370 |             f
mean B0=80.9286 homogen=46166.2744
mean B0=68.9062 homogen=63124.5303
mean B0=85.6388 homogen=4979.4264
mean B0=95.2307 homogen=11622.7362
mean B0=91.4892 homogen=11668.3875
mean B0=84.764 homogen=14069.3951
mean B0=94.9654 homogen=18011.4768
mean B0=89.9038 homogen=24692.0684
mean B0=96.7135 homogen=32840.7917
mean B0=96.3285 homogen=20296.0713
mean B0=89.7424 homogen=8090.1696
mean B0=88.1632 homogen=89556.0945
mean B0=90.4844 homogen=8193.4474
mean B0=83.8474 homogen=9275.2534
mean B0=94.5981 homogen=24300.9174
mean B0=94.0139 homogen=22484.3274
mean B0=81.9531 homogen=118764.0551
mean B0=90.0998 homogen=25923.5842
mean B0=91.9095 homogen=15900.7811
mean B0=89.3254 homogen=6344.9966
mean B0=85.8937 homogen=10957.8474
mean B0=92.2896 homogen=17843.7804
mean B0=89.6714 homogen=7902.2409
mean B0=88.3659 homogen=17377.4946
mean B0=89.7373 homogen=8160.7719
mean B0=96.3775 homogen=16245.6769
mean B0=87.9083 homogen=10339.7145
mean B0=92.4224 homogen=30829.7643
mean B0=93.1704 homogen=17398.4453
mean B0=87.7323 homogen=36221.2589
mean B0=95.3567 homogen=29295.8083
mean B0=94.4888 homogen=21539.5333
mean B0=93.0059 homogen=16388.0769
mean B0=92.8884 homogen=15101.6305
mean B0=94.9316 homogen=31898.2068
mean B0=94.3324 homogen=22141.8612
mean B0=85.6825 homogen=9956.3325
mean B0=78.1282 homogen=57002.1309
mean B0=95.0406 homogen=26600.2782
mean B0=90.7403 homogen=12826.9902
    50 |     2000 |     25 |  0.000000E+00 |  0.000000E+00 |  0.0562813724 |         ideal
mean B0=89.7768 homogen=7838.2546
mean B0=96.3902 homogen=30368.014
mean B0=91.345 homogen=13265.2213
mean B0=91.1991 homogen=10419.4687
mean B0=94.9846 homogen=21606.4291
mean B0=91.696 homogen=12004.304
mean B0=89.4289 homogen=9972.0719
mean B0=93.3184 homogen=32328.9996
mean B0=89.7868 homogen=13231.1676
mean B0=92.8571 homogen=36037.8647
mean B0=94.1099 homogen=20631.1999
mean B0=94.5749 homogen=24370.4169
mean B0=89.3188 homogen=7179.0763
mean B0=92.3126 homogen=7995.8157
mean B0=93.6609 homogen=55156.5006
mean B0=87.5757 homogen=3910.8778
mean B0=89.0994 homogen=24882.3893
mean B0=94.2741 homogen=21215.8585
mean B0=88.8306 homogen=11666.1388
mean B0=92.7013 homogen=37518.2181
mean B0=92.1779 homogen=14854.967
mean B0=94.9874 homogen=31139.9187
mean B0=95.1942 homogen=24716.4897
mean B0=87.9907 homogen=8188.3151
mean B0=95.5239 homogen=18127.7696
mean B0=95.0126 homogen=25324.3702
mean B0=95.6083 homogen=20384.1636
mean B0=87.2073 homogen=15013.7518
mean B0=94.4251 homogen=24919.5071
mean B0=86.1694 homogen=29022.0438
mean B0=90.6217 homogen=9945.6507
mean B0=82.7001 homogen=4312.9912
mean B0=86.7431 homogen=6078.3555
mean B0=89.2916 homogen=13291.6101
mean B0=89.7858 homogen=7883.4359
mean B0=93.3311 homogen=18543.586
mean B0=89.3881 homogen=10204.6743
mean B0=93.6069 homogen=14533.1111
mean B0=95.237 homogen=28791.4626
mean B0=84.7788 homogen=3982.3772
    51 |     2040 |     21 |  0.000000E+00 |  0.000000E+00 |  0.0122964501 |             f
mean B0=93.659 homogen=14880.5758
mean B0=92.2451 homogen=14350.2824
mean B0=91.3028 homogen=13578.4441
mean B0=95.1896 homogen=25868.6304
mean B0=86.0695 homogen=24064.417
mean B0=94.8198 homogen=17481.9794
mean B0=93.4589 homogen=16749.0713
mean B0=86.763 homogen=6022.5154
mean B0=92.1046 homogen=9017.729
mean B0=94.091 homogen=20865.566
mean B0=96.3772 homogen=27621.1675
mean B0=89.2667 homogen=9500.05
mean B0=89.7768 homogen=7838.2546
mean B0=84.5605 homogen=3669.8873
mean B0=89.3744 homogen=6884.5331
mean B0=89.0044 homogen=11789.1833
mean B0=96.9959 homogen=33294.1901
mean B0=94.442 homogen=20025.9639
mean B0=90.2524 homogen=9931.8432
mean B0=89.2592 homogen=7166.0477
mean B0=91.3016 homogen=13799.7659
mean B0=89.1036 homogen=23286.7611
mean B0=96.5866 homogen=28233.2939
mean B0=87.908 homogen=12141.1975
mean B0=93.169 homogen=14549.2248
mean B0=88.5566 homogen=11153.7553
mean B0=91.5701 homogen=10846.9346
mean B0=91.392 homogen=11339.0809
mean B0=85.4179 homogen=9648.0267
mean B0=59.2238 homogen=98169.8564
mean B0=94.9977 homogen=33944.0853
mean B0=92.6495 homogen=17016.0452
mean B0=94.0977 homogen=20922.4512
mean B0=82.9197 homogen=4165.1941
mean B0=92.1654 homogen=15001.9131
mean B0=90.7362 homogen=10289.5331
mean B0=89.2651 homogen=9475.9078
mean B0=88.2645 homogen=6855.0686
mean B0=91.1287 homogen=10207.4607
mean B0=87.6193 homogen=3910.5452
    52 |     2080 |     26 |  0.000000E+00 |  0.000000E+00 |  0.0227100590 |         ideal
mean B0=85.3912 homogen=6668.5753
mean B0=93.8984 homogen=16457.4478
mean B0=89.3283 homogen=6255.0504
mean B0=91.1875 homogen=10176.3974
mean B0=89.1325 homogen=23919.9648
mean B0=93.4351 homogen=13389.0723
mean B0=83.5668 homogen=84348.4298
mean B0=95.6338 homogen=20578.8687
mean B0=94.986 homogen=18765.0751
mean B0=93.1204 homogen=15593.1283
mean B0=94.8531 homogen=20753.3198
mean B0=82.1599 homogen=128164.4574
mean B0=96.998 homogen=33295.2513
mean B0=93.1489 homogen=32310.5446
mean B0=89.7269 homogen=7754.2792
mean B0=70.6832 homogen=57598.7453
mean B0=85.8262 homogen=14937.447
mean B0=90.9406 homogen=12014.6699
mean B0=90.5292 homogen=22611.1709
mean B0=96.8525 homogen=33006.6172
mean B0=88.4137 homogen=10439.6974
mean B0=91.2264 homogen=32160.9211
mean B0=89.7087 homogen=7847.3977
mean B0=90.1402 homogen=10068.109
mean B0=89.7847 homogen=12450.7208
mean B0=90.4675 homogen=9581.2208
mean B0=83.0657 homogen=6182.5218
mean B0=96.005 homogen=32016.5511
mean B0=93.6072 homogen=14534.8329
mean B0=87.911 homogen=102439.9495
mean B0=94.8373 homogen=24687.8263
mean B0=87.353 homogen=12738.5395
mean B0=84.7863 homogen=4502.5227
mean B0=84.8742 homogen=24460.6492
mean B0=94.387 homogen=19436.8453
mean B0=88.7042 homogen=11630.6141
mean B0=92.0875 homogen=21873.6457
mean B0=94.0468 homogen=15729.6987
mean B0=89.2439 homogen=12101.0526
mean B0=93.9594 homogen=20810.3482
    53 |     2120 |     29 |  0.000000E+00 |  0.000000E+00 |  0.0037690355 |             f
mean B0=85.194 homogen=28406.2459
mean B0=96.2235 homogen=31821.2131
mean B0=96.9086 homogen=19942.1046
mean B0=83.316 homogen=6610.8036
mean B0=93.7234 homogen=13469.2173
mean B0=87.6128 homogen=3935.6042
mean B0=87.4209 homogen=17408.0322
mean B0=88.4775 homogen=9523.2251
mean B0=95.2368 homogen=25388.5717
mean B0=89.8568 homogen=7863.794
mean B0=89.611 homogen=14808.485
mean B0=93.975 homogen=20077.5769
mean B0=83.4885 homogen=83038.4652
mean B0=91.4724 homogen=9809.0266
mean B0=92.4161 homogen=33029.4883
mean B0=88.389 homogen=10236.8894
mean B0=64.9794 homogen=78953.6316
mean B0=95.7792 homogen=24250.8924
mean B0=87.556 homogen=3919.3496
mean B0=85.9668 homogen=10744.055
mean B0=83.9325 homogen=17871.0132
mean B0=95.6247 homogen=21637.2737
mean B0=88.8286 homogen=11808.1552
mean B0=83.987 homogen=6320.2166
mean B0=92.8371 homogen=25796.1757
mean B0=84.6488 homogen=3740.0401
mean B0=95.5766 homogen=21178.8624
mean B0=85.0784 homogen=152669.6541
mean B0=90.7434 homogen=42634.4807
mean B0=95.911 homogen=32355.9631
mean B0=95.0799 homogen=18872.9996
mean B0=97.0226 homogen=31587.6396
mean B0=91.5714 homogen=10855.6131
mean B0=94.4345 homogen=17011.7335
mean B0=85.0805 homogen=12527.3727
mean B0=94.5235 homogen=9444.2924
mean B0=89.9412 homogen=9257.8745
mean B0=86.3815 homogen=11442.4665
mean B0=68.0507 homogen=73832.1212
mean B0=88.0397 homogen=40900.8895
    54 |     2160 |     31 |  0.000000E+00 |  0.000000E+00 |  0.0068971392 |             f
mean B0=79.086 homogen=13469.4671
mean B0=94.4363 homogen=20104.038
mean B0=89.7791 homogen=7983.6804
mean B0=93.3713 homogen=15444.4387
mean B0=96.461 homogen=28671.0365
mean B0=95.7446 homogen=21623.7282
mean B0=85.5195 homogen=7781.1385
mean B0=89.6734 homogen=6735.1891
mean B0=89.55 homogen=19463.4459
mean B0=83.2106 homogen=14633.2143
mean B0=90.5323 homogen=12766.414
mean B0=84.3415 homogen=22014.0736
mean B0=90.0456 homogen=7778.4845
mean B0=67.3534 homogen=136205.5448
mean B0=87.5619 homogen=5085.8818
mean B0=96.8528 homogen=33005.85
mean B0=94.6344 homogen=29290.6602
mean B0=90.7779 homogen=8905.5798
mean B0=90.7326 homogen=8921.0017
mean B0=96.9681 homogen=33041.2364
mean B0=96.4203 homogen=30557.3515
mean B0=93.1507 homogen=20021.4284
mean B0=93.3982 homogen=13570.9609
mean B0=91.7884 homogen=9396.0772
mean B0=87.2675 homogen=17168.3649
mean B0=92.102 homogen=12932.6146
mean B0=88.302 homogen=10821.7645
mean B0=82.1703 homogen=20106.7901
mean B0=86.9222 homogen=10335.2959
mean B0=90.266 homogen=48173.1606
mean B0=82.5098 homogen=39122.8507
mean B0=87.6209 homogen=3910.5373
mean B0=95.0733 homogen=23721.5106
mean B0=90.5168 homogen=8127.0536
mean B0=84.7903 homogen=4458.1912
mean B0=89.8568 homogen=7863.9057
mean B0=86.389 homogen=7162.0449
mean B0=89.5844 homogen=8615.2161
mean B0=88.7523 homogen=81095.6469
mean B0=94.4635 homogen=17108.5606
    55 |     2200 |     31 |  0.000000E+00 |  0.000000E+00 |  0.0084977095 |             f
mean B0=95.3838 homogen=40367.6354
mean B0=95.1632 homogen=41119.4757
mean B0=97.5265 homogen=33988.4203
mean B0=86.4694 homogen=13831.3323
mean B0=88.3058 homogen=24319.7306
mean B0=88.6316 homogen=31507.7561
mean B0=85.4644 homogen=15770.4091
mean B0=92.9458 homogen=17814.2746
mean B0=77.5553 homogen=80309.8411
mean B0=93.9721 homogen=12711.086
mean B0=81.3223 homogen=158234.8265
mean B0=88.4608 homogen=9326.1754
mean B0=96.4773 homogen=29207.7213
mean B0=82.379 homogen=34549.6669
mean B0=96.9959 homogen=33294.1901
mean B0=90.7214 homogen=8704.2753
mean B0=94.6773 homogen=29139.9011
mean B0=93.0303 homogen=14238.9885
mean B0=94.7534 homogen=16097.5948
mean B0=84.6242 homogen=3503.0817
mean B0=89.0398 homogen=11366.0458
mean B0=86.1893 homogen=12337.976
mean B0=84.7197 homogen=4422.4203
mean B0=94.9969 homogen=41138.0576
mean B0=95.2316 homogen=24449.7403
mean B0=90.3302 homogen=6937.3722
mean B0=89.1609 homogen=6484.7355
mean B0=94.2112 homogen=16357.5689
mean B0=95.6351 homogen=44814.8479
mean B0=95.0441 homogen=23133.5948
mean B0=93.8044 homogen=16765.3576
mean B0=94.3562 homogen=10117.4456
mean B0=95.5399 homogen=21743.4175
mean B0=88.8084 homogen=7775.9907
mean B0=96.998 homogen=33295.2513
mean B0=91.8026 homogen=9285.5523
mean B0=87.9856 homogen=7766.2313
mean B0=89.2498 homogen=106420.4625
mean B0=94.6095 homogen=17626.7393
mean B0=92.1188 homogen=12905.4277
    56 |     2240 |     31 |  0.000000E+00 |  0.000000E+00 |  0.0055989748 |         ideal
mean B0=95.6958 homogen=22200.6113
mean B0=95.5696 homogen=25494.4633
mean B0=95.9446 homogen=20079.3866
mean B0=84.5605 homogen=3669.8873
mean B0=87.6209 homogen=3910.5373
mean B0=89.4467 homogen=17208.4061
mean B0=89.6141 homogen=12630.2619
mean B0=93.7367 homogen=15337.6262
mean B0=78.0085 homogen=31480.1869
mean B0=86.0289 homogen=11939.9275
mean B0=93.1196 homogen=16713.6593
mean B0=91.6452 homogen=19297.2301
mean B0=96.9918 homogen=33265.5861
mean B0=94.7509 homogen=16096.7449
mean B0=96.6654 homogen=20391.6538
mean B0=92.5904 homogen=10717.028
mean B0=96.8342 homogen=32227.9942
mean B0=97.1618 homogen=34888.6691
mean B0=95.3091 homogen=31239.24
mean B0=94.0132 homogen=17269.1473
mean B0=87.5254 homogen=28129.8944
mean B0=95.6083 homogen=20384.1636
mean B0=94.5072 homogen=23096.2229
mean B0=86.2754 homogen=7107.4042
mean B0=88.4367 homogen=24797.9704
mean B0=95.8819 homogen=20531.1391
mean B0=85.4344 homogen=6786.2393
mean B0=89.3283 homogen=6255.0504
mean B0=97.0253 homogen=33293.8597
mean B0=89.0925 homogen=15520.5787
mean B0=92.1079 homogen=9099.5557
mean B0=90.0107 homogen=10089.9971
mean B0=84.6527 homogen=3775.7349
mean B0=92.1036 homogen=12921.0949
mean B0=94.0311 homogen=21369.3043
mean B0=92.8129 homogen=22321.3285
mean B0=95.7997 homogen=21674.9316
mean B0=96.4587 homogen=28636.0205
mean B0=98.0878 homogen=32607.5552
mean B0=94.5574 homogen=26687.9015
    57 |     2280 |     29 |  0.000000E+00 |  0.000000E+00 |  0.0809442367 |         ideal
mean B0=93.6073 homogen=14535.8624
mean B0=86.3389 homogen=14766.4533
mean B0=94.6854 homogen=16464.0458
mean B0=93.4758 homogen=14301.5684
mean B0=97.3194 homogen=32979.4575
mean B0=91.1756 homogen=6862.2553
mean B0=93.3967 homogen=13585.0399
mean B0=95.4498 homogen=19388.3837
mean B0=86.2878 homogen=12932.9794
mean B0=85.0904 homogen=7573.7519
mean B0=98.1714 homogen=29870.9326
mean B0=95.1039 homogen=17591.8879
mean B0=88.9062 homogen=7892.8075
mean B0=92.7691 homogen=9517.8791
mean B0=89.3284 homogen=6257.6276
mean B0=89.2191 homogen=16232.1768
mean B0=84.6296 homogen=3472.2129
mean B0=90.4438 homogen=10535.045
mean B0=84.6429 homogen=3731.0435
mean B0=84.4024 homogen=31259.7228
mean B0=82.4153 homogen=17408.747
mean B0=94.7173 homogen=16492.1571
mean B0=96.4514 homogen=29673.6402
mean B0=84.689 homogen=4032.5351
mean B0=88.3741 homogen=5763.0567
mean B0=95.1737 homogen=30078.0958
mean B0=94.0481 homogen=15716.3565
mean B0=90.4104 homogen=13103.0156
mean B0=90.3724 homogen=22306.0745
mean B0=95.3432 homogen=22913.4871
mean B0=96.377 homogen=31455.7813
mean B0=77.9398 homogen=65891.9642
mean B0=95.5378 homogen=29050.1784
mean B0=90.8384 homogen=21589.3339
mean B0=63.4674 homogen=92095.719
mean B0=73.5423 homogen=17628.7036
mean B0=90.0042 homogen=9999.82
mean B0=84.9149 homogen=5040.6779
mean B0=64.6725 homogen=89042.627
mean B0=62.0075 homogen=278680.8206
    58 |     2320 |     34 |  0.000000E+00 |  0.000000E+00 |  0.0017074247 |             f
mean B0=88.4609 homogen=9333.1898
mean B0=97.8196 homogen=13503.9633
mean B0=89.819 homogen=9472.7593
mean B0=95.2644 homogen=14681.848
mean B0=95.3625 homogen=22233.263
mean B0=89.6896 homogen=7411.2175
mean B0=85.9964 homogen=10682.8588
mean B0=91.593 homogen=16093.3821
mean B0=95.1773 homogen=18628.6556
mean B0=72.7309 homogen=143837.1849
mean B0=91.9645 homogen=13289.3442
mean B0=93.7803 homogen=15167.2513
mean B0=89.6868 homogen=24815.8351
mean B0=88.515 homogen=8322.1276
mean B0=90.9834 homogen=9216.5014
mean B0=88.6546 homogen=7306.9911
mean B0=75.6988 homogen=33630.2822
mean B0=90.6884 homogen=20692.7206
mean B0=88.6761 homogen=28989.145
mean B0=92.8612 homogen=13274.3601
mean B0=96.1939 homogen=12397.7356
mean B0=88.4373 homogen=11365.9455
mean B0=95.0736 homogen=16088.9986
mean B0=95.9589 homogen=30961.9538
mean B0=91.4597 homogen=31844.8971
mean B0=93.2197 homogen=16711.9612
mean B0=91.2058 homogen=11912.5937
mean B0=89.5215 homogen=8344.2741
mean B0=88.9883 homogen=99741.8496
mean B0=84.6832 homogen=3832.1739
mean B0=96.6455 homogen=28572.2851
mean B0=92.1943 homogen=20429.6216
mean B0=91.5466 homogen=17997.5944
mean B0=89.8386 homogen=9407.6426
mean B0=94.5772 homogen=28564.9793
mean B0=85.1728 homogen=7541.3901
mean B0=96.845 homogen=33038.5082
mean B0=94.0591 homogen=19426.6363
mean B0=89.6533 homogen=22394.1876
mean B0=95.4498 homogen=19379.4121
    59 |     2360 |     31 |  0.000000E+00 |  0.000000E+00 |  0.0063840023 |             f
mean B0=89.3397 homogen=11690.4614
mean B0=96.8342 homogen=32227.9942
mean B0=91.7168 homogen=10042.7659
mean B0=91.9639 homogen=13286.3993
mean B0=87.3217 homogen=6981.1847
mean B0=94.2454 homogen=38378.5503
mean B0=88.2479 homogen=8191.5061
mean B0=94.6973 homogen=16858.7156
mean B0=87.8041 homogen=4223.1019
mean B0=96.4618 homogen=28592.9382
mean B0=91.292 homogen=11446.1728
mean B0=91.5796 homogen=16060.7002
mean B0=87.3628 homogen=6658.8005
mean B0=92.0267 homogen=17612.8712
mean B0=91.5541 homogen=14035.0365
mean B0=87.5289 homogen=20449.6809
mean B0=93.5261 homogen=13415.0746
mean B0=77.2626 homogen=147093.9914
mean B0=84.9589 homogen=4228.2496
mean B0=95.731 homogen=21527.9717
mean B0=90.4392 homogen=20566.8702
mean B0=86.8906 homogen=85055.2951
mean B0=91.0722 homogen=10266.5912
mean B0=84.6436 homogen=3733.3603
mean B0=89.8366 homogen=10771.5754
mean B0=86.3495 homogen=32597.2211
mean B0=86.0787 homogen=3216.3898
mean B0=73.8212 homogen=53459.4447
mean B0=84.4604 homogen=3801.2657
mean B0=90.5143 homogen=8151.113
mean B0=92.6477 homogen=11880.4568
mean B0=91.528 homogen=12892.3124
mean B0=84.9167 homogen=5535.7564
mean B0=90.9272 homogen=21250.9491
mean B0=94.4195 homogen=19608.7077
mean B0=96.5312 homogen=20744.1127
mean B0=92.7985 homogen=22029.2099
mean B0=98.4318 homogen=27547.6659
mean B0=98.0618 homogen=29744.1106
mean B0=94.6258 homogen=9581.5649
    60 |     2400 |     28 |  0.000000E+00 |  0.000000E+00 |  0.0087040824 |         ideal
mean B0=88.329 homogen=7338.545
mean B0=87.8491 homogen=5279.6893
mean B0=90.2921 homogen=9788.1776
mean B0=92.8894 homogen=16860.0853
mean B0=95.2997 homogen=14793.408
mean B0=90.408 homogen=7959.8762
mean B0=92.2861 homogen=13928.5054
mean B0=91.1214 homogen=20025.992
mean B0=91.8452 homogen=15175.255
mean B0=85.2688 homogen=7429.4319
mean B0=87.7785 homogen=14979.2792
mean B0=92.1021 homogen=45551.4893
mean B0=89.9656 homogen=6260.9777
mean B0=97.1605 homogen=23835.2687
mean B0=89.6933 homogen=7549.9998
mean B0=91.7452 homogen=8683.1613
mean B0=87.4842 homogen=7625.2117
mean B0=91.8665 homogen=8797.2661
mean B0=84.7234 homogen=3925.3468
mean B0=81.3321 homogen=26896.918
mean B0=92.8941 homogen=16953.5519
mean B0=76.5153 homogen=28264.5871
mean B0=87.6601 homogen=5733.9633
mean B0=91.1057 homogen=8223.9073
mean B0=96.7627 homogen=32382.8484
mean B0=98.1804 homogen=33201.2154
mean B0=90.0113 homogen=16834.1336
mean B0=94.7367 homogen=21816.3159
mean B0=93.7288 homogen=15348.2269
mean B0=85.1385 homogen=27137.0257
mean B0=91.5332 homogen=18441.601
mean B0=95.6926 homogen=27878.581
mean B0=97.3194 homogen=32979.4575
mean B0=90.3479 homogen=14466.5433
mean B0=91.4276 homogen=12091.8323
mean B0=89.7807 homogen=8057.086
mean B0=93.9813 homogen=16626.0916
mean B0=95.0468 homogen=18005.4462
mean B0=70.1951 homogen=59539.4539
mean B0=94.4808 homogen=51488.7194
    61 |     2440 |     31 |  0.000000E+00 |  0.000000E+00 |  0.0076520604 |         ideal
mean B0=92.4711 homogen=10316.3342
mean B0=96.6765 homogen=29894.6209
mean B0=93.8143 homogen=12334.2213
mean B0=89.0943 homogen=10599.2039
mean B0=93.578 homogen=14314.3884
mean B0=90.1724 homogen=6968.5939
mean B0=94.0318 homogen=14550.6364
mean B0=83.4279 homogen=83820.267
mean B0=80.5374 homogen=81461.2486
mean B0=94.8337 homogen=17056.6593
mean B0=70.8041 homogen=53680.9421
mean B0=93.2046 homogen=14574.3549
mean B0=95.0903 homogen=15180.0573
mean B0=95.8593 homogen=13620.4542
mean B0=89.4307 homogen=16500.5535
mean B0=95.357 homogen=19301.4104
mean B0=86.1731 homogen=92462.9922
mean B0=93.9584 homogen=34232.9549
mean B0=94.0514 homogen=14033.0884
mean B0=92.4361 homogen=13413.5996
mean B0=86.4517 homogen=31521.7451
mean B0=87.7409 homogen=4829.9798
mean B0=91.5442 homogen=18770.2399
mean B0=90.7444 homogen=16151.9399
mean B0=96.4109 homogen=30088.2798
mean B0=96.9925 homogen=30307.2339
mean B0=97.7683 homogen=31002.3801
mean B0=95.9329 homogen=20205.4954
mean B0=84.6857 homogen=3821.8824
mean B0=83.408 homogen=13953.0714
mean B0=96.6455 homogen=28572.2851
mean B0=90.6157 homogen=6888.1392
mean B0=88.0274 homogen=4899.9312
mean B0=88.3375 homogen=11169.2679
mean B0=93.5198 homogen=14371.6216
mean B0=89.4422 homogen=6299.946
mean B0=87.6268 homogen=3912.6046
mean B0=90.4465 homogen=7781.8187
mean B0=88.2541 homogen=10379.5328
mean B0=98.6029 homogen=25864.6615
    62 |     2480 |     29 |  0.000000E+00 |  0.000000E+00 |  0.0109791538 |             f
mean B0=89.2134 homogen=12576.3735
mean B0=92.9029 homogen=12540.2916
mean B0=90.5168 homogen=8127.0536
mean B0=87.8041 homogen=4218.5487
mean B0=68.3178 homogen=56865.3409
mean B0=93.8143 homogen=12334.2213
mean B0=83.7315 homogen=26636.6395
mean B0=91.8819 homogen=8815.1618
mean B0=98.0717 homogen=33910.1807
mean B0=91.1079 homogen=10263.1426
mean B0=92.4409 homogen=12337.667
mean B0=84.5977 homogen=3365.6201
mean B0=89.1549 homogen=14068.7057
mean B0=87.0271 homogen=8622.0629
mean B0=90.745 homogen=21131.3094
mean B0=89.3316 homogen=6356.8919
mean B0=87.6557 homogen=14109.6741
mean B0=86.9654 homogen=10974.2305
mean B0=97.8815 homogen=34487.8312
mean B0=96.5855 homogen=29095.8646
mean B0=94.8071 homogen=37535.5751
mean B0=89.6238 homogen=12647.2575
mean B0=88.36 homogen=7830.26
mean B0=84.3409 homogen=22021.6716
mean B0=88.6224 homogen=18116.73
mean B0=95.5567 homogen=15030.6197
mean B0=86.1439 homogen=33635.7193
mean B0=95.2476 homogen=14644.9521
mean B0=90.7027 homogen=6513.9942
mean B0=91.7449 homogen=35756.8845
mean B0=97.1671 homogen=30844.5363
mean B0=96.6918 homogen=28874.3528
mean B0=90.5165 homogen=39841.8644
mean B0=88.387 homogen=8697.3658
mean B0=96.4686 homogen=17540.1738
mean B0=89.3217 homogen=6247.1717
mean B0=93.6588 homogen=23764.4874
mean B0=84.9815 homogen=28157.0906
mean B0=70.9696 homogen=56511.5808
mean B0=84.735 homogen=3970.4485
    63 |     2520 |     34 |  0.000000E+00 |  0.000000E+00 |  0.0008584715 |             f
mean B0=93.3489 homogen=26963.2195
mean B0=95.0619 homogen=16879.5907
mean B0=91.8509 homogen=10440.4385
mean B0=96.2926 homogen=31621.181
mean B0=87.6209 homogen=3910.5373
mean B0=95.5351 homogen=18704.6109
mean B0=93.3311 homogen=14674.6571
mean B0=98.7652 homogen=35097.1508
mean B0=86.1196 homogen=3103.1208
mean B0=91.7151 homogen=11366.1249
mean B0=87.804 homogen=4222.8524
mean B0=89.6205 homogen=16271.5843
mean B0=95.9446 homogen=20079.3866
mean B0=89.1916 homogen=6749.1355
mean B0=95.0879 homogen=15169.8692
mean B0=93.6813 homogen=8823.437
mean B0=98.0883 homogen=32601.5109
mean B0=87.6206 homogen=3917.4061
mean B0=89.0742 homogen=10840.3706
mean B0=82.7028 homogen=15442.591
mean B0=91.2942 homogen=22161.5376
mean B0=96.5231 homogen=28933.1215
mean B0=93.8207 homogen=10571.015
mean B0=96.145 homogen=18639.1235
mean B0=78.0498 homogen=132656.4015
mean B0=97.5951 homogen=32078.4787
mean B0=93.7465 homogen=16227.4421
mean B0=62.9455 homogen=79249.3335
mean B0=84.5608 homogen=3462.3606
mean B0=92.4708 homogen=10318.0564
mean B0=79.8828 homogen=20182.8783
mean B0=89.8188 homogen=13154.9022
mean B0=93.8143 homogen=12334.2213
mean B0=87.3429 homogen=4330.0169
mean B0=89.3306 homogen=6270.1423
mean B0=90.7834 homogen=16087.0425
mean B0=98.0712 homogen=33913.6329
mean B0=96.6455 homogen=28573.4286
mean B0=90.9462 homogen=13148.5934
mean B0=98.3067 homogen=18438.6044
    64 |     2560 |     35 |  0.000000E+00 |  0.000000E+00 |  0.0037633275 |         ideal
mean B0=96.0651 homogen=15266.7307
mean B0=89.634 homogen=13522.7185
mean B0=78.2319 homogen=137207.9079
mean B0=78.1766 homogen=13744.5484
mean B0=92.612 homogen=9783.8067
mean B0=95.9697 homogen=26777.2924
mean B0=92.7327 homogen=36082.3768
mean B0=87.8042 homogen=4218.6241
mean B0=91.7938 homogen=19606.0944
mean B0=87.6633 homogen=4148.1736
mean B0=89.4422 homogen=6299.8204
mean B0=70.2038 homogen=57385.2006
mean B0=87.6163 homogen=3914.4311
mean B0=86.7692 homogen=18172.9167
mean B0=96.6918 homogen=28874.3528
mean B0=96.6455 homogen=28572.2111
mean B0=98.0653 homogen=32576.4353
mean B0=92.5803 homogen=14165.5153
mean B0=92.0404 homogen=12440.554
mean B0=78.4016 homogen=18083.4861
mean B0=93.8231 homogen=10570.0754
mean B0=67.9967 homogen=72709.4241
mean B0=94.3949 homogen=12685.5075
mean B0=89.5289 homogen=5966.5463
mean B0=87.6734 homogen=5579.8707
mean B0=79.5501 homogen=27619.0754
mean B0=85.8576 homogen=3250.8889
mean B0=87.6208 homogen=3910.4694
mean B0=91.0981 homogen=20984.864
mean B0=96.5979 homogen=28824.9762
mean B0=89.3283 homogen=6255.0384
mean B0=97.9325 homogen=29188.6497
mean B0=91.8873 homogen=8829.1343
mean B0=94.4266 homogen=18791.8948
mean B0=89.3217 homogen=6247.1717
mean B0=98.0883 homogen=32601.5109
mean B0=87.899 homogen=9730.4489
mean B0=77.7962 homogen=72624.0387
mean B0=91.1753 homogen=15060.4044
mean B0=93.9327 homogen=13857.0886
    65 |     2600 |     40 |  0.000000E+00 |  0.000000E+00 |  0.0038419836 |             f
mean B0=93.9118 homogen=16572.371
mean B0=95.977 homogen=25453.518
mean B0=90.9565 homogen=16463.3592
mean B0=90.2158 homogen=17848.4501
mean B0=89.283 homogen=7462.2794
mean B0=91.7931 homogen=8608.8766
mean B0=97.0418 homogen=17478.846
mean B0=87.4497 homogen=4253.8779
mean B0=94.6065 homogen=18663.4475
mean B0=78.5777 homogen=19027.5493
mean B0=88.1073 homogen=5943.9571
mean B0=94.5557 homogen=22526.0415
mean B0=88.669 homogen=9186.439
mean B0=97.7225 homogen=22878.1677
mean B0=89.3279 homogen=6256.8718
mean B0=87.0333 homogen=9033.0859
mean B0=86.6057 homogen=8770.3335
mean B0=90.5677 homogen=7108.3572
mean B0=88.3411 homogen=27883.8828
mean B0=96.6435 homogen=29074.7996
mean B0=94.6575 homogen=26272.8239
mean B0=96.4275 homogen=16251.8924
mean B0=89.2198 homogen=13878.9017
mean B0=92.9852 homogen=16040.997
mean B0=89.327 homogen=6262.7845
mean B0=96.0472 homogen=20395.3825
mean B0=89.305 homogen=9895.2592
mean B0=98.2238 homogen=33794.9502
mean B0=84.3031 homogen=38979.2893
mean B0=96.0093 homogen=27783.3552
mean B0=93.4889 homogen=13381.4842
mean B0=97.3598 homogen=21365.9593
mean B0=90.883 homogen=10051.2629
mean B0=95.6081 homogen=21591.5128
mean B0=89.3215 homogen=6247.0723
mean B0=96.2761 homogen=11398.5081
mean B0=90.2155 homogen=12091.9754
mean B0=91.8805 homogen=9729.0655
mean B0=79.1058 homogen=137550.4881
mean B0=87.6643 homogen=4140.5647
    66 |     2640 |     40 |  0.000000E+00 |  0.000000E+00 |  0.0035882126 |         ideal
mean B0=89.0693 homogen=31549.4182
mean B0=88.8715 homogen=15024.7378
mean B0=92.5901 homogen=29500.1253
mean B0=97.9135 homogen=35026.0069
mean B0=89.052 homogen=10210.8851
mean B0=92.9234 homogen=9519.7098
mean B0=71.2564 homogen=58556.0329
mean B0=88.5294 homogen=19959.9408
mean B0=92.9026 homogen=15821.3364
mean B0=91.9599 homogen=9062.9127
mean B0=85.348 homogen=13861.0289
mean B0=70.7027 homogen=54685.0748
mean B0=86.1109 homogen=3458.2838
mean B0=88.1364 homogen=5996.4564
mean B0=89.3282 homogen=6257.6698
mean B0=97.0101 homogen=18254.4715
mean B0=89.7524 homogen=11700.9868
mean B0=71.5722 homogen=48417.2014
mean B0=78.3185 homogen=13072.5984
mean B0=92.6216 homogen=14290.6823
mean B0=94.1921 homogen=13962.3263
mean B0=89.1538 homogen=10698.4575
mean B0=90.5258 homogen=18960.4368
mean B0=96.1334 homogen=18520.964
mean B0=76.5972 homogen=31158.333
mean B0=91.9113 homogen=11795.0153
mean B0=95.2051 homogen=14564.1794
mean B0=97.5183 homogen=24706.1555
mean B0=94.3722 homogen=21468.5242
mean B0=88.2881 homogen=8767.467
mean B0=90.5578 homogen=36559.4933
mean B0=98.2238 homogen=33794.9502
mean B0=89.4459 homogen=6468.3225
mean B0=87.7751 homogen=4217.4059
mean B0=89.3285 homogen=6255.443
mean B0=98.1812 homogen=33206.7792
mean B0=93.0548 homogen=12049.1234
mean B0=86.8017 homogen=13755.8082
mean B0=96.5808 homogen=20796.8699
mean B0=91.9659 homogen=50437.1154
    67 |     2680 |     40 |  0.000000E+00 |  0.000000E+00 |  0.0030100600 |             f
mean B0=88.3545 homogen=6998.6279
mean B0=93.5102 homogen=13554.9523
mean B0=96.9601 homogen=19609.2562
mean B0=89.8143 homogen=10861.6194
mean B0=93.0592 homogen=18406.3927
mean B0=89.4762 homogen=15184.2138
mean B0=96.1334 homogen=18520.964
mean B0=90.5766 homogen=6615.2145
mean B0=95.2471 homogen=14645.4217
mean B0=97.1741 homogen=23403.5708
mean B0=88.0135 homogen=12720.8367
mean B0=95.2257 homogen=14725.5715
mean B0=98.0387 homogen=32614.3561
mean B0=98.2238 homogen=33794.9502
mean B0=94.0974 homogen=14608.8485
mean B0=91.8664 homogen=8791.951
mean B0=95.8315 homogen=17309.4992
mean B0=81.7614 homogen=12677.5083
mean B0=87.7258 homogen=4193.0329
mean B0=97.1593 homogen=45214.4408
mean B0=89.7125 homogen=7914.453
mean B0=93.5102 homogen=12746.0198
mean B0=92.7807 homogen=9229.5494
mean B0=78.9848 homogen=27409.3175
mean B0=91.6535 homogen=16334.993
mean B0=93.6762 homogen=16644.9078
mean B0=87.8042 homogen=4218.6241
mean B0=88.0146 homogen=4897.15
mean B0=91.7932 homogen=8612.9369
mean B0=90.1085 homogen=13497.355
mean B0=89.0184 homogen=9513.0779
mean B0=90.8147 homogen=8600.5937
mean B0=81.6811 homogen=5555.2369
mean B0=98.9071 homogen=35196.4982
mean B0=98.3459 homogen=29477.8882
mean B0=91.8877 homogen=8836.6133
mean B0=93.3536 homogen=13494.8631
mean B0=94.207 homogen=39265.0012
mean B0=70.6884 homogen=54447.7064
mean B0=87.1922 homogen=14311.2734
    68 |     2720 |     40 |  0.000000E+00 |  0.000000E+00 |  0.0022340911 |             f
mean B0=86.0759 homogen=146811.0803
mean B0=92.1498 homogen=8848.0164
mean B0=88.8625 homogen=4493.012
mean B0=96.6732 homogen=22942.4746
mean B0=89.1661 homogen=13645.4134
mean B0=97.7107 homogen=32344.0671
mean B0=86.557 homogen=83334.0735
mean B0=95.2252 homogen=12611.1479
mean B0=79.2533 homogen=58281.617
mean B0=90.1905 homogen=88912.5935
mean B0=96.094 homogen=18467.5272
mean B0=96.7276 homogen=29417.9376
mean B0=92.1905 homogen=8435.0156
mean B0=91.8426 homogen=8749.5762
mean B0=88.6164 homogen=9630.4791
mean B0=92.7531 homogen=15574.1825
mean B0=88.4288 homogen=14221.9198
mean B0=85.2644 homogen=26005.4734
mean B0=89.0695 homogen=10816.0585
mean B0=89.5097 homogen=9840.2422
mean B0=85.4481 homogen=9234.4172
mean B0=94.9048 homogen=17657.9365
mean B0=89.4889 homogen=98410.397
mean B0=93.3769 homogen=17800.3095
mean B0=89.6446 homogen=9831.4631
mean B0=79.9813 homogen=133630.9745
mean B0=92.5985 homogen=20230.4725
mean B0=92.768 homogen=11167.5353
mean B0=80.1028 homogen=157789.073
mean B0=89.6083 homogen=23369.1068
mean B0=88.171 homogen=6069.4678
mean B0=85.1507 homogen=38762.9197
mean B0=92.095 homogen=27193.2647
mean B0=87.6268 homogen=3908.9729
mean B0=95.3026 homogen=15862.5971
mean B0=95.2064 homogen=12913.1123
mean B0=88.4342 homogen=6032.5766
mean B0=90.4899 homogen=15856.901
mean B0=98.6776 homogen=30325.6559
mean B0=89.9866 homogen=11136.2504
    69 |     2760 |     34 |  0.000000E+00 |  0.000000E+00 |  0.0059503556 |             f
mean B0=98.694 homogen=17901.0531
mean B0=87.7374 homogen=4104.9528
mean B0=90.7341 homogen=6563.0915
mean B0=93.7746 homogen=25065.6974
mean B0=88.1389 homogen=4719.9572
mean B0=92.7615 homogen=9417.0658
mean B0=96.1889 homogen=18631.615
mean B0=96.5127 homogen=32656.845
mean B0=98.2314 homogen=27150.4661
mean B0=88.105 homogen=5872.5856
mean B0=92.6946 homogen=17652.2291
mean B0=87.8136 homogen=4407.4137
mean B0=89.7943 homogen=8603.8753
mean B0=89.0469 homogen=11177.0378
mean B0=96.7276 homogen=29417.9376
mean B0=98.0497 homogen=32618.054
mean B0=86.8453 homogen=16091.0667
mean B0=96.1656 homogen=18253.4302
mean B0=94.6455 homogen=11966.3594
mean B0=94.7038 homogen=18156.936
mean B0=82.7082 homogen=90125.1759
mean B0=88.5013 homogen=6430.1239
mean B0=87.5981 homogen=3877.6642
mean B0=87.892 homogen=19925.8874
mean B0=95.2252 homogen=12610.8698
mean B0=96.6902 homogen=22738.4809
mean B0=98.1212 homogen=32943.2645
mean B0=89.7655 homogen=6187.9203
mean B0=86.2161 homogen=5924.3211
mean B0=97.0376 homogen=19715.0327
mean B0=94.4472 homogen=14979.598
mean B0=91.3997 homogen=9689.87
mean B0=96.3019 homogen=31088.9794
mean B0=96.8837 homogen=39892.627
mean B0=88.1364 homogen=5996.4564
mean B0=97.7477 homogen=32322.1381
mean B0=96.7964 homogen=24727.1262
mean B0=93.4615 homogen=11407.818
mean B0=94.4765 homogen=13409.9667
mean B0=90.7126 homogen=18168.4342
    70 |     2800 |     40 |  0.000000E+00 |  0.000000E+00 |  0.0010760807 |             f
mean B0=89.4178 homogen=6250.1596
mean B0=98.7892 homogen=29252.0725
mean B0=86.9375 homogen=4282.2955
mean B0=88.1071 homogen=5943.5522
mean B0=91.7055 homogen=22583.7668
mean B0=86.3529 homogen=5727.3972
mean B0=89.1315 homogen=38461.3194
mean B0=88.0192 homogen=5481.7607
mean B0=89.0213 homogen=9454.1209
mean B0=97.7097 homogen=22903.0892
mean B0=89.4032 homogen=9836.837
mean B0=98.2296 homogen=28233.0956
mean B0=80.2901 homogen=47938.9222
mean B0=98.1455 homogen=32456.2208
mean B0=91.3274 homogen=9376.7811
mean B0=98.8157 homogen=34607.3551
mean B0=99.2307 homogen=31301.125
mean B0=98.6005 homogen=29314.8847
mean B0=87.1188 homogen=17560.6476
mean B0=76.2228 homogen=136699.6155
mean B0=95.4451 homogen=19297.2992
mean B0=91.5954 homogen=8032.6135
mean B0=87.8151 homogen=4148.6391
mean B0=91.0917 homogen=17865.7588
mean B0=94.9414 homogen=15722.296
mean B0=87.6986 homogen=13769.3018
mean B0=97.4966 homogen=21527.0173
mean B0=88.4029 homogen=9150.8524
mean B0=88.446 homogen=5954.8799
mean B0=98.4902 homogen=30558.7337
mean B0=84.4159 homogen=21831.5113
mean B0=90.5762 homogen=8397.9897
mean B0=87.3245 homogen=17530.7698
mean B0=92.1719 homogen=8537.05
mean B0=77.7339 homogen=142718.6839
mean B0=98.1805 homogen=33202.2895
mean B0=68.1852 homogen=76064.0264
mean B0=94.8156 homogen=15518.6011
mean B0=97.0036 homogen=24983.3353
mean B0=88.1214 homogen=5812.6239
    71 |     2840 |     32 |  0.000000E+00 |  0.000000E+00 |  0.0767935136 |         ideal
mean B0=84.7864 homogen=26008.7582
mean B0=92.1976 homogen=8515.4793
mean B0=86.4368 homogen=12327.9774
mean B0=90.308 homogen=5900.5238
mean B0=96.0853 homogen=24206.7675
mean B0=95.6553 homogen=15899.0052
mean B0=92.8959 homogen=24764.9314
mean B0=83.2155 homogen=80643.5839
mean B0=95.5448 homogen=16118.2115
mean B0=93.7438 homogen=16643.8712
mean B0=98.3264 homogen=27079.1725
mean B0=87.3097 homogen=6938.4646
mean B0=94.3216 homogen=12749.1565
mean B0=88.9507 homogen=4757.6449
mean B0=89.4257 homogen=6264.2676
mean B0=93.4622 homogen=26568.8251
mean B0=98.2238 homogen=33794.875
mean B0=97.1668 homogen=23572.9647
mean B0=91.8546 homogen=6897.5971
mean B0=86.4258 homogen=21794.7985
mean B0=97.5121 homogen=21393.292
mean B0=93.8176 homogen=10493.0613
mean B0=96.6379 homogen=25089.1915
mean B0=97.4508 homogen=21512.973
mean B0=89.9585 homogen=37391.8359
mean B0=90.5656 homogen=5315.3375
mean B0=84.2669 homogen=74060.3609
mean B0=87.7198 homogen=4098.4373
mean B0=88.5229 homogen=6925.575
mean B0=94.6302 homogen=11200.9079
mean B0=97.9407 homogen=23629.9355
mean B0=93.6467 homogen=7273.5758
mean B0=89.9215 homogen=20982.1019
mean B0=86.6902 homogen=4409.5252
mean B0=92.7722 homogen=9207.5066
mean B0=84.4115 homogen=18661.2175
mean B0=95.2252 homogen=12611.1479
mean B0=89.2375 homogen=9833.0463
mean B0=88.2191 homogen=94372.3205
mean B0=87.8038 homogen=4228.7304
    72 |     2880 |     37 |  0.000000E+00 |  0.000000E+00 |  0.0087642138 |             f
mean B0=90.7735 homogen=15476.802
mean B0=94.5353 homogen=11181.1577
mean B0=98.1171 homogen=24378.7939
mean B0=96.1435 homogen=18172.8539
mean B0=94.2262 homogen=16527.0671
mean B0=88.8574 homogen=44679.0347
mean B0=66.0586 homogen=189679.4831
mean B0=95.215 homogen=12646.9348
mean B0=96.8103 homogen=17375.12
mean B0=95.2889 homogen=14892.4259
mean B0=89.1305 homogen=96650.2987
mean B0=96.1208 homogen=23987.5355
mean B0=92.0805 homogen=48815.4023
mean B0=87.7195 homogen=4096.1326
mean B0=95.2165 homogen=27147.9525
mean B0=88.7013 homogen=6146.1012
mean B0=86.2936 homogen=94162.5502
mean B0=92.5896 homogen=12640.6735
mean B0=89.1613 homogen=11088.2433
mean B0=85.3635 homogen=28906.8943
mean B0=90.2924 homogen=12277.9131
mean B0=90.3866 homogen=6097.5951
mean B0=87.6149 homogen=6452.0163
mean B0=97.7441 homogen=22981.8741
mean B0=97.2087 homogen=22906.0847
mean B0=91.8781 homogen=16884.8903
mean B0=89.8534 homogen=9215.537
mean B0=97.0482 homogen=19667.8637
mean B0=87.743 homogen=4166.457
mean B0=96.9705 homogen=19515.1655
mean B0=98.1753 homogen=22431.0377
mean B0=94.1748 homogen=11634.465
mean B0=95.8715 homogen=12806.9921
mean B0=87.8044 homogen=4221.1968
mean B0=95.361 homogen=14041.0104
mean B0=81.8798 homogen=13400.8607
mean B0=98.8899 homogen=56274.1997
mean B0=84.5718 homogen=18050.0769
mean B0=89.2857 homogen=11652.1443
mean B0=94.6689 homogen=10995.3113
    73 |     2920 |     40 |  0.000000E+00 |  0.000000E+00 |  0.0015793846 |             f
mean B0=92.4038 homogen=16500.6478
mean B0=97.347 homogen=21155.0921
mean B0=93.3929 homogen=11792.2449
mean B0=84.8615 homogen=16236.3084
mean B0=96.9772 homogen=19625.4208
mean B0=88.1148 homogen=5763.7569
mean B0=87.1253 homogen=35911.2851
mean B0=99.6412 homogen=29394.4629
mean B0=91.741 homogen=20109.9616
mean B0=89.5181 homogen=12329.4684
mean B0=92.443 homogen=21812.8321
mean B0=98.5467 homogen=28344.5697
mean B0=91.7888 homogen=7488.5565
mean B0=95.2212 homogen=12599.247
mean B0=95.224 homogen=12607.3524
mean B0=92.7827 homogen=9251.7482
mean B0=92.6355 homogen=12949.6985
mean B0=88.0948 homogen=5166.5619
mean B0=93.104 homogen=9330.1215
mean B0=78.0915 homogen=31363.4368
mean B0=99.6266 homogen=18653.3794
mean B0=96.1783 homogen=18434.4954
mean B0=87.0602 homogen=29662.2588
mean B0=94.841 homogen=22915.786
mean B0=90.8009 homogen=6616.4565
mean B0=94.6376 homogen=11147.0847
mean B0=90.686 homogen=6475.9973
mean B0=91.7687 homogen=10006.5007
mean B0=92.2493 homogen=22865.5463
mean B0=88.6918 homogen=14009.546
mean B0=89.076 homogen=17021.6523
mean B0=88.2329 homogen=10550.7246
mean B0=90.6165 homogen=6970.9095
mean B0=98.1783 homogen=22442.6594
mean B0=86.121 homogen=3099.5823
mean B0=93.8109 homogen=10538.2737
mean B0=89.9522 homogen=17932.2765
mean B0=95.1402 homogen=12323.5671
mean B0=91.8921 homogen=6383.007
mean B0=96.1368 homogen=18169.4945
    74 |     2960 |     40 |  0.000000E+00 |  0.000000E+00 |  0.0303654972 |         ideal
mean B0=93.0971 homogen=9302.3802
mean B0=94.9957 homogen=13032.0279
mean B0=86.121 homogen=3099.5823
mean B0=95.7074 homogen=14110.6204
mean B0=97.3934 homogen=21489.3031
mean B0=98.5579 homogen=28276.8794
mean B0=95.2645 homogen=12709.7848
mean B0=95.7211 homogen=23417.5542
mean B0=78.3024 homogen=29128.2673
mean B0=94.6497 homogen=11046.8372
mean B0=92.4643 homogen=10446.3984
mean B0=97.2348 homogen=20632.2744
mean B0=96.1889 homogen=18631.615
mean B0=92.6041 homogen=12288.7713
mean B0=96.9905 homogen=19330.9599
mean B0=77.3078 homogen=136270.8067
mean B0=99.8877 homogen=26003.4676
mean B0=92.6855 homogen=17791.9444
mean B0=93.455 homogen=13365.8705
mean B0=90.9599 homogen=5644.8161
mean B0=86.3388 homogen=93014.0795
mean B0=88.0031 homogen=5493.9329
mean B0=96.9705 homogen=19515.1655
mean B0=91.1771 homogen=21578.0686
mean B0=97.4786 homogen=21276.6744
mean B0=86.887 homogen=20783.2101
mean B0=92.7453 homogen=9134.249
mean B0=93.579 homogen=10970.6174
mean B0=84.2022 homogen=85055.4692
mean B0=92.1795 homogen=8530.607
mean B0=93.5271 homogen=13140.9661
mean B0=96.1815 homogen=10502.4136
mean B0=95.1402 homogen=12323.5671
mean B0=88.2373 homogen=22838.1044
mean B0=98.0068 homogen=25784.2339
mean B0=91.8496 homogen=6854.9051
mean B0=85.4047 homogen=41681.2553
mean B0=92.5376 homogen=21492.5685
mean B0=87.9296 homogen=6189.2568
mean B0=87.9739 homogen=4917.3956
    75 |     3000 |     40 |  0.000000E+00 |  0.000000E+00 |  0.0009500177 |             f
mean B0=89.6197 homogen=14300.9558
mean B0=88.246 homogen=9640.9272
mean B0=98.2239 homogen=25064.7382
mean B0=94.855 homogen=13540.5295
mean B0=98.8916 homogen=29618.1888
mean B0=90.675 homogen=6447.3479
mean B0=88.4653 homogen=4977.8611
mean B0=92.7882 homogen=14360.5076
mean B0=93.4026 homogen=30094.7275
mean B0=89.1286 homogen=12519.1921
mean B0=92.4259 homogen=11063.0075
mean B0=95.1498 homogen=12346.7922
mean B0=91.8156 homogen=9618.5282
mean B0=94.3648 homogen=12099.6395
mean B0=96.1872 homogen=18619.7883
mean B0=94.8607 homogen=13912.0901
mean B0=90.8845 homogen=6578.5425
mean B0=97.2587 homogen=23166.9284
mean B0=97.5287 homogen=22093.3514
mean B0=96.0183 homogen=11749.1263
mean B0=82.7918 homogen=20399.1742
mean B0=92.1595 homogen=8509.3414
mean B0=97.5662 homogen=21175.8117
mean B0=88.4401 homogen=6082.0782
mean B0=84.467 homogen=146480.1635
mean B0=90.3189 homogen=5841.1197
mean B0=92.2072 homogen=8421.1059
mean B0=87.4148 homogen=9176.6384
mean B0=99.1421 homogen=17869.7672
mean B0=90.4484 homogen=16296.8776
mean B0=95.6463 homogen=13356.6529
mean B0=98.1271 homogen=22235.4331
mean B0=99.0732 homogen=25603.4754
mean B0=90.5484 homogen=101963.5073
mean B0=85.9737 homogen=35673.1266
mean B0=89.8408 homogen=16215.1371
mean B0=90.3053 homogen=5899.1243
mean B0=99.8946 homogen=27626.3314
mean B0=95.6311 homogen=16330.0459
mean B0=85.4769 homogen=3076.329
    76 |     3040 |     40 |  0.000000E+00 |  0.000000E+00 |  0.0454697453 |         nadir
mean B0=78.0525 homogen=127799.4251
mean B0=89.242 homogen=5728.9739
mean B0=92.8095 homogen=17571.0011
mean B0=92.1984 homogen=8447.3781
mean B0=99.6049 homogen=29240.7629
mean B0=98.1075 homogen=21875.9775
mean B0=92.7453 homogen=9134.249
mean B0=83.7166 homogen=144512.4406
mean B0=86.0858 homogen=3170.2819
mean B0=95.1408 homogen=12327.6731
mean B0=97.0476 homogen=19662.4023
mean B0=95.6769 homogen=15975.56
mean B0=90.8845 homogen=6578.5425
mean B0=97.5657 homogen=21181.4319
mean B0=93.8397 homogen=10548.3906
mean B0=90.3053 homogen=5967.8328
mean B0=91.8496 homogen=6854.9051
mean B0=99.0627 homogen=27271.3342
mean B0=81.9069 homogen=46494.4791
mean B0=93.1566 homogen=12977.4826
mean B0=95.0122 homogen=17985.8813
mean B0=85.5459 homogen=8094.2831
mean B0=96.5891 homogen=26702.4932
mean B0=94.3624 homogen=35211.6123
mean B0=93.8523 homogen=10580.6173
mean B0=95.2583 homogen=12820.2353
mean B0=93.104 homogen=9330.1215
mean B0=96.8618 homogen=19911.4999
mean B0=88.0527 homogen=4994.6679
mean B0=81.6816 homogen=131408.4674
mean B0=97.2749 homogen=18935.3666
mean B0=94.6292 homogen=10990.0954
mean B0=71.3936 homogen=57367.1956
mean B0=91.8547 homogen=6895.5027
mean B0=85.4628 homogen=3076.8939
mean B0=97.2415 homogen=20880.6382
mean B0=96.1368 homogen=18169.4945
mean B0=97.8897 homogen=24479.0962
mean B0=94.6059 homogen=35846.2597
mean B0=89.6377 homogen=9297.9597
    77 |     3080 |     40 |  0.000000E+00 |  0.000000E+00 |  0.0020104228 |             f
mean B0=97.0296 homogen=26906.8126
mean B0=94.1344 homogen=12022.8453
mean B0=95.7447 homogen=16190.419
mean B0=90.7151 homogen=6508.8355
mean B0=94.042 homogen=11564.1336
mean B0=92.6502 homogen=8271.8748
mean B0=89.6534 homogen=22092.6262
mean B0=91.2666 homogen=16686.2002
mean B0=94.5846 homogen=10984.1532
mean B0=96.6664 homogen=26053.9933
mean B0=96.8143 homogen=24067.4522
mean B0=84.0039 homogen=12176.44
mean B0=99.012 homogen=26594.8205
mean B0=94.6908 homogen=32866.0453
mean B0=96.1132 homogen=18138.3806
mean B0=95.6636 homogen=16045.6891
mean B0=94.4106 homogen=10615.614
mean B0=80.8955 homogen=29018.7097
mean B0=98.1706 homogen=22404.2882
mean B0=97.2151 homogen=20544.4931
mean B0=93.8265 homogen=10576.898
mean B0=91.9964 homogen=10364.024
mean B0=96.1107 homogen=18344.838
mean B0=91.8132 homogen=6828.5528
mean B0=93.246 homogen=34823.5147
mean B0=95.2986 homogen=12731.098
mean B0=95.7443 homogen=16910.5459
mean B0=68.7167 homogen=64634.3049
mean B0=86.6033 homogen=92033.8008
mean B0=94.1827 homogen=10358.0077
mean B0=83.2908 homogen=38530.9534
mean B0=92.9423 homogen=35834.3552
mean B0=90.8896 homogen=6723.5555
mean B0=89.8916 homogen=20499.0033
mean B0=90.3349 homogen=5880.1429
mean B0=88.3242 homogen=5801.8233
mean B0=93.9782 homogen=12597.2707
mean B0=90.2743 homogen=12997.1485
mean B0=93.7817 homogen=10409.359
mean B0=88.0318 homogen=4941.7184
    78 |     3120 |     40 |  0.000000E+00 |  0.000000E+00 |  0.0050697773 |             f
mean B0=73.3808 homogen=142501.6441
mean B0=97.3445 homogen=23502.0878
mean B0=92.5961 homogen=10545.1522
mean B0=95.4542 homogen=12807.9374
mean B0=99.4227 homogen=23251.1404
mean B0=85.7182 homogen=8704.7926
mean B0=90.3956 homogen=6192.287
mean B0=85.6481 homogen=3150.0181
mean B0=92.4104 homogen=15782.4295
mean B0=97.2846 homogen=20651.0208
mean B0=94.0531 homogen=11678.3406
mean B0=98.1075 homogen=21874.4574
mean B0=93.5122 homogen=11339.1185
mean B0=92.2578 homogen=8520.7936
mean B0=97.9312 homogen=23035.1052
mean B0=94.5861 homogen=11559.925
mean B0=92.324 homogen=10159.1803
mean B0=90.4697 homogen=8253.8795
mean B0=89.8377 homogen=33287.0423
mean B0=91.3647 homogen=28581.2426
mean B0=99.5922 homogen=29352.0429
mean B0=99.2641 homogen=25194.5593
mean B0=91.8191 homogen=5810.2993
mean B0=97.425 homogen=21462.9988
mean B0=93.7743 homogen=12900.4458
mean B0=92.1651 homogen=10288.8914
mean B0=93.0947 homogen=9424.8441
mean B0=69.9645 homogen=72320.1863
mean B0=83.101 homogen=13946.7133
mean B0=90.2559 homogen=5690.483
mean B0=94.4369 homogen=14353.367
mean B0=98.1783 homogen=22442.9175
mean B0=92.9803 homogen=9121.1923
mean B0=85.4695 homogen=147353.0789
mean B0=89.8848 homogen=5637.5569
mean B0=88.4653 homogen=4977.8611
mean B0=98.0182 homogen=20278.0233
mean B0=95.2722 homogen=12403.4636
mean B0=95.4636 homogen=28983.0806
mean B0=96.1128 homogen=18526.301
    79 |     3160 |     40 |  0.000000E+00 |  0.000000E+00 |  0.0031587261 |             f
mean B0=89.7068 homogen=13561.2895
mean B0=95.5266 homogen=10251.5264
mean B0=95.2722 homogen=12403.4636
mean B0=84.9942 homogen=32985.5987
mean B0=96.4884 homogen=17121.0955
mean B0=94.9798 homogen=13724.0296
mean B0=89.086 homogen=11312.7308
mean B0=90.8544 homogen=5412.8506
mean B0=88.7632 homogen=16849.3772
mean B0=95.6517 homogen=41584.8137
mean B0=88.4653 homogen=4977.1896
mean B0=92.3128 homogen=8645.3666
mean B0=94.4401 homogen=10775.1107
mean B0=93.3384 homogen=13162.4049
mean B0=97.3758 homogen=18260.5833
mean B0=94.2619 homogen=10382.1315
mean B0=84.6209 homogen=4723.7128
mean B0=95.6645 homogen=15943.2592
mean B0=98.4874 homogen=21730.3796
mean B0=66.2476 homogen=82953.6036
mean B0=75.2329 homogen=222298.8194
mean B0=86.0967 homogen=4747.7527
mean B0=99.6049 homogen=29240.7629
mean B0=95.6355 homogen=13746.2999
mean B0=91.5725 homogen=8095.2354
mean B0=60.1963 homogen=206276.406
mean B0=88.539 homogen=9295.5381
mean B0=92.0287 homogen=9644.9601
mean B0=96.3073 homogen=33696.753
mean B0=89.2416 homogen=17553.5175
mean B0=90.8107 homogen=19833.7356
mean B0=96.9925 homogen=19513.2336
mean B0=94.3919 homogen=10637.1156
mean B0=93.1599 homogen=25106.1642
mean B0=92.725 homogen=10699.614
mean B0=96.954 homogen=25003.5452
mean B0=88.8821 homogen=4899.044
mean B0=90.246 homogen=5671.8363
mean B0=95.6463 homogen=13356.6529
mean B0=99.0627 homogen=27271.3342
    80 |     3200 |     40 |  0.000000E+00 |  0.000000E+00 |  0.0029003132 |             f
mean B0=90.1374 homogen=7761.6736
mean B0=97.3896 homogen=21632.9902
mean B0=97.0806 homogen=16199.6898
mean B0=92.1693 homogen=11311.9207
mean B0=93.5161 homogen=10430.0644
mean B0=94.4106 homogen=10615.614
mean B0=94.5507 homogen=24681.0777
mean B0=94.3933 homogen=10708.2515
mean B0=90.7579 homogen=6393.6397
mean B0=99.6049 homogen=29240.7629
mean B0=90.9868 homogen=6762.47
mean B0=92.363 homogen=8590.7586
mean B0=95.224 homogen=12608.014
mean B0=95.7484 homogen=16194.5956
mean B0=97.4363 homogen=24033.0932
mean B0=92.793 homogen=9325.8157
mean B0=83.6059 homogen=36706.5964
mean B0=94.3179 homogen=12290.5139
mean B0=91.4298 homogen=9626.809
mean B0=92.9502 homogen=27296.3578
mean B0=91.6752 homogen=8042.5399
mean B0=92.5296 homogen=11757.706
mean B0=97.9639 homogen=25493.2069
mean B0=85.1256 homogen=10118.5393
mean B0=91.9332 homogen=18805.7772
mean B0=98.0182 homogen=20278.0233
mean B0=90.7401 homogen=18972.7803
mean B0=98.6023 homogen=21809.5816
mean B0=97.9176 homogen=15624.3559
mean B0=99.0627 homogen=27271.3342
mean B0=86.68 homogen=4556.5222
mean B0=80.286 homogen=137066.5515
mean B0=94.0978 homogen=10077.8852
mean B0=91.6739 homogen=8099.4888
mean B0=94.7328 homogen=12695.1885
mean B0=92.8179 homogen=22007.1119
mean B0=91.9914 homogen=18055.994
mean B0=95.9796 homogen=14450.3611
mean B0=88.5957 homogen=9817.9386
mean B0=90.92 homogen=7156.3057
    81 |     3240 |     40 |  0.000000E+00 |  0.000000E+00 |  0.0022403862 |             f
mean B0=93.5294 homogen=29603.873
mean B0=80.3945 homogen=82102.2546
mean B0=99.6093 homogen=29207.5775
mean B0=92.4094 homogen=10826.3559
mean B0=85.4351 homogen=6093.2499
mean B0=99.02 homogen=27189.909
mean B0=95.6552 homogen=14880.5704
mean B0=94.0728 homogen=10351.8265
mean B0=94.2522 homogen=10857.7604
mean B0=92.4461 homogen=13404.8313
mean B0=98.9966 homogen=21716.4641
mean B0=86.6361 homogen=12372.1597
mean B0=92.9803 homogen=9119.8898
mean B0=96.1275 homogen=13574.1875
mean B0=90.5782 homogen=20227.6901
mean B0=94.4079 homogen=10703.638
mean B0=90.0505 homogen=15695.5745
mean B0=96.1073 homogen=10704.937
mean B0=94.1827 homogen=10358.0077
mean B0=91.9774 homogen=7043.1923
mean B0=87.3384 homogen=46859.4679
mean B0=91.1797 homogen=6955.8737
mean B0=99.0586 homogen=27303.7376
mean B0=92.9896 homogen=9179.1318
mean B0=92.8454 homogen=6558.627
mean B0=93.0828 homogen=106872.9657
mean B0=85.5287 homogen=10101.1562
mean B0=82.2971 homogen=24702.7493
mean B0=100.9407 homogen=32012.5173
mean B0=93.3169 homogen=11268.6418
mean B0=97.3893 homogen=22644.2983
mean B0=92.7666 homogen=32839.1975
mean B0=93.1046 homogen=9330.4967
mean B0=89.6031 homogen=16491.211
mean B0=68.8561 homogen=287383.4589
mean B0=91.8441 homogen=6884.2336
mean B0=88.2424 homogen=14340.3236
mean B0=89.9646 homogen=25267.3825
mean B0=98.0182 homogen=20278.0233
mean B0=62.5211 homogen=92408.0381
    82 |     3280 |     40 |  0.000000E+00 |  0.000000E+00 |  0.0027249995 |             f
mean B0=88.3276 homogen=5908.1682
mean B0=87.8735 homogen=5961.8781
mean B0=93.0698 homogen=9312.7572
mean B0=93.1111 homogen=10779.3311
mean B0=99.4306 homogen=23844.0843
mean B0=93.7632 homogen=13031.2644
mean B0=67.7769 homogen=49893.5142
mean B0=88.1817 homogen=21447.5542
mean B0=94.2179 homogen=10266.797
mean B0=94.5222 homogen=10764.404
mean B0=86.1051 homogen=8777.4107
mean B0=90.2544 homogen=37308.3459
mean B0=88.0688 homogen=5004.1542
mean B0=97.3759 homogen=18260.1234
mean B0=97.7373 homogen=25042.2361
mean B0=90.1499 homogen=7613.637
mean B0=95.9844 homogen=14459.4158
mean B0=92.1389 homogen=26058.6253
mean B0=74.4315 homogen=248862.3722
mean B0=99.0237 homogen=27298.1239
mean B0=97.3783 homogen=20636.2182
mean B0=97.8981 homogen=25988.9654
mean B0=94.2177 homogen=10374.6373
mean B0=89.0446 homogen=15579.9012
mean B0=63.071 homogen=282497.1294
mean B0=97.5471 homogen=30706.3253
mean B0=96.3453 homogen=17013.2773
mean B0=96.3538 homogen=11532.4127
mean B0=81.5007 homogen=21163.9773
mean B0=93.4876 homogen=34464.3001
mean B0=90.9039 homogen=9870.3329
mean B0=88.3393 homogen=14436.4382
mean B0=98.787 homogen=25962.6566
mean B0=92.9803 homogen=9119.8898
mean B0=94.1754 homogen=8030.6505
mean B0=91.7097 homogen=8053.4615
mean B0=98.1759 homogen=22447.8867
mean B0=90.1355 homogen=5631.5217
mean B0=80.5391 homogen=34857.492
mean B0=98.0608 homogen=20279.159
    83 |     3320 |     40 |  0.000000E+00 |  0.000000E+00 |  0.0014064947 |             f
mean B0=94.6497 homogen=11046.8512
mean B0=83.0904 homogen=84090.37
mean B0=97.7074 homogen=21548.6328
mean B0=99.4176 homogen=30203.0483
mean B0=101.8909 homogen=47015.4949
mean B0=92.3671 homogen=12411.1347
mean B0=89.8995 homogen=21543.3442
mean B0=98.5936 homogen=22145.548
mean B0=92.4008 homogen=8742.6575
mean B0=87.8478 homogen=9618.8283
mean B0=95.2772 homogen=14123.8373
mean B0=97.7622 homogen=25269.4264
mean B0=91.8717 homogen=6935.6134
mean B0=93.384 homogen=16738.2734
mean B0=96.3587 homogen=16415.8892
mean B0=86.8691 homogen=9979.0697
mean B0=90.5473 homogen=7972.9037
mean B0=90.0648 homogen=12958.4809
mean B0=98.7947 homogen=26828.5992
mean B0=94.2022 homogen=10236.5819
mean B0=95.9797 homogen=14450.1675
mean B0=93.0714 homogen=11547.9286
mean B0=63.1894 homogen=81392.1287
mean B0=92.4323 homogen=8111.7372
mean B0=99.5535 homogen=27299.6208
mean B0=93.1826 homogen=11839.6526
mean B0=91.8833 homogen=21601.8652
mean B0=98.4822 homogen=24580.5512
mean B0=93.5311 homogen=32398.4271
mean B0=90.028 homogen=6387.4762
mean B0=95.9869 homogen=14480.5559
mean B0=72.0619 homogen=55864.4703
mean B0=95.1603 homogen=12457.393
mean B0=92.1463 homogen=11789.0439
mean B0=95.7581 homogen=13903.2314
mean B0=83.9821 homogen=28248.7483
mean B0=91.8896 homogen=6802.5159
mean B0=82.704 homogen=74238.3049
mean B0=93.7126 homogen=12514.8569
mean B0=93.1205 homogen=9368.6253
    84 |     3360 |     40 |  0.000000E+00 |  0.000000E+00 |  0.1370582231 |         ideal
mean B0=98.0608 homogen=20278.8738
mean B0=91.0269 homogen=7416.4415
mean B0=93.1076 homogen=9340.0978
mean B0=81.7919 homogen=46781.6731
mean B0=90.1815 homogen=5735.5283
mean B0=99.6635 homogen=29419.3573
mean B0=93.0546 homogen=9184.9861
mean B0=95.1402 homogen=12323.5671
mean B0=67.7997 homogen=83396.6958
mean B0=89.6478 homogen=5871.2046
mean B0=97.9315 homogen=20126.8219
mean B0=97.043 homogen=24961.9764
mean B0=92.4127 homogen=31242.9264
mean B0=94.1626 homogen=10278.3989
mean B0=97.0774 homogen=11287.2048
mean B0=97.5183 homogen=31545.1193
mean B0=97.0914 homogen=22145.2037
mean B0=95.7576 homogen=13122.3158
mean B0=100.6108 homogen=39366.0076
mean B0=98.602 homogen=22279.308
mean B0=95.9797 homogen=14451.0145
mean B0=97.3328 homogen=20318.8268
mean B0=96.5002 homogen=17163.9259
mean B0=91.3651 homogen=22549.4259
mean B0=87.9394 homogen=4891.2902
mean B0=92.2513 homogen=7730.9791
mean B0=91.9026 homogen=6969.7895
mean B0=68.512 homogen=78463.2638
mean B0=87.0098 homogen=17810.8638
mean B0=97.1479 homogen=25506.7317
mean B0=88.5849 homogen=24138.5776
mean B0=93.1579 homogen=11485.3581
mean B0=86.9256 homogen=4099.7862
mean B0=97.6539 homogen=22496.5857
mean B0=85.2928 homogen=7768.5116
mean B0=92.3926 homogen=11902.6086
mean B0=85.5639 homogen=18339.3759
mean B0=88.5969 homogen=5745.2547
mean B0=96.8659 homogen=19565.3785
mean B0=99.3078 homogen=30000.8136
    85 |     3400 |     40 |  0.000000E+00 |  0.000000E+00 |  0.0054215823 |             f
mean B0=98.5985 homogen=22176.4756
mean B0=93.3021 homogen=21290.1829
mean B0=94.0702 homogen=14155.8802
mean B0=99.701 homogen=45082.8832
mean B0=94.2495 homogen=10416.4854
mean B0=96.8921 homogen=15233.509
mean B0=97.8875 homogen=20512.7695
mean B0=100.7501 homogen=40640.2416
mean B0=99.8554 homogen=21729.8677
mean B0=93.221 homogen=13780.1156
mean B0=85.2967 homogen=6516.9696
mean B0=81.6916 homogen=12960.1879
mean B0=83.4384 homogen=140860.0057
mean B0=99.8513 homogen=24055.9982
mean B0=94.5023 homogen=10867.5381
mean B0=95.1839 homogen=12348.2503
mean B0=91.6383 homogen=8189.561
mean B0=74.2045 homogen=197944.7203
mean B0=91.8892 homogen=6801.8644
mean B0=89.6402 homogen=20528.3526
mean B0=97.371 homogen=18237.3756
mean B0=90.7315 homogen=20663.115
mean B0=89.3555 homogen=14070.7209
mean B0=92.2443 homogen=11777.1041
mean B0=94.0103 homogen=11618.742
mean B0=97.1203 homogen=22605.1017
mean B0=94.3705 homogen=18334.4699
mean B0=95.5092 homogen=12845.9044
mean B0=92.2498 homogen=7725.7972
mean B0=96.3197 homogen=20435.932
mean B0=93.6658 homogen=11216.2885
mean B0=91.6409 homogen=11335.2717
mean B0=99.4096 homogen=27300.8491
mean B0=98.539 homogen=26755.7048
mean B0=85.1677 homogen=21652.7974
mean B0=90.7225 homogen=6409.9298
mean B0=66.1895 homogen=83706.6349
mean B0=95.6371 homogen=16275.096
mean B0=94.099 homogen=10082.8375
mean B0=92.7456 homogen=13293.9428
    86 |     3440 |     40 |  0.000000E+00 |  0.000000E+00 |  0.0015499166 |             f
mean B0=96.853 homogen=18602.8863
mean B0=93.0854 homogen=9351.6019
mean B0=97.3462 homogen=17452.8058
mean B0=90.9807 homogen=12567.2174
mean B0=93.1699 homogen=9029.9324
mean B0=90.4584 homogen=101205.792
mean B0=97.8001 homogen=19648.7554
mean B0=98.1233 homogen=21998.538
mean B0=98.6026 homogen=22400.0124
mean B0=91.1386 homogen=6976.8896
mean B0=70.0551 homogen=180176.197
mean B0=91.5602 homogen=31327.7991
mean B0=89.3037 homogen=25182.613
mean B0=86.4675 homogen=6072.3888
mean B0=91.7233 homogen=17269.4446
mean B0=98.5936 homogen=22145.548
mean B0=97.3936 homogen=18184.3908
mean B0=88.868 homogen=6747.5156
mean B0=97.3414 homogen=18634.8129
mean B0=87.7324 homogen=6166.7371
mean B0=85.5248 homogen=53753.5166
mean B0=90.7909 homogen=6392.4635
mean B0=99.4101 homogen=27304.9484
mean B0=93.5244 homogen=11941.4292
mean B0=91.151 homogen=7774.7095
mean B0=93.7229 homogen=10514.3046
mean B0=98.5826 homogen=24958.4666
mean B0=92.5744 homogen=27288.4243
mean B0=90.1327 homogen=5699.9356
mean B0=95.589 homogen=13524.0921
mean B0=94.5952 homogen=10953.324
mean B0=96.2832 homogen=20178.7935
mean B0=95.5709 homogen=17487.7017
mean B0=85.131 homogen=7159.5621
mean B0=96.2262 homogen=19415.7362
mean B0=85.9857 homogen=166868.9819
mean B0=94.6327 homogen=11113.5524
mean B0=93.0441 homogen=11240.8442
mean B0=96.7547 homogen=17406.8577
mean B0=101.7029 homogen=51007.0495
    87 |     3480 |     40 |  0.000000E+00 |  0.000000E+00 |  0.0027362820 |             f
mean B0=99.0901 homogen=16830.9224
mean B0=90.2559 homogen=5690.483
mean B0=98.3364 homogen=23512.9071
mean B0=97.6726 homogen=19876.9186
mean B0=85.2645 homogen=7650.6262
mean B0=95.1878 homogen=37781.5026
mean B0=99.297 homogen=22756.3525
mean B0=92.4141 homogen=10810.3624
mean B0=96.197 homogen=43086.6702
mean B0=93.7896 homogen=13167.0793
mean B0=85.4561 homogen=3084.6925
mean B0=95.629 homogen=20701.7803
mean B0=99.4776 homogen=28819.7271
mean B0=94.8733 homogen=17153.3845
mean B0=89.0568 homogen=24616.3251
mean B0=89.8568 homogen=14397.1232
mean B0=91.8892 homogen=6801.8644
mean B0=97.3986 homogen=18188.7415
mean B0=100.2996 homogen=45746.4151
mean B0=88.7533 homogen=21114.8
mean B0=95.6393 homogen=13307.6157
mean B0=97.8001 homogen=19648.7554
mean B0=97.2052 homogen=19140.5584
mean B0=99.4972 homogen=29232.2668
mean B0=98.1157 homogen=43033.4824
mean B0=90.9645 homogen=22050.097
mean B0=94.6495 homogen=11049.1452
mean B0=92.7719 homogen=7920.6725
mean B0=84.4579 homogen=89344.9773
mean B0=90.1272 homogen=13763.3645
mean B0=95.1382 homogen=13403.1872
mean B0=94.8091 homogen=14723.0435
mean B0=94.063 homogen=11760.6473
mean B0=97.4752 homogen=19083.9372
mean B0=97.4143 homogen=21181.0888
mean B0=90.4328 homogen=13184.4544
mean B0=92.2498 homogen=7725.7972
mean B0=99.0007 homogen=34159.9742
mean B0=97.6282 homogen=61077.0846
mean B0=96.4444 homogen=17081.5399
    88 |     3520 |     40 |  0.000000E+00 |  0.000000E+00 |  0.0024602599 |             f
mean B0=91.4905 homogen=6448.307
mean B0=95.2049 homogen=12789.9663
mean B0=101.0968 homogen=44685.7269
mean B0=94.3258 homogen=12406.7463
mean B0=94.7964 homogen=12453.5326
mean B0=69.6138 homogen=75641.7615
mean B0=77.9754 homogen=138549.8322
mean B0=101.8095 homogen=36113.0724
mean B0=90.1221 homogen=5797.2056
mean B0=92.2197 homogen=7706.1591
mean B0=88.0998 homogen=20769.8109
mean B0=93.0361 homogen=9485.2036
mean B0=95.1272 homogen=12568.4065
mean B0=103.0191 homogen=45987.9696
mean B0=97.3931 homogen=18187.2476
mean B0=80.2923 homogen=44451.8852
mean B0=91.5587 homogen=29760.0904
mean B0=85.9988 homogen=25305.6385
mean B0=94.9415 homogen=47512.8542
mean B0=98.1149 homogen=21903.7057
mean B0=99.6703 homogen=29653.9275
mean B0=97.7596 homogen=21594.2421
mean B0=86.8551 homogen=124813.0305
mean B0=94.4776 homogen=11426.3478
mean B0=94.1396 homogen=13546.1997
mean B0=93.3256 homogen=19312.8799
mean B0=97.5779 homogen=18237.4989
mean B0=72.5479 homogen=52662.3779
mean B0=88.4798 homogen=5232.81
mean B0=85.5063 homogen=3172.2246
mean B0=99.9181 homogen=22182.2564
mean B0=85.2928 homogen=7768.5116
mean B0=87.9795 homogen=14263.3932
mean B0=97.4967 homogen=24174.0671
mean B0=92.5439 homogen=9657.5749
mean B0=70.3189 homogen=60512.1583
mean B0=93.1535 homogen=12306.7301
mean B0=90.6822 homogen=6283.2563
mean B0=92.3122 homogen=11709.1663
mean B0=99.6478 homogen=18443.8369
    89 |     3560 |     40 |  0.000000E+00 |  0.000000E+00 |  0.0643170034 |         ideal
mean B0=90.0865 homogen=25152.6266
mean B0=100.3124 homogen=25951.65
mean B0=95.5086 homogen=13387.0086
mean B0=97.4599 homogen=46154.4281
mean B0=94.7414 homogen=10889.4021
mean B0=90.9185 homogen=7523.9514
mean B0=96.7808 homogen=17453.544
mean B0=97.2889 homogen=16764.8347
mean B0=94.5844 homogen=10967.7244
mean B0=84.5224 homogen=144951.5091
mean B0=102.8401 homogen=41175.113
mean B0=89.6339 homogen=14895.1834
mean B0=91.0349 homogen=6650.7459
mean B0=86.6174 homogen=13456.7632
mean B0=100.3773 homogen=25740.6543
mean B0=98.0608 homogen=20279.159
mean B0=62.9945 homogen=294651.7852
mean B0=89.3919 homogen=6370.9454
mean B0=85.6315 homogen=3027.1991
mean B0=98.9187 homogen=15636.3494
mean B0=96.3587 homogen=16415.8892
mean B0=101.4553 homogen=43295.1798
mean B0=93.3853 homogen=11584.9586
mean B0=98.1496 homogen=22020.7901
mean B0=90.4786 homogen=6796.7155
mean B0=90.8135 homogen=6502.7298
mean B0=98.0818 homogen=21829.4981
mean B0=92.6431 homogen=8913.173
mean B0=99.6706 homogen=29654.6931
mean B0=88.2069 homogen=5733.8851
mean B0=94.7405 homogen=11820.8954
mean B0=90.3135 homogen=15793.7085
mean B0=88.2777 homogen=7874.6872
mean B0=91.8219 homogen=15697.3394
mean B0=97.6945 homogen=25254.071
mean B0=95.9869 homogen=14480.5559
mean B0=82.7012 homogen=24468.5894
mean B0=95.6377 homogen=13346.309
mean B0=98.3432 homogen=13749.3907
mean B0=95.1097 homogen=12191.7913
    90 |     3600 |     40 |  0.000000E+00 |  0.000000E+00 |  0.0088924938 |         nadir
mean B0=77.3449 homogen=20352.5833
mean B0=97.8089 homogen=18705.0513
mean B0=90.2483 homogen=5610.9408
mean B0=82.8031 homogen=21186.7478
mean B0=96.866 homogen=23899.7406
mean B0=89.1093 homogen=13660.4922
mean B0=87.5474 homogen=10750.8269
mean B0=70.0966 homogen=70558.2466
mean B0=85.6056 homogen=3298.5088
mean B0=100.2642 homogen=25868.4265
mean B0=85.0101 homogen=16132.3357
mean B0=95.9876 homogen=14476.528
mean B0=81.3361 homogen=37375.886
mean B0=94.4017 homogen=12718.7446
mean B0=92.0777 homogen=7547.2022
mean B0=91.7818 homogen=10028.8245
mean B0=97.5713 homogen=18233.1522
mean B0=98.6026 homogen=22400.0124
mean B0=102.9517 homogen=40704.3493
mean B0=100.6198 homogen=39422.8563
mean B0=91.2348 homogen=10895.8415
mean B0=95.9442 homogen=13921.6113
mean B0=72.4305 homogen=56251.2425
mean B0=87.5838 homogen=3918.7537
mean B0=92.0277 homogen=9409.773
mean B0=89.4263 homogen=12841.7207
mean B0=89.255 homogen=11735.7374
mean B0=97.3936 homogen=18184.3908
mean B0=78.3253 homogen=35240.4534
mean B0=98.4289 homogen=24085.8987
mean B0=94.0958 homogen=10084.7795
mean B0=95.6375 homogen=13307.3523
mean B0=94.7363 homogen=10777.9709
mean B0=96.8339 homogen=20718.8392
mean B0=96.0553 homogen=17008.9804
mean B0=86.9363 homogen=24423.9242
mean B0=103.0273 homogen=45954.6843
mean B0=95.1097 homogen=12191.7913
mean B0=93.0721 homogen=9243.0894
mean B0=100.6774 homogen=29675.7309
    91 |     3640 |     40 |  0.000000E+00 |  0.000000E+00 |  0.0025587143 |             f
mean B0=95.5306 homogen=13154.834
mean B0=93.7563 homogen=9964.1985
mean B0=92.9499 homogen=11045.6949
mean B0=97.9624 homogen=20122.1889
mean B0=95.4153 homogen=16321.2655
mean B0=90.6822 homogen=6283.2563
mean B0=97.1214 homogen=25009.5536
mean B0=103.0098 homogen=41745.5686
mean B0=91.4527 homogen=14138.6927
mean B0=93.3506 homogen=14519.4004
mean B0=99.4383 homogen=23144.2252
mean B0=99.4431 homogen=27312.4102
mean B0=95.9443 homogen=17419.2139
mean B0=87.4182 homogen=87690.9615
mean B0=91.3157 homogen=16783.7155
mean B0=92.1667 homogen=7888.7424
mean B0=92.6305 homogen=9390.0251
mean B0=97.6312 homogen=19582.2135
mean B0=95.0617 homogen=11920.405
mean B0=95.8354 homogen=12587.7734
mean B0=98.3003 homogen=64906.8504
mean B0=90.5207 homogen=20598.7877
mean B0=93.6054 homogen=27569.2933
mean B0=91.9962 homogen=6867.18
mean B0=97.0561 homogen=24978.0804
mean B0=87.8151 homogen=4148.6391
mean B0=93.5621 homogen=15030.2493
mean B0=97.7513 homogen=18396.5198
mean B0=83.2395 homogen=12890.3376
mean B0=89.9477 homogen=18197.4991
mean B0=93.1692 homogen=12749.0055
mean B0=99.6398 homogen=29670.3811
mean B0=95.2311 homogen=18872.5711
mean B0=94.4325 homogen=10783.0205
mean B0=99.9631 homogen=43790.3512
mean B0=84.3594 homogen=153160.6804
mean B0=88.4961 homogen=3748.0825
mean B0=96.7164 homogen=17739.3355
mean B0=85.7104 homogen=3501.5531
mean B0=99.4696 homogen=28925.5694
    92 |     3680 |     40 |  0.000000E+00 |  0.000000E+00 |  0.0025217278 |             f
mean B0=90.445 homogen=6114.3337
mean B0=95.5616 homogen=13318.3379
mean B0=100.5625 homogen=29191.0475
mean B0=85.395 homogen=4806.163
mean B0=89.9237 homogen=47539.8074
mean B0=95.3321 homogen=15993.2564
mean B0=94.7276 homogen=10770.5299
mean B0=98.0608 homogen=20279.159
mean B0=92.5575 homogen=16992.7988
mean B0=92.4402 homogen=10326.7623
mean B0=97.2803 homogen=17299.1725
mean B0=95.1399 homogen=12229.5278
mean B0=99.8726 homogen=23977.5282
mean B0=85.2255 homogen=7226.3786
mean B0=88.3648 homogen=20692.4925
mean B0=97.7941 homogen=20158.6109
mean B0=92.2098 homogen=7714.347
mean B0=82.3949 homogen=50015.6325
mean B0=90.2008 homogen=5550.8283
mean B0=91.8896 homogen=6802.5159
mean B0=101.8197 homogen=36022.1981
mean B0=98.657 homogen=22345.6045
mean B0=89.4313 homogen=19530.4619
mean B0=100.3169 homogen=22557.7223
mean B0=99.9014 homogen=29929.8154
mean B0=98.0426 homogen=21892.6911
mean B0=93.1841 homogen=8975.011
mean B0=97.9621 homogen=20121.0709
mean B0=96.824 homogen=23710.1697
mean B0=88.4961 homogen=3748.0825
mean B0=95.1205 homogen=12922.457
mean B0=96.0046 homogen=16955.2642
mean B0=102.3121 homogen=54108.4644
mean B0=100.0682 homogen=26268.5812
mean B0=93.656 homogen=24425.3895
mean B0=104.5964 homogen=35419.7819
mean B0=96.3627 homogen=16532.4955
mean B0=98.6042 homogen=22095.7023
mean B0=80.674 homogen=35043.5281
mean B0=95.2049 homogen=12789.9663
    93 |     3720 |     40 |  0.000000E+00 |  0.000000E+00 |  0.0006958035 |             f
mean B0=97.8857 homogen=20965.2365
mean B0=99.0016 homogen=21982.4033
mean B0=87.9908 homogen=5948.5594
mean B0=85.7381 homogen=3620.9163
mean B0=97.9873 homogen=19553.7741
mean B0=94.7429 homogen=10884.8747
mean B0=97.5532 homogen=22990.9185
mean B0=97.8305 homogen=18730.942
mean B0=96.4605 homogen=16752.8729
mean B0=96.0973 homogen=12375.9202
mean B0=97.3936 homogen=18184.3908
mean B0=90.3199 homogen=5768.9692
mean B0=93.6676 homogen=104478.6931
mean B0=95.815 homogen=23003.187
mean B0=92.7566 homogen=12441.3131
mean B0=99.6161 homogen=22996.8884
mean B0=95.6588 homogen=13370.6004
mean B0=85.6315 homogen=3027.1991
mean B0=96.6581 homogen=16724.392
mean B0=98.8343 homogen=22119.9956
mean B0=92.0628 homogen=7257.519
mean B0=103.0381 homogen=46759.6004
mean B0=92.151 homogen=6965.7811
mean B0=99.9355 homogen=20615.3367
mean B0=95.126 homogen=28125.8531
mean B0=94.7261 homogen=10775.071
mean B0=73.0089 homogen=242619.3571
mean B0=100.6128 homogen=29484.0884
mean B0=90.7057 homogen=6279.9512
mean B0=92.8638 homogen=8318.9931
mean B0=103.3533 homogen=42253.9564
mean B0=93.707 homogen=36268.6978
mean B0=99.4776 homogen=28819.7271
mean B0=92.3413 homogen=15672.7401
mean B0=89.6206 homogen=7088.0207
mean B0=97.6665 homogen=19547.4991
mean B0=92.1992 homogen=7667.5976
mean B0=88.4961 homogen=3748.0825
mean B0=93.1369 homogen=34820.6487
mean B0=99.1413 homogen=31377.8687
    94 |     3760 |     40 |  0.000000E+00 |  0.000000E+00 |  0.0184054865 |         nadir
mean B0=69.5015 homogen=266225.26
mean B0=81.2356 homogen=187443.3834
mean B0=91.4937 homogen=8120.1158
mean B0=92.565 homogen=60492.0141
mean B0=98.2469 homogen=22083.7645
mean B0=98.9309 homogen=21573.2847
mean B0=99.0382 homogen=21264.0935
mean B0=94.8707 homogen=137644.2703
mean B0=88.667 homogen=19349.2473
mean B0=90.3088 homogen=5757.6773
mean B0=103.0273 homogen=45954.6843
mean B0=95.8696 homogen=37734.9759
mean B0=94.2626 homogen=12865.8819
mean B0=96.5974 homogen=26550.9303
mean B0=102.2019 homogen=42376.6188
mean B0=86.6229 homogen=38055.7056
mean B0=97.574 homogen=18104.9701
mean B0=89.5819 homogen=4594.6995
mean B0=99.0677 homogen=32357.3901
mean B0=94.04 homogen=10244.0667
mean B0=96.0883 homogen=12367.7997
mean B0=102.5832 homogen=43990.162
mean B0=89.7903 homogen=7055.2267
mean B0=98.3273 homogen=19226.8257
mean B0=85.4432 homogen=42700.0709
mean B0=98.1314 homogen=20698.4249
mean B0=95.4807 homogen=16694.8255
mean B0=97.9873 homogen=19553.7741
mean B0=80.8379 homogen=134570.243
mean B0=90.7173 homogen=6294.8307
mean B0=86.121 homogen=3099.5823
mean B0=91.0778 homogen=27901.7419
mean B0=93.329 homogen=9022.2082
mean B0=94.721 homogen=14960.1323
mean B0=97.3457 homogen=17932.8316
mean B0=95.4202 homogen=38846.4388
mean B0=97.107 homogen=16827.825
mean B0=86.6306 homogen=7444.0175
mean B0=88.4961 homogen=3748.0825
mean B0=91.5457 homogen=6286.8558
    95 |     3800 |     40 |  0.000000E+00 |  0.000000E+00 |  0.0015455233 |             f
mean B0=88.4961 homogen=3748.0825
mean B0=90.5176 homogen=19859.9952
mean B0=91.7618 homogen=24069.275
mean B0=95.5786 homogen=37481.5903
mean B0=100.5625 homogen=29191.0475
mean B0=103.3016 homogen=52752.1572
mean B0=93.1301 homogen=12827.9478
mean B0=94.1427 homogen=10779.8992
mean B0=97.5059 homogen=18023.9634
mean B0=95.664 homogen=14440.1966
mean B0=99.524 homogen=28568.1589
mean B0=93.7011 homogen=9808.4703
mean B0=86.885 homogen=4502.2147
mean B0=96.7549 homogen=15931.2749
mean B0=93.9962 homogen=30421.3487
mean B0=95.065 homogen=16913.7366
mean B0=85.6315 homogen=3027.1991
mean B0=98.6247 homogen=20303.1082
mean B0=97.3833 homogen=22677.0188
mean B0=101.8199 homogen=36021.3953
mean B0=90.7057 homogen=6279.9512
mean B0=97.3924 homogen=18150.6437
mean B0=99.1463 homogen=19854.6811
mean B0=90.3971 homogen=15632.3011
mean B0=92.7719 homogen=7920.6725
mean B0=100.384 homogen=25271.8283
mean B0=88.8535 homogen=95285.1591
mean B0=103.376 homogen=46701.7556
mean B0=98.2455 homogen=20205.6703
mean B0=80.6273 homogen=80168.8927
mean B0=85.5916 homogen=3380.2718
mean B0=93.7432 homogen=12662.2127
mean B0=92.6786 homogen=7907.0841
mean B0=94.6473 homogen=11002.5394
mean B0=97.9453 homogen=19107.1783
mean B0=96.8009 homogen=23516.2827
mean B0=99.4383 homogen=23144.2252
mean B0=97.3573 homogen=35009.5652
mean B0=82.9472 homogen=28291.6522
mean B0=81.7295 homogen=36185.9241
    96 |     3840 |     40 |  0.000000E+00 |  0.000000E+00 |  0.0190436767 |         ideal
mean B0=82.5377 homogen=13077.9897
mean B0=96.9171 homogen=13928.6869
mean B0=96.5199 homogen=21480.8669
mean B0=85.2385 homogen=8114.3031
mean B0=97.8493 homogen=19006.3997
mean B0=101.1083 homogen=26284.5317
mean B0=97.4919 homogen=29120.7627
mean B0=83.7834 homogen=27420.9116
mean B0=94.0014 homogen=12286.849
mean B0=103.0802 homogen=41962.655
mean B0=92.8495 homogen=8478.6387
mean B0=82.8564 homogen=154401.9806
mean B0=86.1439 homogen=18837.2952
mean B0=99.0734 homogen=21654.0754
mean B0=97.9317 homogen=18676.548
mean B0=85.537 homogen=164601.5774
mean B0=94.7601 homogen=10801.6497
mean B0=88.0211 homogen=5398.5262
mean B0=97.346 homogen=17933.1872
mean B0=90.8839 homogen=11590.3389
mean B0=98.5309 homogen=23831.0012
mean B0=98.2184 homogen=18977.6612
mean B0=92.9955 homogen=15597.7497
mean B0=97.1977 homogen=13304.1908
mean B0=85.7144 homogen=3312.8158
mean B0=98.7134 homogen=22188.0884
mean B0=92.335 homogen=26011.0231
mean B0=83.2407 homogen=24201.2132
mean B0=94.1303 homogen=6561.3874
mean B0=91.4887 homogen=6335.1069
mean B0=86.6267 homogen=11823.017
mean B0=88.7732 homogen=21332.7242
mean B0=94.7216 homogen=24195.5073
mean B0=94.3376 homogen=30166.656
mean B0=89.5289 homogen=13735.3958
mean B0=104.5414 homogen=49433.4358
mean B0=103.0096 homogen=45807.1586
mean B0=94.2128 homogen=11629.0431
mean B0=93.1845 homogen=8971.1447
mean B0=92.7589 homogen=15255.159
    97 |     3880 |     40 |  0.000000E+00 |  0.000000E+00 |  0.0616331564 |         ideal
mean B0=105.0428 homogen=44526.4291
mean B0=88.3023 homogen=4540.4874
mean B0=96.12 homogen=25388.2142
mean B0=84.2835 homogen=17864.7282
mean B0=82.003 homogen=29466.2727
mean B0=98.2914 homogen=26842.287
mean B0=101.9391 homogen=26431.4491
mean B0=73.1969 homogen=55914.5943
mean B0=92.196 homogen=13515.5088
mean B0=98.6706 homogen=22036.9127
mean B0=96.3077 homogen=16351.9341
mean B0=89.3255 homogen=92938.6464
mean B0=94.9198 homogen=16051.1841
mean B0=97.4511 homogen=34042.5051
mean B0=93.7011 homogen=9808.4703
mean B0=93.4722 homogen=29171.724
mean B0=92.7989 homogen=6698.0257
mean B0=94.9714 homogen=13253.1907
mean B0=98.0639 homogen=18315.2289
mean B0=87.9314 homogen=19346.4282
mean B0=91.7933 homogen=100139.0952
mean B0=91.8896 homogen=6802.5159
mean B0=92.2585 homogen=15190.8684
mean B0=93.3967 homogen=9071.1824
mean B0=100.4638 homogen=31686.8788
mean B0=90.614 homogen=26150.6519
mean B0=88.4244 homogen=3977.8375
mean B0=101.4322 homogen=35780.3916
mean B0=94.5313 homogen=11595.7181
mean B0=62.7225 homogen=72128.923
mean B0=95.7138 homogen=13344.1621
mean B0=100.6216 homogen=19271.187
mean B0=99.132 homogen=22757.879
mean B0=91.2086 homogen=18929.9205
mean B0=99.297 homogen=22756.3525
mean B0=93.6757 homogen=17691.4149
mean B0=72.5729 homogen=54325.4733
mean B0=84.1197 homogen=139500.2082
mean B0=86.2101 homogen=163418.0411
mean B0=92.1938 homogen=17030.4197
    98 |     3920 |     40 |  0.000000E+00 |  0.000000E+00 |  0.0015540386 |             f
mean B0=79.4085 homogen=214484.6837
mean B0=94.1052 homogen=10139.1455
mean B0=87.8181 homogen=25835.19
mean B0=94.5893 homogen=34200.4569
mean B0=95.8764 homogen=14184.0403
mean B0=99.3744 homogen=21260.6685
mean B0=101.4322 homogen=35780.3916
mean B0=97.7017 homogen=17453.0974
mean B0=83.1695 homogen=150249.5875
mean B0=98.9611 homogen=21338.5346
mean B0=98.2158 homogen=20904.8795
mean B0=88.4961 homogen=3750.503
mean B0=86.1027 homogen=3230.7531
mean B0=105.0186 homogen=44360.2901
mean B0=72.565 homogen=56324.9745
mean B0=101.8176 homogen=36050.1883
mean B0=91.5451 homogen=6287.5193
mean B0=94.0309 homogen=9247.9994
mean B0=95.7622 homogen=15991.4436
mean B0=95.3316 homogen=13246.4596
mean B0=100.3871 homogen=25280.2018
mean B0=100.6665 homogen=29669.6754
mean B0=98.6376 homogen=34615.4941
mean B0=102.9963 homogen=40650.7969
mean B0=93.0734 homogen=7539.5611
mean B0=93.0297 homogen=129061.3924
mean B0=93.1845 homogen=8971.1447
mean B0=87.6665 homogen=12608.34
mean B0=85.4201 homogen=8766.7838
mean B0=85.303 homogen=136534.9808
mean B0=95.8721 homogen=11494.6381
mean B0=77.9121 homogen=127677.0765
mean B0=85.6523 homogen=3139.8299
mean B0=102.5311 homogen=46966.7598
mean B0=94.7243 homogen=11635.6898
mean B0=99.4401 homogen=23128.1885
mean B0=91.4741 homogen=7209.2121
mean B0=93.4971 homogen=12131.2533
mean B0=95.2068 homogen=12170.0171
mean B0=93.4908 homogen=10062.9582
    99 |     3960 |     40 |  0.000000E+00 |  0.000000E+00 |  0.0049090805 |             f
mean B0=98.2287 homogen=20354.1817
mean B0=86.1387 homogen=6485.2139
mean B0=95.8807 homogen=13684.9977
mean B0=91.4625 homogen=6212.292
mean B0=80.6548 homogen=128956.0395
mean B0=90.6236 homogen=48356.1789
mean B0=67.7606 homogen=103756.6446
mean B0=98.0252 homogen=18428.5058
mean B0=96.1359 homogen=42550.6318
mean B0=92.8721 homogen=8302.6837
mean B0=101.0709 homogen=26279.0267
mean B0=101.3463 homogen=34918.1555
mean B0=94.4525 homogen=18368.3553
mean B0=91.8457 homogen=100419.188
mean B0=85.0131 homogen=16188.0835
mean B0=95.3493 homogen=14184.2166
mean B0=97.4876 homogen=16035.7809
mean B0=87.7512 homogen=6636.9525
mean B0=97.0674 homogen=33288.1933
mean B0=98.2454 homogen=21578.5892
mean B0=103.0318 homogen=40803.1309
mean B0=94.0137 homogen=13283.4316
mean B0=96.3319 homogen=20611.2812
mean B0=103.0929 homogen=41959.7639
mean B0=92.8077 homogen=6693.9349
mean B0=99.0429 homogen=23295.9219
mean B0=97.7171 homogen=17473.16
mean B0=88.2795 homogen=6922.2955
mean B0=88.5187 homogen=3769.3959
mean B0=93.3847 homogen=7367.2154
mean B0=100.6774 homogen=29674.2968
mean B0=90.7753 homogen=6428.8831
mean B0=87.6244 homogen=21022.3749
mean B0=96.886 homogen=13960.942
mean B0=81.2042 homogen=46066.5925
mean B0=99.0772 homogen=20440.8847
mean B0=102.1548 homogen=41269.4062
mean B0=98.881 homogen=29842.7624
mean B0=99.1299 homogen=21670.4226
mean B0=99.625 homogen=25802.2821
   100 |     4000 |     40 |  0.000000E+00 |  0.000000E+00 |  0.0016685855 |             f
mean B0=101.1102 homogen=26271.9236
mean B0=99.0145 homogen=21900.7895
mean B0=96.9735 homogen=19399.4335
mean B0=90.3801 homogen=25791.4286
mean B0=91.9478 homogen=9725.5578
mean B0=88.2065 homogen=5814.5131
mean B0=95.7227 homogen=11985.332
mean B0=95.6186 homogen=10451.0042
mean B0=103.0331 homogen=40794.9338
mean B0=105.2794 homogen=50669.4205
mean B0=98.4951 homogen=21460.9893
mean B0=101.2453 homogen=42681.7236
mean B0=90.6214 homogen=43684.7477
mean B0=100.0765 homogen=24148.4156
mean B0=89.8288 homogen=7840.3476
mean B0=94.2992 homogen=12880.8047
mean B0=82.7715 homogen=40627.0069
mean B0=85.9045 homogen=9980.9337
mean B0=93.033 homogen=138575.4989
mean B0=96.6832 homogen=40625.4588
mean B0=98.9898 homogen=17795.8134
mean B0=103.7648 homogen=45361.9011
mean B0=83.6796 homogen=127996.7908
mean B0=94.6702 homogen=10516.1615
mean B0=67.7753 homogen=278349.5553
mean B0=47.1254 homogen=468970.3669
mean B0=99.7435 homogen=21266.5499
mean B0=91.3147 homogen=8356.4365
mean B0=98.0623 homogen=18322.9074
mean B0=85.2771 homogen=3169.0012
mean B0=95.6726 homogen=15209.323
mean B0=90.367 homogen=30768.8613
mean B0=92.3021 homogen=8424.1102
mean B0=98.0143 homogen=18576.2875
mean B0=105.0186 homogen=44360.2901
mean B0=85.9077 homogen=6723.7053
mean B0=91.1091 homogen=8632.7131
mean B0=92.4368 homogen=35727.6422
mean B0=92.5043 homogen=17211.0735
mean B0=103.6042 homogen=39915.286
   101 |     4040 |     40 |  0.000000E+00 |  0.000000E+00 |  0.0047130479 |             f
mean B0=94.2081 homogen=12203.3204
mean B0=73.5437 homogen=20409.42
mean B0=98.6102 homogen=20464.272
mean B0=94.0985 homogen=13036.4591
mean B0=94.1078 homogen=131285.6381
mean B0=94.5695 homogen=20699.0878
mean B0=97.6202 homogen=24152.3309
mean B0=92.324 homogen=12721.0595
mean B0=95.5711 homogen=12995.55
mean B0=98.7821 homogen=19254.0476
mean B0=98.3861 homogen=18825.4513
mean B0=98.572 homogen=17169.9515
mean B0=98.2184 homogen=18977.6612
mean B0=88.4709 homogen=24934.0241
mean B0=86.118 homogen=3091.5808
mean B0=103.2196 homogen=38287.9664
mean B0=101.4322 homogen=35780.3916
mean B0=94.149 homogen=45475.906
mean B0=100.1811 homogen=24608.2401
mean B0=85.6004 homogen=3033.6574
mean B0=88.9607 homogen=6602.2675
mean B0=95.3287 homogen=21641.5318
mean B0=90.9875 homogen=7866.2987
mean B0=96.3277 homogen=37420.4902
mean B0=97.6718 homogen=17838.3781
mean B0=100.6773 homogen=29673.8986
mean B0=96.0709 homogen=10918.1573
mean B0=93.5294 homogen=17256.8714
mean B0=90.7333 homogen=6528.7747
mean B0=97.0381 homogen=15699.8116
mean B0=101.1477 homogen=26369.2163
mean B0=93.2342 homogen=9862.2704
mean B0=92.8077 homogen=6693.9349
mean B0=97.2287 homogen=30750.6546
mean B0=99.7443 homogen=21218.3513
mean B0=102.6696 homogen=46381.6918
mean B0=93.3967 homogen=9071.1824
mean B0=97.5658 homogen=16357.2493
mean B0=103.143 homogen=43960.635
mean B0=93.4191 homogen=7458.8977
   102 |     4080 |     40 |  0.000000E+00 |  0.000000E+00 |  0.0026978780 |             f
mean B0=99.6577 homogen=60495.6317
mean B0=99.7443 homogen=21218.3513
mean B0=95.7768 homogen=16090.0748
mean B0=90.1944 homogen=5549.9176
mean B0=103.7648 homogen=45361.9011
mean B0=100.3759 homogen=28379.6592
mean B0=88.4961 homogen=3748.0825
mean B0=75.9924 homogen=31722.4205
mean B0=93.5497 homogen=14298.7102
mean B0=96.7716 homogen=15056.591
mean B0=105.7352 homogen=43360.7906
mean B0=93.4219 homogen=7475.9747
mean B0=94.569 homogen=11191.048
mean B0=85.4015 homogen=7316.3742
mean B0=97.5893 homogen=15756.7113
mean B0=96.9543 homogen=15654.472
mean B0=95.796 homogen=11163.9324
mean B0=100.3711 homogen=25233.2852
mean B0=91.2888 homogen=94861.2886
mean B0=97.5658 homogen=16357.2493
mean B0=92.7058 homogen=104610.0747
mean B0=88.5187 homogen=3769.3959
mean B0=98.3921 homogen=25043.0283
mean B0=93.4887 homogen=131027.4277
mean B0=100.5625 homogen=29191.0475
mean B0=93.6681 homogen=8039.6773
mean B0=100.6773 homogen=29673.8986
mean B0=86.0769 homogen=3256.2328
mean B0=99.4295 homogen=23006.4091
mean B0=75.8648 homogen=52858.4727
mean B0=99.1788 homogen=19727.118
mean B0=96.467 homogen=13405.7488
mean B0=80.6607 homogen=80179.4131
mean B0=91.67 homogen=9181.8197
mean B0=92.1679 homogen=7212.4686
mean B0=101.9075 homogen=36117.7695
mean B0=92.4248 homogen=8894.6751
mean B0=100.1932 homogen=24648.1633
mean B0=92.8072 homogen=6694.0991
mean B0=95.6216 homogen=14491.7208
   103 |     4120 |     40 |  0.000000E+00 |  0.000000E+00 |  0.0011903980 |             f
mean B0=85.6517 homogen=5034.2394
mean B0=99.6776 homogen=23373.4498
mean B0=96.0973 homogen=12375.9202
mean B0=94.3968 homogen=11723.8675
mean B0=96.4483 homogen=13801.4247
mean B0=90.7185 homogen=19547.8295
mean B0=100.1338 homogen=54328.3752
mean B0=101.8456 homogen=36100.3921
mean B0=97.6005 homogen=19453.912
mean B0=95.321 homogen=27658.6201
mean B0=90.8574 homogen=6575.9429
mean B0=83.6484 homogen=7661.3519
mean B0=102.6837 homogen=28565.4128
mean B0=91.27 homogen=22185.7321
mean B0=100.4966 homogen=28913.9167
mean B0=98.8975 homogen=21976.0478
mean B0=95.2123 homogen=12969.4695
mean B0=98.572 homogen=17169.9515
mean B0=65.3152 homogen=83484.0925
mean B0=91.6527 homogen=13637.4133
mean B0=104.3731 homogen=41513.3873
mean B0=91.5168 homogen=6481.5327
mean B0=94.1052 homogen=10139.1455
mean B0=93.6516 homogen=7981.1849
mean B0=97.0022 homogen=14581.039
mean B0=94.0959 homogen=18981.5745
mean B0=97.0303 homogen=16598.2615
mean B0=101.4054 homogen=34903.1237
mean B0=94.0192 homogen=10458.402
mean B0=100.3763 homogen=25864.082
mean B0=89.0111 homogen=13942.7589
mean B0=93.0424 homogen=29465.5287
mean B0=99.7443 homogen=21218.3513
mean B0=97.0171 homogen=33388.4468
mean B0=72.8065 homogen=56128.9841
mean B0=101.6043 homogen=32124.1269
mean B0=96.1042 homogen=42047.8263
mean B0=93.6681 homogen=8039.6773
mean B0=89.8086 homogen=12718.2384
mean B0=94.3146 homogen=12569.9239
   104 |     4160 |     40 |  0.000000E+00 |  0.000000E+00 |  0.0033859859 |             f
mean B0=100.8635 homogen=25066.5617
mean B0=99.4939 homogen=20807.0684
mean B0=96.8979 homogen=14014.114
mean B0=86.1382 homogen=8398.7033
mean B0=101.9678 homogen=25971.1661
mean B0=70.8284 homogen=64463.7184
mean B0=89.0359 homogen=5288.5937
mean B0=99.406 homogen=22556.0376
mean B0=98.5692 homogen=17189.1027
mean B0=88.5379 homogen=4280.9041
mean B0=100.4465 homogen=25361.6881
mean B0=94.1075 homogen=10151.1466
mean B0=84.8514 homogen=26753.2692
mean B0=104.8912 homogen=52455.4401
mean B0=96.4488 homogen=13804.4682
mean B0=98.572 homogen=17170.5153
mean B0=103.6404 homogen=43748.4752
mean B0=93.4132 homogen=7435.3112
mean B0=100.2337 homogen=41269.269
mean B0=86.1192 homogen=3097.9308
mean B0=101.3953 homogen=23232.0713
mean B0=102.0918 homogen=36256.9611
mean B0=95.8152 homogen=11218.887
mean B0=98.5381 homogen=21782.5518
mean B0=96.5034 homogen=12946.2587
mean B0=99.3365 homogen=20473.7449
mean B0=90.9849 homogen=7520.7939
mean B0=96.2082 homogen=20434.8036
mean B0=96.0998 homogen=12356.7036
mean B0=92.7954 homogen=6537.9365
mean B0=100.0181 homogen=24072.644
mean B0=94.7577 homogen=10787.656
mean B0=91.4717 homogen=6214.7266
mean B0=103.4289 homogen=42528.1578
mean B0=97.5891 homogen=15760.185
mean B0=85.6315 homogen=3027.1991
mean B0=94.7222 homogen=10522.3946
mean B0=99.7021 homogen=21056.8622
mean B0=84.0114 homogen=22019.1697
mean B0=88.5165 homogen=3749.9702
   105 |     4200 |     40 |  0.000000E+00 |  0.000000E+00 |  0.0181622394 |         ideal
mean B0=93.478 homogen=19474.9585
mean B0=93.4502 homogen=9069.0273
mean B0=89.8082 homogen=7772.7895
mean B0=91.0152 homogen=28158.9717
mean B0=93.8726 homogen=15277.1091
mean B0=98.6386 homogen=21869.0279
mean B0=100.7214 homogen=21520.0867
mean B0=99.024 homogen=26201.1429
mean B0=100.2452 homogen=24821.0548
mean B0=85.6296 homogen=3077.5605
mean B0=89.9529 homogen=13407.0461
mean B0=96.3416 homogen=17720.3015
mean B0=89.4551 homogen=8846.238
mean B0=97.0022 homogen=14581.039
mean B0=94.6692 homogen=26167.4247
mean B0=86.4293 homogen=14684.6786
mean B0=96.0414 homogen=12274.6135
mean B0=94.2518 homogen=33417.304
mean B0=103.6137 homogen=44343.744
mean B0=92.7571 homogen=6380.0567
mean B0=93.3795 homogen=34404.9047
mean B0=94.701 homogen=13387.6285
mean B0=105.0319 homogen=44498.5366
mean B0=99.1779 homogen=19723.5037
mean B0=95.2364 homogen=12193.006
mean B0=92.293 homogen=11014.3114
mean B0=97.8895 homogen=28546.5222
mean B0=94.4761 homogen=10201.5043
mean B0=99.5191 homogen=20477.3678
mean B0=101.8478 homogen=36076.068
mean B0=96.9563 homogen=17153.8822
mean B0=101.1099 homogen=24208.9971
mean B0=88.4838 homogen=4360.9166
mean B0=95.796 homogen=11163.9324
mean B0=98.6396 homogen=17250.7504
mean B0=91.1831 homogen=13755.8588
mean B0=103.8314 homogen=45313.6371
mean B0=96.414 homogen=16771.4165
mean B0=97.7112 homogen=15964.8408
mean B0=103.6476 homogen=40129.4213
   106 |     4240 |     40 |  0.000000E+00 |  0.000000E+00 |  0.0022181114 |             f
mean B0=95.75 homogen=20300.6081
mean B0=86.8604 homogen=10106.7983
mean B0=97.4041 homogen=21998.0906
mean B0=102.574 homogen=37972.5904
mean B0=70.7638 homogen=67374.2355
mean B0=98.5751 homogen=17183.2017
mean B0=91.4858 homogen=8951.3968
mean B0=101.6043 homogen=32124.1269
mean B0=99.3601 homogen=19507.3332
mean B0=94.569 homogen=42722.664
mean B0=98.4717 homogen=16190.8773
mean B0=100.0912 homogen=24305.5862
mean B0=95.0701 homogen=11675.8179
mean B0=92.9152 homogen=9896.7486
mean B0=96.503 homogen=12974.6716
mean B0=95.3701 homogen=12840.6131
mean B0=93.8699 homogen=21500.3243
mean B0=94.8395 homogen=10528.1487
mean B0=98.6062 homogen=16973.1804
mean B0=99.2394 homogen=42399.1781
mean B0=103.241 homogen=43922.7611
mean B0=91.9995 homogen=13560.8802
mean B0=93.7801 homogen=17177.7769
mean B0=99.771 homogen=27777.696
mean B0=95.9645 homogen=30453.5405
mean B0=99.0384 homogen=17920.6417
mean B0=84.2429 homogen=4995.0106
mean B0=92.7571 homogen=6380.0567
mean B0=103.7525 homogen=41058.5834
mean B0=93.908 homogen=17615.8242
mean B0=98.9087 homogen=22724.6174
mean B0=88.473 homogen=3898.5271
mean B0=97.1866 homogen=37121.8226
mean B0=89.5491 homogen=6710.8895
mean B0=100.677 homogen=29642.7423
mean B0=71.3575 homogen=168743.2591
mean B0=89.3603 homogen=22670.7758
mean B0=82.816 homogen=81942.048
mean B0=103.0896 homogen=49071.7307
mean B0=97.5146 homogen=18540.473
   107 |     4280 |     40 |  0.000000E+00 |  0.000000E+00 |  0.0037336001 |             f
mean B0=95.7216 homogen=16732.9227
mean B0=101.8481 homogen=36072.0421
mean B0=100.7692 homogen=29456.2722
mean B0=99.828 homogen=27229.1
mean B0=96.77 homogen=14247.7812
mean B0=103.6346 homogen=39732.2658
mean B0=99.6599 homogen=20961.2217
mean B0=90.5462 homogen=8234.8231
mean B0=100.4766 homogen=25241.8559
mean B0=94.9095 homogen=47765.0374
mean B0=91.9208 homogen=35964.2159
mean B0=98.7812 homogen=19251.4346
mean B0=89.2898 homogen=21551.6967
mean B0=97.4836 homogen=17878.9203
mean B0=96.0005 homogen=21127.1124
mean B0=100.6297 homogen=25851.0517
mean B0=86.4694 homogen=84759.1297
mean B0=97.1774 homogen=14599.6001
mean B0=93.6036 homogen=30152.4699
mean B0=92.5001 homogen=20969.6176
mean B0=95.226 homogen=13326.833
mean B0=91.5452 homogen=6288.6621
mean B0=98.8007 homogen=29256.9733
mean B0=104.3532 homogen=41736.8912
mean B0=99.3997 homogen=19744.7303
mean B0=102.0614 homogen=36525.4015
mean B0=91.3293 homogen=6606.821
mean B0=93.0987 homogen=10588.2428
mean B0=101.572 homogen=32321.427
mean B0=96.8678 homogen=15103.4787
mean B0=100.4641 homogen=29125.0624
mean B0=104.5413 homogen=49438.2332
mean B0=93.2643 homogen=15708.4528
mean B0=88.2655 homogen=6163.6982
mean B0=71.9513 homogen=262970.8687
mean B0=99.4029 homogen=22734.1229
mean B0=94.8186 homogen=22067.3701
mean B0=84.2493 homogen=9174.809
mean B0=92.7571 homogen=6380.0567
mean B0=94.1496 homogen=18761.1331
   108 |     4320 |     40 |  0.000000E+00 |  0.000000E+00 |  0.0009099645 |             f
mean B0=103.3301 homogen=37510.3908
mean B0=92.4756 homogen=6463.3261
mean B0=98.3896 homogen=15886.6706
mean B0=101.419 homogen=41039.7273
mean B0=92.9853 homogen=25926.9376
mean B0=95.0727 homogen=29441.0498
mean B0=100.6296 homogen=25850.4906
mean B0=103.617 homogen=39639.0128
mean B0=90.6917 homogen=19570.5374
mean B0=99.5188 homogen=20745.2276
mean B0=101.416 homogen=54743.2778
mean B0=94.8735 homogen=10801.5911
mean B0=90.7426 homogen=19689.7226
mean B0=97.1877 homogen=14342.9432
mean B0=98.5882 homogen=18229.7252
mean B0=89.0359 homogen=5288.5937
mean B0=74.6955 homogen=57232.3786
mean B0=103.0835 homogen=38017.1085
mean B0=100.4702 homogen=25220.2217
mean B0=100.7568 homogen=29523.6303
mean B0=99.7392 homogen=25786.4533
mean B0=104.8902 homogen=52428.0023
mean B0=89.0641 homogen=51852.145
mean B0=96.8766 homogen=15482.1686
mean B0=91.9351 homogen=23035.4626
mean B0=97.7188 homogen=17528.5455
mean B0=74.9095 homogen=56847.6616
mean B0=94.8564 homogen=6651.2854
mean B0=83.4358 homogen=17500.0639
mean B0=97.1148 homogen=14050.971
mean B0=93.7264 homogen=19310.8733
mean B0=93.353 homogen=7584.4392
mean B0=94.9078 homogen=19407.9379
mean B0=87.2565 homogen=96576.0084
mean B0=99.0391 homogen=21827.2538
mean B0=77.4588 homogen=224452.9624
mean B0=90.1941 homogen=5586.9341
mean B0=99.2895 homogen=20933.5796
mean B0=85.6373 homogen=3066.9088
mean B0=90.2048 homogen=5586.3131
   109 |     4360 |     40 |  0.000000E+00 |  0.000000E+00 |  0.0027969752 |             f
mean B0=89.8931 homogen=33198.8272
mean B0=97.9944 homogen=30260.9813
mean B0=99.9353 homogen=62727.1982
mean B0=102.0242 homogen=36791.0072
mean B0=96.5098 homogen=12901.8849
mean B0=101.0864 homogen=30437.2555
mean B0=88.8367 homogen=8257.9171
mean B0=103.6807 homogen=39993.7822
mean B0=94.0453 homogen=9110.9501
mean B0=104.993 homogen=51697.1152
mean B0=100.6996 homogen=24240.6666
mean B0=99.4369 homogen=19922.2176
mean B0=85.6393 homogen=3289.8051
mean B0=103.8314 homogen=45313.6371
mean B0=88.5686 homogen=4105.0421
mean B0=103.12 homogen=52006.7666
mean B0=95.9544 homogen=16970.4553
mean B0=99.6559 homogen=23763.4112
mean B0=96.5528 homogen=13621.3009
mean B0=95.7833 homogen=13573.2925
mean B0=98.5344 homogen=18458.0962
mean B0=94.512 homogen=19690.7208
mean B0=85.5795 homogen=3368.5725
mean B0=104.3656 homogen=48664.991
mean B0=99.3529 homogen=19552.7763
mean B0=98.1122 homogen=17259.0537
mean B0=65.6361 homogen=293133.2911
mean B0=90.7112 homogen=6606.8347
mean B0=93.4379 homogen=9164.5976
mean B0=100.5357 homogen=26245.0656
mean B0=94.552 homogen=17252.6752
mean B0=101.0794 homogen=28758.1708
mean B0=100.2177 homogen=19657.4314
mean B0=95.8957 homogen=11236.7613
mean B0=88.4655 homogen=3923.7303
mean B0=93.0995 homogen=8147.5231
mean B0=98.6122 homogen=21190.7264
mean B0=67.9929 homogen=94955.917
mean B0=97.0776 homogen=15918.0563
mean B0=95.3472 homogen=16551.4024
   110 |     4400 |     40 |  0.000000E+00 |  0.000000E+00 |  0.0052573784 |         ideal
mean B0=90.8163 homogen=6445.0408
mean B0=65.8582 homogen=85745.0902
mean B0=101.605 homogen=32130.5924
mean B0=72.9252 homogen=55173.9707
mean B0=90.4531 homogen=7519.3652
mean B0=101.1773 homogen=22461.5511
mean B0=86.3008 homogen=14234.4459
mean B0=101.5685 homogen=34483.0285
mean B0=96.8814 homogen=16141.6495
mean B0=93.2218 homogen=20096.5536
mean B0=103.5376 homogen=47843.4515
mean B0=96.8096 homogen=11742.0777
mean B0=92.3274 homogen=18209.3311
mean B0=98.6534 homogen=21640.5787
mean B0=97.6026 homogen=16255.6491
mean B0=91.0499 homogen=50994.087
mean B0=103.3301 homogen=37510.3908
mean B0=99.3644 homogen=20874.8165
mean B0=99.6972 homogen=68566.8721
mean B0=96.5015 homogen=19301.5675
mean B0=90.9545 homogen=5411.72
mean B0=88.4772 homogen=3813.6302
mean B0=103.8316 homogen=45301.8283
mean B0=60.8798 homogen=76062.4786
mean B0=95.6082 homogen=12347.7877
mean B0=91.4953 homogen=6539.755
mean B0=95.4206 homogen=123805.0199
mean B0=99.818 homogen=22688.5759
mean B0=97.7585 homogen=24568.6636
mean B0=95.2396 homogen=16242.548
mean B0=97.2993 homogen=16226.5389
mean B0=96.3879 homogen=14327.824
mean B0=84.9108 homogen=16579.3417
mean B0=88.521 homogen=26345.7344
mean B0=95.8431 homogen=15649.0177
mean B0=97.2001 homogen=16479.5432
mean B0=97.1877 homogen=14342.9432
mean B0=97.4909 homogen=25103.6697
mean B0=104.9712 homogen=51434.5947
mean B0=93.0649 homogen=14496.9943
   111 |     4440 |     40 |  0.000000E+00 |  0.000000E+00 |  0.0031532639 |             f
mean B0=88.6959 homogen=3713.0806
mean B0=106.0285 homogen=38415.0451
mean B0=102.1624 homogen=32168.0151
mean B0=96.5098 homogen=12901.8849
mean B0=95.2162 homogen=11175.9735
mean B0=98.976 homogen=20111.7147
mean B0=103.1984 homogen=36549.9035
mean B0=93.4203 homogen=7447.5123
mean B0=98.7422 homogen=19729.5511
mean B0=86.0521 homogen=6599.2551
mean B0=92.4236 homogen=8589.9508
mean B0=86.5827 homogen=9976.3923
mean B0=84.0099 homogen=127286.1704
mean B0=88.7256 homogen=17867.3099
mean B0=93.3255 homogen=8354.4878
mean B0=96.432 homogen=25854.0911
mean B0=93.4927 homogen=40682.8173
mean B0=89.5742 homogen=24386.8374
mean B0=103.617 homogen=39639.0128
mean B0=56.8469 homogen=140983.0531
mean B0=95.7414 homogen=11267.462
mean B0=101.3484 homogen=36472.4293
mean B0=103.266 homogen=41817.2793
mean B0=98.3896 homogen=15886.6706
mean B0=90.8182 homogen=8439.9141
mean B0=104.2461 homogen=47646.9867
mean B0=101.9765 homogen=37025.1537
mean B0=58.88 homogen=80512.5643
mean B0=97.6337 homogen=15306.2368
mean B0=94.3562 homogen=12383.0347
mean B0=102.0098 homogen=28650.7815
mean B0=85.6502 homogen=130975.6706
mean B0=102.5804 homogen=34602.3374
mean B0=95.7642 homogen=28114.2979
mean B0=97.3196 homogen=15190.0785
mean B0=92.1718 homogen=19404.5735
mean B0=98.7215 homogen=22203.2528
mean B0=91.6267 homogen=6443.9807
mean B0=104.993 homogen=51697.1152
mean B0=97.6716 homogen=27011.0725
   112 |     4480 |     40 |  0.000000E+00 |  0.000000E+00 |  0.0057102540 |             f
mean B0=91.9609 homogen=6948.8079
mean B0=98.6905 homogen=16979.2351
mean B0=95.8953 homogen=15706.6103
mean B0=103.6871 homogen=45122.7864
mean B0=100.8583 homogen=67581.3588
mean B0=89.4873 homogen=6607.0145
mean B0=100.0294 homogen=24766.6367
mean B0=95.333 homogen=18093.5039
mean B0=99.6914 homogen=15899.7784
mean B0=92.5041 homogen=6972.3028
mean B0=85.2345 homogen=197684.7711
mean B0=82.3415 homogen=174996.2048
mean B0=97.5924 homogen=15486.4063
mean B0=92.2291 homogen=27602.2566
mean B0=102.1853 homogen=32272.7964
mean B0=100.5328 homogen=24042.0473
mean B0=95.7654 homogen=11437.1599
mean B0=88.7396 homogen=5041.2322
mean B0=96.138 homogen=31861.6198
mean B0=104.4216 homogen=45520.676
mean B0=102.1038 homogen=35534.8388
mean B0=85.365 homogen=3357.7766
mean B0=98.6886 homogen=20325.0342
mean B0=103.0828 homogen=35660.1332
mean B0=103.5425 homogen=39997.3487
mean B0=94.0977 homogen=10899.4971
mean B0=98.5496 homogen=37000.2862
mean B0=105.5686 homogen=53097.8711
mean B0=95.7841 homogen=15489.7805
mean B0=98.6023 homogen=17042.7421
mean B0=101.1438 homogen=22404.3802
mean B0=104.9041 homogen=52416.7854
mean B0=90.1927 homogen=4984.1034
mean B0=88.9496 homogen=30848.34
mean B0=87.9338 homogen=163329.7072
mean B0=100.2641 homogen=62156.8432
mean B0=98.5664 homogen=14265.8176
mean B0=96.2542 homogen=16911.2842
mean B0=88.4548 homogen=25362.8304
mean B0=98.6328 homogen=20475.861
   113 |     4520 |     40 |  0.000000E+00 |  0.000000E+00 |  0.0025542397 |             f
mean B0=102.1091 homogen=31925.7102
mean B0=98.9759 homogen=20111.8485
mean B0=104.2374 homogen=47745.3331
mean B0=96.1229 homogen=16943.0624
mean B0=102.2247 homogen=32507.9266
mean B0=91.0278 homogen=44840.4711
mean B0=90.9687 homogen=38185.9435
mean B0=104.9931 homogen=51695.272
mean B0=103.4439 homogen=37805.3806
mean B0=97.2783 homogen=14430.1549
mean B0=97.6337 homogen=15306.2368
mean B0=92.7571 homogen=6380.0567
mean B0=90.7996 homogen=4697.558
mean B0=95.9266 homogen=23412.3271
mean B0=95.8836 homogen=11216.3502
mean B0=96.3935 homogen=13498.937
mean B0=102.5498 homogen=40193.3879
mean B0=94.6762 homogen=12259.1805
mean B0=104.0873 homogen=36875.708
mean B0=85.171 homogen=145383.688
mean B0=98.4398 homogen=16032.719
mean B0=88.6959 homogen=3713.0806
mean B0=85.9407 homogen=70044.2579
mean B0=98.2068 homogen=51430.6033
mean B0=86.5277 homogen=145682.0344
mean B0=97.4232 homogen=34587.4335
mean B0=91.5526 homogen=6296.9821
mean B0=102.6487 homogen=79649.8388
mean B0=97.4416 homogen=44472.1092
mean B0=101.1801 homogen=23200.2384
mean B0=81.0435 homogen=135733.0875
mean B0=102.5804 homogen=34602.3374
mean B0=83.1032 homogen=25533.5597
mean B0=88.4357 homogen=17700.5427
mean B0=94.3873 homogen=11450.5323
mean B0=103.8833 homogen=40153.0035
mean B0=99.7426 homogen=21011.8632
mean B0=95.959 homogen=13076.2245
mean B0=92.4818 homogen=8472.4701
mean B0=90.489 homogen=25984.5343
   114 |     4560 |     40 |  0.000000E+00 |  0.000000E+00 |  0.0013469727 |             f
mean B0=105.473 homogen=46579.6685
mean B0=98.6905 homogen=16979.2351
mean B0=98.4141 homogen=21647.6386
mean B0=96.5088 homogen=12901.8225
mean B0=96.4908 homogen=18127.9818
mean B0=93.7978 homogen=9386.1768
mean B0=94.828 homogen=12562.8101
mean B0=97.9713 homogen=16286.0416
mean B0=99.4999 homogen=19475.8377
mean B0=98.2351 homogen=16038.1742
mean B0=94.843 homogen=6591.9336
mean B0=98.3048 homogen=16099.9111
mean B0=93.9926 homogen=16283.5186
mean B0=102.5919 homogen=37810.3297
mean B0=98.3476 homogen=17911.4872
mean B0=100.6764 homogen=35353.9544
mean B0=104.9736 homogen=51708.5075
mean B0=103.9741 homogen=36229.6504
mean B0=100.6245 homogen=28913.6792
mean B0=103.2675 homogen=37447.5615
mean B0=99.317 homogen=24116.4835
mean B0=94.8735 homogen=10801.5911
mean B0=98.5038 homogen=19069.7719
mean B0=103.4449 homogen=37806.3029
mean B0=101.3185 homogen=30577.3424
mean B0=91.8526 homogen=6194.6891
mean B0=89.9258 homogen=7816.8156
mean B0=85.0792 homogen=87393.0347
mean B0=101.7599 homogen=33405.8537
mean B0=92.8974 homogen=6234.1278
mean B0=104.4317 homogen=45571.1242
mean B0=85.207 homogen=6825.3539
mean B0=93.86 homogen=36160.6876
mean B0=99.8962 homogen=22181.4324
mean B0=93.5783 homogen=38499.1693
mean B0=85.4016 homogen=6236.7161
mean B0=102.2222 homogen=32307.5391
mean B0=92.6546 homogen=8845.6098
mean B0=105.1759 homogen=37880.959
mean B0=90.9876 homogen=5538.6534
   115 |     4600 |     40 |  0.000000E+00 |  0.000000E+00 |  0.0093556490 |         ideal
mean B0=93.2983 homogen=7334.6196
mean B0=94.8395 homogen=10528.1487
mean B0=97.7939 homogen=20786.6456
mean B0=98.8407 homogen=19337.3978
mean B0=89.1555 homogen=31156.1174
mean B0=86.4326 homogen=6382.7117
mean B0=86.8691 homogen=92089.3503
mean B0=102.9416 homogen=38251.0895
mean B0=91.6158 homogen=7169.0608
mean B0=70.011 homogen=90298.96
mean B0=97.0873 homogen=14531.8436
mean B0=89.8104 homogen=39796.4985
mean B0=96.7764 homogen=18826.4861
mean B0=100.9708 homogen=22133.917
mean B0=95.7967 homogen=11177.7677
mean B0=99.7727 homogen=20797.8339
mean B0=98.819 homogen=24221.0659
mean B0=92.7337 homogen=6215.1721
mean B0=99.4812 homogen=55361.9074
mean B0=96.5511 homogen=12945.5382
mean B0=100.1577 homogen=18569.0738
mean B0=88.6959 homogen=3713.0806
mean B0=86.0882 homogen=41549.6769
mean B0=97.1299 homogen=14268.3576
mean B0=68.7761 homogen=87895.3764
mean B0=85.3195 homogen=7832.0688
mean B0=96.4606 homogen=12983.9099
mean B0=101.13 homogen=21075.2344
mean B0=85.6315 homogen=3027.1991
mean B0=97.8896 homogen=24357.8437
mean B0=83.509 homogen=3699.1659
mean B0=93.1688 homogen=18749.8177
mean B0=94.633 homogen=13651.9783
mean B0=98.5776 homogen=16074.9697
mean B0=98.6906 homogen=16960.5922
mean B0=97.3622 homogen=14151.6332
mean B0=99.4101 homogen=21787.9938
mean B0=91.9967 homogen=27401.2573
mean B0=100.77 homogen=29461.9627
mean B0=105.1266 homogen=37841.2426
   116 |     4640 |     40 |  0.000000E+00 |  0.000000E+00 |  0.0017005748 |             f
mean B0=97.9616 homogen=25848.6346
mean B0=96.5349 homogen=12933.824
mean B0=97.5737 homogen=22234.5803
mean B0=93.1765 homogen=9778.4466
mean B0=99.456 homogen=20277.3767
mean B0=94.0298 homogen=9100.7687
mean B0=97.8262 homogen=53630.6203
mean B0=101.0596 homogen=21905.7213
mean B0=95.2858 homogen=25624.6442
mean B0=72.4077 homogen=34994.4547
mean B0=88.3814 homogen=13711.4899
mean B0=103.4445 homogen=37769.1575
mean B0=85.7055 homogen=16893.0679
mean B0=94.895 homogen=10912.2043
mean B0=99.7681 homogen=20792.4154
mean B0=93.5655 homogen=9120.9371
mean B0=101.4292 homogen=27243.3312
mean B0=92.108 homogen=45430.1132
mean B0=93.88 homogen=10358.6812
mean B0=96.9571 homogen=13247.4221
mean B0=100.1003 homogen=46356.5671
mean B0=96.5258 homogen=12918.887
mean B0=89.1654 homogen=5850.9494
mean B0=87.7012 homogen=4678.3767
mean B0=100.3343 homogen=21699.8976
mean B0=95.8116 homogen=11179.6323
mean B0=90.7337 homogen=28834.1286
mean B0=98.6695 homogen=19267.0788
mean B0=99.5068 homogen=19823.1767
mean B0=99.241 homogen=17110.8312
mean B0=91.0854 homogen=16604.1924
mean B0=102.0098 homogen=28669.512
mean B0=94.0185 homogen=54727.136
mean B0=93.2447 homogen=7007.5397
mean B0=102.5857 homogen=34603.6698
mean B0=101.4519 homogen=34248.8074
mean B0=101.0641 homogen=25219.9344
mean B0=89.1232 homogen=21616.3959
mean B0=92.467 homogen=6972.3738
mean B0=100.1634 homogen=21556.8266
   117 |     4680 |     40 |  0.000000E+00 |  0.000000E+00 |  0.0041185248 |             f
mean B0=89.8644 homogen=42910.6226
mean B0=93.6489 homogen=8007.9429
mean B0=89.0098 homogen=23880.6679
mean B0=101.2972 homogen=29352.1086
mean B0=87.0442 homogen=3702.4193
mean B0=94.7526 homogen=10819.8785
mean B0=98.4831 homogen=16334.4516
mean B0=100.9729 homogen=21775.6725
mean B0=100.2826 homogen=21838.6362
mean B0=94.0798 homogen=33579.1707
mean B0=94.0453 homogen=9110.9501
mean B0=98.6182 homogen=18687.2544
mean B0=92.6248 homogen=6183.822
mean B0=96.3692 homogen=53047.4189
mean B0=92.0794 homogen=100115.2618
mean B0=93.9504 homogen=119424.591
mean B0=90.5227 homogen=15945.0479
mean B0=99.6826 homogen=20397.4204
mean B0=95.6524 homogen=16621.1841
mean B0=98.3896 homogen=15886.6706
mean B0=89.3969 homogen=39717.7233
mean B0=95.8111 homogen=13403.6787
mean B0=98.4279 homogen=20569.8339
mean B0=72.2512 homogen=61123.5469
mean B0=93.7441 homogen=11435.6526
mean B0=92.7299 homogen=9539.8626
mean B0=103.2809 homogen=36368.9138
mean B0=99.2084 homogen=29645.0033
mean B0=93.3412 homogen=8890.9594
mean B0=95.36 homogen=30246.2428
mean B0=93.2447 homogen=7007.5397
mean B0=100.4621 homogen=22809.9694
mean B0=103.4044 homogen=33910.2748
mean B0=82.7198 homogen=116546.3052
mean B0=97.3932 homogen=14209.6112
mean B0=85.6315 homogen=3027.1991
mean B0=90.8081 homogen=14263.6794
mean B0=104.8798 homogen=37386.3794
mean B0=91.0965 homogen=5571.0669
mean B0=103.4449 homogen=37806.3029
   118 |     4720 |     40 |  0.000000E+00 |  0.000000E+00 |  0.0047382443 |             f
mean B0=93.6049 homogen=14727.612
mean B0=103.6492 homogen=38048.4347
mean B0=101.2291 homogen=22607.0462
mean B0=96.219 homogen=16595.8924
mean B0=93.6158 homogen=24940.7098
mean B0=94.4742 homogen=8879.5779
mean B0=95.9708 homogen=11898.7071
mean B0=90.5956 homogen=5478.7186
mean B0=98.3184 homogen=16828.43
mean B0=95.2586 homogen=17230.8929
mean B0=100.346 homogen=21491.099
mean B0=82.0015 homogen=17482.2233
mean B0=95.1238 homogen=12282.5991
mean B0=101.8882 homogen=37330.3942
mean B0=101.3144 homogen=22903.2478
mean B0=95.5619 homogen=11521.9477
mean B0=93.6799 homogen=19046.2203
mean B0=97.1119 homogen=17818.8994
mean B0=89.3371 homogen=18408.8445
mean B0=102.0041 homogen=29096.6538
mean B0=96.5509 homogen=12945.3361
mean B0=101.982 homogen=30273.0192
mean B0=103.3438 homogen=37204.6276
mean B0=97.6237 homogen=16110.8137
mean B0=94.7131 homogen=19374.0561
mean B0=85.9761 homogen=6043.4519
mean B0=93.713 homogen=6588.7594
mean B0=92.5221 homogen=7509.7387
mean B0=96.0501 homogen=11296.6001
mean B0=94.8745 homogen=12203.8952
mean B0=101.4172 homogen=27516.9517
mean B0=95.2091 homogen=29031.5076
mean B0=102.7722 homogen=34496.8327
mean B0=99.1678 homogen=43921.0823
mean B0=93.5039 homogen=7706.2781
mean B0=82.9903 homogen=17082.6885
mean B0=92.161 homogen=22900.7492
mean B0=92.9746 homogen=6360.5569
mean B0=90.5466 homogen=15231.0441
mean B0=100.1653 homogen=21190.6174
   119 |     4760 |     40 |  0.000000E+00 |  0.000000E+00 |  0.0013028110 |             f
mean B0=105.3016 homogen=37847.1194
mean B0=98.1212 homogen=17025.0776
mean B0=97.5753 homogen=52405.649
mean B0=95.3635 homogen=20546.0888
mean B0=99.9922 homogen=20679.3558
mean B0=94.798 homogen=10889.1459
mean B0=99.5501 homogen=20379.8124
mean B0=86.6879 homogen=21765.8981
mean B0=97.8921 homogen=17092.707
mean B0=90.5593 homogen=34536.7426
mean B0=94.9506 homogen=37664.6242
mean B0=94.9694 homogen=14099.044
mean B0=101.7563 homogen=27841.7043
mean B0=86.332 homogen=5002.0995
mean B0=77.6121 homogen=223989.2788
mean B0=98.3726 homogen=16002.0348
mean B0=88.9845 homogen=28639.8547
mean B0=92.5894 homogen=6128.6805
mean B0=94.0505 homogen=9085.101
mean B0=101.6266 homogen=23996.0654
mean B0=99.5308 homogen=23268.2183
mean B0=99.5781 homogen=19805.8284
mean B0=89.8972 homogen=26233.6876
mean B0=89.9402 homogen=11027.8681
mean B0=95.3853 homogen=34440.7171
mean B0=94.65 homogen=12494.9024
mean B0=82.4819 homogen=124942.0689
mean B0=99.2854 homogen=43312.825
mean B0=100.7289 homogen=26620.0152
mean B0=87.5829 homogen=14877.0498
mean B0=94.2513 homogen=37904.0412
mean B0=95.9132 homogen=13171.2913
mean B0=94.895 homogen=10912.2043
mean B0=92.7285 homogen=8140.3645
mean B0=88.7024 homogen=3690.7855
mean B0=97.5029 homogen=14497.3508
mean B0=101.3667 homogen=22762.6299
mean B0=93.4225 homogen=7446.6681
mean B0=100.1591 homogen=21217.1903
mean B0=97.7538 homogen=14675.5611
   120 |     4800 |     40 |  0.000000E+00 |  0.000000E+00 |  0.0063934009 |         ideal
mean B0=91.1472 homogen=15771.1162
mean B0=90.7172 homogen=20885.618
mean B0=100.1567 homogen=21224.1109
mean B0=103.9855 homogen=45923.462
mean B0=72.6169 homogen=58880.6491
mean B0=96.5275 homogen=16998.2151
mean B0=94.7683 homogen=22362.375
mean B0=95.1647 homogen=17178.1355
mean B0=95.0744 homogen=9871.0152
mean B0=98.7998 homogen=13935.7756
mean B0=98.4083 homogen=19231.4936
mean B0=94.7988 homogen=15919.8114
mean B0=93.1745 homogen=33072.1365
mean B0=84.9338 homogen=27163.7658
mean B0=92.3461 homogen=8507.0372
mean B0=100.2645 homogen=24744.7774
mean B0=97.2467 homogen=15034.9776
mean B0=97.9415 homogen=14935.3588
mean B0=96.5658 homogen=12698.7061
mean B0=102.894 homogen=29988.801
mean B0=90.284 homogen=59169.7465
mean B0=95.8149 homogen=27595.9139
mean B0=98.7896 homogen=19218.7584
mean B0=103.4024 homogen=33907.2345
mean B0=88.832 homogen=4102.0058
mean B0=95.9838 homogen=16402.4648
mean B0=88.6651 homogen=21454.2501
mean B0=99.4603 homogen=40764.975
mean B0=99.6478 homogen=20663.6533
mean B0=85.4752 homogen=13161.8126
mean B0=96.9322 homogen=15733.424
mean B0=88.1691 homogen=16798.5877
mean B0=95.7995 homogen=11171.766
mean B0=92.5508 homogen=11916.3012
mean B0=96.6963 homogen=12507.7017
mean B0=99.2221 homogen=19677.0618
mean B0=93.7361 homogen=8209.0899
mean B0=100.1127 homogen=21331.8365
mean B0=96.0857 homogen=16701.5633
mean B0=89.9313 homogen=5117.914
   121 |     4840 |     40 |  0.000000E+00 |  0.000000E+00 |  0.0016782854 |             f
mean B0=89.5697 homogen=43848.9857
mean B0=97.8017 homogen=19221.5878
mean B0=98.4176 homogen=15667.3541
mean B0=102.2882 homogen=31179.1047
mean B0=92.589 homogen=6126.629
mean B0=96.4712 homogen=40606.4007
mean B0=86.315 homogen=128131.288
mean B0=94.1569 homogen=9262.8963
mean B0=96.5806 homogen=13099.6342
mean B0=96.9701 homogen=19543.1321
mean B0=88.8715 homogen=28723.395
mean B0=97.107 homogen=28369.2327
mean B0=96.9993 homogen=17656.6236
mean B0=97.3409 homogen=14276.2822
mean B0=97.9719 homogen=14977.7856
mean B0=99.6262 homogen=19439.049
mean B0=105.3016 homogen=37847.1194
mean B0=101.6395 homogen=24020.3939
mean B0=89.089 homogen=5158.7411
mean B0=90.1199 homogen=16801.9328
mean B0=101.3667 homogen=22762.6299
mean B0=99.9819 homogen=20678.5403
mean B0=99.1951 homogen=19892.4979
mean B0=101.42 homogen=28694.704
mean B0=100.165 homogen=21191.9004
mean B0=91.2112 homogen=23182.2368
mean B0=104.7546 homogen=31809.2288
mean B0=92.8754 homogen=6270.2797
mean B0=83.3161 homogen=124950.7037
mean B0=97.3461 homogen=25291.0313
mean B0=89.9348 homogen=22566.1024
mean B0=69.5118 homogen=247147.5288
mean B0=102.3222 homogen=22455.6764
mean B0=103.4287 homogen=33708.3301
mean B0=87.0457 homogen=91018.3224
mean B0=93.8242 homogen=29722.6041
mean B0=94.8395 homogen=10528.1487
mean B0=92.544 homogen=22644.6745
mean B0=101.3617 homogen=23852.4796
mean B0=84.3486 homogen=14856.3767
   122 |     4880 |     40 |  0.000000E+00 |  0.000000E+00 |  0.0029390490 |             f
mean B0=101.6777 homogen=27989.5946
mean B0=92.5857 homogen=6090.7782
mean B0=98.1574 homogen=15465.7966
mean B0=88.0588 homogen=24391.3744
mean B0=94.7469 homogen=22386.1319
mean B0=97.3687 homogen=17341.8883
mean B0=91.1218 homogen=19780.2937
mean B0=101.4759 homogen=23154.2165
mean B0=98.0598 homogen=17426.414
mean B0=100.9533 homogen=21758.3345
mean B0=94.7604 homogen=12385.3373
mean B0=79.3493 homogen=141439.9909
mean B0=81.1522 homogen=135766.2344
mean B0=90.7996 homogen=4697.558
mean B0=96.401 homogen=27359.8948
mean B0=98.1965 homogen=18636.8983
mean B0=97.8446 homogen=15065.088
mean B0=84.9637 homogen=138034.7519
mean B0=71.6134 homogen=56447.4343
mean B0=103.5095 homogen=33350.0501
mean B0=101.7182 homogen=23959.0019
mean B0=88.7068 homogen=3703.7094
mean B0=93.5624 homogen=7796.6235
mean B0=93.3214 homogen=23303.8412
mean B0=102.693 homogen=29673.5104
mean B0=98.8717 homogen=21803.3266
mean B0=94.3071 homogen=15438.8485
mean B0=94.7266 homogen=11143.6898
mean B0=99.617 homogen=19448.8765
mean B0=97.9609 homogen=14951.6621
mean B0=89.2242 homogen=8907.3366
mean B0=92.7155 homogen=18734.3994
mean B0=67.8243 homogen=80631.7969
mean B0=101.3667 homogen=22762.6299
mean B0=98.619 homogen=19211.6514
mean B0=89.2138 homogen=6510.1564
mean B0=99.834 homogen=20191.1703
mean B0=96.3618 homogen=13453.2199
mean B0=95.4561 homogen=17433.2775
mean B0=105.2209 homogen=38286.0002
   123 |     4920 |     40 |  0.000000E+00 |  0.000000E+00 |  0.0017270203 |             f
mean B0=103.5095 homogen=33350.0501
mean B0=92.0602 homogen=33075.1976
mean B0=87.2965 homogen=12844.5371
mean B0=99.0945 homogen=20272.0384
mean B0=85.4057 homogen=132393.083
mean B0=97.3828 homogen=14205.1235
mean B0=99.8056 homogen=20100.6652
mean B0=100.0458 homogen=20793.5933
mean B0=90.6325 homogen=16517.165
mean B0=98.9295 homogen=20119.1062
mean B0=102.5072 homogen=28371.5101
mean B0=105.2521 homogen=38321.5642
mean B0=97.9415 homogen=14935.3588
mean B0=82.0161 homogen=14175.4502
mean B0=94.1009 homogen=9091.9014
mean B0=95.4455 homogen=23430.8196
mean B0=96.3286 homogen=15307.3101
mean B0=84.6402 homogen=15547.1635
mean B0=100.3297 homogen=21410.2013
mean B0=101.8059 homogen=24241.5994
mean B0=102.0097 homogen=28652.6237
mean B0=93.7616 homogen=8238.902
mean B0=91.2576 homogen=13632.3045
mean B0=94.5694 homogen=13118.7678
mean B0=102.2882 homogen=31182.4674
mean B0=95.7766 homogen=11117.5258
mean B0=104.9104 homogen=37544.6086
mean B0=74.1942 homogen=67858.6435
mean B0=95.763 homogen=21647.3098
mean B0=72.9139 homogen=156264.7987
mean B0=97.7267 homogen=15773.9446
mean B0=93.5999 homogen=7543.65
mean B0=85.6315 homogen=3027.1991
mean B0=94.8678 homogen=95083.2036
mean B0=94.789 homogen=10515.267
mean B0=96.2383 homogen=25878.475
mean B0=89.3357 homogen=15595.0929
mean B0=98.8002 homogen=17077.2428
mean B0=93.404 homogen=7445.072
mean B0=92.2806 homogen=6529.9743
   124 |     4960 |     40 |  0.000000E+00 |  0.000000E+00 |  0.0025272656 |             f
mean B0=92.9747 homogen=6360.4792
mean B0=98.1977 homogen=15304.3562
mean B0=89.9779 homogen=8909.7362
mean B0=90.7419 homogen=4610.9174
mean B0=105.4714 homogen=38559.2875
mean B0=93.9101 homogen=9878.057
mean B0=85.964 homogen=90225.0004
mean B0=94.789 homogen=10509.7067
mean B0=100.008 homogen=20751.1916
mean B0=101.13 homogen=23547.4883
mean B0=105.4825 homogen=35570.17
mean B0=97.7527 homogen=14845.5025
mean B0=99.4584 homogen=19149.1799
mean B0=100.1345 homogen=21553.831
mean B0=95.7778 homogen=11116.7112
mean B0=98.9021 homogen=49986.3744
mean B0=105.2409 homogen=38169.4728
mean B0=101.1537 homogen=31788.7773
mean B0=103.9625 homogen=33418.193
mean B0=93.7935 homogen=8163.2676
mean B0=101.4759 homogen=23154.2165
mean B0=91.0557 homogen=5313.5946
mean B0=95.4967 homogen=16965.3444
mean B0=93.4462 homogen=7494.0272
mean B0=99.1431 homogen=18253.4286
mean B0=97.3801 homogen=14210.6384
mean B0=99.2618 homogen=45366.5458
mean B0=94.8946 homogen=10907.1771
mean B0=102.0501 homogen=28696.276
mean B0=97.7229 homogen=14783.6006
mean B0=85.9955 homogen=3389.6955
mean B0=85.7872 homogen=3352.7977
mean B0=88.8364 homogen=4087.2586
mean B0=101.8414 homogen=27248.1334
mean B0=96.6947 homogen=12507.1799
mean B0=93.9805 homogen=28703.7802
mean B0=94.5354 homogen=8689.9036
mean B0=97.103 homogen=16508.2787
mean B0=100.1399 homogen=21565.789
mean B0=98.3812 homogen=15750.046
   125 |     5000 |     40 |  0.000000E+00 |  0.000000E+00 |  0.0085575850 |         ideal
mean B0=90.5676 homogen=10762.4365
mean B0=94.0716 homogen=8989.6698
mean B0=98.1727 homogen=19479.5326
mean B0=92.577 homogen=6521.5957
mean B0=93.4397 homogen=7182.4864
mean B0=100.1089 homogen=22470.049
mean B0=89.259 homogen=13385.0855
mean B0=100.0382 homogen=20863.976
mean B0=83.8879 homogen=26991.4741
mean B0=89.0683 homogen=4147.0651
mean B0=100.0069 homogen=21307.8533
mean B0=82.8385 homogen=32159.9503
mean B0=99.1473 homogen=18262.0892
mean B0=71.2607 homogen=316431.7643
mean B0=101.4943 homogen=22788.6428
mean B0=93.4501 homogen=16076.5476
mean B0=101.8147 homogen=29398.4105
mean B0=80.8084 homogen=162415.5567
mean B0=84.6413 homogen=38565.1172
mean B0=100.2441 homogen=24296.5127
mean B0=99.8311 homogen=19858.7716
mean B0=77.6959 homogen=52421.0147
mean B0=86.3606 homogen=9679.5749
mean B0=93.7935 homogen=8163.2676
mean B0=99.3972 homogen=19396.8756
mean B0=98.4486 homogen=25835.051
mean B0=98.1667 homogen=18768.8414
mean B0=92.8202 homogen=6193.2063
mean B0=91.951 homogen=33516.3227
mean B0=59.5505 homogen=103392.9561
mean B0=101.4356 homogen=22457.5397
mean B0=94.3322 homogen=11114.7478
mean B0=103.5053 homogen=33319.3166
mean B0=105.1553 homogen=39793.3682
mean B0=99.5149 homogen=19948.6871
mean B0=96.1129 homogen=14401.0586
mean B0=97.1723 homogen=13935.3063
mean B0=88.7024 homogen=3691.5796
mean B0=105.4493 homogen=38449.2483
mean B0=75.8189 homogen=54196.972
   126 |     5040 |     40 |  0.000000E+00 |  0.000000E+00 |  0.0020461025 |             f
mean B0=101.4657 homogen=24764.4185
mean B0=90.3802 homogen=24361.8793
mean B0=89.7682 homogen=30413.0257
mean B0=95.968 homogen=12276.5191
mean B0=95.862 homogen=14724.5918
mean B0=99.9186 homogen=20070.521
mean B0=98.849 homogen=57901.3956
mean B0=94.789 homogen=10509.7067
mean B0=90.3418 homogen=24859.0621
mean B0=92.8575 homogen=6245.9697
mean B0=57.8185 homogen=143825.5397
mean B0=96.6937 homogen=12772.1936
mean B0=89.7511 homogen=15087.515
mean B0=105.1032 homogen=39093.0271
mean B0=81.6902 homogen=133187.0469
mean B0=105.7404 homogen=39264.3713
mean B0=92.5857 homogen=6090.7782
mean B0=94.8499 homogen=11354.5469
mean B0=99.999 homogen=20466.5541
mean B0=95.3016 homogen=12844.08
mean B0=102.0098 homogen=28650.7815
mean B0=94.2624 homogen=25011.8125
mean B0=103.9356 homogen=33304.5108
mean B0=92.5142 homogen=6479.2647
mean B0=86.3439 homogen=7645.8359
mean B0=100.2559 homogen=21271.3619
mean B0=88.9019 homogen=5140.3834
mean B0=85.6315 homogen=3027.1991
mean B0=104.9787 homogen=37500.0242
mean B0=99.0353 homogen=44290.8743
mean B0=98.4719 homogen=18978.4498
mean B0=94.1568 homogen=8989.8193
mean B0=99.5623 homogen=32326.1855
mean B0=104.2903 homogen=32882.9431
mean B0=100.8604 homogen=20731.6495
mean B0=93.2106 homogen=7629.1339
mean B0=88.7024 homogen=3690.7855
mean B0=78.307 homogen=229375.6443
mean B0=102.2917 homogen=30388.0878
mean B0=103.0365 homogen=32676.234
   127 |     5080 |     40 |  0.000000E+00 |  0.000000E+00 |  0.0133761329 |         ideal
mean B0=104.2932 homogen=32899.2129
mean B0=96.6948 homogen=12509.261
mean B0=97.6136 homogen=21856.6189
mean B0=90.5107 homogen=4886.7864
mean B0=101.042 homogen=22290.6474
mean B0=91.5795 homogen=14648.5393
mean B0=98.488 homogen=16317.5327
mean B0=100.0414 homogen=27224.4743
mean B0=98.8987 homogen=21068.1631
mean B0=101.4356 homogen=22457.5397
mean B0=88.1713 homogen=24329.1031
mean B0=101.8056 homogen=24243.6041
mean B0=97.4795 homogen=16246.6176
mean B0=88.0316 homogen=7728.4096
mean B0=94.0526 homogen=14996.9165
mean B0=105.4837 homogen=38610.3294
mean B0=101.7231 homogen=23742.8529
mean B0=105.2125 homogen=36959.5718
mean B0=101.1909 homogen=21776.1475
mean B0=94.0825 homogen=8990.3407
mean B0=102.2887 homogen=30370.8673
mean B0=96.6963 homogen=12502.8015
mean B0=96.3606 homogen=23175.8649
mean B0=97.6159 homogen=14307.6314
mean B0=82.9749 homogen=22458.9685
mean B0=85.5786 homogen=15067.2139
mean B0=101.8364 homogen=27275.9453
mean B0=96.7661 homogen=16424.6919
mean B0=88.8056 homogen=14662.2809
mean B0=94.1569 homogen=9262.8963
mean B0=93.186 homogen=23004.5714
mean B0=99.8309 homogen=19852.7369
mean B0=96.0706 homogen=16289.0767
mean B0=105.6322 homogen=38820.7227
mean B0=90.5244 homogen=8507.9264
mean B0=100.8282 homogen=20622.7382
mean B0=92.1999 homogen=10074.6169
mean B0=96.8839 homogen=14253.1874
mean B0=95.1056 homogen=131597.4184
mean B0=99.1235 homogen=18221.1431
   128 |     5120 |     40 |  0.000000E+00 |  0.000000E+00 |  0.0015953882 |             f
mean B0=105.2198 homogen=36970.1968
mean B0=100.3378 homogen=23156.7014
mean B0=99.3647 homogen=19254.411
mean B0=94.7891 homogen=10513.2076
mean B0=89.1165 homogen=10810.8429
mean B0=100.6784 homogen=24115.5246
mean B0=79.1337 homogen=114093.2948
mean B0=90.9716 homogen=4744.772
mean B0=100.1415 homogen=23607.291
mean B0=100.826 homogen=20208.1818
mean B0=102.0501 homogen=28696.276
mean B0=99.5716 homogen=21881.736
mean B0=86.1245 homogen=14246.2608
mean B0=95.6821 homogen=12351.1813
mean B0=91.0596 homogen=5472.1053
mean B0=101.1598 homogen=21812.999
mean B0=90.3865 homogen=16420.1565
mean B0=93.4392 homogen=7187.3459
mean B0=98.2539 homogen=15461.7287
mean B0=94.2785 homogen=11651.3049
mean B0=93.5015 homogen=23678.9001
mean B0=105.4336 homogen=38545.9875
mean B0=102.9298 homogen=30105.6417
mean B0=84.7432 homogen=15473.9225
mean B0=74.1006 homogen=133425.6239
mean B0=85.8449 homogen=4804.1937
mean B0=90.4465 homogen=14831.9162
mean B0=102.0051 homogen=30216.6174
mean B0=97.0273 homogen=15485.0298
mean B0=101.4952 homogen=23192.4219
mean B0=98.0004 homogen=16232.0519
mean B0=105.3285 homogen=29144.864
mean B0=100.0073 homogen=20960.6637
mean B0=105.6292 homogen=40154.8541
mean B0=89.1105 homogen=4204.7854
mean B0=105.7732 homogen=39207.3741
mean B0=81.158 homogen=14560.547
mean B0=90.606 homogen=29751.2374
mean B0=97.4478 homogen=14641.112
mean B0=95.3921 homogen=11636.8207
   129 |     5160 |     40 |  0.000000E+00 |  0.000000E+00 |  0.0040248241 |             f
mean B0=105.2283 homogen=36914.9574
mean B0=92.9637 homogen=94319.2317
mean B0=85.6316 homogen=3026.995
mean B0=99.0601 homogen=19001.9651
mean B0=98.5933 homogen=16382.2492
mean B0=96.1728 homogen=63081.7486
mean B0=96.7957 homogen=12689.5331
mean B0=95.8794 homogen=23612.696
mean B0=102.7762 homogen=30044.624
mean B0=96.3162 homogen=16399.091
mean B0=102.8453 homogen=28939.3307
mean B0=101.9311 homogen=24309.2826
mean B0=98.2395 homogen=19728.5636
mean B0=88.6538 homogen=3856.4109
mean B0=99.8349 homogen=26814.5174
mean B0=94.0988 homogen=8925.4611
mean B0=105.128 homogen=36779.7682
mean B0=102.7681 homogen=30201.4597
mean B0=91.0963 homogen=5569.6585
mean B0=104.1257 homogen=32463.8998
mean B0=102.4367 homogen=20892.5708
mean B0=101.2338 homogen=21930.0661
mean B0=75.9553 homogen=31432.2151
mean B0=104.1531 homogen=39451.6547
mean B0=102.0193 homogen=24980.4788
mean B0=97.9981 homogen=25746.9953
mean B0=89.0215 homogen=4099.9265
mean B0=78.2608 homogen=159234.9382
mean B0=96.3295 homogen=36732.0223
mean B0=100.8275 homogen=20625.415
mean B0=94.8771 homogen=10156.8694
mean B0=94.5499 homogen=10657.9207
mean B0=97.5774 homogen=24040.4483
mean B0=93.0224 homogen=6353.5966
mean B0=100.1938 homogen=24474.895
mean B0=102.0166 homogen=28785.0338
mean B0=90.8102 homogen=4699.7301
mean B0=97.4768 homogen=14302.5377
mean B0=99.1242 homogen=18219.8855
mean B0=92.7182 homogen=6264.3216
   130 |     5200 |     40 |  0.000000E+00 |  0.000000E+00 |  0.0027274486 |             f
mean B0=105.6738 homogen=38692.0899
mean B0=97.9681 homogen=17576.2938
mean B0=93.4397 homogen=7182.4864
mean B0=96.6953 homogen=12608.9783
mean B0=85.6316 homogen=3026.995
mean B0=94.4741 homogen=8873.6397
mean B0=97.7421 homogen=15547.8406
mean B0=100.3985 homogen=20283.0657
mean B0=99.4786 homogen=18530.9914
mean B0=93.4614 homogen=28528.9589
mean B0=96.5007 homogen=12601.4578
mean B0=75.5866 homogen=68497.8141
mean B0=104.1308 homogen=32469.5355
mean B0=102.3556 homogen=29935.706
mean B0=105.0198 homogen=33957.3413
mean B0=93.1673 homogen=11184.8641
mean B0=93.9928 homogen=8823.6603
mean B0=105.3564 homogen=38358.7074
mean B0=100.8983 homogen=20857.2192
mean B0=100.8025 homogen=21361.5801
mean B0=102.115 homogen=25284.3904
mean B0=89.3245 homogen=5486.919
mean B0=94.8771 homogen=10156.8694
mean B0=101.6075 homogen=22968.6605
mean B0=97.6159 homogen=14307.631
mean B0=95.2519 homogen=11318.4209
mean B0=97.0948 homogen=16390.8781
mean B0=74.2826 homogen=73969.443
mean B0=92.8583 homogen=6626.3988
mean B0=95.6831 homogen=23877.808
mean B0=97.744 homogen=14565.4858
mean B0=92.5857 homogen=6090.7782
mean B0=90.8107 homogen=4867.1528
mean B0=99.0383 homogen=18217.2365
mean B0=96.4457 homogen=12894.7089
mean B0=74.5128 homogen=20282.8701
mean B0=85.2928 homogen=7768.5116
mean B0=105.2216 homogen=36885.3992
mean B0=100.7036 homogen=25489.0527
mean B0=103.0077 homogen=40324.1082
   131 |     5240 |     40 |  0.000000E+00 |  0.000000E+00 |  0.0011458016 |             f
mean B0=95.3405 homogen=15911.6534
mean B0=100.6983 homogen=36630.4407
mean B0=88.7023 homogen=3690.2922
mean B0=76.4147 homogen=209622.1096
mean B0=92.5859 homogen=6092.3039
mean B0=99.6932 homogen=19273.0228
mean B0=93.0219 homogen=6354.5986
mean B0=100.7694 homogen=21150.6582
mean B0=85.6281 homogen=3031.4342
mean B0=97.7441 homogen=14566.3795
mean B0=81.71 homogen=159513.8218
mean B0=93.5032 homogen=7589.2262
mean B0=97.5063 homogen=17959.4902
mean B0=85.3893 homogen=20369.0153
mean B0=94.8226 homogen=11104.6209
mean B0=90.7972 homogen=35348.3062
mean B0=91.0136 homogen=38596.8361
mean B0=91.4552 homogen=23323.8804
mean B0=104.2932 homogen=32899.2129
mean B0=102.7655 homogen=28897.9816
mean B0=94.2289 homogen=11500.55
mean B0=97.2278 homogen=22909.3632
mean B0=93.4397 homogen=7182.4864
mean B0=101.6149 homogen=23390.1877
mean B0=105.2282 homogen=36928.2159
mean B0=104.8991 homogen=35704.8187
mean B0=96.7968 homogen=12689.6061
mean B0=105.9894 homogen=40196.184
mean B0=98.2583 homogen=15465.342
mean B0=98.8002 homogen=17077.381
mean B0=90.7743 homogen=4628.9424
mean B0=95.6264 homogen=11016.9854
mean B0=91.542 homogen=88357.0283
mean B0=105.3564 homogen=38358.7074
mean B0=91.7261 homogen=98009.5459
mean B0=95.8923 homogen=34947.4841
mean B0=96.9269 homogen=37517.5503
mean B0=92.3299 homogen=21774.9946
mean B0=102.9298 homogen=30105.6417
mean B0=87.0829 homogen=32640.8117
   132 |     5280 |     40 |  0.000000E+00 |  0.000000E+00 |  0.0106170787 |         ideal
mean B0=72.1627 homogen=69175.8243
mean B0=99.267 homogen=23737.9808
mean B0=100.7685 homogen=20017.6251
mean B0=98.5165 homogen=16360.6912
mean B0=101.9217 homogen=24142.6923
mean B0=91.0965 homogen=5571.0669
mean B0=104.8189 homogen=37069.7938
mean B0=102.914 homogen=30108.3003
mean B0=90.882 homogen=6154.2654
mean B0=100.2219 homogen=24063.5929
mean B0=96.0442 homogen=11314.4192
mean B0=102.2526 homogen=25368.3628
mean B0=89.3216 homogen=13408.4581
mean B0=93.5715 homogen=7172.5723
mean B0=94.7617 homogen=9845.187
mean B0=105.3882 homogen=37572.4311
mean B0=89.6996 homogen=39235.1743
mean B0=102.0571 homogen=24206.562
mean B0=93.0224 homogen=6353.5966
mean B0=104.133 homogen=35606.8263
mean B0=88.7056 homogen=3716.6585
mean B0=97.4204 homogen=24010.2898
mean B0=85.6765 homogen=3129.3297
mean B0=96.6691 homogen=12474.1809
mean B0=91.9159 homogen=119057.8473
mean B0=100.9729 homogen=21775.6725
mean B0=103.4422 homogen=30979.4644
mean B0=98.2661 homogen=15455.5463
mean B0=101.1701 homogen=21954.6131
mean B0=105.0391 homogen=37028.3458
mean B0=101.4986 homogen=22796.3267
mean B0=85.9139 homogen=3733.9917
mean B0=91.199 homogen=17877.7098
mean B0=99.5849 homogen=20623.0312
mean B0=104.4273 homogen=33532.428
mean B0=102.125 homogen=28706.8304
mean B0=74.8868 homogen=119539.9372
mean B0=105.6415 homogen=39606.7673
mean B0=97.1723 homogen=13935.3063
mean B0=101.2231 homogen=21824.0294
   133 |     5320 |     40 |  0.000000E+00 |  0.000000E+00 |  0.0027712148 |             f
mean B0=85.0492 homogen=14716.4136
mean B0=95.0096 homogen=5795.7455
mean B0=66.7808 homogen=278080.4574
mean B0=96.0412 homogen=38521.0355
mean B0=94.0955 homogen=8918.945
mean B0=94.4001 homogen=25160.0802
mean B0=100.042 homogen=20361.869
mean B0=88.9368 homogen=6240.2172
mean B0=98.6804 homogen=33198.4683
mean B0=102.0105 homogen=24780.3195
mean B0=104.06 homogen=33907.5889
mean B0=104.3249 homogen=39009.1351
mean B0=93.2193 homogen=93126.8821
mean B0=105.35 homogen=37440.5984
mean B0=99.3183 homogen=13750.6874
mean B0=86.0851 homogen=7023.5818
mean B0=101.0181 homogen=21646.2646
mean B0=100.7948 homogen=20122.3345
mean B0=94.0215 homogen=42931.2362
mean B0=106.9066 homogen=50349.936
mean B0=88.5161 homogen=90817.6511
mean B0=94.0 homogen=9980.4002
mean B0=91.8001 homogen=103120.6633
mean B0=86.5522 homogen=141452.1634
mean B0=94.2155 homogen=25993.4674
mean B0=90.7159 homogen=19521.7471
mean B0=100.4481 homogen=22974.5686
mean B0=93.9628 homogen=9483.4855
mean B0=96.8195 homogen=23426.7475
mean B0=100.8083 homogen=22699.8336
mean B0=94.4442 homogen=27771.9626
mean B0=103.0848 homogen=70424.5584
mean B0=103.4527 homogen=30771.4212
mean B0=99.0713 homogen=18266.4045
mean B0=100.7338 homogen=24644.9965
mean B0=103.4758 homogen=35418.5871
mean B0=89.219 homogen=20789.3923
mean B0=93.5968 homogen=7214.6572
mean B0=98.461 homogen=31672.7848
mean B0=95.1011 homogen=12120.6531
   134 |     5360 |     40 |  0.000000E+00 |  0.000000E+00 |  0.0006542579 |             f
mean B0=100.149 homogen=36737.0852
mean B0=86.0794 homogen=92288.8853
mean B0=98.4921 homogen=23281.0791
mean B0=101.7918 homogen=24421.2011
mean B0=95.0944 homogen=11763.4234
mean B0=97.7304 homogen=23136.5448
mean B0=91.0559 homogen=16385.7891
mean B0=98.6172 homogen=16348.5589
mean B0=96.9516 homogen=23284.1903
mean B0=105.3098 homogen=37050.0198
mean B0=102.1722 homogen=24187.2553
mean B0=90.4512 homogen=13031.1796
mean B0=100.5986 homogen=29111.5571
mean B0=105.7443 homogen=39197.2199
mean B0=92.1683 homogen=12421.742
mean B0=98.2808 homogen=15208.3262
mean B0=89.7813 homogen=21933.5489
mean B0=105.1824 homogen=37140.2243
mean B0=84.8767 homogen=4575.075
mean B0=96.6871 homogen=12637.852
mean B0=98.0774 homogen=22311.9591
mean B0=87.7251 homogen=6956.5844
mean B0=106.5897 homogen=37994.4311
mean B0=99.252 homogen=18557.9788
mean B0=102.0247 homogen=26610.7983
mean B0=98.8196 homogen=35737.0624
mean B0=88.6673 homogen=17400.5953
mean B0=101.6125 homogen=23703.1604
mean B0=96.8631 homogen=16503.6176
mean B0=104.0529 homogen=32410.7881
mean B0=95.8238 homogen=24979.7992
mean B0=97.9196 homogen=21814.8983
mean B0=99.3208 homogen=18318.9134
mean B0=100.8541 homogen=20229.3482
mean B0=91.2361 homogen=12974.4711
mean B0=97.2333 homogen=14272.3937
mean B0=101.4108 homogen=22542.7506
mean B0=90.8902 homogen=4698.4252
mean B0=101.8651 homogen=24167.7811
mean B0=99.6028 homogen=18690.8473
   135 |     5400 |     40 |  0.000000E+00 |  0.000000E+00 |  0.0018604119 |             f
mean B0=90.156 homogen=43641.4271
mean B0=102.6559 homogen=28866.9918
mean B0=99.2997 homogen=19563.5431
mean B0=94.1949 homogen=25733.3009
mean B0=94.1387 homogen=32747.035
mean B0=105.7442 homogen=39167.422
mean B0=99.7758 homogen=23932.378
mean B0=96.9717 homogen=13972.6175
mean B0=86.7247 homogen=17955.3389
mean B0=92.2639 homogen=10759.2514
mean B0=95.327 homogen=23352.2908
mean B0=100.8544 homogen=20228.1944
mean B0=105.9892 homogen=40199.9353
mean B0=96.669 homogen=12468.2575
mean B0=94.1791 homogen=8660.4566
mean B0=97.4197 homogen=14136.8057
mean B0=87.9255 homogen=15354.6628
mean B0=91.1118 homogen=5548.1458
mean B0=96.4744 homogen=23464.5905
mean B0=104.2805 homogen=34254.4616
mean B0=84.6398 homogen=119244.9426
mean B0=101.5724 homogen=22611.0404
mean B0=89.6584 homogen=37968.2253
mean B0=96.9694 homogen=23266.9152
mean B0=96.2222 homogen=37356.9797
mean B0=104.4272 homogen=33533.2046
mean B0=98.6048 homogen=26407.8109
mean B0=94.2909 homogen=8867.0092
mean B0=94.129 homogen=8656.2339
mean B0=94.5026 homogen=9525.6958
mean B0=94.0636 homogen=15804.0289
mean B0=100.768 homogen=20018.3982
mean B0=92.1968 homogen=38778.4604
mean B0=101.0193 homogen=21648.9099
mean B0=93.7457 homogen=12289.6813
mean B0=99.3642 homogen=18556.2711
mean B0=86.3732 homogen=3762.9775
mean B0=83.2036 homogen=111448.8103
mean B0=95.7849 homogen=20194.0907
mean B0=103.0043 homogen=35504.8783
   136 |     5440 |     40 |  0.000000E+00 |  0.000000E+00 |  0.0034178712 |             f
mean B0=94.129 homogen=8656.2339
mean B0=98.6172 homogen=16348.5589
mean B0=86.3567 homogen=5231.5943
mean B0=102.6803 homogen=28968.2609
mean B0=101.4559 homogen=22498.0206
mean B0=99.6947 homogen=19276.2537
mean B0=101.8111 homogen=24457.3972
mean B0=101.4117 homogen=22549.8339
mean B0=100.8418 homogen=20490.1148
mean B0=94.9548 homogen=10804.3899
mean B0=88.6471 homogen=19630.1894
mean B0=97.1462 homogen=13851.137
mean B0=85.6099 homogen=38097.2382
mean B0=96.997 homogen=46647.5213
mean B0=94.14 homogen=9860.3616
mean B0=99.3642 homogen=18556.2711
mean B0=94.8892 homogen=11470.4249
mean B0=88.4658 homogen=4747.416
mean B0=103.1986 homogen=70938.0282
mean B0=104.0529 homogen=32410.7881
mean B0=98.2808 homogen=15208.3262
mean B0=94.5026 homogen=9525.6958
mean B0=105.0303 homogen=41127.7637
mean B0=105.7195 homogen=39025.4358
mean B0=93.6952 homogen=7957.4117
mean B0=80.1404 homogen=167778.6108
mean B0=99.2346 homogen=18537.05
mean B0=100.7677 homogen=20011.3439
mean B0=78.0722 homogen=52384.9465
mean B0=97.6808 homogen=14390.6517
mean B0=93.5698 homogen=21742.2796
mean B0=93.0468 homogen=6394.0953
mean B0=102.2518 homogen=25371.0015
mean B0=96.7328 homogen=41631.158
mean B0=101.1915 homogen=24949.6571
mean B0=90.8087 homogen=6975.916
mean B0=94.4612 homogen=11765.0443
mean B0=103.2263 homogen=31335.4622
mean B0=94.7617 homogen=9845.3396
mean B0=85.6316 homogen=3026.995
   137 |     5480 |     40 |  0.000000E+00 |  0.000000E+00 |  0.0012949143 |             f
mean B0=97.6666 homogen=15406.2944
mean B0=88.5402 homogen=5675.2794
mean B0=101.7771 homogen=24375.1508
mean B0=85.2449 homogen=6954.3716
mean B0=87.5958 homogen=18497.3807
mean B0=87.9481 homogen=54277.3182
mean B0=102.6761 homogen=28933.4602
mean B0=101.0416 homogen=24547.1145
mean B0=102.1462 homogen=28065.0813
mean B0=99.5048 homogen=18614.712
mean B0=99.7505 homogen=22032.8467
mean B0=90.9158 homogen=30058.5098
mean B0=101.5891 homogen=22883.0366
mean B0=84.4299 homogen=50406.2862
mean B0=94.9542 homogen=10797.7407
mean B0=97.366 homogen=25373.9047
mean B0=97.0069 homogen=13630.0628
mean B0=99.585 homogen=20899.426
mean B0=98.6172 homogen=16348.5589
mean B0=98.8259 homogen=22527.305
mean B0=97.8376 homogen=14767.4735
mean B0=100.1947 homogen=48482.5482
mean B0=105.2634 homogen=37031.9219
mean B0=88.9765 homogen=5836.3224
mean B0=92.7277 homogen=91823.7469
mean B0=99.3884 homogen=22811.9783
mean B0=98.6202 homogen=16359.45
mean B0=95.5706 homogen=24449.0782
mean B0=96.0443 homogen=11272.9229
mean B0=101.0473 homogen=20906.9989
mean B0=99.9911 homogen=21360.8811
mean B0=100.2221 homogen=51899.8713
mean B0=94.7808 homogen=25722.5022
mean B0=97.4743 homogen=20918.9491
mean B0=103.4533 homogen=30765.309
mean B0=96.9894 homogen=17109.1688
mean B0=87.4779 homogen=139631.8263
mean B0=104.7463 homogen=36774.7647
mean B0=92.5857 homogen=6090.7782
mean B0=105.3962 homogen=38847.3499
   138 |     5520 |     40 |  0.000000E+00 |  0.000000E+00 |  0.0023828209 |             f
mean B0=89.7701 homogen=44647.4976
mean B0=95.1843 homogen=11952.6285
mean B0=99.0434 homogen=17834.2934
mean B0=99.2773 homogen=20435.0806
mean B0=97.8645 homogen=17376.6641
mean B0=102.6194 homogen=29406.0395
mean B0=104.1286 homogen=33368.1815
mean B0=98.9091 homogen=21299.2109
mean B0=80.4366 homogen=229869.9345
mean B0=97.4086 homogen=25560.3467
mean B0=90.4956 homogen=8467.2708
mean B0=93.4496 homogen=23753.7524
mean B0=102.6921 homogen=28582.6409
mean B0=86.2901 homogen=47300.8273
mean B0=101.5238 homogen=20920.4232
mean B0=98.3559 homogen=18682.8137
mean B0=100.4325 homogen=37491.5732
mean B0=90.242 homogen=25093.3173
mean B0=104.9413 homogen=35010.3621
mean B0=85.8883 homogen=3157.4167
mean B0=98.1356 homogen=17582.5101
mean B0=86.2678 homogen=32551.5186
mean B0=100.7658 homogen=20433.4208
mean B0=94.9548 homogen=10804.3899
mean B0=84.0936 homogen=25116.6816
mean B0=99.6097 homogen=18765.3115
mean B0=93.6794 homogen=25322.033
mean B0=106.0894 homogen=41025.5288
mean B0=76.6601 homogen=249586.2646
mean B0=99.9326 homogen=35140.7492
mean B0=94.3344 homogen=8739.5085
mean B0=100.42 homogen=22545.082
mean B0=96.0176 homogen=11042.163
mean B0=105.682 homogen=38806.0139
mean B0=92.5122 homogen=97985.9702
mean B0=95.2789 homogen=35685.0938
mean B0=67.2497 homogen=197392.8103
mean B0=65.5904 homogen=75116.3752
mean B0=105.9459 homogen=41101.6229
mean B0=77.9796 homogen=136146.7862
   139 |     5560 |     40 |  0.000000E+00 |  0.000000E+00 |  0.0048901062 |         ideal
mean B0=104.3066 homogen=43056.7779
mean B0=95.3795 homogen=28617.7902
mean B0=96.0905 homogen=11652.41
mean B0=89.9576 homogen=13797.8412
mean B0=104.1811 homogen=32683.8291
mean B0=96.6674 homogen=12434.8877
mean B0=100.3771 homogen=21584.5615
mean B0=98.5341 homogen=22720.3774
mean B0=80.8519 homogen=31511.122
mean B0=90.7857 homogen=16336.8108
mean B0=100.0329 homogen=23252.9216
mean B0=105.3882 homogen=37572.4311
mean B0=98.676 homogen=16134.6787
mean B0=88.1152 homogen=11491.0344
mean B0=99.794 homogen=19578.7614
mean B0=105.6873 homogen=38814.903
mean B0=101.5891 homogen=22883.0366
mean B0=105.0808 homogen=36262.2787
mean B0=94.8293 homogen=11251.153
mean B0=94.7371 homogen=47377.3361
mean B0=99.2686 homogen=21911.0942
mean B0=92.0309 homogen=30342.9764
mean B0=98.8557 homogen=19327.7093
mean B0=100.4531 homogen=22273.875
mean B0=104.2987 homogen=33253.9057
mean B0=93.5991 homogen=7243.736
mean B0=88.3452 homogen=20834.8757
mean B0=98.5681 homogen=18096.0757
mean B0=75.4583 homogen=58717.9525
mean B0=90.4074 homogen=14915.565
mean B0=85.8296 homogen=25009.7462
mean B0=94.9542 homogen=10797.7407
mean B0=103.3887 homogen=31017.4463
mean B0=93.5217 homogen=14634.4018
mean B0=98.8374 homogen=19608.965
mean B0=104.9356 homogen=34993.8654
mean B0=86.121 homogen=3099.5823
mean B0=80.9226 homogen=129307.1165
mean B0=98.8807 homogen=20374.9739
mean B0=74.6907 homogen=258115.6741
   140 |     5600 |     40 |  0.000000E+00 |  0.000000E+00 |  0.0011445293 |             f
mean B0=104.2315 homogen=33372.0949
mean B0=105.106 homogen=36205.6133
mean B0=97.9887 homogen=14407.1783
mean B0=95.8862 homogen=11570.7436
mean B0=88.7023 homogen=3690.2922
mean B0=72.8672 homogen=68905.8656
mean B0=96.9665 homogen=16530.3347
mean B0=90.8784 homogen=104436.3329
mean B0=105.0302 homogen=35675.2188
mean B0=97.1547 homogen=21218.2348
mean B0=94.0171 homogen=10271.4166
mean B0=103.4736 homogen=30635.7942
mean B0=87.2765 homogen=6947.5414
mean B0=94.4638 homogen=12450.2213
mean B0=86.6 homogen=34498.5135
mean B0=80.3683 homogen=125148.0832
mean B0=92.8774 homogen=8202.1406
mean B0=103.9647 homogen=33209.8842
mean B0=84.7227 homogen=21839.1997
mean B0=104.7636 homogen=35809.0354
mean B0=95.1273 homogen=11152.9984
mean B0=101.5608 homogen=22932.2562
mean B0=99.7975 homogen=19639.8997
mean B0=69.3456 homogen=81985.7115
mean B0=105.6873 homogen=38814.694
mean B0=94.9037 homogen=13199.7085
mean B0=89.2419 homogen=5522.6674
mean B0=100.9195 homogen=26723.0174
mean B0=100.4516 homogen=21319.2012
mean B0=92.6684 homogen=13016.7176
mean B0=93.9967 homogen=13858.0518
mean B0=102.6723 homogen=28707.5582
mean B0=96.7096 homogen=12306.1207
mean B0=95.3213 homogen=16593.2086
mean B0=102.1425 homogen=25174.4719
mean B0=90.1268 homogen=16655.1416
mean B0=98.8451 homogen=17308.2323
mean B0=101.9283 homogen=23961.8111
mean B0=102.3948 homogen=28921.4492
mean B0=102.6139 homogen=19169.1496
   141 |     5640 |     40 |  0.000000E+00 |  0.000000E+00 |  0.0024615828 |             f
mean B0=77.5289 homogen=56007.8246
mean B0=102.6921 homogen=28582.3049
mean B0=96.7145 homogen=15757.0661
mean B0=85.4551 homogen=4039.9847
mean B0=90.0899 homogen=7341.1128
mean B0=94.3332 homogen=8607.3428
mean B0=87.0116 homogen=27760.0276
mean B0=91.178 homogen=13389.0279
mean B0=93.8268 homogen=10030.9468
mean B0=104.6503 homogen=35628.1415
mean B0=60.6673 homogen=79110.8672
mean B0=99.0434 homogen=17834.2934
mean B0=99.7527 homogen=19381.0643
mean B0=93.5632 homogen=8804.1686
mean B0=100.1923 homogen=20731.6008
mean B0=105.8965 homogen=40780.1589
mean B0=105.4739 homogen=37766.9069
mean B0=104.3467 homogen=33390.0757
mean B0=91.2781 homogen=11420.5908
mean B0=94.9847 homogen=10472.4599
mean B0=99.3197 homogen=17832.5639
mean B0=82.9316 homogen=28949.5662
mean B0=100.3177 homogen=22611.0555
mean B0=101.655 homogen=23212.4948
mean B0=101.5226 homogen=22958.2687
mean B0=92.4778 homogen=7422.1834
mean B0=93.6951 homogen=7959.2555
mean B0=91.1395 homogen=35114.6364
mean B0=78.5808 homogen=123344.6579
mean B0=100.4632 homogen=55966.4585
mean B0=63.8569 homogen=79624.5037
mean B0=102.2526 homogen=25368.3628
mean B0=97.9768 homogen=16210.9092
mean B0=99.1084 homogen=44514.4639
mean B0=104.4809 homogen=34632.8838
mean B0=102.1075 homogen=24274.6254
mean B0=101.798 homogen=23566.9552
mean B0=103.5546 homogen=30781.8231
mean B0=93.1423 homogen=21003.8348
mean B0=95.9799 homogen=11272.5938
   142 |     5680 |     40 |  0.000000E+00 |  0.000000E+00 |  0.0038385590 |             f
mean B0=96.0176 homogen=11042.163
mean B0=104.4689 homogen=45743.787
mean B0=101.1216 homogen=21681.8145
mean B0=104.9619 homogen=35116.9811
mean B0=93.8136 homogen=32774.174
mean B0=99.6878 homogen=19223.563
mean B0=103.1809 homogen=29866.3875
mean B0=91.9847 homogen=8898.4863
mean B0=90.5793 homogen=6891.7503
mean B0=105.7567 homogen=38201.4114
mean B0=100.7159 homogen=19852.3725
mean B0=103.1405 homogen=29733.7217
mean B0=94.3775 homogen=8692.6608
mean B0=83.2187 homogen=83624.2234
mean B0=99.4814 homogen=18479.095
mean B0=101.0531 homogen=20865.1157
mean B0=103.0291 homogen=29532.2942
mean B0=104.1065 homogen=33527.9611
mean B0=94.3539 homogen=8762.515
mean B0=95.2046 homogen=18576.3366
mean B0=89.1105 homogen=4204.7854
mean B0=86.6067 homogen=9732.4454
mean B0=100.1313 homogen=20486.2378
mean B0=98.8193 homogen=17437.2199
mean B0=94.5619 homogen=10960.2885
mean B0=90.5746 homogen=5076.0425
mean B0=99.2153 homogen=20161.146
mean B0=96.0858 homogen=15847.9172
mean B0=92.718 homogen=6292.3154
mean B0=101.4833 homogen=22596.7498
mean B0=98.7266 homogen=16283.6756
mean B0=103.1025 homogen=29598.2275
mean B0=85.5958 homogen=3020.1878
mean B0=101.9843 homogen=24336.4291
mean B0=107.7554 homogen=44346.4776
mean B0=85.6257 homogen=3090.4643
mean B0=105.5315 homogen=37832.5765
mean B0=70.1018 homogen=82035.2354
mean B0=105.9659 homogen=40133.8934
mean B0=95.8357 homogen=13301.1044
   143 |     5720 |     40 |  0.000000E+00 |  0.000000E+00 |  0.0028737661 |             f
mean B0=85.2958 homogen=144592.5928
mean B0=102.1311 homogen=24100.5982
mean B0=94.3751 homogen=8685.6344
mean B0=86.6381 homogen=7787.1439
mean B0=101.4182 homogen=23050.3788
mean B0=103.1587 homogen=30103.325
mean B0=98.7453 homogen=19997.1464
mean B0=94.1531 homogen=10710.0477
mean B0=98.6996 homogen=20659.9659
mean B0=98.6561 homogen=18429.7654
mean B0=101.0505 homogen=52882.514
mean B0=104.8484 homogen=34606.142
mean B0=103.5311 homogen=30899.0013
mean B0=100.9837 homogen=21198.6313
mean B0=103.4128 homogen=32658.865
mean B0=96.029 homogen=11073.852
mean B0=101.711 homogen=23051.3449
mean B0=97.2134 homogen=37459.5066
mean B0=97.1966 homogen=20050.3307
mean B0=101.4427 homogen=22511.1344
mean B0=101.6912 homogen=26558.1463
mean B0=98.6545 homogen=16304.3945
mean B0=93.8396 homogen=9472.5107
mean B0=88.6232 homogen=9757.7046
mean B0=94.445 homogen=8586.0428
mean B0=102.7149 homogen=28346.8478
mean B0=67.399 homogen=86199.5769
mean B0=94.1186 homogen=10767.5354
mean B0=101.2957 homogen=21980.2606
mean B0=102.401 homogen=46328.9704
mean B0=81.6645 homogen=109151.9625
mean B0=99.4261 homogen=18126.2877
mean B0=104.1308 homogen=33415.5728
mean B0=75.1478 homogen=69674.0992
mean B0=92.4644 homogen=7406.0655
mean B0=103.0171 homogen=29486.9231
mean B0=101.6658 homogen=24026.0022
mean B0=104.4011 homogen=34191.7025
mean B0=86.4931 homogen=10508.9456
mean B0=93.7287 homogen=8121.3069
   144 |     5760 |     40 |  0.000000E+00 |  0.000000E+00 |  0.0018889870 |             f
mean B0=100.513 homogen=22161.1585
mean B0=98.5969 homogen=22865.6426
mean B0=86.4991 homogen=14420.5429
mean B0=84.4007 homogen=18347.0492
mean B0=103.9945 homogen=31935.6232
mean B0=91.626 homogen=18468.7235
mean B0=105.7567 homogen=38201.4114
mean B0=101.0532 homogen=20859.3756
mean B0=97.2907 homogen=22236.9366
mean B0=97.95 homogen=22603.37
mean B0=103.9175 homogen=32102.2569
mean B0=89.2551 homogen=153213.304
mean B0=91.1358 homogen=13943.3408
mean B0=95.8734 homogen=23721.0433
mean B0=105.145 homogen=35841.9536
mean B0=85.5452 homogen=120091.8627
mean B0=101.7537 homogen=27807.842
mean B0=90.7822 homogen=30667.2303
mean B0=96.0113 homogen=11030.7372
mean B0=94.7291 homogen=11706.3837
mean B0=89.1462 homogen=27680.0392
mean B0=84.4644 homogen=143899.8082
mean B0=94.383 homogen=32975.5326
mean B0=96.9652 homogen=19014.3551
mean B0=93.1042 homogen=6646.1387
mean B0=89.3658 homogen=5737.6653
mean B0=75.2312 homogen=58586.4648
mean B0=106.0888 homogen=41027.2713
mean B0=94.5025 homogen=27818.821
mean B0=101.684 homogen=22879.1577
mean B0=93.9724 homogen=24177.8051
mean B0=104.4175 homogen=34319.0227
mean B0=90.4563 homogen=14593.0023
mean B0=97.6542 homogen=13807.996
mean B0=105.0463 homogen=36197.8208
mean B0=100.9828 homogen=24244.2948
mean B0=99.594 homogen=18404.701
mean B0=99.9443 homogen=19602.6417
mean B0=88.7072 homogen=3683.0281
mean B0=93.9459 homogen=101782.6238
   145 |     5800 |     40 |  0.000000E+00 |  0.000000E+00 |  0.0033910654 |             f
mean B0=97.6881 homogen=15305.6069
mean B0=105.5879 homogen=40363.8217
mean B0=70.4262 homogen=181886.659
mean B0=72.5217 homogen=83314.9533
mean B0=101.4187 homogen=22081.6045
mean B0=96.9852 homogen=19165.8185
mean B0=104.547 homogen=32800.5329
mean B0=96.0233 homogen=25089.607
mean B0=91.4452 homogen=16431.4533
mean B0=93.7287 homogen=8121.3069
mean B0=105.7567 homogen=38201.4114
mean B0=105.9356 homogen=39867.8497
mean B0=91.2699 homogen=13210.3923
mean B0=73.4921 homogen=71191.3757
mean B0=100.172 homogen=43085.3789
mean B0=102.7753 homogen=33689.162
mean B0=103.1772 homogen=30251.5307
mean B0=90.3943 homogen=10985.1407
mean B0=78.6057 homogen=233088.0416
mean B0=101.8967 homogen=36683.529
mean B0=99.9235 homogen=19148.5748
mean B0=100.0631 homogen=20235.9453
mean B0=96.2572 homogen=15744.3054
mean B0=96.7293 homogen=14677.8389
mean B0=101.9751 homogen=23830.671
mean B0=103.2388 homogen=43578.153
mean B0=93.5212 homogen=118970.0586
mean B0=79.1444 homogen=227356.0326
mean B0=90.8805 homogen=17242.4329
mean B0=103.5558 homogen=21195.8787
mean B0=70.8407 homogen=76158.3368
mean B0=87.9488 homogen=47087.7692
mean B0=92.0804 homogen=22536.657
mean B0=99.1892 homogen=20575.7957
mean B0=93.9569 homogen=20412.5291
mean B0=81.6853 homogen=21571.9447
mean B0=88.9047 homogen=16985.8425
mean B0=91.2034 homogen=10104.9932
mean B0=89.3844 homogen=80363.0452
mean B0=98.6324 homogen=23281.879
   146 |     5840 |     40 |  0.000000E+00 |  0.000000E+00 |  0.0013553435 |             f
mean B0=106.1714 homogen=40479.6823
mean B0=96.7597 homogen=12424.1097
mean B0=103.6855 homogen=31541.0312
mean B0=94.0461 homogen=26806.617
mean B0=91.9159 homogen=92824.2251
mean B0=95.3828 homogen=10706.131
mean B0=103.1901 homogen=30404.4633
mean B0=84.7046 homogen=3905.3497
mean B0=102.75 homogen=28476.2708
mean B0=78.1803 homogen=134063.7698
mean B0=91.9163 homogen=23343.8244
mean B0=70.1792 homogen=78525.5229
mean B0=104.035 homogen=31779.8482
mean B0=100.3011 homogen=21340.1785
mean B0=95.3296 homogen=24349.1646
mean B0=101.9737 homogen=23494.7735
mean B0=95.8491 homogen=12668.8919
mean B0=101.4994 homogen=20517.7467
mean B0=93.1041 homogen=35013.5247
mean B0=97.4101 homogen=18075.3651
mean B0=93.6185 homogen=95780.3051
mean B0=98.2312 homogen=15092.6429
mean B0=99.0878 homogen=19564.7643
mean B0=100.5225 homogen=46405.1179
mean B0=97.1461 homogen=13851.2592
mean B0=86.2436 homogen=7391.4316
mean B0=83.2891 homogen=27589.1873
mean B0=97.824 homogen=11640.1224
mean B0=101.0161 homogen=20731.5367
mean B0=102.2526 homogen=25368.41
mean B0=95.7228 homogen=29512.9796
mean B0=92.1026 homogen=13973.596
mean B0=99.9062 homogen=19732.5565
mean B0=99.6541 homogen=20708.8713
mean B0=101.5819 homogen=20945.3729
mean B0=105.3018 homogen=36595.3049
mean B0=93.5973 homogen=12103.2039
mean B0=104.8484 homogen=34606.142
mean B0=105.2146 homogen=41377.9781
mean B0=90.9719 homogen=39900.8619
   147 |     5880 |     40 |  0.000000E+00 |  0.000000E+00 |  0.0039841857 |         ideal
mean B0=91.487 homogen=39406.0148
mean B0=96.0113 homogen=11030.7372
mean B0=99.5809 homogen=18459.8706
mean B0=98.3871 homogen=19035.4935
mean B0=102.093 homogen=24748.8687
mean B0=97.1468 homogen=13847.1536
mean B0=88.889 homogen=29119.9544
mean B0=101.0332 homogen=20825.1253
mean B0=82.6624 homogen=37776.8141
mean B0=102.9711 homogen=40356.9423
mean B0=107.3109 homogen=41945.85
mean B0=96.3206 homogen=11946.438
mean B0=106.3819 homogen=40921.3194
mean B0=92.7292 homogen=23110.6872
mean B0=102.7149 homogen=28346.8478
mean B0=85.794 homogen=5125.5233
mean B0=95.3742 homogen=11434.8323
mean B0=103.8861 homogen=31159.7292
mean B0=66.4672 homogen=82877.3058
mean B0=76.2386 homogen=29148.3487
mean B0=105.3038 homogen=36600.0851
mean B0=105.2317 homogen=29071.0623
mean B0=103.1932 homogen=29922.0995
mean B0=103.5891 homogen=30915.5207
mean B0=91.1157 homogen=5878.5292
mean B0=104.8477 homogen=34608.9296
mean B0=98.5928 homogen=15877.016
mean B0=100.2396 homogen=20236.0091
mean B0=101.7288 homogen=23709.2872
mean B0=98.6841 homogen=19409.014
mean B0=99.7012 homogen=19444.3185
mean B0=93.7272 homogen=8348.604
mean B0=93.5811 homogen=9044.6912
mean B0=93.8198 homogen=31839.353
mean B0=94.9847 homogen=10472.4599
mean B0=101.886 homogen=27955.038
mean B0=97.9899 homogen=14643.5445
mean B0=105.294 homogen=36502.4097
mean B0=101.4261 homogen=22870.3292
mean B0=89.2848 homogen=3859.5149
   148 |     5920 |     40 |  0.000000E+00 |  0.000000E+00 |  0.0101285484 |         ideal
mean B0=97.873 homogen=16453.2884
mean B0=105.3213 homogen=36621.0546
mean B0=93.6952 homogen=7957.4117
mean B0=90.575 homogen=9619.6675
mean B0=105.9354 homogen=39869.388
mean B0=100.5931 homogen=20825.5658
mean B0=101.6535 homogen=27411.3047
mean B0=91.5073 homogen=4409.0747
mean B0=96.7332 homogen=12570.775
mean B0=101.9735 homogen=23493.5155
mean B0=85.88 homogen=5652.0247
mean B0=102.6121 homogen=28060.7309
mean B0=102.7312 homogen=29120.651
mean B0=91.5655 homogen=61386.2062
mean B0=95.3974 homogen=22493.9399
mean B0=100.5454 homogen=19273.4281
mean B0=75.2312 homogen=58586.4648
mean B0=94.8109 homogen=23861.6905
mean B0=98.7579 homogen=23414.7126
mean B0=95.4051 homogen=10970.1089
mean B0=90.834 homogen=5367.1692
mean B0=97.1172 homogen=13806.58
mean B0=93.1042 homogen=6646.1387
mean B0=99.8533 homogen=19871.7553
mean B0=106.0394 homogen=41750.727
mean B0=103.0446 homogen=30384.6078
mean B0=100.9536 homogen=23129.3722
mean B0=96.9987 homogen=14536.9172
mean B0=102.2802 homogen=25203.114
mean B0=102.1312 homogen=24099.2045
mean B0=84.7152 homogen=24410.0648
mean B0=104.9935 homogen=35197.5041
mean B0=101.4055 homogen=22255.1628
mean B0=99.7934 homogen=22414.0548
mean B0=94.0905 homogen=23101.8184
mean B0=93.6613 homogen=11010.4021
mean B0=105.7567 homogen=38201.4114
mean B0=94.4964 homogen=18320.5943
mean B0=98.9735 homogen=19556.5993
mean B0=96.2969 homogen=15617.5409
   149 |     5960 |     40 |  0.000000E+00 |  0.000000E+00 |  0.0023774043 |             f
mean B0=79.3739 homogen=136717.2707
mean B0=73.0868 homogen=70428.6971
mean B0=93.4079 homogen=10381.9789
mean B0=94.3687 homogen=8692.0974
mean B0=96.4324 homogen=11887.0016
mean B0=98.8059 homogen=20993.4559
mean B0=103.9771 homogen=31615.1759
mean B0=105.8336 homogen=38814.1846
mean B0=105.9178 homogen=40369.5337
mean B0=100.1814 homogen=21248.1099
mean B0=93.0612 homogen=35017.4373
mean B0=98.7052 homogen=17788.7896
mean B0=99.5311 homogen=23863.9659
mean B0=100.5645 homogen=23785.2542
mean B0=105.6986 homogen=38882.92
mean B0=105.3191 homogen=36610.9612
mean B0=98.0021 homogen=14669.9653
mean B0=97.9321 homogen=14235.7055
mean B0=93.6065 homogen=7330.0669
mean B0=88.5285 homogen=19412.4111
mean B0=89.4234 homogen=5531.8185
mean B0=89.1925 homogen=28180.1571
mean B0=104.7865 homogen=34627.5386
mean B0=95.0578 homogen=10801.611
mean B0=94.3959 homogen=8707.7167
mean B0=105.2277 homogen=37007.1283
mean B0=83.345 homogen=193373.2622
mean B0=100.7084 homogen=19708.6184
mean B0=103.2001 homogen=29216.2179
mean B0=100.8882 homogen=26642.7168
mean B0=85.5929 homogen=10383.8561
mean B0=105.293 homogen=36511.0262
mean B0=94.1026 homogen=43543.0878
mean B0=98.84 homogen=17325.4031
mean B0=105.2181 homogen=36106.8633
mean B0=96.7617 homogen=12427.6921
mean B0=94.8801 homogen=34315.2541
mean B0=83.2782 homogen=131261.4601
mean B0=93.3809 homogen=8150.4546
mean B0=99.5906 homogen=18398.2223
   150 |     6000 |     40 |  0.000000E+00 |  0.000000E+00 |  0.0040761900 |             f
mean B0=98.0021 homogen=14669.9653
mean B0=90.8914 homogen=14840.7374
mean B0=102.1979 homogen=24878.5181
mean B0=96.968 homogen=21157.6786
mean B0=105.3321 homogen=36641.198
mean B0=97.9321 homogen=14238.0468
mean B0=97.0537 homogen=13178.3104
mean B0=59.5191 homogen=101441.8716
mean B0=100.8292 homogen=22539.3266
mean B0=98.6354 homogen=15828.3206
mean B0=98.9845 homogen=22659.3861
mean B0=100.5696 homogen=19315.321
mean B0=84.2738 homogen=37133.4683
mean B0=99.3268 homogen=18808.1979
mean B0=101.6007 homogen=22607.2118
mean B0=103.0941 homogen=26788.1648
mean B0=103.039 homogen=43437.2742
mean B0=98.3308 homogen=40249.6889
mean B0=99.1295 homogen=30484.3443
mean B0=93.843 homogen=7744.0173
mean B0=83.4314 homogen=82546.0923
mean B0=90.8092 homogen=16354.0155
mean B0=89.2716 homogen=20563.3443
mean B0=91.2603 homogen=34273.8826
mean B0=96.7303 homogen=12363.4708
mean B0=102.6119 homogen=28063.9068
mean B0=104.056 homogen=32281.1617
mean B0=106.2664 homogen=39134.01
mean B0=98.219 homogen=28124.0202
mean B0=100.6673 homogen=19857.7424
mean B0=97.4636 homogen=25685.3967
mean B0=102.7679 homogen=32697.3339
mean B0=101.8458 homogen=21851.5625
mean B0=94.9037 homogen=34589.4657
mean B0=101.7961 homogen=23301.8948
mean B0=100.0111 homogen=25179.8341
mean B0=99.4989 homogen=23067.8837
mean B0=103.4184 homogen=32256.1437
mean B0=101.3987 homogen=22009.7184
mean B0=80.7164 homogen=29476.062
   151 |     6040 |     40 |  0.000000E+00 |  0.000000E+00 |  0.0036619514 |             f
mean B0=85.5687 homogen=3047.9691
mean B0=92.6488 homogen=6187.8586
mean B0=98.6323 homogen=18028.349
mean B0=84.8532 homogen=30611.751
mean B0=96.2009 homogen=13826.4407
mean B0=97.475 homogen=16714.6688
mean B0=97.8422 homogen=32434.8883
mean B0=98.0075 homogen=14432.9755
mean B0=96.4321 homogen=11889.6928
mean B0=101.6004 homogen=22601.9717
mean B0=102.1089 homogen=24014.7116
mean B0=105.0912 homogen=35695.0037
mean B0=101.5065 homogen=21906.895
mean B0=101.0182 homogen=20813.4223
mean B0=103.442 homogen=30600.1548
mean B0=98.0303 homogen=14722.188
mean B0=101.4269 homogen=23899.5145
mean B0=103.9771 homogen=31615.1759
mean B0=92.6477 homogen=37196.6451
mean B0=105.3321 homogen=36641.198
mean B0=86.1491 homogen=3077.2046
mean B0=83.6249 homogen=33339.6758
mean B0=106.6118 homogen=42071.0123
mean B0=102.6408 homogen=30863.9288
mean B0=95.5336 homogen=16965.2485
mean B0=97.4699 homogen=26404.0197
mean B0=94.4296 homogen=42034.6964
mean B0=99.5165 homogen=18729.2245
mean B0=97.1468 homogen=13847.4337
mean B0=94.984 homogen=10479.0594
mean B0=95.4119 homogen=11017.6923
mean B0=105.4668 homogen=36586.1223
mean B0=100.0755 homogen=19862.0032
mean B0=101.7696 homogen=18017.5971
mean B0=105.5989 homogen=37308.7179
mean B0=104.1014 homogen=33353.1905
mean B0=103.5414 homogen=26439.4939
mean B0=97.0537 homogen=13178.3104
mean B0=103.0207 homogen=24403.7631
mean B0=88.7072 homogen=3683.0281
   152 |     6080 |     40 |  0.000000E+00 |  0.000000E+00 |  0.0109379983 |         ideal
mean B0=100.9639 homogen=20441.9684
mean B0=100.7206 homogen=19851.1319
mean B0=106.3804 homogen=39556.5714
mean B0=105.0913 homogen=35695.7908
mean B0=98.0892 homogen=19187.6522
mean B0=99.594 homogen=18404.701
mean B0=93.5086 homogen=21364.2045
mean B0=101.2003 homogen=21387.4606
mean B0=103.344 homogen=26535.5624
mean B0=101.3712 homogen=58982.6084
mean B0=93.8003 homogen=7678.1432
mean B0=71.4524 homogen=74140.1339
mean B0=85.5303 homogen=7184.4578
mean B0=98.8098 homogen=23380.3994
mean B0=105.5989 homogen=37308.7179
mean B0=91.5671 homogen=4839.0076
mean B0=96.1358 homogen=13200.9575
mean B0=88.3237 homogen=100811.1226
mean B0=95.9027 homogen=27295.5089
mean B0=99.1105 homogen=42932.4862
mean B0=101.0208 homogen=33500.9261
mean B0=98.8394 homogen=17264.9285
mean B0=104.0254 homogen=33121.6015
mean B0=91.1155 homogen=94221.6996
mean B0=95.6236 homogen=26267.613
mean B0=97.9321 homogen=14235.7055
mean B0=96.4314 homogen=24633.4733
mean B0=95.6225 homogen=23024.9548
mean B0=102.0215 homogen=25443.5149
mean B0=95.1347 homogen=11407.2623
mean B0=97.1001 homogen=13271.9879
mean B0=94.3668 homogen=47442.214
mean B0=105.6726 homogen=29810.8237
mean B0=98.8768 homogen=19334.9634
mean B0=93.6065 homogen=7330.0669
mean B0=103.3732 homogen=30250.2383
mean B0=97.4836 homogen=15347.1156
mean B0=100.4442 homogen=30036.165
mean B0=98.1756 homogen=23359.5465
mean B0=92.4735 homogen=6252.2439
   153 |     6120 |     40 |  0.000000E+00 |  0.000000E+00 |  0.0012862100 |             f
mean B0=102.8941 homogen=28383.8828
mean B0=98.8499 homogen=17234.2277
mean B0=95.8573 homogen=28091.8305
mean B0=106.3828 homogen=40917.1888
mean B0=98.5956 homogen=15716.6468
mean B0=97.1608 homogen=24025.298
mean B0=102.5762 homogen=37778.5184
mean B0=95.9023 homogen=22240.5738
mean B0=104.6126 homogen=33877.6476
mean B0=98.8599 homogen=22156.8711
mean B0=100.6495 homogen=58376.6085
mean B0=96.4464 homogen=17454.4807
mean B0=86.9113 homogen=30829.2143
mean B0=103.3732 homogen=30250.2383
mean B0=104.5102 homogen=35343.9773
mean B0=99.4218 homogen=18008.2115
mean B0=104.8513 homogen=34613.001
mean B0=90.5544 homogen=17434.9626
mean B0=92.6827 homogen=10239.5189
mean B0=98.0216 homogen=14201.7998
mean B0=101.5032 homogen=21967.3188
mean B0=85.5871 homogen=3047.6582
mean B0=93.9506 homogen=24901.7663
mean B0=89.3959 homogen=90085.1011
mean B0=84.9776 homogen=15495.3663
mean B0=98.2079 homogen=25197.2357
mean B0=99.8528 homogen=18900.5931
mean B0=101.6702 homogen=45696.5318
mean B0=99.8139 homogen=20973.4187
mean B0=104.2829 homogen=40856.9553
mean B0=99.5985 homogen=18429.0786
mean B0=96.7012 homogen=25022.8104
mean B0=89.1815 homogen=12161.8928
mean B0=104.056 homogen=32281.1617
mean B0=102.7301 homogen=64937.2876
mean B0=102.8588 homogen=26432.1759
mean B0=101.7924 homogen=23297.4047
mean B0=90.6299 homogen=13973.3864
mean B0=96.5713 homogen=14588.735
mean B0=101.4211 homogen=21780.9209
   154 |     6160 |     40 |  0.000000E+00 |  0.000000E+00 |  0.0026171146 |             f
mean B0=98.0895 homogen=14534.8414
mean B0=92.783 homogen=8173.6124
mean B0=98.9083 homogen=33805.228
mean B0=102.6926 homogen=22803.4725
mean B0=96.1723 homogen=13623.5959
mean B0=97.9087 homogen=15124.4181
mean B0=102.85 homogen=32143.7042
mean B0=101.2205 homogen=22101.5927
mean B0=106.3306 homogen=39428.8826
mean B0=100.2336 homogen=19830.9397
mean B0=93.9312 homogen=7862.6607
mean B0=94.9847 homogen=10472.4599
mean B0=103.711 homogen=24414.6568
mean B0=89.7639 homogen=7607.0057
mean B0=106.1375 homogen=39953.6214
mean B0=72.3202 homogen=72200.3345
mean B0=104.0639 homogen=32239.5976
mean B0=96.483 homogen=11959.0114
mean B0=102.4609 homogen=25818.9885
mean B0=102.929 homogen=26662.98
mean B0=92.81 homogen=24036.1248
mean B0=93.2228 homogen=10020.1691
mean B0=91.2513 homogen=10049.1052
mean B0=85.9119 homogen=3624.9194
mean B0=96.2149 homogen=22718.27
mean B0=104.784 homogen=33182.1606
mean B0=89.2979 homogen=5228.325
mean B0=86.4265 homogen=15627.7722
mean B0=100.7769 homogen=20037.6161
mean B0=103.4111 homogen=26201.7787
mean B0=105.3633 homogen=36302.0459
mean B0=103.442 homogen=30600.1548
mean B0=94.5946 homogen=10606.4489
mean B0=97.0537 homogen=13178.3104
mean B0=101.2152 homogen=21118.6789
mean B0=106.5647 homogen=42655.7215
mean B0=106.8431 homogen=42306.7198
mean B0=95.3642 homogen=10975.9526
mean B0=89.1447 homogen=9647.1908
mean B0=98.7845 homogen=17472.7562
   155 |     6200 |     40 |  0.000000E+00 |  0.000000E+00 |  0.0108852707 |         ideal
mean B0=98.5693 homogen=15668.0194
mean B0=100.8473 homogen=20152.0147
mean B0=94.0853 homogen=105259.9509
mean B0=104.118 homogen=32660.2599
mean B0=91.5492 homogen=4214.4173
mean B0=95.4122 homogen=11021.5036
mean B0=85.749 homogen=3204.1385
mean B0=95.1704 homogen=10645.649
mean B0=100.4591 homogen=22869.7735
mean B0=88.7072 homogen=3683.0281
mean B0=92.697 homogen=6139.778
mean B0=104.8755 homogen=34223.9843
mean B0=102.2802 homogen=25203.114
mean B0=100.6933 homogen=19563.9274
mean B0=102.3926 homogen=29523.1433
mean B0=106.2838 homogen=33870.3011
mean B0=90.1567 homogen=13556.0759
mean B0=104.2112 homogen=32702.6884
mean B0=86.6409 homogen=17120.7405
mean B0=105.4163 homogen=37255.8979
mean B0=98.8751 homogen=17185.1437
mean B0=95.9342 homogen=11911.0307
mean B0=107.0926 homogen=43685.9695
mean B0=70.6069 homogen=77063.2643
mean B0=101.747 homogen=23551.0185
mean B0=101.2132 homogen=21113.6042
mean B0=106.3594 homogen=41729.5475
mean B0=105.1169 homogen=35879.9169
mean B0=85.319 homogen=7833.2795
mean B0=89.1105 homogen=4204.7854
mean B0=92.9904 homogen=6594.3611
mean B0=102.1083 homogen=23926.302
mean B0=91.5671 homogen=4839.0076
mean B0=102.942 homogen=26473.2456
mean B0=106.358 homogen=37844.9721
mean B0=87.9019 homogen=40071.9958
mean B0=96.6969 homogen=15008.3875
mean B0=106.2077 homogen=39805.1437
mean B0=84.3097 homogen=36890.2166
mean B0=102.6392 homogen=26839.9746
   156 |     6240 |     40 |  0.000000E+00 |  0.000000E+00 |  0.0116087613 |         ideal
mean B0=99.5496 homogen=24226.0411
mean B0=105.9566 homogen=39127.2504
mean B0=101.8908 homogen=23217.5484
mean B0=69.744 homogen=77500.2
mean B0=101.7732 homogen=26464.2157
mean B0=93.843 homogen=7744.0173
mean B0=106.0787 homogen=38992.7014
mean B0=95.6834 homogen=21807.8186
mean B0=106.1881 homogen=39969.6227
mean B0=95.057 homogen=9573.6215
mean B0=79.798 homogen=132184.48
mean B0=97.0802 homogen=135630.3142
mean B0=64.7251 homogen=280902.8412
mean B0=98.6737 homogen=17898.8289
mean B0=77.5131 homogen=53359.6242
mean B0=95.4047 homogen=11019.3189
mean B0=104.2247 homogen=32744.3278
mean B0=96.9155 homogen=16430.8274
mean B0=91.5722 homogen=4792.0149
mean B0=99.3986 homogen=19135.4235
mean B0=73.6739 homogen=70414.4726
mean B0=104.7545 homogen=33942.087
mean B0=97.6498 homogen=15641.8142
mean B0=89.4939 homogen=55682.7556
mean B0=88.94 homogen=5367.1079
mean B0=107.0926 homogen=43685.9695
mean B0=99.2066 homogen=22246.2799
mean B0=99.0163 homogen=25240.6756
mean B0=106.6311 homogen=41905.32
mean B0=92.5175 homogen=5848.0128
mean B0=103.9383 homogen=32351.6922
mean B0=102.2383 homogen=24223.9819
mean B0=94.396 homogen=9244.1938
mean B0=100.6358 homogen=57510.3663
mean B0=103.0417 homogen=26945.5166
mean B0=103.4502 homogen=30600.8221
mean B0=98.0761 homogen=14503.4554
mean B0=85.7858 homogen=18656.0534
mean B0=100.3496 homogen=19037.1119
mean B0=100.0404 homogen=20919.2249
   157 |     6280 |     40 |  0.000000E+00 |  0.000000E+00 |  0.0012303466 |             f
mean B0=94.6621 homogen=10506.1367
mean B0=93.8858 homogen=33750.3254
mean B0=101.3102 homogen=35944.2683
mean B0=105.6535 homogen=38600.9834
mean B0=103.986 homogen=32340.3505
mean B0=92.7762 homogen=22976.3408
mean B0=93.1282 homogen=18798.2728
mean B0=85.4584 homogen=15167.1369
mean B0=92.25 homogen=7584.7907
mean B0=102.2407 homogen=24437.0904
mean B0=102.5759 homogen=28854.7143
mean B0=98.0895 homogen=14534.8414
mean B0=94.4442 homogen=8586.9453
mean B0=97.5352 homogen=21287.1517
mean B0=99.5205 homogen=17694.8536
mean B0=87.6621 homogen=142143.9428
mean B0=102.2081 homogen=24556.7229
mean B0=101.2466 homogen=48627.8251
mean B0=96.7985 homogen=32208.8145
mean B0=106.6142 homogen=41139.2498
mean B0=84.2933 homogen=38352.0402
mean B0=99.4594 homogen=56937.2552
mean B0=92.417 homogen=36874.0165
mean B0=96.6309 homogen=12120.4057
mean B0=92.5819 homogen=5792.9034
mean B0=94.0424 homogen=17133.5427
mean B0=108.1255 homogen=36431.533
mean B0=90.9269 homogen=6075.7908
mean B0=94.7191 homogen=10768.6904
mean B0=101.2416 homogen=55018.2172
mean B0=101.0508 homogen=20447.8616
mean B0=96.4324 homogen=11887.0016
mean B0=103.2016 homogen=29215.2639
mean B0=102.6363 homogen=48220.0863
mean B0=94.927 homogen=8368.6258
mean B0=101.1311 homogen=23258.3925
mean B0=100.7983 homogen=20533.5986
mean B0=103.172 homogen=31326.8054
mean B0=93.2093 homogen=6505.1206
mean B0=106.6842 homogen=42330.8758
   158 |     6320 |     40 |  0.000000E+00 |  0.000000E+00 |  0.0032445699 |             f
mean B0=84.2166 homogen=7974.8854
mean B0=98.247 homogen=18354.723
mean B0=103.2731 homogen=31783.0943
mean B0=104.6126 homogen=33877.6476
mean B0=87.5175 homogen=15430.9763
mean B0=93.313 homogen=7398.7012
mean B0=99.1191 homogen=23762.2113
mean B0=86.2318 homogen=10017.9585
mean B0=103.5585 homogen=30971.9098
mean B0=105.7523 homogen=38671.6825
mean B0=97.1768 homogen=14791.7109
mean B0=92.6365 homogen=5888.7899
mean B0=91.414 homogen=35003.1946
mean B0=100.3186 homogen=22927.1485
mean B0=100.1579 homogen=23789.5215
mean B0=95.1173 homogen=10232.2607
mean B0=99.5222 homogen=17690.7845
mean B0=101.9028 homogen=23468.6712
mean B0=101.5229 homogen=21868.7009
mean B0=98.7673 homogen=47049.0521
mean B0=94.5347 homogen=31759.1441
mean B0=85.4109 homogen=150829.3221
mean B0=98.6611 homogen=25806.258
mean B0=104.3594 homogen=22702.4474
mean B0=102.1028 homogen=21741.9853
mean B0=102.2395 homogen=27983.3642
mean B0=96.4982 homogen=24202.6882
mean B0=105.9998 homogen=50583.6024
mean B0=102.6481 homogen=25800.6375
mean B0=102.537 homogen=25977.2625
mean B0=106.7563 homogen=42001.3531
mean B0=93.7858 homogen=7607.805
mean B0=99.041 homogen=19554.8681
mean B0=99.8948 homogen=22597.5269
mean B0=85.159 homogen=137695.6084
mean B0=98.3208 homogen=14932.4787
mean B0=97.1474 homogen=13854.5141
mean B0=92.4065 homogen=9645.7335
mean B0=106.1902 homogen=39851.9239
mean B0=93.9874 homogen=30847.0643
   159 |     6360 |     40 |  0.000000E+00 |  0.000000E+00 |  0.0018061482 |             f
mean B0=95.8592 homogen=15684.2728
mean B0=106.2747 homogen=40366.9866
mean B0=93.2692 homogen=6362.0096
mean B0=99.5222 homogen=17690.7845
mean B0=94.4463 homogen=8602.0013
mean B0=102.7163 homogen=25759.2156
mean B0=87.1486 homogen=23654.1138
mean B0=104.8645 homogen=34170.3793
mean B0=105.6468 homogen=37789.3501
mean B0=90.9393 homogen=27290.5525
mean B0=95.2283 homogen=10826.0101
mean B0=103.372 homogen=32182.6163
mean B0=105.4287 homogen=36387.2161
mean B0=101.3891 homogen=25384.5474
mean B0=83.7879 homogen=78274.8829
mean B0=103.0625 homogen=25113.7117
mean B0=101.9754 homogen=23603.5461
mean B0=95.4479 homogen=13044.1731
mean B0=85.8028 homogen=3218.1706
mean B0=96.1291 homogen=11903.9937
mean B0=95.4476 homogen=18303.4398
mean B0=99.9099 homogen=18641.2643
mean B0=92.2277 homogen=36564.8626
mean B0=103.0941 homogen=26788.1648
mean B0=101.0503 homogen=20415.3471
mean B0=98.2558 homogen=14979.1347
mean B0=96.5884 homogen=12337.6696
mean B0=104.0749 homogen=32277.6933
mean B0=99.4543 homogen=20990.0303
mean B0=86.735 homogen=23971.5423
mean B0=106.3387 homogen=40166.9932
mean B0=102.1533 homogen=23718.0228
mean B0=106.7582 homogen=43424.5055
mean B0=93.5884 homogen=11597.7814
mean B0=105.0595 homogen=41854.0435
mean B0=101.0872 homogen=20499.2342
mean B0=103.14 homogen=29164.9869
mean B0=94.5591 homogen=12710.6982
mean B0=106.8108 homogen=43079.3824
mean B0=106.5271 homogen=40950.3505
   160 |     6400 |     40 |  0.000000E+00 |  0.000000E+00 |  0.0029296146 |             f
mean B0=100.6157 homogen=21421.7351
mean B0=89.2924 homogen=4794.0903
mean B0=91.5059 homogen=4362.3042
mean B0=107.0926 homogen=43685.9695
mean B0=88.7719 homogen=4227.2617
mean B0=101.9553 homogen=23216.6254
mean B0=73.592 homogen=64747.1056
mean B0=98.3693 homogen=18399.6377
mean B0=101.5299 homogen=22003.2063
mean B0=91.7579 homogen=9092.2859
mean B0=90.0982 homogen=95486.3774
mean B0=104.4603 homogen=35191.2956
mean B0=105.7468 homogen=37934.261
mean B0=100.5549 homogen=19300.3415
mean B0=94.3872 homogen=30796.4285
mean B0=101.856 homogen=23718.8266
mean B0=101.6469 homogen=26887.8815
mean B0=99.6806 homogen=45073.5464
mean B0=95.0956 homogen=26862.3287
mean B0=104.5507 homogen=33678.5353
mean B0=96.5456 homogen=24211.4645
mean B0=101.5832 homogen=22077.5763
mean B0=91.617 homogen=4420.7981
mean B0=103.14 homogen=29164.9869
mean B0=85.5304 homogen=3387.9783
mean B0=98.2593 homogen=14937.3068
mean B0=107.0926 homogen=43685.9695
mean B0=101.1326 homogen=31871.4223
mean B0=102.2685 homogen=24272.5229
mean B0=95.9566 homogen=13060.6577
mean B0=98.7465 homogen=17171.6182
mean B0=103.7613 homogen=27442.5849
mean B0=97.9324 homogen=14127.4194
mean B0=106.833 homogen=42251.8187
mean B0=84.0855 homogen=6380.3046
mean B0=87.1563 homogen=137857.4267
mean B0=95.0968 homogen=11413.4342
mean B0=97.0243 homogen=38076.4494
mean B0=105.2317 homogen=36573.7537
mean B0=95.307 homogen=9720.8648
   161 |     6440 |     40 |  0.000000E+00 |  0.000000E+00 |  0.0018633842 |             f
mean B0=99.468 homogen=20188.3119
mean B0=93.4198 homogen=23489.0582
mean B0=97.3807 homogen=14327.1968
mean B0=106.8876 homogen=43395.5951
mean B0=103.1162 homogen=26783.7649
mean B0=105.8293 homogen=38209.7576
mean B0=86.6911 homogen=140955.2441
mean B0=106.8373 homogen=43216.3543
mean B0=98.0547 homogen=21855.48
mean B0=101.5557 homogen=21876.7308
mean B0=93.4679 homogen=7861.1644
mean B0=102.0151 homogen=23850.9625
mean B0=95.6484 homogen=27662.4406
mean B0=98.4262 homogen=15211.0148
mean B0=84.9215 homogen=28608.1569
mean B0=85.5819 homogen=16788.0672
mean B0=104.0639 homogen=32239.5976
mean B0=95.6672 homogen=13330.0815
mean B0=94.1691 homogen=30125.6923
mean B0=91.8706 homogen=38748.0536
mean B0=85.9157 homogen=5596.1295
mean B0=99.8698 homogen=23112.7694
mean B0=96.3006 homogen=17322.4242
mean B0=102.4565 homogen=24609.351
mean B0=102.6929 homogen=25769.9182
mean B0=104.0387 homogen=31903.9133
mean B0=83.0373 homogen=148569.7604
mean B0=105.8901 homogen=38335.2324
mean B0=99.3074 homogen=39805.0723
mean B0=101.922 homogen=23205.6882
mean B0=94.9015 homogen=9274.6997
mean B0=96.6716 homogen=24535.3383
mean B0=101.0924 homogen=20518.8946
mean B0=104.44 homogen=33222.6704
mean B0=90.4644 homogen=9017.6097
mean B0=85.0115 homogen=25231.5229
mean B0=106.833 homogen=42251.8187
mean B0=87.9217 homogen=13717.101
mean B0=97.6468 homogen=43986.6465
mean B0=105.1197 homogen=35855.0825
   162 |     6480 |     40 |  0.000000E+00 |  0.000000E+00 |  0.0036911711 |             f
mean B0=99.5776 homogen=21143.6027
mean B0=96.5971 homogen=12085.9277
mean B0=101.0872 homogen=20499.2342
mean B0=106.2072 homogen=39832.3531
mean B0=100.4564 homogen=20862.703
mean B0=95.3215 homogen=10750.6531
mean B0=101.1282 homogen=38831.1187
mean B0=101.6974 homogen=26814.668
mean B0=105.8901 homogen=38335.2324
mean B0=99.7405 homogen=20394.8295
mean B0=95.8746 homogen=13035.7933
mean B0=97.5488 homogen=14501.464
mean B0=91.7276 homogen=4336.0296
mean B0=105.5047 homogen=37064.1496
mean B0=104.2939 homogen=35551.4846
mean B0=98.4262 homogen=15211.0148
mean B0=85.7043 homogen=3139.1987
mean B0=95.6811 homogen=20562.4058
mean B0=100.5622 homogen=19243.221
mean B0=104.7459 homogen=33983.7037
mean B0=102.0585 homogen=28928.1812
mean B0=86.178 homogen=3231.2749
mean B0=105.1197 homogen=35855.0825
mean B0=102.7133 homogen=25723.7546
mean B0=81.7325 homogen=31224.8128
mean B0=102.5527 homogen=24919.7228
mean B0=95.2482 homogen=34446.045
mean B0=93.9792 homogen=27553.5164
mean B0=106.833 homogen=42251.8187
mean B0=107.5201 homogen=44221.0008
mean B0=94.5472 homogen=12359.2848
mean B0=101.3386 homogen=21570.3068
mean B0=98.6013 homogen=17077.4848
mean B0=94.1292 homogen=121273.9898
mean B0=106.6186 homogen=41411.1027
mean B0=89.1105 homogen=4204.7854
mean B0=93.3592 homogen=7618.8426
mean B0=95.4297 homogen=12915.6256
mean B0=99.2338 homogen=44101.1026
mean B0=84.3862 homogen=37684.1166
   163 |     6520 |     40 |  0.000000E+00 |  0.000000E+00 |  0.0194988848 |         ideal
mean B0=98.6013 homogen=17077.4848
mean B0=103.5667 homogen=30910.5499
mean B0=84.1052 homogen=13271.1397
mean B0=98.7499 homogen=17180.2733
mean B0=97.1535 homogen=13821.6796
mean B0=93.6257 homogen=7381.9422
mean B0=87.5862 homogen=8626.1213
mean B0=106.633 homogen=41411.041
mean B0=106.8388 homogen=43279.826
mean B0=73.143 homogen=251349.5568
mean B0=91.7276 homogen=4336.0296
mean B0=77.1626 homogen=143830.3027
mean B0=98.0996 homogen=15623.4986
mean B0=101.5066 homogen=21989.9433
mean B0=101.939 homogen=29890.2821
mean B0=102.1108 homogen=23793.1306
mean B0=96.2826 homogen=11602.2738
mean B0=105.8609 homogen=38438.191
mean B0=100.5685 homogen=19253.2796
mean B0=95.0493 homogen=9595.1662
mean B0=97.836 homogen=14778.9159
mean B0=105.496 homogen=37129.3001
mean B0=93.9835 homogen=30562.4626
mean B0=101.3351 homogen=21587.9137
mean B0=99.9027 homogen=18600.4518
mean B0=102.0733 homogen=23996.5191
mean B0=92.4074 homogen=12533.4224
mean B0=86.6912 homogen=140857.4303
mean B0=95.5224 homogen=10773.0195
mean B0=102.3862 homogen=25074.3433
mean B0=93.4679 homogen=7860.9772
mean B0=92.4002 homogen=4290.8849
mean B0=97.4832 homogen=14264.8331
mean B0=101.1031 homogen=20377.3045
mean B0=90.3423 homogen=23893.4496
mean B0=96.0323 homogen=28930.8472
mean B0=103.4104 homogen=29774.6344
mean B0=103.055 homogen=27828.0685
mean B0=77.4615 homogen=55337.5403
mean B0=95.4196 homogen=10989.4373
   164 |     6560 |     40 |  0.000000E+00 |  0.000000E+00 |  0.0035726595 |             f
mean B0=100.81 homogen=20420.5714
mean B0=96.2826 homogen=11602.2738
mean B0=95.055 homogen=9572.0279
mean B0=101.2691 homogen=21469.9698
mean B0=94.7486 homogen=31913.6509
mean B0=106.5368 homogen=42833.2847
mean B0=99.6742 homogen=44628.5546
mean B0=96.6309 homogen=12120.4057
mean B0=87.9027 homogen=21401.1473
mean B0=98.4058 homogen=15154.6146
mean B0=97.4018 homogen=25002.7424
mean B0=85.6805 homogen=3638.4993
mean B0=107.1023 homogen=43739.3418
mean B0=106.2458 homogen=39981.3091
mean B0=97.4608 homogen=14376.2246
mean B0=95.7476 homogen=18389.421
mean B0=93.1917 homogen=27015.0751
mean B0=99.2881 homogen=33872.0108
mean B0=95.4188 homogen=31739.4432
mean B0=99.6068 homogen=18519.205
mean B0=105.2147 homogen=36523.7344
mean B0=97.1535 homogen=13821.6796
mean B0=106.6341 homogen=41420.9929
mean B0=100.6393 homogen=19742.1321
mean B0=101.4875 homogen=45708.8885
mean B0=101.7952 homogen=22345.0367
mean B0=98.3247 homogen=14940.6284
mean B0=104.7927 homogen=31832.8019
mean B0=91.5649 homogen=15120.4632
mean B0=99.5413 homogen=17601.386
mean B0=101.3878 homogen=42386.2397
mean B0=91.2755 homogen=7470.8223
mean B0=107.2059 homogen=51279.32
mean B0=94.4109 homogen=8536.533
mean B0=99.8554 homogen=59058.8769
mean B0=99.3689 homogen=22710.6879
mean B0=99.6217 homogen=19746.7389
mean B0=98.968 homogen=25648.6513
mean B0=94.9087 homogen=36749.1879
mean B0=99.4637 homogen=21420.7962
   165 |     6600 |     40 |  0.000000E+00 |  0.000000E+00 |  0.0016333561 |             f
mean B0=97.1487 homogen=13850.7482
mean B0=106.3288 homogen=40456.7485
mean B0=91.4929 homogen=4139.6481
mean B0=105.5412 homogen=37200.8123
mean B0=97.7708 homogen=16147.5658
mean B0=80.4653 homogen=130235.9173
mean B0=90.2577 homogen=91592.1617
mean B0=94.654 homogen=129709.0083
mean B0=101.3522 homogen=21738.5781
mean B0=99.6712 homogen=44675.3654
mean B0=92.8256 homogen=10098.7929
mean B0=95.5912 homogen=48234.0382
mean B0=85.9444 homogen=3978.3609
mean B0=96.6256 homogen=28950.5096
mean B0=104.9908 homogen=34606.4682
mean B0=107.7343 homogen=42829.8182
mean B0=92.2906 homogen=13571.0375
mean B0=103.4104 homogen=29774.6344
mean B0=102.0922 homogen=23737.1508
mean B0=100.5399 homogen=19205.5577
mean B0=97.7611 homogen=12798.2983
mean B0=100.9883 homogen=20007.8819
mean B0=98.6662 homogen=17055.8158
mean B0=106.5961 homogen=41250.1021
mean B0=96.1506 homogen=12634.7145
mean B0=102.6176 homogen=32730.7053
mean B0=97.5249 homogen=31511.9466
mean B0=96.1851 homogen=11542.0117
mean B0=101.3667 homogen=22527.8399
mean B0=106.3969 homogen=38413.3093
mean B0=97.4824 homogen=14052.5879
mean B0=93.2269 homogen=17275.7301
mean B0=88.9906 homogen=4221.3372
mean B0=93.9903 homogen=19958.6438
mean B0=92.4691 homogen=48290.4213
mean B0=102.2397 homogen=25533.4507
mean B0=77.6253 homogen=34904.8589
mean B0=106.6341 homogen=41420.9929
mean B0=99.6248 homogen=18552.5938
mean B0=97.3793 homogen=135249.9398
   166 |     6640 |     40 |  0.000000E+00 |  0.000000E+00 |  0.0026127082 |             f
mean B0=104.7033 homogen=33448.9126
mean B0=85.6579 homogen=85818.1131
mean B0=90.7377 homogen=16684.7726
mean B0=102.4565 homogen=24609.351
mean B0=101.7576 homogen=22224.3398
mean B0=102.0866 homogen=23729.4523
mean B0=99.6248 homogen=18552.5938
mean B0=93.6257 homogen=7381.9422
mean B0=91.559 homogen=4502.9822
mean B0=95.6746 homogen=10257.2695
mean B0=76.0661 homogen=172548.9026
mean B0=101.6725 homogen=20998.3354
mean B0=97.596 homogen=17705.2066
mean B0=103.0731 homogen=28888.5118
mean B0=106.1593 homogen=39215.5431
mean B0=99.3172 homogen=24333.9675
mean B0=104.0387 homogen=31903.9133
mean B0=84.0175 homogen=125287.1721
mean B0=94.4451 homogen=8586.1452
mean B0=71.4326 homogen=72517.2472
mean B0=105.5923 homogen=38393.2642
mean B0=88.6172 homogen=98246.8748
mean B0=90.9678 homogen=15574.783
mean B0=104.9947 homogen=34574.927
mean B0=88.3648 homogen=24663.8011
mean B0=97.3242 homogen=134944.3428
mean B0=94.4109 homogen=8536.533
mean B0=99.8999 homogen=20550.5614
mean B0=79.2114 homogen=48776.633
mean B0=100.1247 homogen=19182.1715
mean B0=103.6631 homogen=26732.955
mean B0=104.8479 homogen=37619.8207
mean B0=89.5621 homogen=23800.5466
mean B0=97.6073 homogen=14693.9556
mean B0=104.426 homogen=32595.2647
mean B0=105.2257 homogen=36800.4557
mean B0=101.1031 homogen=20377.2582
mean B0=88.7072 homogen=3683.0281
mean B0=100.5398 homogen=19208.1541
mean B0=93.1315 homogen=6194.7712
   167 |     6680 |     40 |  0.000000E+00 |  0.000000E+00 |  0.0015545534 |             f
mean B0=97.3491 homogen=13651.7955
mean B0=102.7095 homogen=19752.9549
mean B0=93.1288 homogen=7168.787
mean B0=98.4262 homogen=15211.0148
mean B0=97.2406 homogen=20243.6205
mean B0=104.4258 homogen=32588.9428
mean B0=98.5985 homogen=17410.1555
mean B0=96.1587 homogen=11486.6815
mean B0=100.9883 homogen=20007.8819
mean B0=94.6358 homogen=8681.3261
mean B0=92.4726 homogen=8667.4265
mean B0=75.3888 homogen=59949.7545
mean B0=102.8903 homogen=26589.927
mean B0=107.4974 homogen=44431.5541
mean B0=99.07 homogen=19339.7434
mean B0=100.1043 homogen=54469.2189
mean B0=91.9013 homogen=18202.4698
mean B0=101.7952 homogen=22345.0367
mean B0=97.8283 homogen=15387.5195
mean B0=102.2185 homogen=45377.0376
mean B0=92.9269 homogen=9747.6827
mean B0=104.7711 homogen=35169.4737
mean B0=102.2298 homogen=24312.5829
mean B0=85.5958 homogen=3020.1878
mean B0=94.4607 homogen=15955.8845
mean B0=105.5414 homogen=37203.0374
mean B0=91.5532 homogen=4470.456
mean B0=101.3792 homogen=21814.3361
mean B0=102.4565 homogen=24609.351
mean B0=104.7978 homogen=34283.9077
mean B0=91.345 homogen=13615.1433
mean B0=99.2707 homogen=17902.7729
mean B0=94.4326 homogen=10333.8479
mean B0=92.5989 homogen=5700.7002
mean B0=103.2812 homogen=30395.9287
mean B0=93.8162 homogen=30513.023
mean B0=97.8579 homogen=22243.3716
mean B0=100.807 homogen=58662.8091
mean B0=105.9218 homogen=38171.1496
mean B0=98.5705 homogen=26405.4189
   168 |     6720 |     40 |  0.000000E+00 |  0.000000E+00 |  0.0032507409 |             f
mean B0=102.2394 homogen=22310.516
mean B0=96.9078 homogen=16791.3103
mean B0=88.1764 homogen=25239.3613
mean B0=91.7195 homogen=14012.1401
mean B0=93.244 homogen=6411.4114
mean B0=88.4871 homogen=4960.1527
mean B0=104.2677 homogen=33349.1946
mean B0=95.4567 homogen=10124.1846
mean B0=105.0333 homogen=34769.1696
mean B0=95.8487 homogen=10988.0927
mean B0=105.2026 homogen=36515.9322
mean B0=91.5372 homogen=4231.9442
mean B0=104.7429 homogen=35659.7912
mean B0=93.1982 homogen=7985.8809
mean B0=99.5157 homogen=18071.7882
mean B0=104.9749 homogen=34539.1611
mean B0=97.1105 homogen=13422.4065
mean B0=104.4258 homogen=32588.9027
mean B0=98.351 homogen=15921.5653
mean B0=96.4929 homogen=13742.0496
mean B0=105.6952 homogen=39851.8563
mean B0=95.7879 homogen=21861.2693
mean B0=94.7064 homogen=22253.5536
mean B0=81.7747 homogen=33561.9228
mean B0=99.1392 homogen=17595.9914
mean B0=97.4692 homogen=33335.0386
mean B0=105.669 homogen=38142.3169
mean B0=101.1373 homogen=54163.8713
mean B0=101.8518 homogen=23262.3676
mean B0=96.1877 homogen=12549.594
mean B0=106.1709 homogen=39207.7584
mean B0=85.6139 homogen=3116.4366
mean B0=105.922 homogen=38168.871
mean B0=102.2122 homogen=23772.3955
mean B0=95.3015 homogen=40866.1345
mean B0=103.1352 homogen=26819.2372
mean B0=85.7984 homogen=4036.4419
mean B0=104.7463 homogen=31912.2668
mean B0=101.3759 homogen=21775.1101
mean B0=99.0808 homogen=22217.4593
   169 |     6760 |     40 |  0.000000E+00 |  0.000000E+00 |  0.0024382967 |             f
mean B0=99.8777 homogen=18942.0309
mean B0=105.2973 homogen=36745.7176
mean B0=100.8659 homogen=20923.2943
mean B0=101.7312 homogen=36187.777
mean B0=100.0923 homogen=20858.4192
mean B0=100.679 homogen=21763.9382
mean B0=104.3494 homogen=32696.4956
mean B0=99.8586 homogen=46792.4737
mean B0=103.793 homogen=31569.023
mean B0=93.1938 homogen=18291.3264
mean B0=95.4133 homogen=10757.2226
mean B0=97.4341 homogen=18542.9703
mean B0=96.4101 homogen=29755.704
mean B0=78.5937 homogen=50697.8176
mean B0=89.7547 homogen=22909.7075
mean B0=101.8137 homogen=24301.7732
mean B0=94.4839 homogen=8965.2761
mean B0=96.4106 homogen=31449.3139
mean B0=90.0062 homogen=11488.1337
mean B0=92.1204 homogen=10722.6438
mean B0=96.8496 homogen=13207.5377
mean B0=99.6317 homogen=44538.0511
mean B0=103.83 homogen=31497.1751
mean B0=102.4559 homogen=25181.2416
mean B0=93.0887 homogen=15274.8408
mean B0=94.7476 homogen=9566.7565
mean B0=104.8787 homogen=34214.3902
mean B0=103.14 homogen=29164.9869
mean B0=98.2071 homogen=14756.1726
mean B0=91.1315 homogen=13349.0764
mean B0=96.7413 homogen=12139.7661
mean B0=96.3485 homogen=27935.6946
mean B0=98.3603 homogen=21353.2781
mean B0=107.2183 homogen=42578.8276
mean B0=95.025 homogen=22486.5862
mean B0=103.3275 homogen=28884.3622
mean B0=91.5499 homogen=18916.2822
mean B0=85.6994 homogen=46818.7933
mean B0=87.5911 homogen=9117.6913
mean B0=106.7395 homogen=52710.2269
   170 |     6800 |     40 |  0.000000E+00 |  0.000000E+00 |  0.0041745267 |             f
mean B0=85.6485 homogen=3193.7928
mean B0=98.8432 homogen=18599.6278
mean B0=103.1408 homogen=26760.7709
mean B0=88.6632 homogen=3668.7285
mean B0=93.6622 homogen=9990.3057
mean B0=98.5654 homogen=15655.6668
mean B0=91.4929 homogen=4139.6481
mean B0=99.2821 homogen=24667.9174
mean B0=103.559 homogen=30784.5984
mean B0=100.7792 homogen=23508.6962
mean B0=67.1448 homogen=88799.8693
mean B0=106.2077 homogen=39805.1437
mean B0=85.6195 homogen=3403.1289
mean B0=102.4321 homogen=61555.3972
mean B0=98.9002 homogen=26043.1069
mean B0=104.9458 homogen=34648.1835
mean B0=100.8874 homogen=23809.4648
mean B0=99.033 homogen=20636.2405
mean B0=97.3729 homogen=23003.9094
mean B0=97.7887 homogen=17970.3148
mean B0=101.4879 homogen=23719.0137
mean B0=96.6573 homogen=22849.8338
mean B0=104.9575 homogen=36269.4695
mean B0=99.648 homogen=21997.818
mean B0=97.4093 homogen=27191.2631
mean B0=97.4663 homogen=14143.854
mean B0=104.8787 homogen=34214.3902
mean B0=97.2613 homogen=19353.1005
mean B0=73.3716 homogen=57871.9395
mean B0=97.8331 homogen=16306.1998
mean B0=101.8644 homogen=23518.5997
mean B0=83.6003 homogen=205569.0127
mean B0=104.3585 homogen=32583.9058
mean B0=86.2141 homogen=4727.4691
mean B0=105.5498 homogen=36994.407
mean B0=96.7097 homogen=12201.2981
mean B0=98.0829 homogen=19360.3657
mean B0=91.0588 homogen=13791.5119
mean B0=96.4637 homogen=14506.5964
mean B0=72.2866 homogen=78742.7429
   171 |     6840 |     40 |  0.000000E+00 |  0.000000E+00 |  0.0006330573 |             f
mean B0=94.5081 homogen=8617.0333
mean B0=93.3688 homogen=10544.5223
mean B0=98.6662 homogen=17055.8158
mean B0=99.4538 homogen=24029.5021
mean B0=105.1689 homogen=35144.3522
mean B0=97.022 homogen=36477.3255
mean B0=102.2673 homogen=24000.308
mean B0=104.4278 homogen=32591.2586
mean B0=90.9871 homogen=5917.5899
mean B0=101.3784 homogen=21763.7263
mean B0=98.6247 homogen=23057.2387
mean B0=94.7192 homogen=11718.4083
mean B0=96.2052 homogen=35646.2374
mean B0=67.0658 homogen=83629.9241
mean B0=95.6374 homogen=23789.2001
mean B0=87.5611 homogen=5636.0737
mean B0=95.6575 homogen=27610.1884
mean B0=94.1278 homogen=7937.5608
mean B0=101.9233 homogen=23177.5416
mean B0=90.8353 homogen=6934.9056
mean B0=99.5504 homogen=18580.6566
mean B0=95.7762 homogen=13627.4911
mean B0=76.7632 homogen=55791.9387
mean B0=103.0954 homogen=42809.9442
mean B0=95.2428 homogen=22759.8168
mean B0=94.0841 homogen=32785.0679
mean B0=103.7358 homogen=31326.4919
mean B0=105.0327 homogen=34770.5479
mean B0=96.4353 homogen=14323.4582
mean B0=101.1016 homogen=20391.1564
mean B0=96.8862 homogen=26365.166
mean B0=98.8898 homogen=17311.5726
mean B0=93.5145 homogen=49176.701
mean B0=89.2574 homogen=5131.3181
mean B0=105.0748 homogen=36346.881
mean B0=93.7544 homogen=10090.9565
mean B0=98.4262 homogen=15211.0148
mean B0=106.2219 homogen=40295.1518
mean B0=107.4506 homogen=44469.5773
mean B0=90.1105 homogen=10157.9051
   172 |     6880 |     40 |  0.000000E+00 |  0.000000E+00 |  0.0024917393 |             f
mean B0=102.2677 homogen=24009.1595
mean B0=100.4682 homogen=19014.0125
mean B0=94.7912 homogen=9732.4036
mean B0=92.9954 homogen=7893.0136
mean B0=101.0583 homogen=55675.7112
mean B0=96.7751 homogen=37897.9693
mean B0=90.0146 homogen=94353.4063
mean B0=105.1665 homogen=35238.2613
mean B0=97.3399 homogen=16663.8494
mean B0=99.266 homogen=20909.1383
mean B0=101.3915 homogen=21808.8076
mean B0=102.1695 homogen=26200.6374
mean B0=98.0068 homogen=50280.7786
mean B0=98.4439 homogen=32479.6524
mean B0=91.6305 homogen=4342.407
mean B0=86.7852 homogen=9146.1747
mean B0=94.1278 homogen=7937.5608
mean B0=93.5271 homogen=24038.0372
mean B0=83.0244 homogen=126261.3629
mean B0=98.9266 homogen=23971.5684
mean B0=97.1174 homogen=14220.8247
mean B0=92.9095 homogen=24124.494
mean B0=85.3574 homogen=3870.392
mean B0=91.0961 homogen=7028.5042
mean B0=75.6788 homogen=110302.1515
mean B0=94.1797 homogen=31997.629
mean B0=100.0606 homogen=19651.4699
mean B0=101.788 homogen=22741.1138
mean B0=101.9735 homogen=23991.0828
mean B0=94.1818 homogen=32866.4783
mean B0=98.315 homogen=26494.0422
mean B0=100.719 homogen=20272.8739
mean B0=98.1185 homogen=19881.777
mean B0=102.1182 homogen=23839.0666
mean B0=103.2211 homogen=28690.2183
mean B0=97.7778 homogen=21431.0105
mean B0=106.2219 homogen=40295.1518
mean B0=101.1791 homogen=20966.7815
mean B0=105.1688 homogen=35150.5607
mean B0=99.3811 homogen=20511.2496
   173 |     6920 |     40 |  0.000000E+00 |  0.000000E+00 |  0.0032964959 |             f
mean B0=97.5679 homogen=14574.0392
mean B0=105.1742 homogen=35165.0936
mean B0=96.8817 homogen=18842.6552
mean B0=94.3968 homogen=28607.2912
mean B0=96.7746 homogen=12414.7511
mean B0=100.8774 homogen=19891.8615
mean B0=92.6831 homogen=5798.6919
mean B0=103.1673 homogen=24719.5175
mean B0=103.0715 homogen=35118.0501
mean B0=93.1421 homogen=6351.5917
mean B0=80.6465 homogen=135452.7064
mean B0=102.8058 homogen=41158.9101
mean B0=87.66 homogen=12727.2438
mean B0=102.909 homogen=26403.6098
mean B0=103.2496 homogen=28801.0536
mean B0=99.9046 homogen=25118.1242
mean B0=73.1418 homogen=58549.6393
mean B0=83.5339 homogen=131516.7477
mean B0=106.2215 homogen=40288.5719
mean B0=100.719 homogen=20272.8739
mean B0=85.6317 homogen=3111.0899
mean B0=98.5613 homogen=15644.7022
mean B0=102.8906 homogen=40057.6269
mean B0=92.571 homogen=25002.1081
mean B0=104.8671 homogen=34239.7926
mean B0=100.7704 homogen=20062.1477
mean B0=101.6745 homogen=22546.4524
mean B0=99.2789 homogen=36266.1803
mean B0=106.2013 homogen=40451.6894
mean B0=91.7565 homogen=4350.4502
mean B0=86.525 homogen=6224.8738
mean B0=103.2211 homogen=28690.2183
mean B0=91.478 homogen=9888.4278
mean B0=105.905 homogen=38520.4668
mean B0=91.5601 homogen=4166.662
mean B0=90.863 homogen=18567.5865
mean B0=100.7927 homogen=20476.933
mean B0=102.3818 homogen=27344.9385
mean B0=107.2179 homogen=42570.0622
mean B0=99.6248 homogen=18552.5938
   174 |     6960 |     40 |  0.000000E+00 |  0.000000E+00 |  0.0014713876 |             f
mean B0=90.897 homogen=19100.7746
mean B0=101.5196 homogen=22288.8986
mean B0=99.3895 homogen=24605.3941
mean B0=106.3343 homogen=40436.8533
mean B0=104.4365 homogen=32594.1733
mean B0=102.8909 homogen=26283.7379
mean B0=90.3945 homogen=128587.5558
mean B0=101.6844 homogen=22568.3596
mean B0=97.1741 homogen=14023.1291
mean B0=96.427 homogen=13890.8996
mean B0=85.2501 homogen=7256.353
mean B0=99.5884 homogen=18358.3239
mean B0=104.8731 homogen=34198.7701
mean B0=99.5789 homogen=35337.6755
mean B0=95.0396 homogen=6258.2589
mean B0=93.9666 homogen=48957.7793
mean B0=99.198 homogen=45011.6046
mean B0=100.883 homogen=20132.3381
mean B0=98.268 homogen=16231.1993
mean B0=95.0961 homogen=9668.7254
mean B0=93.1238 homogen=23393.4842
mean B0=105.9429 homogen=38643.9235
mean B0=102.1386 homogen=24232.3971
mean B0=94.4 homogen=8395.0762
mean B0=95.034 homogen=21747.2243
mean B0=97.6082 homogen=14691.9262
mean B0=102.4565 homogen=24609.351
mean B0=100.4604 homogen=19003.7746
mean B0=103.4732 homogen=29964.2703
mean B0=87.0693 homogen=25476.2048
mean B0=86.6292 homogen=6706.5267
mean B0=97.1178 homogen=38961.9258
mean B0=99.6185 homogen=18580.4982
mean B0=97.5571 homogen=25992.0235
mean B0=101.1393 homogen=22722.3433
mean B0=98.2756 homogen=24562.9862
mean B0=91.3548 homogen=90351.1063
mean B0=94.3822 homogen=21694.5309
mean B0=98.5636 homogen=15648.3823
mean B0=106.0937 homogen=39644.4202
   175 |     7000 |     40 |  0.000000E+00 |  0.000000E+00 |  0.0029266030 |             f
mean B0=100.7648 homogen=27878.0099
mean B0=96.5025 homogen=23560.5226
mean B0=96.6294 homogen=12134.4294
mean B0=99.4241 homogen=17775.5491
mean B0=83.6005 homogen=163665.1277
mean B0=102.1767 homogen=24128.3247
mean B0=106.5973 homogen=44662.1628
mean B0=99.6956 homogen=20601.0807
mean B0=99.0943 homogen=17927.2153
mean B0=92.3793 homogen=18245.1953
mean B0=103.8298 homogen=31500.8047
mean B0=88.5518 homogen=141326.7339
mean B0=70.3513 homogen=63307.1151
mean B0=107.8554 homogen=43393.1806
mean B0=95.3344 homogen=16878.3196
mean B0=72.7049 homogen=71154.3679
mean B0=101.4956 homogen=21962.408
mean B0=92.3172 homogen=7380.1915
mean B0=99.7344 homogen=20727.8235
mean B0=104.4022 homogen=32496.8238
mean B0=86.9384 homogen=10676.7779
mean B0=99.5283 homogen=20941.5502
mean B0=95.4204 homogen=11108.4721
mean B0=107.7279 homogen=49307.6651
mean B0=94.9225 homogen=18454.8024
mean B0=102.4135 homogen=24686.5944
mean B0=105.2555 homogen=33955.9087
mean B0=71.87 homogen=71395.7192
mean B0=88.1909 homogen=38100.4455
mean B0=95.1247 homogen=14711.9514
mean B0=99.5886 homogen=18356.5784
mean B0=91.8054 homogen=4582.8772
mean B0=86.3715 homogen=10509.264
mean B0=105.346 homogen=38925.3174
mean B0=97.7416 homogen=22135.7426
mean B0=93.6119 homogen=7285.0379
mean B0=92.1828 homogen=118232.3657
mean B0=88.9366 homogen=5338.1139
mean B0=98.5348 homogen=19656.0529
mean B0=102.917 homogen=26367.3583
   176 |     7040 |     40 |  0.000000E+00 |  0.000000E+00 |  0.0032607522 |             f
mean B0=90.6983 homogen=17348.2064
mean B0=90.7906 homogen=7109.2943
mean B0=95.8273 homogen=10969.215
mean B0=103.5633 homogen=30576.4695
mean B0=102.9868 homogen=28883.5995
mean B0=103.3658 homogen=28813.9204
mean B0=103.8213 homogen=31356.5546
mean B0=95.3749 homogen=12779.9736
mean B0=99.7495 homogen=18713.2848
mean B0=92.5042 homogen=6287.2273
mean B0=105.03 homogen=35047.8816
mean B0=96.2088 homogen=11436.372
mean B0=76.6358 homogen=224131.4024
mean B0=65.7015 homogen=77159.8362
mean B0=105.6377 homogen=38005.3864
mean B0=93.6003 homogen=7350.0048
mean B0=96.6432 homogen=30054.666
mean B0=89.9631 homogen=14814.0534
mean B0=95.8685 homogen=13205.0126
mean B0=96.4628 homogen=29738.3306
mean B0=97.9618 homogen=22754.9125
mean B0=102.5824 homogen=25630.4505
mean B0=103.1 homogen=26686.6874
mean B0=99.0085 homogen=19560.5557
mean B0=105.7034 homogen=37459.2518
mean B0=98.5212 homogen=15704.1309
mean B0=94.27 homogen=38161.0891
mean B0=91.4625 homogen=87134.6514
mean B0=103.7157 homogen=31439.5138
mean B0=106.4478 homogen=41497.4385
mean B0=101.0327 homogen=20310.5519
mean B0=100.694 homogen=21272.1329
mean B0=102.8432 homogen=27532.3824
mean B0=93.6182 homogen=7355.3056
mean B0=97.6375 homogen=14792.8428
mean B0=99.4023 homogen=17229.3149
mean B0=93.9129 homogen=19638.4396
mean B0=87.3446 homogen=13443.624
mean B0=87.2029 homogen=7136.799
mean B0=92.303 homogen=25377.5479
   177 |     7080 |     40 |  0.000000E+00 |  0.000000E+00 |  0.0027193286 |             f
mean B0=98.5753 homogen=15615.6286
mean B0=99.3995 homogen=17754.5985
mean B0=105.8315 homogen=31412.8604
mean B0=93.8528 homogen=32871.3516
mean B0=91.8091 homogen=4571.9842
mean B0=102.6393 homogen=25393.55
mean B0=98.2042 homogen=24082.4058
mean B0=100.6744 homogen=21362.269
mean B0=93.626 homogen=7384.8603
mean B0=103.2231 homogen=27037.3375
mean B0=99.4855 homogen=20508.9296
mean B0=102.1737 homogen=24099.4409
mean B0=102.8174 homogen=25109.806
mean B0=63.7454 homogen=79894.0046
mean B0=94.5013 homogen=14086.5344
mean B0=88.6972 homogen=3719.5548
mean B0=105.6474 homogen=27979.3561
mean B0=97.0568 homogen=13263.4511
mean B0=99.3739 homogen=21988.6421
mean B0=75.9413 homogen=31351.8037
mean B0=95.5554 homogen=10789.7039
mean B0=99.7752 homogen=18739.988
mean B0=101.8536 homogen=23071.3427
mean B0=100.8398 homogen=20240.8776
mean B0=96.6275 homogen=12113.6944
mean B0=99.0905 homogen=24893.2667
mean B0=96.6535 homogen=23015.273
mean B0=101.699 homogen=26165.7869
mean B0=93.6116 homogen=7281.5927
mean B0=103.7464 homogen=31139.3845
mean B0=101.3579 homogen=25465.8454
mean B0=106.3388 homogen=40461.8805
mean B0=98.2697 homogen=17264.7532
mean B0=85.5343 homogen=3479.1596
mean B0=94.5469 homogen=12280.1175
mean B0=88.8629 homogen=130622.021
mean B0=63.9373 homogen=286617.3863
mean B0=101.0891 homogen=20497.2851
mean B0=91.8924 homogen=41014.6502
mean B0=105.0645 homogen=35190.6757
   178 |     7120 |     40 |  0.000000E+00 |  0.000000E+00 |  0.0011735276 |             f
mean B0=80.0487 homogen=86984.8258
mean B0=102.782 homogen=28386.4164
mean B0=99.0621 homogen=19544.4564
mean B0=95.4807 homogen=10766.4094
mean B0=93.9207 homogen=37623.1823
mean B0=105.7067 homogen=37352.5041
mean B0=98.6889 homogen=18890.5999
mean B0=96.4323 homogen=21879.8522
mean B0=87.7549 homogen=18393.9443
mean B0=101.8904 homogen=23349.1596
mean B0=102.9841 homogen=34444.9884
mean B0=97.1046 homogen=13400.563
mean B0=91.8091 homogen=4571.9842
mean B0=85.9986 homogen=16470.6424
mean B0=87.5709 homogen=14664.7716
mean B0=97.657 homogen=14716.7788
mean B0=107.0454 homogen=41811.2113
mean B0=101.7881 homogen=22741.6778
mean B0=100.504 homogen=19317.1326
mean B0=102.5434 homogen=28402.9748
mean B0=91.1032 homogen=28562.6486
mean B0=102.7568 homogen=25624.8154
mean B0=100.8472 homogen=23144.5862
mean B0=103.7295 homogen=31355.9108
mean B0=97.3024 homogen=30969.2122
mean B0=105.8409 homogen=39879.5712
mean B0=98.5753 homogen=15615.6286
mean B0=100.6658 homogen=23623.1605
mean B0=101.5698 homogen=22012.7906
mean B0=96.9292 homogen=12777.5404
mean B0=86.7054 homogen=8307.4008
mean B0=94.5145 homogen=8570.3117
mean B0=97.0568 homogen=13263.4511
mean B0=81.1937 homogen=165573.5286
mean B0=91.561 homogen=13554.3969
mean B0=103.2012 homogen=27112.3587
mean B0=88.7939 homogen=4381.9982
mean B0=104.8735 homogen=34199.7606
mean B0=96.5066 homogen=11969.5446
mean B0=97.5479 homogen=22872.6466
   179 |     7160 |     40 |  0.000000E+00 |  0.000000E+00 |  0.0043918078 |             f
mean B0=94.4649 homogen=8497.7146
mean B0=99.2796 homogen=19937.1628
mean B0=90.782 homogen=153505.3467
mean B0=85.5155 homogen=72825.4997
mean B0=100.378 homogen=21270.5477
mean B0=88.6575 homogen=4103.8151
mean B0=104.87 homogen=34217.9773
mean B0=103.7851 homogen=33876.8859
mean B0=85.3834 homogen=4358.4826
mean B0=101.8907 homogen=23364.488
mean B0=104.9499 homogen=34747.1192
mean B0=99.7752 homogen=18739.988
mean B0=98.2379 homogen=19292.6921
mean B0=103.7753 homogen=31034.2507
mean B0=93.9281 homogen=9069.4215
mean B0=93.6338 homogen=7441.9542
mean B0=76.3298 homogen=65224.1368
mean B0=100.5137 homogen=21687.1207
mean B0=107.3337 homogen=43227.5937
mean B0=91.9293 homogen=9200.6735
mean B0=96.2586 homogen=11509.454
mean B0=98.9352 homogen=18784.6918
mean B0=96.9004 homogen=12596.7899
mean B0=94.9319 homogen=23987.3267
mean B0=100.7393 homogen=20071.813
mean B0=105.7341 homogen=39310.6506
mean B0=97.6598 homogen=14699.2024
mean B0=89.8533 homogen=21708.1291
mean B0=106.2499 homogen=40320.2919
mean B0=101.1789 homogen=20949.4735
mean B0=103.7447 homogen=30850.8001
mean B0=104.4365 homogen=32594.1733
mean B0=83.7892 homogen=17684.5556
mean B0=96.8239 homogen=12704.1387
mean B0=94.0854 homogen=8815.074
mean B0=94.3752 homogen=8399.4423
mean B0=102.4565 homogen=24609.351
mean B0=103.3642 homogen=31226.0374
mean B0=105.103 homogen=35995.7157
mean B0=87.7071 homogen=11722.8868
   180 |     7200 |     40 |  0.000000E+00 |  0.000000E+00 |  0.0012855231 |             f
mean B0=102.1322 homogen=25251.6192
mean B0=105.8689 homogen=37527.4486
mean B0=94.9979 homogen=39579.9205
mean B0=102.437 homogen=24746.3894
mean B0=94.4734 homogen=8990.6566
mean B0=101.4484 homogen=26501.5667
mean B0=104.986 homogen=35640.7386
mean B0=85.5286 homogen=3167.9948
mean B0=94.3951 homogen=8386.2647
mean B0=104.4616 homogen=37086.8923
mean B0=101.3656 homogen=17300.6715
mean B0=104.3688 homogen=32575.9503
mean B0=97.5679 homogen=20114.1005
mean B0=91.697 homogen=13887.3683
mean B0=82.5162 homogen=164505.555
mean B0=101.4962 homogen=21918.216
mean B0=103.6322 homogen=30560.6319
mean B0=103.8323 homogen=30993.431
mean B0=98.9153 homogen=17292.6505
mean B0=102.2963 homogen=25587.61
mean B0=98.6996 homogen=29982.18
mean B0=100.4188 homogen=19305.0632
mean B0=96.6177 homogen=21359.6687
mean B0=95.4291 homogen=10646.3601
mean B0=67.8262 homogen=88964.3767
mean B0=90.3638 homogen=95759.9291
mean B0=101.8002 homogen=22762.2338
mean B0=88.7714 homogen=3999.2387
mean B0=92.6032 homogen=5710.0912
mean B0=79.9905 homogen=83916.6787
mean B0=101.4907 homogen=21865.2811
mean B0=105.778 homogen=37379.7571
mean B0=98.7297 homogen=18333.4404
mean B0=92.9133 homogen=16420.6162
mean B0=90.4786 homogen=149243.4346
mean B0=98.7982 homogen=16749.481
mean B0=99.1373 homogen=19647.6378
mean B0=103.849 homogen=42509.0125
mean B0=94.765 homogen=12233.4204
mean B0=101.2946 homogen=21888.0962
   181 |     7240 |     40 |  0.000000E+00 |  0.000000E+00 |  0.0016592517 |             f
mean B0=101.6821 homogen=22861.9429
mean B0=103.8172 homogen=30923.7753
mean B0=101.8138 homogen=26308.8678
mean B0=100.5047 homogen=19316.2527
mean B0=94.5648 homogen=10479.1065
mean B0=103.223 homogen=27037.3639
mean B0=87.2548 homogen=22369.5237
mean B0=101.7446 homogen=33272.1819
mean B0=97.7002 homogen=14856.5339
mean B0=92.4848 homogen=5636.4916
mean B0=83.7881 homogen=13705.4069
mean B0=91.1189 homogen=30493.6
mean B0=96.2059 homogen=16388.3025
mean B0=99.3157 homogen=28311.0893
mean B0=101.0596 homogen=20742.9666
mean B0=98.7105 homogen=16020.4621
mean B0=102.7119 homogen=55981.1731
mean B0=100.7811 homogen=50020.9771
mean B0=96.4903 homogen=30719.3315
mean B0=91.5149 homogen=12674.9816
mean B0=96.6883 homogen=12226.3598
mean B0=103.3804 homogen=28890.7286
mean B0=93.4249 homogen=97796.8365
mean B0=94.252 homogen=15310.6063
mean B0=85.3477 homogen=7645.2819
mean B0=94.7719 homogen=101624.7886
mean B0=94.1826 homogen=22497.8488
mean B0=100.122 homogen=20774.0209
mean B0=98.8204 homogen=17094.7677
mean B0=96.322 homogen=11483.2325
mean B0=93.3285 homogen=29266.6976
mean B0=100.0612 homogen=55315.1796
mean B0=93.8276 homogen=17206.389
mean B0=99.2832 homogen=20810.232
mean B0=109.6012 homogen=61991.6967
mean B0=106.0723 homogen=33432.8725
mean B0=99.9632 homogen=19165.9582
mean B0=80.9555 homogen=124953.4565
mean B0=96.0414 homogen=27106.6513
mean B0=87.546 homogen=13995.0458
   182 |     7280 |     40 |  0.000000E+00 |  0.000000E+00 |  0.0866940516 |         ideal
mean B0=90.771 homogen=19225.879
mean B0=90.836 homogen=41113.2036
mean B0=104.2471 homogen=29974.2045
mean B0=88.789 homogen=3837.7457
mean B0=88.6632 homogen=3668.7285
mean B0=97.5955 homogen=14543.1114
mean B0=96.3615 homogen=42496.4499
mean B0=104.4643 homogen=32707.9008
mean B0=102.0992 homogen=23599.8304
mean B0=100.8918 homogen=20590.4228
mean B0=100.0998 homogen=22035.1815
mean B0=98.8895 homogen=17235.577
mean B0=102.5282 homogen=25266.1158
mean B0=105.0895 homogen=35996.2302
mean B0=85.9897 homogen=84776.4138
mean B0=101.9396 homogen=23515.4359
mean B0=63.3993 homogen=104948.2796
mean B0=94.1958 homogen=9001.7849
mean B0=94.8797 homogen=22978.9335
mean B0=99.8291 homogen=18860.7343
mean B0=89.2091 homogen=20431.5232
mean B0=90.7254 homogen=19516.9202
mean B0=97.4348 homogen=21857.1823
mean B0=97.4503 homogen=33309.3323
mean B0=96.2088 homogen=11436.372
mean B0=94.2549 homogen=7698.6899
mean B0=92.3578 homogen=35417.1599
mean B0=104.3415 homogen=32459.725
mean B0=105.4137 homogen=36723.5955
mean B0=105.0558 homogen=61614.1482
mean B0=99.2296 homogen=25186.7172
mean B0=103.1315 homogen=29989.7083
mean B0=69.7778 homogen=88006.5386
mean B0=100.6336 homogen=19773.3824
mean B0=96.5502 homogen=18289.909
mean B0=95.3781 homogen=10508.1364
mean B0=100.5539 homogen=19913.739
mean B0=102.0566 homogen=26759.4255
mean B0=71.0812 homogen=102752.9398
mean B0=103.332 homogen=28795.9702
   183 |     7320 |     40 |  0.000000E+00 |  0.000000E+00 |  0.0020716673 |             f
mean B0=90.3511 homogen=25224.9427
mean B0=88.8997 homogen=6178.488
mean B0=102.5087 homogen=24489.1227
mean B0=109.4531 homogen=61241.8937
mean B0=93.9746 homogen=7949.6612
mean B0=101.6821 homogen=22862.2113
mean B0=103.3804 homogen=28890.7286
mean B0=92.4515 homogen=6269.1855
mean B0=100.2562 homogen=21165.1274
mean B0=103.3428 homogen=28632.9314
mean B0=90.5659 homogen=18344.275
mean B0=95.5013 homogen=10824.7453
mean B0=92.4744 homogen=5577.3788
mean B0=101.8582 homogen=22943.9767
mean B0=91.2358 homogen=26432.5695
mean B0=98.1931 homogen=16500.9603
mean B0=96.5007 homogen=11574.368
mean B0=105.8681 homogen=37532.8801
mean B0=91.8926 homogen=31488.6692
mean B0=103.9137 homogen=32520.4112
mean B0=105.4135 homogen=36704.4912
mean B0=100.1504 homogen=21406.673
mean B0=87.1682 homogen=130842.8047
mean B0=88.6321 homogen=144544.8396
mean B0=102.7921 homogen=25630.81
mean B0=97.5955 homogen=14543.1114
mean B0=101.4907 homogen=21865.2811
mean B0=99.6572 homogen=18423.142
mean B0=95.6435 homogen=21119.6802
mean B0=99.5791 homogen=19134.1935
mean B0=82.2488 homogen=9409.1724
mean B0=95.3062 homogen=10336.6696
mean B0=96.2186 homogen=11509.3187
mean B0=97.5483 homogen=14634.4409
mean B0=93.1877 homogen=27590.0473
mean B0=98.4126 homogen=15584.6317
mean B0=68.1269 homogen=84952.448
mean B0=105.0898 homogen=35996.7819
mean B0=91.7043 homogen=33761.0469
mean B0=71.2399 homogen=171580.0372
   184 |     7360 |     40 |  0.000000E+00 |  0.000000E+00 |  0.0035606515 |             f
mean B0=93.9392 homogen=7383.4289
mean B0=100.9512 homogen=20788.1643
mean B0=87.2517 homogen=4340.9697
mean B0=87.514 homogen=19552.6612
mean B0=77.8782 homogen=51962.3508
mean B0=87.7216 homogen=143078.5051
mean B0=107.5037 homogen=44153.6365
mean B0=94.6538 homogen=19032.4034
mean B0=95.2489 homogen=24763.7672
mean B0=105.6058 homogen=37393.2881
mean B0=89.4857 homogen=41596.7172
mean B0=93.2433 homogen=6955.6391
mean B0=99.132 homogen=24104.4374
mean B0=109.4531 homogen=61241.8937
mean B0=96.2443 homogen=12793.0158
mean B0=94.5485 homogen=8636.1635
mean B0=97.9324 homogen=15550.8368
mean B0=101.508 homogen=25602.9328
mean B0=90.9567 homogen=31191.5904
mean B0=101.0568 homogen=20939.4755
mean B0=68.6808 homogen=81978.4284
mean B0=93.5561 homogen=31134.9231
mean B0=92.4834 homogen=7952.1627
mean B0=96.3009 homogen=21990.6473
mean B0=80.6143 homogen=220734.2721
mean B0=107.3919 homogen=41127.3965
mean B0=109.6189 homogen=62070.0075
mean B0=88.5197 homogen=16372.2816
mean B0=104.2532 homogen=30004.2728
mean B0=104.3598 homogen=32822.8368
mean B0=79.5461 homogen=176224.0466
mean B0=95.8208 homogen=10998.94
mean B0=99.2242 homogen=29551.3398
mean B0=98.8895 homogen=17235.577
mean B0=97.7984 homogen=15013.37
mean B0=88.7573 homogen=4099.6401
mean B0=106.0563 homogen=39061.5864
mean B0=88.9024 homogen=5418.1067
mean B0=69.5122 homogen=60556.3503
mean B0=99.7756 homogen=18572.7308
   185 |     7400 |     40 |  0.000000E+00 |  0.000000E+00 |  0.0018762482 |             f
mean B0=95.7296 homogen=10452.7638
mean B0=89.2314 homogen=194106.273
mean B0=104.8731 homogen=34188.5474
mean B0=105.2744 homogen=39259.7769
mean B0=102.7941 homogen=25533.9743
mean B0=102.5262 homogen=28240.6302
mean B0=102.3036 homogen=24637.1114
mean B0=92.3655 homogen=7473.9017
mean B0=99.8014 homogen=21646.5679
mean B0=82.6365 homogen=156897.8454
mean B0=94.2589 homogen=8755.6764
mean B0=103.413 homogen=29602.4477
mean B0=82.4927 homogen=43135.8329
mean B0=104.1336 homogen=31903.4249
mean B0=109.6938 homogen=63027.7949
mean B0=88.0692 homogen=31638.5452
mean B0=87.2006 homogen=20354.5252
mean B0=85.5958 homogen=3020.1878
mean B0=100.3012 homogen=19043.0175
mean B0=104.384 homogen=32372.4222
mean B0=109.7306 homogen=61539.2563
mean B0=97.488 homogen=20599.8648
mean B0=103.2244 homogen=27034.1578
mean B0=102.5788 homogen=23072.5212
mean B0=95.5759 homogen=23138.8175
mean B0=101.3922 homogen=21657.3253
mean B0=102.6948 homogen=43882.0778
mean B0=88.7911 homogen=5142.3364
mean B0=99.7803 homogen=21749.155
mean B0=101.8759 homogen=23013.5959
mean B0=101.5775 homogen=21917.7275
mean B0=88.6909 homogen=5310.6956
mean B0=94.1164 homogen=12697.6089
mean B0=97.6484 homogen=34982.8477
mean B0=102.5453 homogen=24823.6381
mean B0=86.753 homogen=8868.223
mean B0=95.847 homogen=20304.3794
mean B0=86.5275 homogen=6957.5362
mean B0=105.233 homogen=37740.0867
mean B0=104.3271 homogen=30240.2879
   186 |     7440 |     40 |  0.000000E+00 |  0.000000E+00 |  0.0053603320 |         ideal
mean B0=106.0572 homogen=39101.3034
mean B0=100.7609 homogen=20265.0072
mean B0=101.1281 homogen=20158.7221
mean B0=97.7466 homogen=14854.3111
mean B0=97.8345 homogen=15983.6223
mean B0=102.9104 homogen=26368.0303
mean B0=95.8208 homogen=10998.94
mean B0=101.1105 homogen=20482.4685
mean B0=93.2521 homogen=7124.6398
mean B0=92.5122 homogen=5724.6279
mean B0=98.6395 homogen=137409.0801
mean B0=97.5645 homogen=20620.5264
mean B0=104.9359 homogen=36215.9977
mean B0=104.5375 homogen=24694.6688
mean B0=91.7154 homogen=24374.0236
mean B0=103.5899 homogen=30549.2853
mean B0=97.0771 homogen=13111.243
mean B0=89.6833 homogen=24463.1527
mean B0=101.7508 homogen=81422.721
mean B0=109.7306 homogen=61539.2563
mean B0=88.7819 homogen=3859.1942
mean B0=109.1738 homogen=58848.8091
mean B0=87.7289 homogen=5787.9104
mean B0=107.4501 homogen=44110.0547
mean B0=95.1605 homogen=33673.7272
mean B0=103.7615 homogen=30976.2613
mean B0=91.0622 homogen=34940.6839
mean B0=100.5317 homogen=20947.5027
mean B0=86.9766 homogen=5740.2349
mean B0=104.3942 homogen=32731.8001
mean B0=96.213 homogen=15691.3064
mean B0=100.1825 homogen=22001.5308
mean B0=102.4481 homogen=25101.655
mean B0=107.0475 homogen=41814.2619
mean B0=96.9738 homogen=30407.3984
mean B0=97.8982 homogen=19680.9817
mean B0=95.3641 homogen=11555.9291
mean B0=105.2358 homogen=35424.5228
mean B0=91.5842 homogen=33579.7487
mean B0=98.5753 homogen=15615.6286
   187 |     7480 |     40 |  0.000000E+00 |  0.000000E+00 |  0.0018642019 |             f
mean B0=109.7306 homogen=61539.2563
mean B0=105.6058 homogen=37393.2881
mean B0=86.5259 homogen=36233.8728
mean B0=96.2951 homogen=21212.268
mean B0=88.6632 homogen=3668.7285
mean B0=106.819 homogen=41101.1484
mean B0=100.2395 homogen=20040.3068
mean B0=100.0744 homogen=21813.9242
mean B0=99.7841 homogen=18541.2206
mean B0=101.5682 homogen=26308.5006
mean B0=95.3059 homogen=10339.6747
mean B0=96.0055 homogen=34167.4201
mean B0=85.6947 homogen=3216.0312
mean B0=92.6032 homogen=5710.0741
mean B0=91.4899 homogen=4135.1166
mean B0=103.1991 homogen=26936.3658
mean B0=97.2166 homogen=13146.4107
mean B0=107.0118 homogen=38818.4798
mean B0=98.5969 homogen=15688.3942
mean B0=97.765 homogen=15511.7798
mean B0=109.4531 homogen=61241.8937
mean B0=92.4744 homogen=5577.3788
mean B0=99.1605 homogen=25217.8991
mean B0=101.4179 homogen=23770.2392
mean B0=102.1313 homogen=61237.1897
mean B0=105.462 homogen=36144.3992
mean B0=106.8836 homogen=41872.5648
mean B0=102.4621 homogen=24365.8203
mean B0=100.508 homogen=19319.5652
mean B0=100.4757 homogen=20201.6445
mean B0=93.2525 homogen=7122.4156
mean B0=93.3944 homogen=51909.0935
mean B0=102.7412 homogen=21499.7382
mean B0=102.5087 homogen=24489.1227
mean B0=107.5239 homogen=44240.8378
mean B0=103.4092 homogen=29049.563
mean B0=104.0937 homogen=29878.8867
mean B0=85.5958 homogen=3020.1878
mean B0=97.7247 homogen=14777.2861
mean B0=100.2715 homogen=19908.9046
   188 |     7520 |     40 |  0.000000E+00 |  0.000000E+00 |  0.0030471551 |             f
mean B0=96.5691 homogen=11823.5725
mean B0=89.2635 homogen=70784.5156
mean B0=102.5702 homogen=26991.4764
mean B0=102.7727 homogen=25358.4815
mean B0=97.1934 homogen=13388.4241
mean B0=100.2819 homogen=19656.8973
mean B0=107.4993 homogen=44207.27
mean B0=92.9633 homogen=21258.9936
mean B0=94.5792 homogen=9121.1334
mean B0=96.5725 homogen=17761.8634
mean B0=109.7285 homogen=61563.0372
mean B0=95.6417 homogen=11957.9935
mean B0=99.5956 homogen=48544.093
mean B0=105.6058 homogen=37393.2881
mean B0=102.8041 homogen=23911.3634
mean B0=85.5774 homogen=3076.6815
mean B0=96.7276 homogen=17125.2626
mean B0=101.401 homogen=25976.9838
mean B0=84.7471 homogen=9940.673
mean B0=97.3746 homogen=51453.928
mean B0=94.8287 homogen=108186.9844
mean B0=105.462 homogen=36144.3992
mean B0=94.9922 homogen=10929.4666
mean B0=105.245 homogen=35481.8565
mean B0=94.6428 homogen=8779.9492
mean B0=91.2795 homogen=169933.3353
mean B0=106.3682 homogen=40497.8916
mean B0=85.7283 homogen=3852.6338
mean B0=103.5053 homogen=32095.8833
mean B0=67.5044 homogen=67654.3276
mean B0=109.1765 homogen=58828.9379
mean B0=97.1929 homogen=13087.7649
mean B0=103.6407 homogen=32617.1328
mean B0=108.8982 homogen=67535.4481
mean B0=68.6292 homogen=80804.4914
mean B0=77.341 homogen=134437.0328
mean B0=95.948 homogen=22607.0752
mean B0=107.0506 homogen=41804.1757
mean B0=92.8807 homogen=12041.494
mean B0=105.7677 homogen=37728.2885
   189 |     7560 |     40 |  0.000000E+00 |  0.000000E+00 |  0.0016767211 |             f
mean B0=93.135 homogen=7121.6132
mean B0=88.853 homogen=4089.7869
mean B0=109.9747 homogen=63360.5368
mean B0=96.0245 homogen=17408.0411
mean B0=102.9125 homogen=48739.1761
mean B0=99.0612 homogen=23670.4922
mean B0=97.6255 homogen=14739.5637
mean B0=105.0687 homogen=38101.9782
mean B0=92.5029 homogen=5529.0583
mean B0=103.1833 homogen=26910.7972
mean B0=105.3856 homogen=62633.2799
mean B0=107.1065 homogen=49757.8807
mean B0=97.8652 homogen=14339.1872
mean B0=86.1809 homogen=2988.9622
mean B0=99.9819 homogen=19518.1724
mean B0=97.2115 homogen=12972.4683
mean B0=75.6013 homogen=60537.4554
mean B0=97.1918 homogen=20126.2313
mean B0=105.2754 homogen=34813.552
mean B0=105.8095 homogen=37718.6336
mean B0=91.5858 homogen=4093.3691
mean B0=85.403 homogen=3170.3513
mean B0=101.6182 homogen=21983.9462
mean B0=95.4365 homogen=44632.3133
mean B0=106.0023 homogen=41304.9919
mean B0=90.5227 homogen=10240.2175
mean B0=96.668 homogen=11863.9422
mean B0=106.8318 homogen=38754.7656
mean B0=104.3445 homogen=30287.1945
mean B0=107.0643 homogen=41822.9482
mean B0=100.6126 homogen=21777.0131
mean B0=84.8945 homogen=151034.7561
mean B0=94.4627 homogen=8501.4925
mean B0=94.5445 homogen=8617.2111
mean B0=90.133 homogen=11356.3584
mean B0=99.7625 homogen=18642.7187
mean B0=98.9153 homogen=17292.6505
mean B0=98.4888 homogen=25282.602
mean B0=108.9077 homogen=59791.3104
mean B0=104.229 homogen=29684.8589
   190 |     7600 |     40 |  0.000000E+00 |  0.000000E+00 |  0.0102598718 |         ideal
mean B0=96.104 homogen=12341.2305
mean B0=109.1198 homogen=56200.5423
mean B0=92.5024 homogen=5528.8737
mean B0=103.2001 homogen=26915.3335
mean B0=107.3978 homogen=41093.4629
mean B0=104.2866 homogen=29860.3786
mean B0=105.8238 homogen=37345.0882
mean B0=94.6167 homogen=8806.1511
mean B0=101.6999 homogen=23826.7807
mean B0=88.6342 homogen=3622.6937
mean B0=88.2322 homogen=45604.857
mean B0=101.5401 homogen=21895.2027
mean B0=91.4591 homogen=4083.4102
mean B0=99.1743 homogen=53701.0217
mean B0=102.7799 homogen=25367.9188
mean B0=97.8652 homogen=14338.9891
mean B0=101.6786 homogen=30192.8872
mean B0=102.0742 homogen=23523.6241
mean B0=83.3432 homogen=150413.7154
mean B0=106.693 homogen=40863.4235
mean B0=99.4335 homogen=18269.2368
mean B0=105.5813 homogen=36220.0432
mean B0=109.5623 homogen=61776.0266
mean B0=101.6161 homogen=22001.1149
mean B0=100.7914 homogen=21031.7305
mean B0=104.2871 homogen=30111.8794
mean B0=103.1082 homogen=27200.9151
mean B0=85.1694 homogen=14208.8993
mean B0=97.8473 homogen=19011.3575
mean B0=97.2503 homogen=13263.6747
mean B0=94.6653 homogen=34545.236
mean B0=105.0473 homogen=74718.1759
mean B0=88.9609 homogen=4258.6884
mean B0=91.994 homogen=32979.2901
mean B0=99.65 homogen=18409.5662
mean B0=92.0757 homogen=10709.0567
mean B0=104.5163 homogen=29637.8689
mean B0=98.7947 homogen=47998.5119
mean B0=91.0086 homogen=34137.474
mean B0=97.0234 homogen=13596.499
   191 |     7640 |     40 |  0.000000E+00 |  0.000000E+00 |  0.0018482982 |             f
mean B0=91.413 homogen=153467.0311
mean B0=109.707 homogen=61969.5972
mean B0=90.7921 homogen=42982.1683
mean B0=96.2046 homogen=71717.4926
mean B0=97.366 homogen=20090.2586
mean B0=95.389 homogen=10551.2761
mean B0=97.8652 homogen=14338.5862
mean B0=101.1625 homogen=22318.1416
mean B0=63.8737 homogen=78617.1154
mean B0=92.5322 homogen=7107.6279
mean B0=103.7936 homogen=31733.4376
mean B0=109.6065 homogen=61960.6268
mean B0=80.8116 homogen=47707.6536
mean B0=102.8802 homogen=27492.3487
mean B0=94.4627 homogen=8501.4925
mean B0=102.5721 homogen=24688.8795
mean B0=100.3471 homogen=21266.0082
mean B0=98.4055 homogen=16738.5079
mean B0=93.2293 homogen=6907.4631
mean B0=109.1772 homogen=58802.206
mean B0=105.5995 homogen=39621.062
mean B0=95.0885 homogen=34839.9031
mean B0=103.1205 homogen=32528.8285
mean B0=90.7337 homogen=26586.5373
mean B0=96.7863 homogen=13687.4264
mean B0=104.6757 homogen=33705.187
mean B0=105.5805 homogen=36221.7725
mean B0=102.3474 homogen=30646.8748
mean B0=83.9396 homogen=32112.628
mean B0=88.4711 homogen=5172.2172
mean B0=102.5421 homogen=27978.4674
mean B0=92.5615 homogen=5647.3966
mean B0=99.6572 homogen=18423.142
mean B0=104.6686 homogen=29712.9213
mean B0=100.2819 homogen=19656.8973
mean B0=105.9023 homogen=32546.6893
mean B0=107.5182 homogen=43773.0995
mean B0=92.1582 homogen=7361.7175
mean B0=91.609 homogen=4327.2697
mean B0=101.112 homogen=20500.3936
   192 |     7680 |     40 |  0.000000E+00 |  0.000000E+00 |  0.0032037212 |             f
mean B0=94.5892 homogen=34278.2792
mean B0=105.5782 homogen=37398.8311
mean B0=98.1488 homogen=15299.6462
mean B0=94.9438 homogen=10781.8618
mean B0=98.1506 homogen=36777.2679
mean B0=94.9921 homogen=13371.0874
mean B0=99.6639 homogen=21641.5777
mean B0=99.529 homogen=17997.2127
mean B0=94.3172 homogen=6860.0495
mean B0=103.7076 homogen=24739.7034
mean B0=96.0326 homogen=18938.8253
mean B0=102.5345 homogen=26869.3828
mean B0=89.0824 homogen=151913.2794
mean B0=103.2001 homogen=26915.3335
mean B0=107.7064 homogen=41894.3089
mean B0=91.2386 homogen=21550.5013
mean B0=96.0564 homogen=13848.9511
mean B0=101.4932 homogen=26418.2374
mean B0=94.4627 homogen=8501.4925
mean B0=102.8745 homogen=26242.0417
mean B0=102.4935 homogen=82146.9341
mean B0=101.2357 homogen=23945.7756
mean B0=105.4584 homogen=35634.3766
mean B0=93.8284 homogen=8987.9474
mean B0=97.9948 homogen=22272.8077
mean B0=95.3068 homogen=10335.1937
mean B0=102.0903 homogen=23196.0271
mean B0=109.0814 homogen=57695.6815
mean B0=83.837 homogen=4578.3235
mean B0=96.3993 homogen=23978.9918
mean B0=82.7386 homogen=40151.8392
mean B0=102.9373 homogen=25661.5053
mean B0=104.7886 homogen=29928.3705
mean B0=102.0742 homogen=23523.6241
mean B0=95.874 homogen=11484.5951
mean B0=90.5232 homogen=16095.5527
mean B0=94.1086 homogen=32759.1507
mean B0=104.3244 homogen=32864.6507
mean B0=94.2907 homogen=23805.6095
mean B0=109.297 homogen=59038.8365
   193 |     7720 |     40 |  0.000000E+00 |  0.000000E+00 |  0.0021129799 |             f
mean B0=107.5052 homogen=43717.2899
mean B0=101.0664 homogen=22767.5208
mean B0=94.0486 homogen=12264.2278
mean B0=100.4846 homogen=20111.8045
mean B0=104.4719 homogen=30499.805
mean B0=102.0903 homogen=23195.2367
mean B0=107.0651 homogen=38623.2535
mean B0=99.5295 homogen=17992.3236
mean B0=95.8651 homogen=11508.3498
mean B0=96.6707 homogen=13311.4033
mean B0=90.555 homogen=24265.46
mean B0=102.5478 homogen=24618.7772
mean B0=88.9701 homogen=95129.3032
mean B0=109.9508 homogen=64107.4657
mean B0=84.6269 homogen=20371.452
mean B0=106.3424 homogen=40443.4265
mean B0=107.7703 homogen=44505.515
mean B0=104.8691 homogen=34176.5189
mean B0=94.5629 homogen=44704.2216
mean B0=91.6089 homogen=4326.9528
mean B0=109.3101 homogen=59090.4984
mean B0=102.426 homogen=50773.0602
mean B0=97.2503 homogen=13263.6747
mean B0=100.4006 homogen=21449.4559
mean B0=93.2525 homogen=7122.4156
mean B0=93.2297 homogen=6905.5195
mean B0=102.4965 homogen=26512.6467
mean B0=102.937 homogen=25661.6511
mean B0=88.6694 homogen=3683.0547
mean B0=91.5648 homogen=4239.7291
mean B0=99.1585 homogen=26012.1974
mean B0=100.5724 homogen=50183.6081
mean B0=101.5251 homogen=31374.9319
mean B0=97.8725 homogen=15137.162
mean B0=104.8864 homogen=34389.6077
mean B0=92.6004 homogen=5719.7826
mean B0=105.7975 homogen=92935.1891
mean B0=101.1666 homogen=22332.6957
mean B0=88.0285 homogen=7161.2404
mean B0=96.6679 homogen=11857.0295
   194 |     7760 |     40 |  0.000000E+00 |  0.000000E+00 |  0.0031096158 |             f
mean B0=100.0076 homogen=19440.386
mean B0=103.4598 homogen=26826.0252
mean B0=93.5768 homogen=95645.8273
mean B0=105.1973 homogen=34777.1076
mean B0=105.0647 homogen=36359.4961
mean B0=99.5707 homogen=18114.0263
mean B0=94.8853 homogen=9042.953
mean B0=100.8983 homogen=23850.955
mean B0=92.0834 homogen=8998.454
mean B0=97.1263 homogen=13145.4349
mean B0=94.8961 homogen=18102.43
mean B0=96.7492 homogen=17395.7293
mean B0=107.0643 homogen=41822.9482
mean B0=107.534 homogen=60947.1824
mean B0=92.9881 homogen=21251.3199
mean B0=93.2525 homogen=7122.4156
mean B0=91.4483 homogen=28111.7868
mean B0=69.1169 homogen=81317.2378
mean B0=94.3888 homogen=19181.4914
mean B0=95.874 homogen=11484.5951
mean B0=93.4326 homogen=41093.2902
mean B0=106.2884 homogen=39357.3645
mean B0=102.6978 homogen=27510.3444
mean B0=103.0074 homogen=25689.7215
mean B0=92.5267 homogen=5458.6272
mean B0=96.628 homogen=11971.9848
mean B0=107.2228 homogen=43404.7954
mean B0=98.0199 homogen=15047.1318
mean B0=102.5496 homogen=57952.6991
mean B0=103.1972 homogen=26895.8307
mean B0=99.2985 homogen=23019.6828
mean B0=92.5734 homogen=8364.828
mean B0=93.2297 homogen=6905.5195
mean B0=99.6017 homogen=19949.4093
mean B0=75.7625 homogen=279387.8385
mean B0=92.6032 homogen=5710.0741
mean B0=80.9308 homogen=46457.5648
mean B0=98.8584 homogen=48489.0435
mean B0=96.2158 homogen=12356.4049
mean B0=98.4055 homogen=16738.5079
   195 |     7800 |     40 |  0.000000E+00 |  0.000000E+00 |  0.0018755935 |             f
mean B0=97.2174 homogen=13180.7148
mean B0=105.9325 homogen=38822.939
mean B0=91.6063 homogen=4036.0901
mean B0=107.2437 homogen=43500.3307
mean B0=91.5294 homogen=21586.0142
mean B0=75.1403 homogen=67930.7314
mean B0=97.8654 homogen=14341.0231
mean B0=98.2441 homogen=23176.2225
mean B0=110.2819 homogen=50103.1294
mean B0=110.168 homogen=64907.9059
mean B0=103.3133 homogen=25232.3863
mean B0=101.1106 homogen=20486.2493
mean B0=96.198 homogen=23033.4982
mean B0=82.5791 homogen=25790.4403
mean B0=81.4698 homogen=110944.1579
mean B0=99.1994 homogen=18424.0656
mean B0=96.5067 homogen=18557.5701
mean B0=98.4233 homogen=16754.1393
mean B0=105.808 homogen=37311.7797
mean B0=92.4324 homogen=30697.1257
mean B0=105.3098 homogen=34942.3712
mean B0=94.7548 homogen=8768.5928
mean B0=61.963 homogen=120154.4885
mean B0=104.4512 homogen=30439.024
mean B0=94.1026 homogen=24192.9652
mean B0=99.9938 homogen=20346.8087
mean B0=104.869 homogen=34177.5073
mean B0=91.674 homogen=57454.3985
mean B0=85.4251 homogen=7656.4292
mean B0=107.5767 homogen=43443.113
mean B0=103.1131 homogen=32319.3313
mean B0=106.3424 homogen=40443.4265
mean B0=104.1782 homogen=70217.1559
mean B0=92.4711 homogen=18369.6954
mean B0=101.1724 homogen=22756.4589
mean B0=103.8059 homogen=26314.3923
mean B0=95.1512 homogen=14855.0958
mean B0=96.4674 homogen=15856.9595
mean B0=105.4478 homogen=25745.3818
mean B0=101.2887 homogen=22414.0452
   196 |     7840 |     40 |  0.000000E+00 |  0.000000E+00 |  0.0080589632 |         ideal
mean B0=102.0903 homogen=23195.2367
mean B0=82.2961 homogen=130625.0737
mean B0=94.3231 homogen=21148.2658
mean B0=104.2924 homogen=30167.3265
mean B0=98.3362 homogen=16634.9503
mean B0=105.0835 homogen=53383.7409
mean B0=97.1613 homogen=18912.5634
mean B0=105.9389 homogen=39906.6872
mean B0=107.433 homogen=44225.5921
mean B0=102.7655 homogen=42273.4994
mean B0=95.6956 homogen=12325.2758
mean B0=97.8094 homogen=14542.0563
mean B0=97.9161 homogen=22252.5842
mean B0=100.3833 homogen=27467.7632
mean B0=91.1496 homogen=5527.553
mean B0=107.422 homogen=43936.8716
mean B0=87.1159 homogen=18112.8489
mean B0=97.2252 homogen=13192.1934
mean B0=98.5753 homogen=16740.7504
mean B0=101.7192 homogen=23603.1621
mean B0=106.2884 homogen=39357.3645
mean B0=77.4074 homogen=31135.7575
mean B0=93.302 homogen=6868.4623
mean B0=93.9898 homogen=28499.9933
mean B0=109.4586 homogen=60588.8822
mean B0=91.1885 homogen=18821.0689
mean B0=90.6279 homogen=6589.6724
mean B0=107.1134 homogen=38910.4908
mean B0=109.1982 homogen=58588.6747
mean B0=79.01 homogen=241370.9355
mean B0=101.091 homogen=22669.8225
mean B0=88.6071 homogen=91247.6849
mean B0=96.655 homogen=20268.93
mean B0=102.3864 homogen=26348.9868
mean B0=100.9929 homogen=21840.2898
mean B0=109.7152 homogen=57622.0863
mean B0=90.6884 homogen=23660.0814
mean B0=94.9108 homogen=8953.3138
mean B0=96.4036 homogen=11528.9999
mean B0=104.9756 homogen=34314.9254
   197 |     7880 |     40 |  0.000000E+00 |  0.000000E+00 |  0.0014509649 |             f
mean B0=107.0513 homogen=41799.754
mean B0=103.7994 homogen=32304.9597
mean B0=106.306 homogen=39579.5344
mean B0=94.6409 homogen=8725.8761
mean B0=97.8952 homogen=15043.1573
mean B0=88.6694 homogen=3683.0547
mean B0=109.0782 homogen=60040.1416
mean B0=111.1655 homogen=55702.4579
mean B0=101.2008 homogen=23565.1256
mean B0=91.9226 homogen=4514.2188
mean B0=100.6575 homogen=22367.8514
mean B0=74.4246 homogen=165623.2206
mean B0=101.475 homogen=23897.3517
mean B0=86.6959 homogen=123259.0122
mean B0=93.2862 homogen=89854.1228
mean B0=100.427 homogen=20161.0747
mean B0=95.6984 homogen=11416.4718
mean B0=85.7342 homogen=10878.6076
mean B0=107.612 homogen=44245.2329
mean B0=104.2143 homogen=44587.8385
mean B0=105.9456 homogen=38845.6763
mean B0=97.7619 homogen=15704.7272
mean B0=101.8376 homogen=22331.2099
mean B0=94.7309 homogen=9398.7836
mean B0=99.5078 homogen=17934.5372
mean B0=92.5267 homogen=5458.6272
mean B0=104.9723 homogen=33769.8263
mean B0=96.2195 homogen=12961.761
mean B0=98.4907 homogen=17059.7246
mean B0=104.0744 homogen=29760.678
mean B0=107.5413 homogen=42540.7902
mean B0=106.8207 homogen=42021.4184
mean B0=100.7056 homogen=21310.1672
mean B0=88.6611 homogen=3648.058
mean B0=101.2929 homogen=22416.8519
mean B0=109.1479 homogen=57436.1218
mean B0=92.9557 homogen=6243.4672
mean B0=99.0664 homogen=18630.9253
mean B0=98.0793 homogen=16396.7573
mean B0=96.3364 homogen=25766.5761
   198 |     7920 |     40 |  0.000000E+00 |  0.000000E+00 |  0.0038847396 |             f
mean B0=96.6559 homogen=28202.0838
mean B0=100.0076 homogen=19440.386
mean B0=102.0717 homogen=23131.9761
mean B0=89.9005 homogen=31987.6156
mean B0=111.2835 homogen=68746.041
mean B0=100.9462 homogen=30332.0487
mean B0=99.1674 homogen=21379.4365
mean B0=95.3203 homogen=10497.7346
mean B0=85.7094 homogen=28854.2182
mean B0=106.3523 homogen=40517.4224
mean B0=99.8545 homogen=23696.4942
mean B0=99.3242 homogen=26204.7403
mean B0=101.667 homogen=22780.2224
mean B0=102.8475 homogen=26688.5023
mean B0=93.567 homogen=32662.9137
mean B0=85.095 homogen=31843.7846
mean B0=99.7709 homogen=18716.1662
mean B0=98.4956 homogen=21088.234
mean B0=97.4819 homogen=23530.4955
mean B0=91.2498 homogen=4141.1333
mean B0=97.6866 homogen=72139.4594
mean B0=109.9747 homogen=63360.5368
mean B0=107.7911 homogen=44617.4864
mean B0=98.4023 homogen=16709.3685
mean B0=103.2535 homogen=27237.2549
mean B0=101.114 homogen=22829.8658
mean B0=98.6952 homogen=16300.0679
mean B0=88.6159 homogen=3681.1209
mean B0=103.135 homogen=72567.2687
mean B0=106.0944 homogen=36509.7317
mean B0=107.3139 homogen=33367.7378
mean B0=104.4894 homogen=30558.3082
mean B0=104.3397 homogen=29953.448
mean B0=99.0651 homogen=18949.9185
mean B0=92.7315 homogen=26483.9016
mean B0=90.8418 homogen=34067.5483
mean B0=96.4959 homogen=11572.9429
mean B0=110.0482 homogen=64681.8721
mean B0=101.4613 homogen=22693.0838
mean B0=93.3121 homogen=6891.4842
   199 |     7960 |     40 |  0.000000E+00 |  0.000000E+00 |  0.0444365433 |         ideal
mean B0=98.0269 homogen=138493.9641
mean B0=94.6812 homogen=8814.4407
mean B0=103.7678 homogen=32790.502
mean B0=106.1794 homogen=28131.7155
mean B0=85.021 homogen=119083.3274
mean B0=100.842 homogen=21205.5316
mean B0=99.0287 homogen=15820.0242
mean B0=104.7355 homogen=29604.9839
mean B0=83.8843 homogen=5243.6827
mean B0=102.0115 homogen=23040.3022
mean B0=109.1985 homogen=58588.7721
mean B0=102.7088 homogen=24984.7479
mean B0=101.089 homogen=24425.6107
mean B0=94.1338 homogen=8457.2378
mean B0=80.8754 homogen=148399.7734
mean B0=101.89 homogen=22862.1194
mean B0=98.3508 homogen=16721.5595
mean B0=109.7247 homogen=63146.9703
mean B0=101.4138 homogen=22581.9313
mean B0=95.638 homogen=47852.7837
mean B0=105.0034 homogen=22015.1602
mean B0=105.5505 homogen=36422.5916
mean B0=98.1406 homogen=16051.0187
mean B0=105.4291 homogen=35481.8612
mean B0=104.8133 homogen=32597.2942
mean B0=108.9847 homogen=56891.4931
mean B0=100.4286 homogen=20283.489
mean B0=109.8935 homogen=67325.395
mean B0=94.2395 homogen=6699.7452
mean B0=107.7894 homogen=44631.2145
mean B0=92.2542 homogen=13242.3535
mean B0=92.7889 homogen=27773.0368
mean B0=106.4637 homogen=51673.0289
mean B0=75.0914 homogen=163844.9274
mean B0=95.6359 homogen=25632.911
mean B0=105.7604 homogen=52446.6015
mean B0=92.2458 homogen=7659.8397
mean B0=106.0741 homogen=38606.2734
mean B0=104.6434 homogen=29414.2879
mean B0=99.4732 homogen=24599.2974
   200 |     8000 |     40 |  0.000000E+00 |  0.000000E+00 |  0.0021715975 |             f
mean B0=90.7112 homogen=9210.2661
mean B0=90.2276 homogen=141330.8265
mean B0=107.0917 homogen=41980.5043
mean B0=94.4509 homogen=10541.2735
mean B0=107.7973 homogen=44649.8249
mean B0=110.245 homogen=65532.4712
mean B0=87.512 homogen=94542.5458
mean B0=87.4595 homogen=5886.4084
mean B0=109.7629 homogen=63203.7699
mean B0=96.2093 homogen=11167.4087
mean B0=91.5639 homogen=4095.4189
mean B0=108.9281 homogen=61813.6071
mean B0=88.5781 homogen=4688.8863
mean B0=106.1048 homogen=36548.4552
mean B0=88.7338 homogen=161800.5462
mean B0=104.8126 homogen=32598.1858
mean B0=99.5333 homogen=18005.0238
mean B0=102.6451 homogen=34171.5122
mean B0=103.1898 homogen=26896.6136
mean B0=90.3889 homogen=6547.5979
mean B0=98.5624 homogen=16996.8532
mean B0=104.6194 homogen=29284.4509
mean B0=72.9816 homogen=69842.8467
mean B0=103.0872 homogen=26850.0138
mean B0=104.9667 homogen=33743.4967
mean B0=103.3681 homogen=26512.7909
mean B0=102.8491 homogen=26678.2401
mean B0=99.4019 homogen=22693.304
mean B0=106.9019 homogen=98409.5358
mean B0=105.9374 homogen=40936.5418
mean B0=102.1313 homogen=23597.6873
mean B0=94.1371 homogen=9971.6433
mean B0=97.874 homogen=16564.7549
mean B0=108.6568 homogen=58059.4979
mean B0=103.9974 homogen=28717.4267
mean B0=102.0904 homogen=23193.9352
mean B0=100.8161 homogen=21296.6585
mean B0=100.9794 homogen=21786.1014
mean B0=101.1653 homogen=23595.7843
mean B0=96.3358 homogen=12387.7723
   201 |     8040 |     40 |  0.000000E+00 |  0.000000E+00 |  0.0034110394 |             f
mean B0=83.5298 homogen=126933.9204
mean B0=108.1771 homogen=44879.6256
mean B0=107.1794 homogen=33150.5972
mean B0=104.1566 homogen=29625.2465
mean B0=91.6063 homogen=4036.0901
mean B0=100.0286 homogen=21361.9616
mean B0=104.8982 homogen=33698.4018
mean B0=94.8485 homogen=8995.0033
mean B0=65.3423 homogen=84237.1527
mean B0=87.2108 homogen=10934.8748
mean B0=78.8026 homogen=135575.4569
mean B0=105.7273 homogen=36754.7776
mean B0=87.2965 homogen=121530.7673
mean B0=109.3848 homogen=58291.9372
mean B0=102.9826 homogen=50400.1718
mean B0=104.4832 homogen=29019.3951
mean B0=92.7494 homogen=7220.1123
mean B0=100.9532 homogen=24143.9632
mean B0=103.4565 homogen=26815.5018
mean B0=107.8607 homogen=54838.153
mean B0=98.6077 homogen=16658.8097
mean B0=96.4978 homogen=38144.3783
mean B0=104.5664 homogen=30835.7008
mean B0=101.6645 homogen=49705.7115
mean B0=99.5333 homogen=18005.0238
mean B0=102.9174 homogen=27136.2541
mean B0=95.9769 homogen=24233.9162
mean B0=100.5545 homogen=20342.2103
mean B0=91.5906 homogen=17265.8591
mean B0=107.9886 homogen=70542.474
mean B0=103.9948 homogen=28687.9621
mean B0=103.7805 homogen=27953.8594
mean B0=96.2093 homogen=11167.4087
mean B0=107.0534 homogen=41786.4318
mean B0=95.2034 homogen=21644.7423
mean B0=109.4616 homogen=64406.409
mean B0=99.5434 homogen=18494.6388
mean B0=102.771 homogen=52073.4809
mean B0=103.3711 homogen=26523.2872
mean B0=101.3436 homogen=23660.3068
   202 |     8080 |     40 |  0.000000E+00 |  0.000000E+00 |  0.0023202041 |             f
mean B0=106.8499 homogen=38045.3513
mean B0=93.1794 homogen=6773.4288
mean B0=88.6565 homogen=3749.908
mean B0=107.2933 homogen=40206.0409
mean B0=99.2277 homogen=159108.2979
mean B0=93.1289 homogen=55941.7488
mean B0=105.218 homogen=25288.5125
mean B0=97.2503 homogen=13263.6747
mean B0=100.0192 homogen=24008.4808
mean B0=96.2012 homogen=11189.7155
mean B0=111.3695 homogen=65237.8341
mean B0=59.107 homogen=139387.8825
mean B0=103.3681 homogen=26512.7909
mean B0=96.7818 homogen=12254.4738
mean B0=100.8299 homogen=21216.7203
mean B0=81.2721 homogen=106009.3299
mean B0=100.8627 homogen=23343.471
mean B0=110.1666 homogen=64888.4294
mean B0=96.4101 homogen=30161.1563
mean B0=108.1371 homogen=64496.7084
mean B0=105.8969 homogen=39771.654
mean B0=98.0574 homogen=16204.5335
mean B0=91.8956 homogen=4503.6716
mean B0=101.1535 homogen=52737.7292
mean B0=91.7223 homogen=4607.0205
mean B0=107.0684 homogen=41857.5092
mean B0=104.5238 homogen=33038.4816
mean B0=107.8607 homogen=54838.153
mean B0=102.4931 homogen=27592.1712
mean B0=103.3883 homogen=27315.4961
mean B0=102.8222 homogen=27659.1579
mean B0=94.0363 homogen=8283.3829
mean B0=109.7247 homogen=63146.9703
mean B0=98.489 homogen=16215.3477
mean B0=99.0551 homogen=19011.4246
mean B0=100.2235 homogen=22943.3447
mean B0=82.9787 homogen=21458.6729
mean B0=110.2468 homogen=65528.3824
mean B0=92.2249 homogen=31179.8284
mean B0=100.7259 homogen=20644.128
   203 |     8120 |     40 |  0.000000E+00 |  0.000000E+00 |  0.0026342860 |             f
mean B0=107.0534 homogen=41786.6308
mean B0=98.5505 homogen=19159.7115
mean B0=110.2397 homogen=65454.478
mean B0=91.1922 homogen=21092.4862
mean B0=103.7805 homogen=27954.741
mean B0=109.8159 homogen=61874.2042
mean B0=86.7082 homogen=85939.4911
mean B0=99.2408 homogen=22638.9454
mean B0=97.8375 homogen=14310.2919
mean B0=94.0309 homogen=8284.222
mean B0=104.9723 homogen=33769.8263
mean B0=101.8376 homogen=22331.2099
mean B0=95.9831 homogen=10854.8355
mean B0=97.8624 homogen=14609.0196
mean B0=94.6356 homogen=25800.8114
mean B0=101.4145 homogen=62365.0918
mean B0=109.096 homogen=57005.7412
mean B0=92.6302 homogen=26930.4367
mean B0=102.4184 homogen=29361.9782
mean B0=102.5478 homogen=24618.7772
mean B0=106.0741 homogen=38606.2734
mean B0=102.2301 homogen=46383.378
mean B0=103.9293 homogen=84133.0897
mean B0=80.4542 homogen=52250.2991
mean B0=107.7975 homogen=44647.634
mean B0=94.4159 homogen=9104.0341
mean B0=110.9126 homogen=65674.1912
mean B0=99.2366 homogen=52930.2954
mean B0=100.8685 homogen=21204.8324
mean B0=78.8035 homogen=135433.3946
mean B0=104.5664 homogen=30835.7008
mean B0=92.9557 homogen=6243.4672
mean B0=106.4743 homogen=40996.7148
mean B0=96.4787 homogen=12533.3179
mean B0=99.446 homogen=17037.3215
mean B0=86.6518 homogen=5299.9168
mean B0=105.6139 homogen=36553.2985
mean B0=101.397 homogen=21427.3008
mean B0=93.5803 homogen=24559.6601
mean B0=99.4942 homogen=18754.5076
   204 |     8160 |     40 |  0.000000E+00 |  0.000000E+00 |  0.0026287808 |             f
mean B0=102.129 homogen=23077.5019
mean B0=109.3881 homogen=60685.1647
mean B0=96.5213 homogen=14551.9551
mean B0=100.8053 homogen=24174.7606
mean B0=86.7934 homogen=76894.4381
mean B0=101.1461 homogen=23354.7058
mean B0=101.6516 homogen=23431.1394
mean B0=104.567 homogen=30836.7983
mean B0=111.6358 homogen=70516.9495
mean B0=101.3823 homogen=22106.6483
mean B0=94.097 homogen=21588.9534
mean B0=90.8358 homogen=150674.1858
mean B0=110.0336 homogen=64720.2879
mean B0=111.3376 homogen=67812.7387
mean B0=107.1873 homogen=42521.8975
mean B0=61.1829 homogen=72409.0023
mean B0=94.2422 homogen=8444.3431
mean B0=96.8269 homogen=48656.4652
mean B0=95.1914 homogen=6729.749
mean B0=103.8172 homogen=38259.7658
mean B0=99.8267 homogen=18343.4681
mean B0=104.8783 homogen=32701.4716
mean B0=94.3494 homogen=12625.1294
mean B0=98.4249 homogen=16543.5059
mean B0=97.8197 homogen=28358.6484
mean B0=106.3531 homogen=40524.1147
mean B0=103.7859 homogen=27925.5779
mean B0=110.912 homogen=65672.6952
mean B0=100.2064 homogen=21562.8656
mean B0=92.4473 homogen=7530.2247
mean B0=95.7584 homogen=25863.9373
mean B0=108.7274 homogen=58454.4047
mean B0=105.7448 homogen=36768.7221
mean B0=107.7504 homogen=45051.4308
mean B0=77.1734 homogen=133951.2087
mean B0=73.9489 homogen=131683.7456
mean B0=102.2112 homogen=23393.329
mean B0=103.6667 homogen=39013.136
mean B0=96.8012 homogen=16630.9561
mean B0=100.6273 homogen=25171.6386
   205 |     8200 |     40 |  0.000000E+00 |  0.000000E+00 |  0.0138417794 |         ideal
mean B0=92.5663 homogen=30743.1589
mean B0=100.9777 homogen=58007.7644
mean B0=109.2149 homogen=57752.7051
mean B0=100.9775 homogen=49471.6167
mean B0=98.0804 homogen=27209.4736
mean B0=101.1758 homogen=22902.5415
mean B0=95.6571 homogen=173684.3603
mean B0=92.9557 homogen=6243.4672
mean B0=110.0336 homogen=64720.2879
mean B0=107.148 homogen=30988.967
mean B0=89.1628 homogen=6888.2241
mean B0=107.8135 homogen=44534.669
mean B0=100.4846 homogen=20111.8045
mean B0=99.3347 homogen=20744.4317
mean B0=100.8892 homogen=20696.1838
mean B0=100.8944 homogen=21230.5656
mean B0=92.8412 homogen=12946.9162
mean B0=90.3177 homogen=11005.1974
mean B0=81.2699 homogen=44499.69
mean B0=110.0681 homogen=64647.2828
mean B0=110.1666 homogen=64888.4294
mean B0=93.9212 homogen=31225.8072
mean B0=106.5734 homogen=38641.2122
mean B0=99.6913 homogen=17529.8894
mean B0=100.7364 homogen=22794.5728
mean B0=105.7508 homogen=44570.2464
mean B0=109.2194 homogen=58689.6891
mean B0=99.8267 homogen=18343.4681
mean B0=98.6077 homogen=16658.8097
mean B0=91.5636 homogen=4427.9547
mean B0=107.0202 homogen=59834.5432
mean B0=103.3523 homogen=26557.4152
mean B0=101.397 homogen=21427.3008
mean B0=105.6153 homogen=44175.4591
mean B0=99.8045 homogen=20574.4765
mean B0=101.1832 homogen=46928.2699
mean B0=98.0258 homogen=15560.9323
mean B0=87.7446 homogen=10632.5205
mean B0=106.3572 homogen=40527.7087
mean B0=102.4833 homogen=25079.9031
   206 |     8240 |     40 |  0.000000E+00 |  0.000000E+00 |  0.0016644496 |             f
mean B0=88.9215 homogen=90816.9038
mean B0=105.401 homogen=37479.1916
mean B0=103.0034 homogen=39326.9256
mean B0=99.0224 homogen=21349.4947
mean B0=98.2079 homogen=50204.3768
mean B0=88.8484 homogen=19248.0397
mean B0=107.1731 homogen=40298.7242
mean B0=108.6871 homogen=59887.502
mean B0=105.6139 homogen=36553.2985
mean B0=104.004 homogen=74681.6133
mean B0=109.4586 homogen=60588.8822
mean B0=96.5798 homogen=25102.0012
mean B0=85.6881 homogen=3589.7316
mean B0=98.0676 homogen=15388.4182
mean B0=87.2705 homogen=147778.8602
mean B0=100.0041 homogen=18917.5108
mean B0=101.0063 homogen=24094.1075
mean B0=85.0315 homogen=126414.3265
mean B0=106.7991 homogen=36384.7808
mean B0=108.056 homogen=63136.7663
mean B0=104.3765 homogen=47932.5359
mean B0=100.144 homogen=18986.3181
mean B0=93.226 homogen=6582.5309
mean B0=106.1011 homogen=69165.5996
mean B0=100.582 homogen=22552.8978
mean B0=103.7714 homogen=27876.3955
mean B0=82.9132 homogen=84707.6513
mean B0=89.618 homogen=4964.9775
mean B0=100.4846 homogen=20111.8045
mean B0=102.6675 homogen=24961.4074
mean B0=109.2194 homogen=58689.6891
mean B0=97.4637 homogen=26697.751
mean B0=93.6624 homogen=6930.2525
mean B0=99.4028 homogen=17199.753
mean B0=72.7661 homogen=79687.7652
mean B0=110.7142 homogen=64136.3339
mean B0=108.146 homogen=53640.7289
mean B0=104.2023 homogen=35568.4303
mean B0=92.7331 homogen=6946.7261
mean B0=101.794 homogen=22033.7715
   207 |     8280 |     40 |  0.000000E+00 |  0.000000E+00 |  0.0019401059 |             f
mean B0=99.446 homogen=17037.3215
mean B0=94.9193 homogen=8974.1352
mean B0=83.5928 homogen=33267.3328
mean B0=109.9415 homogen=62849.6171
mean B0=98.9386 homogen=22734.5403
mean B0=104.9238 homogen=32911.4319
mean B0=106.5672 homogen=85064.3048
mean B0=85.5091 homogen=17354.1485
mean B0=100.4089 homogen=20149.747
mean B0=96.2114 homogen=13751.2372
mean B0=110.7306 homogen=64020.07
mean B0=105.6139 homogen=36553.2985
mean B0=84.884 homogen=3600.744
mean B0=103.2392 homogen=26302.0491
mean B0=83.2023 homogen=146481.7707
mean B0=111.6358 homogen=70516.9495
mean B0=94.9237 homogen=15953.7326
mean B0=95.5544 homogen=22803.399
mean B0=94.7537 homogen=38357.0784
mean B0=111.0729 homogen=65955.83
mean B0=95.9831 homogen=10854.8355
mean B0=102.5382 homogen=24579.5159
mean B0=101.794 homogen=22033.7715
mean B0=106.4464 homogen=38122.6362
mean B0=105.2764 homogen=56533.5471
mean B0=107.7683 homogen=44333.3841
mean B0=103.3217 homogen=26654.9467
mean B0=95.962 homogen=11685.8388
mean B0=107.1317 homogen=41708.9959
mean B0=92.3442 homogen=11621.052
mean B0=107.2079 homogen=43484.0468
mean B0=98.1406 homogen=16051.0187
mean B0=110.7213 homogen=59653.1969
mean B0=103.7812 homogen=23443.8869
mean B0=96.1149 homogen=22113.1079
mean B0=108.9847 homogen=56891.4931
mean B0=96.5024 homogen=16850.001
mean B0=98.6231 homogen=16774.6644
mean B0=95.3121 homogen=36169.6997
mean B0=92.0824 homogen=4947.1478
   208 |     8320 |     40 |  0.000000E+00 |  0.000000E+00 |  0.0037833412 |             f
mean B0=103.2397 homogen=26297.9414
mean B0=98.1817 homogen=76501.6159
mean B0=77.9476 homogen=217540.4037
mean B0=93.1666 homogen=7560.109
mean B0=109.8561 homogen=61593.8359
mean B0=99.3671 homogen=23116.22
mean B0=100.0679 homogen=19146.8536
mean B0=64.2415 homogen=82993.8753
mean B0=106.5924 homogen=38674.2406
mean B0=95.1796 homogen=22091.6365
mean B0=109.8526 homogen=62390.9294
mean B0=111.3881 homogen=65146.1642
mean B0=105.9618 homogen=37246.1691
mean B0=110.115 homogen=64420.153
mean B0=103.6316 homogen=27655.7384
mean B0=91.7045 homogen=4306.2779
mean B0=106.0674 homogen=38036.0304
mean B0=93.4482 homogen=25822.1682
mean B0=68.1753 homogen=90630.9366
mean B0=95.9722 homogen=10836.1305
mean B0=102.0059 homogen=172357.7842
mean B0=101.1943 homogen=20849.627
mean B0=96.728 homogen=25388.3652
mean B0=91.8784 homogen=4410.7774
mean B0=100.4499 homogen=20221.9713
mean B0=101.0163 homogen=57838.4665
mean B0=106.3766 homogen=37812.0397
mean B0=95.664 homogen=13100.6514
mean B0=104.9064 homogen=32893.4257
mean B0=109.3759 homogen=58865.0109
mean B0=103.1149 homogen=25742.2294
mean B0=108.6306 homogen=62390.1337
mean B0=106.727 homogen=39342.0547
mean B0=107.055 homogen=41347.6091
mean B0=107.2847 homogen=41962.6851
mean B0=97.7292 homogen=14616.7807
mean B0=85.9765 homogen=132520.7852
mean B0=96.227 homogen=31014.5052
mean B0=91.6285 homogen=13573.4242
mean B0=92.3085 homogen=8625.1423
   209 |     8360 |     40 |  0.000000E+00 |  0.000000E+00 |  0.0025558235 |             f
mean B0=106.0156 homogen=37372.6086
mean B0=105.1624 homogen=30652.702
mean B0=106.8271 homogen=87330.2725
mean B0=108.8266 homogen=64649.1882
mean B0=105.751 homogen=45068.1358
mean B0=111.6404 homogen=70512.6234
mean B0=98.2901 homogen=134826.2234
mean B0=101.78 homogen=22014.4656
mean B0=70.7067 homogen=223789.1108
mean B0=98.9392 homogen=18438.9434
mean B0=97.7198 homogen=14151.9375
mean B0=91.8596 homogen=14280.038
mean B0=111.4326 homogen=69665.5453
mean B0=96.6324 homogen=14258.5777
mean B0=102.5381 homogen=24580.2171
mean B0=88.4409 homogen=4712.2366
mean B0=97.7288 homogen=29220.6071
mean B0=101.7664 homogen=22089.5456
mean B0=108.9849 homogen=56889.2454
mean B0=105.5175 homogen=36195.6897
mean B0=92.0824 homogen=4946.6647
mean B0=105.8719 homogen=55662.7365
mean B0=104.8202 homogen=32544.9965
mean B0=90.8208 homogen=33260.1986
mean B0=93.6758 homogen=179915.6561
mean B0=104.8758 homogen=32698.4689
mean B0=88.956 homogen=5739.5436
mean B0=100.3222 homogen=165793.0577
mean B0=79.176 homogen=59338.3381
mean B0=102.7783 homogen=27204.9853
mean B0=96.9105 homogen=12369.3761
mean B0=88.2666 homogen=15802.3063
mean B0=102.5439 homogen=23940.0132
mean B0=94.4105 homogen=15322.9708
mean B0=85.5087 homogen=120268.9346
mean B0=103.969 homogen=27109.3755
mean B0=89.3569 homogen=25654.0025
mean B0=104.2499 homogen=22508.0904
mean B0=100.4849 homogen=20109.9727
mean B0=110.9967 homogen=64902.039
   210 |     8400 |     40 |  0.000000E+00 |  0.000000E+00 |  0.0011685906 |             f
mean B0=107.5279 homogen=58497.9278
mean B0=84.7095 homogen=106351.0377
mean B0=94.6879 homogen=32862.6778
mean B0=102.5461 homogen=23938.2417
mean B0=102.1105 homogen=23347.5529
mean B0=92.8416 homogen=42633.3224
mean B0=105.0368 homogen=30453.4211
mean B0=102.2892 homogen=70032.0175
mean B0=109.3155 homogen=59935.2435
mean B0=96.3972 homogen=21394.3094
mean B0=104.0473 homogen=31074.9324
mean B0=105.9658 homogen=40692.1539
mean B0=100.303 homogen=19788.6143
mean B0=101.1943 homogen=20849.627
mean B0=112.2441 homogen=56818.8188
mean B0=91.747 homogen=95127.0646
mean B0=108.2056 homogen=33872.2265
mean B0=91.3873 homogen=169880.3724
mean B0=101.9807 homogen=77666.1344
mean B0=105.1416 homogen=32390.8317
mean B0=96.9896 homogen=12217.4688
mean B0=104.2008 homogen=57378.2181
mean B0=100.3998 homogen=57285.3709
mean B0=103.7823 homogen=27918.0621
mean B0=109.6747 homogen=61071.2388
mean B0=95.1526 homogen=20164.6351
mean B0=92.8153 homogen=13084.5353
mean B0=93.8961 homogen=30401.0924
mean B0=105.6583 homogen=36549.4286
mean B0=106.7296 homogen=78714.861
mean B0=106.4605 homogen=38283.3682
mean B0=98.4791 homogen=14705.3991
mean B0=92.7018 homogen=5831.5357
mean B0=109.8561 homogen=61593.8359
mean B0=107.2774 homogen=41806.3302
mean B0=95.9722 homogen=10836.1305
mean B0=75.6589 homogen=37534.2654
mean B0=97.8711 homogen=14515.4252
mean B0=101.3243 homogen=21404.5597
mean B0=94.6398 homogen=9138.4695
   211 |     8440 |     40 |  0.000000E+00 |  0.000000E+00 |  0.0030771052 |             f
mean B0=104.4853 homogen=83723.1393
mean B0=104.3072 homogen=29867.6311
mean B0=107.4702 homogen=40525.5084
mean B0=104.8202 homogen=32544.9965
mean B0=96.9105 homogen=12369.3761
mean B0=91.607 homogen=4038.6554
mean B0=96.9385 homogen=66148.5209
mean B0=85.128 homogen=44652.463
mean B0=96.7583 homogen=21252.0909
mean B0=102.8559 homogen=25001.9398
mean B0=107.8061 homogen=44599.6487
mean B0=84.2254 homogen=107288.9094
mean B0=99.8641 homogen=22367.2326
mean B0=92.7018 homogen=5833.7972
mean B0=100.8794 homogen=23571.7994
mean B0=98.5241 homogen=15345.9519
mean B0=106.6453 homogen=37379.5416
mean B0=86.7647 homogen=6009.3325
mean B0=100.1285 homogen=19365.4409
mean B0=100.0398 homogen=35361.7453
mean B0=93.649 homogen=34076.9696
mean B0=105.517 homogen=47661.3671
mean B0=109.5869 homogen=65615.3567
mean B0=93.3313 homogen=6937.2341
mean B0=107.055 homogen=41347.6091
mean B0=104.9278 homogen=35490.2914
mean B0=99.7707 homogen=25282.0904
mean B0=102.9345 homogen=26385.0548
mean B0=102.6768 homogen=25216.7126
mean B0=109.6239 homogen=61106.3138
mean B0=107.2922 homogen=41904.3599
mean B0=101.2549 homogen=26033.1491
mean B0=101.0313 homogen=27702.3244
mean B0=111.338 homogen=67811.7309
mean B0=97.7873 homogen=19255.4656
mean B0=95.2882 homogen=72393.2551
mean B0=108.8027 homogen=58184.3533
mean B0=97.1457 homogen=15123.026
mean B0=103.9179 homogen=30466.2976
mean B0=96.6294 homogen=22254.6549
   212 |     8480 |     40 |  0.000000E+00 |  0.000000E+00 |  0.0024954316 |             f
mean B0=104.1789 homogen=30975.4218
mean B0=100.8943 homogen=21656.7572
mean B0=95.2515 homogen=20176.4931
mean B0=109.0212 homogen=50196.3203
mean B0=110.9352 homogen=65086.6791
mean B0=101.6568 homogen=22244.3358
mean B0=110.9877 homogen=65612.4077
mean B0=98.6484 homogen=38145.5506
mean B0=104.0249 homogen=28727.2416
mean B0=89.9154 homogen=97422.9902
mean B0=110.893 homogen=59441.8726
mean B0=107.0808 homogen=41821.8466
mean B0=100.5816 homogen=21658.9769
mean B0=109.4272 homogen=59022.1739
mean B0=106.1631 homogen=38575.9589
mean B0=102.0427 homogen=22445.6108
mean B0=97.9016 homogen=28716.5437
mean B0=97.518 homogen=13513.2119
mean B0=98.63 homogen=17159.534
mean B0=108.6684 homogen=55759.7522
mean B0=96.3249 homogen=54628.3556
mean B0=90.5341 homogen=6477.7722
mean B0=104.2848 homogen=29693.5895
mean B0=95.0948 homogen=10595.433
mean B0=97.4861 homogen=14395.3266
mean B0=100.3526 homogen=20010.5117
mean B0=82.5242 homogen=33559.9974
mean B0=100.0725 homogen=18616.2244
mean B0=107.9609 homogen=32857.5748
mean B0=97.3932 homogen=31977.8797
mean B0=87.068 homogen=10160.179
mean B0=93.1314 homogen=16409.1527
mean B0=101.6618 homogen=24492.7771
mean B0=109.5718 homogen=60953.462
mean B0=109.435 homogen=60186.1769
mean B0=106.6759 homogen=39060.9501
mean B0=111.6618 homogen=71433.9561
mean B0=98.7085 homogen=15537.0072
mean B0=96.2924 homogen=14728.4423
mean B0=93.1607 homogen=5942.5787
   213 |     8520 |     40 |  0.000000E+00 |  0.000000E+00 |  0.0134609208 |         nadir
mean B0=92.7018 homogen=5831.5357
mean B0=105.6392 homogen=36304.9265
mean B0=99.6337 homogen=24980.0751
mean B0=86.5503 homogen=6803.8184
mean B0=88.6694 homogen=3683.0547
mean B0=104.1458 homogen=27413.3192
mean B0=104.4304 homogen=30100.6376
mean B0=92.8398 homogen=39909.6937
mean B0=97.8414 homogen=21884.0637
mean B0=103.4796 homogen=26898.0034
mean B0=96.3387 homogen=12129.4902
mean B0=95.7769 homogen=11272.0711
mean B0=101.816 homogen=22938.2309
mean B0=100.7532 homogen=21606.3705
mean B0=101.663 homogen=33615.4037
mean B0=97.9118 homogen=14658.9968
mean B0=95.5905 homogen=11462.5357
mean B0=111.3338 homogen=67875.051
mean B0=100.3884 homogen=20148.687
mean B0=92.9017 homogen=22635.253
mean B0=96.0265 homogen=9335.2884
mean B0=110.7362 homogen=64539.8588
mean B0=100.6784 homogen=23438.3862
mean B0=107.3765 homogen=49215.8087
mean B0=107.0808 homogen=41821.8466
mean B0=94.9937 homogen=26657.8214
mean B0=104.792 homogen=32639.6534
mean B0=111.6404 homogen=70512.6234
mean B0=105.6778 homogen=36577.9078
mean B0=106.7696 homogen=39621.329
mean B0=95.3631 homogen=15136.1963
mean B0=103.1299 homogen=31530.4035
mean B0=112.2202 homogen=74899.7616
mean B0=79.0034 homogen=160801.7609
mean B0=101.0493 homogen=21181.2037
mean B0=100.0298 homogen=18548.6334
mean B0=93.8425 homogen=23071.5285
mean B0=88.6317 homogen=3629.9691
mean B0=71.2015 homogen=249714.4408
mean B0=109.9042 homogen=62553.8611
   214 |     8560 |     40 |  0.000000E+00 |  0.000000E+00 |  0.0214419407 |         ideal
mean B0=98.9885 homogen=21704.4057
mean B0=102.6783 homogen=24136.796
mean B0=88.6342 homogen=3622.6937
mean B0=104.6657 homogen=46018.911
mean B0=110.8917 homogen=65006.1717
mean B0=88.6692 homogen=4533.6859
mean B0=95.0962 homogen=10790.4848
mean B0=94.2147 homogen=8179.2223
mean B0=94.4348 homogen=19947.5156
mean B0=101.5703 homogen=30878.5801
mean B0=101.1193 homogen=25024.2369
mean B0=112.2053 homogen=74667.3652
mean B0=95.08 homogen=11461.0007
mean B0=97.497 homogen=28970.9844
mean B0=90.4297 homogen=24646.1647
mean B0=96.7613 homogen=12152.4376
mean B0=105.8949 homogen=37699.973
mean B0=109.5926 homogen=60993.6447
mean B0=103.0661 homogen=25576.8491
mean B0=102.1929 homogen=25279.3618
mean B0=101.6358 homogen=30092.0678
mean B0=111.1825 homogen=67868.84
mean B0=97.9118 homogen=14658.9968
mean B0=100.72 homogen=23121.4459
mean B0=109.0971 homogen=56779.6943
mean B0=106.2391 homogen=37970.462
mean B0=102.6633 homogen=26824.0218
mean B0=94.7387 homogen=9438.9078
mean B0=96.3799 homogen=16672.3654
mean B0=101.4061 homogen=20862.9824
mean B0=109.3845 homogen=60017.8272
mean B0=101.0581 homogen=21105.3992
mean B0=102.6911 homogen=78384.6886
mean B0=110.8833 homogen=63954.8998
mean B0=103.7147 homogen=38476.1837
mean B0=104.3246 homogen=29901.7068
mean B0=111.4093 homogen=67938.6586
mean B0=102.5114 homogen=64174.4601
mean B0=103.8318 homogen=28080.1942
mean B0=74.8723 homogen=68193.0416
   215 |     8600 |     40 |  0.000000E+00 |  0.000000E+00 |  0.0026672310 |             f
mean B0=96.3301 homogen=31543.7182
mean B0=109.6203 homogen=59953.7567
mean B0=97.9035 homogen=17843.0357
mean B0=109.0964 homogen=60380.1671
mean B0=105.5972 homogen=36714.3654
mean B0=109.0575 homogen=57257.9701
mean B0=111.2067 homogen=67766.4158
mean B0=111.9605 homogen=73218.9499
mean B0=89.8367 homogen=48098.3389
mean B0=107.862 homogen=54829.9109
mean B0=91.4091 homogen=21821.065
mean B0=100.9543 homogen=25139.2643
mean B0=95.3109 homogen=35046.0592
mean B0=96.7658 homogen=29750.0869
mean B0=95.0381 homogen=9342.1934
mean B0=92.5644 homogen=8360.447
mean B0=112.2317 homogen=74813.3612
mean B0=88.7662 homogen=4448.9163
mean B0=91.6551 homogen=4027.0152
mean B0=109.6437 homogen=60969.4551
mean B0=93.7592 homogen=26047.4359
mean B0=110.6501 homogen=64043.4041
mean B0=101.9943 homogen=25411.7361
mean B0=110.761 homogen=61239.9467
mean B0=97.6344 homogen=15018.5633
mean B0=111.3763 homogen=67340.9419
mean B0=98.3025 homogen=14671.2879
mean B0=106.9137 homogen=40168.1333
mean B0=101.2797 homogen=24846.196
mean B0=104.7916 homogen=32637.2366
mean B0=96.4728 homogen=28002.2441
mean B0=101.0743 homogen=22297.4476
mean B0=96.4063 homogen=36996.8861
mean B0=97.5039 homogen=17663.5099
mean B0=109.784 homogen=62892.5877
mean B0=99.0982 homogen=16824.4092
mean B0=107.8033 homogen=44595.4758
mean B0=95.8055 homogen=14052.5336
mean B0=111.34 homogen=68185.7973
mean B0=104.8804 homogen=35410.5053
   216 |     8640 |     40 |  0.000000E+00 |  0.000000E+00 |  0.0018330108 |             f
mean B0=107.1333 homogen=40782.14
mean B0=89.4355 homogen=17356.0363
mean B0=101.8226 homogen=23112.7915
mean B0=112.1769 homogen=74331.1343
mean B0=111.1753 homogen=66123.3338
mean B0=98.5504 homogen=47634.0248
mean B0=93.2087 homogen=7169.4079
mean B0=104.4219 homogen=30034.8867
mean B0=91.6551 homogen=4027.0152
mean B0=105.0365 homogen=57567.1622
mean B0=100.9155 homogen=19861.6326
mean B0=99.9137 homogen=19754.8706
mean B0=103.6668 homogen=54213.3863
mean B0=109.6023 homogen=59866.8958
mean B0=105.9121 homogen=45483.0822
mean B0=96.4475 homogen=26357.5704
mean B0=98.9327 homogen=138083.1073
mean B0=96.5986 homogen=16285.2992
mean B0=106.772 homogen=39614.2767
mean B0=59.4423 homogen=81643.7689
mean B0=102.4608 homogen=24684.2853
mean B0=99.8872 homogen=25615.6981
mean B0=109.9572 homogen=62935.3998
mean B0=111.16 homogen=66215.9325
mean B0=101.5889 homogen=21290.7278
mean B0=109.7329 homogen=60414.7723
mean B0=106.9406 homogen=40267.1358
mean B0=107.3049 homogen=41945.6933
mean B0=88.6694 homogen=3683.0586
mean B0=99.2332 homogen=22789.8871
mean B0=99.778 homogen=24301.5964
mean B0=102.115 homogen=24936.4249
mean B0=101.1666 homogen=19674.7254
mean B0=111.4274 homogen=68025.2376
mean B0=98.727 homogen=19630.8717
mean B0=106.6664 homogen=50121.468
mean B0=110.804 homogen=63326.5566
mean B0=86.8452 homogen=7355.591
mean B0=112.2294 homogen=74817.1292
mean B0=98.7153 homogen=15547.6348
   217 |     8680 |     40 |  0.000000E+00 |  0.000000E+00 |  0.0030662187 |             f
mean B0=104.6036 homogen=22544.1551
mean B0=93.0893 homogen=8779.4605
mean B0=111.9604 homogen=73217.8499
mean B0=97.0281 homogen=13445.8225
mean B0=112.1968 homogen=74550.8081
mean B0=101.5381 homogen=21416.8617
mean B0=106.0363 homogen=43307.247
mean B0=95.6405 homogen=13327.8739
mean B0=103.4702 homogen=26867.2199
mean B0=97.6421 homogen=29328.4964
mean B0=105.5529 homogen=36379.3401
mean B0=99.5913 homogen=39370.1616
mean B0=98.9253 homogen=15787.5993
mean B0=107.8671 homogen=54657.4776
mean B0=109.6437 homogen=60969.4551
mean B0=96.6891 homogen=17350.4491
mean B0=100.8409 homogen=20840.5514
mean B0=98.0041 homogen=15816.7758
mean B0=89.2475 homogen=21626.1607
mean B0=104.8001 homogen=34631.255
mean B0=110.9544 homogen=64057.8369
mean B0=94.0441 homogen=11594.8315
mean B0=93.3938 homogen=177497.0912
mean B0=84.2867 homogen=59848.1574
mean B0=88.7634 homogen=143667.6674
mean B0=96.8265 homogen=12503.7751
mean B0=105.5647 homogen=35661.732
mean B0=88.9205 homogen=5515.7224
mean B0=95.6916 homogen=103321.7618
mean B0=94.2147 homogen=8179.2223
mean B0=108.793 homogen=55870.9905
mean B0=110.6997 homogen=70489.8176
mean B0=106.5394 homogen=39246.1026
mean B0=98.3379 homogen=23360.3596
mean B0=89.1151 homogen=140331.1494
mean B0=92.4826 homogen=17117.9924
mean B0=87.9863 homogen=119480.465
mean B0=97.436 homogen=13591.9375
mean B0=96.4423 homogen=17513.2905
mean B0=97.747 homogen=24380.925
   218 |     8720 |     40 |  0.000000E+00 |  0.000000E+00 |  0.0009611329 |             f
mean B0=104.3475 homogen=34838.8108
mean B0=65.0816 homogen=67565.6247
mean B0=95.2479 homogen=20803.3439
mean B0=109.5818 homogen=40063.7314
mean B0=104.0282 homogen=56985.8239
mean B0=99.8522 homogen=22857.7968
mean B0=97.0638 homogen=33638.7851
mean B0=104.4301 homogen=30100.6027
mean B0=96.7968 homogen=15246.925
mean B0=102.0286 homogen=24644.1846
mean B0=111.2941 homogen=62870.4459
mean B0=93.3905 homogen=6855.1028
mean B0=105.9454 homogen=25441.0497
mean B0=92.8958 homogen=9334.4673
mean B0=101.0724 homogen=22412.6091
mean B0=110.0848 homogen=72524.5215
mean B0=93.8077 homogen=94250.2132
mean B0=109.6429 homogen=60992.5102
mean B0=100.7481 homogen=31499.695
mean B0=106.9791 homogen=40415.276
mean B0=98.3918 homogen=16286.5394
mean B0=95.1372 homogen=24197.0141
mean B0=104.6907 homogen=58882.1501
mean B0=99.5976 homogen=25359.0357
mean B0=100.8665 homogen=19649.2894
mean B0=108.3799 homogen=60165.8206
mean B0=90.4084 homogen=24607.6421
mean B0=100.6324 homogen=43448.3089
mean B0=89.2398 homogen=6537.5179
mean B0=103.2864 homogen=24393.3471
mean B0=100.0518 homogen=44680.7379
mean B0=99.3808 homogen=17107.579
mean B0=111.3847 homogen=67819.1671
mean B0=87.4065 homogen=6595.588
mean B0=91.0238 homogen=72626.887
mean B0=88.5656 homogen=20468.7004
mean B0=106.7217 homogen=39229.9874
mean B0=107.3062 homogen=41945.645
mean B0=102.224 homogen=38644.5766
mean B0=109.3898 homogen=58787.5088
   219 |     8760 |     40 |  0.000000E+00 |  0.000000E+00 |  0.0017681813 |             f
mean B0=97.5462 homogen=46528.3326
mean B0=84.4221 homogen=5636.3757
mean B0=94.305 homogen=13025.8327
mean B0=99.3283 homogen=38096.7348
mean B0=106.9948 homogen=40477.7634
mean B0=99.6497 homogen=18217.5386
mean B0=109.029 homogen=55932.1983
mean B0=104.4318 homogen=30105.6734
mean B0=97.5509 homogen=13549.2639
mean B0=95.1951 homogen=9421.4122
mean B0=97.8302 homogen=72388.5582
mean B0=101.8121 homogen=22911.4712
mean B0=85.1945 homogen=17332.8429
mean B0=106.6601 homogen=39009.9019
mean B0=95.1478 homogen=95781.9324
mean B0=100.6276 homogen=47050.5644
mean B0=104.9847 homogen=33109.8317
mean B0=106.2755 homogen=63918.7921
mean B0=100.1245 homogen=23265.9276
mean B0=104.0767 homogen=41731.7749
mean B0=92.4952 homogen=22825.8075
mean B0=104.9973 homogen=23408.4511
mean B0=106.032 homogen=24772.3245
mean B0=111.0345 homogen=65652.5562
mean B0=112.2164 homogen=74724.3979
mean B0=93.3911 homogen=6676.0014
mean B0=109.0276 homogen=58602.0295
mean B0=99.4451 homogen=17033.7374
mean B0=105.6353 homogen=36515.5271
mean B0=100.6983 homogen=19433.0283
mean B0=103.8432 homogen=28096.4184
mean B0=111.1915 homogen=65792.9568
mean B0=89.9292 homogen=18585.8052
mean B0=109.2559 homogen=38901.6593
mean B0=109.8275 homogen=66069.4141
mean B0=100.7078 homogen=21415.6579
mean B0=105.3696 homogen=35172.6706
mean B0=99.316 homogen=17732.0122
mean B0=99.3767 homogen=26552.6225
mean B0=100.1456 homogen=29441.3441
   220 |     8800 |     40 |  0.000000E+00 |  0.000000E+00 |  0.0026124921 |             f
mean B0=106.6601 homogen=39009.9019
mean B0=88.8232 homogen=3804.0713
mean B0=97.0832 homogen=36876.0162
mean B0=112.219 homogen=74722.6075
mean B0=107.7394 homogen=60154.1008
mean B0=102.4085 homogen=33363.0474
mean B0=106.8391 homogen=39690.9198
mean B0=100.6585 homogen=19530.7854
mean B0=110.6653 homogen=62640.6447
mean B0=96.9347 homogen=13617.715
mean B0=80.8488 homogen=128890.7102
mean B0=96.0184 homogen=76811.4647
mean B0=100.9155 homogen=19861.6326
mean B0=90.9452 homogen=8635.4145
mean B0=81.7025 homogen=215943.2379
mean B0=101.7534 homogen=58371.2364
mean B0=96.3515 homogen=12157.1958
mean B0=95.4156 homogen=10140.495
mean B0=95.3912 homogen=64500.6522
mean B0=95.1845 homogen=9467.344
mean B0=110.8039 homogen=63326.7958
mean B0=74.4905 homogen=61041.305
mean B0=97.6274 homogen=70451.8334
mean B0=105.6918 homogen=36641.7301
mean B0=100.1506 homogen=21472.1415
mean B0=98.7606 homogen=20724.037
mean B0=100.6944 homogen=25815.1409
mean B0=75.1148 homogen=68602.5969
mean B0=101.9813 homogen=27383.096
mean B0=81.4015 homogen=45792.7389
mean B0=92.0988 homogen=4737.4867
mean B0=111.7737 homogen=71226.2989
mean B0=101.5889 homogen=21290.7278
mean B0=104.2374 homogen=29697.1979
mean B0=85.8805 homogen=11943.1097
mean B0=103.0773 homogen=28284.2648
mean B0=107.7796 homogen=44485.1063
mean B0=96.3916 homogen=11248.099
mean B0=106.2347 homogen=37972.5265
mean B0=98.4746 homogen=133091.6604
   221 |     8840 |     40 |  0.000000E+00 |  0.000000E+00 |  0.0018188840 |             f
mean B0=112.7706 homogen=58969.9626
mean B0=101.0864 homogen=20125.2345
mean B0=95.0296 homogen=9392.1514
mean B0=100.0624 homogen=22762.7623
mean B0=111.4531 homogen=67505.2391
mean B0=92.0988 homogen=4737.4867
mean B0=104.7262 homogen=31066.8689
mean B0=99.3459 homogen=35204.5577
mean B0=95.4785 homogen=32216.167
mean B0=107.0898 homogen=88450.9842
mean B0=97.5829 homogen=13896.3532
mean B0=100.6764 homogen=19417.0369
mean B0=107.8671 homogen=54657.4776
mean B0=103.4735 homogen=26872.0282
mean B0=109.0111 homogen=55366.6162
mean B0=105.9311 homogen=27405.8906
mean B0=102.4533 homogen=24190.6749
mean B0=92.5649 homogen=34480.1643
mean B0=100.5191 homogen=22163.3437
mean B0=110.9476 homogen=65016.9215
mean B0=110.2905 homogen=69844.3311
mean B0=92.0386 homogen=4419.6329
mean B0=97.5597 homogen=13582.5191
mean B0=100.6364 homogen=21031.9795
mean B0=107.3567 homogen=42174.431
mean B0=93.3911 homogen=6676.0014
mean B0=77.0478 homogen=63178.1457
mean B0=90.1428 homogen=25699.829
mean B0=97.4923 homogen=25538.219
mean B0=93.5796 homogen=7667.673
mean B0=111.9894 homogen=72107.7491
mean B0=96.4123 homogen=11255.033
mean B0=109.0971 homogen=56779.6943
mean B0=110.8025 homogen=63345.0691
mean B0=106.9887 homogen=41580.7471
mean B0=111.4935 homogen=69217.0384
mean B0=107.3449 homogen=42132.7124
mean B0=101.509 homogen=24433.1784
mean B0=102.7696 homogen=23219.0152
mean B0=105.3917 homogen=34961.7041
   222 |     8880 |     40 |  0.000000E+00 |  0.000000E+00 |  0.0048473974 |             f
mean B0=101.0708 homogen=20131.6914
mean B0=105.0773 homogen=33784.1466
mean B0=105.746 homogen=50971.1938
mean B0=87.1786 homogen=9750.0835
mean B0=103.0768 homogen=25694.9942
mean B0=96.4123 homogen=11255.033
mean B0=96.9277 homogen=12312.0027
mean B0=97.2088 homogen=36614.8069
mean B0=97.3107 homogen=24910.1392
mean B0=97.3508 homogen=13146.295
mean B0=109.9496 homogen=63538.2958
mean B0=101.1374 homogen=20276.2647
mean B0=102.7878 homogen=80954.1792
mean B0=101.3923 homogen=25456.3317
mean B0=107.5387 homogen=93071.5368
mean B0=110.8486 homogen=64636.5807
mean B0=95.3113 homogen=10769.2548
mean B0=106.0158 homogen=38562.4564
mean B0=104.8597 homogen=57869.612
mean B0=92.0514 homogen=25860.5553
mean B0=110.6815 homogen=62597.3934
mean B0=111.2551 homogen=66527.4222
mean B0=105.5322 homogen=32099.7939
mean B0=103.2932 homogen=20232.151
mean B0=102.3615 homogen=23362.9533
mean B0=91.6551 homogen=4027.0152
mean B0=97.3738 homogen=33173.8897
mean B0=100.521 homogen=20594.3463
mean B0=102.1691 homogen=23910.6088
mean B0=112.1363 homogen=69003.6657
mean B0=110.5346 homogen=60716.6345
mean B0=97.9319 homogen=15269.8918
mean B0=95.738 homogen=33575.7595
mean B0=95.1033 homogen=16271.2512
mean B0=91.7727 homogen=29269.0511
mean B0=100.771 homogen=19663.8937
mean B0=90.0287 homogen=94787.3327
mean B0=103.3053 homogen=27078.9734
mean B0=100.1694 homogen=21964.1193
mean B0=107.729 homogen=44430.7458
   223 |     8920 |     40 |  0.000000E+00 |  0.000000E+00 |  0.0038611964 |             f
mean B0=94.1592 homogen=31957.8199
mean B0=88.4239 homogen=7198.2706
mean B0=107.716 homogen=42659.9135
mean B0=90.7794 homogen=29733.5422
mean B0=103.5712 homogen=27199.2105
mean B0=100.0674 homogen=23052.541
mean B0=85.0249 homogen=7085.8752
mean B0=91.6015 homogen=4244.3025
mean B0=91.6777 homogen=5300.869
mean B0=102.5299 homogen=24965.2909
mean B0=108.0553 homogen=45587.7671
mean B0=105.2286 homogen=46396.2943
mean B0=104.8678 homogen=59124.9322
mean B0=98.7085 homogen=15537.0072
mean B0=77.2822 homogen=66812.1161
mean B0=108.8365 homogen=107253.4102
mean B0=107.8526 homogen=44581.9776
mean B0=110.6413 homogen=62882.6453
mean B0=99.9248 homogen=22799.6329
mean B0=95.5398 homogen=10829.4716
mean B0=69.7163 homogen=63115.8879
mean B0=97.6589 homogen=18209.8244
mean B0=110.6714 homogen=67580.8033
mean B0=95.0607 homogen=11483.899
mean B0=96.2985 homogen=11013.6156
mean B0=102.2448 homogen=67103.9159
mean B0=112.1025 homogen=55478.2273
mean B0=97.1636 homogen=20733.6075
mean B0=101.6761 homogen=21078.0469
mean B0=104.0537 homogen=28979.4584
mean B0=102.256 homogen=26143.2437
mean B0=103.0789 homogen=25686.9971
mean B0=100.9813 homogen=23486.7982
mean B0=107.729 homogen=44430.7458
mean B0=104.0936 homogen=66827.359
mean B0=105.2443 homogen=34379.1197
mean B0=84.1744 homogen=188367.9894
mean B0=103.8774 homogen=27982.1308
mean B0=74.028 homogen=68665.6715
mean B0=106.0361 homogen=94104.143
   224 |     8960 |     40 |  0.000000E+00 |  0.000000E+00 |  0.0013242582 |             f
mean B0=100.1128 homogen=21406.2297
mean B0=89.0625 homogen=4487.8697
mean B0=99.1607 homogen=18078.1321
mean B0=100.7582 homogen=19602.9807
mean B0=87.9968 homogen=179585.1937
mean B0=103.3369 homogen=25314.2636
mean B0=99.5639 homogen=25248.7362
mean B0=82.2652 homogen=55041.1428
mean B0=96.4479 homogen=25930.602
mean B0=102.5871 homogen=24942.143
mean B0=98.9684 homogen=17629.2002
mean B0=96.5078 homogen=14625.6373
mean B0=103.8823 homogen=27991.4249
mean B0=96.4041 homogen=11282.3066
mean B0=102.4827 homogen=61107.9504
mean B0=111.0389 homogen=61897.6517
mean B0=106.6016 homogen=38788.5129
mean B0=111.4804 homogen=69149.0111
mean B0=95.0245 homogen=50517.3796
mean B0=104.1035 homogen=29050.2906
mean B0=96.5155 homogen=26279.6379
mean B0=85.5313 homogen=5910.0141
mean B0=95.1363 homogen=10423.5852
mean B0=106.7507 homogen=39412.8917
mean B0=100.4939 homogen=21711.0887
mean B0=99.4605 homogen=18988.5187
mean B0=103.9828 homogen=31563.1483
mean B0=105.2583 homogen=84044.0448
mean B0=103.3416 homogen=29171.333
mean B0=108.5733 homogen=54915.0046
mean B0=105.7458 homogen=79129.3692
mean B0=96.3367 homogen=18053.7971
mean B0=111.9842 homogen=72105.9362
mean B0=97.838 homogen=12135.4888
mean B0=104.9872 homogen=33099.9113
mean B0=104.6759 homogen=34806.9598
mean B0=102.5379 homogen=26028.1913
mean B0=112.2407 homogen=74854.0294
mean B0=106.7683 homogen=45986.8616
mean B0=87.7079 homogen=34553.4779
   225 |     9000 |     40 |  0.000000E+00 |  0.000000E+00 |  0.0016580592 |             f
mean B0=93.4019 homogen=7670.5811
mean B0=101.0194 homogen=24362.1985
mean B0=105.2253 homogen=34098.1906
mean B0=110.4048 homogen=60580.4499
mean B0=104.5538 homogen=30271.8189
mean B0=97.932 homogen=15270.254
mean B0=99.6415 homogen=18235.8314
mean B0=96.5365 homogen=24734.3183
mean B0=107.8246 homogen=56308.069
mean B0=111.8587 homogen=71319.1853
mean B0=109.6479 homogen=61101.9972
mean B0=102.6773 homogen=27245.0188
mean B0=108.7111 homogen=70194.4404
mean B0=103.3863 homogen=27304.6619
mean B0=108.7845 homogen=54419.1764
mean B0=54.0174 homogen=139497.303
mean B0=96.5632 homogen=14978.1519
mean B0=110.667 homogen=62635.9427
mean B0=97.9754 homogen=14920.9733
mean B0=111.9874 homogen=72105.5945
mean B0=111.5155 homogen=66436.9215
mean B0=85.9639 homogen=12356.3446
mean B0=91.1937 homogen=44626.637
mean B0=93.5216 homogen=39331.6075
mean B0=103.7467 homogen=27768.4014
mean B0=98.7085 homogen=15537.0072
mean B0=108.1017 homogen=45598.6425
mean B0=104.3591 homogen=29990.0136
mean B0=99.4728 homogen=24662.1422
mean B0=92.6868 homogen=13498.6954
mean B0=102.3265 homogen=23798.0177
mean B0=88.7552 homogen=4851.6657
mean B0=103.0854 homogen=26663.0258
mean B0=96.0171 homogen=13761.9596
mean B0=106.6443 homogen=39546.8318
mean B0=102.1694 homogen=23908.7605
mean B0=89.0877 homogen=5643.2765
mean B0=109.0258 homogen=55335.1718
mean B0=86.391 homogen=90429.4068
mean B0=111.2553 homogen=66540.3064
   226 |     9040 |     40 |  0.000000E+00 |  0.000000E+00 |  0.0024716618 |             f
mean B0=97.9754 homogen=14920.9733
mean B0=91.6532 homogen=4014.9291
mean B0=108.7809 homogen=58022.1329
mean B0=105.1948 homogen=34959.9848
mean B0=112.6452 homogen=76156.6111
mean B0=98.0752 homogen=23570.5616
mean B0=96.4862 homogen=43246.0818
mean B0=98.9536 homogen=18897.5702
mean B0=68.7686 homogen=69080.6668
mean B0=107.7292 homogen=44428.5406
mean B0=107.7883 homogen=43903.8799
mean B0=111.9894 homogen=72107.7491
mean B0=102.1718 homogen=24913.1353
mean B0=99.5683 homogen=17431.6668
mean B0=96.9277 homogen=12312.0027
mean B0=100.8227 homogen=23911.7606
mean B0=94.4679 homogen=8274.955
mean B0=83.6877 homogen=202523.3607
mean B0=96.5418 homogen=68533.0128
mean B0=110.2663 homogen=62468.2456
mean B0=108.7845 homogen=54419.1764
mean B0=106.2364 homogen=37966.2339
mean B0=91.0534 homogen=26847.3338
mean B0=99.1824 homogen=37193.2798
mean B0=112.2295 homogen=74792.3202
mean B0=103.7032 homogen=63427.1005
mean B0=102.0901 homogen=28830.7202
mean B0=95.4207 homogen=11087.1145
mean B0=105.438 homogen=43711.8405
mean B0=104.9872 homogen=33098.4627
mean B0=104.8611 homogen=31286.1842
mean B0=99.6501 homogen=18215.1696
mean B0=98.6911 homogen=15485.303
mean B0=95.4284 homogen=10573.8291
mean B0=102.3265 homogen=23798.0177
mean B0=86.7244 homogen=7682.7744
mean B0=82.2265 homogen=30049.644
mean B0=100.165 homogen=26151.6565
mean B0=95.2165 homogen=23230.9002
mean B0=105.0177 homogen=32087.7426
   227 |     9080 |     40 |  0.000000E+00 |  0.000000E+00 |  0.0030865691 |             f
mean B0=107.7765 homogen=43835.5351
mean B0=111.5519 homogen=59300.9956
mean B0=98.7066 homogen=21791.205
mean B0=87.9668 homogen=87785.7097
mean B0=102.0953 homogen=174694.0322
mean B0=96.9277 homogen=12312.0027
mean B0=107.4868 homogen=54096.588
mean B0=107.9888 homogen=58619.1252
mean B0=94.9163 homogen=9712.0455
mean B0=105.256 homogen=53244.571
mean B0=95.5533 homogen=10871.5673
mean B0=108.1038 homogen=45603.6101
mean B0=102.6723 homogen=25092.6898
mean B0=100.1091 homogen=40264.0479
mean B0=91.8683 homogen=5729.4222
mean B0=104.0927 homogen=20644.0054
mean B0=77.7328 homogen=129256.0893
mean B0=106.8391 homogen=39691.37
mean B0=108.5759 homogen=64523.3331
mean B0=99.6467 homogen=18203.1232
mean B0=106.2473 homogen=38024.5876
mean B0=85.4631 homogen=4651.6356
mean B0=89.2861 homogen=8701.0136
mean B0=96.0739 homogen=15709.054
mean B0=104.4285 homogen=29964.4029
mean B0=93.3911 homogen=6676.0014
mean B0=99.7156 homogen=18262.808
mean B0=83.7994 homogen=132962.8168
mean B0=95.5757 homogen=10250.0183
mean B0=101.1565 homogen=20223.417
mean B0=95.4133 homogen=38321.2945
mean B0=111.9875 homogen=72105.6814
mean B0=99.2691 homogen=16790.7444
mean B0=104.8072 homogen=29797.7017
mean B0=112.5737 homogen=73780.8066
mean B0=101.2865 homogen=23936.437
mean B0=101.1315 homogen=22939.0886
mean B0=101.084 homogen=45961.8044
mean B0=105.087 homogen=33723.3047
mean B0=105.0349 homogen=32048.3403
   228 |     9120 |     40 |  0.000000E+00 |  0.000000E+00 |  0.0011367201 |             f
mean B0=97.1773 homogen=20736.4787
mean B0=98.9164 homogen=20683.9281
mean B0=98.1178 homogen=15412.4188
mean B0=102.5757 homogen=24584.5907
mean B0=102.1266 homogen=22542.29
mean B0=98.0848 homogen=15138.7724
mean B0=99.5068 homogen=24023.3532
mean B0=88.3752 homogen=13517.4606
mean B0=110.4047 homogen=70188.139
mean B0=91.8304 homogen=18597.4428
mean B0=93.3993 homogen=39141.4871
mean B0=97.7734 homogen=20700.563
mean B0=104.1605 homogen=29153.8328
mean B0=96.8766 homogen=12134.5331
mean B0=101.7283 homogen=27163.0728
mean B0=111.6493 homogen=65203.0404
mean B0=107.7773 homogen=43829.9593
mean B0=111.0832 homogen=63938.6532
mean B0=86.9294 homogen=118611.1917
mean B0=93.2865 homogen=16063.5268
mean B0=106.3533 homogen=66825.4471
mean B0=105.5877 homogen=40672.3522
mean B0=101.3919 homogen=20587.3392
mean B0=111.9207 homogen=72651.5286
mean B0=102.9453 homogen=25795.0017
mean B0=106.1203 homogen=37695.2542
mean B0=103.1846 homogen=74316.5506
mean B0=96.2554 homogen=18612.4497
mean B0=89.0541 homogen=4629.0018
mean B0=85.7939 homogen=18176.1834
mean B0=96.0724 homogen=64567.1994
mean B0=103.9794 homogen=38290.8269
mean B0=99.7418 homogen=55209.0682
mean B0=99.7678 homogen=18512.5026
mean B0=97.2625 homogen=20265.6875
mean B0=105.0353 homogen=33614.7664
mean B0=105.0343 homogen=32047.8183
mean B0=102.6723 homogen=25092.483
mean B0=104.654 homogen=39643.3403
mean B0=96.9154 homogen=12305.8958
   229 |     9160 |     40 |  0.000000E+00 |  0.000000E+00 |  0.0034476089 |             f
mean B0=96.8179 homogen=65224.2975
mean B0=96.7924 homogen=15747.9673
mean B0=106.3609 homogen=38159.6435
mean B0=94.3604 homogen=12108.4957
mean B0=88.8051 homogen=3919.1675
mean B0=97.4598 homogen=21844.719
mean B0=104.4269 homogen=29957.3233
mean B0=111.2551 homogen=66527.4222
mean B0=107.6753 homogen=46054.7204
mean B0=88.8107 homogen=3774.7912
mean B0=106.2508 homogen=38042.0261
mean B0=106.9157 homogen=37278.3132
mean B0=98.0322 homogen=24867.4623
mean B0=104.2991 homogen=32744.1139
mean B0=102.026 homogen=22787.7767
mean B0=105.0752 homogen=32216.7142
mean B0=98.1727 homogen=51537.0763
mean B0=95.577 homogen=9755.8128
mean B0=102.0373 homogen=22624.8862
mean B0=106.435 homogen=41683.4771
mean B0=97.4891 homogen=21800.6137
mean B0=96.2077 homogen=21499.6051
mean B0=107.5335 homogen=43519.0242
mean B0=91.6931 homogen=29062.1394
mean B0=110.4572 homogen=62613.3213
mean B0=104.6606 homogen=59694.536
mean B0=109.0308 homogen=55308.3956
mean B0=112.2409 homogen=74853.342
mean B0=105.0513 homogen=33636.9701
mean B0=99.7685 homogen=18506.3325
mean B0=86.7195 homogen=36384.0154
mean B0=102.5066 homogen=24382.0853
mean B0=105.6379 homogen=43315.5067
mean B0=99.4246 homogen=23300.7124
mean B0=101.3708 homogen=22931.6853
mean B0=110.7056 homogen=67212.7351
mean B0=104.3288 homogen=29473.8118
mean B0=98.1769 homogen=15617.5686
mean B0=100.8093 homogen=23408.2411
mean B0=100.8195 homogen=19544.0838
   230 |     9200 |     40 |  0.000000E+00 |  0.000000E+00 |  0.0006099415 |             f
mean B0=104.9816 homogen=31813.2439
mean B0=98.9791 homogen=20465.6768
mean B0=97.7287 homogen=14757.1021
mean B0=88.6672 homogen=3784.7101
mean B0=98.7029 homogen=15500.7055
mean B0=103.6175 homogen=73126.7568
mean B0=91.1361 homogen=93016.4652
mean B0=83.7983 homogen=30416.327
mean B0=100.0791 homogen=43671.5407
mean B0=110.4048 homogen=60580.4499
mean B0=101.2976 homogen=25472.3276
mean B0=107.5335 homogen=43519.0242
mean B0=98.0444 homogen=43091.1572
mean B0=112.2402 homogen=74863.0498
mean B0=108.7845 homogen=54419.1764
mean B0=110.7057 homogen=63901.9952
mean B0=100.0236 homogen=23593.1933
mean B0=92.0994 homogen=4703.9588
mean B0=109.0297 homogen=55416.1303
mean B0=99.0583 homogen=23962.3003
mean B0=74.7495 homogen=49740.3062
mean B0=78.671 homogen=64907.2571
mean B0=98.9403 homogen=17507.3489
mean B0=103.8391 homogen=27847.9201
mean B0=100.6809 homogen=19460.7963
mean B0=106.7063 homogen=39452.6189
mean B0=103.4095 homogen=58263.2859
mean B0=111.0908 homogen=65645.4284
mean B0=105.1357 homogen=32793.7989
mean B0=111.2551 homogen=66527.4222
mean B0=93.3816 homogen=24474.9052
mean B0=101.2861 homogen=20673.715
mean B0=100.7016 homogen=52900.4738
mean B0=91.6531 homogen=4015.1503
mean B0=111.9875 homogen=72106.3098
mean B0=104.3955 homogen=29655.2394
mean B0=102.2124 homogen=23857.4946
mean B0=102.9447 homogen=25814.9965
mean B0=97.8248 homogen=30726.525
mean B0=94.7485 homogen=20829.9107
   231 |     9240 |     40 |  0.000000E+00 |  0.000000E+00 |  0.0030255480 |             f
mean B0=105.6662 homogen=63850.9067
mean B0=103.9608 homogen=28473.5739
mean B0=103.1167 homogen=43840.4504
mean B0=102.7988 homogen=25540.1309
mean B0=85.1177 homogen=9351.891
mean B0=71.7842 homogen=81570.1277
mean B0=103.128 homogen=24260.3357
mean B0=103.8649 homogen=27940.1513
mean B0=101.5886 homogen=21278.0254
mean B0=104.9871 homogen=31823.4766
mean B0=106.9652 homogen=51742.2229
mean B0=104.3687 homogen=32550.8582
mean B0=88.8371 homogen=3971.2581
mean B0=102.5248 homogen=24377.5409
mean B0=103.3038 homogen=24469.9247
mean B0=80.6317 homogen=46068.1198
mean B0=108.681 homogen=56467.6211
mean B0=85.242 homogen=95285.1816
mean B0=107.0359 homogen=38720.0782
mean B0=95.6898 homogen=10570.9054
mean B0=64.0797 homogen=137457.4119
mean B0=110.6085 homogen=65267.0666
mean B0=99.2355 homogen=22047.8509
mean B0=91.7622 homogen=4160.0699
mean B0=108.5712 homogen=33810.2117
mean B0=108.5897 homogen=54574.4169
mean B0=100.5369 homogen=22492.8393
mean B0=110.6794 homogen=63724.7347
mean B0=112.2405 homogen=74879.3233
mean B0=95.9445 homogen=23694.9152
mean B0=89.394 homogen=8777.3778
mean B0=109.5096 homogen=73452.1608
mean B0=93.3691 homogen=6639.2222
mean B0=111.9686 homogen=72109.3694
mean B0=99.7531 homogen=18491.0581
mean B0=107.7881 homogen=43848.5993
mean B0=105.4847 homogen=32148.1757
mean B0=112.0376 homogen=62982.7485
mean B0=94.7918 homogen=9543.141
mean B0=94.7662 homogen=10222.8565
   232 |     9280 |     40 |  0.000000E+00 |  0.000000E+00 |  0.0006723525 |             f
mean B0=108.1894 homogen=46088.1156
mean B0=97.4422 homogen=83237.6088
mean B0=95.7365 homogen=10604.8779
mean B0=99.5536 homogen=21521.9847
mean B0=101.7129 homogen=23608.8733
mean B0=85.0186 homogen=7795.6863
mean B0=111.4296 homogen=69174.7382
mean B0=101.9699 homogen=22529.8653
mean B0=94.4542 homogen=8368.4695
mean B0=78.5171 homogen=36545.886
mean B0=100.3757 homogen=22559.4531
mean B0=107.3282 homogen=42410.9106
mean B0=109.3862 homogen=58751.0987
mean B0=98.7947 homogen=23853.3192
mean B0=101.9032 homogen=23210.4491
mean B0=98.1269 homogen=75093.9237
mean B0=105.0586 homogen=33917.7826
mean B0=111.4481 homogen=69991.6038
mean B0=107.0768 homogen=38819.1266
mean B0=106.8321 homogen=39517.8737
mean B0=102.0427 homogen=22244.3423
mean B0=99.5037 homogen=24164.5748
mean B0=112.1468 homogen=74849.1473
mean B0=101.1797 homogen=24642.5346
mean B0=102.6273 homogen=19655.9389
mean B0=86.3779 homogen=16686.0512
mean B0=104.0039 homogen=28554.1502
mean B0=104.0562 homogen=28784.5185
mean B0=93.3819 homogen=6531.4264
mean B0=99.7 homogen=18479.4879
mean B0=103.5134 homogen=37056.8954
mean B0=99.4576 homogen=17409.3786
mean B0=108.7869 homogen=54446.4612
mean B0=97.1257 homogen=19500.7294
mean B0=102.9675 homogen=28401.0956
mean B0=112.7143 homogen=73594.2365
mean B0=103.9473 homogen=28776.5897
mean B0=107.8509 homogen=80922.1155
mean B0=71.569 homogen=257437.3055
mean B0=89.1771 homogen=133999.6906
   233 |     9320 |     40 |  0.000000E+00 |  0.000000E+00 |  0.0010988232 |             f
mean B0=97.1139 homogen=31560.2364
mean B0=104.5453 homogen=33788.2176
mean B0=89.0733 homogen=4664.6512
mean B0=109.3046 homogen=58933.2515
mean B0=108.583 homogen=52610.1675
mean B0=106.3892 homogen=38337.3587
mean B0=101.4906 homogen=166961.9413
mean B0=107.5237 homogen=43507.214
mean B0=102.576 homogen=25387.5657
mean B0=110.2533 homogen=61462.6958
mean B0=96.2815 homogen=20693.3351
mean B0=110.9225 homogen=59681.3914
mean B0=100.1533 homogen=28936.818
mean B0=99.3373 homogen=22249.6637
mean B0=104.8685 homogen=31485.6973
mean B0=94.5113 homogen=8191.7609
mean B0=103.5911 homogen=123328.0842
mean B0=97.2463 homogen=17698.1287
mean B0=95.1178 homogen=10365.7178
mean B0=112.5871 homogen=73687.9471
mean B0=95.6953 homogen=103303.7484
mean B0=101.9494 homogen=24580.4816
mean B0=95.7365 homogen=10604.8779
mean B0=95.0984 homogen=9592.7326
mean B0=102.7134 homogen=25078.4647
mean B0=95.889 homogen=104637.3142
mean B0=104.6813 homogen=31001.2025
mean B0=102.8965 homogen=26216.5659
mean B0=100.4132 homogen=23799.7956
mean B0=106.8416 homogen=39395.1103
mean B0=91.176 homogen=12930.8189
mean B0=109.1862 homogen=61077.7764
mean B0=96.3352 homogen=21333.163
mean B0=99.2437 homogen=35622.8811
mean B0=99.8803 homogen=18737.9671
mean B0=108.1346 homogen=46348.9862
mean B0=90.2951 homogen=6514.6561
mean B0=111.1849 homogen=68974.2421
mean B0=108.1485 homogen=62520.3197
mean B0=109.0491 homogen=59946.6111
   234 |     9360 |     40 |  0.000000E+00 |  0.000000E+00 |  0.0026763347 |             f
mean B0=93.3818 homogen=6531.6376
mean B0=105.5287 homogen=31949.1964
mean B0=112.2376 homogen=74878.4714
mean B0=91.3995 homogen=43445.0805
mean B0=111.5085 homogen=67813.8568
mean B0=96.5445 homogen=40536.2524
mean B0=104.0966 homogen=28939.8964
mean B0=102.9453 homogen=25795.0017
mean B0=108.6995 homogen=55316.9011
mean B0=90.2556 homogen=7207.698
mean B0=97.062 homogen=14507.7317
mean B0=97.655 homogen=38278.3168
mean B0=108.1276 homogen=45811.1155
mean B0=108.923 homogen=54288.2389
mean B0=106.4291 homogen=38505.3542
mean B0=97.2147 homogen=32711.1651
mean B0=108.1145 homogen=45656.4768
mean B0=103.0999 homogen=26794.3738
mean B0=91.8601 homogen=5789.3704
mean B0=111.264 homogen=68023.8181
mean B0=102.5248 homogen=24377.5409
mean B0=108.6081 homogen=56794.3947
mean B0=103.8412 homogen=27843.748
mean B0=94.5257 homogen=8182.0898
mean B0=91.422 homogen=4681.7892
mean B0=98.383 homogen=19513.9034
mean B0=110.7388 homogen=63167.1588
mean B0=109.3897 homogen=58787.4554
mean B0=95.5993 homogen=9866.4834
mean B0=110.3966 homogen=66285.0233
mean B0=103.8884 homogen=34822.7679
mean B0=97.0214 homogen=12357.818
mean B0=89.0925 homogen=140517.4235
mean B0=87.5249 homogen=7611.1232
mean B0=106.8031 homogen=39220.2285
mean B0=103.0626 homogen=30009.805
mean B0=108.7771 homogen=54304.5828
mean B0=99.8889 homogen=19803.8189
mean B0=100.8419 homogen=41744.7628
mean B0=108.9617 homogen=56627.1511
   235 |     9400 |     40 |  0.000000E+00 |  0.000000E+00 |  0.0022446284 |             f
mean B0=76.5532 homogen=54916.1104
mean B0=101.9202 homogen=26613.5224
mean B0=93.2338 homogen=26045.6119
mean B0=106.0406 homogen=37929.5476
mean B0=109.781 homogen=71195.8468
mean B0=99.5665 homogen=23859.1663
mean B0=99.8816 homogen=18736.5273
mean B0=101.8296 homogen=27361.3582
mean B0=106.8285 homogen=39328.5534
mean B0=87.3104 homogen=11856.3205
mean B0=97.7302 homogen=14766.316
mean B0=107.901 homogen=45571.5081
mean B0=105.1539 homogen=32827.7954
mean B0=97.3156 homogen=17270.4973
mean B0=104.1671 homogen=37856.7012
mean B0=76.8271 homogen=154257.7772
mean B0=90.7743 homogen=26772.2537
mean B0=92.2922 homogen=33791.4078
mean B0=108.0605 homogen=53341.1007
mean B0=108.4336 homogen=62012.7289
mean B0=103.0744 homogen=22797.4144
mean B0=89.1603 homogen=5187.665
mean B0=99.1672 homogen=27280.6661
mean B0=69.2575 homogen=83653.5194
mean B0=104.9001 homogen=72518.1334
mean B0=106.0284 homogen=67499.43
mean B0=102.5236 homogen=24377.9439
mean B0=104.8741 homogen=41534.9151
mean B0=107.1444 homogen=89148.5874
mean B0=94.5399 homogen=11407.7237
mean B0=109.3886 homogen=58796.0037
mean B0=107.6125 homogen=42898.6845
mean B0=111.2442 homogen=67998.1471
mean B0=101.8398 homogen=25700.9228
mean B0=72.6486 homogen=189306.4882
mean B0=110.8379 homogen=63910.4026
mean B0=93.0964 homogen=7860.5679
mean B0=95.7243 homogen=10547.0694
mean B0=94.6592 homogen=8816.4741
mean B0=102.9959 homogen=24619.595
   236 |     9440 |     40 |  0.000000E+00 |  0.000000E+00 |  0.0025791932 |             f
mean B0=98.9986 homogen=22221.3317
mean B0=102.5365 homogen=24413.7656
mean B0=111.7928 homogen=70466.9165
mean B0=96.9017 homogen=12039.1838
mean B0=104.4417 homogen=30010.7487
mean B0=100.9103 homogen=68889.1274
mean B0=107.6126 homogen=42907.9151
mean B0=102.1686 homogen=24929.9285
mean B0=110.5339 homogen=60480.3305
mean B0=104.718 homogen=29568.8077
mean B0=86.4355 homogen=5146.0924
mean B0=106.2012 homogen=81646.4285
mean B0=92.0485 homogen=4606.4192
mean B0=106.4503 homogen=37021.067
mean B0=103.681 homogen=27292.356
mean B0=104.8849 homogen=34987.4037
mean B0=109.2787 homogen=58923.1107
mean B0=96.3962 homogen=16655.0105
mean B0=98.3514 homogen=15003.1171
mean B0=88.8556 homogen=3980.7549
mean B0=103.7189 homogen=45637.0461
mean B0=101.5757 homogen=21242.9128
mean B0=96.6457 homogen=13644.5125
mean B0=105.8734 homogen=80288.9773
mean B0=110.0078 homogen=50274.9902
mean B0=85.1778 homogen=103786.1484
mean B0=99.8826 homogen=18733.168
mean B0=105.4885 homogen=32076.8148
mean B0=111.8579 homogen=72225.9566
mean B0=109.307 homogen=61757.8889
mean B0=69.2483 homogen=224032.6362
mean B0=99.9945 homogen=20065.0882
mean B0=107.9639 homogen=45900.4384
mean B0=95.4728 homogen=11211.0541
mean B0=105.7619 homogen=36059.7084
mean B0=111.4564 homogen=64394.7438
mean B0=91.4016 homogen=27653.4269
mean B0=93.0288 homogen=7896.4471
mean B0=91.0332 homogen=27019.0821
mean B0=99.4865 homogen=157806.7172
   237 |     9480 |     40 |  0.000000E+00 |  0.000000E+00 |  0.0020339166 |             f
mean B0=109.9667 homogen=58670.4989
mean B0=106.2569 homogen=45983.6677
mean B0=111.8143 homogen=67397.3036
mean B0=94.674 homogen=8761.9557
mean B0=99.3761 homogen=16937.4617
mean B0=104.7083 homogen=30764.4403
mean B0=106.3516 homogen=46654.2428
mean B0=93.123 homogen=6130.1915
mean B0=91.6721 homogen=4061.4478
mean B0=80.7305 homogen=47426.0787
mean B0=104.7885 homogen=29475.3254
mean B0=86.4487 homogen=4614.9576
mean B0=89.1129 homogen=19948.9101
mean B0=99.6147 homogen=21834.9587
mean B0=105.7619 homogen=36059.7084
mean B0=90.058 homogen=24139.6267
mean B0=101.2847 homogen=22406.3573
mean B0=107.7386 homogen=54278.3184
mean B0=102.3823 homogen=39977.1371
mean B0=102.0464 homogen=24499.9881
mean B0=106.669 homogen=39343.1677
mean B0=98.0649 homogen=45754.0251
mean B0=106.47 homogen=37891.0976
mean B0=95.5846 homogen=9921.0617
mean B0=73.6678 homogen=68964.8533
mean B0=101.0041 homogen=24846.0315
mean B0=101.2981 homogen=27877.6519
mean B0=107.5507 homogen=43198.5885
mean B0=85.132 homogen=9176.509
mean B0=111.9397 homogen=71864.3007
mean B0=95.4731 homogen=11210.8591
mean B0=111.6046 homogen=77804.3104
mean B0=104.3198 homogen=30717.0639
mean B0=102.8292 homogen=88772.9257
mean B0=98.3514 homogen=15003.1171
mean B0=101.5287 homogen=21068.7874
mean B0=85.5834 homogen=107091.4105
mean B0=97.2976 homogen=22541.6018
mean B0=101.0026 homogen=31614.2234
mean B0=98.5147 homogen=73814.9172
   238 |     9520 |     40 |  0.000000E+00 |  0.000000E+00 |  0.0028171176 |             f
mean B0=93.8346 homogen=7299.2731
mean B0=107.3282 homogen=42410.9106
mean B0=111.1144 homogen=69526.6095
mean B0=110.7448 homogen=63141.4131
mean B0=91.2692 homogen=17181.2383
mean B0=97.3037 homogen=31928.255
mean B0=103.8412 homogen=27843.748
mean B0=94.3598 homogen=34499.7052
mean B0=99.7006 homogen=20859.0115
mean B0=109.0289 homogen=55329.2219
mean B0=85.398 homogen=28338.9931
mean B0=104.7071 homogen=30760.2105
mean B0=106.8416 homogen=39395.1103
mean B0=102.1022 homogen=24665.9823
mean B0=100.7503 homogen=23421.0856
mean B0=89.7465 homogen=94873.0488
mean B0=92.0991 homogen=4701.1888
mean B0=110.9543 homogen=59261.9918
mean B0=97.6328 homogen=15379.0956
mean B0=102.0771 homogen=61945.0938
mean B0=101.1935 homogen=21591.103
mean B0=111.7928 homogen=70466.9165
mean B0=106.9514 homogen=39882.4059
mean B0=111.7041 homogen=69384.7122
mean B0=87.9378 homogen=14312.4669
mean B0=86.9934 homogen=29912.5954
mean B0=108.1894 homogen=46088.1156
mean B0=102.7054 homogen=94805.0849
mean B0=107.9433 homogen=67721.3044
mean B0=105.1344 homogen=32767.3324
mean B0=108.3577 homogen=51457.2729
mean B0=112.2424 homogen=74859.6636
mean B0=95.5993 homogen=9866.6753
mean B0=107.4926 homogen=42913.0466
mean B0=89.4093 homogen=7489.2508
mean B0=93.5203 homogen=6767.1505
mean B0=105.3924 homogen=34963.8176
mean B0=102.1541 homogen=25712.4723
mean B0=94.7677 homogen=9204.2045
mean B0=95.6225 homogen=26331.1405
   239 |     9560 |     40 |  0.000000E+00 |  0.000000E+00 |  0.0015579190 |             f
mean B0=106.6296 homogen=39760.9096
mean B0=86.2685 homogen=119579.1718
mean B0=102.1992 homogen=25611.866
mean B0=111.739 homogen=72016.5767
mean B0=110.7448 homogen=63141.4131
mean B0=98.1712 homogen=23593.5686
mean B0=109.8229 homogen=74792.3434
mean B0=94.556 homogen=12413.8418
mean B0=105.2094 homogen=34598.6864
mean B0=103.7584 homogen=28517.2306
mean B0=109.0377 homogen=55048.3485
mean B0=101.345 homogen=24091.2334
mean B0=109.9669 homogen=58671.0402
mean B0=99.5234 homogen=25176.9892
mean B0=99.6452 homogen=24865.5925
mean B0=106.4901 homogen=36871.6582
mean B0=111.4762 homogen=69151.1517
mean B0=101.366 homogen=22740.6787
mean B0=106.906 homogen=39673.7407
mean B0=97.7282 homogen=14759.0539
mean B0=93.2202 homogen=103465.9026
mean B0=101.5451 homogen=21129.0304
mean B0=99.1678 homogen=29814.8506
mean B0=84.9127 homogen=10968.1888
mean B0=102.9094 homogen=26496.8657
mean B0=105.1408 homogen=39466.2829
mean B0=90.5731 homogen=5393.2344
mean B0=91.5482 homogen=4771.5934
mean B0=93.9851 homogen=7408.3256
mean B0=99.4871 homogen=43529.4019
mean B0=106.8939 homogen=40418.3357
mean B0=110.6483 homogen=68704.3881
mean B0=93.1233 homogen=6133.3309
mean B0=95.9404 homogen=22357.7409
mean B0=72.7628 homogen=79770.8976
mean B0=95.3022 homogen=10484.4723
mean B0=92.0659 homogen=4842.9182
mean B0=95.5318 homogen=10183.8341
mean B0=110.5822 homogen=60866.4843
mean B0=111.0922 homogen=65658.5705
   240 |     9600 |     40 |  0.000000E+00 |  0.000000E+00 |  0.0021382588 |             f
mean B0=102.0486 homogen=24472.1684
mean B0=103.2433 homogen=27665.4147
mean B0=108.8481 homogen=53579.8476
mean B0=104.428 homogen=29963.9342
mean B0=101.2864 homogen=46191.0505
mean B0=98.5178 homogen=44050.5445
mean B0=100.0185 homogen=30440.039
mean B0=111.4742 homogen=68735.4194
mean B0=97.062 homogen=14507.7317
mean B0=102.4464 homogen=24748.1492
mean B0=97.4494 homogen=15570.5161
mean B0=88.6342 homogen=3622.6937
mean B0=103.0564 homogen=26701.4202
mean B0=79.0501 homogen=119322.1262
mean B0=108.0204 homogen=45875.754
mean B0=91.9832 homogen=180003.2339
mean B0=108.2124 homogen=50325.8649
mean B0=72.7371 homogen=129675.3813
mean B0=101.7251 homogen=23644.7061
mean B0=94.5298 homogen=32684.0557
mean B0=107.2633 homogen=39073.8508
mean B0=101.2341 homogen=23213.6838
mean B0=107.0947 homogen=40527.1881
mean B0=111.7599 homogen=49521.117
mean B0=97.4612 homogen=14319.1811
mean B0=104.3778 homogen=29845.9835
mean B0=103.157 homogen=42703.0438
mean B0=111.0979 homogen=66044.9283
mean B0=111.739 homogen=72016.5767
mean B0=96.8688 homogen=20130.9811
mean B0=98.0482 homogen=16663.8148
mean B0=92.0994 homogen=4703.9588
mean B0=107.3194 homogen=41276.5497
mean B0=101.4721 homogen=24694.9185
mean B0=107.7187 homogen=43383.1361
mean B0=110.3569 homogen=56352.8911
mean B0=101.6646 homogen=21531.1088
mean B0=68.8264 homogen=251310.9654
mean B0=100.4025 homogen=21994.7964
mean B0=94.678 homogen=8796.679
   241 |     9640 |     40 |  0.000000E+00 |  0.000000E+00 |  0.0044145191 |             f
mean B0=103.0637 homogen=26725.4794
mean B0=94.3145 homogen=12673.8694
mean B0=108.7669 homogen=68503.8946
mean B0=89.4966 homogen=34536.4335
mean B0=96.8231 homogen=56795.6959
mean B0=110.2195 homogen=58645.8882
mean B0=102.6097 homogen=25011.5665
mean B0=104.6673 homogen=30598.062
mean B0=103.6218 homogen=36158.8723
mean B0=110.307 homogen=59294.3435
mean B0=87.7421 homogen=4344.8668
mean B0=101.7871 homogen=171469.924
mean B0=101.6564 homogen=36606.7314
mean B0=106.466 homogen=42162.7937
mean B0=85.8871 homogen=129454.6982
mean B0=97.5362 homogen=19532.045
mean B0=89.0589 homogen=6660.7594
mean B0=101.5285 homogen=21066.8062
mean B0=107.731 homogen=43449.6828
mean B0=104.7288 homogen=38458.371
mean B0=91.4077 homogen=28013.7728
mean B0=96.6232 homogen=16651.4414
mean B0=104.1819 homogen=19773.6915
mean B0=108.9116 homogen=55130.4123
mean B0=93.4148 homogen=40850.8116
mean B0=103.9192 homogen=66504.1241
mean B0=108.2505 homogen=103737.0065
mean B0=96.1381 homogen=13540.5677
mean B0=97.6496 homogen=21706.1483
mean B0=106.3466 homogen=38577.8306
mean B0=95.5712 homogen=15048.2995
mean B0=107.3194 homogen=41276.5497
mean B0=101.4289 homogen=21357.696
mean B0=107.0783 homogen=38347.3201
mean B0=97.0687 homogen=14189.9622
mean B0=99.745 homogen=21179.588
mean B0=110.54 homogen=60715.4751
mean B0=95.122 homogen=11867.2521
mean B0=111.9752 homogen=72031.3975
mean B0=85.4636 homogen=114494.3581
   242 |     9680 |     40 |  0.000000E+00 |  0.000000E+00 |  0.0013195723 |             f
mean B0=101.5192 homogen=48180.3438
mean B0=97.7302 homogen=14766.316
mean B0=104.3236 homogen=29875.1234
mean B0=94.7908 homogen=112022.2694
mean B0=112.3873 homogen=70850.5845
mean B0=101.0194 homogen=20178.1336
mean B0=103.391 homogen=29340.4614
mean B0=105.6483 homogen=29173.406
mean B0=110.54 homogen=60715.4751
mean B0=97.354 homogen=14112.6389
mean B0=95.7365 homogen=10604.6304
mean B0=93.6545 homogen=20016.2673
mean B0=93.8063 homogen=36374.0912
mean B0=96.7756 homogen=27999.7014
mean B0=105.3022 homogen=34789.7719
mean B0=104.0742 homogen=29343.4258
mean B0=104.0903 homogen=20847.3772
mean B0=105.2114 homogen=34604.1556
mean B0=104.2165 homogen=28030.0113
mean B0=98.409 homogen=22903.2828
mean B0=103.9733 homogen=35602.603
mean B0=88.6342 homogen=3622.6937
mean B0=106.1724 homogen=37593.5123
mean B0=109.5625 homogen=64045.9908
mean B0=98.8693 homogen=17228.2009
mean B0=102.7237 homogen=26745.0045
mean B0=90.989 homogen=28691.2122
mean B0=104.874 homogen=33011.8791
mean B0=111.9875 homogen=72105.6814
mean B0=101.0999 homogen=23835.5492
mean B0=112.2424 homogen=74859.9808
mean B0=91.7835 homogen=16922.462
mean B0=104.8228 homogen=63579.3221
mean B0=104.7322 homogen=69997.9682
mean B0=74.0775 homogen=83871.2181
mean B0=99.1798 homogen=23892.1435
mean B0=107.8872 homogen=49695.9103
mean B0=111.0883 homogen=65650.5525
mean B0=106.3334 homogen=41538.4163
mean B0=101.4379 homogen=58933.6051
   243 |     9720 |     40 |  0.000000E+00 |  0.000000E+00 |  0.0025842332 |             f
mean B0=109.3335 homogen=61690.1773
mean B0=111.1328 homogen=65905.7495
mean B0=88.0011 homogen=19411.999
mean B0=111.507 homogen=68529.8821
mean B0=102.155 homogen=25184.003
mean B0=100.544 homogen=15958.7497
mean B0=113.4155 homogen=83575.1796
mean B0=108.6412 homogen=35356.2667
mean B0=97.0334 homogen=17396.0104
mean B0=84.5361 homogen=81732.583
mean B0=99.2375 homogen=19435.2304
mean B0=101.7292 homogen=23642.1922
mean B0=108.6534 homogen=55934.0538
mean B0=102.3821 homogen=25818.6788
mean B0=104.0742 homogen=29343.4258
mean B0=110.3759 homogen=59171.0208
mean B0=97.3018 homogen=14778.5104
mean B0=103.853 homogen=27929.1825
mean B0=101.7736 homogen=23815.5272
mean B0=97.9801 homogen=14243.368
mean B0=107.0561 homogen=38579.1517
mean B0=111.9309 homogen=71780.382
mean B0=78.7623 homogen=167611.4504
mean B0=110.5173 homogen=60869.9298
mean B0=103.0358 homogen=26337.6754
mean B0=93.406 homogen=6650.1037
mean B0=111.4831 homogen=69122.767
mean B0=84.9819 homogen=4831.9377
mean B0=96.2245 homogen=13050.7007
mean B0=95.0843 homogen=11827.4924
mean B0=99.287 homogen=63220.8376
mean B0=86.2207 homogen=119347.8107
mean B0=105.0494 homogen=30207.7818
mean B0=101.6201 homogen=32145.4659
mean B0=106.3466 homogen=38577.8306
mean B0=106.0803 homogen=38172.3896
mean B0=89.1688 homogen=6309.6412
mean B0=110.21 homogen=58419.2935
mean B0=99.9883 homogen=20899.2754
mean B0=87.2588 homogen=42977.0999
   244 |     9760 |     40 |  0.000000E+00 |  0.000000E+00 |  0.0013512173 |             f
mean B0=88.5829 homogen=10052.4916
mean B0=104.6175 homogen=30513.987
mean B0=104.8667 homogen=32980.1315
mean B0=111.9538 homogen=71947.9284
mean B0=106.2788 homogen=37592.8147
mean B0=111.2064 homogen=67006.1094
mean B0=99.6669 homogen=21341.9468
mean B0=108.3096 homogen=53962.5072
mean B0=96.5156 homogen=11414.6216
mean B0=110.5283 homogen=60525.3292
mean B0=99.3797 homogen=17037.7692
mean B0=102.5002 homogen=24902.1815
mean B0=101.4286 homogen=24240.8657
mean B0=106.1974 homogen=37440.3953
mean B0=102.4975 homogen=24492.5499
mean B0=86.5165 homogen=6163.139
mean B0=103.8051 homogen=77744.739
mean B0=105.4794 homogen=37392.3152
mean B0=97.5404 homogen=25281.2224
mean B0=111.1302 homogen=65900.288
mean B0=107.7882 homogen=63245.4755
mean B0=98.5851 homogen=45528.7207
mean B0=99.8867 homogen=18743.9976
mean B0=91.2693 homogen=154123.6679
mean B0=98.8971 homogen=17949.2682
mean B0=95.6334 homogen=10208.3005
mean B0=100.0101 homogen=20144.4841
mean B0=104.7889 homogen=29546.0811
mean B0=112.9516 homogen=72461.6769
mean B0=104.6789 homogen=30667.1834
mean B0=93.8828 homogen=7243.7915
mean B0=97.9561 homogen=16496.6147
mean B0=90.2494 homogen=94786.8691
mean B0=104.4149 homogen=39446.9145
mean B0=94.67 homogen=11696.7573
mean B0=91.3321 homogen=8736.2682
mean B0=94.6499 homogen=31232.6988
mean B0=110.5326 homogen=56575.8063
mean B0=108.6363 homogen=85490.4621
mean B0=108.0231 homogen=45879.9337
   245 |     9800 |     40 |  0.000000E+00 |  0.000000E+00 |  0.0034893651 |             f
mean B0=95.1661 homogen=95256.7401
mean B0=108.0203 homogen=43510.5511
mean B0=101.3566 homogen=21524.1734
mean B0=107.2529 homogen=38965.3385
mean B0=88.3747 homogen=5353.8102
mean B0=112.2356 homogen=74829.7383
mean B0=89.1898 homogen=37803.3433
mean B0=88.7742 homogen=4269.2023
mean B0=93.8958 homogen=37996.0201
mean B0=106.1969 homogen=37445.2051
mean B0=102.1778 homogen=25453.0011
mean B0=95.679 homogen=10460.2133
mean B0=109.1563 homogen=53380.5144
mean B0=97.2029 homogen=12793.0482
mean B0=104.3314 homogen=49172.2873
mean B0=95.2095 homogen=34176.528
mean B0=89.5793 homogen=22314.5681
mean B0=102.8005 homogen=35115.4502
mean B0=98.1531 homogen=18870.5629
mean B0=102.4611 homogen=24828.984
mean B0=109.206 homogen=60700.4178
mean B0=98.0184 homogen=14993.9768
mean B0=101.1119 homogen=34495.4434
mean B0=108.6911 homogen=56351.9518
mean B0=106.7646 homogen=81351.437
mean B0=110.5468 homogen=60750.4664
mean B0=108.3349 homogen=54141.3131
mean B0=111.9309 homogen=71780.382
mean B0=91.0215 homogen=19621.0042
mean B0=104.993 homogen=34219.733
mean B0=104.9585 homogen=29993.8417
mean B0=111.2671 homogen=67311.1408
mean B0=98.7639 homogen=22142.139
mean B0=112.7833 homogen=77931.5925
mean B0=97.541 homogen=21045.3599
mean B0=96.7989 homogen=25463.5283
mean B0=99.9989 homogen=20111.6007
mean B0=99.0996 homogen=21567.9633
mean B0=98.9886 homogen=21978.1572
mean B0=108.1555 homogen=57157.1637
   246 |     9840 |     40 |  0.000000E+00 |  0.000000E+00 |  0.0014587026 |             f
mean B0=99.269 homogen=16713.5764
mean B0=105.3701 homogen=34824.5635
mean B0=106.4315 homogen=37857.7858
mean B0=109.1873 homogen=61086.6987
mean B0=98.1475 homogen=16110.6214
mean B0=96.3895 homogen=23430.7677
mean B0=93.562 homogen=24237.0435
mean B0=111.9846 homogen=78000.0605
mean B0=97.2078 homogen=12803.9508
mean B0=104.5604 homogen=29407.1137
mean B0=106.3568 homogen=41677.5617
mean B0=84.9063 homogen=48684.8498
mean B0=95.5911 homogen=9890.444
mean B0=108.771 homogen=74946.671
mean B0=110.5469 homogen=57338.9655
mean B0=100.4802 homogen=45406.6699
mean B0=110.4913 homogen=59439.0251
mean B0=96.4475 homogen=11739.2584
mean B0=85.1347 homogen=34144.5052
mean B0=99.1203 homogen=17479.9046
mean B0=102.6126 homogen=25243.3498
mean B0=98.6545 homogen=17919.9115
mean B0=111.7207 homogen=72084.3315
mean B0=99.7842 homogen=20492.0799
mean B0=95.7792 homogen=10490.335
mean B0=103.1504 homogen=53831.5793
mean B0=98.1914 homogen=23351.4432
mean B0=88.7508 homogen=5463.1827
mean B0=86.1064 homogen=3240.5413
mean B0=96.3076 homogen=126497.8731
mean B0=107.1235 homogen=41155.6429
mean B0=98.9901 homogen=42208.4725
mean B0=101.7154 homogen=23569.1417
mean B0=99.6201 homogen=21855.5935
mean B0=107.8807 homogen=51484.9748
mean B0=96.1633 homogen=24372.9212
mean B0=109.2119 homogen=54447.7021
mean B0=105.0654 homogen=34522.9831
mean B0=104.0561 homogen=37794.0395
mean B0=110.1115 homogen=67944.5579
   247 |     9880 |     40 |  0.000000E+00 |  0.000000E+00 |  0.0024190572 |             f
mean B0=101.0987 homogen=57287.836
mean B0=110.5468 homogen=60750.4664
mean B0=104.9746 homogen=33325.1323
mean B0=103.842 homogen=27837.5736
mean B0=89.3554 homogen=36661.8866
mean B0=109.1608 homogen=53397.9492
mean B0=104.7877 homogen=31041.4577
mean B0=101.5724 homogen=24515.2494
mean B0=96.2354 homogen=11200.9567
mean B0=111.9306 homogen=71778.9877
mean B0=104.1338 homogen=66958.0145
mean B0=88.8975 homogen=4096.1721
mean B0=102.1751 homogen=25446.7341
mean B0=102.9715 homogen=27461.4194
mean B0=98.4327 homogen=11471.6762
mean B0=102.9642 homogen=26106.7199
mean B0=97.6715 homogen=17019.5038
mean B0=75.8901 homogen=59848.8928
mean B0=107.6168 homogen=40717.1907
mean B0=95.5652 homogen=42569.4885
mean B0=101.0911 homogen=22382.3562
mean B0=96.9552 homogen=37938.0815
mean B0=100.5186 homogen=23532.2263
mean B0=112.2351 homogen=74842.0069
mean B0=92.8814 homogen=5685.635
mean B0=112.2374 homogen=74833.6312
mean B0=107.8487 homogen=45076.4596
mean B0=108.4062 homogen=44757.8115
mean B0=100.073 homogen=20348.0387
mean B0=108.2125 homogen=50328.5318
mean B0=88.6342 homogen=3622.6937
mean B0=95.7309 homogen=10415.2044
mean B0=101.6801 homogen=46432.825
mean B0=97.479 homogen=20731.6644
mean B0=73.5067 homogen=144833.4587
mean B0=96.5762 homogen=11335.0186
mean B0=107.1329 homogen=45487.6356
mean B0=110.0393 homogen=67173.8828
mean B0=101.6423 homogen=60229.6663
mean B0=110.21 homogen=58419.2935
   248 |     9920 |     40 |  0.000000E+00 |  0.000000E+00 |  0.0032581288 |             f
mean B0=97.2582 homogen=17561.6325
mean B0=111.5675 homogen=65876.848
mean B0=103.5646 homogen=32523.6473
mean B0=101.347 homogen=24605.3922
mean B0=97.8834 homogen=26920.0227
mean B0=75.6936 homogen=141253.9912
mean B0=104.8747 homogen=32911.7353
mean B0=97.8194 homogen=21161.1026
mean B0=106.6672 homogen=57378.5752
mean B0=108.2121 homogen=50334.6988
mean B0=96.9408 homogen=29484.7337
mean B0=80.0579 homogen=48550.39
mean B0=112.2424 homogen=74859.9808
mean B0=109.5066 homogen=53415.9674
mean B0=91.1036 homogen=32168.9491
mean B0=106.0877 homogen=37146.2823
mean B0=91.1093 homogen=6038.1732
mean B0=107.8888 homogen=76758.0468
mean B0=103.9266 homogen=28166.4404
mean B0=99.1565 homogen=140004.281
mean B0=95.5229 homogen=21428.8522
mean B0=93.9142 homogen=8175.6768
mean B0=87.1191 homogen=113172.8493
mean B0=93.4889 homogen=38354.9756
mean B0=109.0333 homogen=52520.3915
mean B0=107.3032 homogen=48538.0076
mean B0=99.4653 homogen=17331.8823
mean B0=87.4211 homogen=147690.2326
mean B0=111.5446 homogen=64460.5542
mean B0=106.9074 homogen=39672.7159
mean B0=97.5979 homogen=23927.4659
mean B0=104.5868 homogen=30407.4433
mean B0=110.5468 homogen=60750.4664
mean B0=96.3257 homogen=11730.8977
mean B0=89.7173 homogen=96923.0528
mean B0=89.0474 homogen=4663.2286
mean B0=99.8677 homogen=18593.3958
mean B0=99.0983 homogen=22621.0288
mean B0=107.5551 homogen=46458.5726
mean B0=105.48 homogen=37419.9935
   249 |     9960 |     40 |  0.000000E+00 |  0.000000E+00 |  0.0009228926 |             f
mean B0=104.2912 homogen=31299.4402
mean B0=109.0403 homogen=52550.7947
mean B0=86.975 homogen=119252.0559
mean B0=101.1686 homogen=21683.713
mean B0=89.0737 homogen=5979.0403
mean B0=103.0358 homogen=26337.6754
mean B0=89.1131 homogen=14421.0503
mean B0=102.5002 homogen=24902.1815
mean B0=107.772 homogen=43684.843
mean B0=94.7237 homogen=36462.1416
mean B0=76.0594 homogen=55822.4853
mean B0=110.3375 homogen=66529.7987
mean B0=97.2085 homogen=12801.1709
mean B0=106.612 homogen=44333.0037
mean B0=99.5177 homogen=23135.2998
mean B0=106.5789 homogen=38656.1247
mean B0=111.2753 homogen=66996.494
mean B0=95.6294 homogen=14060.6509
mean B0=109.6553 homogen=58146.3248
mean B0=94.619 homogen=10242.7744
mean B0=110.0964 homogen=57722.6644
mean B0=93.123 homogen=175310.3237
mean B0=92.8814 homogen=5685.635
mean B0=107.8451 homogen=77778.5366
mean B0=97.6643 homogen=16310.9506
mean B0=108.2124 homogen=50325.8649
mean B0=111.7463 homogen=70721.4684
mean B0=106.4315 homogen=37857.7858
mean B0=110.8973 homogen=45339.8859
mean B0=97.9034 homogen=43985.6778
mean B0=111.8286 homogen=70948.359
mean B0=106.2011 homogen=38164.5573
mean B0=96.576 homogen=11331.1265
mean B0=105.3274 homogen=34692.5904
mean B0=103.9851 homogen=31617.3298
mean B0=95.5345 homogen=11396.6334
mean B0=75.279 homogen=60666.6787
mean B0=90.1397 homogen=20305.4917
mean B0=103.5071 homogen=26741.4764
mean B0=106.7044 homogen=40844.0792
   250 |    10000 |     40 |  0.000000E+00 |  0.000000E+00 |  0.0032393316 |             f
mean B0=104.9974 homogen=77696.6354
mean B0=76.1108 homogen=54935.9274
mean B0=106.9094 homogen=39676.0605
mean B0=89.2289 homogen=158022.4703
mean B0=105.3306 homogen=34653.8675
mean B0=95.3514 homogen=10008.2421
mean B0=104.0229 homogen=28559.6505
mean B0=99.2376 homogen=16564.3457
mean B0=96.6986 homogen=18640.4346
mean B0=93.6459 homogen=39399.8905
mean B0=103.9265 homogen=28164.2542
mean B0=99.552 homogen=25679.775
mean B0=100.0766 homogen=19567.1354
mean B0=108.0892 homogen=45643.6273
mean B0=99.8455 homogen=26208.8947
mean B0=98.4116 homogen=26931.8421
mean B0=108.8185 homogen=51367.4621
mean B0=90.2784 homogen=7215.1009
mean B0=91.7457 homogen=4199.7758
mean B0=102.981 homogen=60301.2497
mean B0=101.3623 homogen=28904.6561
mean B0=110.1224 homogen=57928.2669
mean B0=102.4975 homogen=24901.0241
mean B0=102.3557 homogen=27440.1466
mean B0=111.9274 homogen=71814.9418
mean B0=111.1373 homogen=66306.0743
mean B0=103.482 homogen=51625.9793
mean B0=107.1537 homogen=41351.1721
mean B0=90.8976 homogen=11070.2055
mean B0=110.6944 homogen=64623.4303
mean B0=108.2128 homogen=50315.1007
mean B0=93.2661 homogen=34580.091
mean B0=98.9957 homogen=155442.3028
mean B0=111.9209 homogen=73886.2053
mean B0=101.149 homogen=25692.2463
mean B0=101.0949 homogen=22568.8333
mean B0=104.7918 homogen=31076.0377
mean B0=78.9879 homogen=50778.962
mean B0=93.8881 homogen=7214.3784
mean B0=97.7028 homogen=24656.4502
   251 |    10040 |     40 |  0.000000E+00 |  0.000000E+00 |  0.0016844164 |             f
mean B0=95.7561 homogen=10211.7965
mean B0=110.1014 homogen=59134.8618
mean B0=92.5289 homogen=6755.7814
mean B0=107.2852 homogen=41751.8565
mean B0=96.9632 homogen=20891.9593
mean B0=106.2547 homogen=41158.1752
mean B0=106.7703 homogen=37175.2492
mean B0=100.6485 homogen=19539.0024
mean B0=108.1686 homogen=68256.3354
mean B0=75.2539 homogen=136783.3623
mean B0=90.9759 homogen=6343.632
mean B0=85.1166 homogen=8746.0287
mean B0=93.1203 homogen=6122.0822
mean B0=110.1953 homogen=63068.7578
mean B0=88.5106 homogen=145442.6957
mean B0=110.2499 homogen=58210.8151
mean B0=105.3176 homogen=34597.7122
mean B0=109.1308 homogen=54001.352
mean B0=95.66 homogen=31332.9134
mean B0=101.7363 homogen=23661.6027
mean B0=100.3494 homogen=42844.7929
mean B0=110.4389 homogen=59790.3404
mean B0=108.1641 homogen=49821.3389
mean B0=112.1004 homogen=74653.7023
mean B0=106.7806 homogen=64041.892
mean B0=98.4071 homogen=14689.8586
mean B0=101.7948 homogen=23640.6675
mean B0=104.6367 homogen=35522.8552
mean B0=105.7963 homogen=33704.8963
mean B0=98.1479 homogen=16109.0379
mean B0=91.5363 homogen=9434.917
mean B0=106.2062 homogen=25393.975
mean B0=97.9836 homogen=14230.0493
mean B0=110.1288 homogen=58026.1429
mean B0=106.5325 homogen=55086.898
mean B0=105.4736 homogen=35372.528
mean B0=101.5403 homogen=21108.7491
mean B0=104.1057 homogen=28847.1717
mean B0=92.342 homogen=22783.406
mean B0=78.6306 homogen=50164.5554
   252 |    10080 |     40 |  0.000000E+00 |  0.000000E+00 |  0.0028187318 |             f
mean B0=106.3128 homogen=37984.0335
mean B0=94.6722 homogen=34938.9111
mean B0=78.0072 homogen=52743.838
mean B0=93.9856 homogen=7409.439
mean B0=103.4742 homogen=26557.3228
mean B0=104.4402 homogen=28298.2058
mean B0=101.5285 homogen=21066.8062
mean B0=112.1244 homogen=73961.8165
mean B0=99.125 homogen=16272.6485
mean B0=97.4482 homogen=22705.4776
mean B0=95.3514 homogen=17267.0477
mean B0=99.4741 homogen=17640.4804
mean B0=109.2119 homogen=54447.7021
mean B0=112.1605 homogen=74134.9738
mean B0=97.9066 homogen=22083.7494
mean B0=110.0941 homogen=57692.7912
mean B0=96.3447 homogen=12715.468
mean B0=95.7493 homogen=10203.7949
mean B0=95.5727 homogen=9806.0133
mean B0=96.3106 homogen=19164.5835
mean B0=111.707 homogen=70641.6515
mean B0=95.2327 homogen=34136.0406
mean B0=88.9153 homogen=3969.4767
mean B0=105.4736 homogen=35372.528
mean B0=109.7141 homogen=39968.0311
mean B0=102.0975 homogen=25181.7904
mean B0=97.9132 homogen=18003.4222
mean B0=97.5938 homogen=13790.4322
mean B0=105.1253 homogen=33950.7222
mean B0=105.6166 homogen=41758.3733
mean B0=101.6696 homogen=68979.8192
mean B0=106.2677 homogen=38694.6093
mean B0=111.4149 homogen=69520.3758
mean B0=106.8946 homogen=39639.4028
mean B0=108.6577 homogen=56397.6896
mean B0=99.3548 homogen=148726.2866
mean B0=101.555 homogen=21984.0923
mean B0=110.7029 homogen=64629.2454
mean B0=91.7706 homogen=4295.514
mean B0=102.3087 homogen=27973.7361
   253 |    10120 |     40 |  0.000000E+00 |  0.000000E+00 |  0.0014128620 |             f
mean B0=97.8722 homogen=23438.8145
mean B0=86.5238 homogen=124947.8996
mean B0=106.6869 homogen=32920.8656
mean B0=89.3379 homogen=6242.9813
mean B0=111.9328 homogen=71777.7103
mean B0=108.3206 homogen=55249.1255
mean B0=85.0807 homogen=28117.5088
mean B0=109.8424 homogen=56784.1105
mean B0=102.2491 homogen=64484.8063
mean B0=112.2428 homogen=74864.3214
mean B0=95.7205 homogen=10333.0337
mean B0=98.9678 homogen=17691.5965
mean B0=91.0639 homogen=26709.8172
mean B0=90.9697 homogen=33898.3868
mean B0=99.3562 homogen=17105.9464
mean B0=106.8595 homogen=39422.2258
mean B0=104.9615 homogen=33270.0533
mean B0=90.225 homogen=143727.5198
mean B0=104.037 homogen=28582.3255
mean B0=85.7356 homogen=22565.0818
mean B0=95.0656 homogen=155549.2903
mean B0=98.9852 homogen=35756.05
mean B0=104.2519 homogen=28184.437
mean B0=95.0463 homogen=11301.4406
mean B0=109.2102 homogen=54447.3328
mean B0=98.7934 homogen=16226.9188
mean B0=107.6831 homogen=59095.8578
mean B0=109.6815 homogen=57063.6127
mean B0=99.8316 homogen=23876.2547
mean B0=106.0867 homogen=37142.4192
mean B0=106.3352 homogen=45908.941
mean B0=103.409 homogen=27401.2624
mean B0=100.9763 homogen=53333.4078
mean B0=96.4842 homogen=21685.7024
mean B0=97.7348 homogen=14310.3361
mean B0=98.9841 homogen=18836.6459
mean B0=110.1094 homogen=57805.8483
mean B0=109.9654 homogen=59736.7646
mean B0=108.1754 homogen=46061.4402
mean B0=87.8052 homogen=33496.58
   254 |    10160 |     40 |  0.000000E+00 |  0.000000E+00 |  0.0020236339 |             f
mean B0=110.7714 homogen=63319.3644
mean B0=80.9279 homogen=213170.9489
mean B0=110.1162 homogen=57746.2872
mean B0=104.9615 homogen=33270.0533
mean B0=108.205 homogen=50379.9478
mean B0=103.5612 homogen=27901.1754
mean B0=103.9145 homogen=28662.4997
mean B0=111.7789 homogen=70323.9744
mean B0=73.2813 homogen=66638.1535
mean B0=84.4805 homogen=24757.8016
mean B0=97.9283 homogen=80745.2236
mean B0=90.4095 homogen=11287.4777
mean B0=107.2904 homogen=41382.0568
mean B0=94.264 homogen=7908.2393
mean B0=54.2291 homogen=101831.9714
mean B0=101.2541 homogen=50405.7123
mean B0=93.0913 homogen=6069.1677
mean B0=108.1525 homogen=45912.6126
mean B0=96.5816 homogen=11322.1193
mean B0=110.5466 homogen=60748.9262
mean B0=94.1855 homogen=105600.5994
mean B0=110.6448 homogen=64732.9801
mean B0=95.5657 homogen=9833.5906
mean B0=98.1479 homogen=16109.0379
mean B0=110.7129 homogen=64605.1644
mean B0=95.7619 homogen=18407.8308
mean B0=106.459 homogen=42915.0569
mean B0=88.138 homogen=94037.1757
mean B0=105.7501 homogen=46709.8731
mean B0=83.4112 homogen=151121.0434
mean B0=91.814 homogen=31993.927
mean B0=89.8645 homogen=10249.3592
mean B0=107.7663 homogen=44142.8879
mean B0=97.7052 homogen=14581.9437
mean B0=103.1807 homogen=26723.5649
mean B0=109.3732 homogen=61576.7749
mean B0=103.4543 homogen=26566.7533
mean B0=105.01 homogen=33457.3284
mean B0=99.568 homogen=17770.0403
mean B0=106.0872 homogen=37143.8825
   255 |    10200 |     40 |  0.000000E+00 |  0.000000E+00 |  0.0036052913 |             f
mean B0=93.9054 homogen=21859.0585
mean B0=106.2907 homogen=38413.1846
mean B0=101.2126 homogen=21655.4164
mean B0=91.9461 homogen=164191.1865
mean B0=101.2507 homogen=20930.3917
mean B0=94.8837 homogen=22661.3082
mean B0=93.3523 homogen=38391.5772
mean B0=95.7205 homogen=10333.0337
mean B0=111.4679 homogen=68339.2899
mean B0=94.023 homogen=7474.6005
mean B0=104.2446 homogen=28055.4908
mean B0=91.7061 homogen=95617.4447
mean B0=108.4501 homogen=52401.9379
mean B0=92.4012 homogen=192285.7484
mean B0=102.8972 homogen=27411.3446
mean B0=99.4707 homogen=21235.1443
mean B0=106.0867 homogen=37142.4192
mean B0=99.8424 homogen=20746.8347
mean B0=104.0681 homogen=28590.9836
mean B0=96.8045 homogen=27197.34
mean B0=96.6076 homogen=97480.2193
mean B0=101.3792 homogen=21850.5073
mean B0=106.4299 homogen=44511.0203
mean B0=107.2577 homogen=41237.4523
mean B0=101.8953 homogen=22860.2101
mean B0=84.6301 homogen=22935.5672
mean B0=110.7714 homogen=63319.3644
mean B0=96.5816 homogen=11322.1193
mean B0=109.5042 homogen=63561.1253
mean B0=106.7484 homogen=26662.3243
mean B0=89.3302 homogen=33468.7184
mean B0=111.9332 homogen=71780.1808
mean B0=111.6785 homogen=51809.4757
mean B0=97.197 homogen=39257.7837
mean B0=93.2404 homogen=10500.5677
mean B0=99.8027 homogen=27073.3041
mean B0=93.3069 homogen=31795.3016
mean B0=103.1312 homogen=27504.7325
mean B0=98.2251 homogen=42533.6946
mean B0=95.552 homogen=26389.7915
   256 |    10240 |     40 |  0.000000E+00 |  0.000000E+00 |  0.0012681640 |             f
mean B0=105.1838 homogen=35008.1119
mean B0=107.9458 homogen=45002.8039
mean B0=91.0557 homogen=5474.8154
mean B0=103.9074 homogen=36021.3807
mean B0=93.9938 homogen=7388.7776
mean B0=112.3671 homogen=71151.6769
mean B0=99.4741 homogen=17640.4804
mean B0=101.251 homogen=20927.77
mean B0=107.6413 homogen=43190.637
mean B0=105.7295 homogen=77575.8233
mean B0=96.8801 homogen=21467.1773
mean B0=99.4 homogen=17206.2809
mean B0=104.0689 homogen=28582.0547
mean B0=89.1607 homogen=6308.3593
mean B0=106.8675 homogen=39427.3597
mean B0=100.6455 homogen=19546.067
mean B0=103.3652 homogen=40553.6546
mean B0=99.4593 homogen=49135.4
mean B0=110.7714 homogen=63319.3644
mean B0=99.8217 homogen=19970.5644
mean B0=103.912 homogen=28048.6308
mean B0=110.3639 homogen=58999.8693
mean B0=94.8803 homogen=13838.8969
mean B0=97.7502 homogen=20751.2559
mean B0=78.7206 homogen=136475.8159
mean B0=104.4375 homogen=33126.6762
mean B0=109.8424 homogen=56784.1105
mean B0=97.1554 homogen=69152.2669
mean B0=104.7152 homogen=30781.696
mean B0=112.2294 homogen=74794.4248
mean B0=95.4253 homogen=36446.1265
mean B0=95.7304 homogen=10203.4266
mean B0=93.374 homogen=177574.0411
mean B0=102.748 homogen=27761.9951
mean B0=111.9246 homogen=71782.1043
mean B0=94.2667 homogen=7913.2441
mean B0=103.9653 homogen=20504.7272
mean B0=101.3165 homogen=24592.4388
mean B0=106.0867 homogen=37142.4192
mean B0=100.9133 homogen=22165.8204
   257 |    10280 |     40 |  0.000000E+00 |  0.000000E+00 |  0.0027638180 |             f
mean B0=102.5305 homogen=24771.0025
mean B0=100.2712 homogen=20568.1173
mean B0=112.5753 homogen=73628.9434
mean B0=107.2903 homogen=41382.3836
mean B0=102.696 homogen=30125.9622
mean B0=98.1881 homogen=16131.9386
mean B0=91.7706 homogen=4295.514
mean B0=112.3948 homogen=72309.5123
mean B0=96.31 homogen=15014.7683
mean B0=91.5078 homogen=18048.8765
mean B0=66.8984 homogen=41154.6797
mean B0=106.3585 homogen=41670.0418
mean B0=110.7714 homogen=63319.4678
mean B0=102.6022 homogen=26635.5377
mean B0=109.1846 homogen=58940.6112
mean B0=109.2249 homogen=54456.7022
mean B0=110.5464 homogen=60750.0764
mean B0=103.4816 homogen=26584.5879
mean B0=93.8064 homogen=58632.8261
mean B0=99.0867 homogen=20942.4213
mean B0=104.04 homogen=28726.6294
mean B0=74.303 homogen=217625.8221
mean B0=95.3108 homogen=10303.248
mean B0=110.3637 homogen=59000.4353
mean B0=97.4981 homogen=13983.2853
mean B0=92.8814 homogen=5685.635
mean B0=94.2668 homogen=7913.0241
mean B0=104.6831 homogen=34609.3522
mean B0=97.9886 homogen=14219.5033
mean B0=99.3248 homogen=21908.2128
mean B0=99.7892 homogen=18504.3647
mean B0=102.5762 homogen=22526.1929
mean B0=110.7714 homogen=63319.3644
mean B0=90.6761 homogen=171627.0781
mean B0=103.9784 homogen=28578.3872
mean B0=108.8027 homogen=51345.0462
mean B0=108.2127 homogen=50316.714
mean B0=104.7078 homogen=30755.8371
mean B0=90.8969 homogen=127692.7984
mean B0=97.8904 homogen=16180.7571
   258 |    10320 |     40 |  0.000000E+00 |  0.000000E+00 |  0.0005328829 |             f
mean B0=111.6287 homogen=69837.5269
mean B0=77.4735 homogen=131375.27
mean B0=111.8814 homogen=71171.2392
mean B0=89.2283 homogen=7386.3108
mean B0=108.3024 homogen=57500.2782
mean B0=84.8165 homogen=28328.5156
mean B0=89.7429 homogen=38330.9357
mean B0=105.9338 homogen=79819.2937
mean B0=94.5918 homogen=10145.0155
mean B0=98.9739 homogen=16439.8142
mean B0=102.6895 homogen=25005.199
mean B0=99.3713 homogen=21520.3832
mean B0=82.5273 homogen=208937.8128
mean B0=98.0536 homogen=124582.3461
mean B0=111.4808 homogen=68455.3735
mean B0=95.5692 homogen=9817.431
mean B0=81.7047 homogen=34594.0927
mean B0=101.1808 homogen=20928.8865
mean B0=103.6715 homogen=28044.4124
mean B0=103.1458 homogen=23876.3868
mean B0=105.703 homogen=37258.4743
mean B0=99.4214 homogen=20226.3989
mean B0=98.0931 homogen=15814.0433
mean B0=79.5894 homogen=43387.6513
mean B0=94.0275 homogen=99531.1806
mean B0=97.3258 homogen=25833.8611
mean B0=99.2271 homogen=39802.1285
mean B0=83.6443 homogen=25042.6861
mean B0=106.4569 homogen=39592.9233
mean B0=95.2578 homogen=64575.4652
mean B0=109.0847 homogen=54426.525
mean B0=100.7971 homogen=23294.2808
mean B0=105.8286 homogen=82715.3114
mean B0=102.683 homogen=65274.429
mean B0=111.921 homogen=71695.1251
mean B0=71.8501 homogen=81058.9923
mean B0=85.3408 homogen=33695.8801
mean B0=112.1606 homogen=73562.9394
mean B0=99.2299 homogen=19893.1497
mean B0=108.5395 homogen=54985.972
   259 |    10360 |     40 |  0.000000E+00 |  0.000000E+00 |  0.0020520450 |             f
mean B0=106.5979 homogen=50321.6361
mean B0=104.2093 homogen=32465.0344
mean B0=108.2196 homogen=50978.5137
mean B0=105.9478 homogen=80046.0571
mean B0=89.398 homogen=7752.5809
mean B0=94.599 homogen=8829.9668
mean B0=93.9851 homogen=7375.1141
mean B0=99.8075 homogen=18367.8725
mean B0=109.2113 homogen=54723.5989
mean B0=104.772 homogen=36290.802
mean B0=108.1898 homogen=46072.9978
mean B0=106.0953 homogen=40267.7932
mean B0=97.7826 homogen=24908.645
mean B0=94.1465 homogen=8650.3749
mean B0=93.642 homogen=23878.62
mean B0=95.7292 homogen=10200.3516
mean B0=103.4139 homogen=26824.8523
mean B0=102.0998 homogen=25154.4033
mean B0=85.5241 homogen=7780.9665
mean B0=97.9111 homogen=14326.5861
mean B0=95.1344 homogen=10432.3876
mean B0=102.1329 homogen=23157.9725
mean B0=102.3668 homogen=23559.4532
mean B0=110.546 homogen=60555.4714
mean B0=100.193 homogen=22629.5996
mean B0=97.672 homogen=14945.7179
mean B0=109.9326 homogen=76571.2637
mean B0=102.5104 homogen=24897.4312
mean B0=107.2535 homogen=41215.4529
mean B0=99.7275 homogen=19416.8338
mean B0=106.2943 homogen=38700.394
mean B0=93.6653 homogen=40985.7138
mean B0=100.8323 homogen=84560.5044
mean B0=112.9903 homogen=58330.1538
mean B0=92.1523 homogen=22475.9685
mean B0=95.5751 homogen=9814.605
mean B0=110.39 homogen=59425.5704
mean B0=107.1516 homogen=39221.1935
mean B0=105.6225 homogen=27729.5976
mean B0=100.4221 homogen=32486.897
   260 |    10400 |     40 |  0.000000E+00 |  0.000000E+00 |  0.0023088600 |             f
mean B0=104.4952 homogen=69161.2117
mean B0=97.9779 homogen=30262.9104
mean B0=96.2231 homogen=25521.7157
mean B0=95.7304 homogen=10204.2792
mean B0=107.2905 homogen=41354.8976
mean B0=102.5792 homogen=24656.7992
mean B0=103.0078 homogen=28514.8482
mean B0=110.7721 homogen=63326.0155
mean B0=94.2481 homogen=7818.4589
mean B0=93.066 homogen=9888.77
mean B0=101.2529 homogen=20928.8335
mean B0=96.6804 homogen=28597.7623
mean B0=105.7032 homogen=37250.755
mean B0=101.7962 homogen=51982.1715
mean B0=106.1543 homogen=37344.8289
mean B0=100.3539 homogen=22312.7494
mean B0=97.6929 homogen=71244.329
mean B0=108.5542 homogen=53795.8952
mean B0=109.0849 homogen=54427.2225
mean B0=91.9543 homogen=32867.3362
mean B0=109.2249 homogen=54456.7022
mean B0=104.6316 homogen=30543.1092
mean B0=95.4611 homogen=25956.5485
mean B0=95.5728 homogen=9805.9061
mean B0=98.1414 homogen=16006.5165
mean B0=93.1663 homogen=6146.1326
mean B0=100.3537 homogen=24109.1965
mean B0=92.8809 homogen=5684.6309
mean B0=110.0146 homogen=57234.4899
mean B0=98.3878 homogen=17028.3616
mean B0=97.9868 homogen=14217.9588
mean B0=96.8832 homogen=34155.4952
mean B0=106.4583 homogen=39588.2083
mean B0=100.8896 homogen=20357.9674
mean B0=111.6241 homogen=69609.3191
mean B0=98.9757 homogen=24126.4617
mean B0=100.1648 homogen=35491.8497
mean B0=101.5719 homogen=21469.3521
mean B0=105.0104 homogen=33462.0789
mean B0=105.2073 homogen=34914.9615
   261 |    10440 |     40 |  0.000000E+00 |  0.000000E+00 |  0.0038734786 |             f
mean B0=110.7473 homogen=63344.6091
mean B0=104.2358 homogen=27743.1722
mean B0=96.9603 homogen=50033.0918
mean B0=104.3221 homogen=28061.3903
mean B0=101.3565 homogen=23190.9913
mean B0=99.8127 homogen=18385.9075
mean B0=96.9853 homogen=22456.5452
mean B0=95.4051 homogen=10425.9146
mean B0=111.392 homogen=70713.544
mean B0=95.6997 homogen=19324.5618
mean B0=109.0904 homogen=54396.2138
mean B0=101.0019 homogen=21867.3903
mean B0=100.7781 homogen=87713.2799
mean B0=91.2628 homogen=21156.6704
mean B0=107.3612 homogen=41643.5127
mean B0=108.8142 homogen=51400.3565
mean B0=108.1326 homogen=43432.0081
mean B0=101.108 homogen=21287.555
mean B0=108.703 homogen=52700.6782
mean B0=97.4048 homogen=13162.9265
mean B0=101.5918 homogen=21481.569
mean B0=97.8425 homogen=15018.7898
mean B0=98.907 homogen=20996.7723
mean B0=105.3782 homogen=37992.4362
mean B0=103.7956 homogen=60366.0753
mean B0=102.1288 homogen=23140.0329
mean B0=92.0692 homogen=80148.1523
mean B0=104.801 homogen=29647.2995
mean B0=110.0123 homogen=57235.9795
mean B0=95.2123 homogen=21062.3408
mean B0=97.9819 homogen=14188.7448
mean B0=97.9631 homogen=22358.5208
mean B0=97.9382 homogen=41280.4509
mean B0=102.3145 homogen=25285.2234
mean B0=92.4482 homogen=36060.6478
mean B0=101.38 homogen=19819.0227
mean B0=105.1252 homogen=35868.4374
mean B0=104.9909 homogen=29964.7723
mean B0=99.058 homogen=138814.8467
mean B0=85.4432 homogen=72904.1759
   262 |    10480 |     40 |  0.000000E+00 |  0.000000E+00 |  0.0008365810 |             f
mean B0=101.6108 homogen=22969.8541
mean B0=108.1734 homogen=79475.9624
mean B0=104.2092 homogen=25615.4223
mean B0=98.2487 homogen=16326.5285
mean B0=104.6493 homogen=30534.004
mean B0=99.2529 homogen=29785.1174
mean B0=54.6442 homogen=126991.2476
mean B0=102.7515 homogen=25211.7323
mean B0=99.8402 homogen=18427.7806
mean B0=102.9408 homogen=25134.952
mean B0=95.904 homogen=10908.9117
mean B0=112.3633 homogen=71039.0562
mean B0=101.8581 homogen=48696.5068
mean B0=105.7743 homogen=86198.916
mean B0=108.3124 homogen=55418.4238
mean B0=92.8824 homogen=5669.6312
mean B0=99.1677 homogen=16784.2663
mean B0=83.0422 homogen=129621.5084
mean B0=88.72 homogen=5481.0651
mean B0=92.8421 homogen=166374.3646
mean B0=110.9639 homogen=65811.9528
mean B0=89.0763 homogen=48204.989
mean B0=104.5868 homogen=30407.4433
mean B0=100.5843 homogen=19805.3044
mean B0=102.6699 homogen=25016.403
mean B0=100.8356 homogen=21999.5332
mean B0=96.4691 homogen=9973.0702
mean B0=105.037 homogen=34289.7119
mean B0=105.6683 homogen=37188.4522
mean B0=102.6265 homogen=24946.1409
mean B0=87.0601 homogen=5666.177
mean B0=90.7082 homogen=148552.5824
mean B0=96.4755 homogen=24154.7329
mean B0=109.1454 homogen=53148.1563
mean B0=110.6455 homogen=57527.8229
mean B0=104.9543 homogen=33382.771
mean B0=108.4685 homogen=54603.7433
mean B0=99.2773 homogen=16908.7304
mean B0=110.8934 homogen=61121.4035
mean B0=106.1129 homogen=40390.5919
   263 |    10520 |     40 |  0.000000E+00 |  0.000000E+00 |  0.0035440547 |             f
mean B0=108.339 homogen=44787.7035
mean B0=112.0055 homogen=71998.5384
mean B0=108.6505 homogen=52318.2255
mean B0=100.024 homogen=151118.5473
mean B0=92.1982 homogen=35735.0743
mean B0=75.7602 homogen=243449.003
mean B0=71.836 homogen=231545.4687
mean B0=102.2652 homogen=23634.6239
mean B0=95.5215 homogen=22903.3798
mean B0=103.5558 homogen=45079.1678
mean B0=110.9786 homogen=65732.5053
mean B0=106.8044 homogen=39326.9169
mean B0=98.6185 homogen=20352.6188
mean B0=103.8834 homogen=28077.1628
mean B0=78.5927 homogen=121713.0229
mean B0=101.0705 homogen=28295.2481
mean B0=101.6004 homogen=22936.2445
mean B0=95.1374 homogen=9381.8417
mean B0=95.1894 homogen=10242.1586
mean B0=110.3644 homogen=59032.4897
mean B0=105.0662 homogen=35978.4287
mean B0=102.0513 homogen=51138.9295
mean B0=110.347 homogen=61548.5465
mean B0=105.7953 homogen=37274.9881
mean B0=98.164 homogen=32225.3336
mean B0=106.3699 homogen=38946.2763
mean B0=92.4558 homogen=7713.4293
mean B0=103.3241 homogen=28000.1959
mean B0=97.4145 homogen=13189.2326
mean B0=86.181 homogen=2990.9847
mean B0=95.9979 homogen=56353.4879
mean B0=98.0093 homogen=14637.3431
mean B0=102.6093 homogen=29345.6703
mean B0=111.5467 homogen=69495.0868
mean B0=91.706 homogen=17170.1391
mean B0=96.4003 homogen=27503.943
mean B0=110.0262 homogen=57307.7057
mean B0=95.938 homogen=10694.1572
mean B0=95.7433 homogen=14406.1148
mean B0=97.5862 homogen=33552.3511
   264 |    10560 |     40 |  0.000000E+00 |  0.000000E+00 |  0.0030720686 |             f
mean B0=94.5877 homogen=137821.8277
mean B0=100.5823 homogen=19661.4558
mean B0=105.5388 homogen=23794.4503
mean B0=75.9756 homogen=59468.4346
mean B0=102.6852 homogen=26918.6211
mean B0=108.2891 homogen=50736.9117
mean B0=103.3689 homogen=28941.452
mean B0=111.9813 homogen=72002.9664
mean B0=65.608 homogen=79531.3918
mean B0=110.4864 homogen=61214.7954
mean B0=99.1099 homogen=17954.4486
mean B0=94.2677 homogen=42403.8979
mean B0=103.9629 homogen=38643.0449
mean B0=102.9456 homogen=25141.8214
mean B0=108.2126 homogen=50331.7623
mean B0=105.8382 homogen=39707.1843
mean B0=85.7796 homogen=3875.0338
mean B0=103.4284 homogen=37295.4369
mean B0=91.0411 homogen=26690.0689
mean B0=112.2428 homogen=74864.3214
mean B0=99.592 homogen=23532.5244
mean B0=104.7146 homogen=30758.7356
mean B0=84.7173 homogen=6269.5394
mean B0=79.0457 homogen=50726.9539
mean B0=103.8227 homogen=30038.9141
mean B0=107.1446 homogen=38642.7678
mean B0=104.9226 homogen=54158.092
mean B0=110.3877 homogen=59036.7262
mean B0=93.4664 homogen=15772.759
mean B0=93.0854 homogen=6020.3145
mean B0=95.9773 homogen=10727.1202
mean B0=108.2818 homogen=46399.1502
mean B0=91.2819 homogen=6534.9021
mean B0=102.2602 homogen=23625.3292
mean B0=103.952 homogen=29836.1613
mean B0=111.453 homogen=66027.2775
mean B0=92.0994 homogen=4408.6535
mean B0=103.8414 homogen=31209.0729
mean B0=101.0155 homogen=45157.3728
mean B0=69.8814 homogen=82010.6926
   265 |    10600 |     40 |  0.000000E+00 |  0.000000E+00 |  0.0013506909 |             f
mean B0=104.9547 homogen=33379.1212
mean B0=97.1263 homogen=21596.9598
mean B0=105.2449 homogen=36922.7913
mean B0=89.365 homogen=23142.5029
mean B0=102.6106 homogen=27291.945
mean B0=111.4293 homogen=69643.0615
mean B0=88.924 homogen=3740.045
mean B0=103.0604 homogen=88278.1471
mean B0=93.0855 homogen=6018.9843
mean B0=107.8613 homogen=49835.2952
mean B0=105.625 homogen=38360.2552
mean B0=98.265 homogen=16397.2175
mean B0=93.9768 homogen=36902.9213
mean B0=68.6954 homogen=65584.9796
mean B0=95.1263 homogen=9378.7988
mean B0=105.0399 homogen=55344.2735
mean B0=101.5955 homogen=21876.2107
mean B0=107.912 homogen=44799.6145
mean B0=110.1659 homogen=55362.413
mean B0=110.5835 homogen=52331.6513
mean B0=112.2428 homogen=74864.3214
mean B0=92.3711 homogen=28527.9452
mean B0=111.4379 homogen=65393.325
mean B0=97.3424 homogen=25778.096
mean B0=100.0508 homogen=24264.7272
mean B0=101.4713 homogen=48061.0541
mean B0=71.4476 homogen=80327.6957
mean B0=94.2561 homogen=38236.1867
mean B0=112.0044 homogen=72005.6103
mean B0=64.3153 homogen=288144.8671
mean B0=101.8549 homogen=21989.2664
mean B0=95.9563 homogen=10630.6284
mean B0=96.5108 homogen=42923.9432
mean B0=94.2403 homogen=32679.684
mean B0=109.6562 homogen=58957.3554
mean B0=97.3404 homogen=22655.6818
mean B0=106.7539 homogen=57566.104
mean B0=102.6383 homogen=24845.6793
mean B0=106.1849 homogen=39548.946
mean B0=103.0809 homogen=25268.2536
   266 |    10640 |     40 |  0.000000E+00 |  0.000000E+00 |  0.0027857248 |             f
mean B0=89.2228 homogen=5887.3525
mean B0=91.5854 homogen=4539.1043
mean B0=75.4262 homogen=53985.1648
mean B0=101.3364 homogen=44770.4787
mean B0=101.4682 homogen=23131.6542
mean B0=109.8875 homogen=64711.4914
mean B0=97.3204 homogen=62740.6792
mean B0=65.4781 homogen=66705.044
mean B0=103.8134 homogen=28542.5843
mean B0=107.2055 homogen=41168.3945
mean B0=106.2513 homogen=38971.0658
mean B0=107.9919 homogen=101945.5
mean B0=87.7363 homogen=4741.7473
mean B0=103.4704 homogen=26553.2391
mean B0=94.2454 homogen=7962.13
mean B0=105.6848 homogen=36954.7852
mean B0=103.0913 homogen=25288.0927
mean B0=107.1497 homogen=38651.857
mean B0=102.454 homogen=52815.5164
mean B0=111.635 homogen=69690.2897
mean B0=92.7299 homogen=7923.9391
mean B0=108.1811 homogen=50205.3681
mean B0=108.9325 homogen=60120.7166
mean B0=104.1231 homogen=28936.5908
mean B0=95.5861 homogen=38677.3787
mean B0=101.285 homogen=29551.6231
mean B0=101.105 homogen=23655.0008
mean B0=96.4749 homogen=29470.1934
mean B0=92.3557 homogen=57150.9883
mean B0=99.1714 homogen=18860.7516
mean B0=104.1793 homogen=28912.0869
mean B0=110.3885 homogen=60545.9445
mean B0=92.5247 homogen=7506.3081
mean B0=107.9163 homogen=44808.3881
mean B0=104.003 homogen=28491.3768
mean B0=105.8934 homogen=36828.0168
mean B0=111.9944 homogen=71998.6394
mean B0=100.9701 homogen=22387.6322
mean B0=98.9443 homogen=24952.3513
mean B0=112.2315 homogen=74778.9457
   267 |    10680 |     40 |  0.000000E+00 |  0.000000E+00 |  0.0009865984 |             f
mean B0=105.3929 homogen=37088.3512
mean B0=101.8941 homogen=21692.1116
mean B0=80.9579 homogen=212726.7655
mean B0=90.033 homogen=7949.7491
mean B0=83.7961 homogen=168303.1057
mean B0=105.0008 homogen=33446.0428
mean B0=78.2187 homogen=59580.9586
mean B0=105.3118 homogen=37501.4493
mean B0=94.6002 homogen=8162.7276
mean B0=101.8424 homogen=21943.0681
mean B0=99.9223 homogen=24875.3868
mean B0=92.8577 homogen=5626.995
mean B0=111.5653 homogen=68644.4369
mean B0=107.2282 homogen=41425.203
mean B0=109.9946 homogen=56909.995
mean B0=108.2803 homogen=50742.7365
mean B0=108.2823 homogen=55849.3213
mean B0=103.3318 homogen=26221.5453
mean B0=98.0189 homogen=127954.7829
mean B0=91.539 homogen=94030.2661
mean B0=108.1911 homogen=43035.1268
mean B0=111.8929 homogen=71196.8369
mean B0=105.8744 homogen=61545.7325
mean B0=92.9051 homogen=8715.7904
mean B0=107.851 homogen=44934.3735
mean B0=75.9097 homogen=56225.6987
mean B0=90.3518 homogen=5447.4955
mean B0=91.6789 homogen=175274.6327
mean B0=94.894 homogen=7818.9115
mean B0=102.2714 homogen=23662.403
mean B0=92.4344 homogen=19751.429
mean B0=86.2041 homogen=2933.0105
mean B0=103.0025 homogen=26450.2645
mean B0=108.7383 homogen=50893.543
mean B0=66.1101 homogen=99922.5989
mean B0=98.015 homogen=14659.8276
mean B0=98.7329 homogen=19258.1473
mean B0=108.1376 homogen=100838.6628
mean B0=104.0355 homogen=28594.626
mean B0=108.2355 homogen=46199.0783
   268 |    10720 |     40 |  0.000000E+00 |  0.000000E+00 |  0.0015652077 |             f
mean B0=112.3116 homogen=74457.7957
mean B0=105.8329 homogen=37067.6358
mean B0=107.6672 homogen=40824.8235
mean B0=104.0891 homogen=28619.9182
mean B0=98.0151 homogen=14651.1456
mean B0=99.9652 homogen=20094.9369
mean B0=99.0115 homogen=16988.1598
mean B0=100.6485 homogen=19539.0024
mean B0=93.9662 homogen=30303.0094
mean B0=102.7495 homogen=25062.8258
mean B0=71.5404 homogen=229995.426
mean B0=104.0196 homogen=28525.9952
mean B0=109.9784 homogen=66427.2781
mean B0=80.3367 homogen=13159.8647
mean B0=98.4283 homogen=22580.0253
mean B0=98.1194 homogen=33116.7335
mean B0=112.0026 homogen=71994.3809
mean B0=111.6971 homogen=61497.2387
mean B0=103.3303 homogen=26215.1774
mean B0=111.8 homogen=74259.5724
mean B0=97.6465 homogen=15622.82
mean B0=111.1226 homogen=66929.45
mean B0=104.9253 homogen=35720.4672
mean B0=83.7137 homogen=25099.6733
mean B0=97.208 homogen=12797.4048
mean B0=96.5694 homogen=25463.4099
mean B0=110.3011 homogen=59340.3106
mean B0=110.3887 homogen=60543.6374
mean B0=101.7981 homogen=58549.6672
mean B0=93.0733 homogen=7466.8153
mean B0=104.2034 homogen=73058.2088
mean B0=109.1261 homogen=53109.2005
mean B0=108.365 homogen=43302.6157
mean B0=102.5653 homogen=23006.8353
mean B0=97.7294 homogen=25294.3158
mean B0=107.9683 homogen=77944.0129
mean B0=107.915 homogen=44804.0951
mean B0=111.5189 homogen=68600.3747
mean B0=106.8044 homogen=39324.7987
mean B0=95.0844 homogen=9033.1942
   269 |    10760 |     40 |  0.000000E+00 |  0.000000E+00 |  0.0026362394 |         ideal
mean B0=91.3437 homogen=13582.6146
mean B0=94.0597 homogen=8686.4101
mean B0=92.2286 homogen=19294.212
mean B0=101.9848 homogen=24143.9872
mean B0=95.5548 homogen=26947.7953
mean B0=99.034 homogen=16270.4356
mean B0=107.1174 homogen=40840.6306
mean B0=102.7259 homogen=24962.1386
mean B0=89.0331 homogen=33773.1627
mean B0=110.3029 homogen=59329.7773
mean B0=108.2274 homogen=46111.4061
mean B0=84.3849 homogen=164993.1189
mean B0=110.9784 homogen=65738.3253
mean B0=100.6462 homogen=25530.9715
mean B0=108.2891 homogen=50736.9117
mean B0=100.6152 homogen=20005.9158
mean B0=94.3632 homogen=9565.682
mean B0=110.4004 homogen=60617.6883
mean B0=107.912 homogen=44799.6145
mean B0=104.8579 homogen=35105.6596
mean B0=96.7621 homogen=14624.4341
mean B0=91.1219 homogen=36128.4896
mean B0=100.6573 homogen=29169.4337
mean B0=97.1536 homogen=15724.8024
mean B0=88.0153 homogen=12552.3005
mean B0=112.4952 homogen=75374.9654
mean B0=101.6864 homogen=26636.7497
mean B0=106.3941 homogen=39089.1535
mean B0=106.9483 homogen=44072.6772
mean B0=101.2012 homogen=25732.3315
mean B0=90.7582 homogen=148787.3223
mean B0=69.4754 homogen=83985.6078
mean B0=97.0864 homogen=15450.6008
mean B0=98.6459 homogen=25171.7794
mean B0=90.4764 homogen=12288.9659
mean B0=101.0709 homogen=164222.9135
mean B0=107.4939 homogen=46893.4846
mean B0=104.9428 homogen=33329.2977
mean B0=98.9153 homogen=81236.3088
mean B0=112.1621 homogen=68654.6094
   270 |    10800 |     40 |  0.000000E+00 |  0.000000E+00 |  0.0069838190 |         ideal
mean B0=112.4218 homogen=74708.4945
mean B0=88.4214 homogen=8350.6245
mean B0=99.0316 homogen=16278.8399
mean B0=107.9895 homogen=50918.0905
mean B0=94.4533 homogen=9796.3234
mean B0=112.3119 homogen=74462.172
mean B0=97.3191 homogen=26043.3825
mean B0=88.7634 homogen=4380.2774
mean B0=107.7039 homogen=43157.0295
mean B0=111.8003 homogen=71094.9038
mean B0=97.8706 homogen=15718.795
mean B0=102.2455 homogen=20459.7095
mean B0=98.9588 homogen=16424.9288
mean B0=95.9801 homogen=17902.2919
mean B0=109.9946 homogen=56909.995
mean B0=112.2312 homogen=70102.086
mean B0=105.7516 homogen=36496.2218
mean B0=107.1318 homogen=40906.7029
mean B0=110.6614 homogen=58255.3024
mean B0=111.0802 homogen=66719.1728
mean B0=109.2055 homogen=53514.7052
mean B0=95.6141 homogen=15777.4369
mean B0=99.178 homogen=17672.4697
mean B0=96.2026 homogen=10992.2753
mean B0=109.0368 homogen=52584.6085
mean B0=104.0018 homogen=28488.7804
mean B0=86.4599 homogen=20006.5547
mean B0=86.7372 homogen=93317.0571
mean B0=103.3925 homogen=26246.1321
mean B0=75.6694 homogen=59447.1179
mean B0=98.583 homogen=24361.235
mean B0=103.9065 homogen=30519.9099
mean B0=93.4386 homogen=44652.4152
mean B0=95.0847 homogen=10391.9052
mean B0=101.9848 homogen=24143.9872
mean B0=88.685 homogen=4860.6676
mean B0=97.28 homogen=12929.4528
mean B0=107.897 homogen=44719.3977
mean B0=101.4134 homogen=21670.0311
mean B0=110.8146 homogen=63544.0402
   271 |    10840 |     40 |  0.000000E+00 |  0.000000E+00 |  0.0021508465 |             f
mean B0=101.1455 homogen=23648.6374
mean B0=104.5188 homogen=85914.7353
mean B0=92.2015 homogen=10287.5359
mean B0=106.3343 homogen=37556.8575
mean B0=110.0325 homogen=57377.3073
mean B0=108.2817 homogen=46397.3023
mean B0=95.1994 homogen=13835.7694
mean B0=104.1602 homogen=28997.0387
mean B0=101.7507 homogen=23352.823
mean B0=78.401 homogen=53828.3484
mean B0=109.1123 homogen=53001.9398
mean B0=99.6679 homogen=20755.6806
mean B0=111.8934 homogen=71255.9775
mean B0=102.0516 homogen=22685.1089
mean B0=110.7694 homogen=63311.5674
mean B0=97.8808 homogen=19281.6995
mean B0=88.6342 homogen=3628.4714
mean B0=110.172 homogen=58140.6205
mean B0=100.1378 homogen=23503.8909
mean B0=95.0729 homogen=10323.5566
mean B0=103.0861 homogen=25328.421
mean B0=99.6737 homogen=21742.4758
mean B0=89.492 homogen=8409.3071
mean B0=110.6918 homogen=68083.3885
mean B0=98.989 homogen=16123.7719
mean B0=104.1791 homogen=28912.6686
mean B0=61.3503 homogen=108884.0567
mean B0=95.6986 homogen=22794.3487
mean B0=104.2355 homogen=29245.5043
mean B0=99.0538 homogen=21628.9791
mean B0=108.9746 homogen=43376.4375
mean B0=103.3254 homogen=27358.9881
mean B0=111.8 homogen=71031.8485
mean B0=102.0364 homogen=22652.7419
mean B0=110.3041 homogen=59353.0945
mean B0=107.9205 homogen=74429.8046
mean B0=69.0431 homogen=186245.34
mean B0=105.3254 homogen=42257.7262
mean B0=106.2699 homogen=41307.7603
mean B0=101.9977 homogen=24190.2036
   272 |    10880 |     40 |  0.000000E+00 |  0.000000E+00 |  0.0037506347 |             f
mean B0=104.4551 homogen=29770.2886
mean B0=111.9517 homogen=72656.6901
mean B0=99.1868 homogen=51867.7234
mean B0=95.99 homogen=140277.158
mean B0=93.4083 homogen=6248.7396
mean B0=105.2266 homogen=34462.4091
mean B0=107.7192 homogen=43178.7773
mean B0=111.9799 homogen=71751.7549
mean B0=97.2954 homogen=67599.8982
mean B0=94.0643 homogen=35860.8063
mean B0=97.2187 homogen=25129.9171
mean B0=98.0035 homogen=14620.991
mean B0=102.6104 homogen=27767.3029
mean B0=96.2388 homogen=27152.0956
mean B0=99.031 homogen=16545.8373
mean B0=110.8083 homogen=64351.6237
mean B0=92.0023 homogen=10417.8631
mean B0=96.8204 homogen=28769.1368
mean B0=60.8967 homogen=107862.1874
mean B0=95.8406 homogen=23606.8144
mean B0=82.6993 homogen=18855.6427
mean B0=105.3099 homogen=34687.3165
mean B0=106.7051 homogen=54371.7037
mean B0=102.6746 homogen=26670.0361
mean B0=107.8327 homogen=51226.9476
mean B0=101.754 homogen=23350.8223
mean B0=110.7525 homogen=63296.9467
mean B0=106.3125 homogen=37458.4453
mean B0=108.281 homogen=46394.6873
mean B0=104.0018 homogen=28488.5697
mean B0=104.0262 homogen=57491.1657
mean B0=100.6603 homogen=19551.9246
mean B0=106.2624 homogen=52479.9139
mean B0=91.2465 homogen=17500.4443
mean B0=106.4493 homogen=41969.2239
mean B0=103.3667 homogen=26285.5756
mean B0=91.8311 homogen=17516.6198
mean B0=111.6382 homogen=71869.4029
mean B0=106.1406 homogen=44763.5087
mean B0=100.7676 homogen=21476.394
   273 |    10920 |     40 |  0.000000E+00 |  0.000000E+00 |  0.0009839416 |             f
mean B0=110.3041 homogen=59353.0945
mean B0=99.2817 homogen=21544.1129
mean B0=109.8791 homogen=66194.515
mean B0=107.5609 homogen=45273.153
mean B0=108.3856 homogen=47092.1165
mean B0=106.7424 homogen=37243.2443
mean B0=106.1868 homogen=38264.1467
mean B0=107.0502 homogen=40711.7816
mean B0=109.5589 homogen=55433.8486
mean B0=96.7075 homogen=37783.3192
mean B0=104.9566 homogen=33087.013
mean B0=104.8742 homogen=32901.0179
mean B0=100.224 homogen=22643.5072
mean B0=103.9465 homogen=31211.651
mean B0=76.8143 homogen=41687.5802
mean B0=101.108 homogen=21287.555
mean B0=104.2051 homogen=51224.0625
mean B0=100.6646 homogen=19604.3361
mean B0=93.2447 homogen=7277.0504
mean B0=87.4432 homogen=19809.326
mean B0=110.7525 homogen=63296.9467
mean B0=108.8216 homogen=77220.1536
mean B0=99.031 homogen=16545.8373
mean B0=112.264 homogen=73252.9501
mean B0=112.154 homogen=72874.4528
mean B0=97.5372 homogen=15154.9869
mean B0=109.912 homogen=56615.0137
mean B0=95.0848 homogen=10318.1125
mean B0=103.5036 homogen=26811.1238
mean B0=101.3665 homogen=82173.467
mean B0=107.2775 homogen=41537.5064
mean B0=99.9454 homogen=46632.0819
mean B0=109.3873 homogen=72008.9757
mean B0=87.6168 homogen=10587.9181
mean B0=95.1576 homogen=11448.2161
mean B0=88.6342 homogen=3622.6937
mean B0=97.6654 homogen=21876.5004
mean B0=99.6449 homogen=152377.2052
mean B0=104.0894 homogen=27168.3995
mean B0=97.253 homogen=12895.4406
   274 |    10960 |     40 |  0.000000E+00 |  0.000000E+00 |  0.0040282950 |             f
mean B0=87.1101 homogen=45301.7495
mean B0=99.2144 homogen=22431.1785
mean B0=87.8216 homogen=6384.4538
mean B0=110.2037 homogen=58815.5723
mean B0=111.6633 homogen=70487.5288
mean B0=104.8742 homogen=32901.0179
mean B0=110.986 homogen=63003.89
mean B0=105.3699 homogen=34661.8546
mean B0=95.1561 homogen=10147.5987
mean B0=110.7121 homogen=63093.5213
mean B0=106.9944 homogen=40301.5797
mean B0=96.3558 homogen=28787.9684
mean B0=99.1216 homogen=24509.8973
mean B0=107.0493 homogen=40715.4127
mean B0=90.6923 homogen=5809.9254
mean B0=93.9725 homogen=7346.7787
mean B0=104.0405 homogen=78145.3417
mean B0=83.9407 homogen=143748.5428
mean B0=78.8573 homogen=58860.2004
mean B0=104.4545 homogen=29772.8165
mean B0=94.8443 homogen=10529.8368
mean B0=107.6368 homogen=72779.7787
mean B0=97.3796 homogen=15929.2661
mean B0=104.1008 homogen=28812.7974
mean B0=102.153 homogen=23074.5192
mean B0=108.281 homogen=46394.6873
mean B0=106.1737 homogen=38253.3921
mean B0=105.8294 homogen=36846.5654
mean B0=94.4873 homogen=15455.773
mean B0=112.5346 homogen=75565.2542
mean B0=100.7402 homogen=158892.1902
mean B0=102.2717 homogen=22852.17
mean B0=99.5218 homogen=21194.5103
mean B0=101.6292 homogen=49052.6881
mean B0=94.9563 homogen=13745.2624
mean B0=99.2079 homogen=22402.9389
mean B0=94.428 homogen=31817.0292
mean B0=105.7061 homogen=44731.255
mean B0=108.3764 homogen=47091.9012
mean B0=91.3849 homogen=43072.5201
   275 |    11000 |     40 |  0.000000E+00 |  0.000000E+00 |  0.0026198938 |         nadir
mean B0=99.2536 homogen=16924.1343
mean B0=105.3699 homogen=34661.8105
mean B0=93.248 homogen=7433.7851
mean B0=91.9555 homogen=4281.8388
mean B0=106.3611 homogen=37654.0641
mean B0=94.8586 homogen=60340.1258
mean B0=99.9365 homogen=156163.3202
mean B0=103.5037 homogen=26811.233
mean B0=96.9642 homogen=43220.6624
mean B0=92.6619 homogen=7875.0443
mean B0=111.3717 homogen=68133.8956
mean B0=112.0251 homogen=72937.3972
mean B0=97.1936 homogen=12791.0356
mean B0=95.4578 homogen=11664.0941
mean B0=101.1244 homogen=21332.5065
mean B0=101.0609 homogen=26953.346
mean B0=110.9859 homogen=63003.9861
mean B0=106.3571 homogen=41032.2321
mean B0=107.6903 homogen=40794.2183
mean B0=102.2711 homogen=22847.6512
mean B0=96.2252 homogen=10981.824
mean B0=103.0861 homogen=25328.421
mean B0=88.623 homogen=3669.4182
mean B0=98.6748 homogen=15795.2108
mean B0=107.298 homogen=50456.5441
mean B0=103.638 homogen=27215.472
mean B0=112.4741 homogen=75023.3737
mean B0=111.0062 homogen=76536.3832
mean B0=93.6291 homogen=27136.5622
mean B0=94.1805 homogen=8128.9211
mean B0=106.7435 homogen=39351.4261
mean B0=112.1731 homogen=73139.2041
mean B0=104.889 homogen=32900.1973
mean B0=108.6555 homogen=52952.2788
mean B0=107.202 homogen=93068.7089
mean B0=86.1657 homogen=84574.3382
mean B0=101.8184 homogen=24510.2914
mean B0=98.604 homogen=19973.055
mean B0=108.4321 homogen=55082.2592
mean B0=107.2808 homogen=41530.6587
   276 |    11040 |     40 |  0.000000E+00 |  0.000000E+00 |  0.0020856404 |             f
mean B0=95.8787 homogen=22281.3662
mean B0=93.4467 homogen=6756.2459
mean B0=99.5389 homogen=20357.6471
mean B0=110.5227 homogen=59546.3765
mean B0=109.9673 homogen=57619.7305
mean B0=101.1154 homogen=21281.5451
mean B0=101.6607 homogen=26671.0025
mean B0=104.3706 homogen=24089.7718
mean B0=104.4574 homogen=29784.5628
mean B0=94.0587 homogen=183170.4674
mean B0=102.4469 homogen=26926.4824
mean B0=88.8084 homogen=3934.3183
mean B0=97.208 homogen=12797.4048
mean B0=103.7146 homogen=30781.3365
mean B0=105.547 homogen=48140.1771
mean B0=96.3145 homogen=11243.5199
mean B0=106.6519 homogen=45418.7474
mean B0=104.6631 homogen=33813.462
mean B0=98.7952 homogen=90965.8935
mean B0=97.7437 homogen=14236.9549
mean B0=102.295 homogen=42950.4206
mean B0=91.1131 homogen=4648.8769
mean B0=95.4344 homogen=132473.9709
mean B0=110.0311 homogen=61013.5015
mean B0=87.4487 homogen=117930.9129
mean B0=111.3815 homogen=68241.9127
mean B0=98.6115 homogen=26813.1807
mean B0=102.178 homogen=23083.0802
mean B0=98.6735 homogen=15796.4298
mean B0=103.6195 homogen=27059.9309
mean B0=98.0292 homogen=25776.8147
mean B0=88.7484 homogen=4040.7853
mean B0=109.2055 homogen=53514.7052
mean B0=104.2183 homogen=27906.8129
mean B0=77.0421 homogen=140302.0504
mean B0=110.1852 homogen=58481.5251
mean B0=100.8877 homogen=22003.2749
mean B0=111.4057 homogen=53574.9158
mean B0=100.3858 homogen=46767.1902
mean B0=112.0021 homogen=69321.2369
   277 |    11080 |     40 |  0.000000E+00 |  0.000000E+00 |  0.0026652541 |             f
mean B0=75.3166 homogen=280285.4596
mean B0=97.767 homogen=14255.6335
mean B0=106.1433 homogen=37770.4275
mean B0=103.3863 homogen=67052.9574
mean B0=93.2199 homogen=30651.2414
mean B0=89.6237 homogen=8218.5762
mean B0=104.5514 homogen=30110.8484
mean B0=84.7384 homogen=115216.4763
mean B0=100.3703 homogen=50920.7218
mean B0=93.4338 homogen=6537.9969
mean B0=106.7435 homogen=39351.4261
mean B0=83.2462 homogen=122160.0828
mean B0=98.6748 homogen=15795.2108
mean B0=96.8963 homogen=13947.731
mean B0=109.4723 homogen=55417.1264
mean B0=102.3741 homogen=22170.3621
mean B0=108.3865 homogen=47081.6134
mean B0=92.8577 homogen=5626.4131
mean B0=101.5499 homogen=22315.7665
mean B0=106.792 homogen=39076.1016
mean B0=77.6343 homogen=5183.8219
mean B0=104.4298 homogen=29731.1977
mean B0=112.2889 homogen=74355.0525
mean B0=100.3074 homogen=22216.4787
mean B0=103.0264 homogen=81948.7485
mean B0=77.9117 homogen=149338.9266
mean B0=109.2528 homogen=60717.607
mean B0=100.6499 homogen=49678.5217
mean B0=99.919 homogen=40751.8653
mean B0=103.0499 homogen=25547.3587
mean B0=104.889 homogen=32900.1973
mean B0=97.1933 homogen=12786.309
mean B0=70.1596 homogen=82084.416
mean B0=108.6413 homogen=55282.3979
mean B0=100.7433 homogen=20659.2139
mean B0=100.3254 homogen=19391.7661
mean B0=107.2795 homogen=41541.406
mean B0=78.991 homogen=51291.7352
mean B0=104.8463 homogen=66638.7273
mean B0=89.5036 homogen=21589.9355
   278 |    11120 |     40 |  0.000000E+00 |  0.000000E+00 |  0.0015545752 |             f
mean B0=97.3427 homogen=66277.7608
mean B0=98.041 homogen=30974.5831
mean B0=105.0284 homogen=33388.3271
mean B0=104.064 homogen=28569.2762
mean B0=105.1439 homogen=38184.2673
mean B0=102.5172 homogen=24284.1261
mean B0=101.3898 homogen=22241.8271
mean B0=105.7713 homogen=55295.6421
mean B0=94.3919 homogen=32124.7141
mean B0=99.8317 homogen=21651.0134
mean B0=96.6551 homogen=17160.3526
mean B0=89.2742 homogen=22474.8574
mean B0=93.1616 homogen=6449.4951
mean B0=113.0397 homogen=77563.0852
mean B0=92.889 homogen=169657.2722
mean B0=104.889 homogen=32900.1973
mean B0=107.2309 homogen=49895.3456
mean B0=111.0044 homogen=63171.3501
mean B0=109.677 homogen=66010.0017
mean B0=99.2361 homogen=16807.0036
mean B0=106.792 homogen=39076.1016
mean B0=93.544 homogen=6683.0197
mean B0=103.3245 homogen=31997.1336
mean B0=99.9773 homogen=23601.0223
mean B0=105.4879 homogen=35473.7968
mean B0=90.2811 homogen=6487.9453
mean B0=87.08 homogen=15614.4879
mean B0=97.4412 homogen=33137.4412
mean B0=103.0431 homogen=26420.0188
mean B0=91.9568 homogen=4285.0601
mean B0=94.8998 homogen=10582.6463
mean B0=93.6276 homogen=6912.7941
mean B0=107.3282 homogen=41406.7144
mean B0=105.444 homogen=35273.1745
mean B0=96.2252 homogen=10981.824
mean B0=102.3484 homogen=23185.8954
mean B0=101.0982 homogen=21235.0839
mean B0=95.8967 homogen=11539.8593
mean B0=111.5476 homogen=69057.7777
mean B0=105.4823 homogen=35112.9604
   279 |    11160 |     40 |  0.000000E+00 |  0.000000E+00 |  0.0039321036 |             f
mean B0=79.0438 homogen=56163.9736
mean B0=98.4824 homogen=17626.1817
mean B0=104.8079 homogen=30971.1205
mean B0=95.1561 homogen=10147.5987
mean B0=101.5036 homogen=20973.537
mean B0=103.0861 homogen=25328.421
mean B0=99.1686 homogen=16753.2878
mean B0=112.6674 homogen=76265.0657
mean B0=96.3015 homogen=11212.923
mean B0=104.0624 homogen=28645.7969
mean B0=109.6324 homogen=64300.9234
mean B0=94.185 homogen=8484.4196
mean B0=111.1211 homogen=66938.9406
mean B0=96.8245 homogen=34109.2004
mean B0=91.6532 homogen=4014.9291
mean B0=108.4593 homogen=47406.4718
mean B0=107.2736 homogen=41215.4713
mean B0=100.8816 homogen=20154.6305
mean B0=105.7929 homogen=38469.016
mean B0=109.319 homogen=53762.4378
mean B0=65.1524 homogen=81317.3194
mean B0=99.2546 homogen=21492.7121
mean B0=95.7481 homogen=11284.8936
mean B0=88.924 homogen=3740.045
mean B0=97.6732 homogen=14103.7274
mean B0=112.2889 homogen=74355.0525
mean B0=111.0736 homogen=63140.521
mean B0=107.5754 homogen=42585.326
mean B0=94.1921 homogen=8156.327
mean B0=105.21 homogen=72815.8427
mean B0=100.2061 homogen=27987.0601
mean B0=105.3469 homogen=35503.8588
mean B0=104.5506 homogen=30102.3843
mean B0=99.3667 homogen=36279.011
mean B0=68.47 homogen=97350.2595
mean B0=111.6633 homogen=70487.5288
mean B0=111.0425 homogen=63188.6204
mean B0=85.1409 homogen=9518.5865
mean B0=109.8041 homogen=54484.828
mean B0=105.6232 homogen=35925.6688
   280 |    11200 |     40 |  0.000000E+00 |  0.000000E+00 |  0.0050174020 |         ideal
mean B0=104.8055 homogen=30964.9677
mean B0=105.9959 homogen=42280.2441
mean B0=94.7133 homogen=9641.8069
mean B0=110.2488 homogen=55604.5968
mean B0=96.7395 homogen=38186.0262
mean B0=97.3487 homogen=32661.1613
mean B0=99.4286 homogen=21224.2185
mean B0=112.3483 homogen=74568.7964
mean B0=96.3681 homogen=11379.2196
mean B0=73.3232 homogen=79116.6105
mean B0=93.4375 homogen=6743.3812
mean B0=95.8572 homogen=12979.962
mean B0=100.9626 homogen=18661.8553
mean B0=111.0736 homogen=63140.521
mean B0=107.6953 homogen=43458.6013
mean B0=104.9038 homogen=35986.4117
mean B0=109.376 homogen=51735.6075
mean B0=111.4266 homogen=68397.8195
mean B0=88.7269 homogen=3852.7895
mean B0=106.7921 homogen=39073.5565
mean B0=98.52 homogen=79406.7921
mean B0=100.5304 homogen=23558.263
mean B0=93.1078 homogen=5824.087
mean B0=106.7948 homogen=40086.3443
mean B0=102.3817 homogen=46848.4577
mean B0=91.6579 homogen=4045.3313
mean B0=87.6035 homogen=135159.5173
mean B0=108.3277 homogen=46878.322
mean B0=110.4612 homogen=59091.0846
mean B0=104.3178 homogen=35770.4453
mean B0=91.3898 homogen=6603.2372
mean B0=103.633 homogen=27062.0219
mean B0=108.8103 homogen=56136.7028
mean B0=80.1848 homogen=167055.5986
mean B0=97.0617 homogen=12594.3109
mean B0=101.8103 homogen=26737.9553
mean B0=101.1697 homogen=21498.1155
mean B0=109.4396 homogen=54288.6876
mean B0=88.8318 homogen=3798.5379
mean B0=109.4723 homogen=55419.5293
   281 |    11240 |     40 |  0.000000E+00 |  0.000000E+00 |  0.0011959942 |             f
mean B0=91.3493 homogen=16472.1852
mean B0=100.3459 homogen=19448.2205
mean B0=94.0499 homogen=32043.9817
mean B0=108.3253 homogen=49680.0952
mean B0=106.7992 homogen=64614.3288
mean B0=101.104 homogen=23952.2237
mean B0=105.3913 homogen=33031.0317
mean B0=92.1722 homogen=54787.7134
mean B0=102.3784 homogen=24077.9971
mean B0=111.0721 homogen=63143.0452
mean B0=111.9413 homogen=71884.3606
mean B0=105.976 homogen=37464.4652
mean B0=104.0636 homogen=28632.9893
mean B0=99.654 homogen=22250.3102
mean B0=103.5313 homogen=26884.8664
mean B0=94.9437 homogen=22986.0138
mean B0=110.8739 homogen=58490.8938
mean B0=96.9025 homogen=65010.5055
mean B0=99.3258 homogen=17135.015
mean B0=106.6846 homogen=39125.321
mean B0=91.8417 homogen=11108.1829
mean B0=93.6767 homogen=6912.888
mean B0=102.2056 homogen=64489.0707
mean B0=99.764 homogen=18432.2793
mean B0=99.4364 homogen=22286.4471
mean B0=98.7447 homogen=17467.0846
mean B0=112.0715 homogen=73207.4401
mean B0=99.1694 homogen=26690.7523
mean B0=92.9654 homogen=5664.8444
mean B0=97.6742 homogen=14107.0921
mean B0=112.0091 homogen=72969.5727
mean B0=91.7768 homogen=4174.7913
mean B0=104.8387 homogen=46042.7133
mean B0=100.1428 homogen=30781.7108
mean B0=108.4211 homogen=47048.2174
mean B0=78.2513 homogen=49743.2816
mean B0=93.9282 homogen=8672.4177
mean B0=111.1088 homogen=66814.9589
mean B0=106.2447 homogen=38395.2371
mean B0=103.3185 homogen=26386.3267
   282 |    11280 |     40 |  0.000000E+00 |  0.000000E+00 |  0.0034808218 |             f
mean B0=86.3287 homogen=169327.1328
mean B0=107.2503 homogen=89691.4402
mean B0=110.0261 homogen=56611.1127
mean B0=112.1236 homogen=58976.6932
mean B0=108.6091 homogen=52330.6168
mean B0=105.3664 homogen=37760.7613
mean B0=97.3851 homogen=26074.4957
mean B0=98.0151 homogen=14651.1456
mean B0=107.1928 homogen=41230.2205
mean B0=94.1856 homogen=33917.3866
mean B0=104.281 homogen=30961.6617
mean B0=111.8487 homogen=71154.459
mean B0=113.3438 homogen=52198.6296
mean B0=92.9845 homogen=9482.4172
mean B0=96.2901 homogen=11791.0667
mean B0=106.602 homogen=42920.8182
mean B0=91.7204 homogen=4057.6657
mean B0=111.0964 homogen=66793.4297
mean B0=95.475 homogen=16302.4257
mean B0=102.5907 homogen=26882.2907
mean B0=93.6243 homogen=6786.0435
mean B0=96.6083 homogen=11868.315
mean B0=104.6955 homogen=30754.5099
mean B0=59.2396 homogen=95865.1588
mean B0=102.639 homogen=26062.5975
mean B0=98.8635 homogen=78091.7347
mean B0=104.2204 homogen=61896.2052
mean B0=108.6413 homogen=55282.3979
mean B0=90.2112 homogen=24058.8027
mean B0=83.2375 homogen=153151.8192
mean B0=94.6143 homogen=21831.1941
mean B0=94.6794 homogen=9604.3783
mean B0=100.3475 homogen=19439.369
mean B0=90.5968 homogen=5038.2495
mean B0=104.9482 homogen=29877.3109
mean B0=104.262 homogen=27453.7454
mean B0=105.2237 homogen=32418.7517
mean B0=99.7644 homogen=18399.5199
mean B0=98.4093 homogen=33682.602
mean B0=107.514 homogen=50685.9665
   283 |    11320 |     40 |  0.000000E+00 |  0.000000E+00 |  0.0021075018 |             f
mean B0=107.7192 homogen=43178.7773
mean B0=105.6367 homogen=38183.2269
mean B0=93.1288 homogen=40921.7662
mean B0=111.5849 homogen=55381.9732
mean B0=104.4589 homogen=30015.8792
mean B0=105.0288 homogen=30034.8905
mean B0=108.4631 homogen=47411.6131
mean B0=110.2841 homogen=59086.1021
mean B0=95.4379 homogen=10646.2951
mean B0=91.791 homogen=12811.2033
mean B0=88.2669 homogen=51929.5026
mean B0=91.3172 homogen=4880.6278
mean B0=99.1664 homogen=16749.8911
mean B0=111.6652 homogen=70471.23
mean B0=111.0449 homogen=65163.1245
mean B0=111.8107 homogen=71140.7712
mean B0=108.2926 homogen=53387.898
mean B0=101.3838 homogen=20843.0625
mean B0=100.9875 homogen=21647.4717
mean B0=88.6342 homogen=3622.6937
mean B0=108.3277 homogen=46878.322
mean B0=99.2104 homogen=35343.2847
mean B0=97.7437 homogen=14237.4035
mean B0=85.7636 homogen=3642.9627
mean B0=111.3609 homogen=68068.2487
mean B0=103.0341 homogen=59016.7081
mean B0=95.095 homogen=10114.4791
mean B0=106.9621 homogen=40340.084
mean B0=103.5889 homogen=33333.6263
mean B0=80.7089 homogen=20517.9992
mean B0=104.0067 homogen=29180.8532
mean B0=112.2158 homogen=73823.3573
mean B0=87.092 homogen=114851.4772
mean B0=110.9846 homogen=63015.5692
mean B0=102.4987 homogen=26349.527
mean B0=103.3537 homogen=26446.5245
mean B0=110.3143 homogen=55905.5056
mean B0=92.9131 homogen=5804.8406
mean B0=97.4041 homogen=17376.782
mean B0=89.2404 homogen=26334.3448
   284 |    11360 |     40 |  0.000000E+00 |  0.000000E+00 |  0.0036342946 |             f
mean B0=90.7115 homogen=32270.0614
mean B0=103.4419 homogen=31715.5333
mean B0=109.9163 homogen=49821.3268
mean B0=90.8783 homogen=22071.6182
mean B0=106.6143 homogen=44450.5532
mean B0=101.5056 homogen=21266.3909
mean B0=97.4461 homogen=20481.76
mean B0=93.9854 homogen=30962.3424
mean B0=102.3464 homogen=53615.5053
mean B0=104.6843 homogen=30715.072
mean B0=101.0183 homogen=23902.7498
mean B0=107.1056 homogen=40740.2932
mean B0=102.3405 homogen=25684.9095
mean B0=110.983 homogen=65180.6505
mean B0=99.8234 homogen=20239.5896
mean B0=92.9727 homogen=5761.5415
mean B0=107.6231 homogen=83345.3041
mean B0=103.9441 homogen=85963.9405
mean B0=110.3427 homogen=57644.9782
mean B0=110.2645 homogen=59232.5933
mean B0=104.4965 homogen=52298.912
mean B0=102.5741 homogen=26332.9382
mean B0=91.6532 homogen=4019.4038
mean B0=78.608 homogen=19404.9392
mean B0=103.0008 homogen=28592.4501
mean B0=92.6616 homogen=9919.2385
mean B0=105.239 homogen=56802.8583
mean B0=98.1325 homogen=32536.5811
mean B0=110.6986 homogen=61238.9755
mean B0=107.2029 homogen=41274.4594
mean B0=90.225 homogen=23252.5543
mean B0=108.5276 homogen=59188.6022
mean B0=99.7429 homogen=20740.2342
mean B0=108.3877 homogen=46961.4016
mean B0=95.1458 homogen=30349.3025
mean B0=94.1321 homogen=8009.1107
mean B0=99.3831 homogen=21169.1766
mean B0=94.8189 homogen=34246.9318
mean B0=105.0657 homogen=31874.2703
mean B0=105.9991 homogen=37029.995
   285 |    11400 |     40 |  0.000000E+00 |  0.000000E+00 |  0.0014462962 |             f
mean B0=99.5929 homogen=23792.0258
mean B0=98.9396 homogen=16409.1153
mean B0=111.0449 homogen=65163.1245
mean B0=96.5297 homogen=28169.0076
mean B0=92.2908 homogen=74887.4162
mean B0=102.2551 homogen=25163.8831
mean B0=110.5357 homogen=59574.6798
mean B0=97.0934 homogen=18597.9288
mean B0=97.9967 homogen=24059.31
mean B0=93.9601 homogen=7599.013
mean B0=102.6402 homogen=26061.6895
mean B0=109.0071 homogen=47345.1744
mean B0=98.9395 homogen=27472.3435
mean B0=109.4772 homogen=56175.6999
mean B0=110.4964 homogen=62769.3012
mean B0=81.764 homogen=147323.1352
mean B0=93.2911 homogen=22375.6656
mean B0=107.7192 homogen=43178.7773
mean B0=109.9473 homogen=63142.6735
mean B0=102.3784 homogen=24077.9971
mean B0=103.0473 homogen=67765.2961
mean B0=106.4103 homogen=43112.0087
mean B0=99.1664 homogen=16749.8911
mean B0=107.0239 homogen=52364.5178
mean B0=100.316 homogen=24137.4929
mean B0=97.8136 homogen=31135.7746
mean B0=109.0239 homogen=52560.2393
mean B0=98.015 homogen=14937.0366
mean B0=93.0984 homogen=103748.0086
mean B0=103.5485 homogen=27107.2807
mean B0=81.9981 homogen=165505.3374
mean B0=97.7437 homogen=14237.4035
mean B0=101.4535 homogen=21687.7466
mean B0=97.8254 homogen=70167.7086
mean B0=111.631 homogen=67864.324
mean B0=97.0789 homogen=26791.1189
mean B0=98.8176 homogen=21277.9592
mean B0=110.986 homogen=63003.89
mean B0=93.7963 homogen=11816.3329
mean B0=108.3277 homogen=46878.322
   286 |    11440 |     40 |  0.000000E+00 |  0.000000E+00 |  0.0025670662 |             f
mean B0=89.0478 homogen=4101.4329
mean B0=89.4889 homogen=31661.8392
mean B0=108.4677 homogen=47435.8495
mean B0=103.8098 homogen=27788.5522
mean B0=112.2237 homogen=74108.942
mean B0=105.1452 homogen=42212.6979
mean B0=100.7315 homogen=19748.3099
mean B0=96.795 homogen=13262.1794
mean B0=106.2528 homogen=42449.6137
mean B0=98.466 homogen=25469.5051
mean B0=74.1618 homogen=75401.7601
mean B0=93.8421 homogen=9870.0667
mean B0=104.127 homogen=24663.9966
mean B0=92.0025 homogen=4466.9146
mean B0=99.7624 homogen=18397.2001
mean B0=104.064 homogen=28569.2762
mean B0=111.7371 homogen=67053.3009
mean B0=111.6508 homogen=70450.0464
mean B0=110.0274 homogen=56599.5624
mean B0=92.0231 homogen=7115.5541
mean B0=111.7509 homogen=77036.9643
mean B0=99.1667 homogen=16747.3059
mean B0=108.6043 homogen=52302.8771
mean B0=110.4614 homogen=60040.8231
mean B0=109.4513 homogen=55164.2966
mean B0=102.4541 homogen=26087.6037
mean B0=92.8843 homogen=5536.1092
mean B0=105.6644 homogen=32170.9958
mean B0=103.6658 homogen=30759.9192
mean B0=99.2644 homogen=20287.6918
mean B0=97.0841 homogen=18375.5543
mean B0=88.9295 homogen=5796.0202
mean B0=107.0558 homogen=45446.4817
mean B0=84.8763 homogen=27736.7674
mean B0=108.8106 homogen=56863.3219
mean B0=103.3537 homogen=26446.5245
mean B0=106.0963 homogen=38858.1507
mean B0=99.2705 homogen=141498.8583
mean B0=78.7352 homogen=48241.419
mean B0=96.7714 homogen=29078.9906
   287 |    11480 |     40 |  0.000000E+00 |  0.000000E+00 |  0.0017005853 |             f
mean B0=107.7636 homogen=56820.642
mean B0=86.0716 homogen=8136.3427
mean B0=92.782 homogen=7999.6152
mean B0=108.4463 homogen=47887.4912
mean B0=105.9145 homogen=37244.617
mean B0=110.4868 homogen=62560.3997
mean B0=97.4379 homogen=41282.2298
mean B0=99.4473 homogen=16184.0838
mean B0=89.4705 homogen=8061.1689
mean B0=90.1927 homogen=24276.1662
mean B0=95.9397 homogen=25010.9645
mean B0=108.3282 homogen=46878.9321
mean B0=112.2158 homogen=73823.3573
mean B0=104.2013 homogen=29004.79
mean B0=101.2947 homogen=20520.5058
mean B0=103.9884 homogen=28018.8096
mean B0=110.145 homogen=58121.401
mean B0=97.2199 homogen=65639.1021
mean B0=109.0368 homogen=52584.6085
mean B0=105.7463 homogen=32384.3078
mean B0=90.7553 homogen=24975.1815
mean B0=95.2609 homogen=8359.1017
mean B0=108.7216 homogen=55317.1278
mean B0=91.6236 homogen=4715.9218
mean B0=104.4425 homogen=29806.3031
mean B0=81.1548 homogen=43584.9578
mean B0=99.7902 homogen=20674.7921
mean B0=73.8785 homogen=243452.7788
mean B0=97.2622 homogen=19089.0721
mean B0=88.6772 homogen=3649.6608
mean B0=100.8901 homogen=157307.8126
mean B0=92.9875 homogen=174367.7589
mean B0=83.3852 homogen=28686.0888
mean B0=93.2683 homogen=38649.7501
mean B0=100.8217 homogen=45898.3529
mean B0=102.3274 homogen=25364.7317
mean B0=108.0257 homogen=44644.6755
mean B0=106.7948 homogen=40086.3443
mean B0=100.7315 homogen=19748.3099
mean B0=93.6945 homogen=8107.7329
   288 |    11520 |     40 |  0.000000E+00 |  0.000000E+00 |  0.0024532245 |             f
mean B0=101.6621 homogen=21421.5064
mean B0=102.3784 homogen=24077.9971
mean B0=103.8169 homogen=27765.4761
mean B0=111.6268 homogen=67793.8397
mean B0=112.6634 homogen=76235.8154
mean B0=103.8305 homogen=27184.4908
mean B0=49.3017 homogen=442780.1028
mean B0=108.8074 homogen=56859.9998
mean B0=106.2491 homogen=37173.6067
mean B0=98.1378 homogen=15208.8104
mean B0=80.5694 homogen=167430.9402
mean B0=94.2632 homogen=21833.7404
mean B0=111.0491 homogen=64572.1695
mean B0=99.0584 homogen=40461.1041
mean B0=106.7948 homogen=40086.3443
mean B0=103.1937 homogen=27634.8089
mean B0=103.6746 homogen=27219.4693
mean B0=85.5587 homogen=3942.5435
mean B0=101.8111 homogen=51018.8986
mean B0=110.3385 homogen=57606.8423
mean B0=81.1771 homogen=45348.294
mean B0=92.8843 homogen=5536.1092
mean B0=92.7834 homogen=13939.419
mean B0=75.1141 homogen=65962.1994
mean B0=109.7228 homogen=65481.7071
mean B0=101.4215 homogen=42447.8186
mean B0=109.9459 homogen=35092.2573
mean B0=90.2951 homogen=6514.6561
mean B0=107.4659 homogen=43254.6229
mean B0=97.1511 homogen=11034.2034
mean B0=99.428 homogen=22322.4319
mean B0=104.8587 homogen=31161.6828
mean B0=107.6022 homogen=93747.4748
mean B0=94.4188 homogen=31281.6951
mean B0=106.7948 homogen=40086.3443
mean B0=95.5435 homogen=20258.852
mean B0=112.6069 homogen=76093.3346
mean B0=111.7334 homogen=66006.7353
mean B0=102.104 homogen=23199.0317
mean B0=100.3429 homogen=19456.6906
   289 |    11560 |     40 |  0.000000E+00 |  0.000000E+00 |  0.0036585242 |             f
mean B0=97.9019 homogen=15983.9923
mean B0=104.5115 homogen=30035.8755
mean B0=94.1806 homogen=8606.2296
mean B0=108.8192 homogen=62370.2071
mean B0=88.0456 homogen=11802.3275
mean B0=107.9709 homogen=44567.2326
mean B0=101.2376 homogen=20348.0121
mean B0=111.7368 homogen=70565.8629
mean B0=104.7732 homogen=30854.7898
mean B0=91.3577 homogen=30397.434
mean B0=103.7987 homogen=26241.3771
mean B0=109.9643 homogen=56894.5625
mean B0=111.3824 homogen=52606.9625
mean B0=97.1476 homogen=27009.8481
mean B0=108.833 homogen=54088.0412
mean B0=91.6872 homogen=4084.8714
mean B0=109.9457 homogen=35091.7635
mean B0=106.3006 homogen=38125.766
mean B0=95.1762 homogen=30947.7677
mean B0=94.6887 homogen=8788.7425
mean B0=110.6794 homogen=70668.2727
mean B0=107.6484 homogen=42851.9273
mean B0=95.8546 homogen=11761.2919
mean B0=100.6152 homogen=20958.6624
mean B0=96.4289 homogen=11244.4841
mean B0=104.0594 homogen=67230.2802
mean B0=103.7583 homogen=27522.9746
mean B0=110.6271 homogen=61159.6683
mean B0=104.7258 homogen=25664.9702
mean B0=102.4737 homogen=55862.3246
mean B0=104.4987 homogen=33597.3331
mean B0=62.9302 homogen=132630.0008
mean B0=112.217 homogen=73822.6303
mean B0=100.9691 homogen=55450.1375
mean B0=93.7623 homogen=7151.069
mean B0=88.5935 homogen=3768.2136
mean B0=112.216 homogen=73823.5986
mean B0=102.3381 homogen=26897.7127
mean B0=109.4985 homogen=55259.5514
mean B0=97.9685 homogen=15033.5566
   290 |    11600 |     40 |  0.000000E+00 |  0.000000E+00 |  0.0019943084 |             f
mean B0=108.1525 homogen=61775.3448
mean B0=102.1751 homogen=29051.1016
mean B0=108.8188 homogen=53987.1032
mean B0=101.8148 homogen=50659.2654
mean B0=92.9716 homogen=5847.2699
mean B0=105.8636 homogen=35884.0782
mean B0=111.7453 homogen=68757.8835
mean B0=101.2403 homogen=20341.5013
mean B0=105.4973 homogen=34583.2972
mean B0=96.9737 homogen=18352.6342
mean B0=100.3948 homogen=19327.6548
mean B0=93.7587 homogen=7145.2545
mean B0=103.3233 homogen=29972.8665
mean B0=94.7151 homogen=10764.2706
mean B0=92.5478 homogen=44905.1391
mean B0=86.8121 homogen=18389.414
mean B0=109.8073 homogen=34421.6309
mean B0=95.0729 homogen=10064.4817
mean B0=100.1074 homogen=20098.3033
mean B0=95.8078 homogen=12710.1528
mean B0=100.2316 homogen=29721.0966
mean B0=105.439 homogen=40873.6431
mean B0=105.4055 homogen=33094.1299
mean B0=102.8877 homogen=26092.8272
mean B0=60.3214 homogen=102021.2751
mean B0=104.1867 homogen=29308.3105
mean B0=106.7649 homogen=39952.2037
mean B0=108.0059 homogen=44574.7125
mean B0=110.2783 homogen=62507.1282
mean B0=102.5667 homogen=24853.5119
mean B0=100.8012 homogen=22213.4317
mean B0=104.446 homogen=29820.5265
mean B0=107.8533 homogen=47535.8168
mean B0=94.9963 homogen=23120.0051
mean B0=96.0469 homogen=59294.026
mean B0=101.7566 homogen=47051.9628
mean B0=110.1134 homogen=57203.2592
mean B0=111.76 homogen=70664.9546
mean B0=94.1184 homogen=8114.0027
mean B0=85.6931 homogen=18458.8334
   291 |    11640 |     40 |  0.000000E+00 |  0.000000E+00 |  0.0033989164 |             f
mean B0=111.7525 homogen=70670.5026
mean B0=104.9805 homogen=40909.564
mean B0=93.8536 homogen=41775.1844
mean B0=98.275 homogen=48639.6947
mean B0=102.4325 homogen=26168.5113
mean B0=93.5793 homogen=179117.4945
mean B0=94.9831 homogen=9796.1869
mean B0=108.2334 homogen=48876.673
mean B0=111.6381 homogen=67813.5164
mean B0=107.6823 homogen=44265.1048
mean B0=75.6733 homogen=59097.6829
mean B0=95.095 homogen=10114.4791
mean B0=103.157 homogen=26704.5485
mean B0=87.3042 homogen=5752.1336
mean B0=108.8128 homogen=53984.7918
mean B0=94.3894 homogen=25911.8652
mean B0=113.3368 homogen=58929.1594
mean B0=98.47 homogen=15575.0038
mean B0=111.2104 homogen=60931.1653
mean B0=76.2746 homogen=243778.7622
mean B0=98.2543 homogen=75127.9124
mean B0=98.1271 homogen=23338.809
mean B0=100.9106 homogen=20554.2027
mean B0=97.8335 homogen=18743.9937
mean B0=105.3015 homogen=32884.0402
mean B0=103.9047 homogen=27994.0615
mean B0=96.3176 homogen=11218.6485
mean B0=107.5282 homogen=42306.8437
mean B0=95.8849 homogen=17457.1106
mean B0=100.6684 homogen=20171.1653
mean B0=87.3764 homogen=136587.349
mean B0=104.1867 homogen=29308.3105
mean B0=107.5322 homogen=46543.196
mean B0=104.3914 homogen=29661.4278
mean B0=91.665 homogen=4003.6096
mean B0=91.5577 homogen=23776.1004
mean B0=112.6635 homogen=76220.2519
mean B0=94.1907 homogen=8147.6494
mean B0=92.4204 homogen=36223.2931
mean B0=91.7892 homogen=4249.662
   292 |    11680 |     40 |  0.000000E+00 |  0.000000E+00 |  0.0010443482 |             f
mean B0=101.7091 homogen=27901.7084
mean B0=103.4237 homogen=30289.441
mean B0=108.3979 homogen=57367.5311
mean B0=107.1903 homogen=40647.0573
mean B0=103.4173 homogen=26278.5285
mean B0=96.4739 homogen=13809.8286
mean B0=108.8679 homogen=53640.9714
mean B0=112.2592 homogen=74013.2336
mean B0=94.2048 homogen=8212.3332
mean B0=103.9126 homogen=28021.7774
mean B0=99.2686 homogen=25968.4949
mean B0=106.6711 homogen=23231.8457
mean B0=107.2466 homogen=57917.2471
mean B0=105.3015 homogen=32884.0402
mean B0=86.4989 homogen=6618.0759
mean B0=101.4621 homogen=21421.4842
mean B0=98.1531 homogen=26322.7371
mean B0=98.3124 homogen=26005.8794
mean B0=97.2717 homogen=27399.2182
mean B0=112.217 homogen=73822.6303
mean B0=102.6801 homogen=24894.4949
mean B0=99.6732 homogen=53177.6186
mean B0=102.7622 homogen=24541.4132
mean B0=106.2925 homogen=37863.0462
mean B0=98.8362 homogen=46120.6152
mean B0=94.5013 homogen=16121.2774
mean B0=111.7226 homogen=71100.6115
mean B0=111.0786 homogen=63311.5991
mean B0=96.2117 homogen=10930.038
mean B0=102.5602 homogen=24841.7133
mean B0=95.3473 homogen=43098.773
mean B0=110.7921 homogen=55197.8261
mean B0=99.1845 homogen=22253.9664
mean B0=96.2115 homogen=10981.2704
mean B0=100.9176 homogen=162264.5723
mean B0=79.2742 homogen=47532.4235
mean B0=93.3926 homogen=18035.3671
mean B0=108.0545 homogen=58057.532
mean B0=105.0454 homogen=30284.858
mean B0=88.1713 homogen=21779.9551
   293 |    11720 |     40 |  0.000000E+00 |  0.000000E+00 |  0.0029666187 |             f
mean B0=92.9727 homogen=5761.6638
mean B0=110.075 homogen=57400.3914
mean B0=103.4173 homogen=26278.8629
mean B0=102.7622 homogen=24541.4132
mean B0=112.2796 homogen=74160.2998
mean B0=107.4873 homogen=70322.311
mean B0=111.8032 homogen=70642.928
mean B0=103.4134 homogen=27266.4972
mean B0=107.54 homogen=43510.3768
mean B0=97.7114 homogen=15229.5156
mean B0=100.358 homogen=24909.4762
mean B0=94.4962 homogen=8647.8942
mean B0=95.0801 homogen=11711.6973
mean B0=94.0744 homogen=40582.7323
mean B0=106.3006 homogen=38123.867
mean B0=112.6116 homogen=75836.8093
mean B0=106.1983 homogen=37696.867
mean B0=108.0485 homogen=57792.1309
mean B0=95.1246 homogen=11323.6963
mean B0=89.019 homogen=143871.8546
mean B0=100.3475 homogen=19439.369
mean B0=101.5636 homogen=21452.8497
mean B0=110.0275 homogen=56599.5362
mean B0=91.7892 homogen=4249.662
mean B0=107.5076 homogen=42208.9362
mean B0=97.8165 homogen=24876.5923
mean B0=105.4566 homogen=34509.3046
mean B0=95.8811 homogen=12761.7773
mean B0=103.0517 homogen=26209.7598
mean B0=106.379 homogen=38930.5778
mean B0=70.8043 homogen=87905.6723
mean B0=97.8448 homogen=14784.0983
mean B0=104.2928 homogen=29319.9192
mean B0=99.1581 homogen=16703.2214
mean B0=108.8681 homogen=53642.0028
mean B0=87.2703 homogen=4045.0185
mean B0=98.0911 homogen=15068.9246
mean B0=86.5496 homogen=5756.1814
mean B0=90.7474 homogen=5042.9367
mean B0=110.6984 homogen=61241.2541
   294 |    11760 |     40 |  0.000000E+00 |  0.000000E+00 |  0.0011543931 |             f
mean B0=99.1308 homogen=16693.0841
mean B0=93.982 homogen=8152.9424
mean B0=99.5405 homogen=18857.8294
mean B0=101.2672 homogen=22114.2993
mean B0=103.4455 homogen=26506.8904
mean B0=99.1581 homogen=16703.2214
mean B0=110.2997 homogen=53746.7479
mean B0=108.8074 homogen=56859.9998
mean B0=104.8385 homogen=31162.5962
mean B0=101.7335 homogen=26326.1223
mean B0=91.2155 homogen=12710.03
mean B0=108.1323 homogen=45199.4754
mean B0=103.4173 homogen=26278.5285
mean B0=102.9276 homogen=25904.3749
mean B0=97.2711 homogen=16575.6273
mean B0=96.1191 homogen=11176.3568
mean B0=105.956 homogen=42433.5783
mean B0=91.8801 homogen=4867.4653
mean B0=98.6613 homogen=23876.9677
mean B0=93.6087 homogen=177006.7395
mean B0=108.4952 homogen=47474.1176
mean B0=97.7483 homogen=70119.3985
mean B0=96.6997 homogen=13230.4422
mean B0=100.5613 homogen=19730.4525
mean B0=112.6335 homogen=76036.6571
mean B0=106.1983 homogen=37696.867
mean B0=94.9831 homogen=9796.1869
mean B0=91.2311 homogen=7224.4088
mean B0=109.3391 homogen=56215.501
mean B0=103.5703 homogen=29010.7234
mean B0=91.7739 homogen=10460.9066
mean B0=99.6279 homogen=41714.8288
mean B0=105.4973 homogen=34583.2972
mean B0=88.1624 homogen=132861.9102
mean B0=104.9685 homogen=31899.2915
mean B0=97.793 homogen=11765.8886
mean B0=86.3712 homogen=5186.4139
mean B0=109.8568 homogen=55489.9578
mean B0=106.8838 homogen=77994.4937
mean B0=112.6609 homogen=76209.0485
   295 |    11800 |     40 |  0.000000E+00 |  0.000000E+00 |  0.0040933688 |             f
mean B0=99.8649 homogen=38739.5384
mean B0=96.8288 homogen=11885.0984
mean B0=101.9595 homogen=26170.6391
mean B0=92.7466 homogen=5707.4164
mean B0=103.0744 homogen=56535.9349
mean B0=108.2315 homogen=52621.8077
mean B0=104.6355 homogen=29030.6354
mean B0=105.3165 homogen=36471.294
mean B0=101.5049 homogen=21271.9162
mean B0=93.4445 homogen=24050.0555
mean B0=111.0786 homogen=63310.8921
mean B0=99.7003 homogen=19653.7834
mean B0=97.3794 homogen=26607.6327
mean B0=94.5132 homogen=8659.8607
mean B0=93.1309 homogen=68927.5702
mean B0=102.9452 homogen=26275.4322
mean B0=96.2116 homogen=10930.0048
mean B0=88.9311 homogen=3719.432
mean B0=90.8347 homogen=20986.2354
mean B0=91.8424 homogen=28273.6176
mean B0=102.1899 homogen=20826.3953
mean B0=99.9222 homogen=31521.3325
mean B0=101.5932 homogen=21955.4636
mean B0=108.4257 homogen=52132.733
mean B0=108.4936 homogen=47477.7071
mean B0=110.7737 homogen=58238.8963
mean B0=97.5511 homogen=79742.2641
mean B0=102.3451 homogen=22093.2225
mean B0=99.5421 homogen=18870.57
mean B0=106.1239 homogen=50836.7039
mean B0=81.1591 homogen=43658.5004
mean B0=103.8435 homogen=31904.1428
mean B0=98.6691 homogen=17659.4584
mean B0=93.5144 homogen=6742.1305
mean B0=103.0765 homogen=27906.3712
mean B0=101.8124 homogen=49009.4688
mean B0=107.556 homogen=43818.3275
mean B0=103.5519 homogen=29073.5969
mean B0=106.8465 homogen=45859.5729
mean B0=93.6969 homogen=37132.0352
   296 |    11840 |     40 |  0.000000E+00 |  0.000000E+00 |  0.0024547721 |             f
mean B0=92.8492 homogen=6102.9118
mean B0=95.5263 homogen=11780.9985
mean B0=103.5668 homogen=28997.5533
mean B0=99.0671 homogen=31308.2866
mean B0=96.8248 homogen=9992.0711
mean B0=83.3382 homogen=119342.7824
mean B0=101.5161 homogen=21293.3343
mean B0=95.9496 homogen=53779.6445
mean B0=103.4262 homogen=28446.6281
mean B0=111.4321 homogen=62179.1061
mean B0=97.3097 homogen=13458.9575
mean B0=99.0652 homogen=153715.8084
mean B0=96.3379 homogen=24474.3354
mean B0=108.0257 homogen=44644.6755
mean B0=112.6293 homogen=75746.7258
mean B0=102.074 homogen=23093.7806
mean B0=110.6984 homogen=61246.4057
mean B0=111.0978 homogen=64848.6127
mean B0=108.3203 homogen=53005.4026
mean B0=112.6175 homogen=72866.8311
mean B0=102.9557 homogen=27756.7725
mean B0=107.7558 homogen=59220.9864
mean B0=107.0458 homogen=45010.3738
mean B0=98.0915 homogen=17590.8675
mean B0=85.9116 homogen=3884.639
mean B0=94.9831 homogen=9796.1869
mean B0=94.19 homogen=8152.6008
mean B0=94.2816 homogen=25255.2196
mean B0=101.2023 homogen=22444.2044
mean B0=88.6939 homogen=4755.0833
mean B0=110.0254 homogen=57121.6768
mean B0=110.4117 homogen=59184.2547
mean B0=103.3169 homogen=52045.4538
mean B0=102.9276 homogen=25904.3749
mean B0=89.2425 homogen=146949.5577
mean B0=98.1664 homogen=15284.1863
mean B0=111.6266 homogen=67797.2588
mean B0=110.3136 homogen=57780.1798
mean B0=105.7528 homogen=34052.2925
mean B0=100.2417 homogen=19193.1765
   297 |    11880 |     40 |  0.000000E+00 |  0.000000E+00 |  0.0031466060 |             f
mean B0=78.5484 homogen=136936.4375
mean B0=102.0992 homogen=23188.6742
mean B0=105.4964 homogen=34578.4417
mean B0=100.5022 homogen=19890.5687
mean B0=92.2736 homogen=12741.9452
mean B0=105.3674 homogen=33992.8048
mean B0=91.6488 homogen=49806.9127
mean B0=103.5449 homogen=28892.8672
mean B0=112.5071 homogen=74957.4536
mean B0=94.7984 homogen=44936.0216
mean B0=82.0748 homogen=30385.894
mean B0=100.2418 homogen=19191.2996
mean B0=106.6554 homogen=43029.3836
mean B0=95.4987 homogen=19265.9271
mean B0=112.2124 homogen=74149.4399
mean B0=111.5777 homogen=67268.9898
mean B0=101.4501 homogen=25653.5906
mean B0=111.4393 homogen=63706.0565
mean B0=109.8569 homogen=55490.0381
mean B0=110.1546 homogen=67416.3344
mean B0=92.8574 homogen=5600.4528
mean B0=96.2161 homogen=10934.5044
mean B0=108.1318 homogen=45200.6655
mean B0=112.2503 homogen=72968.98
mean B0=90.887 homogen=15294.5012
mean B0=101.4251 homogen=23739.4052
mean B0=102.4486 homogen=24036.9571
mean B0=92.2884 homogen=38560.5681
mean B0=91.8893 homogen=4918.1039
mean B0=111.0786 homogen=63310.8921
mean B0=99.1308 homogen=16693.0841
mean B0=107.1894 homogen=40643.6426
mean B0=99.0395 homogen=17125.8381
mean B0=95.3838 homogen=12001.6493
mean B0=105.3412 homogen=32891.3558
mean B0=105.5089 homogen=34663.9763
mean B0=101.9397 homogen=73103.8965
mean B0=96.793 homogen=13182.2854
mean B0=93.4418 homogen=96086.8996
mean B0=107.9827 homogen=41953.7426
   298 |    11920 |     40 |  0.000000E+00 |  0.000000E+00 |  0.0011665278 |             f
mean B0=98.3843 homogen=22436.4019
mean B0=93.5526 homogen=6822.1314
mean B0=110.7213 homogen=61402.1111
mean B0=88.6342 homogen=3622.6937
mean B0=94.9762 homogen=9779.7273
mean B0=101.7827 homogen=22233.0803
mean B0=107.9014 homogen=39602.0284
mean B0=109.8569 homogen=55490.0381
mean B0=102.7174 homogen=57126.1736
mean B0=103.8677 homogen=32419.7397
mean B0=92.4628 homogen=8779.6873
mean B0=96.7838 homogen=13167.9382
mean B0=107.1536 homogen=40487.8616
mean B0=110.4152 homogen=65389.7245
mean B0=94.7942 homogen=44926.1988
mean B0=100.2676 homogen=24620.3106
mean B0=97.3931 homogen=14462.6961
mean B0=86.0458 homogen=34796.3013
mean B0=107.1239 homogen=40303.7378
mean B0=102.6156 homogen=29965.7818
mean B0=94.6211 homogen=32602.7955
mean B0=100.5196 homogen=19877.1931
mean B0=108.1099 homogen=45084.6087
mean B0=103.5449 homogen=28892.8672
mean B0=97.8515 homogen=14797.9219
mean B0=93.9381 homogen=7535.6255
mean B0=101.328 homogen=23479.0114
mean B0=109.8568 homogen=55489.9578
mean B0=112.1574 homogen=72982.5271
mean B0=102.9042 homogen=25511.3882
mean B0=93.4568 homogen=6598.5648
mean B0=99.5522 homogen=16642.1486
mean B0=109.9317 homogen=59947.1027
mean B0=56.5843 homogen=286269.7734
mean B0=111.0952 homogen=64834.7841
mean B0=91.2055 homogen=15138.5703
mean B0=110.4859 homogen=56892.8698
mean B0=111.9757 homogen=75851.3768
mean B0=76.3116 homogen=25707.576
mean B0=71.9855 homogen=80054.8273
   299 |    11960 |     40 |  0.000000E+00 |  0.000000E+00 |  0.0027329104 |             f
mean B0=107.2461 homogen=40902.5186
mean B0=103.7419 homogen=43680.5655
mean B0=98.3906 homogen=21212.5521
mean B0=90.2951 homogen=6514.6561
mean B0=109.8567 homogen=55492.9879
mean B0=102.9276 homogen=25904.3749
mean B0=97.0634 homogen=12596.2427
mean B0=94.9586 homogen=25365.2932
mean B0=102.4012 homogen=24189.7948
mean B0=112.4193 homogen=76301.0092
mean B0=111.5645 homogen=67254.4083
mean B0=99.9664 homogen=170571.919
mean B0=99.7643 homogen=39784.2946
mean B0=112.1445 homogen=72447.6267
mean B0=97.3944 homogen=14457.2322
mean B0=99.9029 homogen=21646.8873
mean B0=103.8544 homogen=31879.1807
mean B0=109.5716 homogen=38754.197
mean B0=94.5892 homogen=10074.7378
mean B0=104.8013 homogen=30976.3816
mean B0=104.7911 homogen=34387.896
mean B0=91.3052 homogen=19133.5696
mean B0=97.7532 homogen=23976.2763
mean B0=105.3893 homogen=36753.579
mean B0=111.0955 homogen=64836.3901
mean B0=91.3688 homogen=10821.69
mean B0=96.2104 homogen=10924.6284
mean B0=91.7561 homogen=20100.7514
mean B0=94.2293 homogen=7996.9735
mean B0=101.1305 homogen=21389.9013
mean B0=105.5208 homogen=34683.8599
mean B0=108.228 homogen=43111.0037
mean B0=95.7093 homogen=13622.5394
mean B0=110.8257 homogen=61907.9373
mean B0=102.2998 homogen=21952.421
mean B0=95.1821 homogen=10293.4225
mean B0=108.5703 homogen=52469.8615
mean B0=101.045 homogen=20451.2335
mean B0=104.3083 homogen=32125.5313
mean B0=99.5984 homogen=18337.9831
   300 |    12000 |     40 |  0.000000E+00 |  0.000000E+00 |  0.0030814137 |             f
mean B0=109.3453 homogen=54986.8704
mean B0=101.0467 homogen=20446.7322
mean B0=110.4123 homogen=59184.0387
mean B0=90.5281 homogen=5715.765
mean B0=112.8203 homogen=61395.2902
mean B0=103.1624 homogen=28839.0697
mean B0=111.5799 homogen=67245.6505
mean B0=108.4542 homogen=54978.9386
mean B0=99.5536 homogen=18182.2779
mean B0=110.4497 homogen=58399.4874
mean B0=89.4794 homogen=10040.7678
mean B0=102.5839 homogen=27330.3131
mean B0=96.2006 homogen=11759.4758
mean B0=58.1096 homogen=420586.6175
mean B0=107.6717 homogen=40539.0729
mean B0=110.786 homogen=64804.0961
mean B0=92.9091 homogen=5704.3322
mean B0=103.3312 homogen=63545.7228
mean B0=88.6224 homogen=4868.9973
mean B0=107.2468 homogen=40901.0591
mean B0=111.3042 homogen=66341.1818
mean B0=113.9112 homogen=64414.955
mean B0=107.0069 homogen=42230.0877
mean B0=101.727 homogen=26992.1798
mean B0=103.829 homogen=27697.1324
mean B0=99.81 homogen=19683.6635
mean B0=100.2401 homogen=19205.7399
mean B0=103.7015 homogen=25995.6359
mean B0=91.6084 homogen=3914.1148
mean B0=107.4208 homogen=42007.7372
mean B0=89.9927 homogen=40224.6995
mean B0=99.4021 homogen=22886.1888
mean B0=91.7524 homogen=135949.2629
mean B0=96.2104 homogen=10924.6284
mean B0=102.6001 homogen=26592.6256
mean B0=102.6735 homogen=24857.4708
mean B0=95.8328 homogen=44807.4519
mean B0=99.4565 homogen=23297.223
mean B0=97.3479 homogen=15436.3358
mean B0=107.192 homogen=40657.0087
   301 |    12040 |     40 |  0.000000E+00 |  0.000000E+00 |  0.0026726641 |             f
mean B0=104.813 homogen=31006.1008
mean B0=95.9797 homogen=10391.2518
mean B0=96.5441 homogen=14418.7545
mean B0=99.2449 homogen=25245.8128
mean B0=110.2717 homogen=57217.1389
mean B0=106.4504 homogen=42361.6867
mean B0=108.3044 homogen=53156.3193
mean B0=105.2293 homogen=32396.0748
mean B0=87.6629 homogen=92943.8136
mean B0=103.0024 homogen=27618.9855
mean B0=91.615 homogen=5644.4225
mean B0=84.8728 homogen=31799.8913
mean B0=111.3758 homogen=67612.6005
mean B0=98.1737 homogen=15301.0595
mean B0=94.0712 homogen=26464.0898
mean B0=108.6127 homogen=53804.5018
mean B0=88.9139 homogen=5368.1204
mean B0=105.4804 homogen=34512.6743
mean B0=111.3866 homogen=62683.3312
mean B0=107.4966 homogen=42269.959
mean B0=96.0107 homogen=11565.5152
mean B0=111.0988 homogen=64101.4866
mean B0=105.5158 homogen=35529.2178
mean B0=97.0396 homogen=168630.0263
mean B0=105.4732 homogen=33614.6346
mean B0=88.9882 homogen=18477.0907
mean B0=99.3612 homogen=16223.3198
mean B0=97.0421 homogen=43483.1082
mean B0=82.5647 homogen=122628.0128
mean B0=99.4555 homogen=217139.6323
mean B0=108.6461 homogen=48153.7905
mean B0=109.7418 homogen=60575.0781
mean B0=100.6041 homogen=20342.878
mean B0=99.8618 homogen=25816.6578
mean B0=98.7919 homogen=26862.845
mean B0=102.0099 homogen=22636.811
mean B0=107.5672 homogen=48502.8646
mean B0=106.4195 homogen=39088.6948
mean B0=101.808 homogen=23550.6388
mean B0=109.7788 homogen=55212.1429
   302 |    12080 |     40 |  0.000000E+00 |  0.000000E+00 |  0.0024900776 |             f
mean B0=92.6674 homogen=20771.43
mean B0=88.3047 homogen=21169.4726
mean B0=92.9224 homogen=5558.2933
mean B0=96.0594 homogen=61985.5025
mean B0=103.1324 homogen=27979.6801
mean B0=102.8917 homogen=25532.5877
mean B0=101.0466 homogen=20446.5686
mean B0=110.2436 homogen=74087.4274
mean B0=104.8097 homogen=30981.7808
mean B0=110.3765 homogen=57918.6525
mean B0=105.4156 homogen=34859.664
mean B0=108.6308 homogen=47903.6979
mean B0=107.4989 homogen=42249.7172
mean B0=109.3454 homogen=54988.7972
mean B0=92.7475 homogen=9440.8878
mean B0=93.3034 homogen=6133.951
mean B0=103.5597 homogen=46911.6091
mean B0=111.5799 homogen=67245.6505
mean B0=80.6761 homogen=46588.2962
mean B0=104.4869 homogen=37119.3512
mean B0=104.7058 homogen=30590.7172
mean B0=93.6302 homogen=23597.8364
mean B0=94.2015 homogen=7911.1066
mean B0=103.3179 homogen=25909.5896
mean B0=105.9786 homogen=68873.408
mean B0=103.1647 homogen=43136.8492
mean B0=100.242 homogen=19191.2347
mean B0=88.8038 homogen=5241.7019
mean B0=106.7327 homogen=43330.7586
mean B0=103.9 homogen=27936.0972
mean B0=112.1067 homogen=73120.1547
mean B0=107.0555 homogen=40230.1334
mean B0=101.7805 homogen=22249.3735
mean B0=97.0621 homogen=12597.8071
mean B0=85.9869 homogen=12922.722
mean B0=95.9884 homogen=10414.7414
mean B0=99.9589 homogen=28303.011
mean B0=110.759 homogen=61707.577
mean B0=99.1019 homogen=16659.2945
mean B0=108.0257 homogen=44644.6755
   303 |    12120 |     40 |  0.000000E+00 |  0.000000E+00 |  0.0025610581 |             f
mean B0=104.9594 homogen=31409.4673
mean B0=107.7562 homogen=43474.0562
mean B0=110.2916 homogen=57287.4734
mean B0=78.4486 homogen=49438.6269
mean B0=100.0856 homogen=27016.7009
mean B0=101.4542 homogen=22767.297
mean B0=107.4989 homogen=42249.7172
mean B0=93.4953 homogen=100548.237
mean B0=102.1854 homogen=51619.708
mean B0=90.0804 homogen=43867.0501
mean B0=106.7659 homogen=55128.4975
mean B0=71.9497 homogen=85424.9017
mean B0=91.9677 homogen=12423.2509
mean B0=91.8961 homogen=7313.6668
mean B0=84.9819 homogen=184401.8388
mean B0=92.8987 homogen=5525.313
mean B0=90.0299 homogen=40531.1659
mean B0=107.4188 homogen=56880.5439
mean B0=108.4987 homogen=47505.9592
mean B0=95.1812 homogen=11949.2387
mean B0=100.871 homogen=157448.8563
mean B0=108.7643 homogen=48628.8124
mean B0=103.8982 homogen=27947.9712
mean B0=80.8918 homogen=62843.0566
mean B0=97.3146 homogen=21309.4894
mean B0=111.6453 homogen=65198.423
mean B0=99.1019 homogen=16659.2945
mean B0=94.2291 homogen=7991.6805
mean B0=108.8681 homogen=53642.0028
mean B0=111.0868 homogen=63985.7628
mean B0=102.7579 homogen=29389.9583
mean B0=95.8255 homogen=24932.4654
mean B0=83.0235 homogen=12409.0461
mean B0=111.2008 homogen=65989.8756
mean B0=83.3599 homogen=215659.1841
mean B0=95.0087 homogen=9867.6648
mean B0=99.3394 homogen=22034.7662
mean B0=100.8496 homogen=22781.2802
mean B0=110.864 homogen=62117.1339
mean B0=97.433 homogen=14270.8632
   304 |    12160 |     40 |  0.000000E+00 |  0.000000E+00 |  0.0010057806 |             f
mean B0=102.4439 homogen=24022.9868
mean B0=86.704 homogen=167004.4765
mean B0=86.3831 homogen=3911.3225
mean B0=110.7208 homogen=61393.4912
mean B0=93.1093 homogen=5831.8708
mean B0=112.3162 homogen=70621.0278
mean B0=90.8396 homogen=27727.5638
mean B0=105.5329 homogen=34647.1198
mean B0=91.9412 homogen=59740.3191
mean B0=112.2503 homogen=72970.329
mean B0=109.7827 homogen=63902.7106
mean B0=101.8466 homogen=22345.3692
mean B0=107.5718 homogen=43070.9942
mean B0=99.1651 homogen=16836.8158
mean B0=110.2717 homogen=57217.1389
mean B0=103.5164 homogen=29298.8408
mean B0=99.1308 homogen=16692.0027
mean B0=90.3014 homogen=24101.1736
mean B0=104.9762 homogen=31483.3499
mean B0=71.4865 homogen=87280.2349
mean B0=109.3498 homogen=55004.5661
mean B0=99.1019 homogen=16659.2945
mean B0=88.8784 homogen=5483.473
mean B0=95.0085 homogen=9867.7978
mean B0=92.7464 homogen=6454.8293
mean B0=108.3558 homogen=53627.9096
mean B0=108.5376 homogen=47548.5589
mean B0=113.2969 homogen=58539.553
mean B0=100.3793 homogen=20280.1698
mean B0=96.2159 homogen=10935.5045
mean B0=103.5278 homogen=26269.3009
mean B0=93.7123 homogen=7955.9938
mean B0=91.7387 homogen=4000.5618
mean B0=103.3295 homogen=20895.3639
mean B0=107.0555 homogen=40230.1334
mean B0=96.5244 homogen=38567.5362
mean B0=104.9624 homogen=31421.703
mean B0=100.3035 homogen=20802.2294
mean B0=110.1661 homogen=56517.2509
mean B0=98.7959 homogen=22745.7071
   305 |    12200 |     40 |  0.000000E+00 |  0.000000E+00 |  0.0014604340 |             f
mean B0=89.3143 homogen=5450.05
mean B0=108.1674 homogen=49724.3795
mean B0=112.2474 homogen=72960.2422
mean B0=101.5416 homogen=25419.8696
mean B0=103.2526 homogen=56708.8527
mean B0=101.3964 homogen=22501.8627
mean B0=99.7229 homogen=36781.2582
mean B0=97.4131 homogen=14393.3487
mean B0=77.0219 homogen=34823.6316
mean B0=103.3163 homogen=25928.5503
mean B0=104.3017 homogen=28535.6757
mean B0=101.0331 homogen=51417.8194
mean B0=102.2012 homogen=23230.4726
mean B0=99.6355 homogen=22028.0891
mean B0=95.3247 homogen=12222.5255
mean B0=103.5365 homogen=28702.2123
mean B0=94.0624 homogen=40539.321
mean B0=90.7685 homogen=29058.1302
mean B0=107.737 homogen=43397.0928
mean B0=92.5105 homogen=7917.7975
mean B0=109.7563 homogen=62680.1344
mean B0=102.7855 homogen=24868.4483
mean B0=108.7629 homogen=48622.9463
mean B0=100.9962 homogen=53861.7749
mean B0=103.8588 homogen=30472.2411
mean B0=104.5974 homogen=29330.8595
mean B0=91.719 homogen=5314.9126
mean B0=111.1956 homogen=60013.3989
mean B0=99.8213 homogen=21160.4135
mean B0=96.6605 homogen=37829.422
mean B0=108.8681 homogen=53642.0028
mean B0=108.4952 homogen=47474.1176
mean B0=98.1886 homogen=13903.7527
mean B0=100.6847 homogen=30718.5362
mean B0=95.9306 homogen=12741.1143
mean B0=90.9868 homogen=33310.9894
mean B0=112.1702 homogen=73409.3533
mean B0=93.0986 homogen=5827.8291
mean B0=106.8905 homogen=39904.1823
mean B0=90.7046 homogen=5156.0727
   306 |    12240 |     40 |  0.000000E+00 |  0.000000E+00 |  0.0022474953 |             f
mean B0=98.9479 homogen=22228.0006
mean B0=86.845 homogen=204733.8817
mean B0=88.4876 homogen=4499.4277
mean B0=104.457 homogen=29743.0797
mean B0=92.8987 homogen=5525.313
mean B0=80.7521 homogen=12945.1158
mean B0=96.2161 homogen=10934.5044
mean B0=70.2832 homogen=80744.609
mean B0=110.4497 homogen=58399.4874
mean B0=104.7058 homogen=30590.7172
mean B0=104.3415 homogen=29446.9579
mean B0=95.3851 homogen=16527.7307
mean B0=108.0257 homogen=44644.6755
mean B0=100.5336 homogen=25307.0291
mean B0=102.5307 homogen=23619.0444
mean B0=101.0554 homogen=20466.4941
mean B0=102.7784 homogen=24089.6772
mean B0=94.1455 homogen=8578.3736
mean B0=93.6441 homogen=19420.6435
mean B0=110.7344 homogen=62233.8332
mean B0=96.9092 homogen=61566.5382
mean B0=101.8441 homogen=53176.7344
mean B0=112.5624 homogen=76585.0975
mean B0=106.1274 homogen=50916.5212
mean B0=107.0557 homogen=40230.6956
mean B0=108.7536 homogen=48573.2259
mean B0=97.3259 homogen=69997.4115
mean B0=97.6999 homogen=14767.6372
mean B0=103.9 homogen=27936.0972
mean B0=80.2301 homogen=45775.2405
mean B0=96.3304 homogen=27365.6067
mean B0=88.9445 homogen=3732.4035
mean B0=91.6084 homogen=3914.1148
mean B0=97.6388 homogen=21035.1096
mean B0=103.1478 homogen=29351.0859
mean B0=106.3708 homogen=38916.8637
mean B0=90.0773 homogen=132308.9428
mean B0=99.2041 homogen=15925.486
mean B0=97.6546 homogen=20099.5055
mean B0=104.643 homogen=30296.3745
   307 |    12280 |     40 |  0.000000E+00 |  0.000000E+00 |  0.0026078619 |             f
mean B0=80.8305 homogen=44526.4442
mean B0=107.9421 homogen=44253.8471
mean B0=106.2225 homogen=39047.323
mean B0=98.2044 homogen=23051.6946
mean B0=111.7914 homogen=70550.9357
mean B0=109.363 homogen=55097.8949
mean B0=108.3941 homogen=47552.7914
mean B0=102.0846 homogen=25708.3903
mean B0=108.7784 homogen=52937.2936
mean B0=93.0713 homogen=5745.3549
mean B0=95.3734 homogen=63222.8188
mean B0=92.4697 homogen=17027.3852
mean B0=103.2656 homogen=25824.6512
mean B0=106.4549 homogen=84215.4186
mean B0=104.3454 homogen=29652.8238
mean B0=110.1111 homogen=56479.4006
mean B0=92.2805 homogen=15780.1647
mean B0=92.4111 homogen=35049.4935
mean B0=103.6499 homogen=57176.1672
mean B0=99.3369 homogen=21803.4411
mean B0=95.3955 homogen=11349.4584
mean B0=112.6367 homogen=75932.4916
mean B0=74.5386 homogen=67661.5498
mean B0=100.4173 homogen=26788.4104
mean B0=108.7714 homogen=48664.21
mean B0=70.9775 homogen=77570.1482
mean B0=98.8488 homogen=17662.5139
mean B0=95.1258 homogen=11599.5362
mean B0=97.7839 homogen=14402.4528
mean B0=110.4905 homogen=58725.8152
mean B0=110.7468 homogen=61717.4471
mean B0=83.8714 homogen=77034.0536
mean B0=91.548 homogen=4030.2159
mean B0=102.4994 homogen=25871.684
mean B0=99.9873 homogen=21693.9864
mean B0=105.0261 homogen=31579.1127
mean B0=93.4087 homogen=17627.9293
mean B0=100.7144 homogen=66295.6885
mean B0=99.5534 homogen=22771.9308
mean B0=98.6849 homogen=18259.0683
   308 |    12320 |     40 |  0.000000E+00 |  0.000000E+00 |  0.0026614964 |             f
mean B0=102.7813 homogen=24772.3384
mean B0=93.6055 homogen=6841.5539
mean B0=103.6062 homogen=27305.0911
mean B0=94.1617 homogen=31365.0195
mean B0=92.5964 homogen=17128.4734
mean B0=101.4122 homogen=23341.838
mean B0=98.0888 homogen=26071.6343
mean B0=114.1762 homogen=65217.8077
mean B0=88.8848 homogen=4269.3217
mean B0=98.1601 homogen=16441.4732
mean B0=71.6863 homogen=81281.2202
mean B0=103.4264 homogen=53928.4878
mean B0=107.1233 homogen=40337.6603
mean B0=105.1337 homogen=35353.0045
mean B0=105.4341 homogen=36579.8335
mean B0=112.6256 homogen=76033.7533
mean B0=110.8431 homogen=57737.9745
mean B0=99.7264 homogen=21166.36
mean B0=94.6277 homogen=10283.4054
mean B0=88.9893 homogen=39494.9459
mean B0=104.3084 homogen=67636.4745
mean B0=91.1282 homogen=5998.1354
mean B0=97.2676 homogen=31614.8255
mean B0=103.7299 homogen=76040.0906
mean B0=88.5604 homogen=10378.6204
mean B0=98.3494 homogen=42824.9773
mean B0=103.276 homogen=52147.1545
mean B0=81.6777 homogen=43452.7792
mean B0=110.6703 homogen=61434.9962
mean B0=100.0603 homogen=20307.596
mean B0=111.5799 homogen=67245.6505
mean B0=102.6647 homogen=28487.4231
mean B0=104.9619 homogen=31462.1407
mean B0=81.1162 homogen=46603.3802
mean B0=104.1659 homogen=29325.8303
mean B0=101.8054 homogen=22309.6955
mean B0=93.9656 homogen=8495.3692
mean B0=103.8504 homogen=27731.5535
mean B0=99.458 homogen=16177.0093
mean B0=97.4329 homogen=14270.0046
   309 |    12360 |     40 |  0.000000E+00 |  0.000000E+00 |  0.0021803941 |             f
mean B0=104.8669 homogen=87854.645
mean B0=100.5591 homogen=42376.1404
mean B0=91.3502 homogen=23231.5055
mean B0=103.232 homogen=26920.5708
mean B0=97.8338 homogen=14245.8078
mean B0=94.5378 homogen=35553.841
mean B0=79.6807 homogen=130653.9574
mean B0=108.7707 homogen=48660.8652
mean B0=102.7995 homogen=24834.2668
mean B0=74.1857 homogen=68339.321
mean B0=112.244 homogen=73936.1686
mean B0=94.2264 homogen=7990.5126
mean B0=103.3074 homogen=56941.8134
mean B0=110.4979 homogen=60001.7026
mean B0=106.0053 homogen=39597.2907
mean B0=110.1847 homogen=58572.3966
mean B0=107.1233 homogen=40337.6603
mean B0=103.2384 homogen=28330.5632
mean B0=86.5353 homogen=13979.1781
mean B0=91.7388 homogen=4000.7833
mean B0=99.9087 homogen=22927.2979
mean B0=107.5863 homogen=43086.4286
mean B0=62.5003 homogen=114487.6098
mean B0=97.936 homogen=35441.7566
mean B0=103.2653 homogen=25750.6854
mean B0=108.4199 homogen=54065.3092
mean B0=97.2312 homogen=36129.595
mean B0=102.729 homogen=179281.9941
mean B0=99.1475 homogen=16782.1686
mean B0=105.584 homogen=34871.3682
mean B0=92.5183 homogen=8307.4116
mean B0=101.8086 homogen=22322.4587
mean B0=100.2523 homogen=19204.1436
mean B0=112.0138 homogen=71901.2186
mean B0=105.3226 homogen=30955.3145
mean B0=103.6239 homogen=22090.1889
mean B0=81.9364 homogen=136390.569
mean B0=98.8501 homogen=16275.0289
mean B0=93.3127 homogen=15954.7113
mean B0=91.6083 homogen=3913.9892
   310 |    12400 |     40 |  0.000000E+00 |  0.000000E+00 |  0.0025831326 |             f
mean B0=95.0086 homogen=9868.9062
mean B0=104.8678 homogen=31160.9969
mean B0=88.4339 homogen=5026.7411
mean B0=104.1884 homogen=28945.8208
mean B0=112.636 homogen=75998.8733
mean B0=91.5582 homogen=15520.485
mean B0=84.423 homogen=59915.3642
mean B0=112.3563 homogen=73512.0207
mean B0=78.3281 homogen=51732.7555
mean B0=101.0948 homogen=19916.244
mean B0=103.4676 homogen=26428.9549
mean B0=97.9056 homogen=14390.0357
mean B0=96.7147 homogen=11711.4069
mean B0=93.7106 homogen=7044.8263
mean B0=101.7873 homogen=22251.4423
mean B0=94.0402 homogen=8344.512
mean B0=99.8972 homogen=20032.9159
mean B0=94.2067 homogen=9147.4751
mean B0=98.7199 homogen=20926.4907
mean B0=96.4841 homogen=23608.939
mean B0=91.6082 homogen=3914.3757
mean B0=108.9323 homogen=49223.4623
mean B0=109.7233 homogen=109732.8504
mean B0=104.3221 homogen=34814.9606
mean B0=104.3462 homogen=29622.2621
mean B0=106.1888 homogen=64657.6447
mean B0=87.9894 homogen=18587.0606
mean B0=111.4755 homogen=66724.0262
mean B0=108.9359 homogen=54079.5661
mean B0=90.1898 homogen=132089.8334
mean B0=105.3016 homogen=34330.705
mean B0=108.9102 homogen=57423.4722
mean B0=87.5984 homogen=21870.8449
mean B0=108.6593 homogen=37618.2425
mean B0=105.5558 homogen=34743.5632
mean B0=106.2454 homogen=38459.7965
mean B0=101.6069 homogen=22789.9501
mean B0=99.1871 homogen=15747.4235
mean B0=99.0135 homogen=22467.1442
mean B0=96.2728 homogen=20390.5515
   311 |    12440 |     40 |  0.000000E+00 |  0.000000E+00 |  0.0022251665 |             f
mean B0=95.3585 homogen=10439.5372
mean B0=89.185 homogen=4253.3052
mean B0=111.3826 homogen=66242.3522
mean B0=107.594 homogen=43131.9392
mean B0=93.3712 homogen=16643.9577
mean B0=100.9539 homogen=20234.8611
mean B0=112.3551 homogen=73518.1828
mean B0=103.1627 homogen=25516.4481
mean B0=96.064 homogen=22866.437
mean B0=110.7627 homogen=68258.4807
mean B0=106.4037 homogen=38932.8871
mean B0=107.266 homogen=40889.3806
mean B0=98.7025 homogen=27064.8445
mean B0=100.3038 homogen=19256.0259
mean B0=99.8103 homogen=39640.0175
mean B0=108.3181 homogen=56532.5621
mean B0=101.8751 homogen=22547.707
mean B0=101.0167 homogen=22277.8804
mean B0=93.1341 homogen=5865.2809
mean B0=96.9821 homogen=60647.2638
mean B0=95.5351 homogen=12890.3898
mean B0=85.888 homogen=3015.9505
mean B0=107.678 homogen=43493.5499
mean B0=107.1016 homogen=40278.224
mean B0=61.8032 homogen=69291.689
mean B0=96.6514 homogen=14126.5995
mean B0=105.2976 homogen=34323.3568
mean B0=104.4969 homogen=29863.4962
mean B0=91.2218 homogen=15102.3557
mean B0=98.4592 homogen=16941.2033
mean B0=106.7726 homogen=39896.6683
mean B0=97.0738 homogen=27252.6183
mean B0=98.7557 homogen=163695.7536
mean B0=98.0927 homogen=16361.7098
mean B0=110.5159 homogen=65849.8861
mean B0=104.0664 homogen=26876.2972
mean B0=108.8388 homogen=53321.2876
mean B0=97.3316 homogen=48230.0742
mean B0=94.1643 homogen=7816.6333
mean B0=96.5951 homogen=34544.7411
   312 |    12480 |     40 |  0.000000E+00 |  0.000000E+00 |  0.0033726818 |             f
mean B0=91.8029 homogen=4081.5636
mean B0=93.7662 homogen=15370.3824
mean B0=63.8162 homogen=79699.9922
mean B0=105.0265 homogen=31594.4845
mean B0=110.7979 homogen=53598.7224
mean B0=102.7797 homogen=55421.4146
mean B0=94.3394 homogen=8085.1091
mean B0=112.346 homogen=73439.5563
mean B0=98.8335 homogen=27688.8624
mean B0=98.6454 homogen=26366.6253
mean B0=101.7827 homogen=22233.1453
mean B0=98.998 homogen=16399.3156
mean B0=109.4135 homogen=61710.3288
mean B0=103.1616 homogen=24153.3439
mean B0=94.2542 homogen=43843.1708
mean B0=104.1932 homogen=28961.4276
mean B0=91.6976 homogen=9576.7201
mean B0=107.7015 homogen=43263.4415
mean B0=108.6363 homogen=60996.0625
mean B0=92.6275 homogen=170567.0928
mean B0=112.5962 homogen=75762.4079
mean B0=91.198 homogen=6271.4062
mean B0=101.2707 homogen=22134.0903
mean B0=87.1995 homogen=121623.2151
mean B0=85.1802 homogen=151203.8206
mean B0=106.4938 homogen=42734.8516
mean B0=94.8735 homogen=9736.5186
mean B0=112.2594 homogen=73067.8708
mean B0=99.6803 homogen=28718.8303
mean B0=91.8153 homogen=13189.3429
mean B0=74.3539 homogen=67964.8723
mean B0=104.8145 homogen=22799.8826
mean B0=97.9435 homogen=14412.5754
mean B0=109.5126 homogen=64056.1299
mean B0=105.0349 homogen=57186.6956
mean B0=93.0679 homogen=5738.8179
mean B0=90.2688 homogen=10670.7444
mean B0=100.5551 homogen=42678.7444
mean B0=107.0074 homogen=39842.4498
mean B0=87.035 homogen=34838.0967
   313 |    12520 |     40 |  0.000000E+00 |  0.000000E+00 |  0.0014758465 |             f
mean B0=67.1624 homogen=88638.5643
mean B0=108.9359 homogen=54079.5661
mean B0=105.8955 homogen=34176.2025
mean B0=111.7925 homogen=70558.2172
mean B0=103.1465 homogen=38372.3699
mean B0=99.1683 homogen=16842.6187
mean B0=107.0038 homogen=39829.2332
mean B0=97.8338 homogen=14245.8078
mean B0=107.3903 homogen=41511.9014
mean B0=88.9621 homogen=3865.1219
mean B0=90.4016 homogen=24090.7144
mean B0=101.2899 homogen=22222.2466
mean B0=101.1284 homogen=45709.5586
mean B0=90.5598 homogen=8889.2125
mean B0=94.6967 homogen=10441.3354
mean B0=99.3109 homogen=142807.4151
mean B0=105.0323 homogen=31665.3574
mean B0=96.7939 homogen=65588.9363
mean B0=99.2731 homogen=25459.5513
mean B0=101.2231 homogen=26867.472
mean B0=100.7999 homogen=21056.4772
mean B0=81.8207 homogen=42357.4517
mean B0=88.4084 homogen=4717.2294
mean B0=112.2493 homogen=72962.3821
mean B0=99.9652 homogen=19318.0401
mean B0=108.8467 homogen=48836.1806
mean B0=110.1876 homogen=58581.5019
mean B0=105.0265 homogen=31594.4845
mean B0=112.5307 homogen=58259.4
mean B0=93.1079 homogen=5832.4906
mean B0=108.3271 homogen=57251.5085
mean B0=103.1421 homogen=25425.1321
mean B0=100.2234 homogen=24730.2163
mean B0=70.5584 homogen=297851.9261
mean B0=111.8785 homogen=65657.2365
mean B0=101.8622 homogen=22473.2098
mean B0=97.4948 homogen=21669.0915
mean B0=104.705 homogen=30820.9475
mean B0=98.0614 homogen=23495.0589
mean B0=99.4394 homogen=22270.6285
   314 |    12560 |     40 |  0.000000E+00 |  0.000000E+00 |  0.0006442644 |             f
mean B0=112.1901 homogen=69453.8319
mean B0=67.8698 homogen=78532.0378
mean B0=112.284 homogen=73280.3878
mean B0=80.9699 homogen=44838.1641
mean B0=107.7003 homogen=53010.5775
mean B0=90.6723 homogen=17487.419
mean B0=104.9949 homogen=35049.5522
mean B0=106.2193 homogen=38376.0802
mean B0=96.8625 homogen=17038.1514
mean B0=112.5801 homogen=75644.5738
mean B0=90.524 homogen=11556.7969
mean B0=104.8921 homogen=31214.3539
mean B0=111.3034 homogen=66268.6998
mean B0=93.2152 homogen=6351.9959
mean B0=86.2492 homogen=156352.7873
mean B0=97.8786 homogen=15425.3884
mean B0=105.6815 homogen=42351.5963
mean B0=107.3705 homogen=41876.5633
mean B0=104.0005 homogen=36470.7547
mean B0=105.5524 homogen=34733.9623
mean B0=95.4743 homogen=14285.1512
mean B0=97.8581 homogen=14226.1636
mean B0=103.3251 homogen=25951.6012
mean B0=112.7154 homogen=76345.0009
mean B0=86.677 homogen=9225.855
mean B0=97.8881 homogen=28602.1514
mean B0=102.943 homogen=28679.7762
mean B0=91.7223 homogen=40069.9582
mean B0=99.086 homogen=25782.0824
mean B0=99.4484 homogen=156238.3411
mean B0=90.2379 homogen=14429.3383
mean B0=109.2733 homogen=109229.6295
mean B0=97.0757 homogen=12615.0002
mean B0=110.9043 homogen=62988.835
mean B0=102.7991 homogen=23042.3341
mean B0=94.9713 homogen=10191.4084
mean B0=102.6192 homogen=28356.9461
mean B0=112.113 homogen=72251.9151
mean B0=97.9742 homogen=23052.9767
mean B0=104.221 homogen=29055.6544
   315 |    12600 |     40 |  0.000000E+00 |  0.000000E+00 |  0.0021960187 |             f
mean B0=100.9403 homogen=22017.9892
mean B0=99.658 homogen=21723.6667
mean B0=108.9341 homogen=54075.0339
mean B0=102.7345 homogen=24761.9446
mean B0=105.9667 homogen=34464.4328
mean B0=109.2148 homogen=55616.3709
mean B0=96.2159 homogen=10933.5878
mean B0=106.2454 homogen=38459.9053
mean B0=107.6683 homogen=57556.313
mean B0=103.9199 homogen=27982.0207
mean B0=88.042 homogen=11033.2106
mean B0=101.0061 homogen=20537.2
mean B0=93.9973 homogen=7343.1145
mean B0=98.7328 homogen=26622.3952
mean B0=110.837 homogen=62383.8532
mean B0=106.0259 homogen=35486.3301
mean B0=102.9076 homogen=38960.7025
mean B0=107.3382 homogen=41756.2701
mean B0=99.3221 homogen=16958.0154
mean B0=99.2633 homogen=15797.8366
mean B0=103.0512 homogen=28626.2205
mean B0=95.8769 homogen=41913.7888
mean B0=91.7033 homogen=40156.7843
mean B0=108.4443 homogen=47686.5911
mean B0=100.657 homogen=20074.3965
mean B0=107.5733 homogen=91942.5689
mean B0=106.2192 homogen=38377.8604
mean B0=100.732 homogen=43365.1373
mean B0=64.0075 homogen=79531.2712
mean B0=107.8302 homogen=58237.033
mean B0=89.8369 homogen=12690.2917
mean B0=88.0597 homogen=52936.7471
mean B0=103.7978 homogen=28242.7186
mean B0=100.4685 homogen=23768.6209
mean B0=108.8417 homogen=48780.6651
mean B0=85.2465 homogen=31108.4097
mean B0=89.8243 homogen=12926.6329
mean B0=103.4992 homogen=26518.7692
mean B0=108.6838 homogen=53418.1202
mean B0=97.5884 homogen=14008.6287
   316 |    12640 |     40 |  0.000000E+00 |  0.000000E+00 |  0.0033846720 |             f
mean B0=107.6084 homogen=51732.3696
mean B0=103.8972 homogen=30987.6627
mean B0=108.3941 homogen=47552.7914
mean B0=107.2398 homogen=40750.6873
mean B0=100.0813 homogen=19788.0542
mean B0=88.9621 homogen=3865.2665
mean B0=110.9031 homogen=62986.2168
mean B0=104.3575 homogen=64499.0571
mean B0=97.2952 homogen=18466.752
mean B0=104.8907 homogen=31226.4352
mean B0=107.8838 homogen=33620.4853
mean B0=96.5809 homogen=25245.8639
mean B0=95.0087 homogen=9867.6648
mean B0=106.2447 homogen=38419.3117
mean B0=99.3199 homogen=20277.7433
mean B0=72.1477 homogen=78373.3262
mean B0=96.3698 homogen=21263.7032
mean B0=98.8034 homogen=16398.3525
mean B0=103.707 homogen=26073.3128
mean B0=110.7138 homogen=62843.7316
mean B0=100.0361 homogen=23047.4856
mean B0=97.6905 homogen=21233.6426
mean B0=105.584 homogen=34871.3682
mean B0=108.48 homogen=51034.3232
mean B0=107.873 homogen=44259.2579
mean B0=108.9341 homogen=54075.0339
mean B0=110.7491 homogen=61739.7495
mean B0=97.2926 homogen=25478.6061
mean B0=86.6966 homogen=12378.8303
mean B0=112.7176 homogen=76319.0597
mean B0=109.0508 homogen=47741.6384
mean B0=99.2577 homogen=25457.4291
mean B0=103.9199 homogen=27982.0207
mean B0=91.7327 homogen=4267.526
mean B0=99.5816 homogen=22580.024
mean B0=108.4025 homogen=60504.7262
mean B0=104.8294 homogen=30956.9304
mean B0=88.8155 homogen=3966.8417
mean B0=109.6654 homogen=64940.8993
mean B0=101.7797 homogen=22151.6779
   317 |    12680 |     40 |  0.000000E+00 |  0.000000E+00 |  0.0011912330 |             f
mean B0=106.2504 homogen=38480.3271
mean B0=93.5431 homogen=6861.6669
mean B0=97.4842 homogen=14049.7968
mean B0=87.93 homogen=6369.2586
mean B0=103.139 homogen=25750.9775
mean B0=111.3762 homogen=66206.8143
mean B0=106.5448 homogen=41134.9778
mean B0=110.698 homogen=61384.066
mean B0=104.8549 homogen=31034.9064
mean B0=108.943 homogen=54142.2755
mean B0=101.0957 homogen=19917.0169
mean B0=107.2398 homogen=40750.6873
mean B0=109.3561 homogen=57408.9696
mean B0=89.001 homogen=148540.6653
mean B0=97.5169 homogen=71999.5964
mean B0=95.3562 homogen=13206.305
mean B0=102.7483 homogen=24810.9987
mean B0=112.7189 homogen=76190.0344
mean B0=93.0363 homogen=5876.0738
mean B0=99.9015 homogen=49680.7302
mean B0=105.0266 homogen=31646.3469
mean B0=88.392 homogen=90973.5598
mean B0=98.911 homogen=16762.7205
mean B0=102.4597 homogen=25797.6121
mean B0=108.6594 homogen=53255.3297
mean B0=111.4821 homogen=66760.464
mean B0=95.7484 homogen=11006.0407
mean B0=108.4413 homogen=47796.2235
mean B0=94.9863 homogen=9809.5766
mean B0=103.9112 homogen=27952.6969
mean B0=100.2412 homogen=19194.0016
mean B0=110.1876 homogen=58581.5019
mean B0=112.624 homogen=52481.0587
mean B0=99.7516 homogen=16750.0759
mean B0=100.0882 homogen=23265.7325
mean B0=92.131 homogen=21866.8756
mean B0=101.8607 homogen=22499.171
mean B0=105.1507 homogen=34051.0729
mean B0=90.728 homogen=6218.4033
mean B0=100.055 homogen=23995.845
   318 |    12720 |     40 |  0.000000E+00 |  0.000000E+00 |  0.0035008825 |             f
mean B0=95.0085 homogen=10394.763
mean B0=108.7609 homogen=54692.8741
mean B0=107.4219 homogen=41931.0114
mean B0=106.9942 homogen=41470.2578
mean B0=93.0664 homogen=5736.0728
mean B0=109.2865 homogen=48399.2056
mean B0=102.7345 homogen=24762.5851
mean B0=98.6961 homogen=16102.4881
mean B0=88.5149 homogen=4070.6021
mean B0=107.6811 homogen=51228.8529
mean B0=101.8731 homogen=22554.3185
mean B0=110.9129 homogen=63022.8868
mean B0=102.2481 homogen=63827.6194
mean B0=95.0087 homogen=9867.6648
mean B0=91.8954 homogen=46489.1999
mean B0=97.5703 homogen=13968.417
mean B0=105.5362 homogen=44261.4865
mean B0=104.2367 homogen=27380.2685
mean B0=110.623 homogen=57164.1151
mean B0=108.1131 homogen=41527.9846
mean B0=93.0283 homogen=9909.6891
mean B0=102.3259 homogen=23645.4444
mean B0=109.4466 homogen=57951.4579
mean B0=106.9517 homogen=39963.0778
mean B0=88.9629 homogen=3870.6432
mean B0=108.5889 homogen=55218.1132
mean B0=96.2161 homogen=10933.6053
mean B0=106.2875 homogen=38687.536
mean B0=93.1921 homogen=38918.1641
mean B0=101.6218 homogen=24272.6305
mean B0=100.2436 homogen=19186.6041
mean B0=103.1497 homogen=25800.7769
mean B0=89.8587 homogen=24535.2154
mean B0=83.7979 homogen=27343.7048
mean B0=106.093 homogen=45116.883
mean B0=99.3401 homogen=17004.475
mean B0=92.6518 homogen=27416.7719
mean B0=94.7296 homogen=10454.7808
mean B0=105.4259 homogen=36971.5146
mean B0=104.2066 homogen=29060.1884
   319 |    12760 |     40 |  0.000000E+00 |  0.000000E+00 |  0.0019152071 |             f
mean B0=109.4878 homogen=61672.1228
mean B0=86.7002 homogen=3586.4384
mean B0=94.3386 homogen=9452.7622
mean B0=94.5006 homogen=10494.3329
mean B0=106.4652 homogen=44669.1593
mean B0=106.4885 homogen=58039.8078
mean B0=103.7756 homogen=28221.7532
mean B0=103.0185 homogen=26235.3143
mean B0=110.9129 homogen=63022.8868
mean B0=101.0478 homogen=24751.6345
mean B0=103.1497 homogen=25800.7769
mean B0=95.2474 homogen=11481.8152
mean B0=94.2362 homogen=184268.9454
mean B0=102.188 homogen=23441.6414
mean B0=89.1472 homogen=33701.9046
mean B0=107.9711 homogen=94048.0758
mean B0=108.5172 homogen=47640.9377
mean B0=107.7333 homogen=43601.9866
mean B0=100.2323 homogen=19157.2545
mean B0=106.2875 homogen=38687.536
mean B0=94.7795 homogen=8775.7197
mean B0=105.643 homogen=36530.2404
mean B0=90.5093 homogen=8039.995
mean B0=101.7895 homogen=26463.6436
mean B0=77.2678 homogen=54472.0334
mean B0=104.3613 homogen=29482.5269
mean B0=98.1651 homogen=26736.2362
mean B0=99.149 homogen=21575.4772
mean B0=109.4466 homogen=57951.4579
mean B0=99.333 homogen=20584.7827
mean B0=109.2148 homogen=55616.3709
mean B0=111.4807 homogen=66775.774
mean B0=93.3652 homogen=6442.9683
mean B0=97.6938 homogen=14282.9917
mean B0=89.4198 homogen=7539.8673
mean B0=101.4882 homogen=22883.8634
mean B0=107.2995 homogen=41813.0304
mean B0=98.8178 homogen=16418.3039
mean B0=110.4119 homogen=42871.2944
mean B0=105.5524 homogen=34733.9623
   320 |    12800 |     40 |  0.000000E+00 |  0.000000E+00 |  0.0032373167 |             f
mean B0=109.0922 homogen=59084.6817
mean B0=109.1368 homogen=58930.8715
mean B0=100.241 homogen=19179.8657
mean B0=90.5557 homogen=5189.7864
mean B0=101.7957 homogen=51033.0122
mean B0=104.6967 homogen=30635.9671
mean B0=109.4135 homogen=56736.5174
mean B0=106.4524 homogen=41287.8027
mean B0=80.1585 homogen=142271.481
mean B0=100.1759 homogen=23484.3217
mean B0=89.4239 homogen=8900.9577
mean B0=103.7943 homogen=37369.0833
mean B0=93.8856 homogen=8305.9665
mean B0=98.4833 homogen=13986.0007
mean B0=102.5581 homogen=24502.4872
mean B0=88.1278 homogen=7352.2782
mean B0=95.209 homogen=16498.2186
mean B0=104.3613 homogen=29482.5269
mean B0=98.1222 homogen=23999.0134
mean B0=105.3321 homogen=71400.3115
mean B0=110.9963 homogen=70158.253
mean B0=98.6689 homogen=35251.8807
mean B0=100.2348 homogen=19163.9887
mean B0=105.4242 homogen=36127.5001
mean B0=101.0603 homogen=22608.8884
mean B0=105.3446 homogen=48303.2942
mean B0=102.7747 homogen=25065.8712
mean B0=104.1591 homogen=28750.6051
mean B0=105.1103 homogen=33870.6394
mean B0=104.8747 homogen=34874.7481
mean B0=111.4724 homogen=83202.8196
mean B0=82.5318 homogen=151721.4421
mean B0=108.0956 homogen=42807.1171
mean B0=88.6701 homogen=45657.169
mean B0=97.6711 homogen=21887.367
mean B0=98.382 homogen=18501.7247
mean B0=85.2315 homogen=13451.6497
mean B0=111.5083 homogen=73707.5409
mean B0=104.0233 homogen=24731.3964
mean B0=86.3333 homogen=53467.0154
   321 |    12840 |     40 |  0.000000E+00 |  0.000000E+00 |  0.0012920136 |             f
mean B0=99.5098 homogen=50561.8692
mean B0=109.4926 homogen=58278.709
mean B0=101.7797 homogen=22144.4449
mean B0=104.6764 homogen=30696.9007
mean B0=112.6548 homogen=75528.1606
mean B0=100.1695 homogen=19048.9937
mean B0=103.3977 homogen=27305.6541
mean B0=89.3082 homogen=4614.8112
mean B0=105.5118 homogen=34616.9972
mean B0=97.4622 homogen=17406.5706
mean B0=95.0259 homogen=36910.7549
mean B0=102.8995 homogen=37625.6404
mean B0=106.4892 homogen=69718.1288
mean B0=97.6293 homogen=29216.6546
mean B0=96.3821 homogen=27377.4735
mean B0=110.9189 homogen=63033.0941
mean B0=93.5608 homogen=23459.0854
mean B0=94.884 homogen=10187.3085
mean B0=102.6213 homogen=24576.2931
mean B0=102.5303 homogen=24328.7806
mean B0=104.1962 homogen=28888.3774
mean B0=99.2992 homogen=16883.7363
mean B0=45.0329 homogen=237593.7396
mean B0=98.7141 homogen=16034.692
mean B0=95.9653 homogen=23910.4595
mean B0=84.4859 homogen=30074.2906
mean B0=101.5334 homogen=44492.8276
mean B0=85.6968 homogen=4483.0928
mean B0=108.5325 homogen=52682.8113
mean B0=100.6702 homogen=20646.2537
mean B0=98.5095 homogen=24424.6719
mean B0=99.8218 homogen=30987.5477
mean B0=100.8594 homogen=23395.8179
mean B0=108.4672 homogen=47500.5275
mean B0=103.9437 homogen=31665.5868
mean B0=112.1092 homogen=54031.7162
mean B0=100.956 homogen=22839.4263
mean B0=96.2538 homogen=15114.0355
mean B0=103.8072 homogen=27818.6554
mean B0=107.1872 homogen=40937.3702
   322 |    12880 |     40 |  0.000000E+00 |  0.000000E+00 |  0.0034572427 |             f
mean B0=91.608 homogen=3913.3293
mean B0=104.7005 homogen=30649.5689
mean B0=90.5746 homogen=26624.1441
mean B0=108.5531 homogen=35638.5429
mean B0=91.8644 homogen=92312.295
mean B0=93.9679 homogen=26929.2376
mean B0=99.2779 homogen=84070.2555
mean B0=112.3264 homogen=74772.4953
mean B0=98.2979 homogen=31492.2424
mean B0=101.0423 homogen=21804.352
mean B0=109.4881 homogen=58314.3849
mean B0=108.9313 homogen=49228.9284
mean B0=98.1413 homogen=33773.349
mean B0=66.0979 homogen=142571.6623
mean B0=80.7992 homogen=45823.6463
mean B0=97.5232 homogen=26378.9514
mean B0=104.3238 homogen=31658.6402
mean B0=113.9375 homogen=65754.1141
mean B0=102.7121 homogen=31253.5025
mean B0=95.9121 homogen=11433.5375
mean B0=89.5817 homogen=7138.7693
mean B0=107.7292 homogen=43571.9458
mean B0=92.0168 homogen=62299.485
mean B0=101.7795 homogen=22142.9217
mean B0=91.5611 homogen=5073.9278
mean B0=107.423 homogen=41947.5779
mean B0=103.2858 homogen=26815.5853
mean B0=105.4408 homogen=34335.998
mean B0=100.666 homogen=20610.7152
mean B0=107.454 homogen=40591.0205
mean B0=103.4014 homogen=27289.9718
mean B0=82.8894 homogen=124340.8629
mean B0=103.6184 homogen=34782.1779
mean B0=99.4801 homogen=23165.107
mean B0=108.3902 homogen=45561.1128
mean B0=102.1167 homogen=45079.8238
mean B0=102.0087 homogen=24907.7279
mean B0=107.3535 homogen=90230.6168
mean B0=87.18 homogen=10178.8839
mean B0=96.8884 homogen=14106.4812
   323 |    12920 |     40 |  0.000000E+00 |  0.000000E+00 |  0.0016792503 |             f
mean B0=113.8934 homogen=65125.4173
mean B0=111.2579 homogen=65593.3887
mean B0=110.36 homogen=67594.4058
mean B0=91.2196 homogen=18999.1291
mean B0=93.2512 homogen=17106.6125
mean B0=103.5774 homogen=28317.304
mean B0=97.8786 homogen=15425.3884
mean B0=110.416 homogen=57313.584
mean B0=91.6118 homogen=31923.6371
mean B0=102.4927 homogen=33858.325
mean B0=73.7386 homogen=83278.8036
mean B0=108.2205 homogen=43447.8372
mean B0=102.6592 homogen=26918.1067
mean B0=96.1473 homogen=10797.1016
mean B0=97.8398 homogen=14289.8148
mean B0=110.6628 homogen=61258.6775
mean B0=99.5665 homogen=16357.7578
mean B0=92.744 homogen=36005.4131
mean B0=99.1648 homogen=26850.3632
mean B0=99.1809 homogen=24484.2512
mean B0=107.1961 homogen=40419.1729
mean B0=107.8471 homogen=44091.8525
mean B0=94.4198 homogen=35891.4921
mean B0=91.7884 homogen=15641.0073
mean B0=97.5959 homogen=24719.2765
mean B0=106.1619 homogen=38257.5859
mean B0=98.7141 homogen=16034.692
mean B0=103.3098 homogen=29865.6128
mean B0=103.1692 homogen=73645.7844
mean B0=104.9435 homogen=36265.0634
mean B0=97.9629 homogen=22239.6261
mean B0=109.1337 homogen=59397.43
mean B0=102.5627 homogen=23718.1955
mean B0=100.2391 homogen=19218.6498
mean B0=93.3008 homogen=7544.6593
mean B0=108.1012 homogen=46684.3368
mean B0=89.6774 homogen=6056.0871
mean B0=87.3316 homogen=186177.3618
mean B0=95.0897 homogen=43517.6976
mean B0=103.666 homogen=72841.5946
   324 |    12960 |     40 |  0.000000E+00 |  0.000000E+00 |  0.0025357467 |             f
mean B0=111.4835 homogen=66666.5109
mean B0=98.7996 homogen=20495.8955
mean B0=103.2784 homogen=24266.0269
mean B0=108.2939 homogen=51683.4758
mean B0=102.7454 homogen=27251.2112
mean B0=96.4291 homogen=82533.2844
mean B0=98.3134 homogen=16954.4706
mean B0=93.0784 homogen=5758.2427
mean B0=97.5733 homogen=24747.1972
mean B0=85.5932 homogen=179080.3751
mean B0=111.7973 homogen=70538.9524
mean B0=103.4612 homogen=29835.8074
mean B0=96.6639 homogen=13535.1518
mean B0=107.9815 homogen=51159.0089
mean B0=93.1168 homogen=7666.3765
mean B0=100.7833 homogen=50193.7698
mean B0=109.1911 homogen=62146.9633
mean B0=104.2953 homogen=65910.4839
mean B0=108.5256 homogen=47590.3633
mean B0=99.9061 homogen=21534.9307
mean B0=110.6974 homogen=61481.3709
mean B0=93.7218 homogen=13148.3889
mean B0=112.4728 homogen=75011.0345
mean B0=97.1031 homogen=20884.4627
mean B0=92.946 homogen=95177.1028
mean B0=100.3593 homogen=29519.5507
mean B0=72.865 homogen=78556.045
mean B0=93.5306 homogen=6843.9548
mean B0=75.8176 homogen=134691.2489
mean B0=106.6453 homogen=39274.7363
mean B0=108.9286 homogen=54091.2518
mean B0=103.9067 homogen=29907.5927
mean B0=89.1423 homogen=149542.535
mean B0=101.0559 homogen=21822.9968
mean B0=94.8953 homogen=9171.5853
mean B0=109.4141 homogen=56739.1123
mean B0=89.5832 homogen=5568.514
mean B0=91.1876 homogen=27379.6323
mean B0=108.8687 homogen=49114.351
mean B0=104.4602 homogen=30020.7183
   325 |    13000 |     40 |  0.000000E+00 |  0.000000E+00 |  0.0016277945 |             f
mean B0=102.9632 homogen=26547.4775
mean B0=102.1786 homogen=25723.1266
mean B0=110.5414 homogen=61214.5151
mean B0=97.5703 homogen=13968.417
mean B0=99.4121 homogen=89364.0174
mean B0=110.3952 homogen=42827.8158
mean B0=105.4824 homogen=34519.7498
mean B0=93.3482 homogen=6674.071
mean B0=110.8341 homogen=62094.9762
mean B0=99.5854 homogen=16528.318
mean B0=84.3426 homogen=137755.2661
mean B0=111.8095 homogen=73128.6519
mean B0=100.1387 homogen=23532.6463
mean B0=97.6087 homogen=40385.9777
mean B0=99.5383 homogen=21568.9677
mean B0=110.9286 homogen=62858.4562
mean B0=104.8397 homogen=24171.9318
mean B0=94.9163 homogen=9771.3702
mean B0=94.0773 homogen=32987.866
mean B0=103.8315 homogen=27775.2165
mean B0=76.911 homogen=29742.0607
mean B0=96.3626 homogen=41695.0449
mean B0=102.9199 homogen=25237.2572
mean B0=108.1012 homogen=46684.3368
mean B0=98.4695 homogen=26526.8947
mean B0=86.2046 homogen=10243.4972
mean B0=102.3649 homogen=178521.6026
mean B0=93.1575 homogen=10010.1844
mean B0=109.905 homogen=61594.3282
mean B0=88.7351 homogen=4892.2609
mean B0=101.2671 homogen=22085.6085
mean B0=105.6858 homogen=36742.8416
mean B0=96.3451 homogen=26559.4377
mean B0=101.0423 homogen=21804.352
mean B0=105.122 homogen=58449.2909
mean B0=101.5533 homogen=25709.5025
mean B0=105.6306 homogen=35038.0963
mean B0=94.2337 homogen=7869.9433
mean B0=94.3248 homogen=26662.6039
mean B0=110.4936 homogen=63474.0314
   326 |    13040 |     40 |  0.000000E+00 |  0.000000E+00 |  0.0036948691 |             f
mean B0=108.8762 homogen=60159.7305
mean B0=108.5869 homogen=55216.214
mean B0=111.8633 homogen=70625.3549
mean B0=89.1603 homogen=4223.9133
mean B0=99.4323 homogen=169321.6668
mean B0=93.425 homogen=24244.8561
mean B0=94.7914 homogen=8772.1464
mean B0=104.085 homogen=28540.4451
mean B0=107.2015 homogen=40447.6567
mean B0=110.1682 homogen=63628.4046
mean B0=98.4782 homogen=16580.1842
mean B0=110.8246 homogen=62372.6469
mean B0=102.4651 homogen=23368.5325
mean B0=97.6098 homogen=21273.5355
mean B0=96.3015 homogen=30799.5689
mean B0=71.4562 homogen=80420.6693
mean B0=101.1036 homogen=26551.9154
mean B0=98.3585 homogen=26959.954
mean B0=97.5695 homogen=13965.4165
mean B0=93.4011 homogen=31791.1838
mean B0=102.7775 homogen=25325.2834
mean B0=104.7189 homogen=27340.1822
mean B0=96.088 homogen=10752.3379
mean B0=98.999 homogen=36244.9407
mean B0=101.3677 homogen=20888.5848
mean B0=61.678 homogen=257733.1185
mean B0=108.5568 homogen=57837.5758
mean B0=94.8322 homogen=10120.6143
mean B0=107.7183 homogen=43513.3218
mean B0=107.1874 homogen=41493.0589
mean B0=105.0606 homogen=31823.0898
mean B0=91.2048 homogen=4840.5701
mean B0=108.2034 homogen=47241.3389
mean B0=97.3197 homogen=46973.886
mean B0=101.4405 homogen=64803.653
mean B0=100.2391 homogen=19218.6498
mean B0=101.6884 homogen=24024.8311
mean B0=100.5325 homogen=22148.347
mean B0=101.7651 homogen=20291.2162
mean B0=104.9861 homogen=81340.9907
   327 |    13080 |     40 |  0.000000E+00 |  0.000000E+00 |  0.0021975594 |             f
mean B0=73.4957 homogen=78546.2101
mean B0=99.3898 homogen=27071.4828
mean B0=88.9629 homogen=3870.6432
mean B0=107.8819 homogen=44099.5003
mean B0=100.1691 homogen=19050.9042
mean B0=109.1644 homogen=42830.859
mean B0=106.8018 homogen=38946.8625
mean B0=100.5432 homogen=23465.9512
mean B0=105.692 homogen=36768.5126
mean B0=94.4681 homogen=8485.3841
mean B0=98.9136 homogen=35356.3602
mean B0=88.8127 homogen=3918.0985
mean B0=98.5709 homogen=16877.59
mean B0=86.0145 homogen=19265.5415
mean B0=111.5615 homogen=66765.3735
mean B0=97.0233 homogen=26914.0025
mean B0=103.9039 homogen=61886.6374
mean B0=110.3759 homogen=60113.205
mean B0=98.6017 homogen=16392.1578
mean B0=109.4926 homogen=58278.6589
mean B0=106.6178 homogen=57603.4476
mean B0=98.099 homogen=29607.12
mean B0=112.3264 homogen=74772.4953
mean B0=110.6789 homogen=61527.0249
mean B0=111.7976 homogen=70539.2041
mean B0=86.0675 homogen=7347.5322
mean B0=95.1589 homogen=8967.7225
mean B0=100.6331 homogen=43876.3891
mean B0=101.7322 homogen=23175.9369
mean B0=108.0799 homogen=61305.5436
mean B0=72.1272 homogen=259660.7984
mean B0=104.8315 homogen=31429.7404
mean B0=112.7704 homogen=76267.744
mean B0=92.1238 homogen=21051.0432
mean B0=109.5203 homogen=53235.271
mean B0=96.7171 homogen=12171.186
mean B0=102.5037 homogen=24567.8768
mean B0=106.8147 homogen=39624.3931
mean B0=107.9532 homogen=46003.2111
mean B0=91.1968 homogen=42289.0244
   328 |    13120 |     40 |  0.000000E+00 |  0.000000E+00 |  0.0054206631 |             f
mean B0=95.9643 homogen=11470.7132
mean B0=106.5385 homogen=86229.8358
mean B0=101.3695 homogen=27249.0916
mean B0=111.7954 homogen=70537.3841
mean B0=84.9556 homogen=37892.3934
mean B0=105.6854 homogen=36739.9028
mean B0=108.1662 homogen=47055.5977
mean B0=105.3981 homogen=33891.1296
mean B0=96.3222 homogen=28947.9259
mean B0=86.9613 homogen=20278.9387
mean B0=89.4532 homogen=96147.705
mean B0=105.6879 homogen=36592.6834
mean B0=104.3804 homogen=29487.3056
mean B0=83.5903 homogen=15687.7962
mean B0=102.4053 homogen=24000.3478
mean B0=88.6017 homogen=96074.8279
mean B0=107.6671 homogen=48445.6807
mean B0=81.8237 homogen=30573.9225
mean B0=96.3646 homogen=35304.61
mean B0=111.378 homogen=67132.9991
mean B0=109.1831 homogen=47935.6643
mean B0=112.7634 homogen=76250.2562
mean B0=95.4805 homogen=15736.4947
mean B0=111.2579 homogen=65586.1452
mean B0=110.8546 homogen=62024.8798
mean B0=102.4652 homogen=23369.8056
mean B0=107.7559 homogen=43716.3618
mean B0=103.1855 homogen=26692.502
mean B0=91.161 homogen=32511.3806
mean B0=93.3668 homogen=6720.5145
mean B0=91.844 homogen=4129.4
mean B0=106.5505 homogen=25853.6013
mean B0=110.9847 homogen=63281.4416
mean B0=110.5156 homogen=76926.8843
mean B0=102.7129 homogen=27883.3203
mean B0=100.0149 homogen=48784.3317
mean B0=110.4006 homogen=60247.7357
mean B0=71.4489 homogen=86059.1844
mean B0=91.4115 homogen=5502.1924
mean B0=100.1138 homogen=19556.7195
   329 |    13160 |     40 |  0.000000E+00 |  0.000000E+00 |  0.0018991553 |             f
mean B0=99.7789 homogen=28139.5955
mean B0=100.983 homogen=22546.9213
mean B0=101.1381 homogen=24646.9132
mean B0=106.9876 homogen=39515.9411
mean B0=85.4407 homogen=118841.3422
mean B0=110.6788 homogen=62498.5443
mean B0=107.1477 homogen=42809.7543
mean B0=107.5353 homogen=46101.401
mean B0=102.2777 homogen=25146.6961
mean B0=112.3385 homogen=74894.7927
mean B0=91.9211 homogen=4211.7039
mean B0=107.9532 homogen=46003.2111
mean B0=91.8066 homogen=4381.8681
mean B0=94.656 homogen=11122.6949
mean B0=100.2434 homogen=19157.0454
mean B0=93.3181 homogen=25612.5627
mean B0=111.7833 homogen=70452.7286
mean B0=102.0519 homogen=63657.8742
mean B0=104.8484 homogen=30988.5654
mean B0=99.4996 homogen=17846.329
mean B0=105.0504 homogen=48276.9162
mean B0=88.4747 homogen=19167.0552
mean B0=99.5374 homogen=21391.8647
mean B0=110.9221 homogen=67474.2571
mean B0=110.7724 homogen=61388.8451
mean B0=104.9426 homogen=31335.2599
mean B0=102.3098 homogen=22962.6793
mean B0=109.4618 homogen=53202.9548
mean B0=67.873 homogen=81319.5604
mean B0=104.3687 homogen=29430.0103
mean B0=92.5899 homogen=5830.2149
mean B0=105.692 homogen=36768.5126
mean B0=94.9374 homogen=8734.1188
mean B0=88.3535 homogen=9633.0785
mean B0=106.7186 homogen=38762.2221
mean B0=98.9802 homogen=26608.7778
mean B0=101.4002 homogen=46596.9499
mean B0=100.1216 homogen=23844.4961
mean B0=100.8738 homogen=22983.828
mean B0=104.0922 homogen=28822.0129
   330 |    13200 |     40 |  0.000000E+00 |  0.000000E+00 |  0.0024623318 |             f
mean B0=110.1995 homogen=61540.356
mean B0=100.4786 homogen=20051.3143
mean B0=102.4042 homogen=25899.3837
mean B0=97.5695 homogen=13965.4165
mean B0=102.6355 homogen=23863.3847
mean B0=107.6526 homogen=54217.7268
mean B0=93.8182 homogen=7065.9469
mean B0=102.4999 homogen=72787.7611
mean B0=109.0021 homogen=107675.6374
mean B0=108.9323 homogen=49223.4623
mean B0=111.3862 homogen=66555.1192
mean B0=94.5792 homogen=10455.2579
mean B0=99.2714 homogen=21837.5106
mean B0=86.1237 homogen=187773.3775
mean B0=102.9642 homogen=47431.2379
mean B0=104.8518 homogen=30940.988
mean B0=107.4012 homogen=43511.775
mean B0=89.5037 homogen=19206.1995
mean B0=88.0153 homogen=14036.2107
mean B0=106.1257 homogen=59246.3953
mean B0=112.1701 homogen=73244.1279
mean B0=103.2095 homogen=24432.9476
mean B0=104.6123 homogen=28542.6907
mean B0=99.3401 homogen=17004.475
mean B0=95.508 homogen=18981.8519
mean B0=101.1581 homogen=22797.708
mean B0=104.5856 homogen=31139.3721
mean B0=94.3234 homogen=33839.06
mean B0=106.4439 homogen=37686.3896
mean B0=81.1028 homogen=44523.9139
mean B0=99.7948 homogen=20381.3537
mean B0=89.2388 homogen=5221.0641
mean B0=95.4638 homogen=17286.1446
mean B0=110.4196 homogen=60174.5167
mean B0=99.0767 homogen=22523.5021
mean B0=93.6215 homogen=17707.9595
mean B0=100.5352 homogen=20734.3618
mean B0=92.1751 homogen=17434.6027
mean B0=94.6727 homogen=14263.855
mean B0=103.6386 homogen=28431.479
   331 |    13240 |     40 |  0.000000E+00 |  0.000000E+00 |  0.0042835822 |             f
mean B0=110.7166 homogen=67563.5534
mean B0=110.9879 homogen=63278.2369
mean B0=112.2105 homogen=73892.8415
mean B0=105.8853 homogen=36436.8524
mean B0=92.6537 homogen=26105.2062
mean B0=102.3098 homogen=22962.6793
mean B0=91.9817 homogen=5377.3338
mean B0=101.4428 homogen=21156.1643
mean B0=75.7082 homogen=82750.5567
mean B0=109.5213 homogen=53240.7383
mean B0=87.7192 homogen=144108.4198
mean B0=100.5025 homogen=24438.7293
mean B0=103.2987 homogen=27053.2499
mean B0=91.5257 homogen=16176.6998
mean B0=103.1795 homogen=45941.613
mean B0=106.2796 homogen=45751.261
mean B0=111.7925 homogen=53005.9322
mean B0=97.5754 homogen=30777.5453
mean B0=103.2433 homogen=25939.6881
mean B0=106.4154 homogen=33967.2897
mean B0=94.3154 homogen=42919.097
mean B0=109.5179 homogen=53224.5652
mean B0=107.8232 homogen=44514.4137
mean B0=108.7644 homogen=48767.7423
mean B0=93.2202 homogen=20824.1593
mean B0=104.8519 homogen=30940.9746
mean B0=93.4441 homogen=6708.0375
mean B0=93.9285 homogen=32123.8369
mean B0=90.2408 homogen=32894.5813
mean B0=110.3292 homogen=60157.6958
mean B0=100.4479 homogen=21958.2514
mean B0=98.2735 homogen=23566.0625
mean B0=104.534 homogen=57070.1223
mean B0=99.9517 homogen=20451.3135
mean B0=102.3268 homogen=26140.6035
mean B0=104.5185 homogen=29959.9124
mean B0=111.7833 homogen=70452.7286
mean B0=93.4873 homogen=37073.4726
mean B0=100.4226 homogen=58102.4925
mean B0=92.3328 homogen=40724.5961
   332 |    13280 |     40 |  0.000000E+00 |  0.000000E+00 |  0.0031533212 |             f
mean B0=99.5686 homogen=22251.243
mean B0=110.7257 homogen=47136.596
mean B0=89.1201 homogen=4853.3348
mean B0=111.2807 homogen=65639.2993
mean B0=97.5688 homogen=13967.0142
mean B0=98.3387 homogen=16971.921
mean B0=106.7186 homogen=38762.2221
mean B0=103.8876 homogen=27873.4629
mean B0=103.0701 homogen=25555.1777
mean B0=99.8044 homogen=20695.0919
mean B0=105.6668 homogen=77795.6852
mean B0=104.3361 homogen=29485.8046
mean B0=104.9805 homogen=56338.9776
mean B0=111.3883 homogen=66554.6018
mean B0=98.1331 homogen=23587.4472
mean B0=86.7155 homogen=3627.4533
mean B0=101.1405 homogen=21761.5017
mean B0=104.8862 homogen=29801.6187
mean B0=96.5481 homogen=109139.5595
mean B0=88.8296 homogen=4676.2939
mean B0=107.1566 homogen=47264.3583
mean B0=104.6051 homogen=30147.0429
mean B0=81.4512 homogen=31907.4877
mean B0=108.223 homogen=99191.9246
mean B0=96.9433 homogen=11827.219
mean B0=95.209 homogen=9810.9559
mean B0=111.7833 homogen=70452.7286
mean B0=106.9284 homogen=39959.3645
mean B0=93.1019 homogen=5788.3522
mean B0=97.393 homogen=21592.2422
mean B0=108.2527 homogen=44569.9188
mean B0=100.6262 homogen=38494.1599
mean B0=104.4896 homogen=30070.1117
mean B0=108.2001 homogen=47244.373
mean B0=98.0016 homogen=18741.3015
mean B0=86.1895 homogen=2970.8165
mean B0=106.7678 homogen=36969.7453
mean B0=105.31 homogen=37221.3141
mean B0=93.4072 homogen=38460.7582
mean B0=99.6536 homogen=19155.3075
   333 |    13320 |     40 |  0.000000E+00 |  0.000000E+00 |  0.0015871924 |             f
mean B0=103.0885 homogen=25197.4251
mean B0=110.3165 homogen=59550.4786
mean B0=93.6774 homogen=6746.9091
mean B0=105.4504 homogen=34073.4216
mean B0=99.8044 homogen=21046.796
mean B0=99.2474 homogen=20107.9107
mean B0=104.1717 homogen=33074.1305
mean B0=107.1806 homogen=40359.1951
mean B0=111.0098 homogen=63402.0535
mean B0=94.8011 homogen=21385.5655
mean B0=103.827 homogen=28551.4602
mean B0=95.4624 homogen=10598.2901
mean B0=98.9596 homogen=81772.2052
mean B0=111.5566 homogen=66822.1437
mean B0=96.6734 homogen=14941.7484
mean B0=91.3681 homogen=20633.576
mean B0=107.6622 homogen=51590.2132
mean B0=88.8122 homogen=10142.1009
mean B0=105.7502 homogen=90935.9972
mean B0=99.9271 homogen=20903.8485
mean B0=106.593 homogen=38498.1761
mean B0=102.4103 homogen=23275.2347
mean B0=95.3529 homogen=10173.3724
mean B0=110.3223 homogen=59826.345
mean B0=77.3228 homogen=135769.1247
mean B0=97.9786 homogen=17536.7587
mean B0=103.1298 homogen=28828.3932
mean B0=111.2976 homogen=65735.6057
mean B0=109.4982 homogen=53073.3067
mean B0=104.0904 homogen=29188.2696
mean B0=89.8807 homogen=34330.0638
mean B0=108.9151 homogen=66496.1733
mean B0=104.8631 homogen=30966.3742
mean B0=104.3383 homogen=29464.1337
mean B0=103.2765 homogen=25953.6921
mean B0=93.6077 homogen=19937.8927
mean B0=109.4652 homogen=53173.988
mean B0=93.4209 homogen=3217.3688
mean B0=90.4933 homogen=38553.2802
mean B0=98.239 homogen=16746.9959
   334 |    13360 |     40 |  0.000000E+00 |  0.000000E+00 |  0.0018433400 |             f
mean B0=102.253 homogen=25148.4089
mean B0=104.1349 homogen=53999.3352
mean B0=90.3245 homogen=12145.5799
mean B0=92.8137 homogen=32535.8249
mean B0=77.7762 homogen=209260.8473
mean B0=111.7689 homogen=70375.6745
mean B0=91.7798 homogen=4075.5742
mean B0=96.0576 homogen=26799.5371
mean B0=96.509 homogen=20761.8244
mean B0=103.1633 homogen=29068.3099
mean B0=94.536 homogen=10025.6692
mean B0=90.9381 homogen=24021.3737
mean B0=93.7231 homogen=6654.4368
mean B0=96.2641 homogen=31415.0873
mean B0=109.5142 homogen=53241.1325
mean B0=111.1037 homogen=63492.1242
mean B0=96.0171 homogen=11484.9061
mean B0=73.6332 homogen=66555.1976
mean B0=103.0903 homogen=26373.3151
mean B0=112.7633 homogen=76310.9102
mean B0=88.9686 homogen=4521.501
mean B0=76.994 homogen=265062.083
mean B0=109.6257 homogen=60262.3624
mean B0=97.5554 homogen=13909.1063
mean B0=101.8729 homogen=49830.2518
mean B0=96.7303 homogen=12200.7562
mean B0=111.3449 homogen=66497.4982
mean B0=88.6212 homogen=40800.053
mean B0=98.2738 homogen=28871.4554
mean B0=102.6874 homogen=24581.0312
mean B0=110.718 homogen=60784.3064
mean B0=95.553 homogen=34325.3453
mean B0=104.7994 homogen=30937.6
mean B0=98.7181 homogen=48510.8526
mean B0=113.052 homogen=63174.6527
mean B0=108.2644 homogen=48955.0307
mean B0=107.4124 homogen=39580.5903
mean B0=102.728 homogen=26550.3666
mean B0=106.0758 homogen=37796.4245
mean B0=109.5282 homogen=53200.8154
   335 |    13400 |     40 |  0.000000E+00 |  0.000000E+00 |  0.0024096627 |             f
mean B0=104.8631 homogen=30966.3742
mean B0=95.8828 homogen=13705.8255
mean B0=97.995 homogen=31187.5787
mean B0=106.0108 homogen=36968.8118
mean B0=109.5592 homogen=54857.6589
mean B0=103.2765 homogen=25953.6921
mean B0=88.634 homogen=3638.8924
mean B0=85.9601 homogen=4098.2586
mean B0=102.1844 homogen=22590.0904
mean B0=112.1917 homogen=80091.2911
mean B0=110.6899 homogen=47161.3385
mean B0=105.3541 homogen=33744.8907
mean B0=110.6643 homogen=58474.6203
mean B0=93.0593 homogen=21766.5019
mean B0=67.7235 homogen=90020.4681
mean B0=111.3449 homogen=66497.4982
mean B0=101.3691 homogen=22622.4148
mean B0=111.672 homogen=67479.6907
mean B0=106.8861 homogen=39234.1708
mean B0=100.0706 homogen=21677.5665
mean B0=113.2206 homogen=62965.2005
mean B0=93.2862 homogen=6628.0617
mean B0=102.7063 homogen=24882.3161
mean B0=110.3463 homogen=42140.7043
mean B0=94.6159 homogen=8923.4568
mean B0=107.8232 homogen=44514.4137
mean B0=93.8186 homogen=7063.2575
mean B0=95.462 homogen=9274.5937
mean B0=106.2021 homogen=38230.2749
mean B0=99.2687 homogen=22866.0664
mean B0=85.5898 homogen=9263.425
mean B0=104.7853 homogen=30891.8322
mean B0=96.4498 homogen=12805.5747
mean B0=91.8767 homogen=23692.1966
mean B0=107.9848 homogen=46101.3256
mean B0=111.1037 homogen=63492.1242
mean B0=98.6109 homogen=22741.5407
mean B0=107.0863 homogen=39899.9546
mean B0=111.4623 homogen=69338.4322
mean B0=103.3665 homogen=30026.1917
   336 |    13440 |     40 |  0.000000E+00 |  0.000000E+00 |  0.0041880154 |             f
mean B0=108.2034 homogen=47241.3389
mean B0=109.7142 homogen=54083.8855
mean B0=101.1524 homogen=21436.748
mean B0=109.5592 homogen=54857.6589
mean B0=111.7833 homogen=70452.7286
mean B0=103.4275 homogen=26153.441
mean B0=55.0408 homogen=142976.1042
mean B0=98.8866 homogen=43227.8691
mean B0=101.4269 homogen=25646.9588
mean B0=103.06 homogen=25500.2825
mean B0=87.7716 homogen=122779.472
mean B0=93.8166 homogen=7058.6346
mean B0=100.9308 homogen=44172.3167
mean B0=110.5527 homogen=61291.3927
mean B0=103.904 homogen=28695.807
mean B0=95.1572 homogen=8402.0972
mean B0=85.5159 homogen=4629.8141
mean B0=101.3586 homogen=46454.1448
mean B0=102.6557 homogen=23864.0009
mean B0=105.7629 homogen=36002.0911
mean B0=99.9517 homogen=20451.3135
mean B0=98.5458 homogen=32365.3621
mean B0=79.9141 homogen=62814.3474
mean B0=98.6017 homogen=16392.1578
mean B0=88.9629 homogen=3870.6432
mean B0=107.9054 homogen=97892.0678
mean B0=98.9245 homogen=56024.3351
mean B0=96.1613 homogen=10825.2572
mean B0=87.7889 homogen=155366.434
mean B0=99.0162 homogen=36049.9792
mean B0=107.0702 homogen=41631.0802
mean B0=81.6269 homogen=36310.7316
mean B0=92.5774 homogen=9644.6427
mean B0=107.5897 homogen=43298.0065
mean B0=101.291 homogen=20765.6803
mean B0=82.4619 homogen=13977.9738
mean B0=94.2715 homogen=8792.7344
mean B0=111.4788 homogen=67243.4699
mean B0=108.5698 homogen=45458.6234
mean B0=96.4342 homogen=12125.0813
   337 |    13480 |     40 |  0.000000E+00 |  0.000000E+00 |  0.0013504685 |             f
mean B0=107.8344 homogen=97986.8707
mean B0=111.5804 homogen=76299.3681
mean B0=101.902 homogen=23116.1348
mean B0=91.5236 homogen=29112.3797
mean B0=100.0453 homogen=19819.5517
mean B0=99.9086 homogen=18651.9451
mean B0=93.1968 homogen=9613.8212
mean B0=107.444 homogen=42634.9167
mean B0=108.9501 homogen=60189.0736
mean B0=109.7142 homogen=54084.2443
mean B0=93.2545 homogen=6630.9686
mean B0=109.5215 homogen=71182.7046
mean B0=97.324 homogen=14766.3553
mean B0=111.1239 homogen=75112.6966
mean B0=91.6351 homogen=12050.8847
mean B0=105.1723 homogen=33545.235
mean B0=93.5821 homogen=6709.0183
mean B0=92.8675 homogen=22688.2229
mean B0=106.9461 homogen=41138.7622
mean B0=107.0767 homogen=40094.3944
mean B0=108.0522 homogen=44610.0153
mean B0=99.6806 homogen=19834.7659
mean B0=89.0079 homogen=130422.1784
mean B0=108.9923 homogen=50655.9609
mean B0=98.132 homogen=16933.8387
mean B0=84.4633 homogen=112905.9763
mean B0=86.5551 homogen=94804.0582
mean B0=110.8667 homogen=61982.816
mean B0=103.9376 homogen=28045.6391
mean B0=105.7629 homogen=36002.0938
mean B0=93.8515 homogen=7103.7081
mean B0=88.8406 homogen=6605.1358
mean B0=108.8461 homogen=104684.3005
mean B0=64.1542 homogen=83048.0843
mean B0=100.7963 homogen=33910.5566
mean B0=111.5425 homogen=66740.4011
mean B0=94.5637 homogen=8229.1614
mean B0=90.2234 homogen=26095.6015
mean B0=104.1122 homogen=28599.1198
mean B0=104.909 homogen=31187.6519
   338 |    13520 |     40 |  0.000000E+00 |  0.000000E+00 |  0.0033738299 |             f
mean B0=99.2966 homogen=17190.1931
mean B0=100.0293 homogen=20850.5517
mean B0=93.7372 homogen=17267.363
mean B0=101.053 homogen=22430.8569
mean B0=109.7066 homogen=63076.7272
mean B0=101.8618 homogen=27452.0369
mean B0=98.5946 homogen=16427.0293
mean B0=109.1811 homogen=58204.2346
mean B0=96.3388 homogen=23512.4001
mean B0=89.0732 homogen=82063.1928
mean B0=85.949 homogen=175155.7432
mean B0=109.5668 homogen=53567.7325
mean B0=92.2351 homogen=18740.8673
mean B0=112.7672 homogen=76232.4681
mean B0=104.6548 homogen=30532.0377
mean B0=102.5359 homogen=45073.2761
mean B0=98.2163 homogen=16408.3355
mean B0=106.9658 homogen=47026.3898
mean B0=107.6305 homogen=45741.8613
mean B0=101.1563 homogen=40394.2427
mean B0=101.7209 homogen=23068.4257
mean B0=98.86 homogen=24732.4236
mean B0=102.7174 homogen=28220.5177
mean B0=103.012 homogen=25246.4358
mean B0=107.7432 homogen=43017.1226
mean B0=90.8539 homogen=5217.7122
mean B0=110.3382 homogen=67455.0847
mean B0=103.4171 homogen=26535.1312
mean B0=100.2927 homogen=35587.3451
mean B0=92.9846 homogen=29896.1231
mean B0=108.9725 homogen=49360.5136
mean B0=93.3047 homogen=7082.8345
mean B0=106.1136 homogen=54067.3789
mean B0=111.7851 homogen=70480.2198
mean B0=106.0171 homogen=36849.1711
mean B0=96.8719 homogen=27310.1088
mean B0=88.9 homogen=5721.7596
mean B0=98.2788 homogen=19005.032
mean B0=89.8619 homogen=23007.43
mean B0=104.0193 homogen=28317.9845
   339 |    13560 |     40 |  0.000000E+00 |  0.000000E+00 |  0.0015720829 |             f
mean B0=109.7649 homogen=64832.4081
mean B0=108.9925 homogen=50657.7109
mean B0=94.5764 homogen=9752.2302
mean B0=94.0605 homogen=33134.2015
mean B0=105.8858 homogen=36445.9132
mean B0=93.9804 homogen=7513.221
mean B0=86.2079 homogen=2945.2049
mean B0=109.315 homogen=38850.049
mean B0=101.4029 homogen=22513.1108
mean B0=99.921 homogen=18685.9589
mean B0=111.3209 homogen=66507.1712
mean B0=92.226 homogen=22704.2834
mean B0=101.5439 homogen=61164.118
mean B0=109.7566 homogen=54296.822
mean B0=99.9728 homogen=20556.2901
mean B0=110.1732 homogen=56084.914
mean B0=99.2701 homogen=17123.0243
mean B0=111.9021 homogen=69158.4774
mean B0=112.4094 homogen=74328.9121
mean B0=93.3047 homogen=7082.8345
mean B0=99.3579 homogen=17392.6327
mean B0=106.0169 homogen=36848.4954
mean B0=101.8039 homogen=24492.2508
mean B0=96.5365 homogen=11686.2109
mean B0=101.9802 homogen=169366.5337
mean B0=106.0692 homogen=37352.8778
mean B0=88.6306 homogen=3624.0111
mean B0=85.2203 homogen=5885.9006
mean B0=103.3449 homogen=24609.2914
mean B0=98.5923 homogen=16420.0052
mean B0=105.3765 homogen=33786.5381
mean B0=93.1881 homogen=9619.0667
mean B0=99.776 homogen=23587.6088
mean B0=97.0238 homogen=34275.0507
mean B0=108.0193 homogen=44681.1653
mean B0=112.0395 homogen=72761.0779
mean B0=103.0396 homogen=25329.7773
mean B0=108.1373 homogen=45158.8728
mean B0=110.6343 homogen=61200.3531
mean B0=77.5207 homogen=134701.8212
   340 |    13600 |     40 |  0.000000E+00 |  0.000000E+00 |  0.0050189077 |             f
mean B0=102.9983 homogen=25204.2128
mean B0=98.2026 homogen=15924.9866
mean B0=105.439 homogen=24704.359
mean B0=97.9255 homogen=23717.3281
mean B0=105.3735 homogen=33748.6666
mean B0=93.734 homogen=8019.4914
mean B0=90.4518 homogen=5747.5426
mean B0=107.1379 homogen=40176.1119
mean B0=90.744 homogen=88028.9178
mean B0=108.3691 homogen=47926.1049
mean B0=101.8968 homogen=50804.1824
mean B0=92.1689 homogen=21889.1067
mean B0=97.4508 homogen=13974.2657
mean B0=109.4132 homogen=53323.5676
mean B0=79.163 homogen=47219.7775
mean B0=93.9512 homogen=182698.1796
mean B0=91.608 homogen=3913.3293
mean B0=99.9728 homogen=20556.2901
mean B0=100.3037 homogen=31200.8476
mean B0=107.4446 homogen=42632.6328
mean B0=109.5133 homogen=53106.2908
mean B0=106.5329 homogen=38416.4912
mean B0=91.0735 homogen=55967.6559
mean B0=98.2747 homogen=16698.8172
mean B0=103.4123 homogen=26239.4451
mean B0=103.0134 homogen=20942.9101
mean B0=109.3632 homogen=65000.5045
mean B0=112.2536 homogen=73536.9041
mean B0=85.6999 homogen=8117.5086
mean B0=106.4326 homogen=37479.2969
mean B0=105.298 homogen=33877.4705
mean B0=92.7519 homogen=23623.8253
mean B0=101.503 homogen=21453.5908
mean B0=111.0767 homogen=62671.3828
mean B0=111.63 homogen=67735.5165
mean B0=111.7762 homogen=68172.425
mean B0=91.8204 homogen=5106.0126
mean B0=97.6007 homogen=23656.2756
mean B0=110.7189 homogen=60783.848
mean B0=88.5391 homogen=7202.7274
   341 |    13640 |     40 |  0.000000E+00 |  0.000000E+00 |  0.0020128188 |             f
mean B0=76.7039 homogen=54936.4674
mean B0=111.9021 homogen=69158.4774
mean B0=108.1373 homogen=45158.8728
mean B0=105.1146 homogen=78164.9604
mean B0=96.6104 homogen=18243.2356
mean B0=101.9262 homogen=49724.0957
mean B0=98.2368 homogen=16578.9267
mean B0=107.3683 homogen=42428.2804
mean B0=93.0107 homogen=6223.8419
mean B0=108.0541 homogen=44600.5106
mean B0=91.1197 homogen=27251.6704
mean B0=93.0347 homogen=19402.5295
mean B0=111.1986 homogen=67660.4003
mean B0=101.1262 homogen=24457.6539
mean B0=94.315 homogen=28908.2782
mean B0=85.7217 homogen=4860.3079
mean B0=100.1467 homogen=24104.6534
mean B0=103.7591 homogen=48071.058
mean B0=106.6623 homogen=38426.3744
mean B0=103.4052 homogen=29602.7895
mean B0=99.6578 homogen=155221.3329
mean B0=108.9323 homogen=49223.4623
mean B0=98.2026 homogen=15924.9866
mean B0=106.8071 homogen=39093.5058
mean B0=82.1477 homogen=111564.1734
mean B0=104.9411 homogen=30025.3539
mean B0=99.9655 homogen=20616.2153
mean B0=108.4457 homogen=48136.892
mean B0=95.7488 homogen=13703.8242
mean B0=113.8604 homogen=77252.0893
mean B0=94.0746 homogen=15052.9207
mean B0=105.2314 homogen=42442.6622
mean B0=94.5566 homogen=8896.886
mean B0=102.2174 homogen=25594.7436
mean B0=93.7854 homogen=25879.6324
mean B0=105.2575 homogen=67789.8337
mean B0=99.3779 homogen=24484.0382
mean B0=96.1014 homogen=34972.4234
mean B0=110.3181 homogen=60569.8962
mean B0=105.3055 homogen=38594.4724
   342 |    13680 |     40 |  0.000000E+00 |  0.000000E+00 |  0.0017372606 |             f
mean B0=105.5942 homogen=39896.3033
mean B0=92.1788 homogen=26461.3947
mean B0=110.0795 homogen=56082.3766
mean B0=110.1732 homogen=56084.914
mean B0=111.1008 homogen=64522.2373
mean B0=96.6158 homogen=25898.7031
mean B0=97.5315 homogen=13887.8625
mean B0=113.8426 homogen=66210.3309
mean B0=99.7978 homogen=28154.2352
mean B0=94.6711 homogen=9794.7185
mean B0=108.6055 homogen=55096.2187
mean B0=92.606 homogen=9019.326
mean B0=102.1712 homogen=22548.4088
mean B0=105.6279 homogen=34900.0908
mean B0=104.8378 homogen=31193.0682
mean B0=104.2583 homogen=29822.1813
mean B0=93.9804 homogen=7513.221
mean B0=111.2575 homogen=68445.8231
mean B0=109.6224 homogen=61378.2137
mean B0=92.3116 homogen=47762.7028
mean B0=94.4656 homogen=10303.1345
mean B0=105.4064 homogen=41787.5219
mean B0=108.3487 homogen=46531.3762
mean B0=102.9975 homogen=25200.2567
mean B0=96.9386 homogen=12858.8696
mean B0=101.8282 homogen=23421.2188
mean B0=101.5312 homogen=21497.164
mean B0=103.1088 homogen=56407.0314
mean B0=95.8048 homogen=30649.3007
mean B0=101.581 homogen=21642.8764
mean B0=89.4901 homogen=6864.0507
mean B0=68.1621 homogen=259825.3958
mean B0=111.8788 homogen=69048.2002
mean B0=106.5314 homogen=37956.3058
mean B0=98.47 homogen=23756.8134
mean B0=101.5313 homogen=25779.3459
mean B0=93.2862 homogen=6628.0617
mean B0=106.5953 homogen=38440.2425
mean B0=112.3641 homogen=74996.6935
mean B0=105.1503 homogen=24017.0988
   343 |    13720 |     40 |  0.000000E+00 |  0.000000E+00 |  0.0026805169 |             f
mean B0=107.1887 homogen=70216.2967
mean B0=109.6341 homogen=111975.2218
mean B0=112.2492 homogen=73557.1921
mean B0=111.8826 homogen=69014.0002
mean B0=110.4032 homogen=59850.5069
mean B0=94.4144 homogen=12916.9684
mean B0=93.3244 homogen=6637.107
mean B0=104.1159 homogen=29498.5773
mean B0=112.0376 homogen=72754.2082
mean B0=98.5036 homogen=47107.6004
mean B0=99.4994 homogen=20044.6093
mean B0=111.1037 homogen=63492.1242
mean B0=95.3678 homogen=51450.6013
mean B0=95.4754 homogen=14199.2259
mean B0=109.4983 homogen=53073.3928
mean B0=96.3691 homogen=11286.5213
mean B0=104.9451 homogen=31352.097
mean B0=107.0923 homogen=41486.9447
mean B0=111.9017 homogen=69159.5374
mean B0=107.3773 homogen=42444.2295
mean B0=99.6671 homogen=23608.4301
mean B0=102.1839 homogen=22593.0268
mean B0=78.166 homogen=18076.3927
mean B0=91.862 homogen=157728.3537
mean B0=103.6595 homogen=26976.8672
mean B0=89.3615 homogen=9485.3398
mean B0=110.9768 homogen=65356.7809
mean B0=100.1036 homogen=20531.82
mean B0=102.9976 homogen=25203.6132
mean B0=87.545 homogen=12755.3339
mean B0=103.8156 homogen=28516.0852
mean B0=107.4446 homogen=42632.6328
mean B0=101.1549 homogen=23146.4391
mean B0=89.0608 homogen=4377.7414
mean B0=106.8075 homogen=39094.1739
mean B0=91.4135 homogen=4256.1446
mean B0=107.9533 homogen=44416.7664
mean B0=106.6116 homogen=38133.2694
mean B0=101.291 homogen=20766.6886
mean B0=95.6265 homogen=118074.2495
   344 |    13760 |     40 |  0.000000E+00 |  0.000000E+00 |  0.0024567524 |             f
mean B0=100.7111 homogen=44671.2649
mean B0=99.0982 homogen=44990.4976
mean B0=92.0454 homogen=63376.559
mean B0=104.4325 homogen=52566.6789
mean B0=106.5938 homogen=38144.4625
mean B0=111.69 homogen=68530.3071
mean B0=88.5542 homogen=3685.3074
mean B0=108.8644 homogen=48819.9476
mean B0=102.2685 homogen=22869.7425
mean B0=104.5789 homogen=33624.6764
mean B0=111.8826 homogen=69014.0002
mean B0=91.6082 homogen=3913.3649
mean B0=108.4948 homogen=101881.6011
mean B0=98.9627 homogen=20927.3184
mean B0=92.9606 homogen=6118.5636
mean B0=101.2794 homogen=52267.4034
mean B0=110.1685 homogen=56238.3659
mean B0=98.6013 homogen=16396.0026
mean B0=96.3338 homogen=15978.2539
mean B0=108.7696 homogen=52686.4482
mean B0=104.8107 homogen=29661.0096
mean B0=94.4693 homogen=31683.6694
mean B0=105.9616 homogen=26109.2573
mean B0=100.7904 homogen=22039.3772
mean B0=96.7473 homogen=12186.3624
mean B0=104.4597 homogen=30351.9741
mean B0=100.1121 homogen=20492.8392
mean B0=97.7595 homogen=69576.1619
mean B0=109.4265 homogen=52642.3124
mean B0=104.036 homogen=24138.7989
mean B0=102.9975 homogen=25200.2567
mean B0=91.9817 homogen=5377.2486
mean B0=112.5516 homogen=75892.9638
mean B0=101.9974 homogen=29532.2642
mean B0=113.3995 homogen=65860.0604
mean B0=99.8907 homogen=23093.8575
mean B0=108.8447 homogen=49036.1777
mean B0=103.8165 homogen=28517.739
mean B0=85.7591 homogen=43322.1601
mean B0=106.9087 homogen=39324.3185
   345 |    13800 |     40 |  0.000000E+00 |  0.000000E+00 |  0.0030318343 |             f
mean B0=103.7455 homogen=25929.6053
mean B0=105.4186 homogen=34024.5635
mean B0=112.7629 homogen=76353.7906
mean B0=96.1811 homogen=15035.3176
mean B0=91.0156 homogen=8789.5088
mean B0=104.0386 homogen=31617.0392
mean B0=110.2238 homogen=67101.2754
mean B0=98.5932 homogen=16422.1157
mean B0=106.8387 homogen=37256.8465
mean B0=110.7829 homogen=61843.1191
mean B0=102.3627 homogen=23102.3729
mean B0=111.9186 homogen=71573.9003
mean B0=97.3776 homogen=12060.5896
mean B0=111.3449 homogen=66497.4982
mean B0=112.4108 homogen=74322.893
mean B0=110.469 homogen=60897.5582
mean B0=102.5073 homogen=21475.5733
mean B0=93.7275 homogen=20225.534
mean B0=102.8709 homogen=22956.4867
mean B0=110.6589 homogen=61789.5878
mean B0=96.5192 homogen=11600.0187
mean B0=108.2818 homogen=46154.4965
mean B0=104.9522 homogen=31307.0366
mean B0=98.2243 homogen=17479.6649
mean B0=100.4574 homogen=22738.3939
mean B0=87.2127 homogen=100408.7562
mean B0=97.9638 homogen=31508.4058
mean B0=97.5639 homogen=13925.981
mean B0=85.7095 homogen=94643.8804
mean B0=109.8338 homogen=54654.8595
mean B0=108.7967 homogen=48764.248
mean B0=109.5288 homogen=53433.9965
mean B0=85.4679 homogen=8435.9603
mean B0=76.624 homogen=62108.4089
mean B0=73.2618 homogen=40588.0868
mean B0=92.1003 homogen=5886.856
mean B0=88.2172 homogen=9863.5942
mean B0=97.7223 homogen=26784.7673
mean B0=108.679 homogen=48177.7581
mean B0=109.7311 homogen=53972.4623
   346 |    13840 |     40 |  0.000000E+00 |  0.000000E+00 |  0.0010282905 |             f
mean B0=96.201 homogen=24952.4548
mean B0=71.8623 homogen=254731.6155
mean B0=101.4928 homogen=24183.1672
mean B0=98.4791 homogen=39231.1231
mean B0=98.7267 homogen=18270.1301
mean B0=88.009 homogen=160692.0864
mean B0=107.176 homogen=40335.7508
mean B0=96.7617 homogen=12227.2878
mean B0=95.9873 homogen=14716.299
mean B0=107.7918 homogen=48710.3824
mean B0=110.4337 homogen=68278.4983
mean B0=111.1531 homogen=63156.7689
mean B0=105.4516 homogen=34247.7871
mean B0=100.8407 homogen=20833.3133
mean B0=95.6657 homogen=11044.7461
mean B0=107.5046 homogen=91813.1458
mean B0=102.9814 homogen=25162.6907
mean B0=98.6017 homogen=16392.1578
mean B0=103.3927 homogen=26986.5455
mean B0=93.6947 homogen=61336.1765
mean B0=109.5973 homogen=54707.4586
mean B0=84.8766 homogen=10278.9292
mean B0=104.6112 homogen=35520.8752
mean B0=100.125 homogen=20739.9268
mean B0=95.6251 homogen=22358.1396
mean B0=88.8793 homogen=5433.8765
mean B0=110.9105 homogen=67446.4839
mean B0=97.55 homogen=13895.0303
mean B0=94.9172 homogen=9958.5257
mean B0=100.5222 homogen=23087.9008
mean B0=89.2675 homogen=5578.8694
mean B0=105.6676 homogen=34079.1376
mean B0=102.9619 homogen=25007.5789
mean B0=114.0401 homogen=68556.9919
mean B0=94.2069 homogen=38289.0943
mean B0=108.0539 homogen=87295.1408
mean B0=103.8331 homogen=28563.4671
mean B0=108.9323 homogen=49223.4623
mean B0=108.883 homogen=54782.6103
mean B0=102.6435 homogen=23795.3316
   347 |    13880 |     40 |  0.000000E+00 |  0.000000E+00 |  0.0025769407 |             f
mean B0=111.7103 homogen=68238.9194
mean B0=107.7732 homogen=33670.1747
mean B0=96.1613 homogen=10825.0627
mean B0=110.2433 homogen=59457.0036
mean B0=105.3484 homogen=33774.4761
mean B0=112.3466 homogen=73783.7989
mean B0=105.8817 homogen=36465.0649
mean B0=103.8113 homogen=28467.1998
mean B0=104.2091 homogen=29216.5438
mean B0=102.743 homogen=27294.6952
mean B0=96.7522 homogen=12213.0966
mean B0=102.2627 homogen=22818.8638
mean B0=111.1376 homogen=63108.037
mean B0=91.3169 homogen=62726.7034
mean B0=104.7275 homogen=39114.6756
mean B0=97.526 homogen=29048.0333
mean B0=87.5154 homogen=9416.6113
mean B0=71.4882 homogen=80471.8066
mean B0=97.4039 homogen=13621.7581
mean B0=90.0693 homogen=7150.2451
mean B0=100.3668 homogen=21076.0298
mean B0=108.9323 homogen=49223.4623
mean B0=94.432 homogen=12003.4052
mean B0=103.4657 homogen=27117.8717
mean B0=104.958 homogen=31288.5546
mean B0=110.9214 homogen=64313.6231
mean B0=85.5385 homogen=30585.8491
mean B0=109.4495 homogen=52807.2204
mean B0=96.8982 homogen=30750.2066
mean B0=102.7484 homogen=26692.2493
mean B0=97.5587 homogen=13907.0128
mean B0=82.4979 homogen=27956.9467
mean B0=112.4209 homogen=74344.3345
mean B0=105.6313 homogen=24769.9993
mean B0=90.9949 homogen=5243.6838
mean B0=99.3144 homogen=37036.7727
mean B0=100.8779 homogen=20264.9418
mean B0=112.7234 homogen=76204.087
mean B0=93.5196 homogen=15693.613
mean B0=110.6577 homogen=66625.2965
   348 |    13920 |     40 |  0.000000E+00 |  0.000000E+00 |  0.0021986313 |             f
mean B0=111.1376 homogen=63108.037
mean B0=99.986 homogen=46377.9757
mean B0=107.9 homogen=47462.1995
mean B0=107.8364 homogen=44520.965
mean B0=110.6822 homogen=59675.4525
mean B0=108.2818 homogen=46154.335
mean B0=86.7018 homogen=3598.7849
mean B0=88.7021 homogen=3845.9412
mean B0=91.8827 homogen=6926.5466
mean B0=93.0475 homogen=24840.3392
mean B0=101.29 homogen=20767.274
mean B0=88.6795 homogen=131312.9382
mean B0=93.2367 homogen=6731.2987
mean B0=106.2867 homogen=37168.6124
mean B0=99.1665 homogen=16868.114
mean B0=109.878 homogen=70743.561
mean B0=94.4621 homogen=16912.3688
mean B0=107.4469 homogen=42517.3347
mean B0=111.6448 homogen=67953.4351
mean B0=105.6474 homogen=77532.4184
mean B0=110.2433 homogen=59457.0036
mean B0=99.7969 homogen=22589.0235
mean B0=107.0336 homogen=39779.801
mean B0=104.9578 homogen=31481.427
mean B0=102.748 homogen=56965.3853
mean B0=112.7707 homogen=76264.5551
mean B0=94.9206 homogen=8625.0688
mean B0=106.7728 homogen=35724.2435
mean B0=99.4059 homogen=38185.7851
mean B0=91.8911 homogen=22608.4408
mean B0=97.405 homogen=13620.7591
mean B0=108.1287 homogen=54838.0214
mean B0=102.26 homogen=22819.3629
mean B0=100.7726 homogen=45140.6025
mean B0=107.6661 homogen=48485.49
mean B0=101.3283 homogen=23786.7481
mean B0=90.2302 homogen=24587.9254
mean B0=104.076 homogen=28505.8507
mean B0=98.6185 homogen=16333.3939
mean B0=79.4049 homogen=57393.1189
   349 |    13960 |     40 |  0.000000E+00 |  0.000000E+00 |  0.0036388688 |             f
mean B0=111.4017 homogen=71281.3105
mean B0=98.3128 homogen=16867.211
mean B0=88.3008 homogen=198990.4763
mean B0=108.8655 homogen=49096.4176
mean B0=86.4671 homogen=5015.9907
mean B0=102.3807 homogen=23022.9288
mean B0=96.1609 homogen=10825.1925
mean B0=92.3599 homogen=133778.4985
mean B0=101.6441 homogen=21944.5892
mean B0=86.5333 homogen=128655.6237
mean B0=106.61 homogen=38130.2946
mean B0=109.5973 homogen=54707.4586
mean B0=97.7897 homogen=22465.3066
mean B0=99.1962 homogen=16938.6045
mean B0=97.2617 homogen=138453.5375
mean B0=97.8216 homogen=23737.6831
mean B0=90.8654 homogen=21823.3514
mean B0=89.1991 homogen=5172.5134
mean B0=95.3211 homogen=38799.4365
mean B0=107.8498 homogen=44590.5771
mean B0=102.8579 homogen=26921.9091
mean B0=93.3337 homogen=7875.8832
mean B0=91.7813 homogen=4064.9483
mean B0=97.4587 homogen=13663.5135
mean B0=107.6294 homogen=43090.7436
mean B0=110.53 homogen=59228.4418
mean B0=109.427 homogen=52643.8986
mean B0=111.9186 homogen=71573.9003
mean B0=103.8477 homogen=28121.3098
mean B0=100.721 homogen=22941.0539
mean B0=102.1854 homogen=22591.8207
mean B0=94.9374 homogen=8734.1188
mean B0=98.0921 homogen=16333.0522
mean B0=105.3223 homogen=33642.6393
mean B0=98.7885 homogen=49653.2459
mean B0=105.8688 homogen=76940.5154
mean B0=102.2602 homogen=24614.2246
mean B0=96.4524 homogen=66467.8857
mean B0=96.1727 homogen=20748.6733
mean B0=108.9069 homogen=49094.7369
   350 |    14000 |     40 |  0.000000E+00 |  0.000000E+00 |  0.0018247882 |             f
mean B0=99.7706 homogen=30764.6674
mean B0=101.8119 homogen=22187.2571
mean B0=99.3184 homogen=20205.7563
mean B0=102.7184 homogen=99156.5029
mean B0=113.4767 homogen=61242.0956
mean B0=106.2435 homogen=37373.7918
mean B0=74.7508 homogen=65408.4061
mean B0=102.2413 homogen=29818.9344
mean B0=96.8625 homogen=14716.0639
mean B0=104.5156 homogen=29848.9822
mean B0=102.7979 homogen=30905.2267
mean B0=105.3348 homogen=33667.5177
mean B0=107.414 homogen=49521.4105
mean B0=109.2554 homogen=68698.5759
mean B0=96.241 homogen=13008.5012
mean B0=88.3038 homogen=5011.2973
mean B0=102.4148 homogen=26606.3834
mean B0=98.0185 homogen=22910.0904
mean B0=100.2208 homogen=21583.9013
mean B0=110.684 homogen=59684.3805
mean B0=104.0195 homogen=27007.4453
mean B0=101.1385 homogen=20575.6319
mean B0=103.0157 homogen=25923.8724
mean B0=88.0043 homogen=87762.5904
mean B0=84.111 homogen=30336.3779
mean B0=104.7678 homogen=30686.9786
mean B0=111.9568 homogen=71830.3247
mean B0=103.1418 homogen=27345.5089
mean B0=110.3549 homogen=58306.3908
mean B0=107.7525 homogen=93060.3215
mean B0=90.9709 homogen=18634.4344
mean B0=97.8618 homogen=125790.9049
mean B0=88.9008 homogen=5299.3363
mean B0=99.2054 homogen=21620.0448
mean B0=98.4838 homogen=16677.7695
mean B0=90.4908 homogen=41585.4236
mean B0=108.6889 homogen=59002.2779
mean B0=104.5141 homogen=45793.7491
mean B0=95.8002 homogen=12041.0707
mean B0=109.4248 homogen=52636.9556
   351 |    14040 |     40 |  0.000000E+00 |  0.000000E+00 |  0.0037728709 |             f
mean B0=103.3321 homogen=27942.8923
mean B0=94.8649 homogen=8780.8299
mean B0=110.0627 homogen=56011.9231
mean B0=97.457 homogen=13716.8798
mean B0=99.32 homogen=19530.2147
mean B0=111.0645 homogen=62511.3729
mean B0=114.4103 homogen=70982.4464
mean B0=96.241 homogen=13008.5012
mean B0=97.8264 homogen=64755.4725
mean B0=98.96 homogen=27944.7965
mean B0=104.24 homogen=29151.2842
mean B0=100.8382 homogen=57044.0521
mean B0=88.5998 homogen=4013.235
mean B0=104.0141 homogen=62299.2151
mean B0=103.8479 homogen=28121.9024
mean B0=104.7456 homogen=30822.7279
mean B0=111.0 homogen=66395.0838
mean B0=103.9595 homogen=21053.0397
mean B0=99.8981 homogen=22082.2747
mean B0=95.4281 homogen=14360.5398
mean B0=106.9789 homogen=39491.6067
mean B0=102.4024 homogen=23143.8473
mean B0=108.9233 homogen=49161.0251
mean B0=102.6126 homogen=23586.9731
mean B0=107.9801 homogen=45327.3701
mean B0=112.0444 homogen=72428.8323
mean B0=109.4 homogen=52601.7201
mean B0=106.6116 homogen=38133.2694
mean B0=98.2384 homogen=17266.0228
mean B0=82.7664 homogen=161163.3054
mean B0=101.6001 homogen=49420.1859
mean B0=100.6721 homogen=50168.6387
mean B0=92.0757 homogen=21678.8078
mean B0=96.4236 homogen=24057.5921
mean B0=82.8176 homogen=124526.3843
mean B0=102.8953 homogen=40781.152
mean B0=107.1242 homogen=40071.6225
mean B0=85.68 homogen=7625.173
mean B0=100.07 homogen=28265.2075
mean B0=89.7844 homogen=23219.0704
   352 |    14080 |     40 |  0.000000E+00 |  0.000000E+00 |  0.0013484707 |             f
mean B0=108.7854 homogen=48977.3528
mean B0=110.7956 homogen=64008.9972
mean B0=102.402 homogen=23145.4063
mean B0=112.7707 homogen=76264.5551
mean B0=84.2688 homogen=216653.0089
mean B0=82.4132 homogen=129816.0072
mean B0=102.5811 homogen=23463.3158
mean B0=93.3339 homogen=6661.0102
mean B0=96.2224 homogen=57434.0327
mean B0=109.8749 homogen=54580.6682
mean B0=94.5972 homogen=104788.2917
mean B0=105.2376 homogen=32376.8531
mean B0=108.3136 homogen=47625.2616
mean B0=90.9396 homogen=7823.2567
mean B0=101.1185 homogen=19315.2858
mean B0=99.4088 homogen=34207.1649
mean B0=97.0622 homogen=9523.4265
mean B0=96.4544 homogen=108844.2658
mean B0=92.1003 homogen=5886.856
mean B0=105.1898 homogen=32670.6655
mean B0=76.1172 homogen=57603.5094
mean B0=112.593 homogen=74969.7614
mean B0=108.2817 homogen=46155.1872
mean B0=104.24 homogen=29151.2842
mean B0=106.1466 homogen=79746.4734
mean B0=99.5439 homogen=20132.0117
mean B0=106.2607 homogen=93933.2984
mean B0=108.8963 homogen=49030.7879
mean B0=100.8841 homogen=28219.9394
mean B0=82.1347 homogen=123741.5365
mean B0=111.9073 homogen=69186.861
mean B0=103.0306 homogen=47162.8982
mean B0=106.4806 homogen=37678.7119
mean B0=86.7849 homogen=5025.1882
mean B0=87.7635 homogen=6548.9041
mean B0=104.4892 homogen=29861.4589
mean B0=105.3372 homogen=33745.9672
mean B0=102.2191 homogen=21053.0277
mean B0=79.1432 homogen=31849.2152
mean B0=102.1647 homogen=35024.5002
   353 |    14120 |     40 |  0.000000E+00 |  0.000000E+00 |  0.0023151443 |             f
mean B0=109.8104 homogen=109990.8685
mean B0=100.8779 homogen=20264.9418
mean B0=98.0719 homogen=22998.2503
mean B0=92.6357 homogen=169096.7526
mean B0=112.5852 homogen=74888.1106
mean B0=107.1686 homogen=40367.2239
mean B0=106.3761 homogen=37242.505
mean B0=99.3652 homogen=33309.6524
mean B0=108.8734 homogen=49136.1738
mean B0=102.2735 homogen=52582.1911
mean B0=109.8616 homogen=54613.833
mean B0=93.6822 homogen=16453.4145
mean B0=107.6837 homogen=93726.5674
mean B0=92.7883 homogen=25610.4181
mean B0=101.6385 homogen=168621.9933
mean B0=102.4024 homogen=23143.8473
mean B0=102.8787 homogen=46871.021
mean B0=92.0991 homogen=5884.0456
mean B0=102.7591 homogen=74202.0872
mean B0=96.3736 homogen=13070.5755
mean B0=97.0539 homogen=12939.303
mean B0=93.3244 homogen=6637.107
mean B0=98.1451 homogen=24895.1646
mean B0=108.4106 homogen=47054.846
mean B0=67.4367 homogen=58647.7518
mean B0=102.3875 homogen=23003.4558
mean B0=109.5037 homogen=53188.0395
mean B0=92.6838 homogen=26686.5098
mean B0=108.6318 homogen=42702.0036
mean B0=112.0522 homogen=72468.5181
mean B0=108.2102 homogen=47924.7504
mean B0=84.4322 homogen=15960.7208
mean B0=111.1634 homogen=63239.3863
mean B0=92.9568 homogen=29524.8595
mean B0=105.3585 homogen=33783.5508
mean B0=99.1962 homogen=16938.6045
mean B0=104.7227 homogen=30622.164
mean B0=81.129 homogen=127999.488
mean B0=94.7524 homogen=30603.8896
mean B0=82.7509 homogen=124443.7284
   354 |    14160 |     40 |  0.000000E+00 |  0.000000E+00 |  0.0028849556 |             f
mean B0=92.9218 homogen=18868.4984
mean B0=112.3554 homogen=74942.8448
mean B0=99.0239 homogen=18570.1471
mean B0=104.3898 homogen=43225.9185
mean B0=110.3719 homogen=58322.2796
mean B0=98.7944 homogen=16215.449
mean B0=108.0301 homogen=44786.4605
mean B0=97.6747 homogen=12885.1999
mean B0=98.9168 homogen=21531.1975
mean B0=103.7361 homogen=29346.6208
mean B0=105.6578 homogen=75885.1316
mean B0=105.6914 homogen=33440.4443
mean B0=94.8565 homogen=8368.3481
mean B0=103.2117 homogen=23717.495
mean B0=106.593 homogen=38132.1466
mean B0=100.8779 homogen=20264.9418
mean B0=99.5419 homogen=23613.0348
mean B0=104.5748 homogen=52047.2439
mean B0=98.9894 homogen=16141.1425
mean B0=103.8024 homogen=71829.8113
mean B0=105.9827 homogen=56994.5973
mean B0=106.2848 homogen=37158.3552
mean B0=103.3007 homogen=27858.4542
mean B0=82.2444 homogen=145594.4091
mean B0=109.8577 homogen=54552.2542
mean B0=93.8587 homogen=46593.0502
mean B0=112.1359 homogen=73157.2288
mean B0=112.8513 homogen=73227.0373
mean B0=94.6219 homogen=24200.6501
mean B0=107.0825 homogen=42147.9803
mean B0=99.2617 homogen=17014.1865
mean B0=108.0122 homogen=44792.1663
mean B0=93.3949 homogen=6768.8633
mean B0=108.8477 homogen=63672.8882
mean B0=105.4099 homogen=39724.8595
mean B0=101.6043 homogen=21215.3321
mean B0=94.6567 homogen=12664.1209
mean B0=80.931 homogen=144243.1301
mean B0=110.2767 homogen=57678.5781
mean B0=99.1993 homogen=27449.4773
   355 |    14200 |     40 |  0.000000E+00 |  0.000000E+00 |  0.0025001437 |             f
mean B0=102.3875 homogen=23003.4558
mean B0=103.1171 homogen=27436.5318
mean B0=95.1021 homogen=8716.5261
mean B0=102.8603 homogen=89999.2144
mean B0=91.1409 homogen=26036.749
mean B0=103.1389 homogen=25567.6691
mean B0=102.928 homogen=26058.8024
mean B0=91.1053 homogen=8325.001
mean B0=98.7964 homogen=16220.1958
mean B0=93.4362 homogen=38536.624
mean B0=93.56 homogen=38434.8589
mean B0=102.8652 homogen=24685.4899
mean B0=101.1857 homogen=22079.4134
mean B0=110.1245 homogen=56336.8737
mean B0=103.0149 homogen=25920.9218
mean B0=89.7497 homogen=86390.8961
mean B0=108.9081 homogen=49748.7329
mean B0=111.0683 homogen=62470.3182
mean B0=94.7759 homogen=8402.694
mean B0=96.1297 homogen=23104.4581
mean B0=112.7707 homogen=76264.5551
mean B0=107.1901 homogen=40394.4015
mean B0=62.4109 homogen=101843.6097
mean B0=96.3715 homogen=39099.0876
mean B0=106.0021 homogen=50774.1417
mean B0=109.3903 homogen=61621.1275
mean B0=88.2921 homogen=96624.2328
mean B0=105.1969 homogen=47372.3645
mean B0=97.5171 homogen=13768.5631
mean B0=101.1654 homogen=20406.9399
mean B0=103.3479 homogen=29683.3353
mean B0=101.3854 homogen=24502.1876
mean B0=100.1212 homogen=22803.2373
mean B0=108.861 homogen=48882.7575
mean B0=109.4006 homogen=52604.0638
mean B0=108.7392 homogen=80566.1033
mean B0=111.76 homogen=70021.1046
mean B0=105.3553 homogen=33808.6261
mean B0=92.2441 homogen=6100.7649
mean B0=92.3266 homogen=77886.8597
   356 |    14240 |     40 |  0.000000E+00 |  0.000000E+00 |  0.0014607330 |             f
mean B0=110.684 homogen=59686.4924
mean B0=74.3093 homogen=40941.7476
mean B0=91.8104 homogen=4576.1806
mean B0=104.1525 homogen=28770.7284
mean B0=95.7083 homogen=19967.6818
mean B0=94.6744 homogen=10068.2144
mean B0=93.9807 homogen=39506.5912
mean B0=105.9358 homogen=36522.8338
mean B0=107.267 homogen=40986.3021
mean B0=111.8984 homogen=69152.171
mean B0=112.637 homogen=75496.9609
mean B0=93.4763 homogen=6773.9752
mean B0=85.9791 homogen=3934.9899
mean B0=105.3274 homogen=33659.1409
mean B0=81.1656 homogen=51336.0799
mean B0=112.6246 homogen=75505.4562
mean B0=97.5291 homogen=13784.4975
mean B0=98.1926 homogen=26415.9946
mean B0=90.7874 homogen=48876.3558
mean B0=88.5521 homogen=6528.7033
mean B0=111.0682 homogen=62473.1639
mean B0=100.3098 homogen=20104.2939
mean B0=114.3893 homogen=79241.0625
mean B0=107.5171 homogen=39631.5192
mean B0=101.9694 homogen=38026.0934
mean B0=103.1355 homogen=25735.2283
mean B0=108.4094 homogen=47049.3256
mean B0=110.0723 homogen=56245.5058
mean B0=106.0937 homogen=40783.4914
mean B0=103.7401 homogen=29353.8108
mean B0=100.8234 homogen=21678.2061
mean B0=109.4006 homogen=52604.0638
mean B0=111.6843 homogen=65340.9962
mean B0=99.2868 homogen=17076.181
mean B0=93.1877 homogen=16866.2752
mean B0=112.1996 homogen=73277.8341
mean B0=102.8673 homogen=22983.4404
mean B0=105.1113 homogen=31870.6267
mean B0=101.1585 homogen=22352.5142
mean B0=91.1635 homogen=92634.0721
   357 |    14280 |     40 |  0.000000E+00 |  0.000000E+00 |  0.0036381379 |             f
mean B0=100.3648 homogen=29567.4265
mean B0=84.9217 homogen=9838.2806
mean B0=106.647 homogen=38333.4012
mean B0=95.0563 homogen=10226.5515
mean B0=109.4377 homogen=59537.0163
mean B0=107.1465 homogen=40215.7929
mean B0=111.3418 homogen=66489.5459
mean B0=96.3078 homogen=12843.5043
mean B0=108.7193 homogen=48313.0056
mean B0=97.114 homogen=13252.9072
mean B0=113.8545 homogen=76565.0483
mean B0=107.5583 homogen=42035.6685
mean B0=102.1001 homogen=23756.5914
mean B0=96.6599 homogen=19170.931
mean B0=109.7596 homogen=56423.2882
mean B0=90.9754 homogen=46104.9223
mean B0=94.9206 homogen=8625.0688
mean B0=101.2536 homogen=22367.1146
mean B0=85.2207 homogen=26057.3486
mean B0=89.0267 homogen=4024.3676
mean B0=103.0565 homogen=33504.5805
mean B0=78.7379 homogen=63267.8317
mean B0=104.1716 homogen=23336.4233
mean B0=94.1618 homogen=10373.8062
mean B0=89.0074 homogen=6108.6843
mean B0=112.0934 homogen=72667.5413
mean B0=100.8728 homogen=20243.2639
mean B0=94.5711 homogen=16378.7043
mean B0=104.9188 homogen=31206.8889
mean B0=101.075 homogen=21259.9084
mean B0=82.5265 homogen=18523.8412
mean B0=108.4042 homogen=56972.0577
mean B0=107.8414 homogen=44547.0357
mean B0=69.3151 homogen=259687.5639
mean B0=106.808 homogen=38971.7422
mean B0=104.1847 homogen=29855.6614
mean B0=101.4889 homogen=163627.6491
mean B0=100.4683 homogen=20052.3428
mean B0=97.024 homogen=26725.7539
mean B0=109.3239 homogen=52271.2581
   358 |    14320 |     40 |  0.000000E+00 |  0.000000E+00 |  0.0018512728 |             f
mean B0=93.0314 homogen=9738.7663
mean B0=78.466 homogen=52057.7576
mean B0=88.9629 homogen=3870.6432
mean B0=108.7161 homogen=48330.0007
mean B0=108.7063 homogen=59860.3454
mean B0=104.8169 homogen=30808.1615
mean B0=95.8195 homogen=14433.2488
mean B0=107.0235 homogen=40996.6025
mean B0=101.1289 homogen=54320.7387
mean B0=111.7034 homogen=67652.3559
mean B0=101.2134 homogen=22584.1815
mean B0=106.5539 homogen=39033.445
mean B0=94.9775 homogen=9978.1543
mean B0=110.8437 homogen=71422.9293
mean B0=110.1416 homogen=56353.1142
mean B0=110.1806 homogen=56279.1843
mean B0=92.361 homogen=27960.2991
mean B0=102.9141 homogen=24885.788
mean B0=100.7587 homogen=21536.4942
mean B0=85.526 homogen=9766.4969
mean B0=79.8036 homogen=46548.6386
mean B0=111.4689 homogen=67538.1224
mean B0=91.8104 homogen=4576.1806
mean B0=99.2519 homogen=35795.2515
mean B0=106.6917 homogen=38521.7535
mean B0=110.3986 homogen=59427.796
mean B0=96.0881 homogen=11786.7407
mean B0=104.2767 homogen=29029.7019
mean B0=99.6427 homogen=24081.7271
mean B0=112.3944 homogen=75046.7506
mean B0=99.2311 homogen=17042.6322
mean B0=104.43 homogen=29625.4269
mean B0=89.521 homogen=32192.2799
mean B0=99.1647 homogen=17001.5282
mean B0=112.0357 homogen=72470.0062
mean B0=110.5652 homogen=59424.9565
mean B0=89.4466 homogen=21323.6955
mean B0=109.2747 homogen=51953.5309
mean B0=92.8636 homogen=6149.5952
mean B0=77.1907 homogen=72800.6115
   359 |    14360 |     40 |  0.000000E+00 |  0.000000E+00 |  0.0040778275 |             f
mean B0=107.5583 homogen=42035.6973
mean B0=112.3948 homogen=75045.968
mean B0=104.7918 homogen=30954.3088
mean B0=106.7933 homogen=26601.9294
mean B0=110.6265 homogen=59445.4316
mean B0=99.9758 homogen=32418.2586
mean B0=107.024 homogen=40994.9225
mean B0=110.2156 homogen=56385.0157
mean B0=73.4028 homogen=77146.5816
mean B0=104.8138 homogen=30791.3635
mean B0=94.9711 homogen=10239.0692
mean B0=101.491 homogen=62785.0765
mean B0=98.8521 homogen=17924.4542
mean B0=99.4352 homogen=18830.6925
mean B0=91.608 homogen=28159.548
mean B0=96.9217 homogen=29598.815
mean B0=95.0631 homogen=47869.6617
mean B0=105.8862 homogen=36447.3513
mean B0=103.7225 homogen=27243.0668
mean B0=90.9372 homogen=5646.3925
mean B0=112.7707 homogen=76264.5551
mean B0=92.8636 homogen=6150.1294
mean B0=102.45 homogen=36686.4139
mean B0=109.4672 homogen=52785.0517
mean B0=110.6239 homogen=59679.3787
mean B0=96.9216 homogen=62361.8929
mean B0=111.7032 homogen=67656.4985
mean B0=112.6921 homogen=75819.0495
mean B0=100.4333 homogen=26318.9536
mean B0=100.4018 homogen=43752.1084
mean B0=95.5809 homogen=14139.9302
mean B0=101.0443 homogen=22731.7034
mean B0=76.376 homogen=139019.9985
mean B0=94.533 homogen=8102.7876
mean B0=95.9354 homogen=10470.3624
mean B0=96.2102 homogen=47803.0431
mean B0=112.0566 homogen=72494.5396
mean B0=109.2739 homogen=51948.2459
mean B0=103.2841 homogen=30535.9247
mean B0=98.1449 homogen=20366.9384
   360 |    14400 |     40 |  0.000000E+00 |  0.000000E+00 |  0.0018590452 |             f
mean B0=110.0052 homogen=56757.9802
mean B0=112.1253 homogen=73075.5493
mean B0=98.1161 homogen=23523.8098
mean B0=106.0255 homogen=36685.6737
mean B0=108.0064 homogen=44828.996
mean B0=95.7332 homogen=24918.0479
mean B0=97.008 homogen=25918.0523
mean B0=105.6547 homogen=46696.339
mean B0=100.3574 homogen=22754.0481
mean B0=85.2468 homogen=22176.8654
mean B0=103.8116 homogen=56322.5021
mean B0=106.4697 homogen=42209.4678
mean B0=111.6708 homogen=67677.1563
mean B0=107.5779 homogen=54594.8095
mean B0=91.3358 homogen=92333.4435
mean B0=107.0152 homogen=40982.5072
mean B0=92.8636 homogen=6149.5952
mean B0=83.2786 homogen=82947.8336
mean B0=100.6166 homogen=20421.7102
mean B0=96.1747 homogen=10843.3696
mean B0=68.2735 homogen=94278.3595
mean B0=92.9472 homogen=168902.6094
mean B0=106.3112 homogen=76953.0291
mean B0=104.674 homogen=30537.8813
mean B0=108.7427 homogen=48781.4891
mean B0=92.4711 homogen=8391.0001
mean B0=94.9655 homogen=17535.7475
mean B0=104.9841 homogen=31530.5278
mean B0=103.3839 homogen=27929.077
mean B0=105.1113 homogen=31870.6267
mean B0=99.4724 homogen=21472.5625
mean B0=89.1911 homogen=131398.5929
mean B0=103.396 homogen=26478.3962
mean B0=95.1692 homogen=11359.0204
mean B0=86.693 homogen=3522.461
mean B0=112.4038 homogen=75053.8698
mean B0=112.7707 homogen=76264.5551
mean B0=111.0683 homogen=62470.3182
mean B0=110.3897 homogen=58694.7352
mean B0=89.8203 homogen=94380.9206
   361 |    14440 |     40 |  0.000000E+00 |  0.000000E+00 |  0.0030939985 |             f
mean B0=104.0269 homogen=28313.6022
mean B0=94.8139 homogen=9711.5906
mean B0=91.7068 homogen=18623.3349
mean B0=100.1088 homogen=40979.8175
mean B0=104.969 homogen=47303.9814
mean B0=108.911 homogen=49098.8821
mean B0=103.3352 homogen=28661.8271
mean B0=103.8052 homogen=27762.8008
mean B0=112.1687 homogen=73094.6772
mean B0=107.0248 homogen=40990.3402
mean B0=98.4647 homogen=29548.9497
mean B0=102.2517 homogen=24683.0443
mean B0=94.2187 homogen=27835.895
mean B0=102.413 homogen=23084.9452
mean B0=95.3896 homogen=100353.0581
mean B0=94.9103 homogen=10080.1511
mean B0=88.6342 homogen=3622.6937
mean B0=99.5484 homogen=84947.8974
mean B0=99.0136 homogen=23380.196
mean B0=106.4365 homogen=37431.4353
mean B0=106.5783 homogen=52339.8814
mean B0=91.7557 homogen=4466.3135
mean B0=80.8472 homogen=201178.2074
mean B0=99.1107 homogen=35627.0586
mean B0=104.7715 homogen=30639.2731
mean B0=109.8233 homogen=42826.7104
mean B0=98.7898 homogen=16200.4953
mean B0=112.1431 homogen=72570.4587
mean B0=106.8835 homogen=38444.9695
mean B0=76.0103 homogen=56337.7116
mean B0=103.9316 homogen=67984.2213
mean B0=85.3799 homogen=8041.023
mean B0=103.4387 homogen=31407.938
mean B0=112.7089 homogen=75910.6094
mean B0=92.8053 homogen=6015.8926
mean B0=96.1536 homogen=15177.9461
mean B0=99.4352 homogen=18830.6925
mean B0=105.8853 homogen=36436.8524
mean B0=107.8702 homogen=72769.4682
mean B0=90.6264 homogen=151026.653
   362 |    14480 |     40 |  0.000000E+00 |  0.000000E+00 |  0.0011818505 |             f
mean B0=91.6087 homogen=155891.7317
mean B0=112.0836 homogen=72443.0915
mean B0=99.0159 homogen=44957.555
mean B0=111.0929 homogen=66086.4623
mean B0=97.3106 homogen=15147.3828
mean B0=96.9954 homogen=12843.6823
mean B0=102.4224 homogen=23119.4479
mean B0=98.4962 homogen=42235.6664
mean B0=90.5919 homogen=7049.7176
mean B0=88.6692 homogen=13532.6372
mean B0=104.1877 homogen=28977.3117
mean B0=91.7873 homogen=6483.1834
mean B0=101.2571 homogen=22440.809
mean B0=103.1929 homogen=32063.3667
mean B0=110.9583 homogen=57345.2146
mean B0=103.9871 homogen=28179.4682
mean B0=108.8001 homogen=48740.452
mean B0=112.7707 homogen=76264.5551
mean B0=106.8028 homogen=38810.3478
mean B0=93.4804 homogen=19591.0509
mean B0=110.1168 homogen=59843.551
mean B0=108.8955 homogen=49140.1427
mean B0=92.2591 homogen=45402.8664
mean B0=91.7163 homogen=4071.369
mean B0=99.2509 homogen=17171.1178
mean B0=94.9118 homogen=8561.1942
mean B0=105.8771 homogen=36404.6532
mean B0=102.1697 homogen=54925.8696
mean B0=109.0295 homogen=58270.2033
mean B0=89.5774 homogen=17466.2125
mean B0=109.9547 homogen=55100.9915
mean B0=105.1142 homogen=31877.7207
mean B0=112.0466 homogen=72182.7458
mean B0=105.2437 homogen=24569.0362
mean B0=76.4946 homogen=113855.6104
mean B0=111.5983 homogen=81721.4302
mean B0=109.9813 homogen=55490.3655
mean B0=114.1243 homogen=68886.7623
mean B0=107.7288 homogen=44250.9448
mean B0=91.1138 homogen=19642.4568
   363 |    14520 |     40 |  0.000000E+00 |  0.000000E+00 |  0.0014129369 |             f
mean B0=111.7034 homogen=67652.3559
mean B0=109.492 homogen=54694.4344
mean B0=90.902 homogen=12138.5803
mean B0=94.6904 homogen=107817.4161
mean B0=104.7802 homogen=32843.3976
mean B0=78.2037 homogen=46318.7476
mean B0=94.1228 homogen=93950.6996
mean B0=105.0099 homogen=31729.9403
mean B0=86.9644 homogen=5955.8911
mean B0=108.9005 homogen=49164.8756
mean B0=99.4724 homogen=25427.5624
mean B0=97.5392 homogen=13853.991
mean B0=111.037 homogen=62222.7631
mean B0=102.8328 homogen=30106.5163
mean B0=113.4973 homogen=77712.6507
mean B0=98.0609 homogen=27323.7167
mean B0=90.3901 homogen=24497.3465
mean B0=113.3596 homogen=76740.6693
mean B0=80.4155 homogen=135647.9238
mean B0=106.1075 homogen=55793.975
mean B0=98.7165 homogen=17633.8306
mean B0=107.0653 homogen=40041.6563
mean B0=89.2346 homogen=8611.7801
mean B0=112.0471 homogen=72193.9117
mean B0=71.1779 homogen=86660.9551
mean B0=85.6714 homogen=3523.2864
mean B0=107.423 homogen=53887.2376
mean B0=110.5019 homogen=58567.2535
mean B0=94.5798 homogen=10622.5918
mean B0=73.4423 homogen=76958.9763
mean B0=96.36 homogen=24776.6497
mean B0=105.9095 homogen=36544.4666
mean B0=110.5131 homogen=41366.1944
mean B0=103.1731 homogen=25962.5061
mean B0=96.1747 homogen=10843.3696
mean B0=104.2673 homogen=27839.0565
mean B0=108.8902 homogen=45532.7615
mean B0=112.2459 homogen=73718.9107
mean B0=88.9942 homogen=3826.8522
mean B0=103.2438 homogen=30844.1962
   364 |    14560 |     40 |  0.000000E+00 |  0.000000E+00 |  0.0024799809 |             f
mean B0=94.8755 homogen=8941.8753
mean B0=105.972 homogen=36630.7128
mean B0=105.1362 homogen=31927.4504
mean B0=103.4654 homogen=26784.5484
mean B0=101.3633 homogen=72768.9465
mean B0=87.1211 homogen=4516.2244
mean B0=105.4078 homogen=36646.2441
mean B0=91.4231 homogen=4841.0673
mean B0=98.7303 homogen=16662.0002
mean B0=112.6654 homogen=75540.7847
mean B0=93.617 homogen=33161.4203
mean B0=100.3016 homogen=79197.485
mean B0=105.9383 homogen=36528.5243
mean B0=112.0466 homogen=72182.7458
mean B0=97.5129 homogen=14536.2366
mean B0=101.5177 homogen=22831.3352
mean B0=111.6964 homogen=67689.1193
mean B0=102.422 homogen=23120.8642
mean B0=104.712 homogen=30658.8391
mean B0=89.3341 homogen=6058.845
mean B0=91.646 homogen=4275.4683
mean B0=109.4299 homogen=54654.6193
mean B0=108.8997 homogen=49110.5367
mean B0=107.6523 homogen=43528.2896
mean B0=92.3191 homogen=30488.9353
mean B0=107.6165 homogen=44319.2464
mean B0=94.4162 homogen=8940.6098
mean B0=101.5819 homogen=21734.8901
mean B0=98.5561 homogen=19117.0027
mean B0=109.5598 homogen=53277.1464
mean B0=98.4505 homogen=14677.5608
mean B0=94.7034 homogen=34848.0857
mean B0=101.1655 homogen=159990.9023
mean B0=102.8389 homogen=179662.9948
mean B0=78.4446 homogen=52219.8302
mean B0=91.4079 homogen=6021.6068
mean B0=108.9235 homogen=61360.4523
mean B0=103.1731 homogen=25959.5298
mean B0=94.8206 homogen=8531.2043
mean B0=97.0944 homogen=15459.5044
   365 |    14600 |     40 |  0.000000E+00 |  0.000000E+00 |  0.0030115875 |             f
mean B0=106.2621 homogen=37854.8475
mean B0=102.2745 homogen=22759.4176
mean B0=96.1747 homogen=10843.3696
mean B0=102.9751 homogen=28762.5087
mean B0=90.1585 homogen=10073.2864
mean B0=101.6105 homogen=21833.9644
mean B0=104.4599 homogen=42542.6412
mean B0=112.1526 homogen=63067.3953
mean B0=106.6724 homogen=69047.7874
mean B0=107.9435 homogen=44471.0766
mean B0=99.4328 homogen=18826.825
mean B0=96.9242 homogen=12877.0905
mean B0=107.0678 homogen=40018.6556
mean B0=101.6067 homogen=24210.0047
mean B0=99.3047 homogen=22135.3192
mean B0=87.7842 homogen=6513.9771
mean B0=96.8166 homogen=11875.1044
mean B0=108.9256 homogen=49177.2485
mean B0=68.4206 homogen=90207.8702
mean B0=112.0466 homogen=72182.7458
mean B0=97.1828 homogen=14171.6915
mean B0=102.8263 homogen=28120.8982
mean B0=100.9379 homogen=45520.5073
mean B0=101.0062 homogen=23406.0295
mean B0=90.4659 homogen=11463.7822
mean B0=102.3925 homogen=23018.6309
mean B0=99.5405 homogen=26249.2504
mean B0=108.7324 homogen=48387.5025
mean B0=89.0898 homogen=13994.2004
mean B0=95.9025 homogen=10598.7861
mean B0=75.8934 homogen=58026.2336
mean B0=112.3448 homogen=72996.3262
mean B0=109.5567 homogen=53311.2378
mean B0=98.6304 homogen=28022.4331
mean B0=92.451 homogen=17081.3176
mean B0=107.9787 homogen=47488.2927
mean B0=110.545 homogen=69797.1066
mean B0=112.769 homogen=76255.4465
mean B0=93.6713 homogen=6926.2307
mean B0=107.6523 homogen=43528.2896
   366 |    14640 |     40 |  0.000000E+00 |  0.000000E+00 |  0.0013327041 |             f
mean B0=102.6029 homogen=69741.4133
mean B0=97.4499 homogen=14886.1559
mean B0=96.9968 homogen=12839.2652
mean B0=109.4783 homogen=56768.0847
mean B0=102.6989 homogen=36072.8125
mean B0=104.8518 homogen=31011.7173
mean B0=105.5704 homogen=46708.3071
mean B0=96.2622 homogen=23603.9207
mean B0=102.9772 homogen=27943.5419
mean B0=88.6318 homogen=3624.9112
mean B0=106.6648 homogen=38471.0642
mean B0=100.4795 homogen=20061.2038
mean B0=80.79 homogen=44873.7706
mean B0=94.9124 homogen=8559.09
mean B0=104.8866 homogen=31240.5418
mean B0=91.7587 homogen=4872.631
mean B0=104.463 homogen=53628.3409
mean B0=109.4833 homogen=52774.9042
mean B0=101.0071 homogen=39600.3134
mean B0=110.0011 homogen=41624.4223
mean B0=94.4926 homogen=31781.6485
mean B0=105.6711 homogen=38951.1033
mean B0=98.9894 homogen=16156.8901
mean B0=75.1552 homogen=54198.8035
mean B0=91.8164 homogen=16205.7852
mean B0=109.2234 homogen=63712.9904
mean B0=79.0413 homogen=11895.9283
mean B0=96.8689 homogen=19740.9948
mean B0=95.5391 homogen=10519.5824
mean B0=93.2303 homogen=37434.8585
mean B0=112.3727 homogen=73054.8379
mean B0=102.4112 homogen=23112.0498
mean B0=111.5457 homogen=66792.7069
mean B0=108.6261 homogen=51967.4694
mean B0=101.8 homogen=54936.2053
mean B0=103.4582 homogen=25667.769
mean B0=105.2434 homogen=32375.3293
mean B0=112.023 homogen=72183.6058
mean B0=97.3428 homogen=27064.3412
mean B0=112.5655 homogen=75396.0449
   367 |    14680 |     40 |  0.000000E+00 |  0.000000E+00 |  0.0014061091 |             f
mean B0=102.3524 homogen=22894.9518
mean B0=92.8867 homogen=6166.3429
mean B0=91.6446 homogen=14789.5054
mean B0=112.3219 homogen=72682.8492
mean B0=90.6736 homogen=105654.9698
mean B0=107.6467 homogen=43557.0192
mean B0=108.9256 homogen=49177.2485
mean B0=104.7293 homogen=33852.6994
mean B0=97.2715 homogen=31282.9635
mean B0=103.5166 homogen=26946.333
mean B0=111.0421 homogen=67994.4907
mean B0=105.2242 homogen=32463.0517
mean B0=107.0099 homogen=39783.4164
mean B0=109.4823 homogen=52778.7927
mean B0=112.6891 homogen=74215.9552
mean B0=104.6696 homogen=30539.0128
mean B0=91.4507 homogen=20524.7306
mean B0=94.8538 homogen=8385.7032
mean B0=108.7966 homogen=70131.9015
mean B0=95.0033 homogen=8544.3639
mean B0=100.4726 homogen=20220.9132
mean B0=110.4106 homogen=57981.0723
mean B0=100.65 homogen=34341.8867
mean B0=91.86 homogen=5280.4406
mean B0=97.4858 homogen=14457.7853
mean B0=103.1783 homogen=25942.8246
mean B0=109.5598 homogen=53277.1464
mean B0=101.9608 homogen=27576.8202
mean B0=96.6929 homogen=56117.5216
mean B0=99.9315 homogen=19953.2548
mean B0=105.5574 homogen=30200.3679
mean B0=91.7744 homogen=4836.5394
mean B0=93.8583 homogen=6343.4277
mean B0=109.9082 homogen=57958.8615
mean B0=101.4708 homogen=22595.9273
mean B0=106.3337 homogen=37216.773
mean B0=93.2671 homogen=18093.9851
mean B0=111.7062 homogen=67687.3491
mean B0=79.3914 homogen=26483.238
mean B0=108.5396 homogen=47571.9551
   368 |    14720 |     40 |  0.000000E+00 |  0.000000E+00 |  0.0035954154 |             f
mean B0=100.4702 homogen=20036.9414
mean B0=108.6211 homogen=47693.6698
mean B0=83.8015 homogen=11705.4129
mean B0=91.6818 homogen=23660.1924
mean B0=107.0099 homogen=39783.4164
mean B0=107.6186 homogen=42683.839
mean B0=97.8474 homogen=14681.2767
mean B0=99.6939 homogen=37610.65
mean B0=103.5076 homogen=26944.5964
mean B0=103.1532 homogen=25853.4301
mean B0=112.5615 homogen=74740.6426
mean B0=110.7748 homogen=65232.1349
mean B0=97.4562 homogen=64859.2232
mean B0=97.9728 homogen=31189.418
mean B0=94.6604 homogen=35296.3413
mean B0=104.2521 homogen=29859.6956
mean B0=109.4126 homogen=53196.1239
mean B0=94.1627 homogen=12209.9509
mean B0=93.353 homogen=6670.6227
mean B0=94.9549 homogen=8727.5328
mean B0=106.3424 homogen=37242.3024
mean B0=111.778 homogen=68430.4295
mean B0=105.6834 homogen=45000.2811
mean B0=102.8762 homogen=34486.9834
mean B0=99.8925 homogen=17971.5405
mean B0=113.6667 homogen=65581.3104
mean B0=101.9596 homogen=50219.9265
mean B0=104.3077 homogen=29265.7225
mean B0=91.8669 homogen=5228.6039
mean B0=93.6919 homogen=6974.5725
mean B0=107.1695 homogen=40416.4466
mean B0=103.1215 homogen=26554.7551
mean B0=98.6965 homogen=25662.3016
mean B0=109.8935 homogen=57831.1976
mean B0=104.584 homogen=95777.5058
mean B0=106.8661 homogen=39276.2747
mean B0=107.8044 homogen=43718.7085
mean B0=100.6644 homogen=22449.4598
mean B0=95.255 homogen=12030.9547
mean B0=95.9561 homogen=10755.2163
   369 |    14760 |     40 |  0.000000E+00 |  0.000000E+00 |  0.0023654354 |             f
mean B0=111.0929 homogen=66086.4623
mean B0=100.3848 homogen=19791.131
mean B0=110.6175 homogen=59634.1906
mean B0=109.5595 homogen=53288.2303
mean B0=111.7114 homogen=70230.2411
mean B0=101.3874 homogen=56003.6509
mean B0=110.7196 homogen=65119.9274
mean B0=72.9061 homogen=182173.5485
mean B0=112.0429 homogen=73457.6486
mean B0=105.1571 homogen=32319.1367
mean B0=91.6035 homogen=3906.6658
mean B0=107.3659 homogen=73150.4412
mean B0=107.6174 homogen=42719.0271
mean B0=89.7373 homogen=30982.1542
mean B0=102.3507 homogen=22920.0399
mean B0=100.7438 homogen=23602.735
mean B0=96.9968 homogen=12839.2652
mean B0=111.9527 homogen=71725.6005
mean B0=94.8565 homogen=8368.3481
mean B0=94.7181 homogen=9057.4033
mean B0=86.7018 homogen=3598.7849
mean B0=111.0876 homogen=67471.5088
mean B0=95.9475 homogen=10755.0059
mean B0=101.5825 homogen=21734.8212
mean B0=105.2023 homogen=32069.3984
mean B0=95.3981 homogen=9100.1686
mean B0=106.925 homogen=39425.6094
mean B0=94.755 homogen=37145.5595
mean B0=90.064 homogen=142092.8319
mean B0=98.0547 homogen=49582.2977
mean B0=93.6977 homogen=6984.9
mean B0=98.0558 homogen=27253.9585
mean B0=108.4106 homogen=45750.5766
mean B0=105.0048 homogen=28126.0931
mean B0=100.5502 homogen=20263.1015
mean B0=102.9038 homogen=28477.892
mean B0=93.353 homogen=6670.6227
mean B0=108.9265 homogen=49178.3015
mean B0=88.9942 homogen=3826.8522
mean B0=75.2855 homogen=103993.7051
   370 |    14800 |     40 |  0.000000E+00 |  0.000000E+00 |  0.0032363631 |             f
mean B0=111.1342 homogen=68433.3573
mean B0=107.6162 homogen=42712.1264
mean B0=86.4719 homogen=3555.6658
mean B0=104.9576 homogen=31426.5894
mean B0=94.9939 homogen=9574.4355
mean B0=100.8284 homogen=23385.0826
mean B0=110.1609 homogen=56033.5213
mean B0=91.4484 homogen=8629.5475
mean B0=94.0829 homogen=32140.1801
mean B0=95.9693 homogen=10675.1649
mean B0=108.6461 homogen=47860.5255
mean B0=103.5142 homogen=26941.5785
mean B0=97.2301 homogen=9534.0829
mean B0=104.5504 homogen=27441.0889
mean B0=99.4623 homogen=19926.6591
mean B0=104.6314 homogen=30600.5502
mean B0=104.5133 homogen=29872.5289
mean B0=71.7436 homogen=74435.2429
mean B0=100.0357 homogen=23210.6834
mean B0=95.0841 homogen=10404.0691
mean B0=112.3222 homogen=72810.3015
mean B0=105.8804 homogen=36369.8626
mean B0=107.2185 homogen=38639.6196
mean B0=103.4955 homogen=28172.6375
mean B0=97.8712 homogen=14484.686
mean B0=105.9903 homogen=43239.366
mean B0=111.0236 homogen=64100.4025
mean B0=79.1879 homogen=39121.4185
mean B0=102.1051 homogen=63605.702
mean B0=112.5957 homogen=76290.3949
mean B0=111.9189 homogen=71698.4881
mean B0=102.2026 homogen=22844.7165
mean B0=71.6175 homogen=178714.3892
mean B0=109.5563 homogen=53261.7954
mean B0=110.5039 homogen=60653.2177
mean B0=103.1965 homogen=25813.5557
mean B0=102.6818 homogen=42487.4975
mean B0=62.4818 homogen=129171.6891
mean B0=98.8038 homogen=31074.6619
mean B0=103.0858 homogen=77792.3377
   371 |    14840 |     40 |  0.000000E+00 |  0.000000E+00 |  0.0018318608 |             f
mean B0=98.7923 homogen=16760.1349
mean B0=105.8572 homogen=36272.305
mean B0=104.6508 homogen=28750.7693
mean B0=95.4436 homogen=46808.3614
mean B0=88.911 homogen=38049.1063
mean B0=107.0415 homogen=39775.0815
mean B0=98.8366 homogen=73927.2069
mean B0=103.7402 homogen=27689.4658
mean B0=103.0792 homogen=29650.8672
mean B0=93.934 homogen=7102.732
mean B0=97.026 homogen=12913.2425
mean B0=107.6517 homogen=48359.762
mean B0=89.3488 homogen=37801.7596
mean B0=91.6269 homogen=3953.8523
mean B0=102.4219 homogen=23118.1597
mean B0=91.8669 homogen=5228.6039
mean B0=110.7196 homogen=59735.2709
mean B0=100.939 homogen=44570.4924
mean B0=104.9654 homogen=31317.8661
mean B0=104.4708 homogen=29776.832
mean B0=98.8172 homogen=10069.3598
mean B0=99.0115 homogen=16215.8907
mean B0=94.7568 homogen=8958.8333
mean B0=102.0118 homogen=24601.3956
mean B0=85.2437 homogen=15994.5889
mean B0=107.7829 homogen=44128.8158
mean B0=95.6393 homogen=11038.8316
mean B0=113.233 homogen=79357.9067
mean B0=110.3428 homogen=64461.217
mean B0=102.8659 homogen=25372.062
mean B0=108.5966 homogen=48494.9493
mean B0=103.3641 homogen=25188.474
mean B0=105.9684 homogen=21193.5101
mean B0=97.3023 homogen=14426.6347
mean B0=101.5839 homogen=16690.427
mean B0=100.1378 homogen=30267.8259
mean B0=81.8888 homogen=42303.6579
mean B0=105.7977 homogen=34826.6186
mean B0=104.1187 homogen=55546.3244
mean B0=110.2591 homogen=56873.2009
   372 |    14880 |     40 |  0.000000E+00 |  0.000000E+00 |  0.0040653970 |             f
mean B0=111.4243 homogen=65724.0143
mean B0=112.2669 homogen=76389.7182
mean B0=110.1995 homogen=56240.2757
mean B0=97.3407 homogen=14552.6159
mean B0=104.8945 homogen=31187.4597
mean B0=97.7606 homogen=14596.8548
mean B0=111.6696 homogen=69965.4474
mean B0=108.2039 homogen=64297.6784
mean B0=85.9347 homogen=125660.6274
mean B0=104.8874 homogen=37255.3528
mean B0=112.1735 homogen=71800.0211
mean B0=94.4377 homogen=10355.4066
mean B0=108.5964 homogen=47399.2274
mean B0=104.0576 homogen=28429.4337
mean B0=83.3498 homogen=42898.4557
mean B0=99.1908 homogen=25064.2506
mean B0=85.8645 homogen=13119.3094
mean B0=100.2219 homogen=55489.0553
mean B0=101.7457 homogen=22056.6349
mean B0=109.6732 homogen=56827.7219
mean B0=104.8262 homogen=30959.4621
mean B0=103.2992 homogen=26175.5321
mean B0=109.9912 homogen=56142.8055
mean B0=104.4885 homogen=32240.2443
mean B0=108.6144 homogen=47671.1576
mean B0=107.562 homogen=47868.16
mean B0=107.6547 homogen=42860.1639
mean B0=101.9431 homogen=52720.7348
mean B0=81.6201 homogen=18412.1092
mean B0=92.6775 homogen=91491.3539
mean B0=97.4242 homogen=16728.9529
mean B0=111.2483 homogen=46201.369
mean B0=111.7272 homogen=69790.7007
mean B0=100.6382 homogen=21654.7267
mean B0=93.7921 homogen=7095.3864
mean B0=99.6664 homogen=21907.9574
mean B0=92.0926 homogen=17855.4757
mean B0=94.406 homogen=34483.2376
mean B0=95.5244 homogen=50704.764
mean B0=88.7895 homogen=8607.7772
   373 |    14920 |     40 |  0.000000E+00 |  0.000000E+00 |  0.0020703346 |             f
mean B0=102.8839 homogen=25434.4321
mean B0=108.6383 homogen=54236.3726
mean B0=100.9276 homogen=21411.3655
mean B0=85.7872 homogen=24652.5866
mean B0=110.6074 homogen=69703.2716
mean B0=90.3908 homogen=16544.109
mean B0=107.6186 homogen=42683.839
mean B0=97.5849 homogen=75016.3715
mean B0=77.051 homogen=52581.8156
mean B0=109.4833 homogen=52774.9042
mean B0=101.1112 homogen=20749.3484
mean B0=111.0237 homogen=64100.0955
mean B0=112.0048 homogen=66571.363
mean B0=86.4719 homogen=3555.6658
mean B0=108.9265 homogen=49178.3015
mean B0=112.0608 homogen=73914.7156
mean B0=97.8727 homogen=14480.0328
mean B0=97.0335 homogen=14149.8128
mean B0=107.9754 homogen=44663.2153
mean B0=95.0033 homogen=8544.3639
mean B0=105.7791 homogen=34746.5214
mean B0=95.8071 homogen=11016.4577
mean B0=95.1302 homogen=12040.8023
mean B0=108.5067 homogen=57846.875
mean B0=81.1466 homogen=31997.4691
mean B0=90.4283 homogen=22184.5729
mean B0=103.2992 homogen=26175.5321
mean B0=103.1746 homogen=25910.5303
mean B0=90.7086 homogen=146264.0477
mean B0=98.9894 homogen=16141.1425
mean B0=99.7381 homogen=17214.8557
mean B0=104.8262 homogen=30959.4418
mean B0=111.4124 homogen=65722.895
mean B0=112.0634 homogen=66553.0946
mean B0=109.5598 homogen=53277.1464
mean B0=107.0949 homogen=88456.5589
mean B0=93.6964 homogen=6979.1554
mean B0=104.7882 homogen=32569.6146
mean B0=107.072 homogen=39901.1493
mean B0=95.7223 homogen=12008.8389
   374 |    14960 |     40 |  0.000000E+00 |  0.000000E+00 |  0.0023231324 |             f
mean B0=102.305 homogen=41240.6278
mean B0=93.6964 homogen=6979.1554
mean B0=109.108 homogen=59872.0656
mean B0=105.2863 homogen=32439.581
mean B0=100.683 homogen=20514.0103
mean B0=97.3556 homogen=40534.6973
mean B0=110.0865 homogen=55898.1176
mean B0=97.0167 homogen=14092.2058
mean B0=95.2222 homogen=10370.7352
mean B0=109.2206 homogen=108528.2514
mean B0=96.8971 homogen=12447.4297
mean B0=104.0424 homogen=32767.4625
mean B0=89.2437 homogen=4204.3571
mean B0=104.6445 homogen=33535.1743
mean B0=111.4845 homogen=58324.172
mean B0=110.4205 homogen=57914.8833
mean B0=100.0028 homogen=58890.6056
mean B0=105.3863 homogen=75860.5202
mean B0=100.3848 homogen=19791.131
mean B0=102.9013 homogen=26569.3197
mean B0=98.0518 homogen=23232.2211
mean B0=107.072 homogen=39901.1493
mean B0=105.0338 homogen=31585.6928
mean B0=112.7219 homogen=76267.7333
mean B0=98.1354 homogen=17164.8836
mean B0=94.4055 homogen=34861.1512
mean B0=97.7889 homogen=14749.2381
mean B0=104.8443 homogen=31027.5247
mean B0=102.0522 homogen=27147.0969
mean B0=111.6436 homogen=67364.2139
mean B0=94.5579 homogen=56857.4116
mean B0=96.6469 homogen=25738.6015
mean B0=94.5385 homogen=9461.7315
mean B0=96.3959 homogen=11724.9466
mean B0=85.0818 homogen=3309.4394
mean B0=111.5653 homogen=68550.5834
mean B0=94.4436 homogen=39035.0137
mean B0=111.68 homogen=67555.6129
mean B0=88.1241 homogen=19050.4705
mean B0=97.9109 homogen=38258.0802
   375 |    15000 |     40 |  0.000000E+00 |  0.000000E+00 |  0.0040791520 |             f
mean B0=108.5248 homogen=63554.7537
mean B0=99.4044 homogen=25553.3029
mean B0=81.0302 homogen=28144.8814
mean B0=104.058 homogen=28430.2158
mean B0=103.3498 homogen=30732.8987
mean B0=90.9173 homogen=31868.2531
mean B0=90.1284 homogen=29098.1241
mean B0=98.2834 homogen=17002.3555
mean B0=95.1141 homogen=10489.8923
mean B0=93.7036 homogen=6994.6686
mean B0=90.7774 homogen=149572.0812
mean B0=104.8728 homogen=31121.8896
mean B0=110.3567 homogen=57468.1574
mean B0=95.4 homogen=11998.9202
mean B0=106.3153 homogen=37024.2886
mean B0=100.1047 homogen=26800.154
mean B0=85.6032 homogen=4016.3021
mean B0=106.6665 homogen=38396.9821
mean B0=102.558 homogen=24345.1911
mean B0=105.6506 homogen=31908.741
mean B0=104.3124 homogen=27604.4866
mean B0=94.7687 homogen=48572.4187
mean B0=97.005 homogen=14033.8457
mean B0=109.4841 homogen=52783.319
mean B0=102.8084 homogen=25039.7136
mean B0=103.3185 homogen=51825.6064
mean B0=99.8775 homogen=26139.5627
mean B0=86.7375 homogen=5602.0444
mean B0=70.4758 homogen=42258.3379
mean B0=94.592 homogen=8705.6112
mean B0=112.7707 homogen=76264.5551
mean B0=85.8997 homogen=174628.418
mean B0=99.2189 homogen=95864.8069
mean B0=103.1788 homogen=25905.3374
mean B0=108.3098 homogen=57379.4394
mean B0=101.284 homogen=44850.9202
mean B0=90.4123 homogen=88767.2823
mean B0=111.8461 homogen=69058.0532
mean B0=110.4102 homogen=58067.0135
mean B0=101.4146 homogen=53259.1867
   376 |    15040 |     40 |  0.000000E+00 |  0.000000E+00 |  0.0016980082 |             f
mean B0=103.5406 homogen=25513.8938
mean B0=96.3959 homogen=11724.9466
mean B0=100.3848 homogen=19791.131
mean B0=99.5816 homogen=22487.5792
mean B0=97.8416 homogen=14819.1665
mean B0=99.7553 homogen=23016.4714
mean B0=76.9192 homogen=29563.938
mean B0=86.116 homogen=5191.0649
mean B0=103.0911 homogen=27702.212
mean B0=101.6854 homogen=51636.9765
mean B0=109.514 homogen=53007.9789
mean B0=100.9908 homogen=21642.0737
mean B0=112.7708 homogen=76267.6363
mean B0=112.0935 homogen=72584.6485
mean B0=110.3337 homogen=57499.2442
mean B0=104.8481 homogen=31104.3362
mean B0=95.0465 homogen=36973.909
mean B0=111.6499 homogen=68507.653
mean B0=111.6436 homogen=67364.2139
mean B0=104.8836 homogen=31139.6178
mean B0=97.2296 homogen=14786.7868
mean B0=104.058 homogen=28430.2158
mean B0=102.558 homogen=24345.0528
mean B0=108.0199 homogen=78283.3816
mean B0=84.3559 homogen=30388.8239
mean B0=82.1564 homogen=142363.9481
mean B0=91.594 homogen=6442.9569
mean B0=105.2176 homogen=40962.9112
mean B0=98.702 homogen=19643.4451
mean B0=106.6515 homogen=38593.7337
mean B0=103.1672 homogen=56798.599
mean B0=85.3203 homogen=25564.062
mean B0=107.6185 homogen=42682.1196
mean B0=109.4313 homogen=58076.286
mean B0=88.7496 homogen=22534.7149
mean B0=107.0922 homogen=41444.0911
mean B0=101.5992 homogen=72616.5437
mean B0=91.756 homogen=3997.2273
mean B0=110.0865 homogen=55898.1176
mean B0=89.0273 homogen=5402.8229
   377 |    15080 |     40 |  0.000000E+00 |  0.000000E+00 |  0.0031426689 |             f
mean B0=95.6456 homogen=9832.9975
mean B0=89.4664 homogen=38927.1157
mean B0=102.6354 homogen=24576.4226
mean B0=109.4447 homogen=52659.4659
mean B0=104.0585 homogen=28433.4716
mean B0=110.2097 homogen=78187.4755
mean B0=103.9509 homogen=28027.6854
mean B0=100.4967 homogen=19954.875
mean B0=107.0922 homogen=41444.0911
mean B0=91.2632 homogen=10512.4143
mean B0=89.7287 homogen=23732.7123
mean B0=108.5256 homogen=44779.8578
mean B0=106.2677 homogen=27165.1935
mean B0=109.4264 homogen=52819.0407
mean B0=105.0672 homogen=35510.6855
mean B0=86.9353 homogen=95744.4172
mean B0=82.3087 homogen=9680.7749
mean B0=108.009 homogen=44802.8168
mean B0=90.4318 homogen=6452.5448
mean B0=99.7444 homogen=62188.7482
mean B0=110.3549 homogen=58409.7871
mean B0=104.3748 homogen=28527.398
mean B0=112.0158 homogen=72200.29
mean B0=105.2885 homogen=34872.6744
mean B0=106.1169 homogen=26665.4475
mean B0=99.0208 homogen=20415.2476
mean B0=77.3643 homogen=60685.8903
mean B0=97.7589 homogen=14031.9551
mean B0=101.7457 homogen=22056.6349
mean B0=93.6958 homogen=6978.8175
mean B0=99.1739 homogen=21624.7634
mean B0=101.3398 homogen=24520.6104
mean B0=81.5431 homogen=43145.6086
mean B0=106.7379 homogen=38768.6187
mean B0=96.749 homogen=11658.9767
mean B0=83.854 homogen=25366.8949
mean B0=92.7544 homogen=30922.1679
mean B0=109.1532 homogen=52194.2837
mean B0=107.8627 homogen=51437.0031
mean B0=88.698 homogen=46115.9221
   378 |    15120 |     40 |  0.000000E+00 |  0.000000E+00 |  0.0008861960 |             f
mean B0=102.157 homogen=25535.2023
mean B0=103.7692 homogen=28914.2321
mean B0=85.8186 homogen=25361.5592
mean B0=97.7428 homogen=13919.8896
mean B0=74.6175 homogen=54471.2733
mean B0=100.4089 homogen=21551.7746
mean B0=100.5778 homogen=20290.3492
mean B0=112.0339 homogen=72520.008
mean B0=99.3422 homogen=36071.7339
mean B0=106.1541 homogen=34386.8537
mean B0=100.928 homogen=21411.4429
mean B0=103.9931 homogen=28573.6814
mean B0=99.8688 homogen=23393.7794
mean B0=91.7049 homogen=5952.7978
mean B0=108.9265 homogen=49178.3015
mean B0=100.7382 homogen=19215.3421
mean B0=87.063 homogen=123307.1995
mean B0=106.7268 homogen=34137.4307
mean B0=92.6863 homogen=39558.7236
mean B0=107.0992 homogen=53161.0856
mean B0=100.8942 homogen=23429.067
mean B0=98.6551 homogen=38625.4899
mean B0=102.4846 homogen=25780.3487
mean B0=96.5195 homogen=11833.8149
mean B0=65.5199 homogen=66760.6872
mean B0=93.4853 homogen=25488.3306
mean B0=109.819 homogen=55005.5937
mean B0=102.6133 homogen=23417.197
mean B0=108.3807 homogen=46859.0868
mean B0=97.4505 homogen=13780.4291
mean B0=107.0933 homogen=41441.024
mean B0=98.1055 homogen=52261.3636
mean B0=91.6976 homogen=13488.9693
mean B0=103.1671 homogen=25883.562
mean B0=108.9265 homogen=49178.3015
mean B0=86.6425 homogen=5092.542
mean B0=99.5041 homogen=36327.5407
mean B0=94.0606 homogen=181165.7612
mean B0=103.0573 homogen=84582.0444
mean B0=101.1618 homogen=28636.832
   379 |    15160 |     40 |  0.000000E+00 |  0.000000E+00 |  0.0027565422 |             f
mean B0=105.5323 homogen=51198.0323
mean B0=107.9975 homogen=56236.8032
mean B0=108.0306 homogen=44915.4356
mean B0=111.0237 homogen=64100.0955
mean B0=100.2607 homogen=21378.3297
mean B0=103.2605 homogen=26159.1072
mean B0=110.4888 homogen=58998.1666
mean B0=108.4054 homogen=46944.1884
mean B0=96.069 homogen=11027.1764
mean B0=93.2688 homogen=30523.0845
mean B0=95.0059 homogen=8526.3306
mean B0=104.9341 homogen=31314.0513
mean B0=104.1963 homogen=29302.2959
mean B0=111.8907 homogen=69126.8105
mean B0=92.3967 homogen=102560.1629
mean B0=111.8703 homogen=47615.3186
mean B0=103.9509 homogen=28027.6854
mean B0=85.3431 homogen=8642.8606
mean B0=99.2846 homogen=20235.7138
mean B0=109.4247 homogen=53668.7717
mean B0=101.0209 homogen=22957.1552
mean B0=95.3626 homogen=21030.6331
mean B0=91.9321 homogen=37664.7102
mean B0=97.1439 homogen=118944.6504
mean B0=98.4188 homogen=25551.7065
mean B0=107.009 homogen=41079.6961
mean B0=75.5083 homogen=63991.5859
mean B0=100.3596 homogen=19718.6959
mean B0=109.6146 homogen=53726.1406
mean B0=92.2812 homogen=27547.7568
mean B0=108.9233 homogen=49129.2525
mean B0=97.6892 homogen=14418.1568
mean B0=91.7444 homogen=4754.2626
mean B0=112.2777 homogen=72749.9932
mean B0=94.7892 homogen=35602.3882
mean B0=88.9942 homogen=3826.8232
mean B0=93.934 homogen=7102.732
mean B0=100.8658 homogen=27865.6962
mean B0=99.952 homogen=21268.5301
mean B0=106.386 homogen=37493.5298
   380 |    15200 |     40 |  0.000000E+00 |  0.000000E+00 |  0.0015225353 |             f
mean B0=103.8278 homogen=27916.8502
mean B0=111.9931 homogen=71915.6577
mean B0=97.7682 homogen=20345.1749
mean B0=102.9901 homogen=33905.4277
mean B0=108.9695 homogen=52435.4979
mean B0=90.6805 homogen=16511.7795
mean B0=107.0933 homogen=41441.024
mean B0=110.8162 homogen=62597.5299
mean B0=106.5157 homogen=41381.8196
mean B0=111.2119 homogen=66121.4221
mean B0=110.316 homogen=58184.3777
mean B0=96.0149 homogen=13655.0064
mean B0=101.7826 homogen=21969.2409
mean B0=95.6302 homogen=11136.6113
mean B0=105.6702 homogen=34559.3115
mean B0=92.2237 homogen=21693.6902
mean B0=99.3199 homogen=22565.8101
mean B0=101.8627 homogen=26270.834
mean B0=109.9367 homogen=55817.1583
mean B0=98.6285 homogen=25482.8219
mean B0=104.3625 homogen=29559.2677
mean B0=105.4395 homogen=33134.0552
mean B0=96.4009 homogen=23697.6573
mean B0=99.8064 homogen=39587.2044
mean B0=104.9202 homogen=31151.7513
mean B0=87.3142 homogen=12951.4931
mean B0=88.6342 homogen=3622.6937
mean B0=100.5123 homogen=20209.3639
mean B0=111.0188 homogen=64090.7585
mean B0=106.448 homogen=37590.3665
mean B0=104.36 homogen=29762.6655
mean B0=90.7566 homogen=5555.5428
mean B0=108.8424 homogen=49141.7217
mean B0=102.8272 homogen=174104.9719
mean B0=106.761 homogen=38779.0922
mean B0=90.9058 homogen=18302.7199
mean B0=107.7214 homogen=56266.6011
mean B0=103.3162 homogen=31369.7946
mean B0=100.4802 homogen=19918.0368
mean B0=102.2476 homogen=28698.3228
   381 |    15240 |     40 |  0.000000E+00 |  0.000000E+00 |  0.0041354892 |             f
mean B0=88.3199 homogen=126000.2468
mean B0=68.9345 homogen=86639.7348
mean B0=105.4153 homogen=33050.0923
mean B0=95.333 homogen=11718.8652
mean B0=101.4945 homogen=47474.2194
mean B0=101.1116 homogen=22653.5796
mean B0=95.346 homogen=9022.1017
mean B0=97.5224 homogen=19798.1385
mean B0=107.165 homogen=41642.1448
mean B0=99.248 homogen=20459.6153
mean B0=94.9866 homogen=8487.8893
mean B0=97.6371 homogen=124558.908
mean B0=97.6933 homogen=30835.931
mean B0=105.1655 homogen=32354.2756
mean B0=111.3537 homogen=66760.6772
mean B0=110.2344 homogen=57497.2325
mean B0=103.9947 homogen=28343.67
mean B0=95.3188 homogen=53207.9848
mean B0=100.4927 homogen=22539.5894
mean B0=105.6745 homogen=50789.4916
mean B0=107.2635 homogen=56987.8156
mean B0=101.4271 homogen=41420.4634
mean B0=108.8663 homogen=49236.7845
mean B0=108.0199 homogen=59431.4358
mean B0=99.1016 homogen=16432.7519
mean B0=98.4046 homogen=34527.5086
mean B0=87.3463 homogen=11609.6018
mean B0=97.8743 homogen=23689.9968
mean B0=112.5759 homogen=75145.2608
mean B0=97.0309 homogen=17422.475
mean B0=103.2101 homogen=26064.0439
mean B0=98.2477 homogen=31053.3263
mean B0=107.5559 homogen=49762.8332
mean B0=74.6851 homogen=75534.1677
mean B0=104.8692 homogen=30127.954
mean B0=90.7121 homogen=146089.5299
mean B0=110.9532 homogen=67246.629
mean B0=100.8842 homogen=28194.4577
mean B0=92.4992 homogen=32223.4692
mean B0=101.3403 homogen=21045.5095
   382 |    15280 |     40 |  0.000000E+00 |  0.000000E+00 |  0.0020172519 |             f
mean B0=108.7048 homogen=61540.1584
mean B0=95.903 homogen=10593.9507
mean B0=95.527 homogen=51041.5723
mean B0=103.6099 homogen=27516.3042
mean B0=99.7589 homogen=17069.7329
mean B0=111.8453 homogen=68752.6491
mean B0=105.7769 homogen=34709.9615
mean B0=109.9363 homogen=55822.4317
mean B0=98.0149 homogen=22953.9826
mean B0=86.9031 homogen=12788.8479
mean B0=94.5649 homogen=31541.4068
mean B0=111.2128 homogen=66060.692
mean B0=98.5944 homogen=20023.9542
mean B0=109.1949 homogen=68436.2334
mean B0=106.8032 homogen=62352.2831
mean B0=101.476 homogen=22528.7785
mean B0=101.3754 homogen=21662.1107
mean B0=91.3583 homogen=57986.784
mean B0=98.273 homogen=23856.3612
mean B0=91.2134 homogen=18925.8533
mean B0=94.8466 homogen=11263.5105
mean B0=92.458 homogen=7055.3223
mean B0=110.8858 homogen=62573.0611
mean B0=99.1891 homogen=16451.0049
mean B0=107.0427 homogen=46361.2506
mean B0=112.7359 homogen=76292.3256
mean B0=99.1059 homogen=16492.0323
mean B0=80.0855 homogen=39330.2166
mean B0=103.6109 homogen=37727.7212
mean B0=102.8614 homogen=34296.804
mean B0=103.7239 homogen=91778.489
mean B0=108.6928 homogen=43196.7804
mean B0=95.5209 homogen=18968.2112
mean B0=99.3247 homogen=21719.6585
mean B0=56.091 homogen=93963.9408
mean B0=105.5008 homogen=31712.1902
mean B0=102.5915 homogen=23577.1278
mean B0=100.0011 homogen=20958.4178
mean B0=102.919 homogen=37297.5803
mean B0=89.8271 homogen=90739.5008
   383 |    15320 |     40 |  0.000000E+00 |  0.000000E+00 |  0.0024374895 |             f
mean B0=94.8902 homogen=8723.2626
mean B0=100.3918 homogen=31401.1662
mean B0=100.0766 homogen=25728.628
mean B0=104.2485 homogen=29551.0023
mean B0=104.0072 homogen=28307.3744
mean B0=68.2805 homogen=92399.1823
mean B0=103.9978 homogen=28337.8513
mean B0=107.3713 homogen=54339.1629
mean B0=83.5819 homogen=31371.799
mean B0=111.406 homogen=66809.6161
mean B0=105.2736 homogen=33565.5401
mean B0=106.4844 homogen=35698.367
mean B0=98.9844 homogen=20098.6357
mean B0=103.6099 homogen=27516.3042
mean B0=105.362 homogen=33162.4145
mean B0=111.2239 homogen=63068.645
mean B0=111.8292 homogen=71930.3871
mean B0=109.8915 homogen=57887.1901
mean B0=87.1786 homogen=9036.2798
mean B0=91.6518 homogen=20727.5598
mean B0=91.9906 homogen=4276.9865
mean B0=96.2373 homogen=51336.3255
mean B0=96.3639 homogen=40883.1499
mean B0=101.8245 homogen=24426.2337
mean B0=94.8935 homogen=129819.5658
mean B0=93.2562 homogen=14945.3219
mean B0=99.0089 homogen=16226.7157
mean B0=99.9454 homogen=25624.8613
mean B0=98.0494 homogen=15451.9905
mean B0=109.3895 homogen=110798.0585
mean B0=108.2808 homogen=46247.2781
mean B0=106.7821 homogen=38863.714
mean B0=99.5208 homogen=22664.0285
mean B0=103.1671 homogen=25883.562
mean B0=112.0947 homogen=70986.8742
mean B0=91.5651 homogen=5980.7386
mean B0=101.4808 homogen=21489.8339
mean B0=102.6651 homogen=24616.808
mean B0=107.0959 homogen=49580.5574
mean B0=93.263 homogen=24309.9137
   384 |    15360 |     40 |  0.000000E+00 |  0.000000E+00 |  0.0041004434 |             f
mean B0=94.8381 homogen=8258.7859
mean B0=97.454 homogen=13768.3249
mean B0=105.2975 homogen=32616.9265
mean B0=94.0666 homogen=29933.5245
mean B0=94.9264 homogen=8825.243
mean B0=108.6894 homogen=47909.5887
mean B0=112.2692 homogen=72821.3335
mean B0=77.1143 homogen=193223.338
mean B0=100.337 homogen=19656.6525
mean B0=95.9698 homogen=10747.7262
mean B0=99.2128 homogen=16386.0038
mean B0=97.649 homogen=14036.1356
mean B0=78.4096 homogen=35660.856
mean B0=106.8611 homogen=39200.6188
mean B0=108.8565 homogen=58989.1142
mean B0=103.599 homogen=29663.4646
mean B0=100.1467 homogen=32348.979
mean B0=110.6493 homogen=70285.4423
mean B0=106.964 homogen=40755.7407
mean B0=92.0033 homogen=20531.3059
mean B0=93.6652 homogen=8634.856
mean B0=110.7161 homogen=59714.949