/Users/nv/Documents/MRI/magnet_design/optimize_bore50mm_6p35mm_N42.py:54: DeprecationWarning: Importing 'StarmapParallelization' from 'pymoo.core.problem' is deprecated. Please use 'from pymoo.parallelization import StarmapParallelization' instead. This backward compatibility import will be removed in a future version.
  from pymoo.core.problem import StarmapParallelization
mean B0=19.3642 homogen=178178.3433
mean B0=24.7564 homogen=518486.9785
mean B0=5.4406 homogen=1309308.5792
mean B0=21.7008 homogen=463039.2962
mean B0=18.5192 homogen=613356.8393
mean B0=19.9418 homogen=295906.0967
mean B0=20.1195 homogen=610015.234
mean B0=10.0235 homogen=429659.6847
mean B0=40.6628 homogen=336544.2821
mean B0=30.6409 homogen=316201.5969
mean B0=21.0736 homogen=329938.0942
mean B0=45.1738 homogen=319532.5557
mean B0=22.9217 homogen=395033.9282
mean B0=8.8902 homogen=306255.6967
mean B0=28.4182 homogen=363127.572
mean B0=40.354 homogen=95548.2691
mean B0=0 homogen=1000000.0
mean B0=38.2919 homogen=181143.843
mean B0=35.0934 homogen=171586.1953
mean B0=39.7623 homogen=105843.1084
mean B0=18.8848 homogen=811129.7482
mean B0=28.7825 homogen=284311.731
mean B0=9.4097 homogen=966251.0854
mean B0=31.898 homogen=310934.8583
mean B0=4.2341 homogen=980369.0927
mean B0=4.1611 homogen=838910.5318
mean B0=47.6922 homogen=161297.5328
mean B0=22.1046 homogen=815517.3834
mean B0=27.9137 homogen=569100.7495
mean B0=32.9015 homogen=244406.8913
mean B0=2.5971 homogen=1072739.7803
mean B0=37.8827 homogen=406383.5371
mean B0=17.7293 homogen=298452.6419
mean B0=11.7622 homogen=933719.9178
mean B0=35.4018 homogen=361967.3298
mean B0=36.4594 homogen=265842.1124
mean B0=4.1931 homogen=1115042.0523
mean B0=9.5052 homogen=880851.7472
mean B0=25.0596 homogen=539121.8006
mean B0=5.8365 homogen=338259.1981
==========================================================================================
n_gen  |  n_eval  | n_nds  |     cv_min    |     cv_avg    |      eps      |   indicator  
==========================================================================================
     1 |       40 |      2 |  0.000000E+00 |  1.560000E+01 |             - |             -
mean B0=30.382 homogen=304112.5484
mean B0=31.4642 homogen=138617.0256
mean B0=11.1026 homogen=409776.0015
mean B0=18.2044 homogen=276971.1864
mean B0=5.6291 homogen=219833.8944
mean B0=22.7934 homogen=511698.0942
mean B0=16.4666 homogen=932404.8333
mean B0=16.7042 homogen=910839.2425
mean B0=27.9156 homogen=162208.6779
mean B0=52.2098 homogen=172887.0225
mean B0=25.6457 homogen=35995.0618
mean B0=37.7978 homogen=101947.0112
mean B0=18.8848 homogen=811129.7482
mean B0=0 homogen=1000000.0
mean B0=5.8324 homogen=338553.1782
mean B0=28.1099 homogen=511705.6743
mean B0=28.187 homogen=409075.8876
mean B0=31.4638 homogen=219876.6439
mean B0=20.6781 homogen=428886.5851
mean B0=21.5222 homogen=199237.4127
mean B0=10.9131 homogen=436578.4101
mean B0=31.4604 homogen=381192.2971
mean B0=16.2448 homogen=618856.1558
mean B0=11.7622 homogen=933719.9178
mean B0=2.7445 homogen=1063572.9473
mean B0=46.3858 homogen=315076.7083
mean B0=21.6122 homogen=397456.1666
mean B0=9.0307 homogen=955527.6977
mean B0=15.081 homogen=215492.8582
mean B0=10.6364 homogen=633777.9782
mean B0=15.51 homogen=557612.4894
mean B0=37.9197 homogen=437914.2551
mean B0=22.9217 homogen=395033.9282
mean B0=28.0205 homogen=239521.2847
mean B0=4.2731 homogen=975121.9061
mean B0=0 homogen=1000000.0
mean B0=25.0461 homogen=698308.6834
mean B0=22.2274 homogen=710025.2554
mean B0=45.4757 homogen=248070.4872
mean B0=45.9098 homogen=266819.5289
     2 |       80 |      2 |  0.000000E+00 |  0.000000E+00 |  1.2409343787 |         ideal
mean B0=28.1748 homogen=151828.5217
mean B0=18.8686 homogen=240651.7882
mean B0=49.9423 homogen=240992.6481
mean B0=25.7521 homogen=455775.4378
mean B0=29.244 homogen=75053.3223
mean B0=30.382 homogen=302602.0201
mean B0=34.4591 homogen=361880.1482
mean B0=20.8277 homogen=511455.983
mean B0=27.184 homogen=433546.8861
mean B0=25.5695 homogen=423181.7203
mean B0=23.9415 homogen=393026.2365
mean B0=26.6421 homogen=462998.3889
mean B0=29.85 homogen=441795.2417
mean B0=24.754 homogen=403694.9394
mean B0=5.1003 homogen=188088.398
mean B0=9.9359 homogen=402340.3478
mean B0=14.1196 homogen=450060.653
mean B0=35.7076 homogen=274363.7012
mean B0=26.2083 homogen=69495.5778
mean B0=25.6996 homogen=339399.6226
mean B0=22.5775 homogen=787129.0995
mean B0=18.7537 homogen=440757.2221
mean B0=27.8183 homogen=554688.4349
mean B0=50.3976 homogen=137399.3387
mean B0=20.6032 homogen=469078.783
mean B0=11.1383 homogen=408228.5041
mean B0=12.5052 homogen=814838.3303
mean B0=34.6034 homogen=276606.7978
mean B0=40.3528 homogen=341485.2464
mean B0=34.6959 homogen=366057.8903
mean B0=23.1347 homogen=480951.1594
mean B0=36.4427 homogen=381899.8803
mean B0=32.8054 homogen=406210.9339
mean B0=17.3823 homogen=385156.3929
mean B0=28.3816 homogen=665773.9584
mean B0=10.8111 homogen=404774.7406
mean B0=48.7945 homogen=64103.5701
mean B0=47.0949 homogen=263994.6033
mean B0=18.5592 homogen=382475.8187
mean B0=25.603 homogen=92376.1899
     3 |      120 |      4 |  0.000000E+00 |  0.000000E+00 |  0.6685412703 |         ideal
mean B0=16.0866 homogen=687692.4637
mean B0=37.1381 homogen=354275.7767
mean B0=15.909 homogen=481690.135
mean B0=38.5903 homogen=310087.0727
mean B0=29.5863 homogen=490971.7575
mean B0=57.8542 homogen=257311.7883
mean B0=45.3004 homogen=295098.7003
mean B0=18.3952 homogen=144974.7971
mean B0=42.8696 homogen=188664.9741
mean B0=43.2436 homogen=312166.4619
mean B0=27.874 homogen=602736.2841
mean B0=27.5991 homogen=39496.2576
mean B0=28.7828 homogen=269320.0172
mean B0=22.6522 homogen=402097.1837
mean B0=26.2083 homogen=69495.5778
mean B0=34.4894 homogen=361186.2151
mean B0=28.8976 homogen=132062.9827
mean B0=60.8625 homogen=134523.2644
mean B0=23.8454 homogen=199305.0785
mean B0=40.0915 homogen=339089.6727
mean B0=47.1232 homogen=291066.7554
mean B0=39.4175 homogen=384990.7842
mean B0=25.0946 homogen=317503.2824
mean B0=32.5011 homogen=87407.3525
mean B0=11.7622 homogen=933719.9178
mean B0=28.2121 homogen=251113.4514
mean B0=32.6463 homogen=237808.1884
mean B0=40.8428 homogen=432771.2053
mean B0=25.0192 homogen=593799.1136
mean B0=30.5672 homogen=412171.4841
mean B0=18.8075 homogen=195856.1094
mean B0=29.7638 homogen=449459.8639
mean B0=37.8827 homogen=408265.8382
mean B0=33.8569 homogen=173941.0224
mean B0=10.9364 homogen=526555.1962
mean B0=31.8731 homogen=311717.1986
mean B0=21.6597 homogen=289033.2331
mean B0=10.3261 homogen=404017.816
mean B0=48.9193 homogen=257753.598
mean B0=28.3339 homogen=143323.5533
     4 |      160 |      6 |  0.000000E+00 |  0.000000E+00 |  0.1865604539 |         ideal
mean B0=27.2198 homogen=67879.5162
mean B0=4.1544 homogen=1009215.793
mean B0=38.4443 homogen=190979.215
mean B0=53.6004 homogen=72760.9314
mean B0=47.2233 homogen=292765.0618
mean B0=30.95 homogen=152012.3398
mean B0=33.6248 homogen=406245.957
mean B0=26.1283 homogen=68866.2058
mean B0=24.4692 homogen=592935.1237
mean B0=48.6859 homogen=361253.5866
mean B0=36.6532 homogen=358788.3904
mean B0=31.8126 homogen=188909.0007
mean B0=20.2857 homogen=571239.6619
mean B0=14.7082 homogen=223313.4457
mean B0=32.6466 homogen=237803.8157
mean B0=18.6435 homogen=144313.2549
mean B0=39.2033 homogen=213436.9123
mean B0=19.1686 homogen=671337.0022
mean B0=47.3966 homogen=179839.029
mean B0=36.2875 homogen=250413.6653
mean B0=49.6197 homogen=381458.0544
mean B0=13.8869 homogen=239154.0097
mean B0=28.5298 homogen=71290.6013
mean B0=34.231 homogen=267577.3177
mean B0=26.367 homogen=73190.0465
mean B0=19.3186 homogen=231190.6887
mean B0=41.7818 homogen=203040.3905
mean B0=40.8523 homogen=432623.2441
mean B0=42.5509 homogen=154184.189
mean B0=48.563 homogen=197519.1792
mean B0=37.3591 homogen=198445.4588
mean B0=57.8542 homogen=257311.7883
mean B0=26.6796 homogen=63606.7954
mean B0=31.6398 homogen=134712.3511
mean B0=50.0503 homogen=134432.8679
mean B0=34.936 homogen=307767.781
mean B0=19.7286 homogen=111877.4517
mean B0=13.4926 homogen=1025345.9061
mean B0=14.7857 homogen=329971.0047
mean B0=44.8188 homogen=329750.6408
     5 |      200 |      5 |  0.000000E+00 |  0.000000E+00 |  0.0688650414 |             f
mean B0=47.1232 homogen=291066.7554
mean B0=50.3869 homogen=286634.0638
mean B0=26.02 homogen=197641.9723
mean B0=40.6349 homogen=140540.8147
mean B0=12.0921 homogen=881882.5233
mean B0=40.4868 homogen=98457.7423
mean B0=30.3955 homogen=90254.5566
mean B0=35.7367 homogen=261280.6043
mean B0=34.8446 homogen=44380.0116
mean B0=52.6005 homogen=99123.456
mean B0=30.3576 homogen=58508.8246
mean B0=61.8087 homogen=121671.8122
mean B0=26.2493 homogen=70080.3105
mean B0=38.2075 homogen=199871.7176
mean B0=60.1154 homogen=218745.0542
mean B0=50.8068 homogen=200456.1373
mean B0=34.9137 homogen=124692.2576
mean B0=23.4944 homogen=77672.804
mean B0=45.3004 homogen=295098.7003
mean B0=47.3786 homogen=66028.4108
mean B0=28.1995 homogen=147117.206
mean B0=29.1746 homogen=44369.9477
mean B0=31.4968 homogen=275350.9729
mean B0=50.1552 homogen=198645.108
mean B0=55.9936 homogen=107929.902
mean B0=30.2967 homogen=264291.5717
mean B0=28.8099 homogen=113936.7761
mean B0=42.978 homogen=346844.6899
mean B0=36.1359 homogen=296456.8294
mean B0=50.5271 homogen=259577.997
mean B0=44.5026 homogen=240202.7286
mean B0=32.1555 homogen=156252.7454
mean B0=27.9561 homogen=63451.6244
mean B0=38.7503 homogen=194556.4981
mean B0=11.511 homogen=584290.0413
mean B0=49.4506 homogen=112094.3558
mean B0=27.741 homogen=61114.025
mean B0=46.7341 homogen=221577.5678
mean B0=46.3858 homogen=315076.7083
mean B0=41.1137 homogen=304756.0348
     6 |      240 |      6 |  0.000000E+00 |  0.000000E+00 |  0.0695426505 |         ideal
mean B0=28.7471 homogen=61742.005
mean B0=24.5056 homogen=292721.8154
mean B0=25.7456 homogen=170883.4923
mean B0=56.4726 homogen=99113.2398
mean B0=28.1831 homogen=121718.5632
mean B0=26.4874 homogen=76461.9846
mean B0=25.5806 homogen=92700.5273
mean B0=30.6849 homogen=106400.1947
mean B0=53.1444 homogen=297972.2908
mean B0=16.1204 homogen=809003.5721
mean B0=37.4392 homogen=142273.5357
mean B0=50.6808 homogen=256393.4751
mean B0=35.2899 homogen=148719.3544
mean B0=50.687 homogen=201279.1582
mean B0=29.0336 homogen=91226.532
mean B0=53.4223 homogen=105685.5105
mean B0=33.2576 homogen=227075.683
mean B0=29.1588 homogen=44030.1617
mean B0=27.8023 homogen=427529.4323
mean B0=59.7168 homogen=78331.286
mean B0=49.149 homogen=148709.7449
mean B0=22.3908 homogen=108875.9235
mean B0=64.0251 homogen=123069.9948
mean B0=32.1834 homogen=89076.2845
mean B0=27.6483 homogen=144866.5713
mean B0=29.0348 homogen=80852.2552
mean B0=27.6208 homogen=39587.409
mean B0=23.6541 homogen=75720.6858
mean B0=54.2689 homogen=167880.2251
mean B0=37.2176 homogen=221799.9268
mean B0=37.0427 homogen=471935.7966
mean B0=55.7901 homogen=179057.6244
mean B0=48.5705 homogen=110187.6142
mean B0=43.3184 homogen=237999.1103
mean B0=39.2815 homogen=70120.2968
mean B0=19.4235 homogen=669311.2192
mean B0=47.8894 homogen=170508.7556
mean B0=57.7182 homogen=254759.549
mean B0=31.1589 homogen=86626.6377
mean B0=26.7658 homogen=588714.4354
     7 |      280 |      9 |  0.000000E+00 |  0.000000E+00 |  0.1073305711 |         ideal
mean B0=29.5002 homogen=92652.2363
mean B0=60.9864 homogen=146412.1299
mean B0=53.2136 homogen=193125.7608
mean B0=51.6244 homogen=173045.0994
mean B0=18.4127 homogen=204866.2008
mean B0=28.2304 homogen=68489.408
mean B0=38.09 homogen=42425.3618
mean B0=50.8228 homogen=349116.4058
mean B0=38.5322 homogen=58196.3097
mean B0=39.7324 homogen=131873.5802
mean B0=60.652 homogen=261882.5301
mean B0=51.3871 homogen=29544.8888
mean B0=38.4192 homogen=231990.1344
mean B0=55.0726 homogen=67595.9204
mean B0=35.6345 homogen=389171.4554
mean B0=44.3701 homogen=201651.0435
mean B0=40.6752 homogen=42005.1883
mean B0=30.5713 homogen=73020.7822
mean B0=61.8736 homogen=183356.8489
mean B0=36.4274 homogen=124874.8983
mean B0=24.7688 homogen=146925.7261
mean B0=47.2368 homogen=83580.9283
mean B0=35.7473 homogen=109228.0053
mean B0=28.5024 homogen=70889.0966
mean B0=44.0625 homogen=332338.3438
mean B0=50.7552 homogen=201816.6688
mean B0=63.4904 homogen=133568.7486
mean B0=28.3737 homogen=93224.2457
mean B0=34.1987 homogen=106560.7814
mean B0=43.2626 homogen=304059.291
mean B0=50.5187 homogen=172563.4592
mean B0=34.111 homogen=162821.5304
mean B0=38.7334 homogen=399102.7262
mean B0=46.6125 homogen=163742.8523
mean B0=30.5515 homogen=130192.7147
mean B0=48.6681 homogen=63958.0872
mean B0=20.4721 homogen=251526.284
mean B0=27.2657 homogen=69077.4033
mean B0=52.1483 homogen=179273.4913
mean B0=44.3404 homogen=120438.4596
     8 |      320 |      4 |  0.000000E+00 |  0.000000E+00 |  0.1064031812 |         ideal
mean B0=52.5356 homogen=52701.035
mean B0=47.6281 homogen=314865.2561
mean B0=40.322 homogen=39690.7699
mean B0=58.3078 homogen=220620.3114
mean B0=44.8363 homogen=112987.2213
mean B0=24.3437 homogen=133626.2342
mean B0=56.3439 homogen=290847.3333
mean B0=64.0607 homogen=122396.3201
mean B0=39.9055 homogen=97565.7112
mean B0=31.477 homogen=309361.0518
mean B0=27.9228 homogen=61408.426
mean B0=43.7304 homogen=100673.2066
mean B0=45.5201 homogen=84631.8128
mean B0=44.0234 homogen=199225.4092
mean B0=54.4998 homogen=186246.4064
mean B0=33.9812 homogen=50058.225
mean B0=37.998 homogen=161496.2182
mean B0=54.2904 homogen=44054.2807
mean B0=35.0637 homogen=144804.2689
mean B0=57.0833 homogen=90899.4592
mean B0=57.2962 homogen=229681.9765
mean B0=32.3809 homogen=114267.2765
mean B0=52.9502 homogen=75466.5121
mean B0=58.7807 homogen=248102.0144
mean B0=27.4703 homogen=37737.1155
mean B0=39.4035 homogen=21971.4347
mean B0=64.1344 homogen=119453.1343
mean B0=52.5791 homogen=103024.9816
mean B0=24.8875 homogen=118016.4143
mean B0=32.6655 homogen=192854.3311
mean B0=54.2723 homogen=104313.778
mean B0=48.8876 homogen=87515.1195
mean B0=62.3322 homogen=147862.4905
mean B0=53.1098 homogen=37236.3558
mean B0=49.8883 homogen=153114.3929
mean B0=57.3682 homogen=196143.3725
mean B0=71.6888 homogen=190377.9925
mean B0=49.7287 homogen=196847.8665
mean B0=33.4681 homogen=38114.5429
mean B0=57.82 homogen=307241.7544
     9 |      360 |      7 |  0.000000E+00 |  0.000000E+00 |  0.0776910347 |         ideal
mean B0=46.293 homogen=163036.0825
mean B0=31.9967 homogen=98692.4035
mean B0=31.449 homogen=52822.9685
mean B0=27.4263 homogen=67928.3623
mean B0=37.5031 homogen=96086.7585
mean B0=55.3489 homogen=124163.9796
mean B0=35.9425 homogen=40430.0618
mean B0=48.4303 homogen=90618.8825
mean B0=46.0505 homogen=46048.9343
mean B0=32.3937 homogen=50605.4278
mean B0=46.2555 homogen=192477.2762
mean B0=40.3778 homogen=81614.488
mean B0=48.6502 homogen=133432.1009
mean B0=33.9745 homogen=65708.2962
mean B0=54.0769 homogen=80805.6766
mean B0=42.1025 homogen=39667.4971
mean B0=62.8933 homogen=107007.3982
mean B0=66.4434 homogen=181638.7644
mean B0=41.7167 homogen=193032.2126
mean B0=43.3609 homogen=221229.0337
mean B0=32.2782 homogen=53508.7042
mean B0=55.0364 homogen=174244.4779
mean B0=52.0286 homogen=179993.9689
mean B0=39.366 homogen=257648.8766
mean B0=41.8934 homogen=303897.7948
mean B0=54.8468 homogen=92250.1627
mean B0=54.1493 homogen=89616.7304
mean B0=56.7363 homogen=88629.3085
mean B0=59.3692 homogen=126844.5363
mean B0=20.8245 homogen=238408.7207
mean B0=50.0174 homogen=62377.2064
mean B0=27.7394 homogen=108547.0678
mean B0=59.4332 homogen=189294.0683
mean B0=62.3246 homogen=22467.0146
mean B0=59.9565 homogen=176553.0466
mean B0=54.5636 homogen=37245.8359
mean B0=61.2841 homogen=232630.0058
mean B0=52.1943 homogen=86813.8538
mean B0=30.4868 homogen=128186.1257
mean B0=53.2057 homogen=414493.7202
    10 |      400 |      5 |  0.000000E+00 |  0.000000E+00 |  0.0853917366 |         ideal
mean B0=27.4703 homogen=37737.1155
mean B0=59.8316 homogen=229762.2749
mean B0=30.6822 homogen=201187.5375
mean B0=44.007 homogen=439552.4418
mean B0=56.8205 homogen=138633.6109
mean B0=50.6799 homogen=63911.8799
mean B0=54.8645 homogen=110005.5197
mean B0=61.8736 homogen=183356.8489
mean B0=28.9258 homogen=77467.5536
mean B0=45.3461 homogen=83115.5412
mean B0=59.8853 homogen=191928.6919
mean B0=62.8917 homogen=107037.8666
mean B0=60.6639 homogen=60073.8791
mean B0=59.3298 homogen=51646.0382
mean B0=46.7398 homogen=36314.421
mean B0=40.0247 homogen=93963.9941
mean B0=53.9757 homogen=93110.4613
mean B0=51.5719 homogen=249735.2162
mean B0=53.6644 homogen=358547.7924
mean B0=63.0178 homogen=118408.8284
mean B0=60.6719 homogen=16537.6341
mean B0=44.2335 homogen=50661.9311
mean B0=35.5017 homogen=32595.2687
mean B0=32.7519 homogen=149081.8592
mean B0=55.997 homogen=108258.2563
mean B0=55.8461 homogen=82115.3828
mean B0=63.5007 homogen=67769.822
mean B0=55.9936 homogen=107929.902
mean B0=42.5015 homogen=144044.9806
mean B0=50.2884 homogen=10258.373
mean B0=57.933 homogen=60845.9355
mean B0=62.1341 homogen=117311.9004
mean B0=43.8762 homogen=91243.9528
mean B0=13.7694 homogen=166921.5521
mean B0=57.2022 homogen=175647.674
mean B0=35.7291 homogen=233598.8332
mean B0=43.698 homogen=88746.7978
mean B0=61.8798 homogen=26328.0839
mean B0=43.9188 homogen=183166.5626
mean B0=56.7031 homogen=60456.5838
    11 |      440 |      7 |  0.000000E+00 |  0.000000E+00 |  0.0683454015 |         ideal
mean B0=60.2053 homogen=263613.6041
mean B0=55.8371 homogen=70578.3974
mean B0=64.2557 homogen=91149.3564
mean B0=50.4849 homogen=57968.2459
mean B0=53.1188 homogen=151849.0262
mean B0=43.1161 homogen=72039.5655
mean B0=52.3637 homogen=101255.3926
mean B0=55.4715 homogen=216289.2128
mean B0=64.3051 homogen=118527.8539
mean B0=46.2221 homogen=25852.1308
mean B0=65.0574 homogen=23138.7322
mean B0=63.2992 homogen=112652.279
mean B0=35.4193 homogen=38725.5034
mean B0=64.0607 homogen=122396.3201
mean B0=40.3141 homogen=49719.0669
mean B0=61.7929 homogen=24843.8043
mean B0=31.1221 homogen=73974.2228
mean B0=32.9145 homogen=65563.6606
mean B0=61.7185 homogen=124083.9088
mean B0=62.3231 homogen=167854.5572
mean B0=51.985 homogen=40146.2721
mean B0=42.2624 homogen=138196.7764
mean B0=46.7852 homogen=60645.2652
mean B0=59.8568 homogen=43417.468
mean B0=65.865 homogen=167873.2145
mean B0=37.0774 homogen=40541.7056
mean B0=44.1421 homogen=95502.7745
mean B0=30.5834 homogen=68129.6764
mean B0=63.8917 homogen=34244.2814
mean B0=44.4352 homogen=60425.832
mean B0=44.2273 homogen=125865.1255
mean B0=63.184 homogen=139923.4302
mean B0=44.8765 homogen=103181.5484
mean B0=62.8917 homogen=107037.8666
mean B0=65.8886 homogen=15381.4416
mean B0=64.1116 homogen=125053.4029
mean B0=47.4273 homogen=24096.9746
mean B0=54.2962 homogen=208879.3496
mean B0=53.5042 homogen=73369.4808
mean B0=56.3137 homogen=49592.8327
    12 |      480 |      5 |  0.000000E+00 |  0.000000E+00 |  0.0338413996 |             f
mean B0=54.8718 homogen=18985.8255
mean B0=64.9592 homogen=109689.485
mean B0=54.1183 homogen=69850.4264
mean B0=57.0837 homogen=11497.7097
mean B0=50.4726 homogen=32332.493
mean B0=57.1949 homogen=26223.1663
mean B0=67.7758 homogen=89506.3037
mean B0=64.9389 homogen=38713.1638
mean B0=49.3109 homogen=45383.1403
mean B0=47.7036 homogen=73309.4708
mean B0=27.4599 homogen=37467.026
mean B0=64.1888 homogen=119789.2564
mean B0=64.0649 homogen=122303.326
mean B0=65.2812 homogen=97713.408
mean B0=60.9061 homogen=242543.4083
mean B0=34.9265 homogen=34242.6328
mean B0=63.237 homogen=230320.0697
mean B0=57.9329 homogen=60844.8168
mean B0=36.2776 homogen=74308.6644
mean B0=42.4482 homogen=15873.7563
mean B0=63.215 homogen=285732.984
mean B0=59.8438 homogen=18574.4867
mean B0=35.8013 homogen=49005.4925
mean B0=61.7931 homogen=24841.1822
mean B0=61.676 homogen=129480.0396
mean B0=51.049 homogen=41026.9268
mean B0=49.8363 homogen=56273.6313
mean B0=64.0074 homogen=114785.0888
mean B0=45.9655 homogen=41694.772
mean B0=71.055 homogen=97240.6179
mean B0=66.4539 homogen=181437.368
mean B0=45.1453 homogen=54409.5047
mean B0=62.8524 homogen=107799.1313
mean B0=64.3125 homogen=118488.6831
mean B0=44.6539 homogen=187047.9441
mean B0=44.7184 homogen=22464.6722
mean B0=45.7189 homogen=35100.185
mean B0=59.8568 homogen=43417.572
mean B0=58.4478 homogen=67619.9673
mean B0=49.2365 homogen=39512.3658
    13 |      520 |      6 |  0.000000E+00 |  0.000000E+00 |  0.0761925081 |         ideal
mean B0=60.597 homogen=20577.4801
mean B0=64.7119 homogen=111505.4548
mean B0=56.2456 homogen=38957.9744
mean B0=62.5346 homogen=102025.5587
mean B0=59.9711 homogen=16264.3259
mean B0=58.033 homogen=23642.0874
mean B0=62.0246 homogen=50966.2816
mean B0=67.6916 homogen=35692.9182
mean B0=51.2479 homogen=63316.241
mean B0=35.7004 homogen=104693.3682
mean B0=46.9051 homogen=18507.7961
mean B0=39.5128 homogen=118137.2381
mean B0=44.7203 homogen=22415.2274
mean B0=69.892 homogen=39376.2949
mean B0=50.6709 homogen=9064.5237
mean B0=50.4727 homogen=32333.511
mean B0=54.5636 homogen=37247.1163
mean B0=60.3819 homogen=207144.6279
mean B0=63.5989 homogen=129893.6499
mean B0=64.8263 homogen=72370.9729
mean B0=57.4916 homogen=14153.4493
mean B0=61.3083 homogen=31992.678
mean B0=57.2486 homogen=66215.0515
mean B0=35.6217 homogen=31996.0208
mean B0=61.756 homogen=28519.0437
mean B0=62.4392 homogen=114379.5089
mean B0=62.3131 homogen=89949.791
mean B0=42.1704 homogen=15068.0476
mean B0=53.5861 homogen=215666.8247
mean B0=64.3266 homogen=89767.0169
mean B0=64.3347 homogen=113652.1402
mean B0=61.8103 homogen=37513.1187
mean B0=62.9912 homogen=105068.634
mean B0=37.5694 homogen=244944.9021
mean B0=64.9816 homogen=103557.5828
mean B0=67.63 homogen=194333.0206
mean B0=69.8103 homogen=52739.0788
mean B0=51.5314 homogen=18818.334
mean B0=67.7734 homogen=83800.5832
mean B0=45.0612 homogen=314059.8595
    14 |      560 |      8 |  0.000000E+00 |  0.000000E+00 |  0.1062982891 |         ideal
mean B0=50.6696 homogen=9061.476
mean B0=53.0005 homogen=41855.6367
mean B0=62.7411 homogen=14131.6718
mean B0=69.3782 homogen=90833.5819
mean B0=42.8788 homogen=39182.6335
mean B0=58.7963 homogen=38275.4512
mean B0=61.2638 homogen=31056.9154
mean B0=71.5866 homogen=39432.6092
mean B0=61.2589 homogen=38772.8123
mean B0=69.3201 homogen=108697.2125
mean B0=43.1959 homogen=22810.3653
mean B0=60.9024 homogen=80652.732
mean B0=58.1586 homogen=48357.1871
mean B0=48.5317 homogen=231792.0946
mean B0=66.0356 homogen=57613.5084
mean B0=61.6015 homogen=10443.4294
mean B0=69.2301 homogen=87594.1506
mean B0=59.6769 homogen=23172.8472
mean B0=41.3654 homogen=194813.1339
mean B0=64.9479 homogen=104194.4934
mean B0=46.9059 homogen=18516.112
mean B0=62.1168 homogen=165902.7075
mean B0=66.4763 homogen=148195.692
mean B0=54.1304 homogen=139382.005
mean B0=44.2368 homogen=32890.922
mean B0=61.7916 homogen=168127.4607
mean B0=39.728 homogen=28521.7597
mean B0=49.5388 homogen=37362.1742
mean B0=45.2972 homogen=10748.5241
mean B0=58.0331 homogen=29262.2469
mean B0=73.1814 homogen=150199.7851
mean B0=64.1547 homogen=107182.7547
mean B0=66.8777 homogen=73631.9662
mean B0=57.0771 homogen=23747.1121
mean B0=60.0129 homogen=54831.305
mean B0=62.3246 homogen=22467.0146
mean B0=56.4423 homogen=49350.6164
mean B0=66.2951 homogen=182302.9959
mean B0=42.4519 homogen=15857.1025
mean B0=65.0841 homogen=22700.4117
    15 |      600 |      6 |  0.000000E+00 |  0.000000E+00 |  0.0465500221 |             f
mean B0=66.1607 homogen=87402.9536
mean B0=52.4408 homogen=49859.7807
mean B0=59.3453 homogen=25514.0009
mean B0=70.8213 homogen=126152.4129
mean B0=71.9722 homogen=162480.5198
mean B0=66.059 homogen=57506.8227
mean B0=49.594 homogen=31081.2883
mean B0=63.9518 homogen=40507.4822
mean B0=62.4618 homogen=56280.1176
mean B0=51.0329 homogen=59038.8604
mean B0=72.2126 homogen=146412.076
mean B0=61.7612 homogen=25265.8996
mean B0=57.8161 homogen=7653.465
mean B0=47.2848 homogen=94871.7592
mean B0=59.7244 homogen=17562.8265
mean B0=62.1329 homogen=18622.3722
mean B0=51.4377 homogen=70275.6081
mean B0=64.1271 homogen=119494.9727
mean B0=61.7808 homogen=27477.9534
mean B0=48.0387 homogen=110882.9976
mean B0=59.6405 homogen=11398.0023
mean B0=62.1442 homogen=61955.1341
mean B0=64.9653 homogen=107678.1617
mean B0=51.5315 homogen=154650.1565
mean B0=43.1786 homogen=22839.6371
mean B0=60.6943 homogen=16443.7317
mean B0=59.1542 homogen=35482.113
mean B0=51.4221 homogen=104052.1089
mean B0=63.7684 homogen=42003.4783
mean B0=46.2115 homogen=70943.6284
mean B0=63.0727 homogen=113116.3595
mean B0=58.6685 homogen=18687.4426
mean B0=61.915 homogen=16196.0264
mean B0=64.8907 homogen=113876.2607
mean B0=67.0025 homogen=75140.7074
mean B0=66.4769 homogen=148139.6503
mean B0=62.0266 homogen=10626.2251
mean B0=65.2521 homogen=22324.3037
mean B0=42.2544 homogen=15472.7219
mean B0=56.2669 homogen=98451.5335
    16 |      640 |      7 |  0.000000E+00 |  0.000000E+00 |  0.1668681681 |         ideal
mean B0=62.3741 homogen=74103.539
mean B0=68.9439 homogen=26902.796
mean B0=59.6321 homogen=11331.9318
mean B0=59.4314 homogen=46254.843
mean B0=63.7342 homogen=91020.3779
mean B0=62.3246 homogen=22467.0146
mean B0=66.8777 homogen=73631.9662
mean B0=71.6251 homogen=28407.8475
mean B0=70.7128 homogen=139743.3865
mean B0=59.961 homogen=16372.4791
mean B0=67.1419 homogen=97984.0996
mean B0=62.292 homogen=22276.6691
mean B0=66.4881 homogen=148107.5966
mean B0=50.6695 homogen=8994.727
mean B0=45.4605 homogen=242996.1641
mean B0=67.0027 homogen=75142.5591
mean B0=60.7626 homogen=23890.6383
mean B0=65.9864 homogen=21384.6599
mean B0=61.428 homogen=33081.9939
mean B0=73.0556 homogen=70907.3677
mean B0=67.8807 homogen=56833.4541
mean B0=57.5441 homogen=16837.8994
mean B0=57.5006 homogen=14090.8534
mean B0=64.5765 homogen=195767.8877
mean B0=67.6745 homogen=36834.7089
mean B0=72.2126 homogen=146412.076
mean B0=60.6943 homogen=16443.7317
mean B0=39.6776 homogen=169712.7367
mean B0=60.857 homogen=229737.1841
mean B0=66.4854 homogen=148032.609
mean B0=39.2391 homogen=182141.1869
mean B0=50.7003 homogen=9125.6886
mean B0=68.0425 homogen=188858.8753
mean B0=61.8525 homogen=37162.6913
mean B0=59.6412 homogen=185784.2643
mean B0=62.7412 homogen=14123.8194
mean B0=51.2802 homogen=153704.1742
mean B0=62.0222 homogen=115688.6895
mean B0=57.9666 homogen=6938.7824
mean B0=65.6088 homogen=65070.7416
    17 |      680 |      9 |  0.000000E+00 |  0.000000E+00 |  0.0051241542 |         ideal
mean B0=68.786 homogen=177179.2719
mean B0=63.1677 homogen=98059.4373
mean B0=67.2689 homogen=179030.9494
mean B0=47.3376 homogen=201395.7431
mean B0=57.0743 homogen=11566.2634
mean B0=61.0243 homogen=178542.4963
mean B0=61.7567 homogen=20342.5167
mean B0=62.9955 homogen=13289.7617
mean B0=65.0842 homogen=22700.7155
mean B0=52.628 homogen=138090.2477
mean B0=55.3215 homogen=78320.9069
mean B0=66.3106 homogen=158507.3304
mean B0=70.0226 homogen=138303.6488
mean B0=80.4704 homogen=102192.684
mean B0=35.3112 homogen=125483.4779
mean B0=56.7822 homogen=111208.3479
mean B0=63.1809 homogen=17556.5064
mean B0=65.8061 homogen=88536.2984
mean B0=50.2745 homogen=10503.3018
mean B0=63.3346 homogen=13022.1547
mean B0=70.2778 homogen=93068.1254
mean B0=70.1864 homogen=22142.1338
mean B0=67.8912 homogen=94949.8329
mean B0=51.694 homogen=221886.4785
mean B0=50.3 homogen=10206.6933
mean B0=65.5641 homogen=65762.1372
mean B0=54.9495 homogen=162648.0806
mean B0=57.3545 homogen=11499.0932
mean B0=61.9149 homogen=16195.7641
mean B0=72.1063 homogen=89201.6159
mean B0=57.1365 homogen=60886.945
mean B0=72.0091 homogen=162058.9636
mean B0=63.3749 homogen=139405.1414
mean B0=61.7811 homogen=143542.8877
mean B0=50.7003 homogen=9125.6886
mean B0=66.3279 homogen=86920.4865
mean B0=64.8275 homogen=97606.6585
mean B0=62.2242 homogen=31976.8236
mean B0=66.3251 homogen=69510.2134
mean B0=50.2678 homogen=12613.188
    18 |      720 |      8 |  0.000000E+00 |  0.000000E+00 |  0.0659576564 |             f
mean B0=67.3973 homogen=177136.2687
mean B0=67.8123 homogen=39668.8
mean B0=63.6121 homogen=44253.9409
mean B0=76.9921 homogen=145089.3241
mean B0=64.1462 homogen=140120.8136
mean B0=57.0899 homogen=11418.826
mean B0=63.7737 homogen=17199.9514
mean B0=72.0994 homogen=155737.1049
mean B0=56.0709 homogen=36829.2233
mean B0=59.4262 homogen=46299.8574
mean B0=67.0133 homogen=22563.6435
mean B0=65.8484 homogen=47284.6027
mean B0=63.9977 homogen=67477.7744
mean B0=59.4218 homogen=22351.189
mean B0=55.2105 homogen=52884.2712
mean B0=66.0301 homogen=82000.8158
mean B0=66.3757 homogen=70451.3538
mean B0=71.9722 homogen=162480.5198
mean B0=72.7307 homogen=108685.0315
mean B0=57.5767 homogen=9907.1625
mean B0=51.2849 homogen=10022.5656
mean B0=70.0473 homogen=22756.1279
mean B0=48.1304 homogen=30808.0613
mean B0=62.7283 homogen=42285.7101
mean B0=51.3621 homogen=53708.7576
mean B0=50.6992 homogen=9377.0845
mean B0=67.9803 homogen=103725.3721
mean B0=62.0029 homogen=8836.6377
mean B0=52.2549 homogen=14177.9707
mean B0=67.5757 homogen=47788.2737
mean B0=61.7045 homogen=115102.4824
mean B0=63.5904 homogen=38882.9734
mean B0=47.1168 homogen=410292.2349
mean B0=72.8436 homogen=34927.8341
mean B0=62.5837 homogen=9361.0125
mean B0=66.3581 homogen=25169.1338
mean B0=57.5006 homogen=14091.1127
mean B0=65.2374 homogen=21554.9313
mean B0=66.0441 homogen=112790.6287
mean B0=62.604 homogen=23966.0829
    19 |      760 |      8 |  0.000000E+00 |  0.000000E+00 |  0.0350959178 |         ideal
mean B0=70.9036 homogen=110919.4376
mean B0=66.7712 homogen=64494.9169
mean B0=50.8253 homogen=20009.294
mean B0=69.9361 homogen=90826.3567
mean B0=70.5356 homogen=10652.7282
mean B0=71.0594 homogen=84803.4575
mean B0=59.6405 homogen=11397.8688
mean B0=70.8215 homogen=126336.8126
mean B0=45.3299 homogen=78064.7994
mean B0=64.8101 homogen=21602.44
mean B0=71.2726 homogen=148425.3538
mean B0=76.3066 homogen=134351.8089
mean B0=65.3884 homogen=48130.6993
mean B0=70.0473 homogen=22756.1279
mean B0=74.7243 homogen=140133.9871
mean B0=48.5832 homogen=43176.7652
mean B0=52.9125 homogen=27074.1401
mean B0=58.4541 homogen=54615.9761
mean B0=47.2568 homogen=100055.4411
mean B0=65.2531 homogen=40292.7499
mean B0=56.3077 homogen=87481.7185
mean B0=64.7382 homogen=33427.7392
mean B0=61.9835 homogen=35033.8628
mean B0=67.3023 homogen=93230.6656
mean B0=57.1752 homogen=30553.2702
mean B0=67.1985 homogen=60146.2468
mean B0=62.6649 homogen=12659.8719
mean B0=67.8802 homogen=56643.5296
mean B0=71.1255 homogen=89426.5814
mean B0=57.5767 homogen=9907.1625
mean B0=58.7122 homogen=13098.686
mean B0=63.7837 homogen=26621.9888
mean B0=67.9018 homogen=36468.1875
mean B0=63.1809 homogen=17556.5064
mean B0=65.4724 homogen=30201.5599
mean B0=61.3498 homogen=44716.55
mean B0=58.0893 homogen=41802.4765
mean B0=49.2006 homogen=55777.8128
mean B0=66.1404 homogen=99843.1037
mean B0=72.937 homogen=90610.472
    20 |      800 |     10 |  0.000000E+00 |  0.000000E+00 |  0.0137745298 |         ideal
mean B0=53.9628 homogen=31783.1266
mean B0=62.531 homogen=29590.0126
mean B0=65.0668 homogen=42633.0348
mean B0=61.6092 homogen=10392.4905
mean B0=71.1434 homogen=91722.0271
mean B0=57.5854 homogen=9958.1693
mean B0=68.504 homogen=46036.2251
mean B0=56.3509 homogen=22876.1992
mean B0=51.5229 homogen=16387.6655
mean B0=68.4716 homogen=36565.5096
mean B0=70.5423 homogen=23524.7331
mean B0=66.0943 homogen=33086.6241
mean B0=62.0453 homogen=8777.159
mean B0=73.8465 homogen=83279.6943
mean B0=76.1816 homogen=75625.7153
mean B0=67.3191 homogen=30002.9309
mean B0=69.1504 homogen=62076.133
mean B0=71.7733 homogen=38326.1488
mean B0=73.4443 homogen=99457.7947
mean B0=43.1073 homogen=105087.0539
mean B0=56.7235 homogen=47460.894
mean B0=60.9332 homogen=10003.1916
mean B0=67.5112 homogen=47210.8537
mean B0=63.1736 homogen=17611.7418
mean B0=71.9545 homogen=81549.4183
mean B0=68.2899 homogen=26936.7308
mean B0=60.5514 homogen=44279.6295
mean B0=64.6162 homogen=14647.3714
mean B0=57.0408 homogen=13821.5885
mean B0=72.2483 homogen=146399.5989
mean B0=69.9564 homogen=84431.0757
mean B0=68.9478 homogen=17539.6847
mean B0=61.067 homogen=20609.834
mean B0=61.8016 homogen=10666.4489
mean B0=45.8483 homogen=71440.7896
mean B0=69.082 homogen=48035.2022
mean B0=65.0604 homogen=172927.6595
mean B0=61.8712 homogen=37653.3095
mean B0=63.3346 homogen=13022.1547
mean B0=68.3227 homogen=103203.5655
    21 |      840 |     10 |  0.000000E+00 |  0.000000E+00 |  0.1781319123 |         ideal
mean B0=66.8775 homogen=21174.242
mean B0=57.7607 homogen=7576.5971
mean B0=66.274 homogen=18272.9301
mean B0=56.7303 homogen=73918.0889
mean B0=56.4764 homogen=65084.7736
mean B0=67.1736 homogen=29974.1895
mean B0=69.0131 homogen=21247.3435
mean B0=59.9368 homogen=16212.2122
mean B0=69.1426 homogen=19417.1685
mean B0=65.3041 homogen=17880.601
mean B0=75.8092 homogen=93397.0351
mean B0=62.0454 homogen=8777.4496
mean B0=63.0771 homogen=23323.2907
mean B0=68.504 homogen=46036.2251
mean B0=69.8104 homogen=52743.8893
mean B0=58.533 homogen=14580.7648
mean B0=62.87 homogen=13829.2852
mean B0=75.9716 homogen=83468.4031
mean B0=72.1309 homogen=88541.1545
mean B0=57.2848 homogen=11287.4055
mean B0=58.0978 homogen=32385.6117
mean B0=72.8038 homogen=108445.8873
mean B0=66.8991 homogen=33152.3211
mean B0=74.4706 homogen=87449.1481
mean B0=61.6266 homogen=32120.3787
mean B0=63.9406 homogen=17387.2332
mean B0=71.1441 homogen=23158.0982
mean B0=67.8831 homogen=14405.1292
mean B0=61.9503 homogen=57402.7304
mean B0=68.222 homogen=91050.582
mean B0=66.6177 homogen=42375.6678
mean B0=41.3401 homogen=119714.6493
mean B0=70.7464 homogen=118429.3301
mean B0=63.1809 homogen=17556.5064
mean B0=68.9475 homogen=17538.9146
mean B0=50.69 homogen=9269.131
mean B0=63.7886 homogen=13664.5477
mean B0=63.5355 homogen=34931.2812
mean B0=63.3147 homogen=13142.8531
mean B0=66.2001 homogen=9971.7449
    22 |      880 |     11 |  0.000000E+00 |  0.000000E+00 |  0.0176748442 |             f
mean B0=71.5765 homogen=93523.7665
mean B0=69.16 homogen=16083.8171
mean B0=61.6964 homogen=14465.873
mean B0=58.2164 homogen=190015.7171
mean B0=59.5768 homogen=37444.9429
mean B0=73.3631 homogen=84959.4626
mean B0=68.9614 homogen=17602.7337
mean B0=65.7966 homogen=80997.2672
mean B0=49.9071 homogen=221148.6683
mean B0=41.8749 homogen=267874.76
mean B0=62.8746 homogen=67345.0899
mean B0=63.3346 homogen=13022.1547
mean B0=72.8302 homogen=102673.2684
mean B0=70.0338 homogen=22563.5473
mean B0=65.6108 homogen=28724.1953
mean B0=63.9576 homogen=11472.0339
mean B0=63.4224 homogen=9079.5
mean B0=57.0717 homogen=11714.6239
mean B0=67.2154 homogen=8218.5293
mean B0=64.8417 homogen=19730.0776
mean B0=73.9379 homogen=94108.1721
mean B0=57.5553 homogen=10732.8318
mean B0=61.1733 homogen=10904.5438
mean B0=57.1241 homogen=11934.8761
mean B0=72.6161 homogen=102441.9022
mean B0=69.6346 homogen=75594.6057
mean B0=70.0327 homogen=22692.8096
mean B0=45.1425 homogen=74201.0709
mean B0=62.2794 homogen=18124.9212
mean B0=71.7373 homogen=21445.5701
mean B0=48.679 homogen=39347.4215
mean B0=71.1441 homogen=23158.0982
mean B0=67.2606 homogen=23727.3385
mean B0=61.8292 homogen=14237.7379
mean B0=76.8607 homogen=37753.8418
mean B0=71.4038 homogen=80691.2406
mean B0=71.1041 homogen=78188.8219
mean B0=53.0568 homogen=107476.8134
mean B0=64.2925 homogen=10397.2769
mean B0=63.7182 homogen=16502.0256
    23 |      920 |     10 |  0.000000E+00 |  0.000000E+00 |  0.0070410822 |             f
mean B0=59.9199 homogen=15293.5304
mean B0=34.3486 homogen=232944.2033
mean B0=50.7274 homogen=8378.2015
mean B0=57.1279 homogen=105619.2549
mean B0=70.5304 homogen=9321.4974
mean B0=58.6478 homogen=19988.7477
mean B0=63.5053 homogen=9462.256
mean B0=63.151 homogen=10960.5891
mean B0=60.6215 homogen=20562.0686
mean B0=60.837 homogen=39121.3677
mean B0=67.9361 homogen=22865.0335
mean B0=70.0489 homogen=22756.9366
mean B0=63.4078 homogen=211458.4639
mean B0=63.3208 homogen=20522.0537
mean B0=63.229 homogen=67319.377
mean B0=78.9535 homogen=97465.1389
mean B0=63.7016 homogen=36836.2774
mean B0=59.6331 homogen=39795.543
mean B0=66.1706 homogen=9934.5949
mean B0=66.2396 homogen=56248.2734
mean B0=67.4791 homogen=17277.6724
mean B0=53.9214 homogen=27717.9782
mean B0=65.9734 homogen=21672.9845
mean B0=61.3546 homogen=8248.3792
mean B0=66.1719 homogen=228941.3106
mean B0=72.3216 homogen=117644.6703
mean B0=71.872 homogen=82437.4647
mean B0=70.9742 homogen=25564.703
mean B0=45.1597 homogen=79358.8132
mean B0=74.0325 homogen=33710.9511
mean B0=65.6896 homogen=22119.7901
mean B0=63.6833 homogen=8709.0585
mean B0=71.1362 homogen=21158.3006
mean B0=77.2093 homogen=86011.6894
mean B0=65.9188 homogen=25925.8558
mean B0=69.9938 homogen=68418.6892
mean B0=76.1263 homogen=57706.8947
mean B0=63.7214 homogen=55047.366
mean B0=64.322 homogen=10472.0104
mean B0=43.3612 homogen=404853.2921
    24 |      960 |     10 |  0.000000E+00 |  0.000000E+00 |  0.0055710324 |             f
mean B0=62.0453 homogen=8777.3084
mean B0=61.6233 homogen=41030.222
mean B0=72.1309 homogen=88541.1545
mean B0=73.2306 homogen=24732.2475
mean B0=57.0897 homogen=12601.5286
mean B0=63.1417 homogen=14193.4921
mean B0=67.8445 homogen=9011.7444
mean B0=62.5073 homogen=25629.1098
mean B0=60.0042 homogen=13981.0292
mean B0=67.9764 homogen=14659.0914
mean B0=58.5931 homogen=36207.8184
mean B0=69.1166 homogen=16874.9154
mean B0=71.1296 homogen=78149.1156
mean B0=70.0487 homogen=22768.3928
mean B0=73.6041 homogen=98390.171
mean B0=63.9414 homogen=70749.9579
mean B0=75.3054 homogen=56262.2857
mean B0=71.7577 homogen=27604.9178
mean B0=65.6769 homogen=17377.7691
mean B0=69.0694 homogen=39601.0216
mean B0=61.3546 homogen=8248.3717
mean B0=65.3265 homogen=39502.9059
mean B0=59.4597 homogen=95960.0921
mean B0=39.5538 homogen=118063.4278
mean B0=70.8127 homogen=18622.7852
mean B0=71.6915 homogen=84155.0362
mean B0=68.9084 homogen=21191.2472
mean B0=65.8713 homogen=14208.0495
mean B0=67.0946 homogen=25643.7083
mean B0=65.3028 homogen=202849.3225
mean B0=59.1393 homogen=118936.5866
mean B0=70.9063 homogen=101273.2304
mean B0=69.0897 homogen=19307.3157
mean B0=70.3041 homogen=18312.2442
mean B0=67.79 homogen=20867.6677
mean B0=56.7843 homogen=26681.4452
mean B0=72.9836 homogen=105810.0093
mean B0=68.1788 homogen=20504.9728
mean B0=68.3959 homogen=24841.8022
mean B0=64.6863 homogen=29630.156
    25 |     1000 |     11 |  0.000000E+00 |  0.000000E+00 |  0.0066347463 |             f
mean B0=65.283 homogen=21124.585
mean B0=58.0064 homogen=205612.725
mean B0=71.9545 homogen=81549.4183
mean B0=63.3816 homogen=49492.0822
mean B0=64.2925 homogen=10397.2769
mean B0=63.6438 homogen=121438.0369
mean B0=69.3922 homogen=104924.3503
mean B0=73.5952 homogen=87116.4389
mean B0=45.6226 homogen=93594.1253
mean B0=60.9012 homogen=9826.0239
mean B0=66.9599 homogen=9879.8496
mean B0=66.249 homogen=45794.7106
mean B0=70.844 homogen=25641.3839
mean B0=70.4275 homogen=99246.7471
mean B0=59.0663 homogen=19224.1368
mean B0=62.003 homogen=8832.9576
mean B0=70.0483 homogen=22754.1744
mean B0=68.7956 homogen=48173.9582
mean B0=61.6438 homogen=10477.4279
mean B0=71.0582 homogen=20536.0108
mean B0=62.4783 homogen=11957.3589
mean B0=75.3206 homogen=56922.6928
mean B0=70.6278 homogen=29615.9733
mean B0=77.6471 homogen=80147.5115
mean B0=72.1309 homogen=88541.1545
mean B0=68.7776 homogen=13037.3895
mean B0=69.5541 homogen=14588.4859
mean B0=67.1496 homogen=26585.0279
mean B0=61.89 homogen=13110.0119
mean B0=72.0754 homogen=19712.1295
mean B0=70.1865 homogen=22140.8316
mean B0=66.9619 homogen=35423.7707
mean B0=61.4904 homogen=19525.3627
mean B0=60.3706 homogen=11549.5444
mean B0=68.4195 homogen=27780.0634
mean B0=62.2258 homogen=9331.2741
mean B0=68.9483 homogen=17542.1676
mean B0=56.5745 homogen=35986.3511
mean B0=64.7256 homogen=9065.4667
mean B0=71.9432 homogen=88522.9868
    26 |     1040 |     12 |  0.000000E+00 |  0.000000E+00 |  0.0047893171 |             f
mean B0=40.7546 homogen=95268.4681
mean B0=64.3711 homogen=13086.1222
mean B0=61.2358 homogen=10928.3034
mean B0=71.2542 homogen=28050.286
mean B0=66.1706 homogen=9934.5949
mean B0=73.8208 homogen=86410.8299
mean B0=72.3411 homogen=80533.248
mean B0=70.5987 homogen=23228.5975
mean B0=73.7665 homogen=94891.3809
mean B0=70.1136 homogen=18468.4441
mean B0=58.9375 homogen=29282.1166
mean B0=70.8771 homogen=20736.8237
mean B0=64.4078 homogen=39890.1714
mean B0=67.2401 homogen=43199.0434
mean B0=65.0859 homogen=198108.3556
mean B0=62.4834 homogen=22028.3798
mean B0=59.2562 homogen=40446.234
mean B0=45.0306 homogen=103472.6857
mean B0=64.9717 homogen=12583.3583
mean B0=63.597 homogen=11305.7203
mean B0=61.5696 homogen=16099.2532
mean B0=68.7698 homogen=11554.3984
mean B0=64.3181 homogen=14145.9265
mean B0=76.9594 homogen=51388.8016
mean B0=66.2001 homogen=9971.7449
mean B0=60.8807 homogen=10048.1667
mean B0=63.4867 homogen=11849.2257
mean B0=72.3192 homogen=20226.023
mean B0=71.5943 homogen=22390.76
mean B0=70.4376 homogen=20140.5251
mean B0=61.0799 homogen=24357.7375
mean B0=67.5872 homogen=17085.5894
mean B0=63.7691 homogen=11666.5866
mean B0=68.0105 homogen=62200.2342
mean B0=65.0806 homogen=9503.0413
mean B0=72.9457 homogen=93498.0475
mean B0=69.8336 homogen=45039.8424
mean B0=68.9484 homogen=17542.8227
mean B0=62.1621 homogen=29835.2874
mean B0=70.8733 homogen=18710.7683
    27 |     1080 |     16 |  0.000000E+00 |  0.000000E+00 |  0.0046324891 |             f
mean B0=69.5799 homogen=13410.0405
mean B0=69.8564 homogen=21794.6768
mean B0=60.4558 homogen=23515.9649
mean B0=73.5309 homogen=88028.8845
mean B0=35.7787 homogen=136433.2915
mean B0=67.5354 homogen=35277.749
mean B0=62.7123 homogen=12568.6867
mean B0=47.2593 homogen=293290.4418
mean B0=66.6164 homogen=22499.9009
mean B0=72.9533 homogen=40423.845
mean B0=69.8946 homogen=20404.8408
mean B0=72.4495 homogen=90752.5635
mean B0=71.0059 homogen=46483.6381
mean B0=65.1485 homogen=29254.4333
mean B0=61.7191 homogen=12457.8444
mean B0=59.7559 homogen=7532.9009
mean B0=63.2745 homogen=16138.5
mean B0=59.4744 homogen=45416.6558
mean B0=67.6474 homogen=13997.5266
mean B0=70.4326 homogen=19342.1531
mean B0=63.5608 homogen=11380.599
mean B0=70.852 homogen=22836.7503
mean B0=70.2604 homogen=20427.1266
mean B0=66.2205 homogen=9590.2737
mean B0=70.1122 homogen=18467.2463
mean B0=73.4277 homogen=115009.0071
mean B0=74.7266 homogen=98547.0115
mean B0=55.4669 homogen=153934.5656
mean B0=68.4425 homogen=44291.8555
mean B0=63.8461 homogen=33005.7704
mean B0=71.9806 homogen=22174.3875
mean B0=64.2775 homogen=12731.5074
mean B0=67.5371 homogen=30860.7567
mean B0=57.5034 homogen=49437.1883
mean B0=63.7503 homogen=15001.9867
mean B0=67.7858 homogen=13588.1683
mean B0=62.0969 homogen=7741.3748
mean B0=71.2456 homogen=23863.925
mean B0=62.5331 homogen=11654.9723
mean B0=43.4479 homogen=104419.0804
    28 |     1120 |     16 |  0.000000E+00 |  0.000000E+00 |  0.0137050079 |             f
mean B0=61.0117 homogen=15255.2338
mean B0=61.6565 homogen=9490.231
mean B0=64.7323 homogen=9115.629
mean B0=71.4827 homogen=18373.8206
mean B0=71.9932 homogen=16047.0907
mean B0=71.2969 homogen=105417.0894
mean B0=62.0554 homogen=8848.9221
mean B0=66.2001 homogen=9971.7449
mean B0=66.8286 homogen=23501.5739
mean B0=74.3584 homogen=100074.2917
mean B0=62.8733 homogen=16264.0123
mean B0=68.8529 homogen=22664.8641
mean B0=67.302 homogen=29483.5015
mean B0=68.4792 homogen=17440.607
mean B0=67.9925 homogen=11330.1549
mean B0=69.4702 homogen=19086.6599
mean B0=65.8478 homogen=18116.8058
mean B0=70.4673 homogen=37783.8429
mean B0=70.4607 homogen=22620.3901
mean B0=69.5061 homogen=19809.9135
mean B0=70.409 homogen=84176.4167
mean B0=59.8943 homogen=8917.7421
mean B0=66.163 homogen=9970.3712
mean B0=63.316 homogen=9833.941
mean B0=59.4677 homogen=13024.0685
mean B0=66.9467 homogen=33084.3111
mean B0=61.3448 homogen=8175.8742
mean B0=73.9379 homogen=94108.1733
mean B0=73.2265 homogen=40799.8422
mean B0=63.6998 homogen=11182.4372
mean B0=68.024 homogen=54557.4627
mean B0=71.1533 homogen=23416.6978
mean B0=71.5434 homogen=40331.5264
mean B0=67.8249 homogen=13169.1398
mean B0=71.3409 homogen=23552.5019
mean B0=71.1954 homogen=28675.8825
mean B0=78.0636 homogen=89365.6836
mean B0=66.7706 homogen=30752.9293
mean B0=64.9186 homogen=8944.4839
mean B0=62.4515 homogen=25982.7711
    29 |     1160 |     18 |  0.000000E+00 |  0.000000E+00 |  0.0143145445 |             f
mean B0=60.5412 homogen=13830.0354
mean B0=61.4429 homogen=8617.7755
mean B0=71.1441 homogen=23158.0982
mean B0=62.0624 homogen=15989.4445
mean B0=60.7884 homogen=19360.494
mean B0=67.4905 homogen=23930.3388
mean B0=62.2135 homogen=11064.8049
mean B0=72.853 homogen=27915.6433
mean B0=65.8518 homogen=33592.9871
mean B0=65.9609 homogen=17438.2133
mean B0=64.543 homogen=15637.4582
mean B0=55.3197 homogen=190349.5684
mean B0=70.1864 homogen=22142.1338
mean B0=63.5185 homogen=43117.613
mean B0=66.999 homogen=10073.691
mean B0=70.6119 homogen=23143.6683
mean B0=52.1919 homogen=277958.7741
mean B0=65.5024 homogen=13247.114
mean B0=76.1818 homogen=75622.0189
mean B0=69.7957 homogen=21178.2937
mean B0=67.3225 homogen=28706.5311
mean B0=66.6567 homogen=10276.0933
mean B0=72.2171 homogen=81548.8766
mean B0=74.0657 homogen=106182.1314
mean B0=71.4559 homogen=86258.9947
mean B0=74.2767 homogen=81190.4621
mean B0=65.2814 homogen=34614.0719
mean B0=62.5846 homogen=9353.5018
mean B0=72.8742 homogen=50685.0702
mean B0=61.9345 homogen=8100.8189
mean B0=65.7307 homogen=57563.6242
mean B0=64.2999 homogen=6860.4829
mean B0=68.4792 homogen=17440.607
mean B0=72.3118 homogen=45344.7241
mean B0=70.1362 homogen=97757.055
mean B0=71.8197 homogen=40781.7475
mean B0=69.9286 homogen=22240.3948
mean B0=69.9395 homogen=17188.1303
mean B0=70.1866 homogen=22141.7319
mean B0=65.9019 homogen=8954.2446
    30 |     1200 |     18 |  0.000000E+00 |  0.000000E+00 |  0.5330234468 |         nadir
mean B0=73.7429 homogen=44699.2567
mean B0=70.415 homogen=23759.8311
mean B0=68.8377 homogen=22731.1959
mean B0=70.5205 homogen=23963.0834
mean B0=70.8038 homogen=27182.949
mean B0=71.1442 homogen=23156.6019
mean B0=67.7748 homogen=21197.7678
mean B0=73.7337 homogen=43758.4975
mean B0=64.2105 homogen=11893.4034
mean B0=57.3244 homogen=10942.6266
mean B0=59.1016 homogen=6999.8456
mean B0=69.2079 homogen=16183.9108
mean B0=70.1148 homogen=18478.5338
mean B0=66.0225 homogen=23661.4904
mean B0=59.4761 homogen=43182.5204
mean B0=66.6016 homogen=10786.6001
mean B0=67.6307 homogen=41348.4982
mean B0=78.2383 homogen=68077.8541
mean B0=70.1865 homogen=22140.8316
mean B0=70.0725 homogen=15541.0756
mean B0=61.1246 homogen=42687.6732
mean B0=70.7326 homogen=23859.5147
mean B0=70.7805 homogen=23116.3395
mean B0=76.1837 homogen=75598.6257
mean B0=61.2179 homogen=23937.0481
mean B0=63.6832 homogen=8700.4392
mean B0=70.9239 homogen=30025.5027
mean B0=68.4792 homogen=17440.607
mean B0=47.2262 homogen=87773.1584
mean B0=61.1119 homogen=19441.5307
mean B0=71.3874 homogen=38770.5551
mean B0=64.7006 homogen=9209.529
mean B0=52.8121 homogen=207365.6956
mean B0=69.1473 homogen=33126.7479
mean B0=67.9146 homogen=50154.7998
mean B0=72.825 homogen=38669.1129
mean B0=63.3619 homogen=41736.9773
mean B0=70.1068 homogen=27949.7102
mean B0=70.1864 homogen=22142.1338
mean B0=65.4071 homogen=23047.2453
    31 |     1240 |     21 |  0.000000E+00 |  0.000000E+00 |  0.0041527975 |             f
mean B0=62.0268 homogen=36825.152
mean B0=59.1016 homogen=6999.8456
mean B0=66.2001 homogen=9971.7449
mean B0=71.637 homogen=24880.1259
mean B0=64.7104 homogen=10486.1694
mean B0=66.0226 homogen=41111.6359
mean B0=69.5061 homogen=19809.9135
mean B0=68.7845 homogen=30360.8667
mean B0=71.4446 homogen=37933.1921
mean B0=67.6367 homogen=10484.714
mean B0=66.1456 homogen=40364.1693
mean B0=68.2051 homogen=29815.3235
mean B0=53.5973 homogen=249521.5341
mean B0=71.8719 homogen=27362.7584
mean B0=69.3489 homogen=24324.6504
mean B0=68.9818 homogen=19437.1035
mean B0=70.983 homogen=28461.4737
mean B0=60.561 homogen=8649.9971
mean B0=65.9635 homogen=36793.2082
mean B0=70.7955 homogen=41254.1806
mean B0=73.4794 homogen=43597.9256
mean B0=58.9573 homogen=7623.7776
mean B0=71.1442 homogen=23156.6019
mean B0=71.6565 homogen=16796.1833
mean B0=73.4842 homogen=32166.1935
mean B0=68.4889 homogen=36999.4373
mean B0=70.1136 homogen=18468.4441
mean B0=62.4919 homogen=23013.7457
mean B0=70.0595 homogen=18887.828
mean B0=61.966 homogen=15834.9116
mean B0=75.5495 homogen=100610.3784
mean B0=61.5993 homogen=11509.4848
mean B0=69.8234 homogen=20074.5706
mean B0=77.1932 homogen=103444.6074
mean B0=74.5018 homogen=37850.5803
mean B0=59.6803 homogen=12660.4812
mean B0=67.7097 homogen=20226.8902
mean B0=69.5439 homogen=10994.9946
mean B0=45.5169 homogen=194444.5248
mean B0=66.4049 homogen=31339.9275
    32 |     1280 |     25 |  0.000000E+00 |  0.000000E+00 |  0.0782956864 |         ideal
mean B0=67.6697 homogen=10608.933
mean B0=70.6231 homogen=33682.5435
mean B0=71.3705 homogen=21684.4196
mean B0=72.8392 homogen=25303.4148
mean B0=71.8114 homogen=26566.8754
mean B0=72.8251 homogen=38667.5687
mean B0=58.8465 homogen=15362.296
mean B0=59.3384 homogen=8077.0647
mean B0=69.6877 homogen=28494.6824
mean B0=67.3164 homogen=32766.6064
mean B0=70.4047 homogen=21178.8798
mean B0=70.1408 homogen=22105.3967
mean B0=74.0462 homogen=61460.6774
mean B0=64.0074 homogen=11458.4179
mean B0=66.2001 homogen=9971.7449
mean B0=64.1554 homogen=6563.1855
mean B0=64.8439 homogen=30718.3783
mean B0=70.277 homogen=22311.1902
mean B0=71.144 homogen=23161.7465
mean B0=73.3008 homogen=43500.1007
mean B0=70.1497 homogen=21977.5641
mean B0=67.8899 homogen=24888.8282
mean B0=71.8035 homogen=28414.5461
mean B0=69.5392 homogen=18955.9273
mean B0=63.7166 homogen=13894.8369
mean B0=70.1136 homogen=18469.6321
mean B0=68.1831 homogen=31999.4712
mean B0=64.2232 homogen=8498.3057
mean B0=72.8653 homogen=44824.9012
mean B0=74.6761 homogen=89684.8651
mean B0=78.3655 homogen=102908.1324
mean B0=73.2758 homogen=40573.4041
mean B0=44.6816 homogen=100933.0007
mean B0=70.809 homogen=15168.5335
mean B0=71.1442 homogen=23156.6019
mean B0=69.3997 homogen=16636.9993
mean B0=66.846 homogen=24337.1647
mean B0=71.7772 homogen=27159.6433
mean B0=70.1138 homogen=18468.0595
mean B0=59.6778 homogen=7299.0174
    33 |     1320 |     32 |  0.000000E+00 |  0.000000E+00 |  0.0030686726 |         ideal
mean B0=71.2105 homogen=22811.0628
mean B0=67.8248 homogen=13173.8637
mean B0=69.6924 homogen=21884.0245
mean B0=73.2751 homogen=40563.1785
mean B0=66.0133 homogen=26887.762
mean B0=64.681 homogen=9821.9079
mean B0=68.976 homogen=20161.3667
mean B0=66.2475 homogen=8940.1244
mean B0=77.2266 homogen=82539.6959
mean B0=69.432 homogen=14103.4867
mean B0=67.2659 homogen=16266.3713
mean B0=71.9408 homogen=52446.5438
mean B0=64.9612 homogen=10160.0252
mean B0=76.179 homogen=75548.5773
mean B0=70.8553 homogen=27759.6726
mean B0=69.7981 homogen=25686.7795
mean B0=62.6285 homogen=151371.8666
mean B0=77.2211 homogen=103312.1538
mean B0=66.7859 homogen=33513.9815
mean B0=68.6896 homogen=22701.5141
mean B0=70.8219 homogen=28147.0473
mean B0=71.8033 homogen=28420.8364
mean B0=73.8476 homogen=43213.0035
mean B0=72.8258 homogen=38680.3151
mean B0=71.3927 homogen=36214.2328
mean B0=71.1442 homogen=23156.8995
mean B0=71.637 homogen=24880.1259
mean B0=58.8147 homogen=17424.8654
mean B0=70.0887 homogen=20004.83
mean B0=68.311 homogen=17508.839
mean B0=69.1761 homogen=13390.6219
mean B0=57.9404 homogen=37924.2702
mean B0=71.6488 homogen=20964.8224
mean B0=70.1909 homogen=22175.3265
mean B0=71.5335 homogen=23806.3793
mean B0=72.555 homogen=30524.8705
mean B0=68.5425 homogen=15565.0859
mean B0=69.1835 homogen=16335.6826
mean B0=72.3373 homogen=38959.6537
mean B0=68.6462 homogen=9566.689
    34 |     1360 |     36 |  0.000000E+00 |  0.000000E+00 |  0.0048592247 |             f
mean B0=73.3015 homogen=39275.2039
mean B0=70.3524 homogen=41337.8447
mean B0=70.1909 homogen=22175.3265
mean B0=71.2182 homogen=22852.0705
mean B0=67.9767 homogen=15508.4279
mean B0=72.3943 homogen=34953.3363
mean B0=71.5543 homogen=36996.6161
mean B0=57.7731 homogen=8840.5191
mean B0=69.8995 homogen=16641.7426
mean B0=71.1387 homogen=15593.41
mean B0=74.1186 homogen=43128.7449
mean B0=75.8843 homogen=70786.9714
mean B0=67.4251 homogen=22821.8349
mean B0=70.8982 homogen=13176.7642
mean B0=67.7688 homogen=11126.2564
mean B0=63.6933 homogen=34490.6401
mean B0=70.64 homogen=24236.1689
mean B0=73.3816 homogen=39049.4216
mean B0=75.3199 homogen=69407.8478
mean B0=73.7061 homogen=44356.2851
mean B0=70.0881 homogen=19294.3744
mean B0=73.1015 homogen=37406.0335
mean B0=77.2211 homogen=103312.1538
mean B0=72.8173 homogen=38577.4953
mean B0=72.319 homogen=26137.5328
mean B0=65.4163 homogen=29835.3212
mean B0=46.7458 homogen=367279.0775
mean B0=76.061 homogen=74091.5126
mean B0=71.0111 homogen=23312.8641
mean B0=50.3584 homogen=214894.8403
mean B0=66.2502 homogen=34624.5833
mean B0=73.1909 homogen=53974.8298
mean B0=68.7849 homogen=12201.0978
mean B0=55.5156 homogen=202872.5137
mean B0=68.6928 homogen=14410.9542
mean B0=61.6596 homogen=265932.819
mean B0=72.3865 homogen=40430.9345
mean B0=71.5306 homogen=25636.1509
mean B0=65.7532 homogen=45198.7558
mean B0=60.5828 homogen=39598.4908
    35 |     1400 |     40 |  0.000000E+00 |  0.000000E+00 |  0.0069462231 |             f
mean B0=72.4339 homogen=25449.6419
mean B0=68.9164 homogen=16559.7948
mean B0=70.7248 homogen=22863.4324
mean B0=75.5518 homogen=87287.405
mean B0=67.4113 homogen=28299.6945
mean B0=67.2558 homogen=9737.992
mean B0=70.0113 homogen=18608.8807
mean B0=70.1865 homogen=22141.0768
mean B0=70.7536 homogen=98093.5675
mean B0=66.8519 homogen=33803.3218
mean B0=76.1768 homogen=75572.6174
mean B0=69.142 homogen=14507.5736
mean B0=70.9422 homogen=19619.6822
mean B0=71.1767 homogen=24331.0371
mean B0=76.5169 homogen=93296.2573
mean B0=76.2005 homogen=78225.0843
mean B0=70.1863 homogen=22146.7112
mean B0=69.8848 homogen=16503.8809
mean B0=73.6437 homogen=30297.6054
mean B0=72.8521 homogen=27731.7337
mean B0=68.437 homogen=13102.0726
mean B0=70.029 homogen=42296.6379
mean B0=68.2872 homogen=14092.859
mean B0=70.9221 homogen=35938.4567
mean B0=73.0715 homogen=36142.0709
mean B0=65.3456 homogen=8901.2714
mean B0=75.9735 homogen=74152.9816
mean B0=70.1909 homogen=22175.0337
mean B0=70.2776 homogen=13423.4305
mean B0=69.0722 homogen=32471.5832
mean B0=73.6649 homogen=49747.8547
mean B0=71.7268 homogen=27249.8495
mean B0=71.6303 homogen=23983.0043
mean B0=74.4254 homogen=79705.8073
mean B0=65.8383 homogen=21875.6775
mean B0=66.7879 homogen=9153.8461
mean B0=56.1719 homogen=196619.688
mean B0=70.4393 homogen=21499.6604
mean B0=70.5409 homogen=24515.3334
mean B0=70.6568 homogen=24026.671
    36 |     1440 |     40 |  0.000000E+00 |  0.000000E+00 |  0.0077974315 |             f
mean B0=70.1798 homogen=20226.9231
mean B0=70.7342 homogen=19196.8908
mean B0=74.719 homogen=70455.7681
mean B0=44.524 homogen=97143.5709
mean B0=75.0673 homogen=76880.5816
mean B0=67.0614 homogen=39551.0485
mean B0=73.0732 homogen=36112.4955
mean B0=68.0482 homogen=11428.6316
mean B0=77.6979 homogen=94524.3875
mean B0=71.3007 homogen=34619.2203
mean B0=69.1478 homogen=14305.8739
mean B0=75.0899 homogen=41316.4463
mean B0=70.3903 homogen=31719.1742
mean B0=73.1283 homogen=36648.457
mean B0=74.1396 homogen=85202.0292
mean B0=67.6975 homogen=10076.9913
mean B0=72.2979 homogen=28046.0925
mean B0=75.9697 homogen=78009.2515
mean B0=70.2641 homogen=22742.7194
mean B0=71.6272 homogen=23974.9744
mean B0=75.7428 homogen=68955.9363
mean B0=63.5093 homogen=13219.3122
mean B0=78.7031 homogen=110405.9015
mean B0=65.2184 homogen=13112.09
mean B0=71.0472 homogen=33563.2734
mean B0=73.3326 homogen=46651.1552
mean B0=71.2169 homogen=22855.8964
mean B0=73.9406 homogen=45644.2114
mean B0=65.3957 homogen=30774.2163
mean B0=66.4742 homogen=20854.166
mean B0=68.155 homogen=12468.6159
mean B0=70.5622 homogen=24535.3543
mean B0=68.4868 homogen=13120.9274
mean B0=62.3761 homogen=28748.2616
mean B0=73.6436 homogen=30297.5456
mean B0=76.0993 homogen=76603.0127
mean B0=70.5529 homogen=24732.1325
mean B0=77.3124 homogen=99395.3689
mean B0=69.3333 homogen=14501.7095
mean B0=73.104 homogen=37401.0438
    37 |     1480 |     40 |  0.000000E+00 |  0.000000E+00 |  0.1018683194 |         ideal
mean B0=64.1513 homogen=25409.1527
mean B0=70.1482 homogen=16823.544
mean B0=73.9888 homogen=36416.3903
mean B0=64.7396 homogen=43988.6597
mean B0=73.3816 homogen=39049.5543
mean B0=68.437 homogen=13102.0726
mean B0=76.3682 homogen=91701.4945
mean B0=72.2584 homogen=28047.3251
mean B0=68.5036 homogen=20000.1862
mean B0=68.6518 homogen=13509.3368
mean B0=65.2463 homogen=14819.9863
mean B0=72.1461 homogen=42213.5226
mean B0=68.4467 homogen=9686.4833
mean B0=75.0261 homogen=74934.7898
mean B0=69.4288 homogen=13098.9288
mean B0=62.3324 homogen=23693.6304
mean B0=61.1547 homogen=27120.5874
mean B0=70.5762 homogen=23738.3655
mean B0=70.6555 homogen=33672.6072
mean B0=68.9989 homogen=19746.8501
mean B0=71.8563 homogen=27822.4325
mean B0=67.0281 homogen=14099.799
mean B0=67.533 homogen=31004.517
mean B0=72.2648 homogen=38575.5922
mean B0=74.1186 homogen=43129.4034
mean B0=69.8995 homogen=16641.7426
mean B0=70.2612 homogen=19376.3402
mean B0=76.1013 homogen=74084.4166
mean B0=76.3432 homogen=85813.0766
mean B0=68.4259 homogen=12282.4429
mean B0=68.6137 homogen=21684.4751
mean B0=79.7888 homogen=106082.4542
mean B0=67.9927 homogen=11330.4579
mean B0=78.0288 homogen=93605.8687
mean B0=66.6999 homogen=20402.9353
mean B0=76.2709 homogen=76636.3382
mean B0=80.1957 homogen=80033.6177
mean B0=77.38 homogen=81033.0801
mean B0=69.505 homogen=14659.6312
mean B0=49.8703 homogen=72061.822
    38 |     1520 |     40 |  0.000000E+00 |  0.000000E+00 |  0.0694525021 |         ideal
mean B0=74.0005 homogen=46088.8483
mean B0=65.4509 homogen=32442.6627
mean B0=65.9019 homogen=8954.2446
mean B0=72.7886 homogen=24852.6946
mean B0=69.8804 homogen=202736.9711
mean B0=72.5977 homogen=27076.7084
mean B0=65.8584 homogen=19813.5454
mean B0=71.9242 homogen=106525.2443
mean B0=66.7546 homogen=30719.6723
mean B0=76.1228 homogen=82673.4361
mean B0=67.6956 homogen=10076.9264
mean B0=69.1956 homogen=21287.3536
mean B0=72.2979 homogen=28046.0925
mean B0=70.5961 homogen=15124.9125
mean B0=72.2813 homogen=102441.0706
mean B0=72.9738 homogen=40279.9394
mean B0=75.153 homogen=90450.02
mean B0=73.3603 homogen=75524.5272
mean B0=68.3107 homogen=12754.5588
mean B0=78.8254 homogen=105051.3533
mean B0=70.9509 homogen=25543.7739
mean B0=64.1251 homogen=301954.9791
mean B0=76.1013 homogen=74084.4166
mean B0=70.6191 homogen=24341.6868
mean B0=73.3816 homogen=39049.4216
mean B0=70.395 homogen=22295.4662
mean B0=68.1146 homogen=9403.6999
mean B0=69.5377 homogen=15040.0909
mean B0=45.8533 homogen=84774.5916
mean B0=70.0471 homogen=21170.7358
mean B0=67.2571 homogen=9738.1158
mean B0=75.3078 homogen=41523.9387
mean B0=69.1478 homogen=14305.8739
mean B0=69.1421 homogen=18754.6993
mean B0=67.4279 homogen=37739.8127
mean B0=65.5445 homogen=32148.9238
mean B0=77.4772 homogen=72665.2853
mean B0=70.0777 homogen=27658.1538
mean B0=69.3259 homogen=14614.7439
mean B0=71.8578 homogen=24106.1314
    39 |     1560 |     40 |  0.000000E+00 |  0.000000E+00 |  0.0037390168 |             f
mean B0=68.438 homogen=12241.1252
mean B0=74.1186 homogen=43128.7449
mean B0=67.7656 homogen=11110.4184
mean B0=70.3681 homogen=18869.3615
mean B0=64.3395 homogen=12683.6134
mean B0=66.0009 homogen=23599.7503
mean B0=67.5649 homogen=76901.4598
mean B0=66.037 homogen=9677.1316
mean B0=69.8909 homogen=16520.3702
mean B0=68.0409 homogen=11326.391
mean B0=68.8563 homogen=12022.5886
mean B0=79.2188 homogen=100053.668
mean B0=73.6187 homogen=32404.4081
mean B0=72.3384 homogen=28537.74
mean B0=75.496 homogen=71240.2507
mean B0=70.1126 homogen=18466.2809
mean B0=69.0694 homogen=14112.9508
mean B0=68.9479 homogen=16496.4899
mean B0=72.3064 homogen=28136.7626
mean B0=71.6516 homogen=24905.0872
mean B0=68.4745 homogen=13148.4103
mean B0=69.505 homogen=14659.6312
mean B0=67.3839 homogen=10932.4001
mean B0=70.739 homogen=32110.0782
mean B0=68.4555 homogen=8919.2069
mean B0=64.6933 homogen=18367.1681
mean B0=74.2233 homogen=48871.6224
mean B0=75.5492 homogen=71371.4408
mean B0=69.5617 homogen=12109.6761
mean B0=71.1924 homogen=26912.646
mean B0=71.3772 homogen=35051.4362
mean B0=79.3961 homogen=111095.6989
mean B0=63.4998 homogen=35431.4107
mean B0=71.4668 homogen=27627.9841
mean B0=73.4325 homogen=36937.7554
mean B0=71.2182 homogen=22852.0705
mean B0=77.592 homogen=74103.3555
mean B0=68.1421 homogen=44354.5274
mean B0=69.3256 homogen=14425.6474
mean B0=72.5409 homogen=30469.3792
    40 |     1600 |     40 |  0.000000E+00 |  0.000000E+00 |  0.0029170620 |             f
mean B0=69.02 homogen=34676.2357
mean B0=63.5869 homogen=7144.6518
mean B0=70.5912 homogen=25580.3969
mean B0=79.0299 homogen=98836.9353
mean B0=66.9451 homogen=10533.9784
mean B0=66.8284 homogen=165829.62
mean B0=69.7185 homogen=10948.6058
mean B0=71.6295 homogen=23936.5698
mean B0=64.5166 homogen=88379.6193
mean B0=75.6851 homogen=68518.8925
mean B0=72.5491 homogen=30360.8397
mean B0=71.7772 homogen=27159.6433
mean B0=74.0057 homogen=41862.1207
mean B0=41.27 homogen=119407.5702
mean B0=72.3654 homogen=28568.4987
mean B0=79.9133 homogen=102585.607
mean B0=69.8848 homogen=16505.1354
mean B0=72.588 homogen=26510.3077
mean B0=76.8159 homogen=96813.7614
mean B0=69.0694 homogen=14112.9508
mean B0=69.5386 homogen=14790.7505
mean B0=66.062 homogen=9334.4051
mean B0=62.4275 homogen=11470.8832
mean B0=67.455 homogen=9419.5749
mean B0=77.341 homogen=79816.7957
mean B0=73.3476 homogen=35647.3938
mean B0=78.4821 homogen=95564.7234
mean B0=70.2723 homogen=18760.2786
mean B0=65.8969 homogen=8332.5546
mean B0=72.0626 homogen=28429.2431
mean B0=73.0652 homogen=36223.9046
mean B0=72.2979 homogen=28046.0925
mean B0=64.2253 homogen=6362.5906
mean B0=69.1568 homogen=33033.3933
mean B0=74.0917 homogen=43178.0285
mean B0=70.2075 homogen=23008.1762
mean B0=68.0482 homogen=11427.4772
mean B0=71.3267 homogen=30843.208
mean B0=66.7877 homogen=15628.4941
mean B0=61.8847 homogen=14470.2484
    41 |     1640 |     40 |  0.000000E+00 |  0.000000E+00 |  0.0044958314 |         nadir
mean B0=75.686 homogen=68523.1942
mean B0=69.255 homogen=8465.9584
mean B0=62.3974 homogen=11046.5729
mean B0=68.6956 homogen=14723.4286
mean B0=68.0821 homogen=11534.9474
mean B0=69.1229 homogen=20047.2005
mean B0=78.0288 homogen=93602.1567
mean B0=76.7452 homogen=97115.9883
mean B0=70.8014 homogen=23896.5245
mean B0=66.7822 homogen=185710.9616
mean B0=65.8835 homogen=33104.0259
mean B0=78.2784 homogen=93357.7291
mean B0=73.9424 homogen=35766.5243
mean B0=72.5556 homogen=30509.3073
mean B0=70.5643 homogen=23658.323
mean B0=67.9712 homogen=10728.8195
mean B0=60.6135 homogen=110144.3671
mean B0=72.9044 homogen=36958.7315
mean B0=69.5447 homogen=14742.1508
mean B0=72.4627 homogen=29451.5704
mean B0=77.4755 homogen=72675.2392
mean B0=65.2374 homogen=16792.3759
mean B0=71.6868 homogen=32510.6825
mean B0=70.3687 homogen=34736.5174
mean B0=52.036 homogen=286623.6646
mean B0=69.9445 homogen=13067.339
mean B0=75.8841 homogen=70792.7527
mean B0=70.2015 homogen=16445.6234
mean B0=69.5772 homogen=13673.8214
mean B0=72.2631 homogen=39671.3178
mean B0=67.7566 homogen=132792.328
mean B0=77.8013 homogen=76524.3254
mean B0=70.2562 homogen=21497.4739
mean B0=75.1525 homogen=79558.1017
mean B0=76.2648 homogen=57005.8653
mean B0=62.2636 homogen=102941.1206
mean B0=69.8848 homogen=16503.8809
mean B0=73.5093 homogen=31288.3303
mean B0=70.1061 homogen=18525.5816
mean B0=76.4723 homogen=85841.6632
    42 |     1680 |     40 |  0.000000E+00 |  0.000000E+00 |  0.0024738311 |             f
mean B0=69.9413 homogen=33254.7837
mean B0=77.9067 homogen=91574.9651
mean B0=66.7229 homogen=10049.1608
mean B0=79.1363 homogen=99182.2517
mean B0=71.155 homogen=18163.476
mean B0=71.5252 homogen=28165.3167
mean B0=72.6338 homogen=26494.924
mean B0=74.7979 homogen=80470.2859
mean B0=72.9194 homogen=36775.5048
mean B0=77.6902 homogen=75511.7283
mean B0=67.2675 homogen=30879.5557
mean B0=71.5233 homogen=37006.575
mean B0=70.3681 homogen=18869.3615
mean B0=72.2979 homogen=28046.0925
mean B0=76.8937 homogen=74012.5905
mean B0=72.4627 homogen=29451.5704
mean B0=68.7407 homogen=32967.6184
mean B0=67.1076 homogen=9092.6212
mean B0=72.383 homogen=32239.8394
mean B0=67.696 homogen=10068.4386
mean B0=67.9926 homogen=11331.8845
mean B0=78.1715 homogen=78297.341
mean B0=78.9629 homogen=81361.9393
mean B0=68.2067 homogen=14759.2389
mean B0=66.9294 homogen=9488.4651
mean B0=79.7947 homogen=105633.9352
mean B0=67.4364 homogen=20761.4741
mean B0=75.8843 homogen=70787.2218
mean B0=71.1559 homogen=26974.6024
mean B0=72.1969 homogen=31985.8904
mean B0=64.6976 homogen=18645.1404
mean B0=71.1173 homogen=37703.4609
mean B0=75.686 homogen=68523.1942
mean B0=70.2015 homogen=16445.6234
mean B0=78.0688 homogen=95413.3697
mean B0=65.9019 homogen=8954.2446
mean B0=68.8236 homogen=13948.5316
mean B0=75.5852 homogen=47102.4868
mean B0=73.3763 homogen=38088.3745
mean B0=70.438 homogen=21513.6322
    43 |     1720 |     40 |  0.000000E+00 |  0.000000E+00 |  0.0045181119 |         nadir
mean B0=71.7458 homogen=27487.3634
mean B0=78.4853 homogen=95572.745
mean B0=68.9968 homogen=14401.1508
mean B0=68.5699 homogen=36234.124
mean B0=79.8453 homogen=107470.7809
mean B0=67.4695 homogen=9491.0617
mean B0=71.3305 homogen=28099.5409
mean B0=71.4499 homogen=35068.3465
mean B0=71.7252 homogen=29857.3815
mean B0=70.1531 homogen=22440.1249
mean B0=76.665 homogen=90826.8026
mean B0=77.8017 homogen=76526.2731
mean B0=80.1735 homogen=98416.7685
mean B0=69.9041 homogen=20204.5578
mean B0=71.9066 homogen=28276.6668
mean B0=70.4032 homogen=19039.5296
mean B0=69.8782 homogen=18991.9867
mean B0=72.4311 homogen=47355.2258
mean B0=69.203 homogen=199211.724
mean B0=46.886 homogen=361077.6697
mean B0=73.9096 homogen=35058.725
mean B0=79.2156 homogen=100078.5729
mean B0=67.1017 homogen=15560.1644
mean B0=79.7727 homogen=101966.0246
mean B0=71.3698 homogen=22373.0545
mean B0=73.3355 homogen=35482.2036
mean B0=62.5279 homogen=10592.54
mean B0=46.1064 homogen=101641.1716
mean B0=77.7873 homogen=82537.2512
mean B0=67.6217 homogen=13799.5871
mean B0=63.9528 homogen=36416.3902
mean B0=78.2371 homogen=63784.8909
mean B0=75.7882 homogen=69185.3654
mean B0=77.796 homogen=76543.961
mean B0=72.6372 homogen=29926.4632
mean B0=72.5187 homogen=30160.0069
mean B0=56.817 homogen=219141.0806
mean B0=71.236 homogen=26046.0327
mean B0=71.0149 homogen=33202.8811
mean B0=69.7819 homogen=16209.1869
    44 |     1760 |     40 |  0.000000E+00 |  0.000000E+00 |  0.0032371670 |         ideal
mean B0=74.1186 homogen=43128.7449
mean B0=78.2688 homogen=98153.4619
mean B0=71.3195 homogen=17115.5679
mean B0=47.1353 homogen=78486.8158
mean B0=67.9019 homogen=10921.3292
mean B0=67.256 homogen=9751.1166
mean B0=72.4543 homogen=41112.3242
mean B0=72.8011 homogen=35427.4284
mean B0=72.6349 homogen=214720.6096
mean B0=76.4088 homogen=67856.3827
mean B0=71.3046 homogen=22922.0722
mean B0=73.3455 homogen=35618.2898
mean B0=71.6135 homogen=36043.1735
mean B0=73.2945 homogen=74862.8678
mean B0=75.6062 homogen=77653.052
mean B0=78.5049 homogen=95263.7778
mean B0=71.7273 homogen=24377.1016
mean B0=70.1343 homogen=20416.5916
mean B0=79.5899 homogen=92032.97
mean B0=71.6335 homogen=33785.6346
mean B0=64.2253 homogen=6362.6061
mean B0=68.6683 homogen=12177.1703
mean B0=68.9587 homogen=17363.4247
mean B0=74.045 homogen=42229.6546
mean B0=68.1448 homogen=11773.4592
mean B0=79.7165 homogen=96792.4694
mean B0=46.6882 homogen=360419.2629
mean B0=72.5744 homogen=25051.824
mean B0=68.0935 homogen=15028.1021
mean B0=74.4457 homogen=50694.7515
mean B0=62.5894 homogen=10923.0289
mean B0=69.7819 homogen=16209.1869
mean B0=66.7336 homogen=14452.7699
mean B0=73.4541 homogen=37857.7731
mean B0=63.9644 homogen=101768.6795
mean B0=73.4127 homogen=37218.0649
mean B0=70.2935 homogen=19397.8417
mean B0=72.5377 homogen=26171.0309
mean B0=46.012 homogen=101444.9933
mean B0=78.5952 homogen=77516.0948
    45 |     1800 |     40 |  0.000000E+00 |  0.000000E+00 |  0.0049076523 |             f
mean B0=73.5699 homogen=76988.9119
mean B0=69.7819 homogen=16209.1869
mean B0=68.737 homogen=13525.8861
mean B0=73.2771 homogen=39017.3594
mean B0=62.4094 homogen=31903.5585
mean B0=67.2632 homogen=35243.0111
mean B0=73.0058 homogen=27187.2334
mean B0=78.5142 homogen=90608.588
mean B0=69.6295 homogen=19249.6128
mean B0=70.8787 homogen=23670.7301
mean B0=78.2788 homogen=92860.4924
mean B0=72.2979 homogen=28046.0925
mean B0=45.4849 homogen=95337.4909
mean B0=71.8021 homogen=36310.2311
mean B0=73.5528 homogen=39134.0461
mean B0=72.8008 homogen=35422.2625
mean B0=79.7727 homogen=101972.6799
mean B0=68.3888 homogen=14221.3612
mean B0=75.1637 homogen=52753.1556
mean B0=68.6682 homogen=12176.7079
mean B0=73.0621 homogen=27365.44
mean B0=79.7947 homogen=105633.9352
mean B0=72.1633 homogen=32508.2443
mean B0=74.433 homogen=78596.1734
mean B0=57.7749 homogen=202018.5039
mean B0=67.3471 homogen=34022.3908
mean B0=66.4536 homogen=30277.992
mean B0=73.8075 homogen=44963.8194
mean B0=71.3219 homogen=18718.5898
mean B0=71.1843 homogen=22356.7511
mean B0=73.6752 homogen=35731.1473
mean B0=72.5187 homogen=30160.0069
mean B0=74.2484 homogen=44929.3344
mean B0=66.6581 homogen=8955.7368
mean B0=78.1318 homogen=62219.7607
mean B0=74.1188 homogen=43125.4603
mean B0=62.8949 homogen=18600.6995
mean B0=67.2358 homogen=10723.4055
mean B0=69.3185 homogen=25803.1847
mean B0=65.9019 homogen=8953.1935
    46 |     1840 |     40 |  0.000000E+00 |  0.000000E+00 |  0.0040076546 |             f
mean B0=78.4123 homogen=95871.5531
mean B0=79.1705 homogen=98419.5393
mean B0=68.9681 homogen=14004.1299
mean B0=65.9019 homogen=8955.2561
mean B0=78.1335 homogen=62215.9483
mean B0=64.3368 homogen=30296.6833
mean B0=65.6313 homogen=24156.2888
mean B0=72.3016 homogen=106048.0065
mean B0=70.9797 homogen=18997.6132
mean B0=60.1966 homogen=226441.1232
mean B0=78.6971 homogen=106481.3903
mean B0=65.0668 homogen=13186.712
mean B0=62.5912 homogen=97569.3542
mean B0=71.9348 homogen=22636.1215
mean B0=68.3002 homogen=10546.6153
mean B0=59.7688 homogen=225038.2663
mean B0=72.6204 homogen=39300.6881
mean B0=64.0427 homogen=117644.1024
mean B0=71.1858 homogen=22357.0568
mean B0=67.1089 homogen=9087.6914
mean B0=68.8018 homogen=13781.619
mean B0=80.3387 homogen=103978.3579
mean B0=70.6425 homogen=24028.9831
mean B0=57.7967 homogen=178026.8755
mean B0=78.2353 homogen=63792.2825
mean B0=73.6002 homogen=32366.1621
mean B0=65.1224 homogen=21883.6748
mean B0=71.8767 homogen=33829.0698
mean B0=68.7347 homogen=13545.8306
mean B0=74.4759 homogen=49500.6151
mean B0=68.3152 homogen=14960.5954
mean B0=72.8374 homogen=35155.2501
mean B0=74.1829 homogen=43919.3728
mean B0=72.1563 homogen=48116.0366
mean B0=71.7044 homogen=21329.6487
mean B0=65.6081 homogen=23427.049
mean B0=64.6107 homogen=40114.0754
mean B0=80.0299 homogen=105158.498
mean B0=71.5321 homogen=23802.9709
mean B0=73.0612 homogen=27373.52
    47 |     1880 |     40 |  0.000000E+00 |  0.000000E+00 |  0.0306183454 |         ideal
mean B0=66.9006 homogen=10269.3546
mean B0=69.6813 homogen=20995.4013
mean B0=79.0881 homogen=95127.464
mean B0=80.4341 homogen=103639.5106
mean B0=67.9458 homogen=10721.0545
mean B0=63.3204 homogen=20669.6615
mean B0=73.0621 homogen=27365.44
mean B0=75.0237 homogen=38908.4244
mean B0=70.9622 homogen=14658.3419
mean B0=68.1528 homogen=16238.4224
mean B0=74.1057 homogen=42978.5533
mean B0=77.7648 homogen=87176.0196
mean B0=62.9671 homogen=268446.8637
mean B0=69.7819 homogen=16209.2018
mean B0=70.3541 homogen=21292.9817
mean B0=71.3658 homogen=25883.3863
mean B0=80.8857 homogen=89517.1543
mean B0=71.1717 homogen=22299.146
mean B0=58.3127 homogen=227213.0938
mean B0=64.3005 homogen=6816.9452
mean B0=68.5039 homogen=14491.2802
mean B0=73.4069 homogen=24248.0967
mean B0=80.4016 homogen=103567.231
mean B0=73.2554 homogen=35972.7798
mean B0=67.4694 homogen=9489.3464
mean B0=74.8491 homogen=36252.0496
mean B0=67.1089 homogen=9087.6914
mean B0=79.7727 homogen=101972.6799
mean B0=68.1423 homogen=42463.5913
mean B0=69.4132 homogen=20694.9078
mean B0=71.5472 homogen=23891.2452
mean B0=74.6483 homogen=49630.3151
mean B0=69.5992 homogen=20508.3804
mean B0=68.6682 homogen=12177.4394
mean B0=50.7685 homogen=351602.0564
mean B0=74.5963 homogen=41963.6056
mean B0=75.2172 homogen=72368.1507
mean B0=70.4164 homogen=19094.1209
mean B0=65.1863 homogen=32368.5218
mean B0=65.885 homogen=8951.7559
    48 |     1920 |     40 |  0.000000E+00 |  0.000000E+00 |  0.0058863839 |         ideal
mean B0=78.2788 homogen=92860.4924
mean B0=77.1065 homogen=92202.3706
mean B0=74.4097 homogen=49873.1497
mean B0=69.9497 homogen=14974.5413
mean B0=71.2771 homogen=22951.5142
mean B0=68.3057 homogen=146960.943
mean B0=73.0483 homogen=27270.0072
mean B0=54.7708 homogen=202256.168
mean B0=69.3787 homogen=20825.2162
mean B0=72.1059 homogen=29338.0156
mean B0=71.6234 homogen=22351.2128
mean B0=63.6182 homogen=30474.3494
mean B0=68.3048 homogen=15656.9598
mean B0=80.3652 homogen=103341.683
mean B0=73.796 homogen=28815.5729
mean B0=77.9735 homogen=87332.561
mean B0=69.3256 homogen=16878.7846
mean B0=79.3633 homogen=99200.2751
mean B0=80.47 homogen=102453.2858
mean B0=68.8166 homogen=12656.147
mean B0=73.6752 homogen=35731.1473
mean B0=66.9281 homogen=14428.3586
mean B0=69.6443 homogen=13633.4487
mean B0=70.2462 homogen=20339.9522
mean B0=70.7882 homogen=24310.2297
mean B0=79.7165 homogen=96792.4694
mean B0=78.1494 homogen=62410.8539
mean B0=70.1313 homogen=19797.8712
mean B0=67.7471 homogen=23796.9973
mean B0=73.2479 homogen=22004.3797
mean B0=65.1067 homogen=130404.9136
mean B0=73.7769 homogen=33758.9255
mean B0=71.2654 homogen=22836.9076
mean B0=74.0709 homogen=42128.7411
mean B0=63.7299 homogen=21838.0547
mean B0=69.6051 homogen=33083.2949
mean B0=65.1752 homogen=12238.8452
mean B0=54.3704 homogen=266488.7985
mean B0=67.3545 homogen=9465.4764
mean B0=78.9074 homogen=92574.5446
    49 |     1960 |     40 |  0.000000E+00 |  0.000000E+00 |  0.0017162625 |             f
mean B0=66.3068 homogen=9362.3685
mean B0=62.1068 homogen=9753.581
mean B0=71.6679 homogen=26005.7106
mean B0=79.0262 homogen=88671.4626
mean B0=68.4009 homogen=10863.8124
mean B0=71.4898 homogen=23613.8762
mean B0=60.8145 homogen=8238.0958
mean B0=65.3441 homogen=32997.4442
mean B0=71.7859 homogen=26590.2327
mean B0=69.7277 homogen=20155.327
mean B0=67.8925 homogen=41796.4929
mean B0=66.4649 homogen=38831.2812
mean B0=80.2677 homogen=94260.7996
mean B0=60.3902 homogen=231497.1852
mean B0=72.9552 homogen=30502.1537
mean B0=71.6042 homogen=18112.0965
mean B0=70.5993 homogen=13472.6266
mean B0=80.3667 homogen=103328.3512
mean B0=74.1829 homogen=43919.3728
mean B0=69.5767 homogen=19742.4315
mean B0=73.6751 homogen=35739.9797
mean B0=71.8923 homogen=23365.5128
mean B0=57.4249 homogen=221052.4094
mean B0=80.3128 homogen=107702.9128
mean B0=74.7876 homogen=35313.6555
mean B0=65.9392 homogen=9083.8823
mean B0=73.5371 homogen=42402.8311
mean B0=72.7683 homogen=32848.9171
mean B0=74.8686 homogen=76442.4818
mean B0=71.5693 homogen=35220.4641
mean B0=72.7434 homogen=40363.6688
mean B0=74.079 homogen=35425.2659
mean B0=78.2127 homogen=63052.6433
mean B0=79.0149 homogen=96685.9407
mean B0=74.6289 homogen=49733.9622
mean B0=63.7611 homogen=13204.9281
mean B0=70.3215 homogen=22248.4491
mean B0=79.7734 homogen=101980.8572
mean B0=78.2371 homogen=63784.8909
mean B0=69.0919 homogen=10400.2046
    50 |     2000 |     40 |  0.000000E+00 |  0.000000E+00 |  0.0043397547 |             f
mean B0=76.6543 homogen=58543.3969
mean B0=80.2677 homogen=94260.7996
mean B0=78.2627 homogen=63714.2328
mean B0=48.5589 homogen=72231.1888
mean B0=74.0707 homogen=42128.5776
mean B0=56.7121 homogen=203375.4709
mean B0=70.9006 homogen=17829.2549
mean B0=73.0428 homogen=27162.9098
mean B0=71.3747 homogen=24824.8147
mean B0=69.98 homogen=19582.5143
mean B0=67.6917 homogen=10080.6001
mean B0=80.1165 homogen=100581.5422
mean B0=73.337 homogen=35474.2391
mean B0=70.248 homogen=16747.6264
mean B0=64.4315 homogen=9981.6425
mean B0=69.346 homogen=13594.2989
mean B0=72.9965 homogen=40028.8979
mean B0=71.8575 homogen=23965.5561
mean B0=72.8533 homogen=23245.7922
mean B0=66.8159 homogen=9271.7105
mean B0=67.4773 homogen=12052.5658
mean B0=74.6483 homogen=49630.3151
mean B0=78.108 homogen=62289.2214
mean B0=51.9998 homogen=80002.0903
mean B0=67.5199 homogen=9888.4428
mean B0=62.9684 homogen=13131.5212
mean B0=79.8155 homogen=89737.1598
mean B0=68.4062 homogen=10965.3756
mean B0=74.5968 homogen=47095.1804
mean B0=63.7572 homogen=19413.3623
mean B0=67.4601 homogen=9410.2656
mean B0=76.3025 homogen=50748.1075
mean B0=64.4764 homogen=24769.0024
mean B0=68.256 homogen=10587.0317
mean B0=69.9347 homogen=15046.0906
mean B0=72.3416 homogen=27139.9407
mean B0=71.113 homogen=22129.4161
mean B0=67.8628 homogen=11175.2221
mean B0=76.623 homogen=63220.8595
mean B0=68.006 homogen=9740.7017
    51 |     2040 |     40 |  0.000000E+00 |  0.000000E+00 |  0.0049413852 |             f
mean B0=74.0709 homogen=42130.444
mean B0=69.3489 homogen=13573.5076
mean B0=68.1613 homogen=49622.2222
mean B0=69.8755 homogen=15517.4683
mean B0=72.7951 homogen=31181.6761
mean B0=68.526 homogen=20398.391
mean B0=77.4884 homogen=72752.8206
mean B0=67.1184 homogen=9043.1984
mean B0=68.2923 homogen=10977.6957
mean B0=80.3006 homogen=88518.5566
mean B0=70.2764 homogen=18444.9308
mean B0=68.1429 homogen=15556.4975
mean B0=79.4401 homogen=90297.176
mean B0=64.67 homogen=11030.3937
mean B0=66.142 homogen=44461.7285
mean B0=74.5522 homogen=34450.2792
mean B0=70.2328 homogen=15769.823
mean B0=80.354 homogen=103180.2209
mean B0=70.4018 homogen=16091.0127
mean B0=65.1348 homogen=13500.1961
mean B0=68.8166 homogen=12657.9285
mean B0=74.2458 homogen=44958.6012
mean B0=70.2304 homogen=43598.8009
mean B0=74.7262 homogen=48537.7014
mean B0=72.2954 homogen=31505.0485
mean B0=54.6889 homogen=198779.2692
mean B0=71.0205 homogen=22025.9183
mean B0=66.6489 homogen=9003.8155
mean B0=69.7371 homogen=19707.5861
mean B0=78.0985 homogen=67920.6246
mean B0=74.7445 homogen=48540.7566
mean B0=70.8183 homogen=22630.7048
mean B0=70.1923 homogen=16520.1678
mean B0=79.7318 homogen=94845.0902
mean B0=76.996 homogen=91074.8627
mean B0=79.6381 homogen=101848.5398
mean B0=71.8612 homogen=29712.5208
mean B0=51.7708 homogen=301533.2726
mean B0=74.053 homogen=33040.4716
mean B0=72.1082 homogen=19065.3703
    52 |     2080 |     37 |  0.000000E+00 |  0.000000E+00 |  0.0029182922 |             f
mean B0=51.1409 homogen=302180.3563
mean B0=79.2819 homogen=98717.5532
mean B0=68.4348 homogen=30604.2088
mean B0=76.2798 homogen=52762.6369
mean B0=66.1914 homogen=24516.2384
mean B0=73.5101 homogen=30370.7479
mean B0=62.6437 homogen=21694.2343
mean B0=80.4258 homogen=103979.1605
mean B0=72.831 homogen=23257.2761
mean B0=67.505 homogen=9332.1728
mean B0=76.8938 homogen=62237.6211
mean B0=80.0697 homogen=92135.3571
mean B0=74.5968 homogen=47095.1804
mean B0=67.0708 homogen=41827.305
mean B0=78.0347 homogen=103491.2731
mean B0=71.9504 homogen=28759.8733
mean B0=66.0628 homogen=23584.302
mean B0=77.3115 homogen=82590.4189
mean B0=72.4996 homogen=36022.1963
mean B0=79.7318 homogen=94845.0902
mean B0=63.2098 homogen=24673.7127
mean B0=67.1672 homogen=13544.0037
mean B0=72.5887 homogen=32724.5304
mean B0=65.3938 homogen=13309.5809
mean B0=72.7366 homogen=70395.3894
mean B0=65.557 homogen=45390.1367
mean B0=77.7723 homogen=58058.0625
mean B0=69.2762 homogen=13295.976
mean B0=59.8708 homogen=214332.3147
mean B0=64.3467 homogen=6605.1637
mean B0=65.6607 homogen=31114.0077
mean B0=68.9125 homogen=154967.0601
mean B0=74.7445 homogen=48540.7566
mean B0=73.3613 homogen=36273.3233
mean B0=64.5228 homogen=21787.6012
mean B0=72.5276 homogen=29565.3079
mean B0=70.2698 homogen=19769.6831
mean B0=73.35 homogen=35552.773
mean B0=64.496 homogen=38225.3554
mean B0=70.4018 homogen=16091.0127
    53 |     2120 |     40 |  0.000000E+00 |  0.000000E+00 |  0.0031619550 |             f
mean B0=65.5534 homogen=115975.5305
mean B0=62.9637 homogen=16487.2799
mean B0=69.9496 homogen=14969.9119
mean B0=71.6882 homogen=26384.3349
mean B0=72.7321 homogen=23596.2241
mean B0=66.6585 homogen=8953.9609
mean B0=71.5519 homogen=92503.2242
mean B0=69.8823 homogen=22506.648
mean B0=66.979 homogen=37127.1813
mean B0=77.8351 homogen=98205.5356
mean B0=80.3179 homogen=107675.2868
mean B0=79.9297 homogen=97787.0954
mean B0=73.4784 homogen=30044.2367
mean B0=70.0151 homogen=12966.6296
mean B0=67.1184 homogen=9043.1984
mean B0=73.4593 homogen=23000.6476
mean B0=74.7051 homogen=48753.6712
mean B0=73.2807 homogen=222526.6322
mean B0=71.9307 homogen=23019.6009
mean B0=67.6376 homogen=9671.4558
mean B0=68.0002 homogen=137686.472
mean B0=80.3176 homogen=94238.9695
mean B0=65.9019 homogen=8956.5882
mean B0=70.6527 homogen=15959.4909
mean B0=68.5345 homogen=11313.326
mean B0=65.8969 homogen=8332.5546
mean B0=78.1494 homogen=67738.4046
mean B0=62.0505 homogen=241291.827
mean B0=67.4718 homogen=35230.2422
mean B0=69.4493 homogen=13793.0015
mean B0=74.7346 homogen=44331.6716
mean B0=46.7154 homogen=104068.2324
mean B0=78.5687 homogen=83550.52
mean B0=66.9518 homogen=10939.464
mean B0=74.4652 homogen=19607.3749
mean B0=69.4645 homogen=12776.1239
mean B0=69.3143 homogen=13354.406
mean B0=77.7928 homogen=57775.5661
mean B0=69.5723 homogen=15257.325
mean B0=69.3071 homogen=13452.3704
    54 |     2160 |     40 |  0.000000E+00 |  0.000000E+00 |  0.0034531426 |             f
mean B0=80.364 homogen=103147.385
mean B0=67.0896 homogen=8972.0138
mean B0=68.4769 homogen=10453.0385
mean B0=66.1061 homogen=9077.3113
mean B0=71.0205 homogen=22025.9183
mean B0=80.28 homogen=88583.4066
mean B0=75.1641 homogen=32763.8226
mean B0=58.9522 homogen=272670.7934
mean B0=56.311 homogen=312451.4505
mean B0=74.7346 homogen=44331.6716
mean B0=80.0999 homogen=92028.2384
mean B0=73.3363 homogen=43168.7182
mean B0=67.1232 homogen=130313.2048
mean B0=70.9269 homogen=20387.894
mean B0=72.8748 homogen=26361.2001
mean B0=65.8969 homogen=8332.5546
mean B0=68.2251 homogen=11423.2915
mean B0=81.615 homogen=103218.3076
mean B0=66.4268 homogen=42179.1239
mean B0=74.6682 homogen=48372.6477
mean B0=70.2234 homogen=15753.3548
mean B0=74.776 homogen=48546.6167
mean B0=63.5617 homogen=12942.0059
mean B0=68.6044 homogen=12070.7607
mean B0=71.113 homogen=22129.4161
mean B0=70.5116 homogen=67196.428
mean B0=67.6339 homogen=33384.6958
mean B0=72.8533 homogen=22844.3721
mean B0=73.3013 homogen=28504.3149
mean B0=73.5101 homogen=30370.7479
mean B0=68.2756 homogen=11292.738
mean B0=72.5186 homogen=22045.6011
mean B0=73.4783 homogen=30045.0897
mean B0=71.194 homogen=100761.6333
mean B0=74.7244 homogen=35722.0036
mean B0=68.5345 homogen=11313.326
mean B0=68.0655 homogen=17254.5185
mean B0=68.0228 homogen=12751.7377
mean B0=68.9177 homogen=43223.8777
mean B0=70.0229 homogen=15172.1868
    55 |     2200 |     40 |  0.000000E+00 |  0.000000E+00 |  0.0025409196 |             f
mean B0=81.2178 homogen=112369.4244
mean B0=70.2328 homogen=15769.823
mean B0=66.4121 homogen=6431.0827
mean B0=66.9185 homogen=8597.9298
mean B0=58.9144 homogen=9495.7217
mean B0=73.4425 homogen=29660.8103
mean B0=73.1532 homogen=96490.3862
mean B0=71.2025 homogen=17771.9434
mean B0=79.8042 homogen=97041.5462
mean B0=75.0604 homogen=39033.4035
mean B0=73.2538 homogen=28733.8659
mean B0=71.8882 homogen=18854.8946
mean B0=71.6798 homogen=21609.8411
mean B0=68.4313 homogen=12846.6282
mean B0=73.4956 homogen=29965.8568
mean B0=69.0356 homogen=16104.5233
mean B0=73.3907 homogen=20284.4162
mean B0=77.0357 homogen=66698.8787
mean B0=79.0262 homogen=88671.4626
mean B0=70.9306 homogen=20348.9018
mean B0=72.0062 homogen=21671.2828
mean B0=78.1335 homogen=62215.9483
mean B0=72.3927 homogen=21418.0001
mean B0=58.176 homogen=188254.4685
mean B0=69.8857 homogen=12274.9719
mean B0=70.7071 homogen=16085.7355
mean B0=69.0718 homogen=20828.7326
mean B0=72.9961 homogen=42343.906
mean B0=74.9858 homogen=39492.9693
mean B0=80.3656 homogen=103143.1479
mean B0=72.5638 homogen=211184.5176
mean B0=70.9969 homogen=28031.1407
mean B0=68.518 homogen=15640.8706
mean B0=47.6604 homogen=81277.2643
mean B0=68.283 homogen=10431.0129
mean B0=69.9134 homogen=36049.9186
mean B0=79.7366 homogen=68509.7518
mean B0=70.3025 homogen=10504.6557
mean B0=66.6585 homogen=8953.9609
mean B0=59.8732 homogen=217583.7798
    56 |     2240 |     38 |  0.000000E+00 |  0.000000E+00 |  0.0461199312 |         ideal
mean B0=65.4535 homogen=130885.5629
mean B0=73.3059 homogen=26846.0341
mean B0=75.0245 homogen=38674.9364
mean B0=73.6346 homogen=40693.168
mean B0=66.6585 homogen=8953.9609
mean B0=67.075 homogen=6409.3809
mean B0=68.0512 homogen=9125.1116
mean B0=72.7593 homogen=41422.2103
mean B0=66.0441 homogen=10597.3322
mean B0=72.6447 homogen=22509.8271
mean B0=76.2443 homogen=105033.2112
mean B0=74.4612 homogen=32984.8015
mean B0=70.4644 homogen=20423.7762
mean B0=78.7347 homogen=100403.5999
mean B0=76.5696 homogen=57527.9735
mean B0=79.1355 homogen=89469.7313
mean B0=63.7094 homogen=8296.258
mean B0=72.2969 homogen=26291.8398
mean B0=73.9114 homogen=32563.3835
mean B0=80.0083 homogen=99209.3579
mean B0=70.6182 homogen=15962.7243
mean B0=72.9039 homogen=24311.955
mean B0=80.1355 homogen=92406.4845
mean B0=78.3947 homogen=83942.132
mean B0=50.672 homogen=77891.2152
mean B0=63.6352 homogen=99278.666
mean B0=72.1641 homogen=27902.5094
mean B0=66.3308 homogen=21215.6419
mean B0=66.942 homogen=10402.6761
mean B0=81.2215 homogen=84791.2818
mean B0=68.2723 homogen=8989.7773
mean B0=78.6612 homogen=85221.9434
mean B0=73.1876 homogen=71315.5349
mean B0=68.8728 homogen=12330.782
mean B0=75.2039 homogen=37418.847
mean B0=72.7573 homogen=25397.34
mean B0=70.7329 homogen=16328.7703
mean B0=79.3315 homogen=67821.9125
mean B0=73.0621 homogen=27367.5154
mean B0=70.4312 homogen=188360.8867
    57 |     2280 |     40 |  0.000000E+00 |  0.000000E+00 |  0.0046333292 |             f
mean B0=73.4268 homogen=29315.542
mean B0=72.1377 homogen=41281.0971
mean B0=73.5101 homogen=30370.7479
mean B0=64.7624 homogen=286315.4794
mean B0=71.6419 homogen=21913.7667
mean B0=67.8927 homogen=10323.2781
mean B0=76.5531 homogen=57319.4071
mean B0=79.4956 homogen=94318.2962
mean B0=67.9115 homogen=9008.4965
mean B0=81.2161 homogen=112372.4349
mean B0=71.3655 homogen=24617.4756
mean B0=70.0048 homogen=11368.4707
mean B0=79.2564 homogen=83180.5621
mean B0=80.4341 homogen=103639.5106
mean B0=65.2819 homogen=18419.0601
mean B0=72.8575 homogen=23711.3145
mean B0=74.7479 homogen=36549.9496
mean B0=72.0463 homogen=14636.4961
mean B0=81.8078 homogen=93026.8947
mean B0=80.0473 homogen=91139.7604
mean B0=70.5527 homogen=15802.4127
mean B0=69.8201 homogen=12996.1374
mean B0=75.2721 homogen=35512.0378
mean B0=77.7289 homogen=57018.8466
mean B0=74.725 homogen=29162.816
mean B0=77.858 homogen=81568.2968
mean B0=78.1513 homogen=62445.3843
mean B0=79.8961 homogen=97649.5972
mean B0=71.2265 homogen=40816.1478
mean B0=79.1372 homogen=89460.7405
mean B0=69.9788 homogen=12907.8407
mean B0=65.5767 homogen=41873.4539
mean B0=79.9062 homogen=97864.8528
mean B0=74.4612 homogen=32984.8015
mean B0=78.1333 homogen=62212.9531
mean B0=64.4118 homogen=114649.4615
mean B0=72.4503 homogen=21335.636
mean B0=71.7286 homogen=27895.6008
mean B0=75.0219 homogen=52549.1796
mean B0=73.5604 homogen=31087.2397
    58 |     2320 |     40 |  0.000000E+00 |  0.000000E+00 |  0.0023485918 |             f
mean B0=78.132 homogen=62227.9011
mean B0=57.7727 homogen=214331.8621
mean B0=74.8346 homogen=24486.9157
mean B0=75.776 homogen=31737.9295
mean B0=71.6914 homogen=22046.873
mean B0=73.0895 homogen=25676.4845
mean B0=74.2721 homogen=38174.7881
mean B0=64.7504 homogen=49153.1396
mean B0=79.5952 homogen=94111.4297
mean B0=74.6464 homogen=35033.0304
mean B0=72.6448 homogen=22511.222
mean B0=74.4671 homogen=33086.324
mean B0=73.4268 homogen=29315.542
mean B0=77.511 homogen=59458.4293
mean B0=74.0792 homogen=37593.0156
mean B0=74.1676 homogen=108079.7477
mean B0=68.6354 homogen=10170.6534
mean B0=70.3908 homogen=22928.3756
mean B0=73.5177 homogen=31768.5263
mean B0=74.3387 homogen=41530.2721
mean B0=78.4304 homogen=65598.849
mean B0=72.5414 homogen=22073.2929
mean B0=76.0963 homogen=64999.839
mean B0=66.8166 homogen=138479.7692
mean B0=74.0627 homogen=25064.2266
mean B0=79.4078 homogen=84152.7476
mean B0=80.76 homogen=99836.2241
mean B0=80.7126 homogen=103445.5097
mean B0=75.7665 homogen=34024.8944
mean B0=71.9527 homogen=18999.6009
mean B0=74.2925 homogen=48622.7858
mean B0=79.2506 homogen=83092.8107
mean B0=73.0621 homogen=27365.44
mean B0=80.536 homogen=91785.7742
mean B0=51.8346 homogen=351707.4699
mean B0=70.0438 homogen=14086.7871
mean B0=80.442 homogen=102830.1257
mean B0=72.6772 homogen=20158.1643
mean B0=74.7657 homogen=75793.4324
mean B0=76.4053 homogen=70353.3432
    59 |     2360 |     40 |  0.000000E+00 |  0.000000E+00 |  0.0078088719 |             f
mean B0=79.4078 homogen=84152.7476
mean B0=70.3342 homogen=14268.1747
mean B0=73.3013 homogen=28503.8126
mean B0=75.0393 homogen=40249.3137
mean B0=76.7879 homogen=65363.4495
mean B0=80.5317 homogen=91828.8624
mean B0=75.0246 homogen=38671.7673
mean B0=74.723 homogen=35729.3926
mean B0=72.7103 homogen=29966.7474
mean B0=81.413 homogen=88731.008
mean B0=76.4265 homogen=42537.6938
mean B0=68.2751 homogen=9824.0272
mean B0=74.0571 homogen=24540.3619
mean B0=68.2407 homogen=8963.1808
mean B0=68.3927 homogen=9480.4102
mean B0=74.4671 homogen=33086.324
mean B0=80.912 homogen=108539.7401
mean B0=76.5945 homogen=70877.8789
mean B0=79.2506 homogen=83092.8107
mean B0=71.1871 homogen=21570.4514
mean B0=64.2253 homogen=6362.5906
mean B0=70.1449 homogen=14467.4652
mean B0=73.5604 homogen=31088.3559
mean B0=72.3271 homogen=21132.3884
mean B0=81.6928 homogen=91362.651
mean B0=71.9561 homogen=18966.2145
mean B0=78.1514 homogen=62453.4893
mean B0=75.061 homogen=39026.8918
mean B0=75.7608 homogen=44906.2514
mean B0=69.461 homogen=12106.9075
mean B0=76.3514 homogen=55330.6439
mean B0=59.6586 homogen=208104.2817
mean B0=76.5896 homogen=57648.3357
mean B0=72.6236 homogen=26911.5026
mean B0=71.1137 homogen=17538.9591
mean B0=74.4612 homogen=32984.8015
mean B0=73.0859 homogen=24024.6439
mean B0=73.2438 homogen=28173.8904
mean B0=74.5522 homogen=34450.2792
mean B0=81.9929 homogen=94881.539
    60 |     2400 |     40 |  0.000000E+00 |  0.000000E+00 |  0.0049308130 |             f
mean B0=79.7964 homogen=88450.6275
mean B0=50.1629 homogen=98624.2491
mean B0=70.6749 homogen=16038.9929
mean B0=72.4966 homogen=19633.0278
mean B0=70.3328 homogen=14264.7717
mean B0=63.4526 homogen=12448.3811
mean B0=68.0683 homogen=9171.0725
mean B0=63.9092 homogen=15899.6095
mean B0=79.6296 homogen=94894.6167
mean B0=72.8533 homogen=22844.3721
mean B0=75.8947 homogen=38747.8013
mean B0=71.1136 homogen=17540.3896
mean B0=80.0103 homogen=80838.6476
mean B0=71.9748 homogen=18827.1894
mean B0=77.8354 homogen=59105.4549
mean B0=57.5469 homogen=201899.6074
mean B0=73.9942 homogen=34841.2138
mean B0=42.9475 homogen=119043.6914
mean B0=73.6734 homogen=32162.7334
mean B0=76.3514 homogen=55330.6439
mean B0=77.0974 homogen=50444.5283
mean B0=69.901 homogen=9972.1363
mean B0=72.4836 homogen=21387.6034
mean B0=72.8959 homogen=26282.887
mean B0=77.3656 homogen=77851.8039
mean B0=80.145 homogen=78188.7319
mean B0=80.7357 homogen=99543.3394
mean B0=78.9811 homogen=79861.2611
mean B0=73.3036 homogen=24425.4769
mean B0=74.7479 homogen=36550.6128
mean B0=77.3591 homogen=63443.2271
mean B0=73.9123 homogen=233060.1335
mean B0=69.6645 homogen=25188.0839
mean B0=73.0711 homogen=25816.2709
mean B0=75.5773 homogen=44891.4819
mean B0=69.9476 homogen=20021.2189
mean B0=70.9677 homogen=14125.4529
mean B0=68.629 homogen=9545.8629
mean B0=79.5054 homogen=80629.7213
mean B0=72.8766 homogen=93832.4588
    61 |     2440 |     40 |  0.000000E+00 |  0.000000E+00 |  0.0074088989 |             f
mean B0=67.9988 homogen=14082.7891
mean B0=42.5743 homogen=97286.088
mean B0=79.7092 homogen=103505.9114
mean B0=76.7297 homogen=63542.7262
mean B0=72.8811 homogen=24640.6544
mean B0=77.7928 homogen=57775.5661
mean B0=80.7957 homogen=107804.8384
mean B0=79.8069 homogen=103894.01
mean B0=71.7079 homogen=21444.5731
mean B0=67.2933 homogen=12326.3924
mean B0=77.9652 homogen=69416.4266
mean B0=68.0789 homogen=9372.8507
mean B0=68.0373 homogen=9097.4083
mean B0=78.8572 homogen=66605.6359
mean B0=76.026 homogen=80180.8782
mean B0=78.6366 homogen=73115.5198
mean B0=76.2626 homogen=40508.1844
mean B0=67.1986 homogen=131390.1206
mean B0=80.756 homogen=99867.8773
mean B0=75.0285 homogen=38686.7302
mean B0=71.43 homogen=25801.2662
mean B0=67.9707 homogen=31861.6474
mean B0=78.3004 homogen=56297.4401
mean B0=76.3689 homogen=37161.9266
mean B0=73.5408 homogen=27714.499
mean B0=77.8354 homogen=59105.4549
mean B0=75.1696 homogen=41895.3606
mean B0=67.7448 homogen=15867.4558
mean B0=72.7787 homogen=18786.4597
mean B0=72.1376 homogen=38410.7469
mean B0=79.8086 homogen=78898.1479
mean B0=69.8933 homogen=10229.6071
mean B0=54.2669 homogen=275833.1622
mean B0=79.146 homogen=84976.1858
mean B0=70.123 homogen=8202.6505
mean B0=80.5309 homogen=92084.0219
mean B0=69.0978 homogen=10204.7856
mean B0=73.7245 homogen=26815.0457
mean B0=72.8564 homogen=22827.6595
mean B0=73.4251 homogen=29310.3142
    62 |     2480 |     40 |  0.000000E+00 |  0.000000E+00 |  0.0040098194 |             f
mean B0=75.1515 homogen=41613.5312
mean B0=75.7139 homogen=119482.554
mean B0=75.061 homogen=39026.8918
mean B0=75.0306 homogen=38741.0788
mean B0=76.2572 homogen=39167.5848
mean B0=68.4423 homogen=9880.3472
mean B0=78.2643 homogen=63714.8973
mean B0=72.1253 homogen=17522.2214
mean B0=78.2793 homogen=68686.9612
mean B0=57.1046 homogen=199410.3492
mean B0=78.1429 homogen=62107.8407
mean B0=73.4169 homogen=29451.9876
mean B0=73.7496 homogen=27898.9122
mean B0=74.9568 homogen=56772.0866
mean B0=73.2758 homogen=24721.8051
mean B0=48.0101 homogen=78112.0283
mean B0=80.2093 homogen=83817.8269
mean B0=72.7692 homogen=22896.6851
mean B0=72.9764 homogen=20514.0999
mean B0=66.3254 homogen=32003.7028
mean B0=80.7782 homogen=100075.5158
mean B0=69.098 homogen=13935.1199
mean B0=80.0473 homogen=91139.7604
mean B0=79.7914 homogen=88385.1667
mean B0=63.4298 homogen=13184.0717
mean B0=72.9706 homogen=27077.6596
mean B0=77.727 homogen=57020.2652
mean B0=73.3406 homogen=29771.8344
mean B0=78.1529 homogen=62332.1603
mean B0=68.5534 homogen=9965.205
mean B0=79.4959 homogen=80738.5393
mean B0=81.2829 homogen=104282.1777
mean B0=58.0558 homogen=225943.0015
mean B0=73.6441 homogen=25217.6941
mean B0=68.2546 homogen=15260.717
mean B0=76.4369 homogen=81874.2117
mean B0=78.1644 homogen=67242.8368
mean B0=78.5269 homogen=65521.4609
mean B0=76.9576 homogen=53685.6973
mean B0=75.2376 homogen=82861.9848
    63 |     2520 |     40 |  0.000000E+00 |  0.000000E+00 |  0.0038150755 |         ideal
mean B0=80.295 homogen=94498.9237
mean B0=80.1873 homogen=83622.9612
mean B0=74.7413 homogen=36498.4574
mean B0=78.1208 homogen=62045.511
mean B0=77.7289 homogen=57018.8466
mean B0=73.0522 homogen=21450.6885
mean B0=79.2617 homogen=103355.499
mean B0=49.5357 homogen=104364.3448
mean B0=62.6655 homogen=10646.5677
mean B0=80.7542 homogen=99785.6221
mean B0=68.5534 homogen=9965.205
mean B0=75.075 homogen=38833.6249
mean B0=73.9699 homogen=29648.458
mean B0=79.7963 homogen=88455.3988
mean B0=73.1138 homogen=17759.2668
mean B0=71.9404 homogen=25436.5392
mean B0=67.0896 homogen=8972.0138
mean B0=76.6797 homogen=58152.6403
mean B0=78.4659 homogen=78705.1137
mean B0=71.2717 homogen=14957.0818
mean B0=75.3791 homogen=39187.2855
mean B0=69.7725 homogen=29303.5604
mean B0=75.0315 homogen=38761.5127
mean B0=78.2858 homogen=63743.047
mean B0=77.0974 homogen=50444.5283
mean B0=79.9498 homogen=90133.1432
mean B0=67.1843 homogen=35907.196
mean B0=78.4638 homogen=66403.8135
mean B0=75.6115 homogen=28177.2923
mean B0=80.7604 homogen=99826.0984
mean B0=75.1515 homogen=41613.5312
mean B0=50.2176 homogen=97777.6117
mean B0=80.6167 homogen=97259.0812
mean B0=74.461 homogen=32980.0331
mean B0=72.7765 homogen=36939.2076
mean B0=49.9667 homogen=79305.7451
mean B0=68.0373 homogen=9097.4083
mean B0=61.4239 homogen=208735.4316
mean B0=65.1701 homogen=12698.9269
mean B0=73.7972 homogen=28472.904
    64 |     2560 |     40 |  0.000000E+00 |  0.000000E+00 |  0.0035499107 |             f
mean B0=73.1751 homogen=23536.4217
mean B0=68.5696 homogen=35757.5684
mean B0=74.8565 homogen=53415.6702
mean B0=80.3298 homogen=88458.9869
mean B0=64.9458 homogen=26762.4489
mean B0=71.7929 homogen=30062.4644
mean B0=71.8907 homogen=199363.0708
mean B0=68.6219 homogen=10118.4297
mean B0=72.9303 homogen=27269.7756
mean B0=73.7496 homogen=27898.9122
mean B0=66.734 homogen=40404.7478
mean B0=81.0172 homogen=97419.2622
mean B0=75.8218 homogen=54333.4031
mean B0=73.7245 homogen=26815.0457
mean B0=77.1423 homogen=83478.5753
mean B0=80.368 homogen=94368.2151
mean B0=70.633 homogen=189166.4737
mean B0=78.2952 homogen=72004.2897
mean B0=78.4474 homogen=66162.2694
mean B0=77.6253 homogen=72447.3376
mean B0=72.8834 homogen=18775.0244
mean B0=65.6951 homogen=275984.5651
mean B0=75.1182 homogen=39815.4697
mean B0=74.8013 homogen=28859.3355
mean B0=65.9408 homogen=34874.8147
mean B0=45.7269 homogen=156033.0477
mean B0=80.2218 homogen=87516.77
mean B0=70.3868 homogen=12994.183
mean B0=73.5024 homogen=49451.224
mean B0=81.2829 homogen=104282.1777
mean B0=77.45 homogen=78528.6958
mean B0=80.2991 homogen=94448.6584
mean B0=80.7073 homogen=91539.0302
mean B0=71.2717 homogen=14957.0818
mean B0=67.3981 homogen=49361.8658
mean B0=73.3456 homogen=18972.3886
mean B0=77.7152 homogen=57063.6599
mean B0=64.4147 homogen=14987.8585
mean B0=78.9696 homogen=74633.5205
mean B0=71.7158 homogen=26244.3764
    65 |     2600 |     40 |  0.000000E+00 |  0.000000E+00 |  0.0040513076 |             f
mean B0=73.0344 homogen=31582.1124
mean B0=64.2253 homogen=6362.5906
mean B0=72.5753 homogen=32608.2256
mean B0=77.7375 homogen=57003.2865
mean B0=63.8857 homogen=21366.2697
mean B0=78.9233 homogen=67021.5718
mean B0=72.0791 homogen=17445.8846
mean B0=76.7012 homogen=58512.3389
mean B0=71.1727 homogen=14679.8187
mean B0=75.3043 homogen=28523.8825
mean B0=64.4098 homogen=94961.0713
mean B0=71.0422 homogen=214450.0738
mean B0=72.0467 homogen=14573.2888
mean B0=69.4609 homogen=9641.3534
mean B0=70.3882 homogen=12991.8973
mean B0=78.6311 homogen=72891.3982
mean B0=70.9134 homogen=15608.9075
mean B0=79.2284 homogen=83602.6665
mean B0=48.7943 homogen=111760.3227
mean B0=71.3727 homogen=23622.3921
mean B0=72.3764 homogen=35747.5043
mean B0=68.0373 homogen=9097.4083
mean B0=68.1626 homogen=9265.3897
mean B0=64.9695 homogen=118851.8667
mean B0=48.8952 homogen=111892.795
mean B0=80.2026 homogen=96903.9451
mean B0=73.3941 homogen=19098.184
mean B0=81.4891 homogen=74442.4245
mean B0=62.6562 homogen=262208.3406
mean B0=73.1728 homogen=20416.6438
mean B0=74.4978 homogen=97073.5104
mean B0=71.6039 homogen=13635.8606
mean B0=77.5462 homogen=57439.76
mean B0=76.9456 homogen=61877.4643
mean B0=67.0881 homogen=8966.0198
mean B0=81.0237 homogen=97641.6428
mean B0=80.2239 homogen=87537.7524
mean B0=73.9517 homogen=25115.3439
mean B0=81.5167 homogen=93582.9273
mean B0=80.1872 homogen=83624.2131
    66 |     2640 |     40 |  0.000000E+00 |  0.000000E+00 |  0.0010146171 |             f
mean B0=71.3845 homogen=13531.6234
mean B0=73.162 homogen=36158.7186
mean B0=71.4526 homogen=15524.5771
mean B0=77.2472 homogen=71474.9135
mean B0=69.5683 homogen=58150.9798
mean B0=81.605 homogen=86314.9034
mean B0=79.2563 homogen=80514.5578
mean B0=72.1407 homogen=17558.9398
mean B0=70.3194 homogen=12494.8403
mean B0=71.5328 homogen=19335.5633
mean B0=79.9642 homogen=59089.8928
mean B0=64.9728 homogen=118880.0309
mean B0=68.0869 homogen=11585.3984
mean B0=78.8279 homogen=62569.8935
mean B0=76.9417 homogen=61845.8337
mean B0=76.9118 homogen=61306.744
mean B0=81.2828 homogen=104283.478
mean B0=77.9774 homogen=60674.432
mean B0=80.536 homogen=91785.6449
mean B0=67.1351 homogen=9101.1754
mean B0=73.5166 homogen=25813.729
mean B0=81.084 homogen=98283.0926
mean B0=78.0411 homogen=60805.1038
mean B0=67.4635 homogen=14794.5255
mean B0=71.0912 homogen=19453.3812
mean B0=63.0918 homogen=9489.9059
mean B0=70.5529 homogen=19412.0291
mean B0=70.3835 homogen=12984.2265
mean B0=71.6638 homogen=13865.2039
mean B0=77.1469 homogen=87788.2256
mean B0=71.3647 homogen=13854.3283
mean B0=78.6704 homogen=77867.5289
mean B0=71.8779 homogen=19677.7756
mean B0=81.1014 homogen=89462.5304
mean B0=82.2103 homogen=97374.8114
mean B0=82.0238 homogen=95774.3902
mean B0=73.394 homogen=19099.4468
mean B0=80.4061 homogen=94720.2776
mean B0=78.6311 homogen=72891.9187
mean B0=55.3287 homogen=203389.0899
    67 |     2680 |     31 |  0.000000E+00 |  0.000000E+00 |  0.0070738364 |             f
mean B0=69.7399 homogen=25556.5888
mean B0=45.2986 homogen=120253.0046
mean B0=75.6111 homogen=28171.8392
mean B0=64.7717 homogen=18184.092
mean B0=73.4714 homogen=31277.9463
mean B0=71.5015 homogen=15664.3329
mean B0=69.115 homogen=10457.1382
mean B0=67.5875 homogen=10004.9295
mean B0=76.2595 homogen=66213.6764
mean B0=78.9632 homogen=86678.5595
mean B0=65.3537 homogen=35025.9571
mean B0=66.6786 homogen=12851.5334
mean B0=73.382 homogen=21683.2881
mean B0=62.3432 homogen=102133.1702
mean B0=73.346 homogen=18972.1251
mean B0=81.2828 homogen=104283.478
mean B0=74.2455 homogen=76230.3264
mean B0=68.6438 homogen=24092.9885
mean B0=69.7161 homogen=13044.758
mean B0=72.218 homogen=16921.8851
mean B0=70.4013 homogen=14668.9167
mean B0=71.0817 homogen=14425.8723
mean B0=79.5054 homogen=80633.6129
mean B0=64.7838 homogen=119176.9766
mean B0=71.785 homogen=103270.2542
mean B0=73.3409 homogen=18891.9294
mean B0=72.943 homogen=16743.3521
mean B0=72.9542 homogen=18323.8271
mean B0=73.5166 homogen=25813.729
mean B0=83.443 homogen=107057.7496
mean B0=76.0471 homogen=85087.9338
mean B0=77.1568 homogen=90379.9433
mean B0=77.8299 homogen=58701.9844
mean B0=75.9505 homogen=71852.3481
mean B0=73.9518 homogen=25125.5019
mean B0=77.8354 homogen=59105.4549
mean B0=72.7052 homogen=21173.9199
mean B0=70.3879 homogen=10733.7186
mean B0=68.8223 homogen=9340.6268
mean B0=77.0974 homogen=50445.537
    68 |     2720 |     35 |  0.000000E+00 |  0.000000E+00 |  0.0014617681 |             f
mean B0=80.8669 homogen=93769.783
mean B0=72.3141 homogen=18033.4603
mean B0=75.223 homogen=25722.7633
mean B0=78.302 homogen=56294.6882
mean B0=73.6053 homogen=19463.2284
mean B0=73.3392 homogen=18830.3312
mean B0=71.9125 homogen=17732.8982
mean B0=73.2654 homogen=20434.1346
mean B0=69.6274 homogen=11436.6802
mean B0=77.5105 homogen=55295.2299
mean B0=71.5015 homogen=15664.3329
mean B0=69.0677 homogen=14446.4781
mean B0=79.0345 homogen=64372.5016
mean B0=72.7038 homogen=12653.5248
mean B0=79.049 homogen=63913.8251
mean B0=74.764 homogen=24205.0375
mean B0=67.6143 homogen=10394.452
mean B0=66.6741 homogen=7789.6929
mean B0=81.1014 homogen=89462.5304
mean B0=72.0625 homogen=17371.1411
mean B0=79.6853 homogen=82075.3712
mean B0=81.1532 homogen=101293.4794
mean B0=75.5839 homogen=77009.3216
mean B0=66.8326 homogen=12415.8431
mean B0=81.3673 homogen=105219.0881
mean B0=75.6047 homogen=28105.3421
mean B0=64.2051 homogen=9259.6688
mean B0=77.0826 homogen=48004.4979
mean B0=76.0174 homogen=26435.5325
mean B0=70.002 homogen=9997.0704
mean B0=67.0896 homogen=8972.0138
mean B0=72.1948 homogen=78350.0674
mean B0=69.1835 homogen=12231.3132
mean B0=69.3189 homogen=10217.7549
mean B0=69.1052 homogen=10441.8576
mean B0=81.6754 homogen=108204.523
mean B0=73.4378 homogen=22905.6781
mean B0=80.3655 homogen=60622.6838
mean B0=54.9667 homogen=204661.6422
mean B0=68.9191 homogen=28407.7029
    69 |     2760 |     40 |  0.000000E+00 |  0.000000E+00 |  0.0224939006 |         ideal
mean B0=80.6578 homogen=105563.691
mean B0=70.5814 homogen=12709.7268
mean B0=70.5671 homogen=27898.2163
mean B0=78.7742 homogen=66541.3291
mean B0=68.0493 homogen=9123.325
mean B0=69.1497 homogen=34531.4997
mean B0=71.5108 homogen=15614.7037
mean B0=72.7227 homogen=28898.5089
mean B0=82.1661 homogen=85957.4567
mean B0=72.4372 homogen=27343.4728
mean B0=73.5875 homogen=41156.1803
mean B0=74.9746 homogen=23000.1826
mean B0=77.4772 homogen=44922.3171
mean B0=75.5492 homogen=28046.7201
mean B0=80.2747 homogen=59727.44
mean B0=72.2955 homogen=18052.378
mean B0=73.4172 homogen=21368.8303
mean B0=75.0453 homogen=26275.5762
mean B0=81.1532 homogen=101293.1172
mean B0=69.4174 homogen=51754.4764
mean B0=62.4141 homogen=115804.7398
mean B0=67.8928 homogen=10323.7341
mean B0=65.093 homogen=16707.4219
mean B0=82.2922 homogen=80635.4214
mean B0=52.5571 homogen=65985.1898
mean B0=79.4344 homogen=71218.1698
mean B0=71.4439 homogen=15585.1961
mean B0=67.7424 homogen=13069.6723
mean B0=68.5879 homogen=44105.8939
mean B0=74.4228 homogen=26047.8737
mean B0=78.6142 homogen=74909.9902
mean B0=79.3708 homogen=84915.2552
mean B0=70.5233 homogen=10955.1572
mean B0=64.1125 homogen=6919.9872
mean B0=68.9345 homogen=9687.0434
mean B0=66.6126 homogen=28216.5842
mean B0=79.184 homogen=66099.313
mean B0=71.3271 homogen=16426.9577
mean B0=82.4595 homogen=103806.765
mean B0=81.2721 homogen=86666.9619
    70 |     2800 |     39 |  0.000000E+00 |  0.000000E+00 |  0.0273528257 |         ideal
mean B0=71.9018 homogen=16620.7711
mean B0=76.2677 homogen=60705.8509
mean B0=73.5406 homogen=62753.9518
mean B0=78.917 homogen=51093.7149
mean B0=73.3745 homogen=24736.0252
mean B0=74.038 homogen=23621.8258
mean B0=70.6414 homogen=18785.9342
mean B0=73.3941 homogen=19098.184
mean B0=71.4404 homogen=17137.9548
mean B0=71.1904 homogen=12178.6258
mean B0=73.0422 homogen=22837.5569
mean B0=63.717 homogen=124583.0472
mean B0=71.5948 homogen=14110.4947
mean B0=68.17 homogen=9284.508
mean B0=71.7232 homogen=17133.3332
mean B0=68.0495 homogen=9125.2439
mean B0=70.3505 homogen=12249.5164
mean B0=68.8582 homogen=12972.8381
mean B0=64.2443 homogen=243206.2224
mean B0=67.8205 homogen=8498.3004
mean B0=70.1582 homogen=10106.5517
mean B0=54.8584 homogen=191789.3907
mean B0=67.2345 homogen=22393.1779
mean B0=78.5316 homogen=63041.8103
mean B0=75.381 homogen=96861.2265
mean B0=79.1402 homogen=65215.1836
mean B0=73.7611 homogen=27474.2119
mean B0=75.6047 homogen=28105.3421
mean B0=67.8132 homogen=12570.8682
mean B0=73.9644 homogen=22607.3823
mean B0=47.8395 homogen=109842.0194
mean B0=77.041 homogen=60021.3931
mean B0=72.1026 homogen=17380.1803
mean B0=80.2635 homogen=59629.5002
mean B0=71.6932 homogen=13976.969
mean B0=68.0373 homogen=9099.6312
mean B0=64.1639 homogen=8228.0851
mean B0=77.3024 homogen=81493.6557
mean B0=75.8634 homogen=43904.7964
mean B0=68.6794 homogen=24364.7616
    71 |     2840 |     40 |  0.000000E+00 |  0.000000E+00 |  0.0074492703 |             f
mean B0=79.9792 homogen=74594.1459
mean B0=70.5504 homogen=13103.437
mean B0=69.8262 homogen=9744.7699
mean B0=67.8283 homogen=11357.2062
mean B0=73.3106 homogen=22886.4456
mean B0=64.7728 homogen=6584.0786
mean B0=77.0681 homogen=47925.3509
mean B0=73.0728 homogen=17150.2904
mean B0=46.445 homogen=127552.9914
mean B0=70.2194 homogen=14312.4478
mean B0=72.2938 homogen=18802.819
mean B0=73.5488 homogen=21721.2441
mean B0=77.097 homogen=50445.4621
mean B0=80.6504 homogen=60927.4049
mean B0=76.2255 homogen=31047.2796
mean B0=71.1524 homogen=14829.0005
mean B0=61.9862 homogen=19943.1705
mean B0=62.8659 homogen=125106.1035
mean B0=75.6114 homogen=28177.442
mean B0=73.1533 homogen=22725.5761
mean B0=75.5173 homogen=27595.9172
mean B0=72.0708 homogen=14680.2677
mean B0=68.6581 homogen=10241.3553
mean B0=73.5707 homogen=62594.8699
mean B0=69.6628 homogen=13470.4156
mean B0=73.4096 homogen=22531.3851
mean B0=67.6177 homogen=12804.9218
mean B0=69.5605 homogen=11093.2077
mean B0=70.65 homogen=196898.482
mean B0=81.468 homogen=65539.6776
mean B0=75.9673 homogen=52315.3747
mean B0=71.1157 homogen=11830.8444
mean B0=73.3941 homogen=19098.184
mean B0=76.6522 homogen=45261.6121
mean B0=76.1845 homogen=40508.7732
mean B0=71.3309 homogen=13427.9005
mean B0=73.9534 homogen=42416.7211
mean B0=72.2353 homogen=13379.8369
mean B0=73.4172 homogen=21368.9848
mean B0=69.4567 homogen=11867.8254
    72 |     2880 |     40 |  0.000000E+00 |  0.000000E+00 |  0.0033036308 |             f
mean B0=77.2308 homogen=65944.4174
mean B0=72.9092 homogen=23964.1078
mean B0=82.3158 homogen=81561.2557
mean B0=73.9168 homogen=21416.4961
mean B0=76.681 homogen=45308.169
mean B0=74.764 homogen=24203.7786
mean B0=80.467 homogen=60990.8392
mean B0=69.8234 homogen=9745.3818
mean B0=69.49 homogen=10755.4348
mean B0=82.161 homogen=85780.2525
mean B0=71.179 homogen=20910.8822
mean B0=71.3393 homogen=13428.3827
mean B0=71.0622 homogen=21731.6745
mean B0=79.0638 homogen=55654.6868
mean B0=75.6953 homogen=28143.7708
mean B0=72.4133 homogen=19028.9774
mean B0=71.2876 homogen=14669.2888
mean B0=70.1583 homogen=10105.4691
mean B0=76.2255 homogen=31047.2796
mean B0=70.3172 homogen=58336.3042
mean B0=57.9669 homogen=172360.5247
mean B0=77.652 homogen=53707.1731
mean B0=61.8555 homogen=32838.1574
mean B0=71.8138 homogen=15809.891
mean B0=80.3281 homogen=60277.0248
mean B0=73.4172 homogen=21368.7029
mean B0=74.1922 homogen=23905.8747
mean B0=67.0772 homogen=6398.4865
mean B0=71.5487 homogen=16213.7296
mean B0=68.041 homogen=9206.2879
mean B0=71.6366 homogen=17841.1357
mean B0=68.9943 homogen=28575.6031
mean B0=72.6751 homogen=17555.8842
mean B0=66.4516 homogen=27627.2001
mean B0=66.0592 homogen=21212.6113
mean B0=74.9528 homogen=49644.1715
mean B0=67.868 homogen=10939.8514
mean B0=71.9013 homogen=16623.8023
mean B0=73.3392 homogen=18830.3312
mean B0=72.2979 homogen=102003.069
    73 |     2920 |     40 |  0.000000E+00 |  0.000000E+00 |  0.0030214686 |             f
mean B0=73.4172 homogen=21369.1607
mean B0=73.8652 homogen=34701.1035
mean B0=72.7927 homogen=44369.5644
mean B0=53.987 homogen=66466.3769
mean B0=69.8277 homogen=9746.6019
mean B0=74.7516 homogen=24040.4693
mean B0=70.5919 homogen=13579.5111
mean B0=77.2255 homogen=82747.693
mean B0=79.8493 homogen=97723.4986
mean B0=71.0717 homogen=16784.6745
mean B0=70.796 homogen=12634.6478
mean B0=71.6125 homogen=44191.8292
mean B0=73.5619 homogen=19851.5114
mean B0=76.8138 homogen=62165.7174
mean B0=73.6068 homogen=23805.6647
mean B0=77.1226 homogen=51033.3976
mean B0=75.6945 homogen=28148.411
mean B0=62.6623 homogen=18492.2247
mean B0=73.1633 homogen=19560.3986
mean B0=79.2558 homogen=66477.4514
mean B0=77.0825 homogen=48005.2233
mean B0=73.3425 homogen=22042.5384
mean B0=70.4168 homogen=31315.3557
mean B0=75.7703 homogen=28530.0237
mean B0=64.0709 homogen=7782.2046
mean B0=75.5289 homogen=27748.9712
mean B0=65.1159 homogen=22906.1506
mean B0=73.0229 homogen=19735.8148
mean B0=64.3352 homogen=67854.3786
mean B0=72.505 homogen=14270.1973
mean B0=71.6 homogen=15174.7198
mean B0=79.4489 homogen=75365.7495
mean B0=79.5402 homogen=61298.8016
mean B0=74.2412 homogen=19003.4903
mean B0=44.0609 homogen=100496.7153
mean B0=73.7127 homogen=20777.1558
mean B0=76.6534 homogen=45248.4537
mean B0=79.0571 homogen=68615.5597
mean B0=73.4254 homogen=19277.223
mean B0=71.4037 homogen=26814.58
    74 |     2960 |     40 |  0.000000E+00 |  0.000000E+00 |  0.0010721106 |             f
mean B0=64.7547 homogen=282817.3585
mean B0=78.1866 homogen=57267.1596
mean B0=71.9389 homogen=27203.8053
mean B0=62.5912 homogen=174138.6856
mean B0=76.6534 homogen=45248.4152
mean B0=63.4609 homogen=12298.4904
mean B0=59.3687 homogen=191733.3093
mean B0=68.8795 homogen=9437.8531
mean B0=70.7961 homogen=12636.6532
mean B0=79.3014 homogen=68916.2122
mean B0=73.3913 homogen=19626.1686
mean B0=71.2546 homogen=36388.9669
mean B0=57.4823 homogen=172714.2514
mean B0=75.5233 homogen=27617.9101
mean B0=72.3079 homogen=13085.5781
mean B0=74.764 homogen=24203.7786
mean B0=80.6084 homogen=60529.1662
mean B0=74.0254 homogen=21539.8312
mean B0=69.5074 homogen=10682.8862
mean B0=81.4156 homogen=78464.2358
mean B0=64.7113 homogen=19812.1037
mean B0=73.19 homogen=22504.0316
mean B0=75.6681 homogen=27954.2703
mean B0=80.6065 homogen=76806.472
mean B0=75.7703 homogen=28530.3726
mean B0=69.2184 homogen=8701.2105
mean B0=61.1883 homogen=195009.5186
mean B0=72.8941 homogen=18197.4313
mean B0=71.3305 homogen=13428.8754
mean B0=70.2508 homogen=23800.8331
mean B0=71.1834 homogen=14060.8684
mean B0=72.3109 homogen=26291.0429
mean B0=67.3555 homogen=33389.4897
mean B0=73.3867 homogen=19071.8715
mean B0=69.2238 homogen=10742.4526
mean B0=77.0681 homogen=47925.3509
mean B0=74.0006 homogen=22814.9909
mean B0=72.7975 homogen=21379.3667
mean B0=78.2432 homogen=54133.8794
mean B0=71.3609 homogen=40624.5614
    75 |     3000 |     40 |  0.000000E+00 |  0.000000E+00 |  0.0037501770 |             f
mean B0=83.9109 homogen=84725.8435
mean B0=77.0681 homogen=47925.3509
mean B0=80.2112 homogen=55411.8291
mean B0=69.8019 homogen=16507.9305
mean B0=75.3056 homogen=26503.2113
mean B0=72.9503 homogen=18355.1563
mean B0=73.0029 homogen=26467.2939
mean B0=81.4312 homogen=78611.3
mean B0=66.5209 homogen=126981.0334
mean B0=77.0598 homogen=73796.0529
mean B0=73.9313 homogen=27696.2285
mean B0=65.1717 homogen=119286.1129
mean B0=75.7483 homogen=28363.1419
mean B0=73.2394 homogen=60839.3739
mean B0=71.0359 homogen=15807.8602
mean B0=72.6994 homogen=15800.4708
mean B0=79.0006 homogen=68348.9566
mean B0=80.1201 homogen=56811.6302
mean B0=81.3629 homogen=82522.4774
mean B0=67.7067 homogen=37708.4222
mean B0=75.5663 homogen=28055.1534
mean B0=76.681 homogen=45308.169
mean B0=68.3014 homogen=28360.8364
mean B0=68.8818 homogen=17367.9287
mean B0=77.0971 homogen=50434.8055
mean B0=76.237 homogen=31046.9641
mean B0=74.431 homogen=29358.7438
mean B0=80.2456 homogen=59457.4041
mean B0=71.9018 homogen=16620.7711
mean B0=71.5761 homogen=35375.3788
mean B0=71.6143 homogen=12260.8146
mean B0=70.8258 homogen=15710.3839
mean B0=73.2081 homogen=23087.9878
mean B0=67.2795 homogen=21659.8431
mean B0=71.1839 homogen=13454.8849
mean B0=69.5621 homogen=11096.7609
mean B0=65.8219 homogen=34424.7574
mean B0=79.5238 homogen=59765.2421
mean B0=67.8804 homogen=8697.0398
mean B0=67.4183 homogen=37183.9189
    76 |     3040 |     40 |  0.000000E+00 |  0.000000E+00 |  0.0886347155 |         ideal
mean B0=59.1909 homogen=56431.3575
mean B0=73.2094 homogen=23216.2462
mean B0=70.7668 homogen=10435.6719
mean B0=74.764 homogen=24197.6353
mean B0=71.7144 homogen=31968.0257
mean B0=75.7733 homogen=28536.2911
mean B0=58.9942 homogen=269761.6894
mean B0=70.4809 homogen=48115.5401
mean B0=70.953 homogen=22008.4175
mean B0=74.0254 homogen=21539.8312
mean B0=69.9748 homogen=10702.791
mean B0=76.4001 homogen=40250.202
mean B0=72.7049 homogen=17625.0703
mean B0=81.4156 homogen=78464.2358
mean B0=69.317 homogen=20236.2556
mean B0=79.559 homogen=60484.6308
mean B0=64.6451 homogen=20462.6523
mean B0=79.225 homogen=60711.5525
mean B0=72.6272 homogen=21857.1272
mean B0=83.9725 homogen=84709.2543
mean B0=75.5005 homogen=95146.4146
mean B0=77.835 homogen=58078.5105
mean B0=71.9781 homogen=14151.9794
mean B0=76.6815 homogen=45307.6994
mean B0=76.612 homogen=86461.6202
mean B0=75.303 homogen=26488.5476
mean B0=71.3611 homogen=30565.1169
mean B0=61.9761 homogen=268423.2483
mean B0=52.3229 homogen=302583.1101
mean B0=67.0772 homogen=6398.4865
mean B0=73.9529 homogen=21976.8658
mean B0=79.7817 homogen=66579.4215
mean B0=71.5671 homogen=14269.78
mean B0=61.6011 homogen=204709.7486
mean B0=66.8046 homogen=26246.9779
mean B0=79.6214 homogen=53003.9848
mean B0=72.4987 homogen=20826.7294
mean B0=77.1868 homogen=42575.9526
mean B0=71.5941 homogen=14090.7468
mean B0=77.0433 homogen=50615.5234
    77 |     3080 |     40 |  0.000000E+00 |  0.000000E+00 |  0.0031168527 |         ideal
mean B0=75.6071 homogen=28054.9023
mean B0=71.3085 homogen=24046.044
mean B0=78.917 homogen=51093.7149
mean B0=81.5779 homogen=76619.3012
mean B0=65.0155 homogen=23747.0615
mean B0=67.8205 homogen=8498.325
mean B0=70.2439 homogen=53641.7152
mean B0=68.3908 homogen=12300.4877
mean B0=81.7606 homogen=81071.6204
mean B0=71.5948 homogen=14110.4947
mean B0=66.4554 homogen=7270.0047
mean B0=78.2405 homogen=64032.4898
mean B0=75.7442 homogen=28266.6813
mean B0=74.0254 homogen=21539.8312
mean B0=76.2308 homogen=70908.7578
mean B0=74.0796 homogen=23347.0697
mean B0=79.6213 homogen=53006.9774
mean B0=76.0169 homogen=29760.3347
mean B0=77.1019 homogen=72599.7387
mean B0=70.4346 homogen=10307.4365
mean B0=80.4364 homogen=59931.7302
mean B0=75.0975 homogen=34390.8068
mean B0=76.4001 homogen=40250.202
mean B0=74.3507 homogen=33018.5031
mean B0=69.0129 homogen=13231.2559
mean B0=71.3309 homogen=13428.0252
mean B0=72.4303 homogen=197752.4102
mean B0=76.0017 homogen=56572.2129
mean B0=76.3304 homogen=43237.123
mean B0=70.5233 homogen=10955.1572
mean B0=72.522 homogen=15139.9283
mean B0=67.8096 homogen=13928.0573
mean B0=75.3326 homogen=26769.6782
mean B0=76.6815 homogen=45307.6994
mean B0=73.6648 homogen=25044.2392
mean B0=47.6845 homogen=112759.7543
mean B0=83.9724 homogen=84709.7915
mean B0=67.553 homogen=21457.2639
mean B0=70.2961 homogen=49801.047
mean B0=45.3192 homogen=123516.1189
    78 |     3120 |     40 |  0.000000E+00 |  0.000000E+00 |  0.0025499922 |             f
mean B0=79.2187 homogen=51735.3392
mean B0=74.6618 homogen=23633.3896
mean B0=76.2333 homogen=31239.9633
mean B0=64.4991 homogen=25585.3441
mean B0=76.0634 homogen=30079.4399
mean B0=58.2379 homogen=219390.593
mean B0=69.8402 homogen=9623.0229
mean B0=70.8062 homogen=12675.0891
mean B0=82.2683 homogen=86327.6269
mean B0=80.2456 homogen=59457.4041
mean B0=73.1784 homogen=35609.7659
mean B0=71.3297 homogen=13404.3229
mean B0=80.7986 homogen=81227.4693
mean B0=67.8788 homogen=8362.6412
mean B0=70.7837 homogen=12879.7726
mean B0=74.1922 homogen=23905.8747
mean B0=72.9901 homogen=19970.9882
mean B0=67.522 homogen=37303.4774
mean B0=76.2067 homogen=59970.9167
mean B0=80.1201 homogen=56813.9805
mean B0=77.4987 homogen=52385.3325
mean B0=76.5227 homogen=40345.7872
mean B0=68.9343 homogen=28176.4291
mean B0=74.5514 homogen=32503.615
mean B0=72.9401 homogen=18355.3572
mean B0=80.5313 homogen=60861.7415
mean B0=75.2893 homogen=26738.1029
mean B0=72.0931 homogen=17416.2224
mean B0=83.4455 homogen=79195.4908
mean B0=70.1583 homogen=10105.4691
mean B0=79.0864 homogen=69100.6473
mean B0=71.9031 homogen=16653.0556
mean B0=68.8188 homogen=10811.9073
mean B0=67.0234 homogen=6281.6992
mean B0=81.4662 homogen=63464.5123
mean B0=77.0681 homogen=47925.3509
mean B0=69.7804 homogen=11166.9384
mean B0=68.9876 homogen=14185.0447
mean B0=61.1883 homogen=195009.5186
mean B0=68.9344 homogen=9687.9665
    79 |     3160 |     40 |  0.000000E+00 |  0.000000E+00 |  0.1650874669 |         nadir
mean B0=70.3943 homogen=11890.3605
mean B0=79.131 homogen=52738.7928
mean B0=72.2528 homogen=15228.1299
mean B0=67.3407 homogen=8105.816
mean B0=66.797 homogen=6674.9283
mean B0=78.8805 homogen=60642.5043
mean B0=81.7413 homogen=79857.9551
mean B0=70.7961 homogen=12635.8024
mean B0=75.9319 homogen=29864.4564
mean B0=74.0222 homogen=21524.1943
mean B0=74.765 homogen=46609.7867
mean B0=72.1789 homogen=17150.4698
mean B0=68.7529 homogen=9131.5896
mean B0=76.3091 homogen=64586.002
mean B0=71.2191 homogen=12954.939
mean B0=62.243 homogen=227532.2402
mean B0=76.3143 homogen=31422.0923
mean B0=80.9627 homogen=54808.6814
mean B0=70.9703 homogen=15159.89
mean B0=80.2457 homogen=59442.2963
mean B0=75.2948 homogen=26257.3204
mean B0=83.2223 homogen=76655.1235
mean B0=75.181 homogen=40599.9939
mean B0=75.588 homogen=28017.9715
mean B0=67.9957 homogen=124682.9064
mean B0=79.2217 homogen=55101.8402
mean B0=72.6044 homogen=48650.8591
mean B0=72.1025 homogen=17384.334
mean B0=77.2201 homogen=46783.3591
mean B0=77.0717 homogen=47932.4073
mean B0=75.8842 homogen=25225.0837
mean B0=73.0987 homogen=19867.7722
mean B0=55.2934 homogen=65767.1192
mean B0=68.0334 homogen=30269.1673
mean B0=72.0127 homogen=17178.3843
mean B0=61.5463 homogen=238541.5984
mean B0=80.3558 homogen=59282.4565
mean B0=48.1385 homogen=144024.1806
mean B0=71.8484 homogen=19433.3028
mean B0=73.4253 homogen=19279.2873
    80 |     3200 |     40 |  0.000000E+00 |  0.000000E+00 |  0.0028120229 |             f
mean B0=74.692 homogen=29296.2083
mean B0=78.917 homogen=51091.3129
mean B0=75.6221 homogen=28139.6748
mean B0=77.2236 homogen=41516.7583
mean B0=76.3646 homogen=23998.5174
mean B0=74.7211 homogen=23921.3499
mean B0=81.5045 homogen=64432.4075
mean B0=42.7326 homogen=114068.172
mean B0=79.6214 homogen=53003.9848
mean B0=83.4455 homogen=79195.4908
mean B0=70.8187 homogen=12228.8588
mean B0=83.8974 homogen=83855.8011
mean B0=77.2203 homogen=46781.4964
mean B0=71.8049 homogen=16890.1482
mean B0=70.5352 homogen=13212.6358
mean B0=81.0759 homogen=61403.1067
mean B0=76.2368 homogen=31044.5159
mean B0=68.0095 homogen=8665.9887
mean B0=83.5111 homogen=79194.2425
mean B0=80.1374 homogen=57060.9531
mean B0=72.1212 homogen=25875.5835
mean B0=76.5227 homogen=40346.0278
mean B0=76.0017 homogen=29679.5662
mean B0=72.7321 homogen=18075.9522
mean B0=71.6571 homogen=15157.6925
mean B0=69.4597 homogen=30960.2251
mean B0=47.3614 homogen=142759.027
mean B0=79.6956 homogen=73901.121
mean B0=67.0234 homogen=6281.6992
mean B0=73.7127 homogen=20777.1558
mean B0=71.5922 homogen=14096.7797
mean B0=69.9008 homogen=9786.7851
mean B0=61.1143 homogen=199355.5644
mean B0=69.1458 homogen=16304.0649
mean B0=71.2275 homogen=17154.1672
mean B0=68.0922 homogen=11732.0497
mean B0=81.5784 homogen=76617.173
mean B0=66.9484 homogen=6158.9802
mean B0=76.0036 homogen=29568.0909
mean B0=81.1862 homogen=53436.0291
    81 |     3240 |     40 |  0.000000E+00 |  0.000000E+00 |  0.0044082371 |         nadir
mean B0=65.4286 homogen=33081.9333
mean B0=63.726 homogen=192315.8888
mean B0=73.4586 homogen=19046.2489
mean B0=76.4664 homogen=91008.796
mean B0=75.4822 homogen=29011.4795
mean B0=75.6221 homogen=28139.6748
mean B0=70.0826 homogen=14722.9593
mean B0=76.6817 homogen=42556.3529
mean B0=70.6124 homogen=12222.1378
mean B0=81.4939 homogen=81552.9678
mean B0=83.7123 homogen=81088.5926
mean B0=74.3319 homogen=26212.1731
mean B0=83.1865 homogen=77042.4932
mean B0=73.4985 homogen=19138.5411
mean B0=66.8995 homogen=6075.68
mean B0=76.2029 homogen=31164.8139
mean B0=33.6487 homogen=196639.6511
mean B0=74.2071 homogen=18715.2508
mean B0=80.0872 homogen=58733.4514
mean B0=76.571 homogen=33147.4507
mean B0=82.6309 homogen=78528.4938
mean B0=77.2236 homogen=41516.7583
mean B0=83.9301 homogen=85542.1395
mean B0=66.484 homogen=84815.3233
mean B0=54.9641 homogen=233155.8486
mean B0=74.0254 homogen=21539.8312
mean B0=71.8491 homogen=59628.598
mean B0=79.8371 homogen=54645.1809
mean B0=80.9431 homogen=60084.6398
mean B0=82.0098 homogen=59606.6667
mean B0=68.6484 homogen=9009.0352
mean B0=68.8618 homogen=14827.6189
mean B0=69.8774 homogen=9743.7814
mean B0=71.6566 homogen=16260.3219
mean B0=45.7939 homogen=116782.2117
mean B0=74.77 homogen=23851.7098
mean B0=69.2564 homogen=9322.0336
mean B0=74.2089 homogen=27524.6327
mean B0=72.8793 homogen=18241.6834
mean B0=68.2138 homogen=19550.333
    82 |     3280 |     40 |  0.000000E+00 |  0.000000E+00 |  0.0028631243 |         nadir
mean B0=69.0302 homogen=15445.7938
mean B0=68.6829 homogen=9653.5553
mean B0=74.8543 homogen=24030.5052
mean B0=79.9196 homogen=55058.124
mean B0=66.7806 homogen=22907.1394
mean B0=67.7717 homogen=34244.5765
mean B0=83.6685 homogen=85717.7941
mean B0=81.0549 homogen=65947.7245
mean B0=78.2169 homogen=67894.8261
mean B0=83.1475 homogen=69940.3089
mean B0=77.6569 homogen=33407.8805
mean B0=80.3558 homogen=59282.4565
mean B0=69.4539 homogen=55877.1064
mean B0=70.622 homogen=40307.1576
mean B0=75.3032 homogen=26499.6637
mean B0=82.4891 homogen=78570.8449
mean B0=73.8581 homogen=19869.745
mean B0=84.6187 homogen=97241.6881
mean B0=65.5557 homogen=113141.1947
mean B0=72.2544 homogen=19953.1406
mean B0=70.7692 homogen=19627.9946
mean B0=73.2099 homogen=23286.1743
mean B0=81.4813 homogen=76739.6687
mean B0=69.8425 homogen=9807.7792
mean B0=72.1984 homogen=20799.0842
mean B0=83.5169 homogen=79254.7262
mean B0=55.985 homogen=191192.6549
mean B0=76.2049 homogen=30441.3851
mean B0=61.6582 homogen=90023.0798
mean B0=79.4943 homogen=59953.5389
mean B0=69.8415 homogen=11907.4607
mean B0=77.2236 homogen=41516.7583
mean B0=75.8373 homogen=67364.1399
mean B0=71.6571 homogen=15157.6901
mean B0=80.6502 homogen=60929.5954
mean B0=73.9624 homogen=31861.9173
mean B0=76.0654 homogen=29309.9916
mean B0=72.969 homogen=18562.0457
mean B0=70.212 homogen=184235.4064
mean B0=71.0321 homogen=10798.0672
    83 |     3320 |     40 |  0.000000E+00 |  0.000000E+00 |  0.0364700398 |         ideal
mean B0=73.2134 homogen=27208.0707
mean B0=71.6365 homogen=16107.5025
mean B0=78.754 homogen=69526.7952
mean B0=73.1018 homogen=22697.1505
mean B0=70.2944 homogen=13260.0455
mean B0=72.5475 homogen=23045.2346
mean B0=70.8907 homogen=26255.3783
mean B0=83.9725 homogen=84708.6291
mean B0=75.5366 homogen=27217.0672
mean B0=75.3032 homogen=26497.31
mean B0=74.5845 homogen=22559.2285
mean B0=63.2211 homogen=27487.5161
mean B0=70.0204 homogen=53367.5788
mean B0=66.8336 homogen=5973.0508
mean B0=72.1115 homogen=16992.9928
mean B0=78.6862 homogen=47090.3449
mean B0=79.9413 homogen=46645.8026
mean B0=71.6449 homogen=16282.911
mean B0=81.0203 homogen=59913.8337
mean B0=74.4789 homogen=35624.0158
mean B0=79.5499 homogen=82663.9597
mean B0=73.7088 homogen=26798.4336
mean B0=84.8095 homogen=75610.9757
mean B0=67.198 homogen=32304.3546
mean B0=68.6926 homogen=13823.7447
mean B0=63.8493 homogen=272108.4714
mean B0=73.4986 homogen=19137.0281
mean B0=81.0544 homogen=65944.1867
mean B0=76.9094 homogen=26557.2582
mean B0=85.5971 homogen=86067.2215
mean B0=84.1676 homogen=86212.8348
mean B0=73.7786 homogen=37192.6706
mean B0=79.8278 homogen=69617.5454
mean B0=73.1068 homogen=18949.09
mean B0=71.2848 homogen=13106.5345
mean B0=82.0638 homogen=80719.8177
mean B0=66.9599 homogen=9569.2805
mean B0=70.999 homogen=13888.5846
mean B0=74.243 homogen=23958.0786
mean B0=75.5056 homogen=58964.0781
    84 |     3360 |     40 |  0.000000E+00 |  0.000000E+00 |  0.0037031999 |         nadir
mean B0=79.5906 homogen=68388.912
mean B0=71.4959 homogen=19500.8826
mean B0=73.8927 homogen=20512.6298
mean B0=70.9159 homogen=25190.0783
mean B0=78.8035 homogen=69171.6827
mean B0=79.8407 homogen=54650.4817
mean B0=74.8585 homogen=24056.4395
mean B0=70.5931 homogen=11052.969
mean B0=46.183 homogen=115860.2284
mean B0=74.5842 homogen=22559.3148
mean B0=81.2986 homogen=77005.7835
mean B0=79.3282 homogen=74866.8722
mean B0=79.2187 homogen=51735.3392
mean B0=74.2977 homogen=30181.1803
mean B0=80.6504 homogen=60927.4049
mean B0=83.5111 homogen=79190.6293
mean B0=74.6312 homogen=29765.4687
mean B0=84.2002 homogen=85975.4153
mean B0=73.9191 homogen=20403.4999
mean B0=67.462 homogen=10705.7768
mean B0=71.5387 homogen=59543.9495
mean B0=84.0901 homogen=84994.3592
mean B0=74.0809 homogen=27066.3392
mean B0=71.5638 homogen=28292.286
mean B0=66.8009 homogen=38675.5924
mean B0=75.3005 homogen=26493.3923
mean B0=83.8932 homogen=83818.2347
mean B0=76.4627 homogen=40044.9674
mean B0=71.5387 homogen=12370.1609
mean B0=83.2227 homogen=76655.7222
mean B0=79.1966 homogen=51757.6993
mean B0=68.0636 homogen=15659.377
mean B0=69.4442 homogen=31706.1464
mean B0=80.2943 homogen=88144.603
mean B0=72.1789 homogen=17150.4698
mean B0=74.0591 homogen=21395.8313
mean B0=71.6049 homogen=17917.8756
mean B0=81.0217 homogen=66168.6502
mean B0=68.0095 homogen=8665.9887
mean B0=68.0955 homogen=10796.1042
    85 |     3400 |     40 |  0.000000E+00 |  0.000000E+00 |  0.0004942086 |             f
mean B0=77.4411 homogen=66755.8105
mean B0=51.0427 homogen=100576.2763
mean B0=69.6922 homogen=32751.8814
mean B0=72.0259 homogen=33420.9783
mean B0=78.6862 homogen=47090.3449
mean B0=80.6551 homogen=80739.9394
mean B0=75.303 homogen=26488.5476
mean B0=57.0321 homogen=196165.0445
mean B0=66.3008 homogen=32561.295
mean B0=51.2363 homogen=111862.5691
mean B0=78.1386 homogen=37197.2465
mean B0=67.3508 homogen=10481.0108
mean B0=73.0692 homogen=17170.2295
mean B0=82.6209 homogen=78908.9743
mean B0=84.2002 homogen=85975.4153
mean B0=76.3827 homogen=31406.0003
mean B0=84.6178 homogen=97241.8838
mean B0=77.5431 homogen=44000.6392
mean B0=77.9575 homogen=43987.1929
mean B0=69.6429 homogen=24744.4044
mean B0=70.3027 homogen=41337.8438
mean B0=73.3944 homogen=41413.7462
mean B0=69.3304 homogen=12784.2281
mean B0=68.1443 homogen=12659.7489
mean B0=83.7123 homogen=81088.5926
mean B0=72.4778 homogen=25396.7933
mean B0=74.8585 homogen=24056.4395
mean B0=79.4528 homogen=63463.2642
mean B0=80.8723 homogen=70403.5194
mean B0=66.6695 homogen=6117.9124
mean B0=81.7793 homogen=80146.87
mean B0=71.1036 homogen=19876.8276
mean B0=69.113 homogen=15355.5806
mean B0=79.609 homogen=58199.5714
mean B0=73.4986 homogen=19137.0281
mean B0=71.8322 homogen=16575.9842
mean B0=73.8924 homogen=20507.3464
mean B0=76.7477 homogen=33062.97
mean B0=80.3186 homogen=62331.8448
mean B0=74.5845 homogen=22559.2285
    86 |     3440 |     40 |  0.000000E+00 |  0.000000E+00 |  0.0023295396 |             f
mean B0=72.7435 homogen=24785.4297
mean B0=76.7642 homogen=33158.5349
mean B0=73.7041 homogen=22251.4293
mean B0=82.6439 homogen=79227.9782
mean B0=50.5446 homogen=79262.987
mean B0=73.5014 homogen=19149.4325
mean B0=74.8585 homogen=24055.8843
mean B0=74.5443 homogen=22470.7778
mean B0=80.694 homogen=90805.6221
mean B0=81.0188 homogen=65803.119
mean B0=83.4129 homogen=67924.6766
mean B0=76.6773 homogen=41928.5398
mean B0=83.7123 homogen=81088.5926
mean B0=72.2701 homogen=13469.459
mean B0=76.6517 homogen=68819.3109
mean B0=67.3202 homogen=8354.2685
mean B0=76.6309 homogen=52858.5756
mean B0=76.0276 homogen=86621.1449
mean B0=72.7321 homogen=18075.9522
mean B0=84.6597 homogen=96443.9572
mean B0=78.4335 homogen=63455.0363
mean B0=60.8707 homogen=197253.4959
mean B0=78.1585 homogen=67771.5812
mean B0=75.3955 homogen=39862.616
mean B0=81.5163 homogen=76130.6726
mean B0=76.062 homogen=29295.4166
mean B0=84.2002 homogen=85975.2198
mean B0=81.1029 homogen=65951.3793
mean B0=71.628 homogen=27708.6353
mean B0=83.7532 homogen=81555.7711
mean B0=80.6683 homogen=58757.9514
mean B0=68.8313 homogen=11171.9854
mean B0=70.5233 homogen=10955.1572
mean B0=69.2661 homogen=10606.2911
mean B0=73.2626 homogen=54908.9098
mean B0=68.8628 homogen=9204.6684
mean B0=72.3134 homogen=27179.2901
mean B0=69.9406 homogen=60134.8385
mean B0=83.2223 homogen=76655.1235
mean B0=74.0268 homogen=21681.7775
    87 |     3480 |     40 |  0.000000E+00 |  0.000000E+00 |  0.0088175401 |         nadir
mean B0=69.1227 homogen=11806.7022
mean B0=70.7762 homogen=19211.7494
mean B0=68.0199 homogen=20940.6643
mean B0=81.5842 homogen=75487.2032
mean B0=63.3553 homogen=131681.5739
mean B0=80.6683 homogen=58758.3812
mean B0=80.5013 homogen=72442.376
mean B0=81.5784 homogen=76617.173
mean B0=69.1854 homogen=12262.019
mean B0=79.6068 homogen=52934.1512
mean B0=80.9734 homogen=95256.3358
mean B0=84.2002 homogen=85975.2198
mean B0=76.1216 homogen=29446.2585
mean B0=80.1304 homogen=64426.8405
mean B0=78.1488 homogen=61022.3723
mean B0=72.9054 homogen=18581.3127
mean B0=52.7739 homogen=325242.1181
mean B0=83.7659 homogen=81438.9138
mean B0=68.0972 homogen=11216.3278
mean B0=84.2007 homogen=85976.9419
mean B0=75.4612 homogen=31110.742
mean B0=69.3409 homogen=13206.336
mean B0=68.7446 homogen=21552.3877
mean B0=71.2323 homogen=13329.3797
mean B0=75.1369 homogen=22692.985
mean B0=78.6866 homogen=47097.6324
mean B0=73.5795 homogen=19659.4812
mean B0=76.3827 homogen=31406.0003
mean B0=71.0397 homogen=12889.0034
mean B0=79.1452 homogen=52792.4724
mean B0=74.1634 homogen=26661.663
mean B0=81.0188 homogen=65803.119
mean B0=79.7721 homogen=54474.8548
mean B0=71.2468 homogen=50228.5713
mean B0=72.6191 homogen=27992.9735
mean B0=73.327 homogen=19074.6368
mean B0=83.2223 homogen=76655.1235
mean B0=75.5264 homogen=27257.3128
mean B0=76.373 homogen=30902.3437
mean B0=83.5105 homogen=79193.4377
    88 |     3520 |     40 |  0.000000E+00 |  0.000000E+00 |  0.0016542579 |             f
mean B0=75.5365 homogen=27217.8987
mean B0=81.5451 homogen=75866.6469
mean B0=74.5109 homogen=20042.1568
mean B0=80.256 homogen=72500.662
mean B0=84.947 homogen=80211.6307
mean B0=78.5672 homogen=53558.5914
mean B0=68.1222 homogen=12091.2953
mean B0=75.7147 homogen=61378.758
mean B0=75.2508 homogen=58116.7063
mean B0=70.819 homogen=12233.008
mean B0=71.5821 homogen=15123.5773
mean B0=80.9021 homogen=60623.6236
mean B0=76.3474 homogen=26239.384
mean B0=72.9054 homogen=18581.3127
mean B0=80.5176 homogen=85091.6966
mean B0=68.817 homogen=9331.5203
mean B0=74.7536 homogen=25299.4633
mean B0=81.0188 homogen=65803.119
mean B0=50.8674 homogen=97288.5373
mean B0=79.2631 homogen=51641.3126
mean B0=83.2224 homogen=76661.139
mean B0=76.7974 homogen=32974.5153
mean B0=66.3617 homogen=7528.8299
mean B0=82.541 homogen=64534.5368
mean B0=81.1029 homogen=65951.3793
mean B0=81.7189 homogen=58155.9544
mean B0=69.952 homogen=26561.9065
mean B0=72.9548 homogen=54701.9572
mean B0=72.8274 homogen=52870.8167
mean B0=71.9015 homogen=16624.7122
mean B0=73.4018 homogen=19057.9045
mean B0=77.9122 homogen=36094.0683
mean B0=73.905 homogen=36881.3635
mean B0=76.062 homogen=29295.4166
mean B0=70.579 homogen=14861.5769
mean B0=68.6937 homogen=9440.0811
mean B0=70.5789 homogen=27519.8883
mean B0=76.373 homogen=30902.3437
mean B0=51.9011 homogen=73773.4879
mean B0=83.8005 homogen=81074.4866
    89 |     3560 |     40 |  0.000000E+00 |  0.000000E+00 |  0.0026767085 |             f
mean B0=79.5683 homogen=82650.2298
mean B0=74.8981 homogen=24060.6957
mean B0=49.5035 homogen=92704.7187
mean B0=78.2068 homogen=34758.5476
mean B0=84.1188 homogen=85972.6283
mean B0=52.7027 homogen=86711.2507
mean B0=69.5709 homogen=8902.974
mean B0=83.8005 homogen=81074.4866
mean B0=69.8402 homogen=9623.0229
mean B0=64.4638 homogen=96405.3587
mean B0=76.6169 homogen=29296.6287
mean B0=76.9763 homogen=24587.2698
mean B0=81.0188 homogen=65803.119
mean B0=77.9733 homogen=35706.7807
mean B0=78.9166 homogen=51083.851
mean B0=73.1214 homogen=20077.8377
mean B0=85.3874 homogen=97181.5237
mean B0=48.973 homogen=125291.971
mean B0=79.8407 homogen=54650.4817
mean B0=73.4018 homogen=19057.9045
mean B0=66.0104 homogen=121681.8347
mean B0=79.8244 homogen=81808.7138
mean B0=79.8305 homogen=68479.2998
mean B0=79.3702 homogen=56048.9108
mean B0=74.1279 homogen=21584.1541
mean B0=79.2617 homogen=51642.7672
mean B0=77.1543 homogen=34760.2886
mean B0=64.7496 homogen=118032.4246
mean B0=80.9021 homogen=60623.6236
mean B0=73.7191 homogen=40257.6822
mean B0=78.7979 homogen=51085.1139
mean B0=71.6472 homogen=15220.5571
mean B0=80.6683 homogen=58757.9763
mean B0=78.5949 homogen=65207.2044
mean B0=75.537 homogen=27226.5275
mean B0=70.8913 homogen=14250.1184
mean B0=82.8104 homogen=91104.355
mean B0=69.5572 homogen=8930.7869
mean B0=66.9484 homogen=6158.9802
mean B0=69.0656 homogen=10632.3797
    90 |     3600 |     40 |  0.000000E+00 |  0.000000E+00 |  0.0015510950 |             f
mean B0=73.0942 homogen=20159.3885
mean B0=52.7027 homogen=86711.6849
mean B0=74.5277 homogen=28436.4226
mean B0=73.1684 homogen=37212.7711
mean B0=73.159 homogen=21344.5375
mean B0=76.8436 homogen=33208.5861
mean B0=84.8146 homogen=97626.3307
mean B0=70.4562 homogen=10880.262
mean B0=83.2229 homogen=76655.368
mean B0=71.7649 homogen=18683.0842
mean B0=84.049 homogen=85213.4955
mean B0=76.4503 homogen=31276.3291
mean B0=80.3466 homogen=63656.5315
mean B0=80.8907 homogen=64301.0003
mean B0=84.1418 homogen=80156.6414
mean B0=72.4662 homogen=21126.1592
mean B0=76.5071 homogen=42700.6205
mean B0=77.3166 homogen=60092.3065
mean B0=80.3348 homogen=54532.1113
mean B0=79.2864 homogen=51726.6712
mean B0=74.1366 homogen=29998.0146
mean B0=78.1386 homogen=37196.2307
mean B0=73.7526 homogen=20587.554
mean B0=83.2745 homogen=77118.2056
mean B0=73.0117 homogen=21942.4934
mean B0=79.7947 homogen=54325.075
mean B0=84.0421 homogen=84820.0912
mean B0=74.9602 homogen=24120.9875
mean B0=74.0589 homogen=21391.6832
mean B0=78.3423 homogen=50391.2514
mean B0=83.2908 homogen=77367.1468
mean B0=83.4012 homogen=77126.3354
mean B0=64.7354 homogen=94719.5507
mean B0=66.9372 homogen=6240.1384
mean B0=69.6591 homogen=35418.7075
mean B0=76.1651 homogen=29684.04
mean B0=84.0951 homogen=75474.9475
mean B0=67.2245 homogen=107160.0632
mean B0=65.5431 homogen=33976.3452
mean B0=79.5844 homogen=52851.8637
    91 |     3640 |     40 |  0.000000E+00 |  0.000000E+00 |  0.0086155240 |         ideal
mean B0=70.5557 homogen=11326.7051
mean B0=69.6053 homogen=31009.7047
mean B0=73.8798 homogen=19026.0217
mean B0=78.6865 homogen=47104.1638
mean B0=75.5367 homogen=27222.5369
mean B0=82.1283 homogen=80652.5923
mean B0=68.3977 homogen=9361.0033
mean B0=75.0488 homogen=24152.7044
mean B0=80.3358 homogen=54539.2712
mean B0=77.18 homogen=30249.1874
mean B0=71.5465 homogen=13655.5602
mean B0=84.2358 homogen=86369.1241
mean B0=81.618 homogen=77657.4619
mean B0=84.4281 homogen=83417.6142
mean B0=80.9455 homogen=65034.3287
mean B0=80.9842 homogen=88967.1612
mean B0=81.6253 homogen=73911.9278
mean B0=71.9018 homogen=16629.1418
mean B0=83.6519 homogen=80976.3381
mean B0=67.5992 homogen=11282.0154
mean B0=80.9972 homogen=63355.4378
mean B0=73.9065 homogen=20998.0761
mean B0=77.2877 homogen=47103.1633
mean B0=78.6866 homogen=47102.0535
mean B0=53.3681 homogen=132259.9965
mean B0=77.8666 homogen=35069.3149
mean B0=75.2912 homogen=30650.8533
mean B0=77.0683 homogen=35145.1134
mean B0=80.6672 homogen=58750.8349
mean B0=81.5016 homogen=92684.0507
mean B0=73.1234 homogen=22206.2947
mean B0=78.3106 homogen=21341.4223
mean B0=76.9637 homogen=31272.8272
mean B0=75.3593 homogen=25666.4744
mean B0=71.3456 homogen=13610.0477
mean B0=78.1521 homogen=32446.9248
mean B0=71.3103 homogen=12611.4488
mean B0=66.9377 homogen=6240.5581
mean B0=74.4258 homogen=35947.4825
mean B0=69.2797 homogen=13045.3279
    92 |     3680 |     40 |  0.000000E+00 |  0.000000E+00 |  0.0035082062 |             f
mean B0=77.4847 homogen=34047.9136
mean B0=77.8664 homogen=35064.9102
mean B0=73.7407 homogen=23818.1735
mean B0=72.3897 homogen=31559.516
mean B0=75.3798 homogen=26104.6657
mean B0=71.295 homogen=13118.6477
mean B0=72.7482 homogen=18180.044
mean B0=74.4949 homogen=25481.6178
mean B0=69.5554 homogen=16125.4875
mean B0=75.0488 homogen=24152.9738
mean B0=85.725 homogen=88414.9932
mean B0=66.8356 homogen=22634.5551
mean B0=74.8585 homogen=24055.8843
mean B0=73.5529 homogen=22978.8825
mean B0=75.6502 homogen=28016.1395
mean B0=51.6049 homogen=81202.6417
mean B0=81.1029 homogen=65951.3793
mean B0=78.7395 homogen=50347.5945
mean B0=73.8792 homogen=24821.4121
mean B0=84.4238 homogen=83414.604
mean B0=70.7224 homogen=144992.47
mean B0=77.154 homogen=34756.2411
mean B0=78.0826 homogen=78497.8697
mean B0=68.0218 homogen=23073.9146
mean B0=78.6641 homogen=46469.6808
mean B0=75.2927 homogen=25034.9051
mean B0=67.6971 homogen=262264.5767
mean B0=79.9516 homogen=53556.134
mean B0=71.4737 homogen=15990.8241
mean B0=79.7946 homogen=54326.8423
mean B0=82.4644 homogen=87394.4909
mean B0=72.2725 homogen=28700.0231
mean B0=70.4562 homogen=10880.262
mean B0=72.2649 homogen=192189.0276
mean B0=78.3378 homogen=74891.7645
mean B0=74.4443 homogen=38318.0367
mean B0=80.3358 homogen=54539.2712
mean B0=83.1717 homogen=76174.8589
mean B0=75.7029 homogen=74539.164
mean B0=76.9671 homogen=31273.2152
    93 |     3720 |     40 |  0.000000E+00 |  0.000000E+00 |  0.0020705549 |             f
mean B0=72.245 homogen=27652.5458
mean B0=81.1029 homogen=65951.9418
mean B0=68.9064 homogen=49546.8181
mean B0=72.844 homogen=32091.9156
mean B0=80.3972 homogen=58927.4813
mean B0=80.7347 homogen=60274.2596
mean B0=83.3576 homogen=72751.3886
mean B0=77.6215 homogen=71607.9035
mean B0=71.2735 homogen=33859.2994
mean B0=80.97 homogen=60274.1558
mean B0=69.2692 homogen=33843.9138
mean B0=76.0613 homogen=29275.9148
mean B0=83.9921 homogen=78666.3843
mean B0=70.5557 homogen=11326.7051
mean B0=74.2752 homogen=20409.7103
mean B0=67.4139 homogen=10658.7991
mean B0=82.8267 homogen=91898.8594
mean B0=78.1386 homogen=37195.9596
mean B0=50.9695 homogen=87310.6713
mean B0=69.7372 homogen=23511.2062
mean B0=69.5421 homogen=31093.0709
mean B0=83.1717 homogen=76178.7714
mean B0=80.3025 homogen=118482.7976
mean B0=81.2212 homogen=60762.8302
mean B0=82.9902 homogen=74284.8113
mean B0=75.905 homogen=29359.4095
mean B0=77.755 homogen=35514.4202
mean B0=76.5146 homogen=29030.0647
mean B0=76.7349 homogen=83822.176
mean B0=71.2363 homogen=13325.7841
mean B0=62.6256 homogen=252899.041
mean B0=81.1037 homogen=65976.5618
mean B0=81.1254 homogen=62263.3654
mean B0=77.4847 homogen=34047.9136
mean B0=77.9729 homogen=48353.2814
mean B0=72.2502 homogen=19611.0775
mean B0=73.9388 homogen=20907.7918
mean B0=78.7395 homogen=50347.6025
mean B0=78.6285 homogen=57137.4016
mean B0=71.9018 homogen=16629.1418
    94 |     3760 |     40 |  0.000000E+00 |  0.000000E+00 |  0.0052704867 |             f
mean B0=71.3456 homogen=13610.0477
mean B0=67.4467 homogen=9152.9853
mean B0=75.9588 homogen=31549.3239
mean B0=77.832 homogen=27889.4278
mean B0=83.0291 homogen=74570.8937
mean B0=85.5146 homogen=101653.9336
mean B0=77.2756 homogen=35638.1847
mean B0=73.7287 homogen=36067.6531
mean B0=75.8004 homogen=28373.3588
mean B0=73.7004 homogen=24355.9737
mean B0=80.8441 homogen=54476.708
mean B0=74.8644 homogen=213797.5452
mean B0=78.3266 homogen=45226.7878
mean B0=83.554 homogen=68276.1008
mean B0=81.1235 homogen=64328.7113
mean B0=71.2394 homogen=15265.7949
mean B0=84.8128 homogen=97597.867
mean B0=73.2387 homogen=19506.5811
mean B0=56.8621 homogen=458584.3551
mean B0=82.7085 homogen=72463.5028
mean B0=76.5146 homogen=29030.0647
mean B0=84.2526 homogen=84927.3597
mean B0=71.4764 homogen=15947.2157
mean B0=56.7142 homogen=226746.8791
mean B0=75.1229 homogen=41202.5681
mean B0=71.2335 homogen=15278.8288
mean B0=71.4106 homogen=12829.3552
mean B0=70.014 homogen=82758.9721
mean B0=77.343 homogen=33801.5667
mean B0=74.0688 homogen=35959.4964
mean B0=77.207 homogen=35201.8688
mean B0=53.6507 homogen=359425.6215
mean B0=79.071 homogen=51675.3732
mean B0=61.7142 homogen=116010.411
mean B0=73.9842 homogen=33471.0317
mean B0=73.4 homogen=19238.3949
mean B0=73.5772 homogen=19638.594
mean B0=66.2385 homogen=7768.4888
mean B0=81.4889 homogen=65136.9594
mean B0=65.6587 homogen=132439.464
    95 |     3800 |     40 |  0.000000E+00 |  0.000000E+00 |  0.0374717356 |         ideal
mean B0=78.8693 homogen=55232.4505
mean B0=82.7988 homogen=72594.3691
mean B0=75.6426 homogen=27981.0545
mean B0=74.0317 homogen=21244.0874
mean B0=83.7812 homogen=75624.5361
mean B0=82.6758 homogen=88996.832
mean B0=70.5557 homogen=11326.7051
mean B0=81.0694 homogen=62565.1826
mean B0=71.0324 homogen=19767.7464
mean B0=67.5753 homogen=10287.1931
mean B0=72.6164 homogen=53783.7635
mean B0=83.8086 homogen=81213.2978
mean B0=76.4361 homogen=36833.3422
mean B0=82.3219 homogen=86059.1206
mean B0=75.7777 homogen=37412.927
mean B0=79.0707 homogen=51674.879
mean B0=75.7491 homogen=28180.9203
mean B0=74.7148 homogen=23756.003
mean B0=73.5146 homogen=20146.2032
mean B0=80.6158 homogen=52424.6005
mean B0=79.6485 homogen=45827.9498
mean B0=78.2545 homogen=37095.5265
mean B0=81.4971 homogen=65173.214
mean B0=71.4771 homogen=15209.9578
mean B0=73.573 homogen=49437.1981
mean B0=74.1235 homogen=32624.468
mean B0=82.7085 homogen=72463.5028
mean B0=70.5984 homogen=11176.0857
mean B0=70.1131 homogen=26482.4755
mean B0=66.7534 homogen=12818.4947
mean B0=75.4275 homogen=59034.5007
mean B0=64.036 homogen=218150.7361
mean B0=85.884 homogen=89615.5085
mean B0=78.65 homogen=35107.4136
mean B0=82.7294 homogen=74681.8735
mean B0=73.4002 homogen=19238.887
mean B0=84.0466 homogen=78696.1354
mean B0=56.1874 homogen=56877.5976
mean B0=69.36 homogen=14644.5463
mean B0=71.6838 homogen=17085.8379
    96 |     3840 |     40 |  0.000000E+00 |  0.000000E+00 |  0.0014288024 |             f
mean B0=72.588 homogen=15252.9466
mean B0=82.5528 homogen=72401.4902
mean B0=77.185 homogen=32363.998
mean B0=77.7094 homogen=32735.7477
mean B0=78.259 homogen=47224.3583
mean B0=74.1278 homogen=21581.0368
mean B0=68.9966 homogen=9448.4536
mean B0=84.4094 homogen=69873.0063
mean B0=72.106 homogen=46521.0034
mean B0=63.6042 homogen=235593.8693
mean B0=75.6402 homogen=27980.9983
mean B0=79.0716 homogen=51679.2921
mean B0=73.7972 homogen=21864.9012
mean B0=81.091 homogen=62616.8395
mean B0=72.363 homogen=41737.5363
mean B0=85.9178 homogen=89873.5792
mean B0=62.5094 homogen=21712.0749
mean B0=77.893 homogen=35238.1847
mean B0=74.2432 homogen=233548.8383
mean B0=78.3979 homogen=45004.5006
mean B0=69.9124 homogen=12230.4728
mean B0=69.6923 homogen=9561.6308
mean B0=77.0848 homogen=32234.9326
mean B0=69.7614 homogen=180742.0006
mean B0=69.6263 homogen=11601.026
mean B0=84.6594 homogen=96448.0604
mean B0=72.4008 homogen=15808.0693
mean B0=83.6983 homogen=75827.9149
mean B0=81.1393 homogen=65275.5258
mean B0=82.7092 homogen=72457.5015
mean B0=67.2528 homogen=6856.4935
mean B0=84.428 homogen=83425.3493
mean B0=75.5523 homogen=29922.564
mean B0=85.0745 homogen=83012.1782
mean B0=76.1374 homogen=83559.3269
mean B0=79.8831 homogen=64965.4042
mean B0=68.2334 homogen=33671.9807
mean B0=75.2176 homogen=26013.326
mean B0=83.976 homogen=64626.9632
mean B0=71.2325 homogen=13329.9067
    97 |     3880 |     40 |  0.000000E+00 |  0.000000E+00 |  0.0040124074 |             f
mean B0=82.5643 homogen=63983.9675
mean B0=77.0179 homogen=32007.9146
mean B0=75.3902 homogen=38711.5347
mean B0=74.2609 homogen=66750.0796
mean B0=54.4188 homogen=75132.7541
mean B0=84.8946 homogen=83966.832
mean B0=72.7566 homogen=18139.9652
mean B0=46.6131 homogen=117756.4062
mean B0=82.5528 homogen=72401.4902
mean B0=68.0476 homogen=16431.6621
mean B0=52.2957 homogen=92113.8962
mean B0=75.8664 homogen=28176.7163
mean B0=71.9699 homogen=12071.4173
mean B0=75.4485 homogen=31862.9594
mean B0=75.5837 homogen=26774.2574
mean B0=80.7458 homogen=53435.1654
mean B0=85.7234 homogen=88412.8742
mean B0=80.6101 homogen=79477.9535
mean B0=83.9891 homogen=78664.1469
mean B0=74.6199 homogen=42154.1926
mean B0=71.4995 homogen=31230.1506
mean B0=79.0787 homogen=53016.5057
mean B0=80.0027 homogen=69474.8238
mean B0=78.1532 homogen=36590.2047
mean B0=74.6574 homogen=22948.7165
mean B0=74.3398 homogen=23075.0615
mean B0=77.0599 homogen=32107.5506
mean B0=68.6511 homogen=9905.1627
mean B0=69.5709 homogen=8902.974
mean B0=78.2869 homogen=39870.0548
mean B0=82.6501 homogen=65949.1755
mean B0=84.813 homogen=97629.9316
mean B0=69.9137 homogen=12235.7698
mean B0=67.6952 homogen=13171.8401
mean B0=81.7265 homogen=75237.2295
mean B0=80.8369 homogen=59221.2914
mean B0=78.0063 homogen=56201.0623
mean B0=74.8211 homogen=27880.0355
mean B0=84.3676 homogen=70868.3674
mean B0=78.0166 homogen=36640.9661
    98 |     3920 |     40 |  0.000000E+00 |  0.000000E+00 |  0.0023463114 |             f
mean B0=68.5706 homogen=27527.6354
mean B0=79.5928 homogen=52825.9319
mean B0=81.0818 homogen=61137.6417
mean B0=70.5898 homogen=11050.9745
mean B0=82.1745 homogen=64349.5753
mean B0=74.1079 homogen=40298.5179
mean B0=76.9893 homogen=32358.6785
mean B0=74.727 homogen=23517.0332
mean B0=75.4224 homogen=29139.072
mean B0=77.5984 homogen=36752.6903
mean B0=82.688 homogen=85200.4877
mean B0=80.9695 homogen=64889.2343
mean B0=74.5057 homogen=26952.1252
mean B0=73.8881 homogen=24120.8237
mean B0=82.2208 homogen=68067.773
mean B0=72.4941 homogen=19590.9983
mean B0=82.4432 homogen=73652.2263
mean B0=81.5773 homogen=65704.2971
mean B0=79.7579 homogen=58646.5628
mean B0=53.4128 homogen=72227.2066
mean B0=83.6736 homogen=76022.2326
mean B0=74.2614 homogen=28460.7746
mean B0=76.9115 homogen=31484.5841
mean B0=77.6879 homogen=43534.2408
mean B0=72.3671 homogen=51872.7685
mean B0=77.035 homogen=71184.4988
mean B0=81.3018 homogen=65456.9447
mean B0=67.4524 homogen=8329.7022
mean B0=81.5322 homogen=63614.8291
mean B0=82.8302 homogen=88672.6181
mean B0=64.0987 homogen=22056.7871
mean B0=81.9373 homogen=65964.0246
mean B0=76.9772 homogen=34307.5812
mean B0=72.0684 homogen=26805.4354
mean B0=74.1159 homogen=28988.4707
mean B0=77.6431 homogen=36644.9145
mean B0=79.8783 homogen=56062.3535
mean B0=76.4435 homogen=28637.0599
mean B0=73.9687 homogen=25241.6219
mean B0=73.5987 homogen=19735.1164
    99 |     3960 |     40 |  0.000000E+00 |  0.000000E+00 |  0.0049457572 |             f
mean B0=78.945 homogen=40513.9826
mean B0=70.6761 homogen=12478.7566
mean B0=80.3053 homogen=56656.7141
mean B0=71.1731 homogen=151679.3085
mean B0=75.2829 homogen=26633.4175
mean B0=76.0787 homogen=27010.883
mean B0=82.2113 homogen=68145.6216
mean B0=67.4582 homogen=8305.2699
mean B0=81.5321 homogen=63615.3883
mean B0=76.9374 homogen=31384.6302
mean B0=77.5611 homogen=36434.7827
mean B0=79.5629 homogen=53195.1785
mean B0=77.2439 homogen=37446.2555
mean B0=57.0407 homogen=202110.8738
mean B0=73.5825 homogen=19680.7471
mean B0=70.101 homogen=12360.7502
mean B0=83.8873 homogen=68877.761
mean B0=69.5422 homogen=8833.6481
mean B0=78.8076 homogen=50506.7867
mean B0=80.527 homogen=50727.6515
mean B0=75.5093 homogen=60867.0843
mean B0=56.8389 homogen=61659.8138
mean B0=81.3197 homogen=67646.2679
mean B0=79.1965 homogen=70758.8683
mean B0=72.7615 homogen=18380.55
mean B0=79.4921 homogen=53029.5804
mean B0=76.5217 homogen=29002.2798
mean B0=74.12 homogen=21614.6555
mean B0=57.9482 homogen=193109.4443
mean B0=54.4785 homogen=325890.2688
mean B0=67.7113 homogen=10174.3413
mean B0=76.143 homogen=27828.7815
mean B0=80.9424 homogen=55277.4387
mean B0=82.1035 homogen=75056.6969
mean B0=71.474 homogen=15181.0711
mean B0=84.4622 homogen=76178.9796
mean B0=78.2878 homogen=39867.7991
mean B0=75.8649 homogen=26450.0318
mean B0=80.8864 homogen=59705.4828
mean B0=78.7506 homogen=47793.8252
   100 |     4000 |     40 |  0.000000E+00 |  0.000000E+00 |  0.0024580163 |             f
mean B0=73.3715 homogen=35566.2799
mean B0=81.1109 homogen=64956.0929
mean B0=75.517 homogen=42413.1483
mean B0=84.105 homogen=78311.6106
mean B0=73.7672 homogen=55569.1982
mean B0=83.293 homogen=76217.8971
mean B0=49.188 homogen=351517.3836
mean B0=77.2972 homogen=74379.4162
mean B0=71.9018 homogen=16629.1908
mean B0=74.6902 homogen=23126.9623
mean B0=77.8992 homogen=36125.9448
mean B0=73.6024 homogen=19720.0857
mean B0=83.7004 homogen=75812.3102
mean B0=77.0996 homogen=33633.314
mean B0=74.4478 homogen=24092.834
mean B0=78.9299 homogen=40456.0813
mean B0=74.4862 homogen=22035.6062
mean B0=73.5576 homogen=19532.7917
mean B0=81.8666 homogen=69530.6442
mean B0=65.827 homogen=19270.1468
mean B0=73.1054 homogen=30934.7976
mean B0=68.2785 homogen=9370.4626
mean B0=78.5196 homogen=64684.36
mean B0=74.2957 homogen=40448.6839
mean B0=75.2002 homogen=26084.0224
mean B0=78.2035 homogen=42257.6784
mean B0=70.0761 homogen=14685.1096
mean B0=77.5292 homogen=34567.4365
mean B0=76.5217 homogen=29002.2798
mean B0=84.1089 homogen=79823.4249
mean B0=75.02 homogen=29902.5642
mean B0=75.6962 homogen=20322.5657
mean B0=84.426 homogen=83436.6402
mean B0=76.2966 homogen=62862.6292
mean B0=68.9518 homogen=11344.5025
mean B0=80.8579 homogen=54533.8162
mean B0=83.6092 homogen=96420.7353
mean B0=74.1509 homogen=21750.1911
mean B0=77.7476 homogen=39854.4745
mean B0=80.0196 homogen=58932.7386
   101 |     4040 |     40 |  0.000000E+00 |  0.000000E+00 |  0.0036037582 |             f
mean B0=74.7239 homogen=32497.407
mean B0=69.1623 homogen=12104.5335
mean B0=81.3498 homogen=61629.4392
mean B0=78.0749 homogen=38260.5717
mean B0=74.2785 homogen=30699.1429
mean B0=68.3712 homogen=14475.2794
mean B0=77.3063 homogen=70703.0843
mean B0=80.9385 homogen=55080.0969
mean B0=70.3273 homogen=9893.5976
mean B0=82.2136 homogen=72890.6096
mean B0=74.1279 homogen=21584.1541
mean B0=75.5794 homogen=26820.4026
mean B0=67.0617 homogen=7011.6011
mean B0=72.7613 homogen=18384.0445
mean B0=76.1472 homogen=32063.6151
mean B0=78.8632 homogen=66208.0584
mean B0=80.9574 homogen=55444.5864
mean B0=53.8109 homogen=80990.3418
mean B0=83.1297 homogen=87714.1032
mean B0=71.2848 homogen=13104.1608
mean B0=82.0691 homogen=67803.2626
mean B0=74.3551 homogen=23668.0736
mean B0=84.2875 homogen=81279.3069
mean B0=76.6985 homogen=27007.9785
mean B0=75.8388 homogen=28598.6553
mean B0=80.7903 homogen=63036.7405
mean B0=77.2223 homogen=31914.2567
mean B0=78.5303 homogen=37669.5341
mean B0=74.4845 homogen=24494.1755
mean B0=72.3275 homogen=15705.1328
mean B0=74.2973 homogen=207564.7017
mean B0=78.2909 homogen=39886.3427
mean B0=80.3402 homogen=50349.8004
mean B0=82.5993 homogen=72012.523
mean B0=71.2955 homogen=12501.6374
mean B0=76.1957 homogen=47913.8675
mean B0=62.9412 homogen=225594.6925
mean B0=73.5283 homogen=19450.1358
mean B0=86.5319 homogen=94174.0785
mean B0=78.0397 homogen=30415.8174
   102 |     4080 |     40 |  0.000000E+00 |  0.000000E+00 |  0.0033759784 |             f
mean B0=80.6158 homogen=52424.6005
mean B0=81.9706 homogen=65779.6055
mean B0=75.2005 homogen=25927.0101
mean B0=69.8701 homogen=9644.9379
mean B0=71.8342 homogen=16453.5701
mean B0=73.7516 homogen=23238.9263
mean B0=77.8664 homogen=34421.5672
mean B0=73.1807 homogen=34858.2118
mean B0=81.4459 homogen=63914.9976
mean B0=70.9437 homogen=13867.5463
mean B0=83.9846 homogen=86229.4406
mean B0=80.9072 homogen=55088.7043
mean B0=83.3576 homogen=72751.3886
mean B0=74.7565 homogen=21305.0389
mean B0=74.4955 homogen=29927.0702
mean B0=81.8159 homogen=67648.3755
mean B0=73.607 homogen=19722.523
mean B0=71.9076 homogen=22833.0058
mean B0=76.9896 homogen=34582.9257
mean B0=84.6615 homogen=84053.4901
mean B0=80.3401 homogen=50352.8989
mean B0=85.4819 homogen=101964.7515
mean B0=76.9547 homogen=31474.47
mean B0=72.8665 homogen=19049.5119
mean B0=84.5119 homogen=84273.9191
mean B0=46.7712 homogen=366364.7201
mean B0=75.2402 homogen=204583.4927
mean B0=76.5113 homogen=32345.1912
mean B0=81.4371 homogen=61321.0371
mean B0=72.421 homogen=24804.833
mean B0=76.6276 homogen=30593.642
mean B0=75.6244 homogen=26757.5101
mean B0=80.97 homogen=60274.1558
mean B0=69.6377 homogen=9276.1674
mean B0=69.6078 homogen=8803.3861
mean B0=84.1137 homogen=76508.9093
mean B0=71.2802 homogen=13092.4165
mean B0=69.6802 homogen=24170.0964
mean B0=72.1585 homogen=14883.4997
mean B0=78.3979 homogen=37755.0974
   103 |     4120 |     40 |  0.000000E+00 |  0.000000E+00 |  0.0020668073 |             f
mean B0=83.884 homogen=80043.8344
mean B0=78.5697 homogen=38640.6542
mean B0=76.5122 homogen=28344.6511
mean B0=71.3104 homogen=13356.4968
mean B0=74.2543 homogen=31444.0008
mean B0=82.386 homogen=70352.5918
mean B0=78.2016 homogen=56005.47
mean B0=76.176 homogen=41934.3453
mean B0=80.7417 homogen=60397.0834
mean B0=75.5075 homogen=26073.9187
mean B0=84.1137 homogen=76508.616
mean B0=70.3482 homogen=22254.7488
mean B0=80.9071 homogen=55091.6673
mean B0=71.0294 homogen=11289.406
mean B0=85.0636 homogen=84438.7612
mean B0=85.2778 homogen=80648.8661
mean B0=82.2558 homogen=68142.5865
mean B0=79.1819 homogen=35912.278
mean B0=71.2731 homogen=29767.1589
mean B0=74.5383 homogen=24200.6705
mean B0=70.3803 homogen=45262.5201
mean B0=70.5956 homogen=12045.4914
mean B0=76.9285 homogen=62885.8106
mean B0=77.873 homogen=35802.8982
mean B0=76.3943 homogen=31092.3839
mean B0=84.0841 homogen=83719.3708
mean B0=75.5552 homogen=27078.8971
mean B0=83.7913 homogen=75257.5592
mean B0=55.4605 homogen=317570.781
mean B0=67.5411 homogen=8487.8525
mean B0=84.8946 homogen=83969.2325
mean B0=73.1433 homogen=17584.7095
mean B0=71.9018 homogen=16627.3773
mean B0=72.2115 homogen=22062.1041
mean B0=78.8354 homogen=39999.7496
mean B0=79.2944 homogen=57469.088
mean B0=77.8248 homogen=34197.9165
mean B0=72.3323 homogen=19063.2049
mean B0=61.9304 homogen=249925.2672
mean B0=66.6876 homogen=5920.91
   104 |     4160 |     40 |  0.000000E+00 |  0.000000E+00 |  0.0077585545 |         nadir
mean B0=79.0988 homogen=35115.0857
mean B0=82.951 homogen=66671.6091
mean B0=69.1474 homogen=10375.466
mean B0=77.8992 homogen=36125.9448
mean B0=77.8248 homogen=34197.9165
mean B0=69.9227 homogen=14422.2224
mean B0=73.8025 homogen=20729.4673
mean B0=76.4377 homogen=45024.0789
mean B0=75.5011 homogen=26075.0184
mean B0=81.4371 homogen=61321.0371
mean B0=84.4215 homogen=83427.2888
mean B0=65.2781 homogen=128101.0795
mean B0=69.3237 homogen=11170.9096
mean B0=84.5071 homogen=83943.8335
mean B0=77.2137 homogen=31912.8183
mean B0=73.6914 homogen=22004.177
mean B0=82.1243 homogen=66978.795
mean B0=75.0031 homogen=45887.9528
mean B0=74.5001 homogen=31472.5049
mean B0=65.9695 homogen=242250.0932
mean B0=84.1142 homogen=76515.2124
mean B0=81.0223 homogen=55050.3671
mean B0=79.8411 homogen=39639.1245
mean B0=80.3402 homogen=50349.8004
mean B0=71.3104 homogen=13356.4968
mean B0=67.3872 homogen=9506.0318
mean B0=71.7165 homogen=15496.2857
mean B0=77.6052 homogen=33645.1261
mean B0=67.0688 homogen=7023.9206
mean B0=56.1016 homogen=62950.838
mean B0=76.6316 homogen=30604.4215
mean B0=74.4141 homogen=27928.1211
mean B0=70.9824 homogen=16566.7122
mean B0=83.7404 homogen=73172.9886
mean B0=85.9254 homogen=103181.3574
mean B0=74.7304 homogen=22886.6849
mean B0=80.8173 homogen=59085.8506
mean B0=77.5033 homogen=34221.5278
mean B0=73.4174 homogen=22327.3977
mean B0=74.8528 homogen=24039.4947
   105 |     4200 |     40 |  0.000000E+00 |  0.000000E+00 |  0.0023692072 |             f
mean B0=73.8049 homogen=20735.5222
mean B0=82.1243 homogen=66978.795
mean B0=73.505 homogen=19548.0092
mean B0=63.0779 homogen=185677.1143
mean B0=70.5026 homogen=10609.5279
mean B0=80.4936 homogen=51433.1243
mean B0=71.6343 homogen=14001.7916
mean B0=80.9087 homogen=47057.4096
mean B0=71.8005 homogen=16413.6072
mean B0=71.6785 homogen=15391.8276
mean B0=78.4902 homogen=37740.8386
mean B0=79.262 homogen=23677.2461
mean B0=42.6199 homogen=111638.6405
mean B0=67.3844 homogen=6181.3124
mean B0=76.6663 homogen=28196.4213
mean B0=65.2487 homogen=127172.8585
mean B0=70.5012 homogen=12452.7483
mean B0=77.0123 homogen=33446.0922
mean B0=65.2885 homogen=245166.8695
mean B0=50.6506 homogen=187436.3788
mean B0=74.1255 homogen=21577.8579
mean B0=74.8585 homogen=24055.8843
mean B0=72.8332 homogen=18766.1665
mean B0=78.066 homogen=35271.3004
mean B0=76.1223 homogen=28886.2377
mean B0=81.3783 homogen=62486.3616
mean B0=82.1786 homogen=71547.8226
mean B0=72.8662 homogen=19045.5923
mean B0=73.4 homogen=31560.1685
mean B0=84.1596 homogen=76866.8004
mean B0=82.0151 homogen=65641.3194
mean B0=74.735 homogen=22911.5674
mean B0=84.4097 homogen=83208.3457
mean B0=86.1888 homogen=109783.3652
mean B0=83.1907 homogen=74779.8935
mean B0=79.0233 homogen=41036.1888
mean B0=81.2392 homogen=56579.3921
mean B0=69.7602 homogen=14415.9964
mean B0=81.4363 homogen=61324.8352
mean B0=77.8331 homogen=84706.2978
   106 |     4240 |     40 |  0.000000E+00 |  0.000000E+00 |  0.0345722627 |         ideal
mean B0=73.8519 homogen=20966.4207
mean B0=76.5247 homogen=30074.7317
mean B0=79.0203 homogen=41045.8419
mean B0=71.004 homogen=35266.6994
mean B0=81.9472 homogen=100367.2258
mean B0=82.3633 homogen=70156.2822
mean B0=66.0846 homogen=158336.2943
mean B0=77.2748 homogen=32003.3908
mean B0=73.4936 homogen=87945.6236
mean B0=85.5146 homogen=101653.9336
mean B0=79.8892 homogen=46403.4643
mean B0=84.9254 homogen=83994.861
mean B0=81.9616 homogen=79926.7997
mean B0=70.0623 homogen=12905.9598
mean B0=67.5409 homogen=8490.97
mean B0=80.3508 homogen=50420.0452
mean B0=81.4451 homogen=55199.3524
mean B0=71.314 homogen=11890.9268
mean B0=63.4447 homogen=230553.6253
mean B0=73.6128 homogen=32579.7932
mean B0=74.495 homogen=28599.0485
mean B0=76.2447 homogen=28339.8904
mean B0=45.6278 homogen=117163.8193
mean B0=81.7687 homogen=64170.4079
mean B0=81.8346 homogen=57058.2056
mean B0=73.5256 homogen=19633.3256
mean B0=77.4033 homogen=32434.6108
mean B0=83.7042 homogen=76629.1913
mean B0=69.7694 homogen=7888.5534
mean B0=78.945 homogen=40513.9826
mean B0=83.0689 homogen=90222.8033
mean B0=78.0395 homogen=35186.8482
mean B0=74.0242 homogen=57206.9687
mean B0=70.5992 homogen=26897.137
mean B0=70.6762 homogen=12474.4294
mean B0=80.4237 homogen=50909.8781
mean B0=83.3384 homogen=76841.8813
mean B0=57.239 homogen=288777.1553
mean B0=81.9773 homogen=65387.1618
mean B0=62.8306 homogen=273076.0434
   107 |     4280 |     40 |  0.000000E+00 |  0.000000E+00 |  0.0024152258 |             f
mean B0=77.4527 homogen=26508.7033
mean B0=85.8873 homogen=101628.7156
mean B0=84.435 homogen=83215.0701
mean B0=73.0123 homogen=19806.2948
mean B0=78.2061 homogen=36153.6058
mean B0=77.9685 homogen=32401.31
mean B0=71.2605 homogen=13558.0988
mean B0=74.463 homogen=28000.8933
mean B0=80.4071 homogen=50031.5053
mean B0=82.9896 homogen=53055.3168
mean B0=83.6072 homogen=96435.1981
mean B0=74.4248 homogen=21553.8991
mean B0=70.1296 homogen=179075.9061
mean B0=74.9431 homogen=26145.2269
mean B0=81.9888 homogen=65442.9549
mean B0=80.602 homogen=51822.4156
mean B0=86.3011 homogen=110794.9416
mean B0=75.8552 homogen=27331.986
mean B0=84.4291 homogen=77481.769
mean B0=79.1021 homogen=53756.9224
mean B0=78.0661 homogen=35267.3751
mean B0=78.1847 homogen=36682.0208
mean B0=67.523 homogen=8358.4336
mean B0=70.743 homogen=11083.4128
mean B0=75.4647 homogen=56112.2523
mean B0=64.4244 homogen=233842.5696
mean B0=70.7241 homogen=12907.4949
mean B0=75.5623 homogen=27667.7531
mean B0=81.0223 homogen=55050.3671
mean B0=77.0389 homogen=30782.3765
mean B0=86.8227 homogen=89225.3927
mean B0=84.4649 homogen=79330.0887
mean B0=76.0543 homogen=29289.8587
mean B0=78.7962 homogen=47317.1846
mean B0=82.0036 homogen=65584.5044
mean B0=75.5224 homogen=26947.6539
mean B0=78.9106 homogen=40457.5588
mean B0=66.4105 homogen=6624.8924
mean B0=73.2204 homogen=20321.8822
mean B0=67.2018 homogen=32032.4973
   108 |     4320 |     40 |  0.000000E+00 |  0.000000E+00 |  0.0057236804 |         ideal
mean B0=78.8507 homogen=39202.5432
mean B0=67.523 homogen=8358.4336
mean B0=82.961 homogen=54500.6658
mean B0=70.1809 homogen=14449.1271
mean B0=75.6885 homogen=26202.2064
mean B0=75.9614 homogen=64765.7705
mean B0=70.5026 homogen=10609.5279
mean B0=84.4801 homogen=79214.8617
mean B0=74.8246 homogen=60877.3973
mean B0=68.7884 homogen=188039.3605
mean B0=80.7961 homogen=69926.7653
mean B0=76.6926 homogen=29336.442
mean B0=85.2894 homogen=101754.3467
mean B0=81.3749 homogen=61866.7489
mean B0=69.2147 homogen=28928.9008
mean B0=84.5761 homogen=83836.5671
mean B0=75.4954 homogen=26147.4075
mean B0=67.3385 homogen=131053.7319
mean B0=73.2957 homogen=24127.8343
mean B0=61.5199 homogen=33302.5855
mean B0=83.8088 homogen=75931.178
mean B0=67.4201 homogen=34826.5755
mean B0=80.0731 homogen=47908.9459
mean B0=69.9733 homogen=24685.9578
mean B0=81.477 homogen=58495.6176
mean B0=76.7976 homogen=28942.656
mean B0=73.8519 homogen=20966.4207
mean B0=76.615 homogen=30636.2136
mean B0=86.3827 homogen=111336.5959
mean B0=78.9246 homogen=36415.7427
mean B0=87.3936 homogen=102114.6292
mean B0=69.9691 homogen=34219.7944
mean B0=81.1851 homogen=53480.0327
mean B0=79.6333 homogen=43734.2636
mean B0=76.1817 homogen=27625.1001
mean B0=84.141 homogen=75675.2939
mean B0=78.0781 homogen=35329.0016
mean B0=73.3474 homogen=14549.0877
mean B0=80.2273 homogen=56002.3436
mean B0=78.3847 homogen=36777.5743
   109 |     4360 |     40 |  0.000000E+00 |  0.000000E+00 |  0.0041467111 |         ideal
mean B0=73.9599 homogen=21188.393
mean B0=75.5838 homogen=26400.4481
mean B0=84.1133 homogen=79026.1585
mean B0=79.407 homogen=41712.6994
mean B0=83.2905 homogen=76125.5128
mean B0=74.5271 homogen=25476.2978
mean B0=84.1103 homogen=81884.2067
mean B0=73.5707 homogen=19813.5458
mean B0=77.1185 homogen=37497.8003
mean B0=70.651 homogen=14040.5698
mean B0=78.5268 homogen=37653.8576
mean B0=82.0461 homogen=61028.686
mean B0=87.2808 homogen=101862.3229
mean B0=71.3418 homogen=13439.8493
mean B0=80.5183 homogen=51095.5657
mean B0=80.1436 homogen=46754.9875
mean B0=81.8346 homogen=57057.4918
mean B0=50.6489 homogen=82455.2421
mean B0=83.4306 homogen=76880.3606
mean B0=65.1488 homogen=49617.1478
mean B0=72.4455 homogen=18135.2064
mean B0=79.5491 homogen=43603.4006
mean B0=84.9433 homogen=84015.9867
mean B0=84.6994 homogen=86775.9694
mean B0=68.0926 homogen=8620.6301
mean B0=72.5411 homogen=35321.6604
mean B0=75.884 homogen=26966.9881
mean B0=81.9059 homogen=64802.7833
mean B0=68.4443 homogen=263168.1195
mean B0=82.5067 homogen=65419.6835
mean B0=76.1852 homogen=27615.808
mean B0=77.0264 homogen=34547.9663
mean B0=78.6884 homogen=51465.0936
mean B0=81.1467 homogen=53222.9245
mean B0=80.4907 homogen=50634.8347
mean B0=71.6484 homogen=13845.3013
mean B0=84.1596 homogen=76869.5174
mean B0=69.6794 homogen=11035.1157
mean B0=84.9704 homogen=94959.0791
mean B0=70.3984 homogen=31447.3095
   110 |     4400 |     40 |  0.000000E+00 |  0.000000E+00 |  0.0048314066 |             f
mean B0=80.4939 homogen=50565.5538
mean B0=69.9264 homogen=9491.6782
mean B0=74.2239 homogen=26803.8105
mean B0=76.6871 homogen=23956.3962
mean B0=68.9438 homogen=19257.7691
mean B0=87.0134 homogen=94208.3211
mean B0=78.2312 homogen=37109.3142
mean B0=79.293 homogen=42653.1807
mean B0=78.0711 homogen=81753.5863
mean B0=74.1607 homogen=22282.4221
mean B0=82.5823 homogen=79355.9608
mean B0=74.4248 homogen=21553.8991
mean B0=85.6864 homogen=86997.0957
mean B0=69.6457 homogen=43225.0931
mean B0=79.2209 homogen=41158.9925
mean B0=68.0835 homogen=8657.7951
mean B0=81.7119 homogen=65654.7549
mean B0=73.8397 homogen=24046.1264
mean B0=71.4295 homogen=13482.1771
mean B0=61.0236 homogen=178571.5546
mean B0=80.1822 homogen=49054.1658
mean B0=67.2573 homogen=7201.0393
mean B0=75.2917 homogen=25607.0291
mean B0=75.4291 homogen=27752.044
mean B0=87.8229 homogen=99721.1384
mean B0=69.6737 homogen=13093.7414
mean B0=74.8261 homogen=40527.8762
mean B0=84.1958 homogen=76193.0778
mean B0=81.4822 homogen=55510.2239
mean B0=78.6766 homogen=37928.2082
mean B0=86.5193 homogen=105841.1077
mean B0=69.9008 homogen=9786.7851
mean B0=82.682 homogen=70341.8887
mean B0=71.4291 homogen=34085.3239
mean B0=85.099 homogen=85605.6037
mean B0=83.3728 homogen=72629.5557
mean B0=77.5982 homogen=33759.9838
mean B0=74.8585 homogen=24055.8843
mean B0=77.482 homogen=45657.5317
mean B0=77.3291 homogen=28231.0658
   111 |     4440 |     40 |  0.000000E+00 |  0.000000E+00 |  0.0030630375 |             f
mean B0=75.1248 homogen=28103.4281
mean B0=79.0574 homogen=44291.1899
mean B0=83.3883 homogen=94334.3356
mean B0=72.0675 homogen=14205.687
mean B0=78.0054 homogen=82637.4647
mean B0=67.7381 homogen=26769.1227
mean B0=80.44 homogen=49251.6655
mean B0=78.6767 homogen=37925.9076
mean B0=75.2917 homogen=25607.0291
mean B0=84.6153 homogen=80233.6112
mean B0=76.6685 homogen=29115.7021
mean B0=72.732 homogen=18077.0056
mean B0=78.7257 homogen=28997.9381
mean B0=73.0818 homogen=24373.7743
mean B0=83.6221 homogen=76195.1716
mean B0=84.9571 homogen=84025.1765
mean B0=68.0926 homogen=8620.6301
mean B0=74.9744 homogen=33711.1737
mean B0=82.0461 homogen=61028.686
mean B0=81.572 homogen=56586.2406
mean B0=73.9277 homogen=24857.2829
mean B0=69.0057 homogen=16489.5174
mean B0=78.5084 homogen=38472.7124
mean B0=78.9016 homogen=61184.3575
mean B0=71.0736 homogen=32556.3656
mean B0=73.6892 homogen=25305.7296
mean B0=82.324 homogen=69532.2447
mean B0=84.1958 homogen=76187.5786
mean B0=81.4822 homogen=55510.2239
mean B0=77.1475 homogen=31419.5032
mean B0=86.3567 homogen=98740.9599
mean B0=71.3104 homogen=13354.5405
mean B0=69.7191 homogen=11212.2171
mean B0=87.6118 homogen=89134.3101
mean B0=79.1685 homogen=40961.1426
mean B0=84.7173 homogen=85434.468
mean B0=69.5422 homogen=8833.6481
mean B0=74.7848 homogen=26834.2903
mean B0=69.9264 homogen=9491.6782
mean B0=78.3481 homogen=37472.1583
   112 |     4480 |     40 |  0.000000E+00 |  0.000000E+00 |  0.0021121943 |             f
mean B0=77.4373 homogen=29935.4909
mean B0=85.4514 homogen=85322.0061
mean B0=88.4067 homogen=104224.4584
mean B0=83.2269 homogen=76131.3525
mean B0=85.1373 homogen=91858.9303
mean B0=84.1628 homogen=75910.1065
mean B0=75.4402 homogen=26852.2834
mean B0=74.4527 homogen=25435.2032
mean B0=73.5049 homogen=19546.22
mean B0=85.1078 homogen=85564.2937
mean B0=81.3425 homogen=56119.8848
mean B0=74.7356 homogen=24489.857
mean B0=75.54 homogen=26339.6391
mean B0=80.5903 homogen=51730.1355
mean B0=74.805 homogen=26386.8277
mean B0=79.924 homogen=36570.1353
mean B0=77.5637 homogen=33623.4148
mean B0=79.8744 homogen=122689.1849
mean B0=80.4755 homogen=57534.6642
mean B0=78.3048 homogen=40333.6912
mean B0=73.1525 homogen=67814.2206
mean B0=78.1621 homogen=35593.5077
mean B0=70.5059 homogen=16935.5677
mean B0=81.891 homogen=57208.1733
mean B0=83.7996 homogen=66033.3743
mean B0=67.2898 homogen=7329.228
mean B0=80.8991 homogen=66478.0805
mean B0=71.3226 homogen=12392.6522
mean B0=83.7913 homogen=75255.155
mean B0=79.4825 homogen=42748.884
mean B0=77.2131 homogen=31141.3829
mean B0=76.7684 homogen=32403.14
mean B0=80.1641 homogen=51386.2593
mean B0=82.0584 homogen=61112.7463
mean B0=56.5851 homogen=190071.3236
mean B0=85.2071 homogen=81477.5706
mean B0=46.0005 homogen=120004.367
mean B0=71.8602 homogen=40980.0267
mean B0=69.4783 homogen=11089.0553
mean B0=66.871 homogen=24399.4563
   113 |     4520 |     40 |  0.000000E+00 |  0.000000E+00 |  0.0053479330 |             f
mean B0=78.936 homogen=75013.2999
mean B0=77.0589 homogen=30257.797
mean B0=81.2387 homogen=54904.5227
mean B0=75.1653 homogen=30939.559
mean B0=84.0812 homogen=97614.2616
mean B0=81.9029 homogen=57157.189
mean B0=77.5575 homogen=33810.3325
mean B0=85.4253 homogen=85070.9616
mean B0=63.3141 homogen=10964.1825
mean B0=73.5049 homogen=19546.22
mean B0=78.1574 homogen=39868.3446
mean B0=49.2535 homogen=340306.5356
mean B0=79.5408 homogen=44148.5183
mean B0=83.9346 homogen=74174.7912
mean B0=79.4395 homogen=42936.2054
mean B0=85.2071 homogen=81477.5706
mean B0=75.8807 homogen=27444.3746
mean B0=86.0732 homogen=107620.8722
mean B0=76.7564 homogen=30082.0569
mean B0=72.7802 homogen=18909.9529
mean B0=75.7035 homogen=27756.9581
mean B0=79.324 homogen=41847.3294
mean B0=84.1901 homogen=80486.2582
mean B0=76.5174 homogen=31509.1878
mean B0=80.5478 homogen=35187.5171
mean B0=83.5327 homogen=81549.4422
mean B0=74.4986 homogen=25817.0838
mean B0=82.3498 homogen=69767.5441
mean B0=68.0824 homogen=8597.4567
mean B0=45.0071 homogen=98456.2013
mean B0=77.5697 homogen=34030.0068
mean B0=85.1665 homogen=76625.7079
mean B0=78.3207 homogen=36807.5417
mean B0=80.3361 homogen=49545.7008
mean B0=86.2379 homogen=109386.5331
mean B0=71.3104 homogen=13354.5405
mean B0=69.5422 homogen=8832.0563
mean B0=82.9764 homogen=73361.7407
mean B0=75.0218 homogen=41051.4171
mean B0=76.4662 homogen=28818.9059
   114 |     4560 |     40 |  0.000000E+00 |  0.000000E+00 |  0.0020692752 |             f
mean B0=49.3033 homogen=105790.0616
mean B0=84.0479 homogen=80858.3726
mean B0=84.0593 homogen=74817.2837
mean B0=84.8327 homogen=83243.6418
mean B0=84.0951 homogen=57289.3905
mean B0=79.1601 homogen=48415.9757
mean B0=76.5964 homogen=29910.5343
mean B0=83.9341 homogen=74177.5236
mean B0=54.9154 homogen=61060.5553
mean B0=74.2717 homogen=25188.1169
mean B0=69.7644 homogen=19778.0445
mean B0=75.7728 homogen=103061.349
mean B0=69.8657 homogen=136139.7545
mean B0=68.0904 homogen=8625.9729
mean B0=77.6052 homogen=33644.4047
mean B0=76.7415 homogen=32605.3934
mean B0=83.4362 homogen=72158.7439
mean B0=69.524 homogen=9047.7875
mean B0=67.89 homogen=49533.0482
mean B0=73.7096 homogen=26507.7597
mean B0=86.343 homogen=110960.7677
mean B0=81.5304 homogen=53239.527
mean B0=82.467 homogen=70752.413
mean B0=77.8234 homogen=33854.8999
mean B0=83.849 homogen=76389.9373
mean B0=81.8981 homogen=57118.3562
mean B0=76.7941 homogen=29798.0544
mean B0=69.8453 homogen=17837.5443
mean B0=77.9754 homogen=35664.0623
mean B0=78.9659 homogen=48424.821
mean B0=84.4274 homogen=65973.0787
mean B0=67.9676 homogen=137133.1185
mean B0=77.5824 homogen=32249.3955
mean B0=82.0608 homogen=61129.476
mean B0=71.43 homogen=13479.0323
mean B0=81.8413 homogen=66353.0024
mean B0=75.4852 homogen=25889.9292
mean B0=80.1 homogen=48115.5607
mean B0=72.2877 homogen=40302.671
mean B0=87.5056 homogen=104656.91
   115 |     4600 |     40 |  0.000000E+00 |  0.000000E+00 |  0.0032798733 |             f
mean B0=73.4188 homogen=19380.0848
mean B0=75.168 homogen=39299.7023
mean B0=82.9293 homogen=73503.1292
mean B0=78.3492 homogen=39501.7422
mean B0=78.1117 homogen=36073.4023
mean B0=77.2349 homogen=31213.7533
mean B0=75.3574 homogen=26146.6535
mean B0=69.915 homogen=12932.5817
mean B0=71.4933 homogen=15678.3939
mean B0=85.2071 homogen=81477.5706
mean B0=81.4663 homogen=52884.9512
mean B0=82.3303 homogen=69589.3705
mean B0=70.3429 homogen=9915.7209
mean B0=81.5165 homogen=64220.4496
mean B0=72.4981 homogen=13712.9763
mean B0=74.8469 homogen=27287.2887
mean B0=84.2492 homogen=75818.3861
mean B0=79.6977 homogen=44167.5454
mean B0=76.7943 homogen=29809.2624
mean B0=83.0317 homogen=87096.327
mean B0=73.3274 homogen=20126.2185
mean B0=74.7987 homogen=89151.1806
mean B0=81.5595 homogen=54866.5125
mean B0=68.3605 homogen=9720.2757
mean B0=82.0673 homogen=67342.7271
mean B0=81.5055 homogen=53144.2616
mean B0=85.9956 homogen=108253.6452
mean B0=71.0032 homogen=17189.0462
mean B0=70.8513 homogen=10911.1937
mean B0=82.0608 homogen=61129.476
mean B0=77.3705 homogen=33644.4836
mean B0=81.8931 homogen=57085.6507
mean B0=75.6662 homogen=27691.0393
mean B0=85.44 homogen=85291.2598
mean B0=75.3575 homogen=30424.4695
mean B0=78.0155 homogen=233295.6048
mean B0=80.392 homogen=49465.0897
mean B0=78.0968 homogen=35229.3069
mean B0=83.4353 homogen=72157.9001
mean B0=50.4442 homogen=68273.0505
   116 |     4640 |     40 |  0.000000E+00 |  0.000000E+00 |  0.0034444810 |             f
mean B0=76.1852 homogen=27615.808
mean B0=68.3042 homogen=276259.6539
mean B0=77.1146 homogen=34530.9068
mean B0=85.8873 homogen=101628.3008
mean B0=85.4511 homogen=85316.1082
mean B0=81.0983 homogen=47513.5941
mean B0=46.3952 homogen=119381.6632
mean B0=80.2054 homogen=43910.8603
mean B0=70.8785 homogen=18664.2036
mean B0=82.9279 homogen=76265.562
mean B0=50.846 homogen=82912.5166
mean B0=84.2886 homogen=77253.1869
mean B0=70.169 homogen=14623.2202
mean B0=81.606 homogen=54673.4859
mean B0=75.617 homogen=32502.8133
mean B0=80.7584 homogen=50548.6393
mean B0=80.3001 homogen=48813.5628
mean B0=83.93 homogen=74131.4226
mean B0=78.1621 homogen=35587.4488
mean B0=70.5026 homogen=10609.5279
mean B0=82.682 homogen=70341.8887
mean B0=67.4086 homogen=13238.6733
mean B0=74.325 homogen=25238.3498
mean B0=69.5093 homogen=30822.4032
mean B0=82.0607 homogen=61118.9118
mean B0=72.3437 homogen=17906.1763
mean B0=75.3278 homogen=25793.7854
mean B0=78.7611 homogen=38849.1722
mean B0=71.401 homogen=12211.9613
mean B0=67.9193 homogen=15043.7335
mean B0=77.9341 homogen=39556.1068
mean B0=71.5959 homogen=14083.6276
mean B0=82.0935 homogen=96533.6348
mean B0=80.028 homogen=48127.7487
mean B0=84.5436 homogen=79974.9371
mean B0=83.2477 homogen=76201.2074
mean B0=74.008 homogen=21630.9844
mean B0=84.2535 homogen=75851.6981
mean B0=84.6156 homogen=80238.6635
mean B0=78.6767 homogen=37925.9076
   117 |     4680 |     40 |  0.000000E+00 |  0.000000E+00 |  0.0017322583 |             f
mean B0=83.486 homogen=97404.6758
mean B0=78.6472 homogen=40227.3698
mean B0=72.773 homogen=18558.0695
mean B0=70.6788 homogen=13969.3034
mean B0=77.8334 homogen=36815.8906
mean B0=77.8979 homogen=37287.5336
mean B0=77.5693 homogen=74293.4016
mean B0=76.0016 homogen=29507.7978
mean B0=82.8215 homogen=71381.686
mean B0=76.8576 homogen=31500.5096
mean B0=82.5752 homogen=55569.2769
mean B0=72.3328 homogen=198159.9498
mean B0=78.2863 homogen=36497.8347
mean B0=84.6986 homogen=80444.7171
mean B0=78.4754 homogen=65025.8477
mean B0=78.4939 homogen=91735.0471
mean B0=67.2762 homogen=25106.4483
mean B0=85.2696 homogen=81694.0409
mean B0=75.5385 homogen=26329.5605
mean B0=70.5027 homogen=10609.1939
mean B0=82.3596 homogen=54095.1256
mean B0=78.4043 homogen=37243.9521
mean B0=72.3066 homogen=18194.7764
mean B0=78.5663 homogen=37352.0837
mean B0=70.3567 homogen=28751.1569
mean B0=72.1342 homogen=15445.6614
mean B0=62.7138 homogen=192953.4358
mean B0=82.9082 homogen=73378.2019
mean B0=74.1381 homogen=25643.4815
mean B0=75.639 homogen=28796.1449
mean B0=84.1551 homogen=102187.9698
mean B0=87.7252 homogen=103531.4731
mean B0=76.2493 homogen=27170.5954
mean B0=80.3729 homogen=48249.1897
mean B0=74.6844 homogen=31016.9155
mean B0=55.2686 homogen=143847.5767
mean B0=72.2684 homogen=24554.6153
mean B0=76.1255 homogen=27458.6707
mean B0=73.9618 homogen=21175.1294
mean B0=75.3276 homogen=25793.9041
   118 |     4720 |     40 |  0.000000E+00 |  0.000000E+00 |  0.0035876135 |             f
mean B0=85.1001 homogen=82113.5592
mean B0=79.7383 homogen=85907.935
mean B0=54.3149 homogen=67831.1867
mean B0=80.2161 homogen=60246.7107
mean B0=41.9625 homogen=143173.5163
mean B0=81.6719 homogen=56506.0621
mean B0=45.8783 homogen=116494.16
mean B0=77.3705 homogen=33644.4836
mean B0=87.3192 homogen=100189.3364
mean B0=81.5796 homogen=104930.0144
mean B0=66.6028 homogen=123554.1625
mean B0=65.7586 homogen=119581.9288
mean B0=73.4303 homogen=19377.8065
mean B0=79.1685 homogen=40961.1426
mean B0=82.0755 homogen=61194.438
mean B0=66.0172 homogen=8946.2952
mean B0=79.721 homogen=52700.3178
mean B0=70.6209 homogen=10885.6664
mean B0=70.6837 homogen=17156.5381
mean B0=80.3729 homogen=48249.1897
mean B0=82.0673 homogen=67342.7271
mean B0=77.19 homogen=31536.59
mean B0=76.9366 homogen=31079.263
mean B0=82.6573 homogen=58382.7529
mean B0=74.1897 homogen=38469.9827
mean B0=84.5361 homogen=77831.6283
mean B0=82.7023 homogen=57503.6499
mean B0=74.3007 homogen=19793.9908
mean B0=79.8427 homogen=45297.9871
mean B0=51.0923 homogen=372932.5096
mean B0=78.8644 homogen=31458.1496
mean B0=76.7998 homogen=49825.6455
mean B0=67.7994 homogen=255937.4078
mean B0=78.7611 homogen=38847.6391
mean B0=79.619 homogen=43664.0623
mean B0=76.0123 homogen=27468.7141
mean B0=77.2299 homogen=34842.7122
mean B0=71.477 homogen=13866.5827
mean B0=76.2081 homogen=27392.4429
mean B0=71.9114 homogen=20665.3642
   119 |     4760 |     40 |  0.000000E+00 |  0.000000E+00 |  0.0022119114 |             f
mean B0=79.9109 homogen=48797.8429
mean B0=78.9278 homogen=36441.8009
mean B0=68.546 homogen=171967.8822
mean B0=71.4246 homogen=13453.8129
mean B0=81.4738 homogen=67036.9262
mean B0=74.4874 homogen=28727.195
mean B0=68.0926 homogen=8620.9088
mean B0=77.782 homogen=34845.7352
mean B0=79.6614 homogen=43806.031
mean B0=76.5711 homogen=29423.4418
mean B0=77.4442 homogen=33415.5344
mean B0=75.7956 homogen=27676.6154
mean B0=85.0229 homogen=85688.1154
mean B0=61.7749 homogen=184043.4663
mean B0=85.4635 homogen=100181.965
mean B0=80.515 homogen=88594.0026
mean B0=82.9034 homogen=84864.2646
mean B0=77.2081 homogen=31602.8764
mean B0=85.551 homogen=97814.89
mean B0=73.2637 homogen=46355.2158
mean B0=74.5396 homogen=33307.1228
mean B0=75.304 homogen=74169.8508
mean B0=70.9906 homogen=32193.9783
mean B0=70.5076 homogen=10620.3036
mean B0=76.2015 homogen=27703.5679
mean B0=73.4449 homogen=37278.1887
mean B0=82.6821 homogen=70341.8516
mean B0=74.4845 homogen=39076.926
mean B0=80.7144 homogen=50385.9782
mean B0=81.4653 homogen=59695.2623
mean B0=78.6845 homogen=39051.4637
mean B0=75.6218 homogen=33183.9823
mean B0=78.2397 homogen=32428.8037
mean B0=79.3746 homogen=63915.3675
mean B0=74.5141 homogen=28613.4633
mean B0=73.453 homogen=25308.7283
mean B0=74.894 homogen=34586.4652
mean B0=75.684 homogen=219019.021
mean B0=66.0079 homogen=198812.117
mean B0=74.9076 homogen=72431.0789
   120 |     4800 |     40 |  0.000000E+00 |  0.000000E+00 |  0.0029752206 |             f
mean B0=74.3172 homogen=25228.4547
mean B0=82.9912 homogen=71017.2031
mean B0=75.8798 homogen=30114.1894
mean B0=79.105 homogen=40623.6709
mean B0=69.4384 homogen=8588.7051
mean B0=80.8359 homogen=50964.1649
mean B0=85.1588 homogen=94318.0497
mean B0=47.3 homogen=115253.2181
mean B0=80.7624 homogen=61101.2625
mean B0=85.5956 homogen=98098.8326
mean B0=75.4835 homogen=30277.2201
mean B0=79.9784 homogen=46751.8502
mean B0=71.4723 homogen=13631.4434
mean B0=72.3691 homogen=26348.6843
mean B0=85.4514 homogen=85322.0061
mean B0=64.7702 homogen=223965.0277
mean B0=70.5084 homogen=10623.3081
mean B0=84.6986 homogen=80434.7002
mean B0=86.3827 homogen=111336.5959
mean B0=82.5752 homogen=55569.2769
mean B0=82.0824 homogen=61244.8235
mean B0=52.8921 homogen=70724.2869
mean B0=67.3097 homogen=6327.3542
mean B0=85.7298 homogen=104415.0926
mean B0=67.7803 homogen=10801.6906
mean B0=85.3714 homogen=84650.3197
mean B0=72.18 homogen=17661.0361
mean B0=47.5362 homogen=113575.8785
mean B0=77.9465 homogen=34792.1336
mean B0=54.748 homogen=61336.2969
mean B0=73.2712 homogen=23837.1593
mean B0=62.759 homogen=238447.6652
mean B0=80.6609 homogen=50070.5788
mean B0=78.0514 homogen=34964.8902
mean B0=80.0731 homogen=47908.9459
mean B0=85.2775 homogen=98207.6716
mean B0=77.4395 homogen=33380.0524
mean B0=74.453 homogen=25436.1624
mean B0=67.5411 homogen=8487.8525
mean B0=79.8427 homogen=45297.9871
   121 |     4840 |     40 |  0.000000E+00 |  0.000000E+00 |  0.0020001372 |             f
mean B0=77.452 homogen=33325.9433
mean B0=81.0888 homogen=65234.6952
mean B0=70.7072 homogen=13091.5566
mean B0=80.8362 homogen=50961.834
mean B0=74.0815 homogen=19634.5569
mean B0=68.9857 homogen=27882.688
mean B0=79.6328 homogen=47878.5118
mean B0=78.7611 homogen=38847.6391
mean B0=79.6188 homogen=43657.8606
mean B0=77.4556 homogen=35317.2447
mean B0=71.9018 homogen=16627.3773
mean B0=45.242 homogen=128570.7551
mean B0=77.4289 homogen=31994.2933
mean B0=75.4354 homogen=35433.9579
mean B0=69.7018 homogen=11863.9088
mean B0=71.4427 homogen=13529.6496
mean B0=75.3275 homogen=25792.1528
mean B0=82.9649 homogen=73053.5931
mean B0=73.7966 homogen=39266.5295
mean B0=84.4147 homogen=75315.1853
mean B0=76.2372 homogen=27068.4935
mean B0=83.3489 homogen=57917.2026
mean B0=82.4058 homogen=65941.2772
mean B0=80.661 homogen=50065.2718
mean B0=82.3566 homogen=98409.6499
mean B0=85.9969 homogen=99671.2152
mean B0=71.3942 homogen=206887.7245
mean B0=74.2717 homogen=25188.1169
mean B0=82.0818 homogen=61240.5003
mean B0=78.5697 homogen=37442.2488
mean B0=84.5361 homogen=77831.6283
mean B0=76.7605 homogen=32760.2097
mean B0=74.1154 homogen=69661.3799
mean B0=80.8723 homogen=82479.6395
mean B0=79.661 homogen=55547.9429
mean B0=74.8774 homogen=21016.7427
mean B0=85.5508 homogen=97821.8387
mean B0=86.0832 homogen=108009.1487
mean B0=74.3513 homogen=73774.8556
mean B0=72.1402 homogen=16040.757
   122 |     4880 |     40 |  0.000000E+00 |  0.000000E+00 |  0.0041785170 |             f
mean B0=81.8034 homogen=54962.0505
mean B0=75.3351 homogen=25826.3612
mean B0=83.6938 homogen=65176.504
mean B0=71.5572 homogen=13946.7743
mean B0=73.2277 homogen=20466.7404
mean B0=85.9594 homogen=106294.809
mean B0=72.6184 homogen=27715.5219
mean B0=82.061 homogen=61114.8992
mean B0=82.0527 homogen=61159.8512
mean B0=76.6708 homogen=27299.8562
mean B0=84.3285 homogen=85480.4248
mean B0=81.9492 homogen=75553.1189
mean B0=66.6374 homogen=8369.8773
mean B0=77.7207 homogen=34649.8146
mean B0=78.0968 homogen=35229.3069
mean B0=78.1998 homogen=41688.9812
mean B0=69.4135 homogen=8526.8532
mean B0=85.6782 homogen=85343.4867
mean B0=79.6782 homogen=54564.5558
mean B0=75.3689 homogen=31170.3177
mean B0=84.4428 homogen=68507.9584
mean B0=73.7625 homogen=20521.5442
mean B0=71.9114 homogen=20665.3346
mean B0=75.2357 homogen=26382.2256
mean B0=83.684 homogen=99440.9047
mean B0=72.2195 homogen=16415.1469
mean B0=75.4468 homogen=33186.2288
mean B0=76.2491 homogen=27170.3708
mean B0=81.4955 homogen=52994.8773
mean B0=67.6576 homogen=10003.0927
mean B0=85.7849 homogen=90334.829
mean B0=76.1656 homogen=30307.3535
mean B0=67.3562 homogen=8801.2061
mean B0=79.3603 homogen=46201.5612
mean B0=85.4514 homogen=85322.0061
mean B0=61.6487 homogen=139894.6954
mean B0=77.6528 homogen=33629.4365
mean B0=78.697 homogen=38532.2102
mean B0=86.9509 homogen=93523.7009
mean B0=81.1076 homogen=98461.2687
   123 |     4920 |     40 |  0.000000E+00 |  0.000000E+00 |  0.0027758587 |             f
mean B0=80.8496 homogen=51105.9713
mean B0=75.9493 homogen=31662.6921
mean B0=79.9008 homogen=43422.7257
mean B0=84.4593 homogen=87486.0209
mean B0=80.5482 homogen=57161.266
mean B0=73.9618 homogen=21175.1294
mean B0=75.0379 homogen=62503.8131
mean B0=78.8072 homogen=39861.2014
mean B0=74.4954 homogen=27457.1174
mean B0=73.4303 homogen=19377.8065
mean B0=84.088 homogen=101371.1106
mean B0=82.1503 homogen=60732.3219
mean B0=80.6501 homogen=85108.2361
mean B0=76.1882 homogen=27004.4152
mean B0=71.1516 homogen=12288.7186
mean B0=69.4263 homogen=8567.0563
mean B0=81.0584 homogen=66566.8777
mean B0=81.6878 homogen=56628.6867
mean B0=66.4951 homogen=233714.2988
mean B0=67.2432 homogen=5867.1557
mean B0=83.4221 homogen=71794.7401
mean B0=74.1154 homogen=30463.912
mean B0=84.3862 homogen=80618.6856
mean B0=61.8993 homogen=12919.5796
mean B0=70.3033 homogen=33207.0539
mean B0=80.661 homogen=50065.2718
mean B0=79.5321 homogen=36952.2111
mean B0=77.0783 homogen=33963.5592
mean B0=83.6887 homogen=106777.0742
mean B0=78.6423 homogen=37682.4305
mean B0=76.5783 homogen=33565.8858
mean B0=79.1956 homogen=36106.087
mean B0=78.0081 homogen=35385.2867
mean B0=76.9847 homogen=31182.9385
mean B0=72.5416 homogen=24382.0808
mean B0=86.5456 homogen=111652.8612
mean B0=86.9773 homogen=93744.3882
mean B0=77.4358 homogen=33240.9505
mean B0=85.7849 homogen=90334.6345
mean B0=75.4103 homogen=26230.9307
   124 |     4960 |     40 |  0.000000E+00 |  0.000000E+00 |  0.0084362116 |         ideal
mean B0=69.2488 homogen=25845.0395
mean B0=83.4221 homogen=71794.7401
mean B0=61.2321 homogen=175470.8795
mean B0=78.8711 homogen=38456.8848
mean B0=84.3826 homogen=77425.0604
mean B0=72.624 homogen=20270.5374
mean B0=76.1146 homogen=27338.1638
mean B0=85.9599 homogen=106291.4749
mean B0=79.7889 homogen=55183.0841
mean B0=74.2535 homogen=30962.4791
mean B0=77.8758 homogen=99507.1653
mean B0=73.576 homogen=20120.8921
mean B0=74.2742 homogen=25199.9
mean B0=71.8333 homogen=26701.1217
mean B0=69.4262 homogen=9563.6942
mean B0=78.8954 homogen=39748.9027
mean B0=82.0025 homogen=57377.9266
mean B0=81.4307 homogen=54697.4915
mean B0=79.0967 homogen=40659.5018
mean B0=77.472 homogen=33391.8242
mean B0=84.4576 homogen=74794.3123
mean B0=76.5826 homogen=238087.5082
mean B0=72.1625 homogen=16134.5266
mean B0=78.83 homogen=64612.2421
mean B0=75.5436 homogen=26923.5226
mean B0=73.9609 homogen=34293.2131
mean B0=63.5951 homogen=218626.8801
mean B0=82.682 homogen=70343.0567
mean B0=87.6609 homogen=103961.3182
mean B0=71.7893 homogen=15954.8258
mean B0=87.4776 homogen=111243.533
mean B0=78.3886 homogen=89756.1309
mean B0=76.9358 homogen=84054.029
mean B0=77.4367 homogen=41141.2144
mean B0=70.6198 homogen=10924.6205
mean B0=82.7269 homogen=60359.0802
mean B0=70.768 homogen=33197.2081
mean B0=67.7788 homogen=9290.0854
mean B0=85.7934 homogen=90258.7352
mean B0=73.4119 homogen=19301.477
   125 |     5000 |     40 |  0.000000E+00 |  0.000000E+00 |  0.0460612996 |         ideal
mean B0=80.6378 homogen=49976.4202
mean B0=75.5388 homogen=26945.4312
mean B0=73.1407 homogen=21227.1623
mean B0=86.786 homogen=98221.3528
mean B0=74.2964 homogen=207561.4854
mean B0=76.0755 homogen=29493.2425
mean B0=71.0098 homogen=13701.2775
mean B0=78.4952 homogen=32551.5886
mean B0=74.1499 homogen=55425.007
mean B0=80.3584 homogen=52643.0589
mean B0=70.5404 homogen=12950.5464
mean B0=82.1655 homogen=58465.468
mean B0=78.0315 homogen=31149.5548
mean B0=82.3948 homogen=93883.9384
mean B0=74.2525 homogen=38707.0715
mean B0=84.674 homogen=100555.6363
mean B0=77.4036 homogen=33035.8435
mean B0=85.758 homogen=102491.3566
mean B0=80.7208 homogen=50328.2906
mean B0=77.0914 homogen=244365.4524
mean B0=85.6983 homogen=85381.5783
mean B0=85.2758 homogen=81787.0064
mean B0=70.3619 homogen=9948.9365
mean B0=78.9181 homogen=38663.3984
mean B0=75.3274 homogen=25788.5915
mean B0=74.1473 homogen=26183.893
mean B0=75.0292 homogen=25395.9076
mean B0=70.2605 homogen=13592.6907
mean B0=67.2584 homogen=6002.3866
mean B0=69.5262 homogen=12677.2378
mean B0=73.4692 homogen=21128.3596
mean B0=56.7207 homogen=271904.7345
mean B0=68.8397 homogen=9358.5381
mean B0=79.1281 homogen=39651.4493
mean B0=77.6421 homogen=35760.0606
mean B0=79.7102 homogen=39480.5901
mean B0=77.0074 homogen=30630.2531
mean B0=84.6694 homogen=77216.3872
mean B0=74.4032 homogen=208515.1997
mean B0=83.7516 homogen=76442.6037
   126 |     5040 |     40 |  0.000000E+00 |  0.000000E+00 |  0.0044010377 |             f
mean B0=81.6223 homogen=120660.4456
mean B0=85.6782 homogen=85340.8044
mean B0=78.2186 homogen=38505.451
mean B0=81.876 homogen=62779.0434
mean B0=82.0122 homogen=57451.7175
mean B0=79.9068 homogen=43573.8725
mean B0=85.2892 homogen=81582.9673
mean B0=72.8 homogen=18697.5965
mean B0=73.5472 homogen=20050.5995
mean B0=86.3355 homogen=93614.4993
mean B0=78.0787 homogen=35410.5473
mean B0=76.7035 homogen=38546.6036
mean B0=82.1166 homogen=58131.9737
mean B0=79.6533 homogen=40076.7813
mean B0=79.8465 homogen=43065.7514
mean B0=80.0625 homogen=89063.34
mean B0=76.0397 homogen=32395.0808
mean B0=75.381 homogen=27828.8208
mean B0=71.7021 homogen=15386.3141
mean B0=79.1287 homogen=39649.1746
mean B0=72.2255 homogen=41095.1184
mean B0=74.3615 homogen=56562.0424
mean B0=68.6941 homogen=15760.6326
mean B0=76.5423 homogen=31899.6083
mean B0=75.0206 homogen=25399.9948
mean B0=85.7969 homogen=89815.9769
mean B0=67.2469 homogen=5892.2462
mean B0=67.2218 homogen=5760.8103
mean B0=82.7625 homogen=60600.609
mean B0=85.2772 homogen=74787.5667
mean B0=80.7197 homogen=52255.3248
mean B0=84.6642 homogen=77227.0365
mean B0=83.4704 homogen=72186.1383
mean B0=68.4998 homogen=8718.903
mean B0=72.2167 homogen=16282.432
mean B0=76.7901 homogen=32388.8421
mean B0=64.1961 homogen=188008.6014
mean B0=74.4357 homogen=24314.6829
mean B0=69.663 homogen=8762.0745
mean B0=80.637 homogen=49980.9374
   127 |     5080 |     40 |  0.000000E+00 |  0.000000E+00 |  0.0026474521 |             f
mean B0=64.908 homogen=223351.2879
mean B0=67.2227 homogen=5760.1489
mean B0=82.7741 homogen=82047.8252
mean B0=78.0811 homogen=35424.7232
mean B0=85.3081 homogen=81625.8205
mean B0=71.2519 homogen=13997.5494
mean B0=86.5996 homogen=110675.8626
mean B0=68.46 homogen=14416.2097
mean B0=83.4736 homogen=99319.9256
mean B0=75.7678 homogen=34236.266
mean B0=77.6351 homogen=33190.3017
mean B0=69.4135 homogen=8527.0412
mean B0=77.404 homogen=33030.7699
mean B0=77.9137 homogen=36062.608
mean B0=73.9834 homogen=21258.8412
mean B0=76.9878 homogen=30521.8189
mean B0=82.1655 homogen=58465.468
mean B0=77.9823 homogen=40816.0178
mean B0=86.2032 homogen=92633.819
mean B0=53.6717 homogen=68276.4809
mean B0=78.5697 homogen=37442.2488
mean B0=81.43 homogen=54698.5591
mean B0=78.1373 homogen=34541.4192
mean B0=76.2471 homogen=27186.9637
mean B0=84.4379 homogen=74749.5715
mean B0=72.5632 homogen=19519.8713
mean B0=85.1133 homogen=68646.4903
mean B0=69.5493 homogen=8523.0724
mean B0=76.3251 homogen=32943.817
mean B0=80.8616 homogen=86668.8718
mean B0=77.6246 homogen=67229.1617
mean B0=69.5422 homogen=8832.1704
mean B0=75.0294 homogen=25393.929
mean B0=75.7055 homogen=33146.9493
mean B0=82.7374 homogen=60429.4343
mean B0=81.0007 homogen=68681.7905
mean B0=80.8496 homogen=51105.9713
mean B0=68.9946 homogen=28240.0204
mean B0=84.8003 homogen=78138.4489
mean B0=79.9072 homogen=43578.8103
   128 |     5120 |     40 |  0.000000E+00 |  0.000000E+00 |  0.0015675721 |             f
mean B0=70.1206 homogen=9744.4594
mean B0=84.7926 homogen=78187.2261
mean B0=81.3956 homogen=54538.4023
mean B0=83.2893 homogen=71024.3801
mean B0=71.1914 homogen=11349.9629
mean B0=85.7554 homogen=107978.5906
mean B0=72.0272 homogen=16823.0199
mean B0=71.4989 homogen=16734.6847
mean B0=76.8077 homogen=34348.6366
mean B0=76.1825 homogen=45540.6779
mean B0=86.3472 homogen=93621.446
mean B0=73.9944 homogen=21236.0664
mean B0=85.2999 homogen=81669.0718
mean B0=81.5322 homogen=53179.8552
mean B0=83.3625 homogen=81543.0772
mean B0=56.7396 homogen=45069.9783
mean B0=72.8174 homogen=18844.6707
mean B0=77.9005 homogen=32982.318
mean B0=79.155 homogen=39787.7944
mean B0=64.6395 homogen=20897.6145
mean B0=75.3616 homogen=25119.5834
mean B0=77.4041 homogen=32996.3565
mean B0=82.0384 homogen=57560.1489
mean B0=72.9345 homogen=18278.1936
mean B0=72.9315 homogen=27009.7522
mean B0=78.4019 homogen=35913.9097
mean B0=75.7494 homogen=29361.3151
mean B0=85.9642 homogen=89756.2242
mean B0=82.4386 homogen=69434.7472
mean B0=84.8742 homogen=78633.6005
mean B0=76.9762 homogen=30460.2994
mean B0=71.2409 homogen=14011.9306
mean B0=78.1267 homogen=34489.8379
mean B0=84.3549 homogen=81347.9073
mean B0=73.5064 homogen=34284.1643
mean B0=79.7935 homogen=42866.3418
mean B0=83.4005 homogen=71946.5858
mean B0=80.9921 homogen=53256.7135
mean B0=77.6078 homogen=33056.496
mean B0=70.3587 homogen=22718.8407
   129 |     5160 |     40 |  0.000000E+00 |  0.000000E+00 |  0.0040112140 |             f
mean B0=82.0025 homogen=57377.9266
mean B0=71.0948 homogen=35906.6865
mean B0=77.4835 homogen=31632.9667
mean B0=44.553 homogen=121182.6433
mean B0=84.4661 homogen=82511.3559
mean B0=72.7156 homogen=18978.327
mean B0=63.5383 homogen=217963.8488
mean B0=76.2288 homogen=35439.8905
mean B0=84.5462 homogen=74537.7398
mean B0=76.9762 homogen=30460.2994
mean B0=78.5697 homogen=37443.0705
mean B0=81.0582 homogen=57905.2594
mean B0=79.0695 homogen=38980.3176
mean B0=77.0385 homogen=30924.7976
mean B0=75.9398 homogen=28796.5112
mean B0=58.9098 homogen=196670.4492
mean B0=86.5833 homogen=103731.8512
mean B0=79.7744 homogen=43096.0323
mean B0=85.809 homogen=94256.73
mean B0=84.9005 homogen=78700.8948
mean B0=71.0098 homogen=13701.2775
mean B0=79.9907 homogen=35542.5925
mean B0=69.1793 homogen=21258.0498
mean B0=72.928 homogen=18772.3225
mean B0=83.4704 homogen=72186.1383
mean B0=86.7859 homogen=98222.0125
mean B0=79.155 homogen=39787.7944
mean B0=74.3263 homogen=105999.8324
mean B0=82.6612 homogen=60690.5958
mean B0=77.9005 homogen=32982.318
mean B0=70.5027 homogen=10611.2226
mean B0=74.42 homogen=30235.9154
mean B0=80.1454 homogen=80071.1835
mean B0=81.4746 homogen=53364.7038
mean B0=85.2116 homogen=80672.5174
mean B0=74.2572 homogen=26850.6695
mean B0=85.7277 homogen=85254.0853
mean B0=74.5612 homogen=25012.5098
mean B0=68.0957 homogen=8629.5558
mean B0=82.0131 homogen=57475.3479
   130 |     5200 |     40 |  0.000000E+00 |  0.000000E+00 |  0.0014697800 |             f
mean B0=74.5454 homogen=24725.3406
mean B0=85.189 homogen=80447.1488
mean B0=72.9346 homogen=18276.9333
mean B0=57.3249 homogen=197992.0278
mean B0=83.0438 homogen=76278.495
mean B0=77.8928 homogen=40529.6203
mean B0=72.9302 homogen=28949.9782
mean B0=74.7998 homogen=25056.5227
mean B0=79.5184 homogen=42189.0008
mean B0=78.4936 homogen=42189.5015
mean B0=73.5115 homogen=219663.6793
mean B0=87.5515 homogen=90871.9974
mean B0=75.8845 homogen=40396.0025
mean B0=84.4466 homogen=74164.9899
mean B0=85.2061 homogen=80543.1236
mean B0=74.5709 homogen=51896.8935
mean B0=79.0695 homogen=38980.3176
mean B0=78.6085 homogen=39412.6678
mean B0=65.3434 homogen=117259.1088
mean B0=67.3539 homogen=26613.4032
mean B0=74.0122 homogen=21278.2238
mean B0=83.4915 homogen=72412.3352
mean B0=67.5413 homogen=8493.1969
mean B0=78.6265 homogen=37628.7318
mean B0=74.6241 homogen=30753.3841
mean B0=73.9318 homogen=24800.1334
mean B0=73.9567 homogen=20712.7813
mean B0=74.1074 homogen=21304.0145
mean B0=82.447 homogen=59006.8874
mean B0=79.7457 homogen=42474.6092
mean B0=72.9788 homogen=15668.6343
mean B0=79.8806 homogen=43309.1544
mean B0=86.5401 homogen=95868.2333
mean B0=86.0671 homogen=89835.0249
mean B0=67.3025 homogen=5175.8634
mean B0=75.9588 homogen=33206.6182
mean B0=84.8003 homogen=78138.4489
mean B0=86.6343 homogen=96710.963
mean B0=77.4966 homogen=31816.6842
mean B0=83.9495 homogen=81792.3544
   131 |     5240 |     40 |  0.000000E+00 |  0.000000E+00 |  0.0055086104 |         ideal
mean B0=69.2302 homogen=15766.1463
mean B0=86.3472 homogen=93621.446
mean B0=78.1015 homogen=112376.4614
mean B0=78.9143 homogen=39174.1951
mean B0=75.5436 homogen=26923.5226
mean B0=83.0779 homogen=73855.4541
mean B0=71.7313 homogen=15106.9507
mean B0=76.9121 homogen=29740.9532
mean B0=71.2511 homogen=18046.4424
mean B0=83.3431 homogen=56866.612
mean B0=77.9002 homogen=32983.9459
mean B0=86.2002 homogen=89210.9325
mean B0=70.4722 homogen=10536.9745
mean B0=82.1357 homogen=50503.6676
mean B0=57.3804 homogen=246579.8269
mean B0=85.2921 homogen=81583.361
mean B0=78.3751 homogen=38378.8221
mean B0=84.5509 homogen=74515.4007
mean B0=85.7277 homogen=85254.0853
mean B0=79.1245 homogen=40296.9354
mean B0=70.236 homogen=17964.3327
mean B0=78.5697 homogen=37442.2488
mean B0=84.1818 homogen=73231.5195
mean B0=82.0355 homogen=74637.4757
mean B0=67.5413 homogen=8493.1969
mean B0=77.1384 homogen=36846.765
mean B0=71.8016 homogen=26558.4833
mean B0=84.1602 homogen=72845.8031
mean B0=75.9724 homogen=30407.8022
mean B0=84.512 homogen=74318.2861
mean B0=79.9075 homogen=43577.984
mean B0=74.7721 homogen=24830.9086
mean B0=80.6755 homogen=50112.9334
mean B0=72.934 homogen=18266.5995
mean B0=79.0668 homogen=38992.0255
mean B0=84.8164 homogen=78181.7021
mean B0=87.5012 homogen=93591.1256
mean B0=85.9601 homogen=89781.3137
mean B0=71.7021 homogen=15386.3141
mean B0=76.8723 homogen=36442.3033
   132 |     5280 |     40 |  0.000000E+00 |  0.000000E+00 |  0.0017683163 |             f
mean B0=84.794 homogen=77956.139
mean B0=67.395 homogen=6765.2474
mean B0=73.5472 homogen=20050.5995
mean B0=85.93 homogen=89780.5935
mean B0=69.4074 homogen=8208.8132
mean B0=73.2248 homogen=43033.5451
mean B0=76.9959 homogen=34858.3645
mean B0=86.2032 homogen=92633.819
mean B0=74.405 homogen=38681.54
mean B0=75.8988 homogen=32774.9144
mean B0=74.9538 homogen=30341.265
mean B0=79.1568 homogen=39432.0525
mean B0=82.1013 homogen=68536.8109
mean B0=75.7046 homogen=31616.3257
mean B0=86.4826 homogen=110565.2906
mean B0=69.6854 homogen=12423.4353
mean B0=70.1206 homogen=9744.4594
mean B0=80.2702 homogen=36165.1128
mean B0=80.639 homogen=49982.3014
mean B0=59.7838 homogen=182135.8862
mean B0=86.5291 homogen=95734.4551
mean B0=77.6916 homogen=32691.3664
mean B0=79.9075 homogen=43577.984
mean B0=82.0695 homogen=57568.0268
mean B0=83.6716 homogen=73294.3576
mean B0=74.9623 homogen=56693.8281
mean B0=84.7569 homogen=89355.0507
mean B0=71.7313 homogen=15106.9507
mean B0=76.5473 homogen=32873.7608
mean B0=82.3373 homogen=58411.3795
mean B0=79.6867 homogen=46058.6968
mean B0=78.7302 homogen=65059.9371
mean B0=77.9986 homogen=36369.3404
mean B0=75.9837 homogen=233349.3233
mean B0=84.2912 homogen=73619.0584
mean B0=71.2956 homogen=11783.7395
mean B0=79.1245 homogen=40296.9354
mean B0=82.4666 homogen=58678.8933
mean B0=79.5177 homogen=42189.6122
mean B0=78.5696 homogen=37446.9473
   133 |     5320 |     40 |  0.000000E+00 |  0.000000E+00 |  0.0034762063 |             f
mean B0=79.9078 homogen=41263.8375
mean B0=81.2187 homogen=47136.1131
mean B0=77.7732 homogen=34416.7599
mean B0=70.9089 homogen=13721.8904
mean B0=88.4158 homogen=105288.665
mean B0=77.0713 homogen=84482.9789
mean B0=67.2609 homogen=7573.4812
mean B0=79.5922 homogen=36810.5643
mean B0=84.3055 homogen=73556.6565
mean B0=76.3909 homogen=29509.1629
mean B0=82.138 homogen=75931.853
mean B0=74.1115 homogen=21325.8871
mean B0=79.4462 homogen=40902.096
mean B0=85.2772 homogen=74247.3227
mean B0=85.295 homogen=81565.0711
mean B0=72.7157 homogen=19701.156
mean B0=76.1885 homogen=29298.4106
mean B0=82.0383 homogen=57560.4289
mean B0=72.0175 homogen=34996.2444
mean B0=82.7625 homogen=60600.6345
mean B0=69.4229 homogen=15297.5732
mean B0=83.2893 homogen=71024.3801
mean B0=77.5848 homogen=32614.4871
mean B0=77.0257 homogen=29795.1425
mean B0=41.929 homogen=148891.6052
mean B0=86.5446 homogen=95759.9049
mean B0=73.0847 homogen=18851.327
mean B0=85.6238 homogen=85769.1135
mean B0=78.5569 homogen=37482.1291
mean B0=71.4898 homogen=23415.7429
mean B0=78.3269 homogen=35136.7291
mean B0=81.5082 homogen=53092.4804
mean B0=77.1077 homogen=34322.1347
mean B0=76.1823 homogen=223448.4921
mean B0=85.9612 homogen=89778.8982
mean B0=72.4973 homogen=14978.6755
mean B0=57.8613 homogen=51138.5306
mean B0=80.6377 homogen=49976.5227
mean B0=70.0088 homogen=18594.3868
mean B0=72.2167 homogen=16282.9185
   134 |     5360 |     40 |  0.000000E+00 |  0.000000E+00 |  0.0013753114 |             f
mean B0=84.7451 homogen=77487.4031
mean B0=59.2208 homogen=186434.8451
mean B0=76.7147 homogen=33439.5549
mean B0=58.2274 homogen=277680.8761
mean B0=79.6971 homogen=45105.4543
mean B0=82.2496 homogen=57439.8708
mean B0=74.6344 homogen=24427.9186
mean B0=79.3831 homogen=80239.3447
mean B0=75.9489 homogen=32612.145
mean B0=74.7465 homogen=24179.8151
mean B0=84.4207 homogen=74563.636
mean B0=74.7479 homogen=207633.0902
mean B0=76.965 homogen=32586.4362
mean B0=81.8781 homogen=66616.2495
mean B0=77.3544 homogen=51458.833
mean B0=77.4755 homogen=31679.196
mean B0=82.9474 homogen=71194.4211
mean B0=85.694 homogen=85289.1196
mean B0=81.5082 homogen=53092.4804
mean B0=68.6524 homogen=9542.9979
mean B0=74.1711 homogen=21619.4941
mean B0=81.8515 homogen=68364.289
mean B0=72.4768 homogen=41234.0827
mean B0=78.9642 homogen=38729.714
mean B0=81.5929 homogen=81535.4331
mean B0=85.7167 homogen=91403.2381
mean B0=67.9928 homogen=6333.1882
mean B0=78.8985 homogen=38222.1782
mean B0=82.6783 homogen=60129.2263
mean B0=75.8991 homogen=29174.069
mean B0=71.3362 homogen=15107.1327
mean B0=81.6471 homogen=53804.1134
mean B0=81.8567 homogen=56487.8671
mean B0=76.4857 homogen=31592.3354
mean B0=75.3111 homogen=29171.2013
mean B0=79.5125 homogen=38267.8803
mean B0=69.9628 homogen=10960.8408
mean B0=86.8185 homogen=98158.7148
mean B0=56.8526 homogen=58441.5011
mean B0=68.4086 homogen=9841.3257
   135 |     5400 |     40 |  0.000000E+00 |  0.000000E+00 |  0.0041733421 |             f
mean B0=78.7972 homogen=37494.0263
mean B0=77.4038 homogen=31376.1088
mean B0=78.3269 homogen=35137.0015
mean B0=82.7626 homogen=60600.1338
mean B0=82.3376 homogen=57895.572
mean B0=70.9938 homogen=13966.3321
mean B0=83.5837 homogen=72658.9807
mean B0=73.9432 homogen=27623.0615
mean B0=75.9447 homogen=34454.8332
mean B0=69.8445 homogen=12749.8093
mean B0=86.8185 homogen=98158.7148
mean B0=77.2962 homogen=32387.2036
mean B0=82.8349 homogen=54230.0444
mean B0=69.4456 homogen=16900.1829
mean B0=71.3864 homogen=18664.7319
mean B0=73.7722 homogen=36849.5332
mean B0=75.4 homogen=25434.1392
mean B0=72.9486 homogen=18308.1368
mean B0=86.698 homogen=103700.2409
mean B0=86.1639 homogen=95435.1235
mean B0=83.0046 homogen=91529.1607
mean B0=79.0775 homogen=39192.0789
mean B0=85.3081 homogen=81625.4955
mean B0=82.6783 homogen=60129.2593
mean B0=78.4712 homogen=37461.3763
mean B0=68.0058 homogen=6333.7815
mean B0=84.9042 homogen=78807.1405
mean B0=70.3525 homogen=12268.7411
mean B0=77.6982 homogen=33569.1136
mean B0=85.823 homogen=79766.1077
mean B0=77.4835 homogen=31632.9667
mean B0=76.788 homogen=34375.672
mean B0=86.5967 homogen=85127.673
mean B0=79.097 homogen=41520.6714
mean B0=72.1153 homogen=21054.7095
mean B0=74.7115 homogen=28481.4693
mean B0=71.3025 homogen=15285.2
mean B0=83.1138 homogen=72222.7409
mean B0=85.1966 homogen=81372.4519
mean B0=72.519 homogen=41416.4091
   136 |     5440 |     40 |  0.000000E+00 |  0.000000E+00 |  0.0011921432 |             f
mean B0=72.934 homogen=18266.5995
mean B0=75.0303 homogen=42961.6257
mean B0=76.9387 homogen=30981.7046
mean B0=82.7223 homogen=60477.7705
mean B0=72.665 homogen=40303.9266
mean B0=83.6695 homogen=73285.6852
mean B0=86.9656 homogen=99850.3844
mean B0=86.1639 homogen=95435.1235
mean B0=82.2745 homogen=57402.046
mean B0=75.517 homogen=25199.748
mean B0=77.8743 homogen=32897.763
mean B0=84.8157 homogen=78186.0335
mean B0=76.2525 homogen=27154.0189
mean B0=74.8009 homogen=24204.6439
mean B0=73.0847 homogen=18851.327
mean B0=68.7545 homogen=8156.814
mean B0=80.403 homogen=105253.1967
mean B0=85.1608 homogen=83461.6849
mean B0=86.906 homogen=95940.2448
mean B0=85.7025 homogen=85438.5597
mean B0=79.0775 homogen=39192.0789
mean B0=76.2729 homogen=45510.399
mean B0=82.8002 homogen=89306.6419
mean B0=70.9945 homogen=13647.3093
mean B0=76.6719 homogen=36189.0083
mean B0=67.3011 homogen=5173.7285
mean B0=82.3241 homogen=57706.5518
mean B0=69.4074 homogen=8208.8132
mean B0=80.2188 homogen=49028.0024
mean B0=73.9924 homogen=20733.3456
mean B0=82.1639 homogen=58323.3662
mean B0=84.4207 homogen=74563.636
mean B0=84.9016 homogen=78821.6287
mean B0=80.6057 homogen=49741.2907
mean B0=79.9075 homogen=43577.984
mean B0=69.7576 homogen=11305.9994
mean B0=73.2279 homogen=38731.9098
mean B0=71.4926 homogen=14642.2302
mean B0=83.8723 homogen=86514.019
mean B0=86.4242 homogen=94180.7716
   137 |     5480 |     40 |  0.000000E+00 |  0.000000E+00 |  0.0033521633 |             f
mean B0=71.5421 homogen=16716.9425
mean B0=86.0487 homogen=89651.4129
mean B0=74.7267 homogen=24929.1776
mean B0=78.9107 homogen=46661.8121
mean B0=71.0109 homogen=21716.2002
mean B0=86.3444 homogen=93475.7573
mean B0=74.7477 homogen=24189.2148
mean B0=77.932 homogen=84780.3558
mean B0=76.2441 homogen=27179.2334
mean B0=75.1471 homogen=67961.5404
mean B0=75.5455 homogen=25308.6776
mean B0=69.8963 homogen=9267.5703
mean B0=88.0038 homogen=80472.4347
mean B0=67.9926 homogen=6333.2769
mean B0=71.7103 homogen=13767.0589
mean B0=86.4081 homogen=99536.6694
mean B0=73.0844 homogen=18848.9571
mean B0=79.9747 homogen=43927.5895
mean B0=81.7984 homogen=54782.387
mean B0=68.3055 homogen=16888.1518
mean B0=77.2877 homogen=31426.5171
mean B0=84.8211 homogen=78732.7232
mean B0=82.8356 homogen=61140.6832
mean B0=83.306 homogen=71049.7092
mean B0=73.3082 homogen=42076.6252
mean B0=68.003 homogen=6173.0685
mean B0=71.4904 homogen=14633.2484
mean B0=77.9005 homogen=32982.318
mean B0=80.2275 homogen=49050.3955
mean B0=79.1137 homogen=39220.2386
mean B0=73.9656 homogen=20647.0564
mean B0=79.4668 homogen=41085.4256
mean B0=85.6814 homogen=106033.9984
mean B0=74.1711 homogen=21610.2782
mean B0=71.7942 homogen=15290.4174
mean B0=77.8703 homogen=32793.1478
mean B0=80.6753 homogen=50104.3464
mean B0=74.4152 homogen=208436.3265
mean B0=84.8722 homogen=80269.5326
mean B0=77.0203 homogen=100497.0636
   138 |     5520 |     40 |  0.000000E+00 |  0.000000E+00 |  0.0021874640 |             f
mean B0=74.1708 homogen=25054.7715
mean B0=73.4731 homogen=41086.5179
mean B0=81.8567 homogen=56487.8671
mean B0=84.4208 homogen=74551.7497
mean B0=61.9478 homogen=177961.5655
mean B0=77.886 homogen=33027.1699
mean B0=63.1278 homogen=216615.7535
mean B0=61.9885 homogen=207227.1318
mean B0=72.2708 homogen=17424.2219
mean B0=78.0548 homogen=35961.4251
mean B0=77.3351 homogen=32501.892
mean B0=73.0847 homogen=18845.4859
mean B0=83.6793 homogen=55228.0427
mean B0=70.5027 homogen=10609.1939
mean B0=76.6144 homogen=28849.7071
mean B0=86.4911 homogen=95325.4639
mean B0=83.3627 homogen=77882.632
mean B0=86.0532 homogen=89630.9759
mean B0=67.8723 homogen=7991.0464
mean B0=80.6656 homogen=50056.9826
mean B0=82.8707 homogen=69177.5684
mean B0=71.951 homogen=29403.5939
mean B0=75.5455 homogen=25308.6776
mean B0=86.3445 homogen=93480.9896
mean B0=82.8185 homogen=61063.3821
mean B0=79.0919 homogen=39151.5713
mean B0=85.7277 homogen=85254.0853
mean B0=84.9199 homogen=78989.9107
mean B0=72.8871 homogen=18096.9558
mean B0=71.6473 homogen=15544.1004
mean B0=79.5782 homogen=42178.4635
mean B0=73.0846 homogen=18854.6571
mean B0=87.475 homogen=111257.8153
mean B0=73.9656 homogen=20647.0564
mean B0=78.7156 homogen=37320.9963
mean B0=83.6823 homogen=73365.4331
mean B0=70.5645 homogen=29104.9471
mean B0=83.6145 homogen=59518.3705
mean B0=76.2779 homogen=25229.3742
mean B0=85.3209 homogen=81750.8387
   139 |     5560 |     40 |  0.000000E+00 |  0.000000E+00 |  0.0058057834 |             f
mean B0=85.3209 homogen=81749.4511
mean B0=80.0808 homogen=48190.6276
mean B0=86.0532 homogen=89630.9759
mean B0=78.7156 homogen=37320.9963
mean B0=82.8293 homogen=61135.8233
mean B0=73.0669 homogen=18794.5404
mean B0=84.1075 homogen=83025.0354
mean B0=79.4668 homogen=41085.4256
mean B0=79.4302 homogen=40988.196
mean B0=72.9901 homogen=33661.6102
mean B0=75.8327 homogen=29935.3767
mean B0=56.5265 homogen=200300.7158
mean B0=78.9883 homogen=34752.37
mean B0=59.9224 homogen=214030.3301
mean B0=70.2115 homogen=33231.3649
mean B0=77.1975 homogen=31667.3639
mean B0=75.2134 homogen=32464.628
mean B0=78.1021 homogen=36592.2604
mean B0=85.6632 homogen=85189.5167
mean B0=71.7024 homogen=18391.3731
mean B0=79.9747 homogen=43927.5895
mean B0=71.7704 homogen=16103.6232
mean B0=76.2525 homogen=27154.0189
mean B0=75.3086 homogen=59773.0183
mean B0=77.9064 homogen=32982.3597
mean B0=82.7549 homogen=60571.8161
mean B0=85.274 homogen=81222.5774
mean B0=80.6755 homogen=50112.9334
mean B0=72.6983 homogen=212540.3539
mean B0=81.1474 homogen=110325.0713
mean B0=80.1939 homogen=47987.09
mean B0=83.1867 homogen=71480.0751
mean B0=75.1611 homogen=41555.8553
mean B0=74.7458 homogen=30498.7889
mean B0=31.5366 homogen=201152.0261
mean B0=70.9743 homogen=16683.3546
mean B0=78.3901 homogen=72794.146
mean B0=82.3744 homogen=69801.7677
mean B0=78.2428 homogen=34819.4978
mean B0=71.532 homogen=15723.8113
   140 |     5600 |     40 |  0.000000E+00 |  0.000000E+00 |  0.0010351803 |             f
mean B0=78.8895 homogen=38166.0388
mean B0=79.6396 homogen=36860.8572
mean B0=84.8246 homogen=78261.6953
mean B0=71.5151 homogen=28537.8539
mean B0=81.8001 homogen=54793.3152
mean B0=80.7092 homogen=41366.1753
mean B0=75.5941 homogen=36732.4365
mean B0=75.7049 homogen=30133.9479
mean B0=71.7714 homogen=16097.8001
mean B0=86.2383 homogen=91825.5523
mean B0=75.3202 homogen=59821.9374
mean B0=71.2576 homogen=14744.2079
mean B0=79.1613 homogen=39809.1676
mean B0=74.7512 homogen=24615.7071
mean B0=72.8871 homogen=18096.9558
mean B0=74.1339 homogen=21473.7578
mean B0=73.0847 homogen=18845.0762
mean B0=85.697 homogen=84977.8576
mean B0=78.1875 homogen=37146.7197
mean B0=78.1271 homogen=36660.962
mean B0=75.4471 homogen=72013.6107
mean B0=74.557 homogen=61028.9651
mean B0=83.2808 homogen=70948.6002
mean B0=73.5595 homogen=37165.7282
mean B0=76.9375 homogen=30970.2235
mean B0=85.771 homogen=89511.2563
mean B0=73.9347 homogen=36247.2734
mean B0=76.31 homogen=52688.9974
mean B0=77.4021 homogen=31382.4896
mean B0=83.5704 homogen=54450.6126
mean B0=80.7383 homogen=50461.7939
mean B0=82.568 homogen=66696.1992
mean B0=86.9235 homogen=100843.9585
mean B0=84.6876 homogen=88107.8963
mean B0=79.095 homogen=39142.9319
mean B0=74.0004 homogen=20774.8901
mean B0=86.9656 homogen=99850.3932
mean B0=85.6939 homogen=85460.1245
mean B0=77.5029 homogen=33151.0645
mean B0=71.7573 homogen=43093.4535
   141 |     5640 |     40 |  0.000000E+00 |  0.000000E+00 |  0.0035062485 |             f
mean B0=78.1436 homogen=34679.1184
mean B0=74.6282 homogen=24212.068
mean B0=77.6645 homogen=33598.7585
mean B0=81.4119 homogen=66081.1042
mean B0=84.9853 homogen=79077.9404
mean B0=77.948 homogen=34160.9133
mean B0=87.0838 homogen=107320.1815
mean B0=72.9594 homogen=21613.6749
mean B0=82.5785 homogen=59446.1438
mean B0=80.7383 homogen=50461.7939
mean B0=69.6121 homogen=145703.0634
mean B0=77.5016 homogen=33018.0502
mean B0=85.9776 homogen=86712.2661
mean B0=84.0191 homogen=73472.5343
mean B0=82.8356 homogen=61140.2585
mean B0=70.227 homogen=26882.9753
mean B0=72.884 homogen=18114.5822
mean B0=81.7984 homogen=54782.387
mean B0=74.2009 homogen=21305.7858
mean B0=84.7895 homogen=78771.6693
mean B0=79.6794 homogen=42371.446
mean B0=80.3062 homogen=48387.0495
mean B0=48.567 homogen=115827.4848
mean B0=77.8712 homogen=32772.2884
mean B0=85.2531 homogen=81355.8656
mean B0=61.7079 homogen=274171.0753
mean B0=86.9213 homogen=99709.0275
mean B0=77.0183 homogen=31980.596
mean B0=60.0454 homogen=182502.8839
mean B0=59.4364 homogen=192393.626
mean B0=76.2613 homogen=30256.451
mean B0=74.7229 homogen=23999.7559
mean B0=69.7782 homogen=13234.6587
mean B0=71.6593 homogen=15690.8535
mean B0=78.8897 homogen=38165.01
mean B0=82.5964 homogen=69519.366
mean B0=81.8596 homogen=56448.1937
mean B0=86.9656 homogen=99850.3844
mean B0=67.8073 homogen=5835.719
mean B0=71.7337 homogen=15803.7656
   142 |     5680 |     40 |  0.000000E+00 |  0.000000E+00 |  0.0032314100 |             f
mean B0=82.9063 homogen=69443.7612
mean B0=84.8392 homogen=78398.1821
mean B0=75.2409 homogen=34739.0828
mean B0=86.6933 homogen=98134.8847
mean B0=77.4006 homogen=34295.8827
mean B0=79.181 homogen=39796.811
mean B0=77.8354 homogen=32666.8608
mean B0=87.1123 homogen=91387.1675
mean B0=78.7632 homogen=42763.361
mean B0=84.9908 homogen=86605.4136
mean B0=74.1896 homogen=21273.3355
mean B0=74.146 homogen=35684.245
mean B0=80.1938 homogen=47985.1906
mean B0=69.8952 homogen=9268.2025
mean B0=80.1414 homogen=98041.0203
mean B0=78.2622 homogen=34915.2429
mean B0=83.0172 homogen=69298.6241
mean B0=79.9015 homogen=90901.1074
mean B0=67.2952 homogen=5121.254
mean B0=79.219 homogen=45976.2234
mean B0=79.9582 homogen=43993.8299
mean B0=87.5966 homogen=106312.4891
mean B0=79.2901 homogen=50446.4368
mean B0=73.9511 homogen=26449.8021
mean B0=85.7445 homogen=85439.965
mean B0=86.4628 homogen=94728.1171
mean B0=82.5872 homogen=70429.557
mean B0=82.8705 homogen=69180.6847
mean B0=79.5254 homogen=41386.862
mean B0=70.1067 homogen=11163.9449
mean B0=80.7513 homogen=50499.9714
mean B0=78.5361 homogen=39353.1072
mean B0=80.7383 homogen=50457.1709
mean B0=55.7617 homogen=197038.3756
mean B0=71.8995 homogen=37720.6031
mean B0=86.9013 homogen=99519.2546
mean B0=79.7205 homogen=42738.8534
mean B0=76.7155 homogen=34120.6609
mean B0=79.1695 homogen=39786.1224
mean B0=73.5651 homogen=22647.9431
   143 |     5720 |     40 |  0.000000E+00 |  0.000000E+00 |  0.0014266958 |             f
mean B0=84.2141 homogen=80106.7154
mean B0=85.3637 homogen=87066.696
mean B0=84.7958 homogen=77997.0301
mean B0=72.0442 homogen=16259.7801
mean B0=84.1194 homogen=77913.8588
mean B0=69.0197 homogen=8185.0282
mean B0=80.7513 homogen=50499.9714
mean B0=82.4774 homogen=45872.9467
mean B0=86.4628 homogen=94728.1171
mean B0=82.8356 homogen=61140.2585
mean B0=81.7984 homogen=54782.387
mean B0=86.6933 homogen=98134.8847
mean B0=73.971 homogen=57751.6467
mean B0=81.9987 homogen=55806.1584
mean B0=81.4133 homogen=54121.0671
mean B0=69.8539 homogen=9221.5727
mean B0=78.2622 homogen=34915.2429
mean B0=87.5055 homogen=111147.4785
mean B0=42.774 homogen=128313.343
mean B0=84.8392 homogen=78398.1821
mean B0=73.798 homogen=28109.6189
mean B0=74.4973 homogen=22181.6632
mean B0=84.8989 homogen=77529.149
mean B0=80.195 homogen=45085.9844
mean B0=75.7904 homogen=29700.4251
mean B0=80.9166 homogen=63117.509
mean B0=66.4781 homogen=15436.9948
mean B0=72.8849 homogen=18102.8597
mean B0=75.5455 homogen=25308.6776
mean B0=79.5254 homogen=41386.862
mean B0=77.0183 homogen=31980.596
mean B0=70.9945 homogen=13647.3093
mean B0=77.2315 homogen=76600.0783
mean B0=79.4611 homogen=41041.6861
mean B0=84.4652 homogen=76184.8117
mean B0=69.4486 homogen=8300.1054
mean B0=85.697 homogen=84977.8576
mean B0=87.0562 homogen=107416.631
mean B0=76.1069 homogen=35824.7576
mean B0=86.9656 homogen=99850.3844
   144 |     5760 |     40 |  0.000000E+00 |  0.000000E+00 |  0.0035237374 |             f
mean B0=79.7603 homogen=37523.1434
mean B0=47.9892 homogen=110095.9127
mean B0=83.0331 homogen=69503.2939
mean B0=72.0619 homogen=16211.7575
mean B0=67.2952 homogen=5121.254
mean B0=85.2948 homogen=83481.0114
mean B0=72.5011 homogen=174646.3709
mean B0=75.424 homogen=25674.3326
mean B0=75.9834 homogen=229685.0666
mean B0=81.2921 homogen=40633.2214
mean B0=53.0767 homogen=74699.1237
mean B0=78.7964 homogen=32477.1713
mean B0=79.9747 homogen=43927.5895
mean B0=74.6354 homogen=19740.2693
mean B0=81.1918 homogen=50656.8068
mean B0=79.2438 homogen=39847.5524
mean B0=84.0783 homogen=73829.6832
mean B0=76.4721 homogen=28146.1446
mean B0=74.4973 homogen=22181.6632
mean B0=82.7287 homogen=60289.5395
mean B0=74.7168 homogen=58337.1905
mean B0=82.8242 homogen=61098.8322
mean B0=70.1478 homogen=20543.2742
mean B0=87.0609 homogen=107484.5802
mean B0=72.8871 homogen=18096.9558
mean B0=84.6611 homogen=78733.4027
mean B0=53.501 homogen=75111.2983
mean B0=79.0116 homogen=38787.9291
mean B0=65.1521 homogen=245144.0608
mean B0=81.8937 homogen=55295.5658
mean B0=84.1327 homogen=80459.437
mean B0=70.9945 homogen=13647.3093
mean B0=87.5055 homogen=111147.4785
mean B0=64.1839 homogen=124966.3876
mean B0=78.2472 homogen=34955.4532
mean B0=82.6661 homogen=66637.4727
mean B0=75.4942 homogen=25168.9734
mean B0=79.601 homogen=41723.498
mean B0=69.0197 homogen=8185.0282
mean B0=82.7161 homogen=68145.7932
   145 |     5800 |     40 |  0.000000E+00 |  0.000000E+00 |  0.0014340972 |             f
mean B0=49.9802 homogen=102831.4829
mean B0=84.6628 homogen=75628.9027
mean B0=67.2704 homogen=4964.4537
mean B0=72.1996 homogen=16725.2912
mean B0=72.8047 homogen=37709.7123
mean B0=80.1945 homogen=45085.2803
mean B0=87.1231 homogen=107340.3363
mean B0=85.7709 homogen=89510.2089
mean B0=71.7185 homogen=16037.1908
mean B0=73.3823 homogen=34803.9901
mean B0=84.0209 homogen=73483.8166
mean B0=81.9803 homogen=63817.0152
mean B0=85.8758 homogen=86724.572
mean B0=78.2525 homogen=34866.7891
mean B0=73.9676 homogen=20464.4097
mean B0=72.1622 homogen=29267.6317
mean B0=75.1409 homogen=59311.7222
mean B0=78.2684 homogen=34947.3461
mean B0=75.0293 homogen=87923.345
mean B0=83.4722 homogen=72108.2225
mean B0=82.245 homogen=107153.922
mean B0=64.1173 homogen=210412.0059
mean B0=74.5283 homogen=22264.8994
mean B0=76.8678 homogen=32752.1799
mean B0=70.9284 homogen=15581.9102
mean B0=81.9996 homogen=55793.1406
mean B0=82.8313 homogen=69138.157
mean B0=85.2741 homogen=81221.5579
mean B0=74.5576 homogen=22342.4688
mean B0=72.2138 homogen=25718.1366
mean B0=75.4834 homogen=25138.2815
mean B0=86.1335 homogen=92189.5827
mean B0=86.403 homogen=90513.5276
mean B0=83.2472 homogen=62257.1175
mean B0=76.5166 homogen=37244.1037
mean B0=80.4881 homogen=60906.298
mean B0=74.5578 homogen=43786.5764
mean B0=70.9889 homogen=13625.8517
mean B0=77.4326 homogen=34150.5416
mean B0=78.7004 homogen=37276.1817
   146 |     5840 |     40 |  0.000000E+00 |  0.000000E+00 |  0.0035502430 |             f
mean B0=84.9812 homogen=95940.8802
mean B0=71.6104 homogen=33917.5089
mean B0=76.6144 homogen=28839.9788
mean B0=77.0209 homogen=31979.7521
mean B0=83.2448 homogen=70038.0813
mean B0=69.8602 homogen=11730.6549
mean B0=71.7974 homogen=16280.2471
mean B0=82.5506 homogen=59042.4402
mean B0=83.741 homogen=70976.7496
mean B0=75.8663 homogen=26383.2697
mean B0=72.8612 homogen=40317.2991
mean B0=76.2533 homogen=30881.5734
mean B0=49.6388 homogen=105111.528
mean B0=68.0058 homogen=6333.7815
mean B0=66.5047 homogen=105842.7898
mean B0=81.7007 homogen=67418.2928
mean B0=78.7004 homogen=37276.1817
mean B0=80.2892 homogen=45313.0296
mean B0=86.4224 homogen=94548.5466
mean B0=51.0112 homogen=96966.8334
mean B0=78.0107 homogen=36197.2699
mean B0=63.379 homogen=203879.3884
mean B0=77.4326 homogen=34157.3627
mean B0=83.1805 homogen=69735.7377
mean B0=82.8973 homogen=69512.98
mean B0=83.7095 homogen=59363.1994
mean B0=85.1836 homogen=80616.3809
mean B0=85.1401 homogen=80564.604
mean B0=82.5648 homogen=59530.8437
mean B0=75.1975 homogen=24728.4627
mean B0=73.0134 homogen=34096.8708
mean B0=81.9704 homogen=73091.4755
mean B0=81.885 homogen=77777.3624
mean B0=56.7096 homogen=45336.0999
mean B0=70.2783 homogen=24706.3683
mean B0=75.5014 homogen=36752.9942
mean B0=80.7383 homogen=50457.1709
mean B0=82.4793 homogen=59223.0498
mean B0=81.7611 homogen=57486.2126
mean B0=83.3395 homogen=99541.2239
   147 |     5880 |     40 |  0.000000E+00 |  0.000000E+00 |  0.0031074253 |             f
mean B0=67.4509 homogen=9768.3833
mean B0=80.1606 homogen=44679.1821
mean B0=81.4133 homogen=54120.2943
mean B0=75.8956 homogen=26573.9932
mean B0=67.264 homogen=4976.1464
mean B0=86.6345 homogen=89540.2301
mean B0=70.9737 homogen=11033.5125
mean B0=82.5508 homogen=59033.2256
mean B0=73.8868 homogen=20542.2494
mean B0=53.2581 homogen=323219.4693
mean B0=75.7828 homogen=29775.2987
mean B0=83.741 homogen=70976.7496
mean B0=77.4287 homogen=34528.9071
mean B0=86.4529 homogen=94372.9048
mean B0=71.4415 homogen=14521.7671
mean B0=86.4112 homogen=115020.3923
mean B0=84.6628 homogen=75628.9027
mean B0=82.8898 homogen=61339.9048
mean B0=74.9179 homogen=40428.4322
mean B0=74.5462 homogen=41071.2921
mean B0=87.6156 homogen=112457.1524
mean B0=86.0099 homogen=88166.4406
mean B0=83.7233 homogen=71551.0597
mean B0=87.053 homogen=107152.9192
mean B0=77.0278 homogen=31978.0618
mean B0=77.6376 homogen=32731.4223
mean B0=73.1313 homogen=18936.8275
mean B0=69.0198 homogen=8173.8282
mean B0=83.7999 homogen=79436.2865
mean B0=81.1577 homogen=50369.638
mean B0=83.2429 homogen=59961.9673
mean B0=82.8707 homogen=69177.5684
mean B0=69.4444 homogen=29690.3525
mean B0=85.7694 homogen=86236.3856
mean B0=73.5179 homogen=19637.0292
mean B0=79.256 homogen=40064.816
mean B0=68.0058 homogen=6333.7815
mean B0=86.1804 homogen=91749.9893
mean B0=76.8878 homogen=32734.7648
mean B0=75.8169 homogen=60891.858
   148 |     5920 |     40 |  0.000000E+00 |  0.000000E+00 |  0.0054123257 |         ideal
mean B0=83.9116 homogen=72337.0475
mean B0=76.936 homogen=31150.5588
mean B0=69.0102 homogen=8257.9189
mean B0=84.2402 homogen=72896.3238
mean B0=77.5424 homogen=65030.7739
mean B0=68.0723 homogen=6333.7646
mean B0=80.3345 homogen=45410.6457
mean B0=78.4584 homogen=38607.6911
mean B0=71.2141 homogen=28853.9383
mean B0=84.9311 homogen=80598.1894
mean B0=86.3654 homogen=94242.612
mean B0=75.1613 homogen=26431.321
mean B0=77.7479 homogen=32180.0047
mean B0=75.3364 homogen=41997.7571
mean B0=87.191 homogen=108487.9236
mean B0=72.7955 homogen=18340.4561
mean B0=87.1769 homogen=99195.6368
mean B0=79.9817 homogen=62221.26
mean B0=72.2377 homogen=14508.0729
mean B0=82.0928 homogen=56363.7826
mean B0=76.8636 homogen=32827.5869
mean B0=70.3147 homogen=31729.0376
mean B0=77.5631 homogen=32386.047
mean B0=83.741 homogen=70976.5421
mean B0=76.5984 homogen=33055.5085
mean B0=87.0067 homogen=106668.757
mean B0=82.5036 homogen=58943.0096
mean B0=74.8428 homogen=28012.1033
mean B0=76.1377 homogen=29274.8082
mean B0=74.2222 homogen=21148.7652
mean B0=78.9669 homogen=38430.0564
mean B0=76.3622 homogen=31637.1966
mean B0=84.2032 homogen=83995.8945
mean B0=71.6299 homogen=35687.2726
mean B0=87.4911 homogen=111023.6871
mean B0=74.0462 homogen=28455.1433
mean B0=71.4482 homogen=14487.4497
mean B0=78.9271 homogen=38385.0273
mean B0=83.0123 homogen=71586.3079
mean B0=88.6619 homogen=116147.7278
   149 |     5960 |     40 |  0.000000E+00 |  0.000000E+00 |  0.0032235373 |             f
mean B0=69.8291 homogen=15589.1878
mean B0=81.0555 homogen=49930.2303
mean B0=72.3938 homogen=17423.3696
mean B0=71.4482 homogen=14487.4497
mean B0=85.1339 homogen=94606.6741
mean B0=81.9989 homogen=55795.2801
mean B0=79.44 homogen=40856.3418
mean B0=48.5328 homogen=108657.8492
mean B0=71.6505 homogen=23408.1418
mean B0=64.307 homogen=35073.9551
mean B0=75.9899 homogen=77379.0697
mean B0=56.5867 homogen=59503.8533
mean B0=73.079 homogen=38597.042
mean B0=82.0928 homogen=56363.7826
mean B0=78.6305 homogen=36855.5948
mean B0=85.9839 homogen=90624.0137
mean B0=77.9397 homogen=33397.6364
mean B0=79.3595 homogen=40438.0842
mean B0=85.6914 homogen=85102.8972
mean B0=76.2293 homogen=34947.3387
mean B0=70.1418 homogen=16482.7022
mean B0=75.2627 homogen=24919.4556
mean B0=73.9196 homogen=20327.6671
mean B0=72.1996 homogen=16725.2912
mean B0=77.3658 homogen=32171.1791
mean B0=78.8903 homogen=38162.8738
mean B0=76.3688 homogen=28049.9164
mean B0=66.8307 homogen=261156.2187
mean B0=81.5369 homogen=73858.0483
mean B0=88.3333 homogen=103131.1221
mean B0=75.9709 homogen=35980.3284
mean B0=85.4389 homogen=88461.7833
mean B0=86.0393 homogen=86626.0176
mean B0=76.4721 homogen=28146.1446
mean B0=85.7802 homogen=86163.1401
mean B0=84.9084 homogen=69537.8773
mean B0=80.6369 homogen=47250.2965
mean B0=82.7788 homogen=60928.7523
mean B0=56.6783 homogen=462199.1301
mean B0=56.8122 homogen=45211.9682
   150 |     6000 |     40 |  0.000000E+00 |  0.000000E+00 |  0.0022390618 |             f
mean B0=76.8651 homogen=30920.3911
mean B0=76.778 homogen=78024.2509
mean B0=73.8002 homogen=19999.3239
mean B0=88.3323 homogen=100937.7427
mean B0=78.1748 homogen=61845.3888
mean B0=87.6416 homogen=93720.4165
mean B0=76.6271 homogen=31609.5111
mean B0=81.9996 homogen=55793.1406
mean B0=74.9807 homogen=43181.5027
mean B0=86.4562 homogen=94411.3305
mean B0=75.8662 homogen=26383.0287
mean B0=81.0609 homogen=49945.6804
mean B0=85.8651 homogen=93155.2226
mean B0=75.0369 homogen=23921.9639
mean B0=71.9182 homogen=16357.4424
mean B0=83.741 homogen=70976.5421
mean B0=69.028 homogen=8181.5039
mean B0=70.1591 homogen=12020.0781
mean B0=78.0106 homogen=36196.5659
mean B0=87.502 homogen=90278.3445
mean B0=73.5566 homogen=19767.399
mean B0=68.3642 homogen=129015.5913
mean B0=81.2967 homogen=51254.7791
mean B0=84.3734 homogen=79806.906
mean B0=72.199 homogen=39505.8779
mean B0=79.3489 homogen=40488.8231
mean B0=77.435 homogen=33733.6471
mean B0=75.1241 homogen=20199.1283
mean B0=72.5705 homogen=50195.1923
mean B0=79.2991 homogen=40132.4785
mean B0=86.3654 homogen=94251.4937
mean B0=69.8246 homogen=123498.2653
mean B0=86.4159 homogen=93917.1301
mean B0=65.0869 homogen=226981.7345
mean B0=83.9099 homogen=71595.421
mean B0=77.7951 homogen=252525.5068
mean B0=78.5281 homogen=36477.4217
mean B0=71.1787 homogen=12682.3729
mean B0=86.9649 homogen=99856.8917
mean B0=85.6563 homogen=105664.9392
   151 |     6040 |     40 |  0.000000E+00 |  0.000000E+00 |  0.0025609644 |             f
mean B0=74.8385 homogen=23796.3973
mean B0=73.8669 homogen=20185.8
mean B0=71.9871 homogen=17204.7768
mean B0=77.0238 homogen=32247.3939
mean B0=81.9995 homogen=55796.5063
mean B0=71.1065 homogen=17978.6756
mean B0=72.9443 homogen=47184.7081
mean B0=69.028 homogen=8181.5039
mean B0=69.0199 homogen=8172.1978
mean B0=86.4044 homogen=93807.8647
mean B0=59.2029 homogen=266447.1772
mean B0=81.2992 homogen=51258.9507
mean B0=77.6256 homogen=58517.4311
mean B0=83.734 homogen=70994.3426
mean B0=76.8651 homogen=30920.3911
mean B0=86.8449 homogen=99683.9137
mean B0=87.0903 homogen=106974.274
mean B0=73.4505 homogen=19417.6689
mean B0=79.8163 homogen=47420.3138
mean B0=79.4277 homogen=40793.8258
mean B0=71.3122 homogen=22966.1895
mean B0=78.9508 homogen=38471.4972
mean B0=76.7764 homogen=31452.1023
mean B0=80.5292 homogen=86030.7417
mean B0=74.5575 homogen=22355.5059
mean B0=68.8577 homogen=11327.1067
mean B0=75.6535 homogen=31720.6398
mean B0=87.0067 homogen=106668.757
mean B0=84.899 homogen=77524.4332
mean B0=84.9798 homogen=81103.2515
mean B0=87.3529 homogen=108604.5148
mean B0=86.007 homogen=88174.9223
mean B0=75.9361 homogen=31775.1425
mean B0=80.1657 homogen=44660.231
mean B0=87.6156 homogen=112457.1524
mean B0=75.9648 homogen=26717.2327
mean B0=86.8194 homogen=98077.5577
mean B0=84.7741 homogen=76433.0892
mean B0=80.0266 homogen=43865.6049
mean B0=85.7092 homogen=85120.6576
   152 |     6080 |     40 |  0.000000E+00 |  0.000000E+00 |  0.0013967560 |             f
mean B0=81.9996 homogen=55793.1406
mean B0=82.0575 homogen=62993.6671
mean B0=75.8837 homogen=26500.6649
mean B0=78.5088 homogen=41335.2095
mean B0=83.2854 homogen=85663.2106
mean B0=77.5618 homogen=33175.6985
mean B0=62.6599 homogen=190672.3843
mean B0=75.4274 homogen=25413.2878
mean B0=73.7153 homogen=41595.7534
mean B0=75.8662 homogen=26384.4277
mean B0=79.6255 homogen=41796.77
mean B0=70.4053 homogen=18117.9803
mean B0=82.4285 homogen=58338.3994
mean B0=80.6368 homogen=47249.4476
mean B0=57.4172 homogen=52012.7935
mean B0=72.0545 homogen=17610.1442
mean B0=72.0703 homogen=16912.1281
mean B0=75.5141 homogen=246596.3468
mean B0=73.5104 homogen=87533.2329
mean B0=86.4044 homogen=93808.1286
mean B0=86.0099 homogen=88166.4406
mean B0=79.637 homogen=41871.3582
mean B0=64.116 homogen=210019.5749
mean B0=67.2277 homogen=32443.2177
mean B0=78.0273 homogen=41547.3863
mean B0=71.8819 homogen=16716.9197
mean B0=79.7164 homogen=42403.6687
mean B0=68.6792 homogen=7334.3455
mean B0=58.6928 homogen=158600.7832
mean B0=72.7955 homogen=18340.4561
mean B0=87.2928 homogen=108637.46
mean B0=72.4286 homogen=25133.453
mean B0=84.5939 homogen=76433.4918
mean B0=83.741 homogen=70976.5421
mean B0=81.1235 homogen=50230.3483
mean B0=86.9074 homogen=99291.4555
mean B0=78.7971 homogen=38936.2485
mean B0=87.4551 homogen=90389.8277
mean B0=77.9257 homogen=33415.7309
mean B0=81.9996 homogen=55792.2294
   153 |     6120 |     40 |  0.000000E+00 |  0.000000E+00 |  0.0037556082 |             f
mean B0=86.5768 homogen=98422.3196
mean B0=87.4519 homogen=93196.9934
mean B0=82.4335 homogen=58344.1166
mean B0=77.5592 homogen=32841.195
mean B0=65.9142 homogen=243661.2352
mean B0=48.9808 homogen=111187.9574
mean B0=69.8707 homogen=9482.5652
mean B0=80.1453 homogen=44719.155
mean B0=81.1512 homogen=50306.9392
mean B0=79.44 homogen=40856.874
mean B0=76.249 homogen=21749.8919
mean B0=78.4001 homogen=35650.4308
mean B0=72.1397 homogen=28830.6447
mean B0=69.7602 homogen=9870.6659
mean B0=81.266 homogen=45468.8893
mean B0=85.6884 homogen=106968.1449
mean B0=67.2607 homogen=4970.4747
mean B0=85.2954 homogen=83478.3009
mean B0=72.0689 homogen=16909.416
mean B0=75.4335 homogen=29051.0175
mean B0=84.0877 homogen=71682.3451
mean B0=73.8485 homogen=20048.8793
mean B0=87.2885 homogen=108627.6652
mean B0=86.4582 homogen=94323.5656
mean B0=79.0063 homogen=38660.4702
mean B0=83.5916 homogen=69789.8846
mean B0=77.9733 homogen=31768.1554
mean B0=87.639 homogen=112271.8564
mean B0=83.5033 homogen=57692.0401
mean B0=86.4044 homogen=93808.0056
mean B0=85.2741 homogen=81221.5579
mean B0=76.3171 homogen=63656.156
mean B0=82.8779 homogen=70341.1908
mean B0=79.5209 homogen=46671.5434
mean B0=81.9996 homogen=55792.2294
mean B0=74.5312 homogen=22969.8445
mean B0=71.0041 homogen=34986.6837
mean B0=71.7185 homogen=16037.1908
mean B0=68.6809 homogen=7338.2677
mean B0=86.517 homogen=95808.9301
   154 |     6160 |     40 |  0.000000E+00 |  0.000000E+00 |  0.0032512826 |             f
mean B0=71.1196 homogen=11201.115
mean B0=76.0885 homogen=29219.9089
mean B0=82.4375 homogen=58347.5462
mean B0=79.1562 homogen=99500.4579
mean B0=87.742 homogen=112370.6597
mean B0=80.1657 homogen=44660.231
mean B0=82.3191 homogen=63589.9429
mean B0=84.2362 homogen=72881.0919
mean B0=78.5797 homogen=37793.4839
mean B0=79.5006 homogen=41349.1374
mean B0=69.5217 homogen=9036.1083
mean B0=76.6507 homogen=234321.6545
mean B0=77.6611 homogen=31772.1657
mean B0=75.0124 homogen=29442.7652
mean B0=53.4351 homogen=69691.5531
mean B0=86.95 homogen=98804.8318
mean B0=82.8898 homogen=61339.9048
mean B0=74.4514 homogen=44508.2513
mean B0=73.5147 homogen=19406.6413
mean B0=77.3139 homogen=32381.3563
mean B0=78.1832 homogen=37444.6988
mean B0=77.5763 homogen=103574.6583
mean B0=75.3978 homogen=25366.8177
mean B0=73.7605 homogen=41852.228
mean B0=76.8419 homogen=30783.1045
mean B0=69.9476 homogen=126499.0394
mean B0=75.0891 homogen=25991.2862
mean B0=81.1273 homogen=50243.8601
mean B0=71.3961 homogen=14435.0583
mean B0=81.4971 homogen=81255.7249
mean B0=78.5886 homogen=36764.7399
mean B0=82.0417 homogen=56136.4889
mean B0=75.09 homogen=24057.7048
mean B0=88.0938 homogen=98501.1726
mean B0=84.7742 homogen=76433.1887
mean B0=80.7559 homogen=47911.7782
mean B0=81.9996 homogen=55792.2294
mean B0=79.7361 homogen=107711.6543
mean B0=85.7677 homogen=85858.2647
mean B0=80.2306 homogen=89190.5273
   155 |     6200 |     40 |  0.000000E+00 |  0.000000E+00 |  0.0050304267 |         ideal
mean B0=83.5924 homogen=69795.7041
mean B0=74.8683 homogen=28776.4991
mean B0=78.4818 homogen=35927.0281
mean B0=77.1514 homogen=89547.5253
mean B0=85.5966 homogen=83909.3726
mean B0=78.6256 homogen=36703.4677
mean B0=80.6413 homogen=47496.4586
mean B0=79.5801 homogen=104836.8132
mean B0=80.7553 homogen=47913.1212
mean B0=86.9678 homogen=99879.3819
mean B0=74.4913 homogen=22162.4698
mean B0=82.4994 homogen=58720.9424
mean B0=86.6338 homogen=97091.6951
mean B0=82.8898 homogen=61339.9048
mean B0=80.1657 homogen=44660.231
mean B0=74.2905 homogen=22898.3491
mean B0=67.2704 homogen=4964.4537
mean B0=71.2023 homogen=14857.2561
mean B0=74.9064 homogen=37337.3706
mean B0=55.5514 homogen=58969.1594
mean B0=57.3574 homogen=190805.1783
mean B0=76.8755 homogen=32692.8107
mean B0=84.1857 homogen=72488.6607
mean B0=77.4182 homogen=34001.6258
mean B0=79.484 homogen=41146.162
mean B0=69.3852 homogen=9152.4534
mean B0=87.2358 homogen=108125.6679
mean B0=87.6125 homogen=110837.598
mean B0=72.7938 homogen=22134.5473
mean B0=85.2931 homogen=83449.8364
mean B0=76.0352 homogen=26960.9435
mean B0=85.9483 homogen=87602.5782
mean B0=88.1169 homogen=106482.2556
mean B0=79.5006 homogen=41349.1374
mean B0=76.8419 homogen=30783.1045
mean B0=83.3853 homogen=66058.9939
mean B0=68.0723 homogen=6333.7646
mean B0=70.3034 homogen=11018.8138
mean B0=85.4361 homogen=84296.9854
mean B0=71.3951 homogen=14440.2502
   156 |     6240 |     40 |  0.000000E+00 |  0.000000E+00 |  0.0025106258 |             f
mean B0=79.8531 homogen=43025.8379
mean B0=74.7033 homogen=28418.1284
mean B0=79.035 homogen=38804.7994
mean B0=86.2223 homogen=93449.4771
mean B0=76.5014 homogen=35742.7888
mean B0=72.2781 homogen=32018.9588
mean B0=68.0723 homogen=6333.7646
mean B0=81.8441 homogen=55070.8258
mean B0=68.0821 homogen=6357.2663
mean B0=80.6479 homogen=47715.9744
mean B0=80.4534 homogen=55273.9439
mean B0=86.6338 homogen=97091.6951
mean B0=84.7736 homogen=76783.7023
mean B0=86.4042 homogen=93808.6501
mean B0=73.9481 homogen=20407.9403
mean B0=86.9781 homogen=99161.4407
mean B0=76.3866 homogen=34076.4364
mean B0=76.5673 homogen=31979.8201
mean B0=80.3543 homogen=46997.0533
mean B0=87.2801 homogen=103119.0438
mean B0=72.7469 homogen=41343.9549
mean B0=85.2632 homogen=83153.4714
mean B0=76.9743 homogen=36117.8296
mean B0=79.1916 homogen=53003.283
mean B0=82.9943 homogen=68114.2228
mean B0=59.1572 homogen=198679.204
mean B0=76.8709 homogen=73025.4183
mean B0=72.7859 homogen=18313.1125
mean B0=79.1685 homogen=101160.8279
mean B0=74.6033 homogen=29753.2697
mean B0=67.2704 homogen=4964.4537
mean B0=84.2402 homogen=72896.3238
mean B0=70.9438 homogen=13441.3054
mean B0=81.2993 homogen=51263.2685
mean B0=88.4225 homogen=88570.3662
mean B0=84.3699 homogen=80155.2566
mean B0=69.1776 homogen=11306.1912
mean B0=71.2599 homogen=36379.3267
mean B0=86.0098 homogen=88169.8644
mean B0=84.3698 homogen=83768.5128
   157 |     6280 |     40 |  0.000000E+00 |  0.000000E+00 |  0.0030735836 |             f
mean B0=75.45 homogen=39417.8813
mean B0=68.0774 homogen=126383.8462
mean B0=68.9364 homogen=16379.6169
mean B0=70.6696 homogen=20709.6921
mean B0=81.8441 homogen=55070.8258
mean B0=77.1918 homogen=35629.8204
mean B0=79.493 homogen=98396.433
mean B0=58.3025 homogen=207943.8997
mean B0=79.0947 homogen=39115.4394
mean B0=58.9183 homogen=187016.6505
mean B0=78.9373 homogen=38316.908
mean B0=85.2719 homogen=83167.0997
mean B0=86.3988 homogen=93831.8644
mean B0=87.2782 homogen=108094.7929
mean B0=75.7411 homogen=33474.6179
mean B0=86.1885 homogen=90110.2017
mean B0=79.8531 homogen=43025.8379
mean B0=63.4741 homogen=200108.1098
mean B0=81.636 homogen=56566.3628
mean B0=80.9291 homogen=99900.0721
mean B0=69.7083 homogen=20298.133
mean B0=82.9389 homogen=61668.1156
mean B0=72.6893 homogen=26918.5943
mean B0=74.9601 homogen=42916.1678
mean B0=84.7742 homogen=76433.1887
mean B0=82.0879 homogen=65235.7067
mean B0=73.6062 homogen=39230.0271
mean B0=77.1384 homogen=32160.2149
mean B0=81.2378 homogen=50883.741
mean B0=70.9645 homogen=13469.1713
mean B0=76.898 homogen=30916.4203
mean B0=80.7483 homogen=47891.6632
mean B0=81.3029 homogen=51250.7342
mean B0=84.6215 homogen=75650.3714
mean B0=81.8961 homogen=101674.9007
mean B0=87.0874 homogen=101038.0861
mean B0=84.7741 homogen=76433.0892
mean B0=85.9556 homogen=87553.6375
mean B0=71.3045 homogen=11855.0353
mean B0=75.4008 homogen=43198.6491
   158 |     6320 |     40 |  0.000000E+00 |  0.000000E+00 |  0.0015679356 |             f
mean B0=76.7541 homogen=79535.2454
mean B0=78.9373 homogen=38316.908
mean B0=75.9513 homogen=34850.428
mean B0=73.0568 homogen=22775.6564
mean B0=86.3983 homogen=93796.3844
mean B0=80.0425 homogen=60060.4885
mean B0=82.3972 homogen=58190.5108
mean B0=85.8295 homogen=87281.1522
mean B0=82.4366 homogen=58327.0671
mean B0=73.3202 homogen=56974.0679
mean B0=85.4522 homogen=82383.5305
mean B0=75.2233 homogen=29155.9879
mean B0=84.6215 homogen=75647.9802
mean B0=53.2987 homogen=72515.5699
mean B0=77.0686 homogen=31905.831
mean B0=76.0414 homogen=29250.7033
mean B0=74.5576 homogen=22342.6633
mean B0=83.9049 homogen=70358.2172
mean B0=87.7414 homogen=112368.6168
mean B0=72.1698 homogen=30158.5106
mean B0=78.2234 homogen=34638.2959
mean B0=71.3961 homogen=14435.0583
mean B0=87.5068 homogen=105639.748
mean B0=78.436 homogen=37397.048
mean B0=87.9215 homogen=92028.8945
mean B0=72.2435 homogen=30063.6563
mean B0=85.2665 homogen=80483.5931
mean B0=81.0897 homogen=49943.6735
mean B0=82.9398 homogen=61687.9037
mean B0=77.2221 homogen=35472.031
mean B0=80.31 homogen=45425.6503
mean B0=74.4943 homogen=34878.3543
mean B0=64.0309 homogen=208662.0576
mean B0=84.601 homogen=75476.7463
mean B0=67.3212 homogen=5194.6828
mean B0=76.0008 homogen=27130.6986
mean B0=72.7859 homogen=18311.9246
mean B0=81.5317 homogen=54664.908
mean B0=81.8437 homogen=55066.5472
mean B0=78.0524 homogen=37626.4907
   159 |     6360 |     40 |  0.000000E+00 |  0.000000E+00 |  0.0046585451 |             f
mean B0=68.9599 homogen=8359.8401
mean B0=84.8835 homogen=76986.5472
mean B0=74.6422 homogen=22601.9166
mean B0=82.4423 homogen=59444.1022
mean B0=79.0947 homogen=39115.4394
mean B0=84.254 homogen=80464.5337
mean B0=77.8303 homogen=34320.3856
mean B0=69.7696 homogen=9895.2745
mean B0=78.4357 homogen=37394.1721
mean B0=81.6457 homogen=53812.3744
mean B0=90.8163 homogen=110186.5514
mean B0=85.5966 homogen=83909.3726
mean B0=75.867 homogen=28381.3809
mean B0=76.5517 homogen=234019.6796
mean B0=82.4076 homogen=58155.9756
mean B0=86.5757 homogen=95423.5907
mean B0=75.747 homogen=246836.4958
mean B0=85.4509 homogen=82998.913
mean B0=75.8295 homogen=33083.4735
mean B0=80.1116 homogen=44421.9323
mean B0=69.6666 homogen=10426.4167
mean B0=76.3192 homogen=28545.6969
mean B0=72.7047 homogen=18102.6414
mean B0=65.056 homogen=136460.1643
mean B0=77.1384 homogen=32160.2149
mean B0=72.619 homogen=35983.485
mean B0=79.6443 homogen=47873.2082
mean B0=68.0723 homogen=6333.7646
mean B0=80.31 homogen=45417.2954
mean B0=56.9876 homogen=53373.3309
mean B0=84.9857 homogen=118581.6264
mean B0=73.3838 homogen=20012.989
mean B0=75.2181 homogen=71941.1291
mean B0=77.9743 homogen=33272.7184
mean B0=78.2138 homogen=34672.7385
mean B0=84.5883 homogen=75422.956
mean B0=81.7375 homogen=47408.8773
mean B0=81.4861 homogen=52550.6391
mean B0=78.4146 homogen=64320.1465
mean B0=79.6131 homogen=45687.0818
   160 |     6400 |     40 |  0.000000E+00 |  0.000000E+00 |  0.0023162253 |             f
mean B0=76.9864 homogen=79334.9925
mean B0=71.3961 homogen=14435.0583
mean B0=76.1994 homogen=30595.412
mean B0=90.1793 homogen=105416.04
mean B0=83.925 homogen=72367.0857
mean B0=80.5871 homogen=62036.5886
mean B0=80.0053 homogen=43804.4468
mean B0=85.6213 homogen=84012.212
mean B0=79.8257 homogen=52379.88
mean B0=81.7428 homogen=54277.6591
mean B0=79.1303 homogen=45191.1193
mean B0=86.0091 homogen=88813.4701
mean B0=75.0178 homogen=85039.5599
mean B0=73.5147 homogen=19406.6413
mean B0=62.8895 homogen=221367.6767
mean B0=81.882 homogen=54773.3711
mean B0=83.3362 homogen=90708.2967
mean B0=67.2104 homogen=5012.8056
mean B0=74.4369 homogen=22037.6098
mean B0=76.0385 homogen=62915.6421
mean B0=74.917 homogen=42632.8558
mean B0=84.5883 homogen=75422.956
mean B0=70.2607 homogen=11451.2201
mean B0=64.529 homogen=162846.1102
mean B0=75.5198 homogen=212240.1963
mean B0=80.6029 homogen=46982.8041
mean B0=81.0834 homogen=58388.9409
mean B0=55.5776 homogen=58408.1741
mean B0=73.3812 homogen=17078.5085
mean B0=86.4103 homogen=93810.0609
mean B0=84.4246 homogen=82011.5846
mean B0=80.1595 homogen=44523.606
mean B0=78.0131 homogen=34029.2801
mean B0=86.4044 homogen=93807.8647
mean B0=78.2415 homogen=34728.6259
mean B0=87.3382 homogen=87375.6882
mean B0=77.055 homogen=32077.8605
mean B0=78.0504 homogen=33664.0506
mean B0=72.8963 homogen=18448.2895
mean B0=50.1674 homogen=101851.1022
   161 |     6440 |     40 |  0.000000E+00 |  0.000000E+00 |  0.0034399502 |             f
mean B0=83.0111 homogen=62181.4449
mean B0=83.5659 homogen=67462.01
mean B0=70.9945 homogen=13647.3093
mean B0=81.3875 homogen=45822.047
mean B0=69.8263 homogen=10793.3088
mean B0=87.7414 homogen=112368.259
mean B0=85.2664 homogen=80482.5611
mean B0=64.7079 homogen=27131.7515
mean B0=79.8254 homogen=42790.4826
mean B0=81.5598 homogen=53020.9405
mean B0=77.7625 homogen=32539.8521
mean B0=84.5636 homogen=84504.9825
mean B0=57.8947 homogen=46686.6063
mean B0=82.4076 homogen=58155.9756
mean B0=84.4639 homogen=82327.0958
mean B0=87.2873 homogen=103134.0135
mean B0=72.5183 homogen=163542.3485
mean B0=86.1883 homogen=90113.3028
mean B0=50.658 homogen=99585.7232
mean B0=74.6392 homogen=22589.9874
mean B0=80.0898 homogen=44180.1729
mean B0=80.5266 homogen=37998.8421
mean B0=72.7047 homogen=18103.5138
mean B0=71.1246 homogen=20064.1157
mean B0=69.0301 homogen=8177.8246
mean B0=68.0826 homogen=6355.4172
mean B0=83.5923 homogen=69795.4295
mean B0=56.1388 homogen=60409.8434
mean B0=81.1482 homogen=50350.6764
mean B0=82.8135 homogen=60840.3473
mean B0=74.6142 homogen=22524.1926
mean B0=79.2579 homogen=42584.2235
mean B0=85.1693 homogen=79536.786
mean B0=84.8835 homogen=76986.5472
mean B0=77.9351 homogen=35235.0444
mean B0=87.7341 homogen=112362.1647
mean B0=86.4881 homogen=94942.3283
mean B0=78.2415 homogen=34730.5252
mean B0=77.2038 homogen=31731.8421
mean B0=67.2742 homogen=4927.0243
   162 |     6480 |     40 |  0.000000E+00 |  0.000000E+00 |  0.0028950357 |             f
mean B0=74.2938 homogen=36390.1412
mean B0=86.1885 homogen=90110.2017
mean B0=81.764 homogen=65427.5977
mean B0=78.8727 homogen=38104.2013
mean B0=77.4942 homogen=37439.5904
mean B0=78.1001 homogen=35957.5001
mean B0=81.4451 homogen=52360.1502
mean B0=60.7057 homogen=177559.0703
mean B0=75.0673 homogen=55404.0096
mean B0=60.033 homogen=177638.9996
mean B0=83.1914 homogen=79348.829
mean B0=83.0375 homogen=62300.9137
mean B0=78.94 homogen=31944.1204
mean B0=86.9615 homogen=99281.1886
mean B0=81.709 homogen=59615.3329
mean B0=81.3124 homogen=122055.3682
mean B0=84.8517 homogen=76795.8118
mean B0=80.7287 homogen=47777.7353
mean B0=75.6426 homogen=33150.8625
mean B0=80.8436 homogen=52323.0808
mean B0=69.8456 homogen=20400.6904
mean B0=84.1857 homogen=72488.6607
mean B0=79.0947 homogen=39115.4394
mean B0=76.8103 homogen=55380.6118
mean B0=84.025 homogen=78775.8659
mean B0=70.7208 homogen=14369.3311
mean B0=86.6675 homogen=97013.4094
mean B0=84.4441 homogen=85085.7995
mean B0=78.8939 homogen=34143.2605
mean B0=43.8376 homogen=118455.4005
mean B0=74.5458 homogen=27083.1177
mean B0=74.5387 homogen=22292.1841
mean B0=85.5994 homogen=83975.5235
mean B0=88.6166 homogen=105643.0199
mean B0=80.4131 homogen=46110.6112
mean B0=64.9721 homogen=106597.0593
mean B0=72.661 homogen=17990.1018
mean B0=86.4358 homogen=94330.8769
mean B0=76.8397 homogen=47197.0328
mean B0=81.4447 homogen=45450.2666
   163 |     6520 |     40 |  0.000000E+00 |  0.000000E+00 |  0.0019905153 |             f
mean B0=83.0031 homogen=103352.2511
mean B0=84.1857 homogen=72488.6607
mean B0=83.5795 homogen=69740.9426
mean B0=83.9551 homogen=64277.7389
mean B0=71.3958 homogen=14421.7384
mean B0=75.4447 homogen=38639.231
mean B0=78.2433 homogen=34533.3244
mean B0=75.4481 homogen=33161.0846
mean B0=77.0678 homogen=36318.597
mean B0=86.506 homogen=99016.5526
mean B0=85.0924 homogen=79016.1209
mean B0=87.4381 homogen=104844.055
mean B0=73.3533 homogen=50867.243
mean B0=80.0831 homogen=44360.4517
mean B0=61.387 homogen=115098.2293
mean B0=83.22 homogen=56669.6603
mean B0=68.6523 homogen=7292.6627
mean B0=75.6803 homogen=25818.9439
mean B0=80.2587 homogen=48567.7433
mean B0=72.661 homogen=17990.1018
mean B0=88.8396 homogen=104791.5542
mean B0=80.4131 homogen=46110.6112
mean B0=84.896 homogen=77057.6074
mean B0=86.5076 homogen=94787.101
mean B0=84.2514 homogen=72944.6093
mean B0=79.7461 homogen=42606.3245
mean B0=79.5695 homogen=41529.8546
mean B0=82.5587 homogen=77826.3759
mean B0=80.0467 homogen=43941.2582
mean B0=86.4367 homogen=93906.2225
mean B0=85.3564 homogen=81544.5581
mean B0=79.1347 homogen=41841.7858
mean B0=78.1011 homogen=33902.7915
mean B0=78.9996 homogen=40917.7754
mean B0=67.8089 homogen=31105.6036
mean B0=87.7419 homogen=112371.0625
mean B0=70.3849 homogen=12112.2199
mean B0=85.6209 homogen=84032.8164
mean B0=77.2234 homogen=34911.3241
mean B0=74.9605 homogen=19754.7392
   164 |     6560 |     40 |  0.000000E+00 |  0.000000E+00 |  0.0043250042 |             f
mean B0=79.2903 homogen=40544.2317
mean B0=70.1073 homogen=17285.5448
mean B0=68.3156 homogen=14463.2405
mean B0=74.6422 homogen=22601.9166
mean B0=83.0371 homogen=62305.3562
mean B0=78.8921 homogen=40425.1955
mean B0=85.5758 homogen=83520.7831
mean B0=80.5066 homogen=46450.1726
mean B0=86.7375 homogen=96631.9116
mean B0=60.0816 homogen=175930.7375
mean B0=74.4366 homogen=22039.3928
mean B0=72.5004 homogen=18343.9634
mean B0=74.8988 homogen=28982.2417
mean B0=81.2552 homogen=60065.1376
mean B0=81.6277 homogen=60919.985
mean B0=85.4569 homogen=82424.6961
mean B0=85.3564 homogen=81544.5581
mean B0=75.163 homogen=35719.3869
mean B0=80.6825 homogen=48649.8008
mean B0=86.7862 homogen=97052.4919
mean B0=77.0879 homogen=69687.5999
mean B0=71.1561 homogen=15581.1284
mean B0=87.5064 homogen=105631.3266
mean B0=57.7459 homogen=54345.6981
mean B0=87.28 homogen=103099.3757
mean B0=78.344 homogen=35193.4392
mean B0=83.6384 homogen=70087.6387
mean B0=78.7794 homogen=37745.5762
mean B0=83.7455 homogen=71751.1585
mean B0=82.4425 homogen=48710.6919
mean B0=75.965 homogen=26718.6301
mean B0=77.146 homogen=32378.7397
mean B0=78.0904 homogen=89353.284
mean B0=74.243 homogen=26077.3248
mean B0=71.7697 homogen=14788.8337
mean B0=81.5175 homogen=52449.7431
mean B0=87.7341 homogen=112362.1647
mean B0=86.4452 homogen=94125.8664
mean B0=67.5536 homogen=6731.7635
mean B0=77.794 homogen=32691.1517
   165 |     6600 |     40 |  0.000000E+00 |  0.000000E+00 |  0.0023083614 |             f
mean B0=71.4608 homogen=170284.7005
mean B0=83.3861 homogen=66049.2704
mean B0=84.2515 homogen=72945.9878
mean B0=77.8794 homogen=32992.5395
mean B0=72.8332 homogen=26816.3785
mean B0=79.4834 homogen=41219.5749
mean B0=78.5399 homogen=38930.269
mean B0=87.5051 homogen=105624.3733
mean B0=72.9519 homogen=18906.9595
mean B0=79.9013 homogen=43199.2429
mean B0=71.5836 homogen=14170.4939
mean B0=82.8133 homogen=60842.7968
mean B0=86.3856 homogen=94135.6353
mean B0=71.6482 homogen=150302.477
mean B0=78.2153 homogen=34818.0122
mean B0=78.4458 homogen=43348.4209
mean B0=69.0301 homogen=8177.8246
mean B0=76.1768 homogen=41146.169
mean B0=71.5402 homogen=22977.1187
mean B0=77.8484 homogen=34737.2323
mean B0=76.992 homogen=31574.6625
mean B0=83.5923 homogen=69820.594
mean B0=83.7457 homogen=71751.1377
mean B0=77.6532 homogen=105593.0285
mean B0=62.6726 homogen=130943.5585
mean B0=76.6425 homogen=29947.3701
mean B0=74.8352 homogen=28965.405
mean B0=86.227 homogen=84156.9384
mean B0=85.6078 homogen=86716.8002
mean B0=79.3871 homogen=45548.6927
mean B0=87.8665 homogen=115047.9682
mean B0=78.3436 homogen=35195.9264
mean B0=67.8489 homogen=7088.7258
mean B0=82.1461 homogen=62779.6184
mean B0=87.3119 homogen=102885.9136
mean B0=77.7513 homogen=80237.692
mean B0=63.8073 homogen=197719.7629
mean B0=75.5667 homogen=32514.8692
mean B0=76.0514 homogen=45649.848
mean B0=77.8874 homogen=32889.8858
   166 |     6640 |     40 |  0.000000E+00 |  0.000000E+00 |  0.0060468441 |         ideal
mean B0=73.4115 homogen=43563.4597
mean B0=71.3626 homogen=14368.8184
mean B0=84.6346 homogen=65673.2194
mean B0=74.4387 homogen=22045.9829
mean B0=83.0376 homogen=62297.3492
mean B0=80.2375 homogen=45008.971
mean B0=78.1767 homogen=34467.3401
mean B0=79.3906 homogen=85044.8881
mean B0=78.88 homogen=38114.6447
mean B0=74.8795 homogen=23790.3117
mean B0=75.9227 homogen=26855.1874
mean B0=86.4367 homogen=93906.2225
mean B0=73.8946 homogen=192432.538
mean B0=80.6824 homogen=48650.3329
mean B0=80.0272 homogen=44097.5241
mean B0=86.9722 homogen=99484.4694
mean B0=76.3192 homogen=28545.6969
mean B0=78.688 homogen=39859.6217
mean B0=70.5027 homogen=10609.1939
mean B0=87.3165 homogen=102896.2438
mean B0=71.4052 homogen=211194.1185
mean B0=42.9655 homogen=126256.084
mean B0=81.9192 homogen=66679.3075
mean B0=58.4848 homogen=43759.452
mean B0=72.9241 homogen=18810.8484
mean B0=84.8498 homogen=77327.1003
mean B0=82.2248 homogen=49692.2274
mean B0=79.4278 homogen=40674.5239
mean B0=83.4829 homogen=69390.4604
mean B0=76.9544 homogen=31708.085
mean B0=67.3059 homogen=5209.8632
mean B0=84.2515 homogen=72945.9878
mean B0=79.5699 homogen=41927.8951
mean B0=81.1481 homogen=50347.7644
mean B0=80.3003 homogen=45160.7405
mean B0=86.4073 homogen=85533.6841
mean B0=69.0301 homogen=8177.8246
mean B0=87.254 homogen=102031.8904
mean B0=71.7697 homogen=14788.8337
mean B0=86.0064 homogen=88797.061
   167 |     6680 |     40 |  0.000000E+00 |  0.000000E+00 |  0.0011325160 |             f
mean B0=77.4637 homogen=36253.8657
mean B0=77.3587 homogen=80082.8703
mean B0=81.8649 homogen=54824.871
mean B0=71.2905 homogen=16108.592
mean B0=87.6192 homogen=96451.8178
mean B0=86.4879 homogen=94520.1405
mean B0=81.1482 homogen=50350.6764
mean B0=82.5458 homogen=60040.0715
mean B0=76.9038 homogen=31536.0918
mean B0=83.7457 homogen=71751.1377
mean B0=78.2244 homogen=60678.794
mean B0=69.4534 homogen=10042.9395
mean B0=69.7877 homogen=11149.1214
mean B0=70.1862 homogen=17965.9915
mean B0=70.9085 homogen=19318.5242
mean B0=57.3583 homogen=48388.4954
mean B0=74.437 homogen=22039.542
mean B0=84.2515 homogen=72945.9878
mean B0=86.027 homogen=88693.7883
mean B0=79.6652 homogen=42029.23
mean B0=75.339 homogen=41995.4894
mean B0=81.2337 homogen=46323.5832
mean B0=83.4044 homogen=65980.2601
mean B0=68.8125 homogen=18320.9527
mean B0=79.7386 homogen=42271.1093
mean B0=87.2022 homogen=101463.1732
mean B0=86.9781 homogen=99161.4407
mean B0=79.7599 homogen=42488.4539
mean B0=76.671 homogen=26213.5603
mean B0=87.5068 homogen=105639.748
mean B0=76.797 homogen=31392.9444
mean B0=87.0744 homogen=104464.4538
mean B0=86.1819 homogen=79038.3579
mean B0=50.2242 homogen=105503.5087
mean B0=73.6563 homogen=45041.8325
mean B0=86.0261 homogen=88368.876
mean B0=80.6831 homogen=48640.7389
mean B0=68.0826 homogen=6355.4172
mean B0=78.3282 homogen=35234.192
mean B0=84.0687 homogen=71425.4177
   168 |     6720 |     40 |  0.000000E+00 |  0.000000E+00 |  0.0038232478 |             f
mean B0=84.637 homogen=75230.0955
mean B0=67.2347 homogen=120772.4869
mean B0=68.8776 homogen=7631.7875
mean B0=79.6421 homogen=68369.98
mean B0=76.1155 homogen=31404.2876
mean B0=87.282 homogen=102115.602
mean B0=81.5826 homogen=61395.7025
mean B0=74.7498 homogen=55259.5748
mean B0=81.9833 homogen=67109.7123
mean B0=80.5665 homogen=46835.099
mean B0=77.2712 homogen=58081.2252
mean B0=77.2038 homogen=31731.8421
mean B0=71.2905 homogen=16108.592
mean B0=84.5654 homogen=84488.6217
mean B0=74.4743 homogen=21981.7
mean B0=78.1827 homogen=34866.097
mean B0=80.3741 homogen=48664.6802
mean B0=85.8295 homogen=89931.6358
mean B0=82.9617 homogen=88934.8444
mean B0=69.4511 homogen=10035.0789
mean B0=71.1822 homogen=13918.9677
mean B0=84.1473 homogen=104111.0597
mean B0=80.7222 homogen=48876.6858
mean B0=77.1326 homogen=32542.1895
mean B0=70.4989 homogen=29270.0922
mean B0=85.996 homogen=88260.0958
mean B0=77.6758 homogen=31703.2512
mean B0=73.0884 homogen=41763.4432
mean B0=81.4991 homogen=110793.0632
mean B0=84.9299 homogen=78168.939
mean B0=78.4032 homogen=36124.1103
mean B0=79.7599 homogen=42488.4539
mean B0=65.6745 homogen=241174.1279
mean B0=78.8977 homogen=40460.045
mean B0=77.2168 homogen=31722.6094
mean B0=82.7254 homogen=60305.1587
mean B0=87.5322 homogen=90677.2449
mean B0=79.7838 homogen=42494.418
mean B0=78.7779 homogen=34503.8205
mean B0=68.3673 homogen=9369.8178
   169 |     6760 |     40 |  0.000000E+00 |  0.000000E+00 |  0.0016866068 |             f
mean B0=69.0301 homogen=8177.8246
mean B0=78.5743 homogen=42240.9231
mean B0=84.1229 homogen=83237.4483
mean B0=79.2903 homogen=40544.2317
mean B0=80.0834 homogen=44307.2314
mean B0=73.1271 homogen=19426.3602
mean B0=72.647 homogen=17927.8801
mean B0=76.9282 homogen=30951.5808
mean B0=70.109 homogen=12070.6075
mean B0=66.3344 homogen=247062.6079
mean B0=85.9916 homogen=88253.9035
mean B0=64.8539 homogen=225171.5605
mean B0=82.1844 homogen=65571.2044
mean B0=68.6523 homogen=7292.6627
mean B0=82.5717 homogen=53228.1154
mean B0=82.9272 homogen=62318.842
mean B0=81.0981 homogen=50043.8413
mean B0=85.0771 homogen=78750.043
mean B0=78.6356 homogen=39294.4321
mean B0=73.2401 homogen=22223.5251
mean B0=58.3858 homogen=46665.1525
mean B0=77.3361 homogen=31970.6853
mean B0=68.9637 homogen=8378.6029
mean B0=74.4743 homogen=21981.7
mean B0=76.5383 homogen=28338.8645
mean B0=86.5348 homogen=94590.8234
mean B0=80.4282 homogen=46209.2495
mean B0=75.8328 homogen=26549.4244
mean B0=70.632 homogen=16984.4316
mean B0=84.6353 homogen=75220.8632
mean B0=78.7824 homogen=37752.6255
mean B0=79.8204 homogen=42798.8165
mean B0=68.9999 homogen=8188.0548
mean B0=87.5068 homogen=105639.748
mean B0=84.3951 homogen=72957.6672
mean B0=87.6031 homogen=110845.5742
mean B0=75.3254 homogen=64675.6869
mean B0=87.4977 homogen=104697.0529
mean B0=86.7505 homogen=97825.4412
mean B0=45.4665 homogen=120929.0654
   170 |     6800 |     40 |  0.000000E+00 |  0.000000E+00 |  0.0041670745 |             f
mean B0=84.0628 homogen=71395.3458
mean B0=77.3728 homogen=31775.5451
mean B0=85.6213 homogen=84012.212
mean B0=87.503 homogen=92115.8119
mean B0=87.3254 homogen=102629.7617
mean B0=87.8019 homogen=114293.9625
mean B0=70.5033 homogen=10606.9756
mean B0=86.0292 homogen=88696.3698
mean B0=85.2537 homogen=68501.1798
mean B0=72.2988 homogen=27569.9855
mean B0=87.6973 homogen=112009.6532
mean B0=78.8608 homogen=37892.4726
mean B0=57.3206 homogen=197417.6865
mean B0=73.0321 homogen=16023.6634
mean B0=86.192 homogen=90323.9754
mean B0=78.6127 homogen=36916.2936
mean B0=83.4044 homogen=65980.2601
mean B0=79.6516 homogen=42048.0069
mean B0=80.5039 homogen=54183.1451
mean B0=67.5588 homogen=5238.0048
mean B0=74.8853 homogen=23810.2682
mean B0=73.9789 homogen=24959.6152
mean B0=85.0924 homogen=79016.1209
mean B0=80.4282 homogen=46209.2495
mean B0=86.9332 homogen=98616.4879
mean B0=77.4875 homogen=31748.4291
mean B0=67.2741 homogen=4927.5552
mean B0=86.4859 homogen=94518.4312
mean B0=73.1236 homogen=19671.4852
mean B0=61.4945 homogen=209374.808
mean B0=85.1139 homogen=79080.6252
mean B0=67.3189 homogen=8455.443
mean B0=74.4922 homogen=22041.3137
mean B0=87.6035 homogen=110846.1706
mean B0=81.7185 homogen=53588.318
mean B0=77.5737 homogen=31156.2507
mean B0=81.0981 homogen=50043.8413
mean B0=74.2326 homogen=36087.223
mean B0=79.6142 homogen=41662.7936
mean B0=82.1955 homogen=58408.8836
   171 |     6840 |     40 |  0.000000E+00 |  0.000000E+00 |  0.0032828722 |             f
mean B0=68.6487 homogen=7306.2825
mean B0=76.3574 homogen=27136.2863
mean B0=82.9497 homogen=61778.0013
mean B0=87.8664 homogen=115043.7209
mean B0=84.3319 homogen=73521.9064
mean B0=85.9916 homogen=88253.9035
mean B0=86.1366 homogen=89285.5309
mean B0=81.8818 homogen=54772.9773
mean B0=78.7868 homogen=37623.4771
mean B0=80.8868 homogen=52503.7175
mean B0=81.8 homogen=54200.6797
mean B0=83.4898 homogen=66594.3595
mean B0=84.6774 homogen=75663.95
mean B0=75.2212 homogen=25214.4477
mean B0=74.2545 homogen=25550.2231
mean B0=71.3924 homogen=19569.4657
mean B0=76.3521 homogen=30261.7956
mean B0=70.9945 homogen=13647.3093
mean B0=85.216 homogen=79807.7188
mean B0=80.2492 homogen=45136.6838
mean B0=74.7137 homogen=57080.1013
mean B0=85.4727 homogen=102995.7175
mean B0=85.204 homogen=79631.3612
mean B0=72.3332 homogen=16457.9636
mean B0=71.06 homogen=17703.2748
mean B0=83.4044 homogen=65980.2601
mean B0=77.7274 homogen=32120.9174
mean B0=70.5031 homogen=10601.4469
mean B0=52.6336 homogen=71327.1439
mean B0=72.3299 homogen=30440.7064
mean B0=83.6889 homogen=67853.3801
mean B0=75.7064 homogen=26168.427
mean B0=82.0407 homogen=56003.4549
mean B0=76.2719 homogen=28187.4797
mean B0=77.432 homogen=32437.8964
mean B0=74.3034 homogen=29111.6866
mean B0=70.1022 homogen=20421.0705
mean B0=81.7185 homogen=53588.318
mean B0=84.4511 homogen=112552.9175
mean B0=85.4466 homogen=82235.7035
   172 |     6880 |     40 |  0.000000E+00 |  0.000000E+00 |  0.0030801261 |             f
mean B0=83.037 homogen=62300.0
mean B0=78.9014 homogen=38255.1265
mean B0=76.9093 homogen=30973.6481
mean B0=76.2267 homogen=33387.0382
mean B0=86.192 homogen=90323.9754
mean B0=78.8226 homogen=87273.1613
mean B0=73.8412 homogen=30484.6807
mean B0=49.529 homogen=106060.0276
mean B0=81.8451 homogen=54722.6998
mean B0=76.8753 homogen=33067.5967
mean B0=78.2267 homogen=86190.9709
mean B0=81.0976 homogen=50036.9999
mean B0=85.5754 homogen=103968.5285
mean B0=82.7753 homogen=115131.925
mean B0=69.987 homogen=12254.9952
mean B0=80.6014 homogen=40605.0866
mean B0=74.79 homogen=25582.1195
mean B0=83.6891 homogen=67827.1933
mean B0=80.3543 homogen=45658.6554
mean B0=76.2718 homogen=28183.7639
mean B0=82.1964 homogen=58401.302
mean B0=73.8606 homogen=28313.0128
mean B0=74.9042 homogen=23870.5425
mean B0=84.1237 homogen=81092.3385
mean B0=67.2742 homogen=4927.0243
mean B0=76.0692 homogen=33022.7021
mean B0=82.2708 homogen=61087.3862
mean B0=71.5222 homogen=24400.132
mean B0=78.1134 homogen=33920.8858
mean B0=83.3896 homogen=65292.5805
mean B0=72.8165 homogen=29234.9483
mean B0=87.3267 homogen=102640.1654
mean B0=82.2734 homogen=44049.333
mean B0=77.452 homogen=32475.6252
mean B0=71.8135 homogen=14884.8346
mean B0=84.6998 homogen=69386.1218
mean B0=65.8107 homogen=125316.9579
mean B0=77.8794 homogen=32986.5312
mean B0=76.4403 homogen=27841.8458
mean B0=84.3951 homogen=72960.2471
   173 |     6920 |     40 |  0.000000E+00 |  0.000000E+00 |  0.0025544119 |             f
mean B0=74.0335 homogen=24337.0393
mean B0=82.5198 homogen=59894.9307
mean B0=67.2262 homogen=4937.1706
mean B0=78.0672 homogen=31408.7827
mean B0=84.4826 homogen=74104.037
mean B0=78.6086 homogen=36699.7266
mean B0=86.8283 homogen=90154.8992
mean B0=75.1018 homogen=33278.0137
mean B0=76.1104 homogen=38300.644
mean B0=70.4353 homogen=10422.0067
mean B0=78.6144 homogen=36922.1303
mean B0=48.1391 homogen=349121.7997
mean B0=66.9885 homogen=6301.2184
mean B0=76.0109 homogen=31738.2497
mean B0=84.5415 homogen=83728.1667
mean B0=84.3724 homogen=73060.9957
mean B0=86.16 homogen=89993.7332
mean B0=85.1234 homogen=79942.8924
mean B0=81.4141 homogen=85921.7687
mean B0=82.9559 homogen=66159.0593
mean B0=81.8451 homogen=54722.6998
mean B0=85.1415 homogen=79187.8843
mean B0=67.6074 homogen=5335.608
mean B0=76.539 homogen=43241.3009
mean B0=63.5834 homogen=201457.6551
mean B0=85.0696 homogen=78424.7759
mean B0=87.2754 homogen=102645.6997
mean B0=80.6276 homogen=50435.5963
mean B0=78.9324 homogen=38651.0378
mean B0=53.7732 homogen=325153.2392
mean B0=80.3508 homogen=45645.862
mean B0=71.8472 homogen=14932.6455
mean B0=68.9367 homogen=7964.6562
mean B0=77.6658 homogen=31656.599
mean B0=75.4359 homogen=36483.7338
mean B0=83.0603 homogen=62213.6643
mean B0=85.4783 homogen=82521.142
mean B0=78.3827 homogen=34447.6814
mean B0=76.6832 homogen=39596.3761
mean B0=86.6911 homogen=101830.0775
   174 |     6960 |     40 |  0.000000E+00 |  0.000000E+00 |  0.0018219541 |             f
mean B0=69.3704 homogen=10226.9597
mean B0=72.3684 homogen=38718.7249
mean B0=83.061 homogen=62210.2833
mean B0=85.248 homogen=80398.8164
mean B0=70.596 homogen=16936.2474
mean B0=80.0839 homogen=50317.528
mean B0=81.0447 homogen=49735.8164
mean B0=72.3428 homogen=39527.7691
mean B0=68.9609 homogen=8294.8235
mean B0=79.0291 homogen=104498.3399
mean B0=70.4334 homogen=10427.0447
mean B0=57.9724 homogen=50692.1115
mean B0=80.0498 homogen=44126.9831
mean B0=86.1213 homogen=89972.8811
mean B0=87.8663 homogen=115053.3277
mean B0=84.4023 homogen=73244.9585
mean B0=84.0628 homogen=71395.3458
mean B0=76.8621 homogen=30628.5157
mean B0=79.1345 homogen=39373.8421
mean B0=80.7086 homogen=48260.2179
mean B0=75.3156 homogen=25485.6259
mean B0=71.4896 homogen=30853.165
mean B0=71.3492 homogen=145359.9384
mean B0=86.0141 homogen=88099.952
mean B0=70.1011 homogen=16339.7955
mean B0=72.2141 homogen=14419.8282
mean B0=77.7457 homogen=81989.9926
mean B0=76.5702 homogen=71303.3095
mean B0=83.9331 homogen=72927.977
mean B0=74.4743 homogen=21981.7
mean B0=72.6491 homogen=17936.284
mean B0=66.8854 homogen=13550.106
mean B0=78.6423 homogen=36862.2301
mean B0=73.1085 homogen=19643.5824
mean B0=87.3267 homogen=102639.0544
mean B0=82.6765 homogen=60028.2538
mean B0=72.3332 homogen=16457.9636
mean B0=82.6166 homogen=60249.3532
mean B0=79.33 homogen=40398.2329
mean B0=79.3112 homogen=40210.1295
   175 |     7000 |     40 |  0.000000E+00 |  0.000000E+00 |  0.0032379912 |             f
mean B0=69.426 homogen=22918.0038
mean B0=74.4735 homogen=21985.8836
mean B0=69.0788 homogen=8420.2883
mean B0=85.9943 homogen=88245.9885
mean B0=77.2134 homogen=31591.3711
mean B0=73.258 homogen=22218.2834
mean B0=68.9986 homogen=70188.422
mean B0=66.8452 homogen=253861.8329
mean B0=74.4834 homogen=21950.3243
mean B0=87.1256 homogen=100997.3179
mean B0=82.5504 homogen=52871.583
mean B0=84.7394 homogen=79639.6936
mean B0=80.7127 homogen=48282.0098
mean B0=75.2709 homogen=41985.6323
mean B0=77.5244 homogen=31244.2447
mean B0=80.7953 homogen=61470.9568
mean B0=81.8459 homogen=54716.9854
mean B0=81.6093 homogen=53193.0566
mean B0=68.336 homogen=8203.4426
mean B0=79.9437 homogen=43304.307
mean B0=82.5614 homogen=67904.7871
mean B0=78.1135 homogen=33922.4921
mean B0=89.4479 homogen=111032.022
mean B0=56.4718 homogen=60292.7942
mean B0=72.8498 homogen=18477.0922
mean B0=59.6918 homogen=198111.1727
mean B0=79.0346 homogen=39181.4951
mean B0=83.3837 homogen=65293.0465
mean B0=71.8052 homogen=14909.3956
mean B0=80.6027 homogen=48305.071
mean B0=88.0604 homogen=98099.2099
mean B0=82.6838 homogen=60082.6879
mean B0=67.6039 homogen=5326.5378
mean B0=70.0054 homogen=19480.0577
mean B0=80.0705 homogen=53563.4365
mean B0=77.615 homogen=31591.0376
mean B0=85.4783 homogen=82516.5461
mean B0=79.8502 homogen=42907.7264
mean B0=76.2635 homogen=23796.2625
mean B0=83.7216 homogen=68719.1413
   176 |     7040 |     40 |  0.000000E+00 |  0.000000E+00 |  0.0042397052 |             f
mean B0=83.4114 homogen=65431.0977
mean B0=82.741 homogen=67354.3689
mean B0=76.7736 homogen=88166.4827
mean B0=77.615 homogen=31591.279
mean B0=78.5384 homogen=36439.7719
mean B0=58.1543 homogen=196418.3647
mean B0=82.9405 homogen=61595.3367
mean B0=56.6764 homogen=272732.2646
mean B0=63.8428 homogen=119147.407
mean B0=77.1797 homogen=32352.5226
mean B0=70.2796 homogen=13987.7667
mean B0=85.2668 homogen=80284.4872
mean B0=69.3196 homogen=8940.5682
mean B0=69.2108 homogen=8801.7647
mean B0=78.9081 homogen=240363.9238
mean B0=67.2742 homogen=4927.0243
mean B0=83.4871 homogen=57275.2474
mean B0=87.1336 homogen=83658.6838
mean B0=81.6612 homogen=53378.3071
mean B0=76.083 homogen=35757.2919
mean B0=83.6989 homogen=68482.2743
mean B0=76.4511 homogen=30785.8009
mean B0=79.3013 homogen=43203.3881
mean B0=75.2206 homogen=25217.2829
mean B0=72.8589 homogen=18494.2118
mean B0=73.5109 homogen=17720.4608
mean B0=84.5231 homogen=73964.144
mean B0=77.1482 homogen=32557.5762
mean B0=81.6094 homogen=53194.7366
mean B0=85.1222 homogen=81935.3723
mean B0=77.6807 homogen=32553.1754
mean B0=76.4236 homogen=27893.3914
mean B0=85.7121 homogen=85503.3835
mean B0=79.2939 homogen=45250.5693
mean B0=80.7312 homogen=57913.6642
mean B0=67.2742 homogen=4927.0243
mean B0=86.4217 homogen=98762.9255
mean B0=85.0274 homogen=78305.2448
mean B0=79.5727 homogen=104856.2858
mean B0=73.7893 homogen=26383.6219
   177 |     7080 |     40 |  0.000000E+00 |  0.000000E+00 |  0.0022608999 |             f
mean B0=85.0738 homogen=80200.5925
mean B0=72.834 homogen=18471.0265
mean B0=76.5327 homogen=28121.9336
mean B0=87.06 homogen=85186.693
mean B0=83.0685 homogen=62259.5322
mean B0=79.6321 homogen=41727.4507
mean B0=80.9416 homogen=49454.2888
mean B0=69.4142 homogen=10551.7634
mean B0=79.5288 homogen=39574.924
mean B0=79.0346 homogen=39181.4951
mean B0=81.3454 homogen=94278.9877
mean B0=73.4169 homogen=20766.2371
mean B0=80.3595 homogen=45641.8387
mean B0=73.5119 homogen=19253.082
mean B0=87.1259 homogen=100999.1317
mean B0=78.3245 homogen=35774.2018
mean B0=82.2119 homogen=58520.4951
mean B0=85.4581 homogen=82462.7932
mean B0=84.4072 homogen=73262.9062
mean B0=70.7484 homogen=26805.9356
mean B0=79.4796 homogen=41179.4185
mean B0=79.8988 homogen=43130.6841
mean B0=75.2284 homogen=25282.4216
mean B0=85.1792 homogen=100718.6175
mean B0=85.2591 homogen=80208.3479
mean B0=87.3062 homogen=102611.3238
mean B0=88.0317 homogen=115223.3676
mean B0=67.3128 homogen=5276.8216
mean B0=69.2289 homogen=13348.4553
mean B0=55.3352 homogen=199711.5745
mean B0=76.028 homogen=34228.9108
mean B0=77.2538 homogen=31185.2139
mean B0=68.6486 homogen=7303.7539
mean B0=71.422 homogen=15104.8726
mean B0=86.4213 homogen=98764.6905
mean B0=77.6156 homogen=73466.1174
mean B0=75.2064 homogen=25143.5669
mean B0=83.651 homogen=59145.7556
mean B0=82.9356 homogen=61563.827
mean B0=82.0447 homogen=68608.6378
   178 |     7120 |     40 |  0.000000E+00 |  0.000000E+00 |  0.0079589625 |         ideal
mean B0=77.5299 homogen=31229.6211
mean B0=77.7839 homogen=32424.6334
mean B0=72.8387 homogen=18447.9114
mean B0=80.674 homogen=47477.6574
mean B0=79.336 homogen=40445.3045
mean B0=78.7454 homogen=37500.0014
mean B0=80.1893 homogen=44749.3527
mean B0=44.2119 homogen=122249.0278
mean B0=78.5649 homogen=44411.9238
mean B0=65.9499 homogen=247766.5101
mean B0=72.3025 homogen=32946.7741
mean B0=85.9817 homogen=108632.3814
mean B0=86.0205 homogen=88451.1759
mean B0=84.4021 homogen=73244.8489
mean B0=77.1881 homogen=35342.2517
mean B0=57.5124 homogen=471106.0751
mean B0=82.1961 homogen=58400.0598
mean B0=72.2233 homogen=14465.2571
mean B0=86.0142 homogen=88096.9757
mean B0=77.5823 homogen=32165.7733
mean B0=85.1695 homogen=115210.8961
mean B0=71.3457 homogen=32491.6223
mean B0=65.6644 homogen=228601.3691
mean B0=65.6475 homogen=22355.7816
mean B0=81.2434 homogen=50948.4853
mean B0=87.3341 homogen=107724.7553
mean B0=85.2829 homogen=85932.4753
mean B0=67.6073 homogen=5335.7894
mean B0=61.7034 homogen=213365.2381
mean B0=82.9703 homogen=61644.9599
mean B0=78.6862 homogen=39160.7815
mean B0=89.1792 homogen=107689.4827
mean B0=73.1824 homogen=179471.8937
mean B0=83.7217 homogen=68720.6363
mean B0=72.0679 homogen=14080.5546
mean B0=86.9743 homogen=99433.5155
mean B0=67.2742 homogen=4928.8144
mean B0=82.8095 homogen=69958.5863
mean B0=75.3155 homogen=25485.9585
mean B0=66.6035 homogen=133324.5668
   179 |     7160 |     40 |  0.000000E+00 |  0.000000E+00 |  0.0026113822 |             f
mean B0=87.7793 homogen=112255.7936
mean B0=83.7216 homogen=68719.6396
mean B0=55.578 homogen=58805.1597
mean B0=73.561 homogen=28396.5003
mean B0=85.7121 homogen=85503.3835
mean B0=79.3572 homogen=40422.7314
mean B0=87.7325 homogen=112375.452
mean B0=81.2434 homogen=50948.4853
mean B0=75.9986 homogen=35531.4211
mean B0=75.4234 homogen=25802.3029
mean B0=76.3918 homogen=41068.0078
mean B0=75.2065 homogen=25154.3401
mean B0=69.7585 homogen=11302.8876
mean B0=76.4403 homogen=27841.8458
mean B0=66.8231 homogen=8513.8263
mean B0=82.1652 homogen=58122.9876
mean B0=47.7464 homogen=366542.646
mean B0=72.9971 homogen=40924.4002
mean B0=70.3277 homogen=11734.0134
mean B0=83.7928 homogen=68859.8937
mean B0=74.5946 homogen=22513.1311
mean B0=85.0738 homogen=80197.1446
mean B0=68.3831 homogen=34473.8207
mean B0=76.7177 homogen=35982.4119
mean B0=89.007 homogen=107480.2444
mean B0=87.3012 homogen=102747.3265
mean B0=77.3336 homogen=33739.746
mean B0=81.8459 homogen=54716.9854
mean B0=70.3975 homogen=89414.6181
mean B0=80.0469 homogen=44189.8752
mean B0=76.8621 homogen=30628.5157
mean B0=81.0757 homogen=48374.4844
mean B0=73.6004 homogen=17304.2492
mean B0=86.192 homogen=90323.9754
mean B0=84.9536 homogen=78496.3493
mean B0=87.3801 homogen=108283.9968
mean B0=86.1656 homogen=98527.3547
mean B0=73.484 homogen=41576.5171
mean B0=71.9267 homogen=13359.3978
mean B0=82.9988 homogen=62159.7681
   180 |     7200 |     40 |  0.000000E+00 |  0.000000E+00 |  0.0010764360 |             f
mean B0=81.9948 homogen=60304.789
mean B0=75.496 homogen=60655.4709
mean B0=71.3258 homogen=39182.8329
mean B0=79.692 homogen=42164.0149
mean B0=58.383 homogen=46664.396
mean B0=73.9358 homogen=25274.9728
mean B0=81.2987 homogen=52121.9569
mean B0=74.8288 homogen=21647.9275
mean B0=86.192 homogen=90323.9754
mean B0=80.0469 homogen=44193.4836
mean B0=84.6773 homogen=75663.3818
mean B0=78.3139 homogen=35734.3575
mean B0=81.2645 homogen=51072.5934
mean B0=70.2252 homogen=17330.3206
mean B0=79.4796 homogen=41179.4185
mean B0=61.7127 homogen=176423.2682
mean B0=78.2847 homogen=36845.9942
mean B0=67.2742 homogen=4927.0243
mean B0=54.2159 homogen=312295.9789
mean B0=83.7011 homogen=68566.8917
mean B0=69.3867 homogen=17597.9018
mean B0=84.7361 homogen=75653.2165
mean B0=89.1724 homogen=107686.1361
mean B0=86.2097 homogen=90485.7503
mean B0=85.1012 homogen=80270.3475
mean B0=63.0984 homogen=197232.7193
mean B0=80.01 homogen=43905.0098
mean B0=67.3015 homogen=5276.0948
mean B0=81.2899 homogen=47916.195
mean B0=54.2944 homogen=64008.4886
mean B0=68.6523 homogen=7292.7745
mean B0=74.6044 homogen=22540.1105
mean B0=82.1926 homogen=58376.0695
mean B0=67.6074 homogen=5334.7493
mean B0=81.2434 homogen=50948.4853
mean B0=67.8825 homogen=30846.1868
mean B0=77.4645 homogen=30844.6884
mean B0=86.4217 homogen=98762.9255
mean B0=73.3478 homogen=20527.0905
mean B0=84.5554 homogen=78038.1453
   181 |     7240 |     40 |  0.000000E+00 |  0.000000E+00 |  0.0019237234 |             f
mean B0=74.6044 homogen=22540.1105
mean B0=79.8758 homogen=90118.407
mean B0=78.0049 homogen=33594.3949
mean B0=83.1057 homogen=62855.9239
mean B0=79.9494 homogen=43377.5515
mean B0=83.7231 homogen=56941.1614
mean B0=67.2742 homogen=4927.1874
mean B0=84.8044 homogen=77029.2113
mean B0=81.8437 homogen=54682.8784
mean B0=68.5939 homogen=18182.2694
mean B0=83.9123 homogen=70019.1379
mean B0=71.6773 homogen=14616.6375
mean B0=68.6524 homogen=7293.3043
mean B0=82.275 homogen=59042.6483
mean B0=75.4234 homogen=25802.3029
mean B0=87.2388 homogen=102213.1141
mean B0=73.577 homogen=21880.0342
mean B0=63.5249 homogen=212136.0903
mean B0=71.8975 homogen=42384.828
mean B0=76.599 homogen=76253.6731
mean B0=78.7454 homogen=37500.0014
mean B0=76.2855 homogen=29651.9795
mean B0=85.4915 homogen=83545.9566
mean B0=80.1512 homogen=44390.7475
mean B0=79.6778 homogen=85635.1249
mean B0=76.4403 homogen=27841.8458
mean B0=85.1012 homogen=80278.3504
mean B0=77.3744 homogen=33701.2059
mean B0=74.8061 homogen=234213.6814
mean B0=71.7161 homogen=15621.5035
mean B0=80.5566 homogen=46590.7855
mean B0=84.9792 homogen=78553.3581
mean B0=84.4023 homogen=73254.1696
mean B0=82.2119 homogen=58520.4951
mean B0=76.8621 homogen=30628.5157
mean B0=86.9928 homogen=103073.2661
mean B0=71.4241 homogen=11956.977
mean B0=70.3568 homogen=135889.9459
mean B0=74.561 homogen=42021.4733
mean B0=67.511 homogen=114694.3601
   182 |     7280 |     40 |  0.000000E+00 |  0.000000E+00 |  0.0039439835 |             f
mean B0=85.4916 homogen=83543.7228
mean B0=75.1743 homogen=68787.0388
mean B0=76.2979 homogen=90788.9318
mean B0=85.1336 homogen=66853.3479
mean B0=83.4204 homogen=72026.9277
mean B0=75.431 homogen=66770.3139
mean B0=83.3246 homogen=67223.0828
mean B0=75.3729 homogen=25697.358
mean B0=77.874 homogen=32729.8349
mean B0=79.9654 homogen=43537.5634
mean B0=83.7551 homogen=59106.927
mean B0=75.5838 homogen=26592.6187
mean B0=68.6243 homogen=116681.1692
mean B0=80.1667 homogen=44502.8925
mean B0=76.5379 homogen=38050.231
mean B0=67.3073 homogen=5234.7277
mean B0=73.5367 homogen=21634.3768
mean B0=79.4549 homogen=40909.3055
mean B0=68.7715 homogen=7445.1004
mean B0=71.3595 homogen=15036.96
mean B0=72.121 homogen=12762.9348
mean B0=74.9758 homogen=34807.4444
mean B0=78.3215 homogen=35182.2379
mean B0=64.9499 homogen=228021.3172
mean B0=75.3527 homogen=34011.1128
mean B0=69.1611 homogen=252622.6119
mean B0=78.662 homogen=37004.7809
mean B0=73.4665 homogen=20867.6331
mean B0=84.9331 homogen=118001.4093
mean B0=84.7192 homogen=75446.6069
mean B0=82.1926 homogen=58376.0695
mean B0=74.323 homogen=21309.5819
mean B0=72.8371 homogen=18443.0408
mean B0=86.9446 homogen=104229.8018
mean B0=87.2895 homogen=91025.5989
mean B0=67.5913 homogen=5408.0739
mean B0=76.9038 homogen=30836.7572
mean B0=73.8919 homogen=185489.5185
mean B0=77.8046 homogen=32582.5386
mean B0=70.3614 homogen=14143.9599
   183 |     7320 |     40 |  0.000000E+00 |  0.000000E+00 |  0.0024278342 |             f
mean B0=73.7862 homogen=186015.0353
mean B0=82.9356 homogen=61563.8437
mean B0=76.419 homogen=32863.6981
mean B0=87.2897 homogen=102220.6572
mean B0=62.8885 homogen=203090.539
mean B0=69.2098 homogen=8401.5512
mean B0=76.2788 homogen=29360.3714
mean B0=77.5315 homogen=31196.5803
mean B0=71.6871 homogen=14568.5531
mean B0=52.5251 homogen=161763.8913
mean B0=83.192 homogen=63530.9266
mean B0=84.5566 homogen=92933.5991
mean B0=69.4534 homogen=10042.9395
mean B0=72.8371 homogen=18442.9817
mean B0=74.323 homogen=21309.5819
mean B0=81.2986 homogen=52122.1554
mean B0=83.9123 homogen=70018.076
mean B0=82.996 homogen=65061.9658
mean B0=80.6477 homogen=47279.8972
mean B0=89.1591 homogen=107653.0349
mean B0=78.0103 homogen=33465.6986
mean B0=87.2389 homogen=102212.7357
mean B0=80.532 homogen=85871.1993
mean B0=79.2742 homogen=39986.0095
mean B0=68.4537 homogen=23323.8431
mean B0=66.7182 homogen=5399.8611
mean B0=77.6516 homogen=31706.3892
mean B0=68.7715 homogen=7445.1004
mean B0=79.3449 homogen=40449.9373
mean B0=85.1596 homogen=80174.9843
mean B0=73.342 homogen=20425.1103
mean B0=69.2523 homogen=8874.6294
mean B0=84.4021 homogen=73244.8489
mean B0=80.1667 homogen=44503.4411
mean B0=77.2664 homogen=76426.1909
mean B0=74.4835 homogen=21950.336
mean B0=75.5838 homogen=26591.471
mean B0=67.5144 homogen=5876.961
mean B0=84.3744 homogen=64664.4866
mean B0=77.4043 homogen=100101.2387
   184 |     7360 |     40 |  0.000000E+00 |  0.000000E+00 |  0.0033274995 |             f
mean B0=83.7051 homogen=68587.9783
mean B0=82.834 homogen=60937.2076
mean B0=67.4303 homogen=6023.9213
mean B0=86.0771 homogen=88015.5537
mean B0=88.0338 homogen=115220.042
mean B0=79.4549 homogen=40909.3055
mean B0=72.5512 homogen=41968.1729
mean B0=70.0959 homogen=126536.2118
mean B0=73.4299 homogen=20789.4998
mean B0=74.5253 homogen=22049.3976
mean B0=82.6767 homogen=59800.4951
mean B0=72.8369 homogen=18438.5236
mean B0=66.9481 homogen=8164.6232
mean B0=76.6248 homogen=36551.508
mean B0=77.4624 homogen=79529.4353
mean B0=83.1924 homogen=63543.4023
mean B0=83.3235 homogen=67196.362
mean B0=75.4244 homogen=27157.0308
mean B0=46.0854 homogen=168157.0366
mean B0=82.0148 homogen=105590.534
mean B0=81.2956 homogen=52111.8125
mean B0=72.1312 homogen=39864.5559
mean B0=67.4505 homogen=6106.3018
mean B0=75.3611 homogen=44543.1326
mean B0=86.208 homogen=90486.8209
mean B0=85.1596 homogen=80175.2112
mean B0=72.7633 homogen=34943.1726
mean B0=80.6492 homogen=47389.1248
mean B0=85.886 homogen=93816.9033
mean B0=71.6491 homogen=14510.0968
mean B0=77.8767 homogen=33950.4197
mean B0=78.6618 homogen=37007.0953
mean B0=75.9512 homogen=29026.9868
mean B0=73.3756 homogen=24589.2118
mean B0=77.9832 homogen=32945.3931
mean B0=87.2389 homogen=102195.1207
mean B0=85.4932 homogen=83569.8185
mean B0=76.7455 homogen=71589.9646
mean B0=82.9235 homogen=61472.5567
mean B0=75.1808 homogen=41544.5223
   185 |     7400 |     40 |  0.000000E+00 |  0.000000E+00 |  0.0007136612 |             f
mean B0=71.7658 homogen=15097.3446
mean B0=79.7476 homogen=45756.9987
mean B0=86.6216 homogen=95822.8766
mean B0=81.2839 homogen=51397.8765
mean B0=77.3017 homogen=31774.4282
mean B0=75.5537 homogen=26413.9389
mean B0=84.5247 homogen=74425.8272
mean B0=84.7362 homogen=75648.4754
mean B0=85.1596 homogen=80174.5876
mean B0=80.6477 homogen=47279.8972
mean B0=75.5105 homogen=56128.6552
mean B0=69.4959 homogen=10137.8396
mean B0=75.6689 homogen=25918.928
mean B0=78.0103 homogen=33465.6986
mean B0=73.752 homogen=41529.3092
mean B0=67.2913 homogen=7109.2726
mean B0=75.7054 homogen=37102.1417
mean B0=70.4124 homogen=12095.3455
mean B0=75.3729 homogen=25697.358
mean B0=85.8879 homogen=89476.1729
mean B0=66.141 homogen=17286.0404
mean B0=75.874 homogen=36103.872
mean B0=86.3269 homogen=91789.9344
mean B0=77.0513 homogen=28857.7726
mean B0=61.1178 homogen=212319.4664
mean B0=74.552 homogen=22134.2578
mean B0=55.9501 homogen=219740.897
mean B0=85.4919 homogen=83539.7656
mean B0=71.649 homogen=14509.8578
mean B0=67.2742 homogen=4927.0243
mean B0=85.8623 homogen=84178.1083
mean B0=74.4383 homogen=21825.9545
mean B0=53.9659 homogen=65110.3038
mean B0=78.3215 homogen=35182.2379
mean B0=80.2229 homogen=107795.4377
mean B0=86.4626 homogen=92294.4861
mean B0=83.3428 homogen=71459.1898
mean B0=81.2981 homogen=48402.2445
mean B0=83.9123 homogen=70019.1379
mean B0=82.6496 homogen=60464.965
   186 |     7440 |     40 |  0.000000E+00 |  0.000000E+00 |  0.0032355920 |             f
mean B0=82.4924 homogen=59160.9287
mean B0=79.1164 homogen=39429.0753
mean B0=84.0233 homogen=71134.1229
mean B0=85.7201 homogen=85519.2768
mean B0=76.1654 homogen=44163.6131
mean B0=77.1408 homogen=32434.0747
mean B0=81.4266 homogen=52817.0125
mean B0=81.7601 homogen=62591.7627
mean B0=80.4005 homogen=54386.6051
mean B0=87.2392 homogen=102220.0488
mean B0=74.5519 homogen=22134.3324
mean B0=70.6965 homogen=16727.5409
mean B0=72.837 homogen=18443.9956
mean B0=64.3913 homogen=38779.3293
mean B0=65.9016 homogen=154249.9374
mean B0=76.5748 homogen=73643.2989
mean B0=86.0772 homogen=88019.5047
mean B0=77.424 homogen=242860.3498
mean B0=84.7192 homogen=75534.5675
mean B0=86.6063 homogen=95605.2229
mean B0=80.3242 homogen=45407.9576
mean B0=77.6173 homogen=31642.7851
mean B0=79.1634 homogen=39457.5455
mean B0=75.9394 homogen=26067.9381
mean B0=77.697 homogen=33708.6679
mean B0=81.2974 homogen=98045.5393
mean B0=70.7954 homogen=11334.6739
mean B0=71.4933 homogen=19978.785
mean B0=77.2918 homogen=30275.584
mean B0=78.1452 homogen=255531.8791
mean B0=50.3639 homogen=338398.556
mean B0=68.197 homogen=14321.5611
mean B0=73.4169 homogen=20766.9875
mean B0=73.4162 homogen=29002.4605
mean B0=75.8349 homogen=30477.5665
mean B0=66.8764 homogen=109613.493
mean B0=76.4399 homogen=27838.0108
mean B0=85.1722 homogen=80044.563
mean B0=69.5081 homogen=10218.8879
mean B0=85.5051 homogen=83704.5384
   187 |     7480 |     40 |  0.000000E+00 |  0.000000E+00 |  0.0019050699 |             f
mean B0=75.3729 homogen=25697.358
mean B0=80.9393 homogen=89551.6363
mean B0=75.4493 homogen=68153.0558
mean B0=74.1473 homogen=42284.6936
mean B0=74.5253 homogen=22290.2759
mean B0=84.8721 homogen=76821.9125
mean B0=84.8328 homogen=76338.4331
mean B0=80.1716 homogen=44483.4407
mean B0=77.5655 homogen=36178.3561
mean B0=74.8536 homogen=56086.5466
mean B0=75.8821 homogen=29510.5887
mean B0=77.2403 homogen=32081.8023
mean B0=83.9123 homogen=70018.8906
mean B0=74.1904 homogen=22770.9469
mean B0=82.2949 homogen=59833.3783
mean B0=79.6367 homogen=59614.0759
mean B0=81.7537 homogen=54051.0502
mean B0=86.0772 homogen=88019.5047
mean B0=69.7592 homogen=121860.045
mean B0=85.1661 homogen=80002.2113
mean B0=67.6074 homogen=5335.608
mean B0=76.2007 homogen=40847.0446
mean B0=77.1611 homogen=31078.8446
mean B0=71.8918 homogen=26885.0202
mean B0=73.2393 homogen=16336.3061
mean B0=86.1804 homogen=92039.0551
mean B0=80.589 homogen=46957.2875
mean B0=71.8099 homogen=14899.3754
mean B0=72.7453 homogen=16899.7191
mean B0=86.4585 homogen=92322.8308
mean B0=68.7951 homogen=8046.9537
mean B0=78.1924 homogen=59118.7295
mean B0=69.4534 homogen=10043.3168
mean B0=75.2288 homogen=31139.5458
mean B0=77.2109 homogen=27920.7177
mean B0=78.9768 homogen=38483.6695
mean B0=66.5612 homogen=189551.8788
mean B0=76.4402 homogen=27839.5282
mean B0=84.9345 homogen=101068.5989
mean B0=62.9521 homogen=26837.5705
   188 |     7520 |     40 |  0.000000E+00 |  0.000000E+00 |  0.0034754719 |             f
mean B0=87.5393 homogen=109395.5781
mean B0=75.8169 homogen=37207.739
mean B0=79.052 homogen=75194.3576
mean B0=75.2482 homogen=33956.6598
mean B0=86.5396 homogen=81823.2469
mean B0=75.6449 homogen=25864.3272
mean B0=75.831 homogen=29066.4321
mean B0=80.0312 homogen=43926.8078
mean B0=82.6918 homogen=60156.189
mean B0=77.0804 homogen=35492.8505
mean B0=83.9178 homogen=70027.3103
mean B0=73.2168 homogen=30138.3765
mean B0=87.3267 homogen=102640.1654
mean B0=68.2633 homogen=8900.8064
mean B0=76.6164 homogen=29345.4521
mean B0=85.9818 homogen=87021.3434
mean B0=77.068 homogen=32650.5044
mean B0=69.9029 homogen=14966.4386
mean B0=78.9634 homogen=38367.9236
mean B0=70.2214 homogen=21518.3374
mean B0=71.9644 homogen=15996.5822
mean B0=78.9432 homogen=100051.9539
mean B0=79.8971 homogen=43229.4609
mean B0=87.3578 homogen=102706.0913
mean B0=85.3844 homogen=81527.6024
mean B0=76.4647 homogen=27904.3828
mean B0=68.9499 homogen=8369.2197
mean B0=74.9593 homogen=31145.1377
mean B0=83.5037 homogen=69236.0473
mean B0=70.3418 homogen=135553.8223
mean B0=84.5193 homogen=74415.9006
mean B0=78.367 homogen=31358.3859
mean B0=41.1527 homogen=261039.331
mean B0=79.497 homogen=33447.8798
mean B0=79.2246 homogen=54457.2137
mean B0=80.7643 homogen=48034.8515
mean B0=76.3387 homogen=30045.5213
mean B0=67.8252 homogen=12171.0914
mean B0=86.9041 homogen=98587.1633
mean B0=76.571 homogen=39370.7817
   189 |     7560 |     40 |  0.000000E+00 |  0.000000E+00 |  0.0048333217 |             f
mean B0=80.5934 homogen=84391.226
mean B0=78.0168 homogen=33901.139
mean B0=88.0407 homogen=115286.6194
mean B0=68.6523 homogen=7292.6627
mean B0=81.2656 homogen=51465.321
mean B0=84.2886 homogen=94354.6372
mean B0=77.7244 homogen=33849.3
mean B0=76.6147 homogen=33165.1621
mean B0=71.9616 homogen=15984.5182
mean B0=78.593 homogen=36457.7533
mean B0=81.0828 homogen=41888.5905
mean B0=80.7041 homogen=47833.4655
mean B0=80.2979 homogen=43933.0294
mean B0=87.2518 homogen=102041.4262
mean B0=74.4413 homogen=21839.3478
mean B0=63.5391 homogen=106895.906
mean B0=65.8403 homogen=236508.6993
mean B0=70.5033 homogen=10606.9756
mean B0=84.7284 homogen=75870.8031
mean B0=69.5081 homogen=10218.8879
mean B0=77.6432 homogen=33405.9527
mean B0=68.3315 homogen=13365.6703
mean B0=87.5304 homogen=109327.8872
mean B0=69.7049 homogen=15844.247
mean B0=82.7102 homogen=60085.7746
mean B0=77.463 homogen=32138.8605
mean B0=78.6362 homogen=36869.1996
mean B0=87.2923 homogen=102584.2641
mean B0=71.6512 homogen=14523.324
mean B0=79.531 homogen=85029.5555
mean B0=75.9552 homogen=27835.3918
mean B0=84.591 homogen=74669.1851
mean B0=86.9041 homogen=98586.5293
mean B0=85.2515 homogen=80443.2984
mean B0=52.2751 homogen=372262.2141
mean B0=71.1638 homogen=20237.6494
mean B0=81.9076 homogen=56470.1018
mean B0=85.9818 homogen=87021.3434
mean B0=81.0488 homogen=49983.5527
mean B0=53.971 homogen=65148.3866
   190 |     7600 |     40 |  0.000000E+00 |  0.000000E+00 |  0.0019657423 |             f
mean B0=78.3107 homogen=35889.7681
mean B0=79.8125 homogen=75950.6636
mean B0=84.5437 homogen=74417.908
mean B0=75.6625 homogen=25453.4283
mean B0=78.32 homogen=34933.3502
mean B0=67.7882 homogen=268876.2065
mean B0=86.1155 homogen=109871.1027
mean B0=85.1472 homogen=80195.0648
mean B0=76.0761 homogen=30901.0195
mean B0=79.2747 homogen=39963.3487
mean B0=79.4795 homogen=46514.0718
mean B0=68.6082 homogen=7181.9351
mean B0=78.0193 homogen=33913.5644
mean B0=75.3142 homogen=38749.579
mean B0=77.531 homogen=31856.8567
mean B0=86.0489 homogen=87725.8425
mean B0=79.646 homogen=41927.8587
mean B0=82.3385 homogen=114868.1824
mean B0=71.2444 homogen=20513.116
mean B0=72.4133 homogen=16662.082
mean B0=85.1329 homogen=79276.8129
mean B0=77.7355 homogen=34087.1831
mean B0=86.0439 homogen=91433.436
mean B0=85.2836 homogen=79994.8553
mean B0=73.7324 homogen=70431.3121
mean B0=84.7414 homogen=75976.9104
mean B0=82.564 homogen=45456.6306
mean B0=82.2146 homogen=58286.8158
mean B0=77.2629 homogen=62296.4767
mean B0=86.9031 homogen=98640.7412
mean B0=68.9637 homogen=8376.7918
mean B0=87.5618 homogen=109661.8918
mean B0=82.7078 homogen=60068.6154
mean B0=75.4212 homogen=59461.674
mean B0=75.7114 homogen=26132.06
mean B0=86.6386 homogen=87574.4099
mean B0=84.5803 homogen=95514.5302
mean B0=75.445 homogen=35372.0588
mean B0=70.1881 homogen=17486.8866
mean B0=73.7805 homogen=20182.5869
   191 |     7640 |     40 |  0.000000E+00 |  0.000000E+00 |  0.0047692956 |             f
mean B0=82.4327 homogen=58275.4648
mean B0=84.5379 homogen=75168.4941
mean B0=87.5304 homogen=109327.8872
mean B0=78.3202 homogen=34920.8687
mean B0=79.7786 homogen=42533.6758
mean B0=72.9794 homogen=23108.1963
mean B0=75.9552 homogen=27835.3918
mean B0=77.5587 homogen=31219.4448
mean B0=87.1333 homogen=100562.0314
mean B0=76.1732 homogen=35443.3858
mean B0=75.6845 homogen=63358.5986
mean B0=51.1276 homogen=330820.5288
mean B0=78.4918 homogen=36092.6336
mean B0=82.191 homogen=58151.4977
mean B0=68.804 homogen=15710.751
mean B0=75.8733 homogen=29989.177
mean B0=85.6858 homogen=90873.7619
mean B0=76.4891 homogen=38279.0471
mean B0=78.9074 homogen=98513.4801
mean B0=75.5135 homogen=24857.1676
mean B0=87.0192 homogen=109275.0414
mean B0=77.2847 homogen=35296.8374
mean B0=85.1329 homogen=79276.8129
mean B0=81.2838 homogen=51405.0201
mean B0=71.4456 homogen=15190.9406
mean B0=83.9361 homogen=89375.0629
mean B0=87.3578 homogen=102706.0913
mean B0=83.7153 homogen=69932.9843
mean B0=83.5349 homogen=70155.1192
mean B0=72.0542 homogen=29398.8127
mean B0=75.3006 homogen=40697.6224
mean B0=64.9956 homogen=124715.5678
mean B0=84.6536 homogen=78678.8531
mean B0=66.7042 homogen=149840.7472
mean B0=70.0727 homogen=16986.4928
mean B0=72.7059 homogen=18234.059
mean B0=68.2505 homogen=12420.4157
mean B0=85.5688 homogen=87443.441
mean B0=73.4224 homogen=41821.4546
mean B0=86.6353 homogen=95672.9254
   192 |     7680 |     40 |  0.000000E+00 |  0.000000E+00 |  0.0024473829 |             f
mean B0=86.1782 homogen=92020.2396
mean B0=61.49 homogen=173731.8685
mean B0=87.2748 homogen=102594.7019
mean B0=74.9321 homogen=33528.7446
mean B0=75.8905 homogen=29090.046
mean B0=82.7336 homogen=43657.7389
mean B0=83.9183 homogen=97671.191
mean B0=83.4149 homogen=68533.9522
mean B0=80.2209 homogen=39961.0205
mean B0=69.4283 homogen=17966.78
mean B0=73.5801 homogen=19672.2429
mean B0=71.6656 homogen=14497.9434
mean B0=75.7509 homogen=36711.7178
mean B0=85.2259 homogen=80559.6698
mean B0=84.7507 homogen=76046.5975
mean B0=76.6164 homogen=29345.4521
mean B0=84.5437 homogen=74417.908
mean B0=85.4547 homogen=86142.1044
mean B0=68.3506 homogen=9532.5883
mean B0=79.2747 homogen=39963.3487
mean B0=72.8494 homogen=18392.5796
mean B0=86.46 homogen=92351.1511
mean B0=84.7312 homogen=78776.5034
mean B0=79.2421 homogen=43807.8144
mean B0=68.9636 homogen=8376.664
mean B0=76.1845 homogen=84550.2918
mean B0=77.1389 homogen=32461.654
mean B0=86.713 homogen=96573.4821
mean B0=85.6161 homogen=104110.4422
mean B0=51.0043 homogen=83712.4742
mean B0=53.9912 homogen=65213.9475
mean B0=78.2999 homogen=34918.7098
mean B0=77.7329 homogen=100920.2346
mean B0=81.4364 homogen=52158.0644
mean B0=81.0269 homogen=49845.8871
mean B0=69.5081 homogen=10218.8879
mean B0=88.0338 homogen=115220.042
mean B0=82.8232 homogen=60836.8897
mean B0=58.235 homogen=46756.1203
mean B0=72.4133 homogen=16662.082
   193 |     7720 |     40 |  0.000000E+00 |  0.000000E+00 |  0.0046158111 |             f
mean B0=78.2999 homogen=34918.7098
mean B0=77.7127 homogen=32129.843
mean B0=87.5304 homogen=109327.8872
mean B0=78.4249 homogen=40591.4965
mean B0=87.157 homogen=100817.8735
mean B0=77.441 homogen=31039.8865
mean B0=75.7802 homogen=29426.0973
mean B0=86.9219 homogen=105404.0214
mean B0=76.9831 homogen=33781.0984
mean B0=58.933 homogen=188565.2342
mean B0=87.3412 homogen=102824.1305
mean B0=82.9349 homogen=65338.834
mean B0=82.7141 homogen=60080.9141
mean B0=78.3503 homogen=91241.9347
mean B0=85.2468 homogen=80959.4431
mean B0=84.8326 homogen=80596.3583
mean B0=83.7747 homogen=71239.8952
mean B0=43.5791 homogen=120072.4559
mean B0=84.388 homogen=74882.7369
mean B0=77.665 homogen=32652.3203
mean B0=84.0233 homogen=71134.1229
mean B0=72.0593 homogen=56710.9791
mean B0=73.5801 homogen=19672.2429
mean B0=72.5301 homogen=15525.4576
mean B0=71.6471 homogen=14458.7524
mean B0=83.2752 homogen=83320.8653
mean B0=77.8507 homogen=57366.5783
mean B0=79.6103 homogen=41719.343
mean B0=76.8057 homogen=34693.314
mean B0=75.8252 homogen=28744.4122
mean B0=77.5713 homogen=31249.8362
mean B0=85.6384 homogen=86508.1539
mean B0=77.2883 homogen=30268.5942
mean B0=75.4918 homogen=38711.7273
mean B0=86.8836 homogen=98091.0497
mean B0=84.719 homogen=76464.7416
mean B0=78.9282 homogen=38249.4184
mean B0=81.6109 homogen=53397.8501
mean B0=73.0944 homogen=18917.8561
mean B0=74.6549 homogen=75857.8579
   194 |     7760 |     40 |  0.000000E+00 |  0.000000E+00 |  0.0033365422 |             f
mean B0=53.9073 homogen=62161.2679
mean B0=41.4271 homogen=107698.0587
mean B0=76.958 homogen=33821.8179
mean B0=77.0023 homogen=33001.2781
mean B0=78.1203 homogen=105090.8732
mean B0=79.4688 homogen=49190.8649
mean B0=87.6586 homogen=110419.796
mean B0=79.6102 homogen=41720.8177
mean B0=82.7141 homogen=60080.9141
mean B0=77.2451 homogen=239292.1548
mean B0=79.3776 homogen=58090.806
mean B0=86.1114 homogen=88315.9657
mean B0=84.0431 homogen=71209.052
mean B0=85.1875 homogen=83235.3304
mean B0=70.2298 homogen=26876.4459
mean B0=75.1264 homogen=30916.5279
mean B0=74.2896 homogen=43427.201
mean B0=75.8837 homogen=27864.8416
mean B0=77.1256 homogen=35793.8338
mean B0=77.5715 homogen=31955.7835
mean B0=74.4946 homogen=39619.8329
mean B0=79.1585 homogen=39105.0775
mean B0=52.354 homogen=89493.3006
mean B0=81.6277 homogen=96876.8836
mean B0=75.6047 homogen=37850.5484
mean B0=75.4506 homogen=36789.8187
mean B0=85.9218 homogen=86646.6971
mean B0=75.5128 homogen=24855.8235
mean B0=69.5081 homogen=10218.8879
mean B0=75.6177 homogen=31989.6823
mean B0=84.7493 homogen=76023.6516
mean B0=86.6031 homogen=95370.9178
mean B0=87.0281 homogen=109283.9626
mean B0=84.7474 homogen=78261.8458
mean B0=75.9609 homogen=36626.5269
mean B0=76.5759 homogen=30291.1514
mean B0=77.3426 homogen=80085.4857
mean B0=81.294 homogen=59810.7881
mean B0=85.8194 homogen=85299.0159
mean B0=55.2995 homogen=57484.6987
   195 |     7800 |     40 |  0.000000E+00 |  0.000000E+00 |  0.0017545522 |             f
mean B0=72.9763 homogen=40823.2557
mean B0=78.9047 homogen=38098.9421
mean B0=77.6609 homogen=31545.7777
mean B0=69.8718 homogen=22708.6087
mean B0=74.0056 homogen=51316.9504
mean B0=69.5081 homogen=10218.8879
mean B0=85.7944 homogen=131445.2194
mean B0=84.388 homogen=74882.7369
mean B0=86.5475 homogen=97635.0833
mean B0=74.2349 homogen=36990.1247
mean B0=87.9532 homogen=114454.0762
mean B0=82.3735 homogen=57829.5602
mean B0=87.3127 homogen=101964.9723
mean B0=86.0649 homogen=88735.031
mean B0=77.5237 homogen=35306.2404
mean B0=85.2924 homogen=80737.7221
mean B0=70.8025 homogen=11353.5105
mean B0=75.8771 homogen=27832.6836
mean B0=83.5081 homogen=69271.2429
mean B0=86.4005 homogen=91697.0203
mean B0=72.4706 homogen=29419.3811
mean B0=74.5557 homogen=22225.7776
mean B0=64.8758 homogen=251738.1695
mean B0=72.0676 homogen=29760.7698
mean B0=73.0243 homogen=18771.4574
mean B0=65.1835 homogen=31950.5971
mean B0=80.9669 homogen=40718.2294
mean B0=84.7507 homogen=76046.5975
mean B0=77.5704 homogen=31385.8895
mean B0=84.0632 homogen=89201.6754
mean B0=81.5003 homogen=52280.1808
mean B0=82.3533 homogen=59580.3007
mean B0=78.0399 homogen=36169.5622
mean B0=81.067 homogen=49852.2504
mean B0=77.4422 homogen=34527.0913
mean B0=85.3166 homogen=81335.6742
mean B0=71.6406 homogen=14439.4557
mean B0=71.9697 homogen=16008.411
mean B0=83.4085 homogen=68483.8027
mean B0=87.4012 homogen=103146.9381
   196 |     7840 |     40 |  0.000000E+00 |  0.000000E+00 |  0.0029717039 |             f
mean B0=82.3785 homogen=57854.5258
mean B0=74.0724 homogen=21109.7431
mean B0=77.4341 homogen=32658.6224
mean B0=78.9247 homogen=38256.7072
mean B0=84.3881 homogen=74919.631
mean B0=73.0243 homogen=18771.4574
mean B0=79.888 homogen=43015.371
mean B0=73.7423 homogen=34707.4352
mean B0=87.2809 homogen=101915.3622
mean B0=84.733 homogen=90946.2754
mean B0=67.3219 homogen=5351.1245
mean B0=85.9686 homogen=86869.7352
mean B0=67.2316 homogen=5219.4746
mean B0=79.6084 homogen=41723.5244
mean B0=85.3844 homogen=81528.131
mean B0=81.748 homogen=61841.6017
mean B0=85.2259 homogen=80559.6698
mean B0=87.934 homogen=92882.3331
mean B0=87.5958 homogen=110161.0816
mean B0=79.781 homogen=42606.8113
mean B0=88.0366 homogen=115237.0126
mean B0=46.4504 homogen=112940.6127
mean B0=72.9697 homogen=62989.6102
mean B0=68.6107 homogen=7174.6477
mean B0=81.0268 homogen=49858.7691
mean B0=69.5081 homogen=10218.8879
mean B0=85.0324 homogen=78416.5662
mean B0=71.0763 homogen=33977.8704
mean B0=71.4982 homogen=14194.887
mean B0=75.7886 homogen=38189.1694
mean B0=74.9151 homogen=25000.7184
mean B0=77.1308 homogen=31248.6992
mean B0=70.8468 homogen=11507.1992
mean B0=87.9582 homogen=114434.2015
mean B0=86.6031 homogen=95370.1304
mean B0=75.8221 homogen=27566.4319
mean B0=87.4012 homogen=103146.9381
mean B0=81.21 homogen=61154.7445
mean B0=75.8245 homogen=29901.9969
mean B0=85.5269 homogen=85059.3187
   197 |     7880 |     40 |  0.000000E+00 |  0.000000E+00 |  0.0020658109 |             f
mean B0=68.4316 homogen=7606.7059
mean B0=72.5345 homogen=60079.9192
mean B0=76.0441 homogen=30205.372
mean B0=86.8872 homogen=98063.2758
mean B0=79.8018 homogen=42788.2641
mean B0=84.2144 homogen=83051.9761
mean B0=84.7507 homogen=76046.5975
mean B0=82.9347 homogen=65342.6214
mean B0=81.5159 homogen=46709.9684
mean B0=80.1716 homogen=44483.4407
mean B0=75.5936 homogen=31946.0146
mean B0=85.5554 homogen=85125.0345
mean B0=72.9783 homogen=23854.1854
mean B0=67.4693 homogen=5864.0666
mean B0=81.789 homogen=65547.6224
mean B0=89.3285 homogen=108611.1111
mean B0=88.0959 homogen=115871.3995
mean B0=81.8114 homogen=55737.8502
mean B0=68.6107 homogen=7174.6477
mean B0=84.2193 homogen=74530.9505
mean B0=82.2535 homogen=69396.8075
mean B0=87.2848 homogen=101918.9076
mean B0=69.0035 homogen=8125.6949
mean B0=73.7777 homogen=20190.6069
mean B0=79.0833 homogen=58148.478
mean B0=77.5596 homogen=31212.8815
mean B0=65.1835 homogen=31950.5971
mean B0=88.0403 homogen=115294.4522
mean B0=78.5338 homogen=36288.9577
mean B0=75.5128 homogen=24855.8235
mean B0=60.5719 homogen=175062.7684
mean B0=71.5802 homogen=12355.4147
mean B0=77.2811 homogen=31859.6656
mean B0=77.0281 homogen=29379.5331
mean B0=67.804 homogen=155695.6367
mean B0=85.6159 homogen=104107.5336
mean B0=70.0538 homogen=12944.5494
mean B0=72.0578 homogen=16488.4351
mean B0=74.5557 homogen=22225.7776
mean B0=75.9639 homogen=27933.7612
   198 |     7920 |     40 |  0.000000E+00 |  0.000000E+00 |  0.0026533279 |         ideal
mean B0=74.9326 homogen=80421.4235
mean B0=81.5423 homogen=46492.2592
mean B0=40.4372 homogen=124887.7281
mean B0=85.5574 homogen=85126.9897
mean B0=87.3224 homogen=103167.7279
mean B0=82.4514 homogen=58242.6147
mean B0=77.1117 homogen=29779.1299
mean B0=86.3661 homogen=92865.0286
mean B0=70.5688 homogen=30149.1915
mean B0=87.6586 homogen=110419.796
mean B0=83.5081 homogen=69272.556
mean B0=87.9705 homogen=114328.0608
mean B0=79.5186 homogen=41265.4566
mean B0=74.2325 homogen=27757.7566
mean B0=74.5794 homogen=22286.0499
mean B0=73.2366 homogen=25670.0126
mean B0=85.1761 homogen=76464.6638
mean B0=71.2614 homogen=19458.6959
mean B0=67.2431 homogen=4894.7152
mean B0=68.6207 homogen=7141.9123
mean B0=77.9382 homogen=33348.9049
mean B0=85.2041 homogen=93163.8333
mean B0=72.8086 homogen=18159.6823
mean B0=66.8005 homogen=245482.3182
mean B0=85.107 homogen=78464.8292
mean B0=64.5101 homogen=212126.2553
mean B0=82.4126 homogen=57929.5579
mean B0=69.8341 homogen=8481.6931
mean B0=84.1985 homogen=90725.043
mean B0=75.9639 homogen=27933.7612
mean B0=74.183 homogen=187762.1301
mean B0=86.5934 homogen=95518.2434
mean B0=79.0203 homogen=38705.1319
mean B0=81.5273 homogen=61609.822
mean B0=57.2537 homogen=196788.04
mean B0=58.8806 homogen=276494.793
mean B0=70.8468 homogen=11507.1992
mean B0=78.6552 homogen=40718.2715
mean B0=68.2968 homogen=120641.5353
mean B0=77.0146 homogen=29415.2791
   199 |     7960 |     40 |  0.000000E+00 |  0.000000E+00 |  0.0015045505 |             f
mean B0=74.553 homogen=54192.7285
mean B0=76.2725 homogen=29176.7212
mean B0=68.1781 homogen=18628.1585
mean B0=67.2431 homogen=4902.0688
mean B0=68.6357 homogen=111673.2374
mean B0=72.5103 homogen=16805.9765
mean B0=65.0226 homogen=224243.8825
mean B0=76.9975 homogen=77315.7624
mean B0=73.6977 homogen=40791.9941
mean B0=85.1309 homogen=78692.0898
mean B0=87.3695 homogen=102779.7254
mean B0=67.4693 homogen=5864.0666
mean B0=76.6767 homogen=33867.0613
mean B0=78.9381 homogen=80074.3457
mean B0=83.0732 homogen=84210.4422
mean B0=72.0578 homogen=16488.7502
mean B0=77.1209 homogen=29804.1843
mean B0=88.0238 homogen=114943.6416
mean B0=74.5558 homogen=22217.4184
mean B0=86.5244 homogen=93871.2625
mean B0=78.4918 homogen=36091.2497
mean B0=82.1704 homogen=59784.9986
mean B0=57.1965 homogen=200380.2317
mean B0=63.0416 homogen=193275.3494
mean B0=77.163 homogen=34419.3913
mean B0=71.8339 homogen=15769.5104
mean B0=80.1741 homogen=44488.4891
mean B0=81.3028 homogen=50733.7552
mean B0=70.7591 homogen=43536.723
mean B0=74.5577 homogen=22174.0828
mean B0=86.1393 homogen=88596.8559
mean B0=85.0483 homogen=78564.8866
mean B0=85.9563 homogen=77390.3022
mean B0=83.1463 homogen=52872.9638
mean B0=82.4629 homogen=52227.6061
mean B0=86.3661 homogen=92866.4059
mean B0=80.1563 homogen=44433.4019
mean B0=86.5499 homogen=94881.2736
mean B0=77.306 homogen=34868.6559
mean B0=85.8899 homogen=89274.5347
   200 |     8000 |     40 |  0.000000E+00 |  0.000000E+00 |  0.0034069631 |             f
mean B0=86.1698 homogen=110512.8961
mean B0=86.2178 homogen=89665.7875
mean B0=79.1598 homogen=39484.371
mean B0=76.294 homogen=34335.2497
mean B0=87.3553 homogen=102878.3635
mean B0=81.083 homogen=40305.3195
mean B0=81.0269 homogen=49844.7546
mean B0=73.5681 homogen=208604.2896
mean B0=87.4013 homogen=103143.8058
mean B0=79.0637 homogen=56865.8259
mean B0=80.5795 homogen=48395.3327
mean B0=79.6217 homogen=41689.8801
mean B0=87.9705 homogen=114328.0608
mean B0=86.3593 homogen=92864.2863
mean B0=75.9174 homogen=26551.1698
mean B0=74.6585 homogen=22493.9725
mean B0=86.8872 homogen=98063.2758
mean B0=73.7258 homogen=20336.9266
mean B0=67.506 homogen=6194.8627
mean B0=83.7554 homogen=59660.5249
mean B0=77.698 homogen=32140.456
mean B0=71.2513 homogen=13769.0165
mean B0=56.7972 homogen=54057.7922
mean B0=72.9717 homogen=20891.8928
mean B0=69.5166 homogen=10110.9626
mean B0=72.8635 homogen=15062.8065
mean B0=84.555 homogen=78797.6197
mean B0=61.9927 homogen=224015.4109
mean B0=64.6814 homogen=27301.4389
mean B0=79.182 homogen=35430.1791
mean B0=86.7472 homogen=95745.1454
mean B0=84.2066 homogen=74612.9822
mean B0=66.2453 homogen=156456.9204
mean B0=74.5577 homogen=22174.4344
mean B0=78.0337 homogen=34160.7963
mean B0=78.3811 homogen=35708.1022
mean B0=68.6207 homogen=7141.9123
mean B0=67.2866 homogen=5132.4018
mean B0=83.451 homogen=69558.3438
mean B0=81.2179 homogen=61128.7316
   201 |     8040 |     40 |  0.000000E+00 |  0.000000E+00 |  0.0022814492 |             f
mean B0=75.9917 homogen=28085.359
mean B0=78.076 homogen=66994.6626
mean B0=79.7603 homogen=42342.2042
mean B0=80.1742 homogen=44485.7629
mean B0=84.7979 homogen=80081.54
mean B0=73.6366 homogen=19763.4023
mean B0=74.3816 homogen=233365.0513
mean B0=83.358 homogen=57401.2258
mean B0=86.2111 homogen=89412.6
mean B0=52.563 homogen=70856.5787
mean B0=87.3021 homogen=108215.8913
mean B0=81.9241 homogen=56487.4942
mean B0=80.566 homogen=48332.2692
mean B0=72.3381 homogen=29432.3056
mean B0=67.8546 homogen=7870.2776
mean B0=76.2837 homogen=29126.0764
mean B0=60.2953 homogen=171417.393
mean B0=86.63 homogen=95621.1441
mean B0=72.4822 homogen=17363.2168
mean B0=87.1738 homogen=100711.6525
mean B0=77.5068 homogen=33220.9312
mean B0=75.7159 homogen=31406.0014
mean B0=79.6508 homogen=59193.1914
mean B0=79.8173 homogen=36677.5681
mean B0=86.7733 homogen=96907.1358
mean B0=68.742 homogen=7583.1868
mean B0=74.5996 homogen=32391.2792
mean B0=79.8437 homogen=52044.5804
mean B0=75.1545 homogen=226420.7172
mean B0=83.3964 homogen=68499.7138
mean B0=68.5163 homogen=23334.9173
mean B0=72.7473 homogen=17906.3437
mean B0=85.0465 homogen=78543.6879
mean B0=57.9558 homogen=164726.212
mean B0=69.1529 homogen=8330.2783
mean B0=87.9555 homogen=114435.8428
mean B0=78.2615 homogen=61454.7559
mean B0=67.2122 homogen=5094.4877
mean B0=79.3395 homogen=40708.7687
mean B0=79.2477 homogen=39933.5359
   202 |     8080 |     40 |  0.000000E+00 |  0.000000E+00 |  0.0032637137 |             f
mean B0=81.0269 homogen=49844.7546
mean B0=85.3842 homogen=90556.7448
mean B0=87.0756 homogen=100154.5931
mean B0=72.5343 homogen=17813.0335
mean B0=78.4918 homogen=36091.2497
mean B0=81.8101 homogen=55725.0953
mean B0=84.9096 homogen=84145.7755
mean B0=76.9909 homogen=236982.2304
mean B0=78.2851 homogen=71047.8815
mean B0=74.4422 homogen=31040.0017
mean B0=81.4318 homogen=60698.2103
mean B0=56.2975 homogen=282986.8069
mean B0=73.7805 homogen=20182.5869
mean B0=76.2837 homogen=29126.0764
mean B0=74.0282 homogen=46287.0531
mean B0=86.6495 homogen=95656.7848
mean B0=80.2373 homogen=52404.934
mean B0=86.63 homogen=95621.1441
mean B0=72.438 homogen=32782.0841
mean B0=77.6465 homogen=31748.9592
mean B0=85.1309 homogen=123331.8458
mean B0=83.0425 homogen=65790.7952
mean B0=88.0654 homogen=114869.809
mean B0=71.8092 homogen=14787.6816
mean B0=67.506 homogen=6194.8627
mean B0=78.4398 homogen=38466.5528
mean B0=84.0001 homogen=70754.095
mean B0=83.528 homogen=69839.7456
mean B0=79.0736 homogen=43547.5496
mean B0=81.6989 homogen=60704.7557
mean B0=75.6853 homogen=27221.8814
mean B0=80.3111 homogen=51252.7895
mean B0=86.2111 homogen=89412.6
mean B0=69.5166 homogen=10110.9626
mean B0=72.9623 homogen=40856.2196
mean B0=56.1302 homogen=59547.5717
mean B0=78.7815 homogen=40624.1415
mean B0=74.6585 homogen=22493.9725
mean B0=71.7125 homogen=21757.0544
mean B0=83.4169 homogen=65362.6413
   203 |     8120 |     40 |  0.000000E+00 |  0.000000E+00 |  0.0028583349 |             f
mean B0=85.2998 homogen=88765.3142
mean B0=72.6671 homogen=39366.626
mean B0=80.5017 homogen=48092.8021
mean B0=70.1487 homogen=14050.597
mean B0=71.024 homogen=13210.2468
mean B0=68.4068 homogen=164944.6359
mean B0=85.0469 homogen=78326.005
mean B0=73.3285 homogen=177701.1461
mean B0=81.2876 homogen=69576.2123
mean B0=87.5307 homogen=109320.9744
mean B0=78.8592 homogen=95647.3165
mean B0=79.0899 homogen=43635.1881
mean B0=78.5104 homogen=36158.7785
mean B0=75.5128 homogen=24855.8235
mean B0=52.5797 homogen=57656.7078
mean B0=86.7689 homogen=96938.8351
mean B0=73.6366 homogen=19763.4023
mean B0=79.8961 homogen=43083.0731
mean B0=72.91 homogen=31564.9595
mean B0=75.0997 homogen=20392.8501
mean B0=70.0744 homogen=10483.2587
mean B0=72.1076 homogen=25049.1791
mean B0=75.7412 homogen=27356.0677
mean B0=69.8719 homogen=14687.6046
mean B0=78.5803 homogen=50353.9035
mean B0=79.2836 homogen=40026.809
mean B0=85.1175 homogen=78806.4783
mean B0=65.9292 homogen=128972.6711
mean B0=76.2116 homogen=34483.419
mean B0=82.9348 homogen=65338.8926
mean B0=81.2123 homogen=50972.4218
mean B0=86.1141 homogen=88315.7359
mean B0=87.4263 homogen=103193.9444
mean B0=78.0877 homogen=254613.3958
mean B0=89.006 homogen=105927.0446
mean B0=77.7152 homogen=32151.6655
mean B0=78.9869 homogen=35915.3289
mean B0=84.5038 homogen=77374.0221
mean B0=78.4101 homogen=70231.0775
mean B0=83.9704 homogen=70574.5901
   204 |     8160 |     40 |  0.000000E+00 |  0.000000E+00 |  0.0026770768 |             f
mean B0=77.657 homogen=31680.2602
mean B0=84.7446 homogen=79642.0812
mean B0=73.6366 homogen=19763.4023
mean B0=67.1632 homogen=7950.5784
mean B0=77.7215 homogen=42329.7441
mean B0=72.0422 homogen=220839.4965
mean B0=82.0331 homogen=57259.1968
mean B0=87.4289 homogen=91064.1532
mean B0=78.3518 homogen=35132.1102
mean B0=86.9972 homogen=99195.7762
mean B0=82.8232 homogen=60842.8125
mean B0=87.2051 homogen=105457.5993
mean B0=72.5589 homogen=16892.0248
mean B0=74.8119 homogen=23261.1155
mean B0=87.4222 homogen=103188.0918
mean B0=80.8515 homogen=49582.9063
mean B0=71.1501 homogen=18650.1318
mean B0=79.5176 homogen=41083.4325
mean B0=84.1735 homogen=74111.9777
mean B0=85.1443 homogen=78816.916
mean B0=70.0663 homogen=10467.845
mean B0=85.589 homogen=83168.3796
mean B0=67.2431 homogen=4894.7152
mean B0=78.929 homogen=33589.5817
mean B0=73.0301 homogen=23754.9826
mean B0=62.9219 homogen=230164.2292
mean B0=74.3582 homogen=21519.5384
mean B0=86.1023 homogen=109312.205
mean B0=84.097 homogen=94699.794
mean B0=71.8492 homogen=150967.288
mean B0=71.7967 homogen=151533.317
mean B0=69.7728 homogen=12719.8607
mean B0=83.8376 homogen=70074.9149
mean B0=74.3624 homogen=21927.057
mean B0=88.1101 homogen=94675.5737
mean B0=71.481 homogen=14114.2666
mean B0=83.7286 homogen=60294.9298
mean B0=79.3078 homogen=85005.8085
mean B0=79.6036 homogen=41648.3088
mean B0=79.8825 homogen=43016.7077
   205 |     8200 |     40 |  0.000000E+00 |  0.000000E+00 |  0.0039202559 |             f
mean B0=80.6529 homogen=40684.5297
mean B0=49.4614 homogen=316812.3728
mean B0=86.211 homogen=89412.1094
mean B0=71.2409 homogen=13824.61
mean B0=88.3047 homogen=97407.5686
mean B0=60.6045 homogen=187971.3221
mean B0=86.0428 homogen=87576.3137
mean B0=55.6896 homogen=67358.2987
mean B0=69.0022 homogen=8434.7922
mean B0=70.7939 homogen=12661.3159
mean B0=67.5512 homogen=6203.4247
mean B0=81.9073 homogen=54906.9205
mean B0=87.4019 homogen=103156.5605
mean B0=81.2044 homogen=50979.8483
mean B0=83.6319 homogen=58044.966
mean B0=83.8893 homogen=90048.544
mean B0=57.6346 homogen=191063.4659
mean B0=72.8494 homogen=18392.5796
mean B0=86.9971 homogen=99195.8311
mean B0=78.0865 homogen=36357.4715
mean B0=73.0936 homogen=22900.6908
mean B0=74.5229 homogen=45827.2345
mean B0=75.5128 homogen=24855.8235
mean B0=80.8649 homogen=49546.4802
mean B0=84.8343 homogen=95085.6071
mean B0=71.809 homogen=14793.5844
mean B0=76.3552 homogen=29537.5484
mean B0=78.3518 homogen=35132.4281
mean B0=67.0747 homogen=11200.2745
mean B0=72.5207 homogen=15474.7821
mean B0=68.5845 homogen=7092.75
mean B0=86.8995 homogen=103711.5494
mean B0=87.4261 homogen=103179.8797
mean B0=82.9408 homogen=65246.3769
mean B0=85.3888 homogen=79147.738
mean B0=87.5333 homogen=93747.9093
mean B0=80.1783 homogen=44495.8661
mean B0=82.0331 homogen=57259.1968
mean B0=81.8103 homogen=55722.2559
mean B0=87.1698 homogen=100431.284
   206 |     8240 |     40 |  0.000000E+00 |  0.000000E+00 |  0.0012183295 |             f
mean B0=67.7179 homogen=6757.463
mean B0=85.8816 homogen=89320.5682
mean B0=78.2941 homogen=34840.5469
mean B0=66.3515 homogen=270411.0485
mean B0=63.3316 homogen=197061.5073
mean B0=77.0666 homogen=35302.8717
mean B0=71.3643 homogen=10781.3655
mean B0=87.5682 homogen=93450.1524
mean B0=82.8231 homogen=60836.8865
mean B0=80.9903 homogen=59339.7114
mean B0=71.8341 homogen=38124.6422
mean B0=67.4219 homogen=6286.4143
mean B0=78.8072 homogen=32108.9181
mean B0=84.3134 homogen=75436.8131
mean B0=71.8007 homogen=14766.7337
mean B0=79.6399 homogen=49685.5507
mean B0=77.663 homogen=32178.213
mean B0=71.2513 homogen=13769.0165
mean B0=80.3432 homogen=54786.1363
mean B0=83.2719 homogen=70045.8727
mean B0=88.0959 homogen=115871.3995
mean B0=67.223 homogen=6198.7312
mean B0=83.268 homogen=93309.0045
mean B0=79.7799 homogen=45033.6466
mean B0=84.553 homogen=78137.7846
mean B0=82.005 homogen=69162.3737
mean B0=72.5453 homogen=15589.7941
mean B0=81.2752 homogen=51366.8214
mean B0=86.63 homogen=95621.1914
mean B0=90.4555 homogen=105470.7759
mean B0=77.3547 homogen=36271.2277
mean B0=52.4809 homogen=330234.5697
mean B0=76.3617 homogen=29571.5378
mean B0=82.7328 homogen=60084.3162
mean B0=69.5233 homogen=10038.9768
mean B0=72.1816 homogen=32803.7604
mean B0=85.2 homogen=79109.0126
mean B0=79.0203 homogen=38705.1319
mean B0=80.0751 homogen=39024.3701
mean B0=69.5084 homogen=29852.3274
   207 |     8280 |     40 |  0.000000E+00 |  0.000000E+00 |  0.0026284299 |             f
mean B0=82.9772 homogen=65335.5057
mean B0=85.4828 homogen=82869.1
mean B0=82.1704 homogen=59784.9986
mean B0=77.0663 homogen=31966.6642
mean B0=86.3143 homogen=95249.2336
mean B0=86.1997 homogen=110565.4503
mean B0=77.3912 homogen=33105.4892
mean B0=71.3039 homogen=16407.8194
mean B0=68.5845 homogen=7092.75
mean B0=82.0437 homogen=55755.5522
mean B0=85.7891 homogen=74800.2814
mean B0=74.2765 homogen=21274.4334
mean B0=75.8564 homogen=77033.554
mean B0=67.5512 homogen=6203.4247
mean B0=70.1383 homogen=12949.9984
mean B0=76.2144 homogen=37917.632
mean B0=76.8586 homogen=37048.7623
mean B0=77.9418 homogen=32993.9651
mean B0=78.7509 homogen=37323.6813
mean B0=87.1898 homogen=101323.1503
mean B0=86.1702 homogen=89384.0775
mean B0=88.1959 homogen=116044.8633
mean B0=73.6366 homogen=19763.4023
mean B0=72.1005 homogen=29393.5508
mean B0=84.6243 homogen=76227.3087
mean B0=77.9249 homogen=32843.1374
mean B0=67.3897 homogen=5395.1823
mean B0=77.6325 homogen=35713.8928
mean B0=69.5233 homogen=10038.9768
mean B0=50.126 homogen=85073.6923
mean B0=87.5923 homogen=109405.9902
mean B0=80.2663 homogen=44976.8066
mean B0=73.5452 homogen=39613.0685
mean B0=86.0428 homogen=87576.3137
mean B0=69.7616 homogen=147394.3175
mean B0=82.3348 homogen=57554.6314
mean B0=81.3931 homogen=73169.2864
mean B0=87.3269 homogen=102270.4404
mean B0=84.5335 homogen=100433.6209
mean B0=53.1466 homogen=67064.1748
   208 |     8320 |     40 |  0.000000E+00 |  0.000000E+00 |  0.0047713455 |         ideal
mean B0=77.6601 homogen=31669.0964
mean B0=87.7815 homogen=91760.1208
mean B0=69.3431 homogen=13074.6699
mean B0=83.048 homogen=66099.1374
mean B0=85.1335 homogen=78804.6135
mean B0=83.8375 homogen=70076.6051
mean B0=40.3778 homogen=125269.0766
mean B0=72.5153 homogen=41135.067
mean B0=81.9073 homogen=54906.9205
mean B0=80.1741 homogen=44487.5524
mean B0=86.8854 homogen=97069.3264
mean B0=73.106 homogen=41453.8247
mean B0=75.9383 homogen=38742.4435
mean B0=78.5604 homogen=85260.9347
mean B0=71.3285 homogen=15873.2488
mean B0=53.7988 homogen=74976.6652
mean B0=88.2218 homogen=116351.6072
mean B0=77.5768 homogen=33851.0967
mean B0=78.4591 homogen=35594.2421
mean B0=71.4356 homogen=59314.8608
mean B0=86.2058 homogen=89375.4144
mean B0=82.9896 homogen=85773.2312
mean B0=68.6463 homogen=14329.1972
mean B0=86.8646 homogen=97668.9742
mean B0=86.3741 homogen=95513.7255
mean B0=76.3617 homogen=29572.0749
mean B0=78.092 homogen=33718.0371
mean B0=77.7965 homogen=32460.6092
mean B0=87.9705 homogen=114328.0608
mean B0=63.4476 homogen=198901.6337
mean B0=76.6538 homogen=31025.1018
mean B0=71.7537 homogen=24699.3694
mean B0=76.5607 homogen=34905.0388
mean B0=78.86 homogen=37880.2624
mean B0=68.9793 homogen=8286.1267
mean B0=73.6366 homogen=19763.4023
mean B0=84.5761 homogen=75749.8422
mean B0=85.1559 homogen=109090.3562
mean B0=85.4486 homogen=81513.6107
mean B0=77.4817 homogen=34143.8469
   209 |     8360 |     40 |  0.000000E+00 |  0.000000E+00 |  0.0027521305 |         nadir
mean B0=84.316 homogen=92843.2084
mean B0=72.8572 homogen=32230.2088
mean B0=75.8863 homogen=31031.2482
mean B0=81.2752 homogen=51366.2675
mean B0=84.3837 homogen=76167.5007
mean B0=85.498 homogen=82367.2197
mean B0=76.8283 homogen=32484.7843
mean B0=85.5659 homogen=82965.6506
mean B0=88.2218 homogen=116351.6072
mean B0=82.0365 homogen=49130.8781
mean B0=82.2662 homogen=57104.741
mean B0=80.6802 homogen=53322.654
mean B0=69.5363 homogen=137319.2391
mean B0=86.5079 homogen=83166.5007
mean B0=74.0687 homogen=41603.7785
mean B0=76.5212 homogen=30351.3663
mean B0=79.9208 homogen=60198.4239
mean B0=67.8205 homogen=21607.4916
mean B0=86.3104 homogen=95164.1641
mean B0=68.64 homogen=7199.1249
mean B0=87.0783 homogen=84948.0519
mean B0=72.1757 homogen=27366.5275
mean B0=79.5027 homogen=41289.6771
mean B0=86.9972 homogen=99196.5448
mean B0=79.7295 homogen=44436.1277
mean B0=79.6927 homogen=42077.5595
mean B0=85.2139 homogen=81907.5295
mean B0=85.4709 homogen=81728.7445
mean B0=87.4263 homogen=103193.9444
mean B0=85.8475 homogen=106350.2906
mean B0=67.2984 homogen=5013.9966
mean B0=73.4886 homogen=28955.6493
mean B0=70.3536 homogen=130210.2148
mean B0=85.6157 homogen=104120.5407
mean B0=76.4914 homogen=81899.8374
mean B0=72.6332 homogen=17303.4025
mean B0=76.7158 homogen=31210.215
mean B0=71.321 homogen=16631.1532
mean B0=86.2122 homogen=89508.412
mean B0=80.2545 homogen=44919.821
   210 |     8400 |     40 |  0.000000E+00 |  0.000000E+00 |  0.0011419269 |             f
mean B0=86.9087 homogen=88615.7373
mean B0=68.6405 homogen=7201.3712
mean B0=87.5226 homogen=109075.6333
mean B0=76.2837 homogen=29126.1129
mean B0=69.8916 homogen=12696.1939
mean B0=68.9864 homogen=8113.5001
mean B0=87.6484 homogen=110546.1549
mean B0=80.4679 homogen=46033.2748
mean B0=77.817 homogen=32600.4961
mean B0=76.2694 homogen=31564.5207
mean B0=72.465 homogen=17091.9688
mean B0=75.3781 homogen=26463.1595
mean B0=85.5893 homogen=104354.6158
mean B0=82.1983 homogen=56971.4151
mean B0=62.3739 homogen=214718.0751
mean B0=77.0638 homogen=32975.6765
mean B0=67.2426 homogen=4900.7091
mean B0=81.8735 homogen=54645.8229
mean B0=86.2993 homogen=90467.3111
mean B0=84.3134 homogen=75434.8068
mean B0=87.7141 homogen=95649.0027
mean B0=84.624 homogen=76205.1568
mean B0=68.4476 homogen=6885.2392
mean B0=75.5128 homogen=24854.4248
mean B0=87.6289 homogen=109521.9132
mean B0=69.5792 homogen=14993.1963
mean B0=82.8746 homogen=64502.1919
mean B0=89.5772 homogen=122388.597
mean B0=82.4791 homogen=58561.0739
mean B0=80.9095 homogen=67156.2487
mean B0=67.338 homogen=5110.8384
mean B0=62.702 homogen=174419.0361
mean B0=87.9398 homogen=92924.1549
mean B0=79.6365 homogen=41816.925
mean B0=73.1611 homogen=42935.1976
mean B0=78.2879 homogen=69831.0866
mean B0=80.865 homogen=49536.5848
mean B0=86.9898 homogen=99386.9697
mean B0=73.5631 homogen=19618.914
mean B0=86.3144 homogen=95246.005
   211 |     8440 |     40 |  0.000000E+00 |  0.000000E+00 |  0.0031948717 |             f
mean B0=83.3878 homogen=70409.4273
mean B0=81.9105 homogen=61331.0763
mean B0=79.6344 homogen=41817.3932
mean B0=72.0984 homogen=15112.8126
mean B0=80.0033 homogen=84385.3758
mean B0=82.5233 homogen=58715.6058
mean B0=84.812 homogen=77192.9204
mean B0=73.5631 homogen=19618.914
mean B0=73.1304 homogen=41571.878
mean B0=75.5977 homogen=25299.7724
mean B0=81.2315 homogen=50953.2622
mean B0=83.7946 homogen=69733.5155
mean B0=86.3142 homogen=95241.5962
mean B0=69.0437 homogen=8131.7264
mean B0=83.5514 homogen=60691.9168
mean B0=87.5226 homogen=109075.1425
mean B0=77.5826 homogen=32237.2117
mean B0=69.7779 homogen=11010.7261
mean B0=72.6332 homogen=17303.4025
mean B0=72.6976 homogen=41239.1347
mean B0=86.8658 homogen=97857.3585
mean B0=79.9219 homogen=44638.9301
mean B0=64.4247 homogen=214362.1634
mean B0=78.2063 homogen=34629.1132
mean B0=78.0544 homogen=37236.7901
mean B0=88.1741 homogen=116306.2778
mean B0=85.0778 homogen=81731.4081
mean B0=67.338 homogen=5110.8384
mean B0=80.2123 homogen=113136.1855
mean B0=75.4961 homogen=27141.9565
mean B0=80.9067 homogen=49943.6403
mean B0=79.0602 homogen=38907.1182
mean B0=86.206 homogen=89383.2295
mean B0=76.04 homogen=27469.8816
mean B0=79.0186 homogen=38699.4789
mean B0=87.9705 homogen=114327.7854
mean B0=67.305 homogen=5036.0986
mean B0=71.6014 homogen=18629.4518
mean B0=85.1335 homogen=78804.6135
mean B0=69.1879 homogen=8362.3449
   212 |     8480 |     40 |  0.000000E+00 |  0.000000E+00 |  0.0032507501 |             f
mean B0=77.5472 homogen=32935.6818
mean B0=88.219 homogen=116379.9124
mean B0=87.5226 homogen=109075.1425
mean B0=85.1611 homogen=79326.118
mean B0=78.4698 homogen=37152.379
mean B0=82.8693 homogen=64486.866
mean B0=73.5795 homogen=21429.5803
mean B0=81.928 homogen=55040.367
mean B0=75.8884 homogen=23515.2544
mean B0=82.2554 homogen=57080.4242
mean B0=76.1729 homogen=27818.3868
mean B0=67.8063 homogen=8417.1426
mean B0=85.4468 homogen=84757.0104
mean B0=82.2514 homogen=74660.9753
mean B0=71.5441 homogen=31223.7767
mean B0=87.9463 homogen=113121.8196
mean B0=69.5185 homogen=10072.5017
mean B0=82.5246 homogen=58725.3527
mean B0=72.5882 homogen=76386.9818
mean B0=86.3094 homogen=95192.0789
mean B0=54.1097 homogen=480258.9239
mean B0=83.8388 homogen=70071.3855
mean B0=84.812 homogen=77192.9204
mean B0=77.7074 homogen=32155.9807
mean B0=87.0128 homogen=98500.5289
mean B0=80.4735 homogen=46057.2266
mean B0=79.7889 homogen=44965.0744
mean B0=63.0048 homogen=192594.1872
mean B0=70.0114 homogen=12071.1094
mean B0=86.9582 homogen=98778.2635
mean B0=86.0084 homogen=89203.2374
mean B0=85.2704 homogen=88730.0236
mean B0=80.0475 homogen=43819.5207
mean B0=78.0743 homogen=34220.683
mean B0=79.7799 homogen=42594.3589
mean B0=81.0518 homogen=50727.8728
mean B0=69.3641 homogen=29608.4853
mean B0=82.4779 homogen=58551.4967
mean B0=76.5378 homogen=43655.3102
mean B0=87.9733 homogen=114375.5312
   213 |     8520 |     40 |  0.000000E+00 |  0.000000E+00 |  0.0030510541 |             f
mean B0=82.8693 homogen=64486.866
mean B0=81.3064 homogen=51766.7094
mean B0=80.4864 homogen=46025.7111
mean B0=57.8451 homogen=47977.1352
mean B0=84.314 homogen=75435.9856
mean B0=82.0125 homogen=47751.2166
mean B0=77.1714 homogen=111199.6821
mean B0=81.7351 homogen=54083.9281
mean B0=86.1855 homogen=89430.9094
mean B0=72.4412 homogen=15123.0178
mean B0=70.7338 homogen=26840.6424
mean B0=86.4346 homogen=96622.6638
mean B0=82.1668 homogen=56530.2745
mean B0=78.4726 homogen=37050.1317
mean B0=87.9991 homogen=114014.0069
mean B0=79.2522 homogen=40141.9733
mean B0=78.3045 homogen=34976.2979
mean B0=77.2085 homogen=79272.7745
mean B0=85.8854 homogen=86060.7727
mean B0=83.9903 homogen=61265.4654
mean B0=76.04 homogen=27469.8816
mean B0=83.3394 homogen=67099.5826
mean B0=74.728 homogen=23013.87
mean B0=87.1387 homogen=99944.7917
mean B0=73.5787 homogen=21428.0956
mean B0=87.8949 homogen=113079.7353
mean B0=75.5686 homogen=40244.3947
mean B0=86.1549 homogen=89405.3673
mean B0=86.5953 homogen=98141.7441
mean B0=80.817 homogen=54617.9406
mean B0=71.6448 homogen=23345.073
mean B0=85.035 homogen=78113.2976
mean B0=69.5994 homogen=10628.4512
mean B0=88.2162 homogen=116584.1158
mean B0=79.2841 homogen=40124.3332
mean B0=79.8525 homogen=42815.0156
mean B0=84.4656 homogen=96531.6539
mean B0=74.1416 homogen=42822.0114
mean B0=77.3632 homogen=34061.8968
mean B0=71.2858 homogen=18538.4453
   214 |     8560 |     40 |  0.000000E+00 |  0.000000E+00 |  0.0033977147 |             f
mean B0=81.8087 homogen=39835.7295
mean B0=85.2034 homogen=79415.746
mean B0=76.5314 homogen=31588.597
mean B0=82.8647 homogen=64621.4686
mean B0=79.6119 homogen=43997.8193
mean B0=84.3267 homogen=75562.5765
mean B0=67.8934 homogen=269898.3614
mean B0=71.7587 homogen=150195.948
mean B0=68.9629 homogen=8343.4933
mean B0=85.0109 homogen=77880.3989
mean B0=69.6662 homogen=11754.4756
mean B0=69.6692 homogen=13628.6353
mean B0=69.5598 homogen=10575.6086
mean B0=79.9414 homogen=37151.9884
mean B0=80.8589 homogen=49505.9637
mean B0=80.089 homogen=44654.3825
mean B0=87.175 homogen=98005.071
mean B0=85.6076 homogen=103855.291
mean B0=85.5287 homogen=86159.8842
mean B0=71.8991 homogen=16446.1977
mean B0=86.0707 homogen=108589.1009
mean B0=85.8411 homogen=85977.5802
mean B0=83.2566 homogen=77872.2111
mean B0=77.6641 homogen=32036.051
mean B0=86.8947 homogen=100645.376
mean B0=74.2256 homogen=52130.0704
mean B0=85.589 homogen=83168.1523
mean B0=74.7902 homogen=23181.3603
mean B0=66.7291 homogen=5927.1026
mean B0=82.5486 homogen=58894.4615
mean B0=85.4814 homogen=85517.1544
mean B0=69.6392 homogen=15884.563
mean B0=79.6874 homogen=42055.5993
mean B0=76.0515 homogen=27500.3298
mean B0=76.2901 homogen=29164.9143
mean B0=83.7624 homogen=68650.3801
mean B0=79.3272 homogen=42717.2236
mean B0=85.715 homogen=75688.827
mean B0=85.9231 homogen=88869.5417
mean B0=72.4815 homogen=16210.5048
   215 |     8600 |     40 |  0.000000E+00 |  0.000000E+00 |  0.0016296813 |             f
mean B0=76.7114 homogen=31197.1203
mean B0=73.0445 homogen=41446.3166
mean B0=81.9067 homogen=55166.5888
mean B0=85.589 homogen=83168.1523
mean B0=73.9328 homogen=34711.3081
mean B0=86.3148 homogen=95159.6864
mean B0=81.2974 homogen=51375.4957
mean B0=80.9524 homogen=43514.7676
mean B0=74.72 homogen=28613.2102
mean B0=83.8747 homogen=70287.3364
mean B0=78.2514 homogen=87791.757
mean B0=85.1546 homogen=82910.9024
mean B0=78.3551 homogen=38131.0141
mean B0=72.0997 homogen=155204.6523
mean B0=86.214 homogen=89390.5819
mean B0=87.7757 homogen=111940.4662
mean B0=84.9034 homogen=115198.492
mean B0=86.2819 homogen=79033.1253
mean B0=69.5994 homogen=10628.4512
mean B0=84.6856 homogen=77412.5675
mean B0=82.1979 homogen=59914.9505
mean B0=72.4121 homogen=32914.6473
mean B0=73.5335 homogen=178593.3215
mean B0=74.7902 homogen=23181.3603
mean B0=66.2895 homogen=135970.4699
mean B0=74.8085 homogen=23275.8473
mean B0=84.5616 homogen=76418.6368
mean B0=78.3993 homogen=92521.2656
mean B0=76.5192 homogen=39466.6254
mean B0=64.9248 homogen=45065.9665
mean B0=76.8491 homogen=51147.0188
mean B0=76.2208 homogen=40025.1633
mean B0=79.4346 homogen=86425.424
mean B0=82.5174 homogen=58690.7502
mean B0=84.3041 homogen=75512.0074
mean B0=78.4221 homogen=35597.6598
mean B0=79.3446 homogen=40209.7415
mean B0=77.2814 homogen=33890.7177
mean B0=68.4476 homogen=6885.2392
mean B0=85.7933 homogen=87935.5089
   216 |     8640 |     40 |  0.000000E+00 |  0.000000E+00 |  0.0031834111 |             f
mean B0=76.5598 homogen=30549.6038
mean B0=81.1038 homogen=60967.5301
mean B0=70.8471 homogen=11226.3541
mean B0=83.8747 homogen=70287.3364
mean B0=73.5795 homogen=21429.5803
mean B0=82.5227 homogen=52087.4406
mean B0=76.7215 homogen=87768.6402
mean B0=67.8152 homogen=21414.5732
mean B0=52.7713 homogen=67230.4989
mean B0=82.549 homogen=58896.1798
mean B0=74.5896 homogen=81849.4286
mean B0=80.0076 homogen=38630.7916
mean B0=83.3394 homogen=67099.5826
mean B0=85.323 homogen=80600.3337
mean B0=78.8959 homogen=39316.9561
mean B0=70.5257 homogen=32664.1438
mean B0=85.9553 homogen=89645.5934
mean B0=67.563 homogen=6181.0981
mean B0=81.6064 homogen=53304.3753
mean B0=85.6668 homogen=85517.981
mean B0=78.4841 homogen=35853.3015
mean B0=71.5354 homogen=21403.8599
mean B0=79.2808 homogen=40355.2295
mean B0=88.2218 homogen=116351.6072
mean B0=85.2106 homogen=79371.5408
mean B0=76.6888 homogen=31131.7481
mean B0=78.151 homogen=34704.5714
mean B0=87.1209 homogen=107579.2649
mean B0=80.2467 homogen=44770.078
mean B0=82.8677 homogen=64473.4375
mean B0=77.6622 homogen=39285.1418
mean B0=57.1487 homogen=40665.8555
mean B0=73.5631 homogen=19618.914
mean B0=88.2557 homogen=116721.5502
mean B0=82.095 homogen=55959.8204
mean B0=84.5552 homogen=92769.7461
mean B0=82.2673 homogen=58192.259
mean B0=68.9752 homogen=8387.0427
mean B0=73.5342 homogen=18186.9405
mean B0=82.264 homogen=56976.3951
   217 |     8680 |     40 |  0.000000E+00 |  0.000000E+00 |  0.0033081775 |         nadir
mean B0=87.0589 homogen=108725.4543
mean B0=77.4198 homogen=31762.6108
mean B0=87.1287 homogen=99835.9902
mean B0=74.1594 homogen=43856.5588
mean B0=79.3446 homogen=40209.7415
mean B0=86.9099 homogen=84550.1959
mean B0=83.9874 homogen=70454.9231
mean B0=55.7496 homogen=119750.3743
mean B0=70.0572 homogen=23502.9343
mean B0=81.2976 homogen=51378.8999
mean B0=84.6855 homogen=88310.0597
mean B0=68.5458 homogen=7608.2047
mean B0=85.5874 homogen=83381.8746
mean B0=57.5721 homogen=48924.4497
mean B0=73.5632 homogen=19615.6155
mean B0=68.9752 homogen=8387.0427
mean B0=86.3039 homogen=95010.71
mean B0=75.5094 homogen=26582.7337
mean B0=80.7517 homogen=60569.9721
mean B0=86.3611 homogen=98688.8284
mean B0=72.4134 homogen=15770.5116
mean B0=85.9353 homogen=86843.3174
mean B0=85.8032 homogen=88005.2288
mean B0=72.6318 homogen=33326.4204
mean B0=80.2467 homogen=44770.078
mean B0=88.2565 homogen=116733.059
mean B0=85.0978 homogen=79582.8101
mean B0=75.3381 homogen=26315.5936
mean B0=70.7114 homogen=16717.7269
mean B0=80.8651 homogen=49544.212
mean B0=73.2204 homogen=18211.658
mean B0=67.8761 homogen=8199.9305
mean B0=82.5999 homogen=59109.4234
mean B0=79.8908 homogen=42948.7249
mean B0=78.1511 homogen=34702.6216
mean B0=84.3134 homogen=75434.8068
mean B0=79.0488 homogen=38853.2142
mean B0=75.4894 homogen=24884.6786
mean B0=78.737 homogen=37224.8242
mean B0=84.8691 homogen=79118.3551
   218 |     8720 |     40 |  0.000000E+00 |  0.000000E+00 |  0.0043449584 |             f
mean B0=69.2316 homogen=13341.7221
mean B0=83.0471 homogen=81115.9691
mean B0=69.8193 homogen=22153.2836
mean B0=83.9431 homogen=70293.5174
mean B0=83.9863 homogen=70976.1082
mean B0=80.4474 homogen=45812.6869
mean B0=77.6641 homogen=32036.051
mean B0=88.5176 homogen=114394.4552
mean B0=74.7902 homogen=23184.9685
mean B0=77.431 homogen=31693.8361
mean B0=85.9299 homogen=89419.1936
mean B0=79.4852 homogen=41457.404
mean B0=72.0256 homogen=17755.2655
mean B0=78.0376 homogen=36257.7084
mean B0=76.119 homogen=28307.1535
mean B0=78.4781 homogen=35723.4651
mean B0=80.158 homogen=78231.5342
mean B0=81.4715 homogen=63039.2242
mean B0=52.1703 homogen=76173.4392
mean B0=88.1833 homogen=100366.4938
mean B0=80.1232 homogen=47366.1532
mean B0=77.6396 homogen=31893.5368
mean B0=75.89 homogen=37378.7989
mean B0=86.4071 homogen=98698.8018
mean B0=79.219 homogen=65931.8295
mean B0=79.9301 homogen=43143.0478
mean B0=76.5598 homogen=30549.6038
mean B0=87.9481 homogen=113132.196
mean B0=82.5998 homogen=59107.7717
mean B0=72.0895 homogen=15082.5281
mean B0=76.9805 homogen=76658.8663
mean B0=76.4427 homogen=60466.1472
mean B0=68.8056 homogen=8065.2821
mean B0=67.1216 homogen=256437.7119
mean B0=68.9874 homogen=9331.8626
mean B0=84.9398 homogen=80118.8398
mean B0=77.7553 homogen=36760.8629
mean B0=88.7027 homogen=101575.1692
mean B0=77.6008 homogen=33698.8356
mean B0=81.0812 homogen=59815.2606
   219 |     8760 |     40 |  0.000000E+00 |  0.000000E+00 |  0.0017773992 |             f
mean B0=85.6241 homogen=103736.9583
mean B0=77.8556 homogen=32957.1231
mean B0=89.036 homogen=105533.1118
mean B0=89.4069 homogen=109226.8154
mean B0=80.4806 homogen=45975.6103
mean B0=83.9883 homogen=70459.0317
mean B0=87.1797 homogen=100943.6059
mean B0=73.5632 homogen=19615.6155
mean B0=76.2172 homogen=25629.1766
mean B0=66.9584 homogen=5033.9368
mean B0=78.1506 homogen=34710.0925
mean B0=68.9126 homogen=128225.6727
mean B0=86.6703 homogen=99201.2345
mean B0=85.7733 homogen=85021.4423
mean B0=74.745 homogen=29159.7893
mean B0=70.6417 homogen=10681.516
mean B0=75.5135 homogen=27488.9984
mean B0=86.4065 homogen=98701.0547
mean B0=78.785 homogen=37275.4897
mean B0=77.5541 homogen=56431.4397
mean B0=86.1909 homogen=81416.3457
mean B0=69.8439 homogen=18699.0669
mean B0=84.4701 homogen=90436.4528
mean B0=68.2651 homogen=18115.1679
mean B0=76.6807 homogen=31041.5065
mean B0=76.9053 homogen=75685.9176
mean B0=86.1679 homogen=88917.6754
mean B0=82.8677 homogen=64473.4375
mean B0=79.708 homogen=98364.101
mean B0=82.9678 homogen=61807.976
mean B0=60.8475 homogen=184504.0162
mean B0=76.0179 homogen=27350.27
mean B0=66.6276 homogen=8855.2494
mean B0=74.8836 homogen=56116.9636
mean B0=82.2412 homogen=63439.9221
mean B0=81.539 homogen=52886.248
mean B0=79.6929 homogen=41986.6565
mean B0=78.7371 homogen=37222.1744
mean B0=69.8312 homogen=51825.5011
mean B0=61.871 homogen=182120.7093
   220 |     8800 |     40 |  0.000000E+00 |  0.000000E+00 |  0.0043135893 |             f
mean B0=70.244 homogen=19403.5745
mean B0=85.2149 homogen=99557.5931
mean B0=69.6654 homogen=9746.3101
mean B0=69.5994 homogen=10628.4512
mean B0=85.323 homogen=80600.3337
mean B0=75.103 homogen=24013.777
mean B0=70.8471 homogen=11226.3541
mean B0=87.4488 homogen=93251.0303
mean B0=50.0261 homogen=80132.9225
mean B0=83.8749 homogen=70286.5017
mean B0=81.9767 homogen=56205.5836
mean B0=84.8677 homogen=78554.2595
mean B0=82.1545 homogen=56209.4287
mean B0=73.492 homogen=117098.14
mean B0=80.4864 homogen=46025.7111
mean B0=77.1227 homogen=34270.0221
mean B0=87.4263 homogen=103193.9444
mean B0=78.1511 homogen=34702.6216
mean B0=82.8542 homogen=119160.7286
mean B0=76.1047 homogen=28227.2613
mean B0=70.438 homogen=26172.6099
mean B0=87.8772 homogen=92573.1143
mean B0=71.2148 homogen=13141.5234
mean B0=78.785 homogen=37275.4897
mean B0=87.8371 homogen=96163.1563
mean B0=83.7628 homogen=70444.024
mean B0=81.539 homogen=52886.248
mean B0=83.9889 homogen=70468.4805
mean B0=75.3978 homogen=40287.7355
mean B0=79.4853 homogen=41455.3286
mean B0=86.8927 homogen=97428.6383
mean B0=76.7235 homogen=31457.2046
mean B0=79.0748 homogen=39007.867
mean B0=80.4077 homogen=40698.8175
mean B0=67.5743 homogen=6078.3478
mean B0=85.0254 homogen=80747.4551
mean B0=78.3709 homogen=88625.9839
mean B0=73.5795 homogen=21429.5803
mean B0=75.2556 homogen=36433.8169
mean B0=67.8148 homogen=121119.5607
   221 |     8840 |     40 |  0.000000E+00 |  0.000000E+00 |  0.0029396485 |             f
mean B0=83.425 homogen=110935.4375
mean B0=79.3182 homogen=32497.2662
mean B0=85.5847 homogen=83196.4047
mean B0=76.303 homogen=28907.7924
mean B0=74.3426 homogen=56598.4242
mean B0=68.4018 homogen=17244.8048
mean B0=83.7493 homogen=69807.2725
mean B0=84.8936 homogen=101835.5581
mean B0=59.5312 homogen=109221.7641
mean B0=71.5899 homogen=13686.0652
mean B0=79.4853 homogen=41455.3286
mean B0=83.3052 homogen=66841.7982
mean B0=85.2602 homogen=86032.4501
mean B0=73.1162 homogen=19949.7004
mean B0=87.5375 homogen=108966.2515
mean B0=79.0169 homogen=33704.298
mean B0=86.4219 homogen=96740.7151
mean B0=77.8524 homogen=32948.6253
mean B0=80.2399 homogen=44735.9555
mean B0=71.8575 homogen=24033.862
mean B0=71.7373 homogen=31718.7355
mean B0=76.7934 homogen=44618.2496
mean B0=82.9726 homogen=61787.7449
mean B0=80.3389 homogen=45257.3811
mean B0=74.4704 homogen=42966.7965
mean B0=64.8875 homogen=130450.1815
mean B0=83.8047 homogen=69781.6099
mean B0=62.6393 homogen=186724.5235
mean B0=80.642 homogen=91273.7829
mean B0=73.1885 homogen=19116.3989
mean B0=72.0925 homogen=15070.3036
mean B0=84.9014 homogen=78864.9038
mean B0=85.9283 homogen=86636.6563
mean B0=68.5095 homogen=7143.6573
mean B0=78.6603 homogen=38301.0288
mean B0=78.3568 homogen=35166.5534
mean B0=82.4106 homogen=57780.8423
mean B0=46.7038 homogen=113217.7619
mean B0=87.427 homogen=103568.2266
mean B0=73.3008 homogen=31544.2193
   222 |     8880 |     40 |  0.000000E+00 |  0.000000E+00 |  0.0031979717 |             f
mean B0=82.2708 homogen=57021.3388
mean B0=85.589 homogen=83168.1523
mean B0=70.7083 homogen=10831.512
mean B0=76.9802 homogen=29079.6913
mean B0=86.5829 homogen=95709.0682
mean B0=57.3446 homogen=466485.3042
mean B0=88.6963 homogen=101466.0923
mean B0=78.9254 homogen=38099.2855
mean B0=79.1621 homogen=67106.716
mean B0=73.5615 homogen=20902.8988
mean B0=78.0438 homogen=33488.0991
mean B0=74.6642 homogen=22940.2844
mean B0=74.5797 homogen=225217.4548
mean B0=75.6479 homogen=25493.423
mean B0=87.7632 homogen=90795.7271
mean B0=72.0216 homogen=17398.6244
mean B0=75.2585 homogen=77716.0346
mean B0=85.2644 homogen=79825.6372
mean B0=67.2431 homogen=4894.7152
mean B0=85.5886 homogen=85329.5125
mean B0=85.5146 homogen=84681.2777
mean B0=81.9767 homogen=56205.5836
mean B0=71.5216 homogen=13534.9795
mean B0=46.3176 homogen=102869.6633
mean B0=68.1319 homogen=6406.1465
mean B0=79.9305 homogen=43139.765
mean B0=72.2023 homogen=21849.6765
mean B0=76.1812 homogen=28826.1743
mean B0=74.9115 homogen=34820.4717
mean B0=77.4134 homogen=34206.0989
mean B0=80.8474 homogen=58061.941
mean B0=85.2808 homogen=81974.9104
mean B0=73.3051 homogen=41025.6611
mean B0=73.4298 homogen=20953.3377
mean B0=84.9014 homogen=78864.9038
mean B0=86.4217 homogen=116883.2389
mean B0=79.2268 homogen=39775.9138
mean B0=82.1667 homogen=57398.0476
mean B0=67.8915 homogen=270391.254
mean B0=76.5964 homogen=35820.8001
   223 |     8920 |     40 |  0.000000E+00 |  0.000000E+00 |  0.0014643546 |             f
mean B0=68.9927 homogen=9380.311
mean B0=79.612 homogen=42075.0186
mean B0=82.954 homogen=61832.6818
mean B0=81.9365 homogen=101505.8465
mean B0=85.303 homogen=80124.9884
mean B0=87.1797 homogen=100943.6059
mean B0=82.315 homogen=58600.3321
mean B0=87.4427 homogen=103444.6185
mean B0=73.5716 homogen=20497.0709
mean B0=73.5658 homogen=30699.6243
mean B0=71.2138 homogen=13136.5944
mean B0=85.6724 homogen=88000.1216
mean B0=52.6398 homogen=75544.0051
mean B0=76.0295 homogen=28260.7761
mean B0=81.7529 homogen=86168.3201
mean B0=83.715 homogen=69434.0817
mean B0=77.9297 homogen=32910.4895
mean B0=39.3579 homogen=111822.6017
mean B0=74.1892 homogen=80087.9705
mean B0=70.3787 homogen=11374.0485
mean B0=68.4428 homogen=6870.2512
mean B0=84.6731 homogen=75916.2876
mean B0=85.9477 homogen=86558.0684
mean B0=79.3295 homogen=36897.8309
mean B0=78.5287 homogen=36575.768
mean B0=78.3568 homogen=35166.5534
mean B0=85.8751 homogen=85878.8929
mean B0=55.4263 homogen=295958.6197
mean B0=80.9005 homogen=49321.2196
mean B0=74.4956 homogen=25154.265
mean B0=75.4894 homogen=24885.9635
mean B0=85.1573 homogen=84776.3744
mean B0=75.8374 homogen=29227.7249
mean B0=79.2346 homogen=99545.2922
mean B0=77.1487 homogen=36712.3357
mean B0=78.0915 homogen=33740.9867
mean B0=79.0192 homogen=49150.2355
mean B0=69.3215 homogen=9580.75
mean B0=78.0187 homogen=33792.5715
mean B0=68.9326 homogen=8347.2018
   224 |     8960 |     40 |  0.000000E+00 |  0.000000E+00 |  0.0039217416 |             f
mean B0=67.1786 homogen=4992.321
mean B0=79.9309 homogen=43143.1199
mean B0=83.7936 homogen=106165.3343
mean B0=79.2268 homogen=39775.2033
mean B0=74.2652 homogen=33561.5497
mean B0=80.715 homogen=48644.1971
mean B0=72.9661 homogen=18484.7988
mean B0=86.3041 homogen=95009.5736
mean B0=76.4565 homogen=30284.9506
mean B0=76.1812 homogen=28826.1743
mean B0=82.2004 homogen=57729.6953
mean B0=72.4959 homogen=15949.0868
mean B0=55.8813 homogen=51769.0567
mean B0=78.9254 homogen=38099.2855
mean B0=68.6072 homogen=7243.9318
mean B0=76.8956 homogen=75592.0901
mean B0=82.1491 homogen=56920.679
mean B0=86.214 homogen=89392.0355
mean B0=74.2206 homogen=24371.1468
mean B0=84.3134 homogen=75434.8068
mean B0=72.1626 homogen=15529.5235
mean B0=74.7899 homogen=23183.0417
mean B0=78.2989 homogen=34951.9026
mean B0=76.0295 homogen=28259.7959
mean B0=77.8665 homogen=32721.8753
mean B0=63.7874 homogen=113261.9908
mean B0=87.4523 homogen=103466.2269
mean B0=56.2253 homogen=195624.483
mean B0=49.5658 homogen=67684.7595
mean B0=87.9125 homogen=101590.5499
mean B0=70.4262 homogen=11101.4206
mean B0=88.0571 homogen=116523.3434
mean B0=86.8927 homogen=97428.6383
mean B0=85.303 homogen=80124.9884
mean B0=76.6128 homogen=31089.7538
mean B0=83.5549 homogen=68606.0153
mean B0=84.1247 homogen=71590.0403
mean B0=85.8754 homogen=85872.1567
mean B0=49.6218 homogen=92547.4574
mean B0=79.612 homogen=42075.0186
   225 |     9000 |     40 |  0.000000E+00 |  0.000000E+00 |  0.0021967051 |             f
mean B0=77.6941 homogen=32127.0853
mean B0=84.3134 homogen=75442.3504
mean B0=78.4384 homogen=34094.9804
mean B0=63.6624 homogen=113532.4304
mean B0=76.216 homogen=31984.7067
mean B0=71.653 homogen=27724.3
mean B0=84.7865 homogen=77028.9068
mean B0=85.285 homogen=80049.9297
mean B0=85.8663 homogen=85866.3296
mean B0=87.4522 homogen=103467.5619
mean B0=75.423 homogen=40195.1071
mean B0=87.4359 homogen=103493.0647
mean B0=74.6587 homogen=43739.0207
mean B0=71.1826 homogen=12928.6981
mean B0=86.8968 homogen=97430.7842
mean B0=76.7233 homogen=31456.2001
mean B0=82.5944 homogen=59200.6577
mean B0=70.9128 homogen=29872.0881
mean B0=71.2149 homogen=13140.7784
mean B0=87.9084 homogen=113147.4785
mean B0=75.3176 homogen=35592.9408
mean B0=81.9767 homogen=56196.4484
mean B0=80.9005 homogen=49321.2196
mean B0=80.7807 homogen=49002.8948
mean B0=86.0874 homogen=107453.8254
mean B0=72.2129 homogen=33114.0645
mean B0=85.5706 homogen=71952.7697
mean B0=85.2837 homogen=80008.4347
mean B0=74.6725 homogen=22941.5833
mean B0=73.2523 homogen=17309.1739
mean B0=72.4137 homogen=37055.3577
mean B0=67.2467 homogen=4848.8686
mean B0=74.1763 homogen=33472.7974
mean B0=75.5474 homogen=26571.8445
mean B0=86.2476 homogen=94952.5706
mean B0=63.1208 homogen=194440.518
mean B0=84.38 homogen=69425.4974
mean B0=72.3462 homogen=32062.7699
mean B0=82.9726 homogen=61787.4555
mean B0=88.6463 homogen=100822.728
   226 |     9040 |     40 |  0.000000E+00 |  0.000000E+00 |  0.0029775501 |             f
mean B0=77.9337 homogen=88284.4799
mean B0=86.214 homogen=89392.0355
mean B0=71.9455 homogen=14715.9139
mean B0=84.8837 homogen=78077.8854
mean B0=85.1446 homogen=118878.2582
mean B0=78.2522 homogen=40986.4136
mean B0=88.1526 homogen=100275.2774
mean B0=82.5983 homogen=77350.6431
mean B0=81.9462 homogen=54956.9531
mean B0=77.9647 homogen=33223.4241
mean B0=84.2776 homogen=75348.5387
mean B0=74.8156 homogen=23231.1413
mean B0=78.287 homogen=34879.1281
mean B0=80.478 homogen=45978.496
mean B0=77.1571 homogen=66501.4045
mean B0=87.4517 homogen=103452.4483
mean B0=73.0154 homogen=41037.1333
mean B0=70.7497 homogen=18317.5289
mean B0=85.6536 homogen=86526.0629
mean B0=75.2179 homogen=32564.0706
mean B0=74.399 homogen=45847.7904
mean B0=73.1885 homogen=19116.3989
mean B0=82.6185 homogen=59605.6001
mean B0=74.577 homogen=27728.4986
mean B0=57.036 homogen=140090.9688
mean B0=75.1542 homogen=30214.1602
mean B0=86.3877 homogen=104885.0454
mean B0=76.6403 homogen=33251.4944
mean B0=75.3549 homogen=31843.5552
mean B0=76.8652 homogen=32102.651
mean B0=72.0914 homogen=165278.2018
mean B0=76.6976 homogen=31387.1977
mean B0=57.5253 homogen=193927.0541
mean B0=84.7547 homogen=75546.1464
mean B0=60.4459 homogen=175444.0301
mean B0=77.8666 homogen=32719.5581
mean B0=71.761 homogen=25256.3494
mean B0=78.6868 homogen=42464.2846
mean B0=85.2004 homogen=86397.5405
mean B0=82.8499 homogen=90432.0743
   227 |     9080 |     40 |  0.000000E+00 |  0.000000E+00 |  0.0014582521 |             f
mean B0=79.8532 homogen=42838.6431
mean B0=86.533 homogen=97505.1912
mean B0=79.8095 homogen=37604.7431
mean B0=77.897 homogen=32944.7744
mean B0=86.4926 homogen=92798.8199
mean B0=72.7003 homogen=17347.4648
mean B0=74.6932 homogen=49897.3962
mean B0=80.715 homogen=48644.1971
mean B0=84.1514 homogen=91710.9821
mean B0=76.6896 homogen=31349.1205
mean B0=70.9499 homogen=31705.813
mean B0=60.1658 homogen=195741.2941
mean B0=80.6642 homogen=47102.4216
mean B0=57.205 homogen=193878.4328
mean B0=72.6833 homogen=44288.3217
mean B0=83.3056 homogen=66851.9254
mean B0=74.8027 homogen=29366.5356
mean B0=81.9405 homogen=54934.6831
mean B0=81.2766 homogen=51203.378
mean B0=82.5489 homogen=58897.8362
mean B0=77.0325 homogen=56252.9088
mean B0=68.2654 homogen=22489.3311
mean B0=85.7986 homogen=105637.224
mean B0=83.8953 homogen=70589.1097
mean B0=78.6007 homogen=36348.3227
mean B0=75.5735 homogen=27319.2564
mean B0=75.0215 homogen=41209.9045
mean B0=68.1319 homogen=6406.1465
mean B0=76.8859 homogen=35394.5195
mean B0=86.2551 homogen=95041.5197
mean B0=84.2954 homogen=96849.8637
mean B0=72.5545 homogen=21948.3723
mean B0=84.0906 homogen=95914.3443
mean B0=75.6054 homogen=25301.1441
mean B0=78.2934 homogen=35510.9054
mean B0=86.2138 homogen=89385.5493
mean B0=84.5763 homogen=83744.7355
mean B0=81.9779 homogen=56205.5905
mean B0=84.9041 homogen=78430.4284
mean B0=86.8967 homogen=97427.835
   228 |     9120 |     40 |  0.000000E+00 |  0.000000E+00 |  0.0034377169 |             f
mean B0=78.6166 homogen=45427.2004
mean B0=78.435 homogen=35936.1341
mean B0=77.7882 homogen=32282.868
mean B0=77.6611 homogen=32006.4898
mean B0=79.2268 homogen=39775.2033
mean B0=84.1245 homogen=71589.9149
mean B0=60.5787 homogen=187483.5825
mean B0=83.0602 homogen=62414.5962
mean B0=87.0486 homogen=99164.7688
mean B0=71.1069 homogen=16578.5419
mean B0=69.1257 homogen=13720.9991
mean B0=79.8533 homogen=42839.3581
mean B0=71.9438 homogen=14706.556
mean B0=83.3885 homogen=67558.8194
mean B0=76.8682 homogen=34961.355
mean B0=88.0806 homogen=107371.0178
mean B0=86.2377 homogen=89676.614
mean B0=73.5711 homogen=21389.6903
mean B0=76.9614 homogen=37372.4117
mean B0=84.3979 homogen=105741.593
mean B0=77.7291 homogen=33160.0075
mean B0=78.1169 homogen=60061.0403
mean B0=84.4982 homogen=99146.8344
mean B0=76.719 homogen=31421.5904
mean B0=85.303 homogen=80124.9884
mean B0=83.3053 homogen=66839.7981
mean B0=75.6442 homogen=25457.9737
mean B0=78.2154 homogen=34525.5349
mean B0=79.7364 homogen=42154.1119
mean B0=79.8625 homogen=45214.4072
mean B0=69.3012 homogen=18748.2181
mean B0=86.4927 homogen=92795.8206
mean B0=78.6032 homogen=36364.1597
mean B0=82.4626 homogen=58282.5017
mean B0=79.0864 homogen=84579.2126
mean B0=87.7582 homogen=111644.5555
mean B0=79.1251 homogen=39203.1867
mean B0=70.3879 homogen=11401.8111
mean B0=80.7766 homogen=89156.8278
mean B0=74.1008 homogen=18992.1172
   229 |     9160 |     40 |  0.000000E+00 |  0.000000E+00 |  0.0024767982 |             f
mean B0=84.5102 homogen=83260.2666
mean B0=83.3887 homogen=67561.6088
mean B0=86.7465 homogen=107554.247
mean B0=71.1993 homogen=13129.6576
mean B0=70.6608 homogen=12632.8358
mean B0=79.238 homogen=99695.9304
mean B0=78.507 homogen=34012.6511
mean B0=72.1736 homogen=15210.6326
mean B0=86.7394 homogen=83415.5061
mean B0=85.3711 homogen=83153.4875
mean B0=81.2643 homogen=51306.9451
mean B0=80.1615 homogen=44334.7449
mean B0=80.4083 homogen=45613.8641
mean B0=68.5487 homogen=7071.1603
mean B0=87.2962 homogen=99295.7556
mean B0=70.3789 homogen=25076.1634
mean B0=86.747 homogen=95952.7436
mean B0=84.144 homogen=71747.7991
mean B0=82.5947 homogen=104490.0624
mean B0=76.6959 homogen=37323.6513
mean B0=89.1448 homogen=106269.2448
mean B0=82.9728 homogen=61792.8233
mean B0=76.9805 homogen=35613.6367
mean B0=75.045 homogen=24528.1123
mean B0=69.631 homogen=10435.5191
mean B0=87.0488 homogen=99159.3598
mean B0=64.0054 homogen=239872.6981
mean B0=63.6766 homogen=188684.2592
mean B0=82.8903 homogen=61292.7206
mean B0=73.1471 homogen=19461.8647
mean B0=82.5821 homogen=58987.7067
mean B0=84.8303 homogen=77374.8182
mean B0=76.7589 homogen=31750.1076
mean B0=73.0278 homogen=18753.4321
mean B0=87.877 homogen=112899.2673
mean B0=72.0927 homogen=39264.4705
mean B0=84.6916 homogen=81742.6
mean B0=75.5877 homogen=25204.2905
mean B0=77.4552 homogen=31473.0854
mean B0=77.463 homogen=51349.9443
   230 |     9200 |     40 |  0.000000E+00 |  0.000000E+00 |  0.0050638092 |             f
mean B0=88.1334 homogen=94957.2689
mean B0=51.1838 homogen=88166.8071
mean B0=74.5218 homogen=27949.7398
mean B0=77.4552 homogen=31473.0854
mean B0=69.6654 homogen=9746.8193
mean B0=79.9528 homogen=72146.3372
mean B0=75.8923 homogen=21366.0886
mean B0=68.9362 homogen=8326.2016
mean B0=76.7597 homogen=35021.3119
mean B0=77.6507 homogen=32353.3251
mean B0=77.6295 homogen=32095.0038
mean B0=85.8624 homogen=106535.0341
mean B0=61.6947 homogen=203801.9684
mean B0=84.8137 homogen=77332.4448
mean B0=76.6957 homogen=31667.7467
mean B0=87.2828 homogen=102050.0053
mean B0=73.8705 homogen=30542.5106
mean B0=81.3183 homogen=51492.4355
mean B0=83.377 homogen=62784.2819
mean B0=86.9357 homogen=97967.0796
mean B0=85.9754 homogen=107834.42
mean B0=80.8554 homogen=89710.6183
mean B0=85.0336 homogen=81768.745
mean B0=88.1338 homogen=98479.0417
mean B0=85.3031 homogen=80124.1822
mean B0=77.6306 homogen=31884.1915
mean B0=80.4164 homogen=45661.467
mean B0=66.9283 homogen=6697.0253
mean B0=82.4012 homogen=75364.0196
mean B0=71.3834 homogen=103047.7016
mean B0=76.566 homogen=58518.539
mean B0=84.6004 homogen=65176.124
mean B0=81.9367 homogen=54920.9967
mean B0=66.807 homogen=13316.266
mean B0=83.8967 homogen=70379.4729
mean B0=87.7084 homogen=110318.8555
mean B0=77.6913 homogen=34579.4386
mean B0=79.1041 homogen=39108.0785
mean B0=80.8022 homogen=50944.2199
mean B0=82.5638 homogen=59000.8627
   231 |     9240 |     40 |  0.000000E+00 |  0.000000E+00 |  0.0022099974 |             f
mean B0=51.775 homogen=87090.837
mean B0=68.9445 homogen=8360.8674
mean B0=71.3333 homogen=11631.5379
mean B0=76.0289 homogen=28257.7109
mean B0=76.4016 homogen=37135.529
mean B0=82.6246 homogen=59279.8901
mean B0=73.2233 homogen=174901.3586
mean B0=80.1186 homogen=44201.0416
mean B0=73.846 homogen=26481.2365
mean B0=51.3671 homogen=342157.6035
mean B0=74.5543 homogen=27164.9186
mean B0=85.2951 homogen=80108.9981
mean B0=77.0766 homogen=33677.9263
mean B0=76.5878 homogen=227671.1985
mean B0=49.2581 homogen=361639.5673
mean B0=80.2062 homogen=44613.4746
mean B0=84.144 homogen=71746.2929
mean B0=83.6492 homogen=69630.6865
mean B0=79.1554 homogen=48524.8029
mean B0=78.2485 homogen=42232.2056
mean B0=72.6282 homogen=18903.3071
mean B0=84.6654 homogen=76850.9435
mean B0=86.7288 homogen=105971.1666
mean B0=72.7003 homogen=17352.4403
mean B0=77.6701 homogen=58491.7098
mean B0=87.5677 homogen=110111.3778
mean B0=80.2362 homogen=44834.635
mean B0=64.4475 homogen=185659.7259
mean B0=89.0231 homogen=105437.5996
mean B0=69.3754 homogen=8739.1955
mean B0=77.8605 homogen=32772.1024
mean B0=66.111 homogen=250105.4201
mean B0=86.9287 homogen=81157.1253
mean B0=83.0584 homogen=62389.5424
mean B0=86.9531 homogen=99527.0549
mean B0=87.4267 homogen=103289.2553
mean B0=80.478 homogen=45978.2885
mean B0=83.636 homogen=68303.6659
mean B0=76.9648 homogen=37407.0528
mean B0=72.6683 homogen=20102.0525
   232 |     9280 |     40 |  0.000000E+00 |  0.000000E+00 |  0.0019187018 |             f
mean B0=86.733 homogen=95860.9803
mean B0=75.2127 homogen=214939.9436
mean B0=81.3185 homogen=51493.0327
mean B0=74.5427 homogen=40813.9273
mean B0=74.2656 homogen=22869.811
mean B0=77.8615 homogen=32768.4169
mean B0=72.6195 homogen=17611.2347
mean B0=75.5654 homogen=69622.7607
mean B0=86.0211 homogen=77316.8196
mean B0=79.0735 homogen=32367.0716
mean B0=83.0602 homogen=62414.5962
mean B0=79.1251 homogen=39203.1867
mean B0=79.9224 homogen=43192.7132
mean B0=85.8663 homogen=85866.5234
mean B0=76.1586 homogen=28568.5046
mean B0=84.8897 homogen=77809.5353
mean B0=81.9062 homogen=54798.7884
mean B0=86.8966 homogen=97599.0463
mean B0=76.3203 homogen=29700.3361
mean B0=78.8547 homogen=82987.5586
mean B0=80.3171 homogen=45186.8819
mean B0=86.0648 homogen=89215.1994
mean B0=82.103 homogen=64340.5787
mean B0=75.083 homogen=72674.3641
mean B0=73.9327 homogen=24270.317
mean B0=73.5785 homogen=21424.929
mean B0=68.6208 homogen=7251.4646
mean B0=75.515 homogen=42997.1231
mean B0=85.6225 homogen=103754.347
mean B0=86.4776 homogen=104013.5442
mean B0=71.5731 homogen=14056.5301
mean B0=74.6642 homogen=22940.2844
mean B0=87.4675 homogen=103706.9404
mean B0=80.8022 homogen=50944.2199
mean B0=85.172 homogen=82730.166
mean B0=80.7112 homogen=47552.7588
mean B0=72.0043 homogen=14897.4541
mean B0=88.1063 homogen=115155.1293
mean B0=84.5006 homogen=75032.0834
mean B0=78.2601 homogen=36942.7333
   233 |     9320 |     40 |  0.000000E+00 |  0.000000E+00 |  0.0052670741 |             f
mean B0=85.8367 homogen=85817.1583
mean B0=88.257 homogen=116739.0404
mean B0=79.7964 homogen=42646.6923
mean B0=77.8829 homogen=32870.2189
mean B0=76.0942 homogen=29033.5987
mean B0=87.4325 homogen=103343.9036
mean B0=88.383 homogen=109877.4925
mean B0=76.8719 homogen=37806.1784
mean B0=84.1169 homogen=71620.5522
mean B0=84.2192 homogen=90637.788
mean B0=69.8595 homogen=11224.4214
mean B0=61.7139 homogen=192091.6231
mean B0=79.8368 homogen=45554.6649
mean B0=76.8589 homogen=37981.6843
mean B0=68.5935 homogen=7117.9389
mean B0=86.4966 homogen=92797.9145
mean B0=69.6157 homogen=33052.9948
mean B0=72.0925 homogen=15070.3036
mean B0=72.7851 homogen=17845.8635
mean B0=82.4628 homogen=58284.4442
mean B0=71.8978 homogen=14690.584
mean B0=82.624 homogen=59275.3147
mean B0=76.7682 homogen=31695.7085
mean B0=79.7147 homogen=42075.9529
mean B0=67.7963 homogen=9591.8869
mean B0=84.8601 homogen=77461.201
mean B0=83.0084 homogen=62231.7183
mean B0=82.2588 homogen=82095.3646
mean B0=74.9502 homogen=211842.6943
mean B0=88.4903 homogen=100986.2627
mean B0=73.6858 homogen=17265.8762
mean B0=74.3433 homogen=33040.4947
mean B0=81.0603 homogen=52578.4435
mean B0=59.1512 homogen=235598.2025
mean B0=79.0385 homogen=39267.596
mean B0=81.9023 homogen=54784.6773
mean B0=75.0442 homogen=24530.3354
mean B0=83.3885 homogen=67558.8194
mean B0=70.0174 homogen=11252.0816
mean B0=66.0422 homogen=169544.7633
   234 |     9360 |     40 |  0.000000E+00 |  0.000000E+00 |  0.0004450897 |             f
mean B0=81.3127 homogen=51469.6085
mean B0=84.8629 homogen=77872.9215
mean B0=77.8615 homogen=32768.4169
mean B0=84.497 homogen=75107.6938
mean B0=75.0055 homogen=72078.2205
mean B0=85.3309 homogen=82853.1751
mean B0=87.7807 homogen=107362.5992
mean B0=79.0612 homogen=46735.6192
mean B0=76.3689 homogen=84824.2257
mean B0=69.6654 homogen=9746.3101
mean B0=78.254 homogen=36914.346
mean B0=69.4692 homogen=10685.0621
mean B0=79.2609 homogen=39923.722
mean B0=71.7056 homogen=29144.2058
mean B0=85.1719 homogen=82730.4201
mean B0=86.1422 homogen=100784.0233
mean B0=85.9568 homogen=86825.5728
mean B0=77.8829 homogen=32870.2189
mean B0=73.1471 homogen=19461.8647
mean B0=81.4551 homogen=45836.3923
mean B0=81.9083 homogen=54806.6873
mean B0=84.0316 homogen=63570.9232
mean B0=86.9531 homogen=99527.0549
mean B0=87.8973 homogen=112801.2539
mean B0=76.5754 homogen=39224.633
mean B0=86.536 homogen=93275.7137
mean B0=86.5083 homogen=85798.5718
mean B0=77.7853 homogen=32874.5994
mean B0=78.5051 homogen=39007.6899
mean B0=72.7003 homogen=17347.4648
mean B0=79.1122 homogen=39146.7102
mean B0=74.4877 homogen=25313.7024
mean B0=75.6436 homogen=27744.7577
mean B0=73.8009 homogen=21807.3526
mean B0=83.0602 homogen=62412.5634
mean B0=77.742 homogen=39571.4413
mean B0=80.6227 homogen=47013.2841
mean B0=81.9367 homogen=54920.9967
mean B0=87.4267 homogen=103289.2553
mean B0=70.6417 homogen=10681.8436
   235 |     9400 |     40 |  0.000000E+00 |  0.000000E+00 |  0.0033153805 |             f
mean B0=85.878 homogen=86340.9224
mean B0=78.415 homogen=37195.7603
mean B0=85.9568 homogen=86825.5728
mean B0=72.7003 homogen=17348.9236
mean B0=78.5051 homogen=39007.6899
mean B0=81.2879 homogen=51438.5359
mean B0=84.4226 homogen=76313.0563
mean B0=84.5006 homogen=75032.0834
mean B0=76.7388 homogen=31622.9753
mean B0=87.7826 homogen=107357.2892
mean B0=76.094 homogen=29040.7777
mean B0=68.6208 homogen=7251.4646
mean B0=88.1471 homogen=115442.1168
mean B0=68.8914 homogen=8039.4784
mean B0=87.5789 homogen=105057.4625
mean B0=73.173 homogen=16166.0267
mean B0=83.0602 homogen=62412.5634
mean B0=79.0422 homogen=40534.5826
mean B0=86.536 homogen=93275.7137
mean B0=73.7978 homogen=21791.4634
mean B0=81.8906 homogen=54621.8312
mean B0=74.3964 homogen=27011.5858
mean B0=69.6654 homogen=9746.3101
mean B0=87.7825 homogen=111589.7883
mean B0=79.9224 homogen=43192.7132
mean B0=84.15 homogen=71703.8446
mean B0=83.8498 homogen=69430.7749
mean B0=80.8022 homogen=50944.1444
mean B0=75.672 homogen=27802.7192
mean B0=70.7972 homogen=15654.5314
mean B0=81.9352 homogen=54921.1537
mean B0=79.7147 homogen=42075.9529
mean B0=83.0694 homogen=62479.4482
mean B0=72.6316 homogen=21372.0355
mean B0=85.8677 homogen=87185.216
mean B0=72.5554 homogen=19212.5985
mean B0=68.5487 homogen=7071.1603
mean B0=72.4079 homogen=28762.5622
mean B0=79.2609 homogen=39923.722
mean B0=85.1751 homogen=82751.5204
   236 |     9440 |     40 |  0.000000E+00 |  0.000000E+00 |  0.0020469638 |             f
mean B0=68.183 homogen=15527.9215
mean B0=86.4557 homogen=92517.4751
mean B0=83.2999 homogen=64295.9717
mean B0=86.1028 homogen=88269.1208
mean B0=72.7003 homogen=17347.4648
mean B0=87.5789 homogen=105057.4625
mean B0=73.783 homogen=22026.2941
mean B0=76.5531 homogen=31011.1773
mean B0=75.045 homogen=24528.1123
mean B0=69.5911 homogen=14491.9954
mean B0=76.1444 homogen=28815.507
mean B0=85.9602 homogen=86858.6279
mean B0=85.2658 homogen=83626.238
mean B0=82.6609 homogen=77032.2223
mean B0=85.4726 homogen=82078.112
mean B0=79.5625 homogen=41275.1301
mean B0=82.6702 homogen=61224.8771
mean B0=67.9946 homogen=11201.5358
mean B0=66.3244 homogen=18572.1769
mean B0=79.7031 homogen=105235.5824
mean B0=90.8341 homogen=83047.5159
mean B0=79.2874 homogen=40056.2797
mean B0=84.9275 homogen=80081.7304
mean B0=76.5022 homogen=30284.4298
mean B0=87.7826 homogen=107357.2892
mean B0=81.9367 homogen=54920.9967
mean B0=75.1688 homogen=215326.7758
mean B0=81.9976 homogen=55258.65
mean B0=81.3185 homogen=51493.0327
mean B0=72.2255 homogen=28344.7586
mean B0=75.5934 homogen=27983.0016
mean B0=83.0671 homogen=62445.5892
mean B0=68.8575 homogen=14430.7622
mean B0=74.9152 homogen=29328.2056
mean B0=84.9106 homogen=78298.1169
mean B0=83.1408 homogen=66475.8782
mean B0=83.7897 homogen=69103.2729
mean B0=70.401 homogen=18271.5753
mean B0=78.3566 homogen=36893.2174
mean B0=81.3801 homogen=54739.0259
   237 |     9480 |     40 |  0.000000E+00 |  0.000000E+00 |  0.0058742088 |             f
mean B0=81.2839 homogen=51328.8196
mean B0=85.4726 homogen=82078.112
mean B0=79.5588 homogen=41260.8015
mean B0=69.5051 homogen=9019.8951
mean B0=71.5184 homogen=24365.2578
mean B0=83.3477 homogen=62617.1004
mean B0=74.2456 homogen=22976.9901
mean B0=87.7445 homogen=91118.9875
mean B0=61.546 homogen=175964.5943
mean B0=76.5744 homogen=32146.4764
mean B0=83.8378 homogen=71984.9891
mean B0=86.1343 homogen=91689.6917
mean B0=85.894 homogen=88778.6183
mean B0=87.5546 homogen=104774.1694
mean B0=67.7827 homogen=10978.4354
mean B0=76.9691 homogen=231813.3722
mean B0=82.6734 homogen=61248.5706
mean B0=88.3271 homogen=105188.2403
mean B0=76.7696 homogen=31696.7077
mean B0=81.9957 homogen=55251.2335
mean B0=72.7337 homogen=17503.3023
mean B0=87.7826 homogen=107357.2892
mean B0=84.9283 homogen=80077.1459
mean B0=69.4539 homogen=9603.2934
mean B0=76.2931 homogen=33337.6377
mean B0=70.8387 homogen=13288.4171
mean B0=47.4251 homogen=96085.6211
mean B0=86.3949 homogen=104726.716
mean B0=83.5031 homogen=89667.0654
mean B0=70.357 homogen=19120.3994
mean B0=87.614 homogen=105328.1203
mean B0=78.8167 homogen=37940.9247
mean B0=79.9967 homogen=45443.9192
mean B0=80.6009 homogen=46883.8505
mean B0=72.9554 homogen=17866.0305
mean B0=84.744 homogen=76385.2793
mean B0=81.8874 homogen=54600.5273
mean B0=80.0688 homogen=44304.2734
mean B0=76.143 homogen=28814.5481
mean B0=85.0266 homogen=76788.7116
   238 |     9520 |     40 |  0.000000E+00 |  0.000000E+00 |  0.0025981583 |             f
mean B0=68.9244 homogen=8160.4773
mean B0=77.1867 homogen=36311.9935
mean B0=68.665 homogen=7552.2941
mean B0=87.2849 homogen=105655.0565
mean B0=84.402 homogen=72886.5149
mean B0=82.1526 homogen=57198.3734
mean B0=80.0688 homogen=44304.2734
mean B0=87.004 homogen=86267.2665
mean B0=70.9432 homogen=16788.0801
mean B0=85.8448 homogen=85650.075
mean B0=82.0229 homogen=55413.3144
mean B0=82.6112 homogen=59592.707
mean B0=86.8632 homogen=104048.7061
mean B0=76.7682 homogen=31695.7085
mean B0=70.3984 homogen=27356.6046
mean B0=82.5506 homogen=110563.944
mean B0=72.824 homogen=17384.6647
mean B0=85.7303 homogen=90115.3037
mean B0=86.6982 homogen=88270.0459
mean B0=83.1485 homogen=63116.5363
mean B0=78.3196 homogen=36700.9403
mean B0=79.4109 homogen=76443.3968
mean B0=73.1657 homogen=151128.8299
mean B0=85.5381 homogen=86922.2504
mean B0=74.1189 homogen=185468.6571
mean B0=87.4689 homogen=105392.9572
mean B0=71.2149 homogen=13140.7784
mean B0=83.7806 homogen=68992.3895
mean B0=68.0106 homogen=21805.7141
mean B0=72.3454 homogen=40439.1516
mean B0=87.5133 homogen=104292.8666
mean B0=76.8524 homogen=32974.7533
mean B0=75.7935 homogen=214125.4439
mean B0=81.3185 homogen=51493.0327
mean B0=72.4933 homogen=34845.4893
mean B0=77.927 homogen=32974.6693
mean B0=75.1821 homogen=25157.6159
mean B0=71.0441 homogen=11198.7067
mean B0=79.2609 homogen=39922.4816
mean B0=76.2793 homogen=29458.7026
   239 |     9560 |     40 |  0.000000E+00 |  0.000000E+00 |  0.0036673324 |             f
mean B0=76.6526 homogen=31120.3496
mean B0=83.1485 homogen=63116.5363
mean B0=87.5133 homogen=104292.9367
mean B0=85.4661 homogen=82017.7523
mean B0=84.5546 homogen=96523.2874
mean B0=71.2149 homogen=13140.7784
mean B0=75.4976 homogen=48654.5016
mean B0=77.4281 homogen=31153.5876
mean B0=86.9531 homogen=99527.0964
mean B0=75.6636 homogen=27861.4735
mean B0=77.8932 homogen=34457.0609
mean B0=77.927 homogen=32974.6693
mean B0=83.6129 homogen=68191.345
mean B0=84.744 homogen=76385.2793
mean B0=80.1277 homogen=44640.4971
mean B0=79.1553 homogen=87690.4267
mean B0=82.1526 homogen=57198.3734
mean B0=67.4864 homogen=5907.2318
mean B0=73.6273 homogen=20927.3
mean B0=76.7761 homogen=36908.0897
mean B0=82.7302 homogen=60427.6269
mean B0=84.402 homogen=72886.5149
mean B0=70.6417 homogen=10681.516
mean B0=86.5436 homogen=93381.4221
mean B0=61.74 homogen=11442.5434
mean B0=79.2609 homogen=39923.722
mean B0=74.5471 homogen=36266.6895
mean B0=85.2812 homogen=112733.0626
mean B0=80.0688 homogen=44307.224
mean B0=72.4145 homogen=16121.5618
mean B0=76.6384 homogen=30583.1739
mean B0=78.8167 homogen=37940.9247
mean B0=73.9365 homogen=22470.847
mean B0=83.909 homogen=64306.0638
mean B0=83.2548 homogen=87429.9802
mean B0=64.2547 homogen=215074.4282
mean B0=75.045 homogen=24528.1123
mean B0=87.2951 homogen=103179.7781
mean B0=69.7422 homogen=12955.6453
mean B0=83.1611 homogen=91341.3206
   240 |     9600 |     40 |  0.000000E+00 |  0.000000E+00 |  0.0025285327 |             f
mean B0=78.6303 homogen=37729.7406
mean B0=86.1291 homogen=91652.3875
mean B0=75.4858 homogen=39516.2329
mean B0=78.0729 homogen=71699.1679
mean B0=72.4907 homogen=32099.4706
mean B0=84.0007 homogen=71796.944
mean B0=84.402 homogen=72886.5149
mean B0=86.9544 homogen=99535.8836
mean B0=74.9991 homogen=25135.9079
mean B0=82.254 homogen=74544.8131
mean B0=79.1892 homogen=242206.273
mean B0=84.8712 homogen=80260.6609
mean B0=88.2267 homogen=116388.5586
mean B0=72.9309 homogen=17898.4042
mean B0=77.694 homogen=31800.4383
mean B0=80.7416 homogen=50568.7391
mean B0=72.7272 homogen=16672.6111
mean B0=75.3073 homogen=27958.8796
mean B0=82.6111 homogen=59592.3648
mean B0=82.1023 homogen=98423.1538
mean B0=68.9886 homogen=10029.9728
mean B0=85.4789 homogen=82139.7168
mean B0=74.3019 homogen=70086.3841
mean B0=78.5893 homogen=37059.7632
mean B0=79.8757 homogen=45356.2346
mean B0=78.7213 homogen=37464.6346
mean B0=80.1277 homogen=44640.4971
mean B0=87.2952 homogen=103180.2607
mean B0=85.3415 homogen=100024.1578
mean B0=77.8116 homogen=35225.3316
mean B0=66.5347 homogen=13809.2908
mean B0=71.2854 homogen=13345.7672
mean B0=83.3624 homogen=67359.791
mean B0=77.8501 homogen=32652.5654
mean B0=75.75 homogen=27241.9989
mean B0=73.682 homogen=21176.3342
mean B0=88.0019 homogen=101533.0935
mean B0=77.3134 homogen=39263.7181
mean B0=83.8498 homogen=69430.8539
mean B0=77.6849 homogen=32559.1832
   241 |     9640 |     40 |  0.000000E+00 |  0.000000E+00 |  0.0022848292 |             f
mean B0=72.1003 homogen=34137.5671
mean B0=70.6436 homogen=10688.6811
mean B0=75.7518 homogen=17802.8631
mean B0=70.1037 homogen=12429.6153
mean B0=83.85 homogen=69444.4052
mean B0=79.2607 homogen=39917.5748
mean B0=77.7858 homogen=33116.8796
mean B0=73.626 homogen=20914.5693
mean B0=63.9721 homogen=196248.8701
mean B0=80.3501 homogen=45478.2452
mean B0=80.4847 homogen=46704.9137
mean B0=82.7275 homogen=88300.0314
mean B0=71.2854 homogen=13345.7672
mean B0=82.7763 homogen=60736.9792
mean B0=73.7993 homogen=60092.2874
mean B0=74.6964 homogen=28788.2571
mean B0=74.2491 homogen=22292.505
mean B0=80.5291 homogen=86861.8473
mean B0=73.5872 homogen=25323.7321
mean B0=77.4113 homogen=27812.4299
mean B0=85.2726 homogen=95161.075
mean B0=62.131 homogen=185879.1467
mean B0=89.0397 homogen=105263.6199
mean B0=63.6037 homogen=247662.2094
mean B0=69.7755 homogen=126655.3347
mean B0=86.5431 homogen=93377.8046
mean B0=80.3842 homogen=48247.9233
mean B0=75.0002 homogen=25138.5577
mean B0=84.7727 homogen=76695.0307
mean B0=84.3736 homogen=73107.4485
mean B0=82.7912 homogen=60429.143
mean B0=79.4637 homogen=40932.9638
mean B0=80.1279 homogen=44647.8145
mean B0=86.0543 homogen=87772.0252
mean B0=81.1972 homogen=44535.9668
mean B0=85.9449 homogen=90515.8004
mean B0=67.2618 homogen=5079.8197
mean B0=78.3424 homogen=35733.6412
mean B0=77.2414 homogen=38524.009
mean B0=77.7743 homogen=34029.0676
   242 |     9680 |     40 |  0.000000E+00 |  0.000000E+00 |  0.0036369832 |             f
mean B0=86.9043 homogen=98901.6993
mean B0=85.8669 homogen=106138.0059
mean B0=80.6266 homogen=50413.6613
mean B0=54.3932 homogen=56762.4731
mean B0=72.0158 homogen=25869.472
mean B0=68.4131 homogen=131964.1256
mean B0=79.2125 homogen=39763.1659
mean B0=74.6811 homogen=25757.1355
mean B0=75.9129 homogen=27950.301
mean B0=71.2854 homogen=13342.4374
mean B0=70.4029 homogen=30552.2524
mean B0=78.3205 homogen=35634.5412
mean B0=74.5076 homogen=35566.8858
mean B0=83.9859 homogen=71683.57
mean B0=67.3531 homogen=7819.7294
mean B0=75.9537 homogen=31318.5017
mean B0=86.0583 homogen=87778.4799
mean B0=77.927 homogen=32974.3549
mean B0=68.5487 homogen=7071.1603
mean B0=85.519 homogen=82692.8503
mean B0=84.4378 homogen=73860.7413
mean B0=72.8906 homogen=15848.5943
mean B0=85.1334 homogen=80570.1551
mean B0=82.5976 homogen=59514.0492
mean B0=72.8165 homogen=27430.7678
mean B0=67.2766 homogen=4956.8688
mean B0=84.1135 homogen=71334.0365
mean B0=76.8268 homogen=35149.2385
mean B0=72.7597 homogen=17223.1015
mean B0=74.2656 homogen=22870.7351
mean B0=74.8516 homogen=24429.2694
mean B0=86.1753 homogen=95392.438
mean B0=80.0861 homogen=62618.9
mean B0=78.3992 homogen=89053.497
mean B0=64.1164 homogen=116965.5166
mean B0=80.8629 homogen=86236.7422
mean B0=86.539 homogen=93339.7992
mean B0=87.7826 homogen=107357.9191
mean B0=88.257 homogen=116739.0404
mean B0=82.4725 homogen=58276.8404
   243 |     9720 |     40 |  0.000000E+00 |  0.000000E+00 |  0.0016187606 |             f
mean B0=77.0533 homogen=34443.7062
mean B0=76.2002 homogen=29505.1
mean B0=71.274 homogen=21278.7816
mean B0=70.1514 homogen=16815.6002
mean B0=68.9361 homogen=8331.7154
mean B0=85.4965 homogen=82469.5051
mean B0=77.9246 homogen=32791.0084
mean B0=71.7554 homogen=16644.9855
mean B0=83.5073 homogen=86739.109
mean B0=79.2463 homogen=39937.9302
mean B0=81.6524 homogen=72755.2672
mean B0=86.0543 homogen=87772.0252
mean B0=78.6457 homogen=37079.5427
mean B0=78.4254 homogen=89009.1887
mean B0=82.7579 homogen=60873.8889
mean B0=83.7599 homogen=68707.4842
mean B0=86.5436 homogen=93381.4221
mean B0=73.7836 homogen=41061.2113
mean B0=72.4175 homogen=16115.726
mean B0=72.9554 homogen=17865.7193
mean B0=86.5464 homogen=101283.3784
mean B0=80.5733 homogen=46720.9262
mean B0=52.0945 homogen=91464.9404
mean B0=77.6186 homogen=31905.8668
mean B0=73.1659 homogen=20331.0042
mean B0=87.7846 homogen=107385.6627
mean B0=88.3142 homogen=111476.478
mean B0=69.9783 homogen=8754.3129
mean B0=64.2389 homogen=190791.0272
mean B0=86.795 homogen=97645.6648
mean B0=75.3406 homogen=25272.1949
mean B0=87.2952 homogen=103180.2607
mean B0=80.879 homogen=51428.3098
mean B0=75.4232 homogen=42537.6591
mean B0=86.7735 homogen=97105.2054
mean B0=74.3597 homogen=22194.1975
mean B0=82.4725 homogen=58276.8404
mean B0=77.2428 homogen=79048.0243
mean B0=88.2527 homogen=116781.1389
mean B0=86.539 homogen=93340.3245
   244 |     9760 |     40 |  0.000000E+00 |  0.000000E+00 |  0.0029767091 |             f
mean B0=85.5314 homogen=82672.0638
mean B0=68.9361 homogen=8330.4262
mean B0=87.2583 homogen=102520.1249
mean B0=86.7859 homogen=83534.6934
mean B0=87.0261 homogen=99132.1305
mean B0=76.2793 homogen=29461.3401
mean B0=84.9283 homogen=80077.1459
mean B0=80.1713 homogen=44885.6337
mean B0=73.6255 homogen=20917.0567
mean B0=73.1659 homogen=20331.0042
mean B0=80.8716 homogen=94578.5897
mean B0=73.9376 homogen=20313.2039
mean B0=85.5198 homogen=82689.1641
mean B0=68.2267 homogen=6496.9061
mean B0=77.2503 homogen=65725.5664
mean B0=74.3715 homogen=22292.7218
mean B0=87.3494 homogen=89631.1115
mean B0=76.5252 homogen=42138.0359
mean B0=77.9245 homogen=32790.8613
mean B0=86.3 homogen=95532.8493
mean B0=85.5226 homogen=86300.2783
mean B0=67.2467 homogen=4849.6612
mean B0=67.4218 homogen=6672.1009
mean B0=80.4847 homogen=46695.7306
mean B0=87.7416 homogen=107578.2496
mean B0=88.2571 homogen=116739.5884
mean B0=73.0505 homogen=173251.0802
mean B0=83.4015 homogen=68555.429
mean B0=81.7562 homogen=46506.0056
mean B0=84.8392 homogen=74928.8955
mean B0=77.0572 homogen=37081.9987
mean B0=79.5611 homogen=41612.8461
mean B0=84.1128 homogen=71336.3106
mean B0=79.4547 homogen=41284.3632
mean B0=76.3595 homogen=36838.1948
mean B0=69.6553 homogen=9796.8879
mean B0=76.7164 homogen=42781.7257
mean B0=58.8605 homogen=166477.5985
mean B0=87.7844 homogen=107390.7296
mean B0=80.852 homogen=33381.7787
   245 |     9800 |     40 |  0.000000E+00 |  0.000000E+00 |  0.0022624626 |             f
mean B0=74.99 homogen=36962.9024
mean B0=88.9588 homogen=105828.7234
mean B0=64.7506 homogen=24889.3253
mean B0=87.0261 homogen=99132.1305
mean B0=80.5901 homogen=46876.0283
mean B0=72.4169 homogen=16117.6613
mean B0=75.75 homogen=27241.9989
mean B0=83.1488 homogen=63113.6967
mean B0=71.9154 homogen=25417.2585
mean B0=86.5387 homogen=93336.1934
mean B0=83.4206 homogen=57871.1542
mean B0=87.796 homogen=114698.1407
mean B0=63.3999 homogen=199587.5178
mean B0=80.2319 homogen=47300.5015
mean B0=72.2255 homogen=15002.6344
mean B0=73.0252 homogen=12393.037
mean B0=84.9274 homogen=80086.8018
mean B0=79.7776 homogen=42409.6494
mean B0=78.6456 homogen=37077.0622
mean B0=82.6139 homogen=68643.0238
mean B0=80.1288 homogen=89649.4812
mean B0=67.8903 homogen=11009.3069
mean B0=83.3478 homogen=72607.4574
mean B0=86.8566 homogen=100989.3809
mean B0=87.7664 homogen=107066.0685
mean B0=87.7851 homogen=107376.6882
mean B0=83.7599 homogen=68707.4842
mean B0=80.8789 homogen=51428.5718
mean B0=65.0674 homogen=123018.273
mean B0=82.7579 homogen=60860.5842
mean B0=55.8856 homogen=47193.8712
mean B0=74.41 homogen=22702.2885
mean B0=76.2793 homogen=29459.9135
mean B0=82.4594 homogen=58180.9287
mean B0=66.9519 homogen=5250.0088
mean B0=72.9022 homogen=40462.6757
mean B0=77.7366 homogen=37062.5981
mean B0=87.1171 homogen=60090.645
mean B0=77.925 homogen=32787.6737
mean B0=71.9663 homogen=37632.666
   246 |     9840 |     40 |  0.000000E+00 |  0.000000E+00 |  0.0034730451 |             f
mean B0=81.8813 homogen=54575.5783
mean B0=76.6301 homogen=226393.5799
mean B0=77.8391 homogen=32519.3268
mean B0=76.2003 homogen=29270.5627
mean B0=77.6825 homogen=31794.101
mean B0=75.8606 homogen=27773.1522
mean B0=84.402 homogen=73671.1755
mean B0=53.8717 homogen=64260.8927
mean B0=67.2467 homogen=4848.8686
mean B0=88.649 homogen=107479.074
mean B0=68.5056 homogen=7578.3927
mean B0=86.2954 homogen=110994.5529
mean B0=64.5327 homogen=117983.0066
mean B0=71.4081 homogen=11748.1773
mean B0=83.4645 homogen=69034.8935
mean B0=86.5165 homogen=93336.3393
mean B0=83.859 homogen=69283.7836
mean B0=76.8557 homogen=31171.9554
mean B0=78.4621 homogen=36124.9025
mean B0=79.7776 homogen=42409.6494
mean B0=58.5024 homogen=42320.9473
mean B0=74.2527 homogen=21076.7113
mean B0=72.4107 homogen=16072.687
mean B0=80.2234 homogen=44890.5829
mean B0=77.9759 homogen=45742.9867
mean B0=67.3889 homogen=5063.7068
mean B0=82.7913 homogen=61034.9504
mean B0=80.3146 homogen=47848.9307
mean B0=68.9361 homogen=8330.4262
mean B0=86.1028 homogen=88270.7036
mean B0=69.3821 homogen=8768.5802
mean B0=67.8249 homogen=250702.4019
mean B0=62.0871 homogen=185262.1572
mean B0=82.3801 homogen=61369.9613
mean B0=87.6305 homogen=105536.5503
mean B0=87.0476 homogen=99136.9776
mean B0=85.7855 homogen=85226.3769
mean B0=74.9467 homogen=25026.5512
mean B0=82.6484 homogen=59447.9788
mean B0=87.7851 homogen=107376.6882
   247 |     9880 |     40 |  0.000000E+00 |  0.000000E+00 |  0.0022092113 |             f
mean B0=85.1008 homogen=78406.8811
mean B0=87.281 homogen=102781.0148
mean B0=85.2736 homogen=84175.4712
mean B0=80.4278 homogen=40859.6596
mean B0=78.5992 homogen=45601.5849
mean B0=71.2565 homogen=13512.4179
mean B0=81.4257 homogen=52088.4623
mean B0=85.5314 homogen=82672.0638
mean B0=70.2202 homogen=24674.183
mean B0=88.2577 homogen=116735.9697
mean B0=67.5508 homogen=81663.9462
mean B0=80.2474 homogen=82759.5433
mean B0=80.0881 homogen=43993.3395
mean B0=81.8813 homogen=54575.5783
mean B0=79.4637 homogen=40932.9638
mean B0=67.2166 homogen=4867.5888
mean B0=82.9588 homogen=61722.282
mean B0=83.9923 homogen=75835.6115
mean B0=72.3699 homogen=14437.7339
mean B0=86.0686 homogen=87928.1717
mean B0=73.3368 homogen=20954.388
mean B0=73.9808 homogen=20085.095
mean B0=82.5756 homogen=59556.168
mean B0=78.3634 homogen=43106.2195
mean B0=78.4557 homogen=35733.6112
mean B0=82.4935 homogen=58411.2619
mean B0=79.1078 homogen=39301.4903
mean B0=75.75 homogen=27241.9989
mean B0=72.2198 homogen=30211.6103
mean B0=86.5387 homogen=93330.9465
mean B0=87.5021 homogen=104031.9047
mean B0=76.3788 homogen=38028.1209
mean B0=87.766 homogen=111692.0207
mean B0=43.5916 homogen=119174.4532
mean B0=68.2267 homogen=6496.9061
mean B0=69.6988 homogen=9854.702
mean B0=86.7332 homogen=95534.9857
mean B0=77.9298 homogen=32806.1944
mean B0=85.724 homogen=100178.6209
mean B0=47.1401 homogen=99971.9652
   248 |     9920 |     40 |  0.000000E+00 |  0.000000E+00 |  0.0053620814 |             f
mean B0=73.7835 homogen=23270.5611
mean B0=85.1178 homogen=78580.4447
mean B0=68.2394 homogen=6508.0894
mean B0=86.0612 homogen=94082.7446
mean B0=86.7305 homogen=95505.2357
mean B0=84.4366 homogen=73868.9453
mean B0=79.5189 homogen=49884.8741
mean B0=76.3765 homogen=29687.7078
mean B0=72.9183 homogen=172809.1746
mean B0=67.4346 homogen=6503.6727
mean B0=78.2425 homogen=41497.4015
mean B0=72.1071 homogen=38463.7833
mean B0=67.2899 homogen=5156.2287
mean B0=78.8031 homogen=39913.243
mean B0=87.6303 homogen=105524.8031
mean B0=78.449 homogen=253627.0343
mean B0=71.1427 homogen=12888.9641
mean B0=78.2928 homogen=34881.8891
mean B0=86.19 homogen=89184.9144
mean B0=71.9853 homogen=31922.9581
mean B0=73.5769 homogen=21573.9906
mean B0=81.4086 homogen=51971.1859
mean B0=83.2336 homogen=68098.4508
mean B0=78.2113 homogen=34386.9277
mean B0=85.7854 homogen=85212.4218
mean B0=80.0883 homogen=44003.3362
mean B0=84.5031 homogen=64368.9304
mean B0=79.183 homogen=39582.83
mean B0=69.7182 homogen=9794.5494
mean B0=67.2957 homogen=5143.6559
mean B0=71.9682 homogen=152865.2732
mean B0=86.4501 homogen=83328.1429
mean B0=74.3594 homogen=22959.9724
mean B0=75.3916 homogen=26442.2947
mean B0=84.1135 homogen=71339.3643
mean B0=78.6457 homogen=37079.586
mean B0=66.5416 homogen=18676.0438
mean B0=86.2704 homogen=90115.5319
mean B0=67.3217 homogen=142541.0238
mean B0=78.4299 homogen=39729.0438
   249 |     9960 |     40 |  0.000000E+00 |  0.000000E+00 |  0.0014693747 |             f
mean B0=78.2734 homogen=40261.0396
mean B0=80.0633 homogen=116956.1996
mean B0=66.9067 homogen=5229.59
mean B0=86.6163 homogen=95139.6846
mean B0=77.2017 homogen=30346.8876
mean B0=85.1578 homogen=78922.6347
mean B0=69.7175 homogen=9811.3637
mean B0=83.7606 homogen=68557.0019
mean B0=55.8781 homogen=51648.6551
mean B0=69.6654 homogen=9746.3101
mean B0=77.2452 homogen=35233.1443
mean B0=66.161 homogen=283400.7645
mean B0=89.3944 homogen=109205.2147
mean B0=77.559 homogen=45741.8355
mean B0=74.4094 homogen=24001.8003
mean B0=81.5959 homogen=97860.4271
mean B0=82.1249 homogen=56064.531
mean B0=77.0211 homogen=35822.3605
mean B0=87.0296 homogen=84130.4947
mean B0=75.6251 homogen=28989.4931
mean B0=68.6869 homogen=8206.1812
mean B0=74.3758 homogen=45423.3112
mean B0=51.1391 homogen=73522.7396
mean B0=79.5932 homogen=41715.0811
mean B0=77.999 homogen=84276.8657
mean B0=83.0936 homogen=62624.5297
mean B0=54.4106 homogen=53219.7632
mean B0=76.0894 homogen=30563.5645
mean B0=84.1135 homogen=71334.0365
mean B0=67.2467 homogen=4848.8686
mean B0=81.8842 homogen=100766.617
mean B0=76.896 homogen=33997.037
mean B0=81.4335 homogen=62325.2522
mean B0=75.0993 homogen=36406.0313
mean B0=71.9799 homogen=18827.7355
mean B0=76.5716 homogen=39005.749
mean B0=77.9823 homogen=33190.8802
mean B0=77.1155 homogen=30875.5471
mean B0=81.816 homogen=69925.1802
mean B0=86.9535 homogen=98109.1572
   250 |    10000 |     40 |  0.000000E+00 |  0.000000E+00 |  0.0042006005 |             f
mean B0=85.2302 homogen=79475.9583
mean B0=72.4125 homogen=16086.2812
mean B0=77.2017 homogen=30346.8876
mean B0=70.7525 homogen=34223.8888
mean B0=72.7337 homogen=18869.3801
mean B0=87.6725 homogen=106376.9303
mean B0=83.9219 homogen=60593.5003
mean B0=82.3973 homogen=57717.2446
mean B0=73.2566 homogen=20853.2506
mean B0=87.6328 homogen=105555.3491
mean B0=85.7477 homogen=105221.6737
mean B0=84.9308 homogen=77913.0363
mean B0=52.7413 homogen=70328.5546
mean B0=88.9499 homogen=104075.1866
mean B0=77.5485 homogen=41619.4719
mean B0=71.2856 homogen=13342.3827
mean B0=70.6872 homogen=14673.8281
mean B0=88.3693 homogen=110105.1023
mean B0=76.8811 homogen=31889.4805
mean B0=86.8668 homogen=98901.9524
mean B0=81.3567 homogen=54676.3593
mean B0=48.683 homogen=94638.2894
mean B0=77.4281 homogen=31153.5876
mean B0=72.3482 homogen=33822.9189
mean B0=72.3699 homogen=14437.199
mean B0=85.8919 homogen=86122.6995
mean B0=54.2537 homogen=53661.8413
mean B0=78.7734 homogen=37494.0519
mean B0=69.1823 homogen=8815.943
mean B0=80.0852 homogen=43978.6922
mean B0=87.1314 homogen=85306.735
mean B0=85.428 homogen=69072.038
mean B0=68.4773 homogen=7442.3221
mean B0=81.766 homogen=65088.7691
mean B0=78.5067 homogen=36014.0625
mean B0=87.6298 homogen=105528.8874
mean B0=68.9657 homogen=16218.3884
mean B0=79.129 homogen=39325.8031
mean B0=72.4473 homogen=41475.7602
mean B0=79.3226 homogen=40083.588
   251 |    10040 |     40 |  0.000000E+00 |  0.000000E+00 |  0.0035182164 |             f
mean B0=80.7831 homogen=50885.6152
mean B0=80.5146 homogen=40940.7884
mean B0=67.7195 homogen=6788.9701
mean B0=87.6718 homogen=106382.5212
mean B0=84.5269 homogen=67500.061
mean B0=82.7412 homogen=60079.8113
mean B0=81.8875 homogen=54602.787
mean B0=87.1698 homogen=100432.2296
mean B0=85.8919 homogen=86122.6995
mean B0=76.8332 homogen=93721.3774
mean B0=79.2658 homogen=111808.1048
mean B0=76.4821 homogen=40753.268
mean B0=74.9466 homogen=25025.4622
mean B0=86.5258 homogen=93182.1066
mean B0=78.3048 homogen=35248.8132
mean B0=87.2683 homogen=100444.4298
mean B0=88.8514 homogen=103773.91
mean B0=78.8028 homogen=39914.5854
mean B0=84.6214 homogen=74454.0715
mean B0=74.4099 homogen=22701.3818
mean B0=78.2313 homogen=34446.0817
mean B0=70.0609 homogen=11889.3424
mean B0=67.2467 homogen=4848.8686
mean B0=86.6171 homogen=95135.0117
mean B0=80.2824 homogen=45147.6959
mean B0=75.8132 homogen=26958.7793
mean B0=84.9307 homogen=77916.5327
mean B0=82.8885 homogen=61245.5675
mean B0=48.6776 homogen=94711.1446
mean B0=81.1821 homogen=44544.1365
mean B0=66.608 homogen=103170.4163
mean B0=69.7759 homogen=116597.9326
mean B0=69.1828 homogen=8816.2084
mean B0=74.4225 homogen=22774.8663
mean B0=61.8412 homogen=202126.402
mean B0=83.2336 homogen=68098.4508
mean B0=83.8207 homogen=83941.6078
mean B0=73.779 homogen=22142.24
mean B0=78.5658 homogen=36233.8793
mean B0=81.1542 homogen=56972.5262
   252 |    10080 |     40 |  0.000000E+00 |  0.000000E+00 |  0.0018762929 |             f
mean B0=85.8019 homogen=106001.9909
mean B0=69.6432 homogen=6790.854
mean B0=78.606 homogen=62534.2341
mean B0=80.5587 homogen=49466.5595
mean B0=86.4859 homogen=79756.726
mean B0=72.7337 homogen=18870.0491
mean B0=83.1667 homogen=63339.7123
mean B0=83.3625 homogen=65750.5593
mean B0=69.2005 homogen=8317.9582
mean B0=86.6171 homogen=95135.0117
mean B0=78.443 homogen=35656.9447
mean B0=76.3765 homogen=29687.7078
mean B0=73.3247 homogen=239374.6182
mean B0=87.6303 homogen=105524.8031
mean B0=84.9184 homogen=76748.7706
mean B0=83.0566 homogen=72829.1968
mean B0=73.1566 homogen=15438.7843
mean B0=81.8874 homogen=54600.5273
mean B0=82.0465 homogen=55589.2377
mean B0=78.8031 homogen=39918.7812
mean B0=87.3365 homogen=88122.5528
mean B0=45.2681 homogen=118722.0184
mean B0=75.2629 homogen=37208.2098
mean B0=87.6549 homogen=110263.4322
mean B0=85.8413 homogen=106310.6536
mean B0=68.2394 homogen=6507.062
mean B0=85.3459 homogen=71914.2707
mean B0=75.775 homogen=29698.2547
mean B0=72.954 homogen=20653.8758
mean B0=83.2336 homogen=68098.4508
mean B0=81.0595 homogen=63439.3424
mean B0=69.1823 homogen=8815.943
mean B0=72.903 homogen=40476.4443
mean B0=69.1828 homogen=8816.2084
mean B0=80.584 homogen=46887.0249
mean B0=85.6087 homogen=83146.3709
mean B0=77.9008 homogen=32745.0573
mean B0=87.1698 homogen=100432.2296
mean B0=80.0003 homogen=43791.3896
mean B0=80.803 homogen=50941.5202
   253 |    10120 |     40 |  0.000000E+00 |  0.000000E+00 |  0.0054108832 |             f
mean B0=78.8007 homogen=39905.496
mean B0=80.584 homogen=46887.0249
mean B0=79.876 homogen=43123.6714
mean B0=74.9467 homogen=25026.5512
mean B0=78.9291 homogen=40591.6716
mean B0=85.6087 homogen=83146.3709
mean B0=82.46 homogen=58193.4528
mean B0=72.4084 homogen=16074.733
mean B0=56.6097 homogen=42470.1461
mean B0=79.0639 homogen=46738.7689
mean B0=78.8336 homogen=37758.0287
mean B0=81.5429 homogen=46089.666
mean B0=83.1792 homogen=63452.076
mean B0=43.3303 homogen=102699.0658
mean B0=77.9567 homogen=33140.6478
mean B0=75.4032 homogen=245475.5446
mean B0=84.0757 homogen=70490.3887
mean B0=71.2748 homogen=26067.5059
mean B0=84.7778 homogen=100155.7837
mean B0=69.0801 homogen=8053.4698
mean B0=75.8153 homogen=26973.3359
mean B0=72.7337 homogen=18869.3801
mean B0=78.1072 homogen=33897.4672
mean B0=79.5932 homogen=41715.0811
mean B0=87.0433 homogen=99112.2531
mean B0=83.0641 homogen=58958.1364
mean B0=68.2395 homogen=6506.7457
mean B0=61.9301 homogen=176729.928
mean B0=87.8025 homogen=107472.6094
mean B0=90.6286 homogen=103874.5866
mean B0=70.7241 homogen=39346.7526
mean B0=83.3627 homogen=65746.3095
mean B0=87.1577 homogen=100290.588
mean B0=78.3279 homogen=35215.6259
mean B0=73.2317 homogen=68270.6276
mean B0=73.5756 homogen=18878.5256
mean B0=67.6354 homogen=9585.2127
mean B0=74.1521 homogen=23210.2351
mean B0=78.7712 homogen=39802.538
mean B0=86.0448 homogen=87658.8961
   254 |    10160 |     40 |  0.000000E+00 |  0.000000E+00 |  0.0034628914 |             f
mean B0=73.9829 homogen=20102.7995
mean B0=77.9833 homogen=33208.8502
mean B0=71.3318 homogen=13463.6784
mean B0=77.8701 homogen=34423.235
mean B0=71.9926 homogen=116204.7122
mean B0=87.1698 homogen=100427.8422
mean B0=88.126 homogen=115296.8649
mean B0=83.4409 homogen=66052.7268
mean B0=85.8784 homogen=86003.5604
mean B0=76.665 homogen=84514.2409
mean B0=78.9292 homogen=40591.2433
mean B0=69.0796 homogen=8055.6333
mean B0=70.2029 homogen=22524.2243
mean B0=75.813 homogen=26946.6613
mean B0=77.0466 homogen=37630.9972
mean B0=82.6231 homogen=59312.7316
mean B0=75.0743 homogen=32126.4979
mean B0=78.4053 homogen=35490.1881
mean B0=70.243 homogen=16861.7344
mean B0=76.1511 homogen=28641.4545
mean B0=55.0885 homogen=302511.5272
mean B0=80.6543 homogen=68449.1277
mean B0=67.2031 homogen=5032.9483
mean B0=52.8427 homogen=71742.7782
mean B0=69.8839 homogen=34546.6368
mean B0=70.2692 homogen=33171.6449
mean B0=85.3227 homogen=80268.8606
mean B0=87.7205 homogen=107355.1379
mean B0=72.4229 homogen=16125.9973
mean B0=79.1889 homogen=42202.7748
mean B0=82.9593 homogen=61719.7202
mean B0=82.4594 homogen=58180.9287
mean B0=78.718 homogen=41246.7754
mean B0=86.4861 homogen=93211.1574
mean B0=75.7836 homogen=31344.5601
mean B0=87.4774 homogen=104126.673
mean B0=80.0291 homogen=43692.9477
mean B0=83.6567 homogen=87566.1416
mean B0=79.8625 homogen=42645.4059
mean B0=69.6674 homogen=120894.8927
   255 |    10200 |     40 |  0.000000E+00 |  0.000000E+00 |  0.0026112088 |             f
mean B0=75.8428 homogen=215923.3729
mean B0=74.1521 homogen=23210.8699
mean B0=72.9717 homogen=33526.841
mean B0=86.8029 homogen=98790.577
mean B0=82.9593 homogen=61720.9306
mean B0=87.3434 homogen=102429.2707
mean B0=81.0284 homogen=32957.8216
mean B0=72.7683 homogen=18999.2588
mean B0=83.3572 homogen=65721.9451
mean B0=75.1967 homogen=29178.5642
mean B0=85.8782 homogen=86004.2626
mean B0=76.8899 homogen=38216.6284
mean B0=71.2856 homogen=13342.3827
mean B0=75.7661 homogen=26702.5125
mean B0=86.5258 homogen=93182.1066
mean B0=83.9031 homogen=76711.8401
mean B0=68.9525 homogen=7923.3042
mean B0=79.3656 homogen=30908.2013
mean B0=87.7027 homogen=74868.07
mean B0=84.489 homogen=73461.7267
mean B0=80.0323 homogen=43713.8544
mean B0=68.2395 homogen=6506.7952
mean B0=76.302 homogen=32424.371
mean B0=70.7407 homogen=10910.7866
mean B0=81.8874 homogen=54601.9652
mean B0=88.0705 homogen=114521.2818
mean B0=65.9931 homogen=149938.3114
mean B0=68.3264 homogen=12809.9438
mean B0=80.8074 homogen=50952.8218
mean B0=82.0662 homogen=67714.9662
mean B0=74.9467 homogen=25023.834
mean B0=80.1295 homogen=63343.729
mean B0=67.2467 homogen=4848.8686
mean B0=76.4236 homogen=29933.8035
mean B0=72.4107 homogen=16072.687
mean B0=71.1214 homogen=38815.2312
mean B0=76.334 homogen=29817.3626
mean B0=78.8237 homogen=37701.2733
mean B0=86.9448 homogen=98040.7254
mean B0=84.0239 homogen=70902.0842
   256 |    10240 |     40 |  0.000000E+00 |  0.000000E+00 |  0.0007244067 |             f
mean B0=79.2456 homogen=98632.1444
mean B0=75.813 homogen=26946.6613
mean B0=67.2467 homogen=4848.8117
mean B0=77.5501 homogen=33801.9203
mean B0=84.6831 homogen=75256.6373
mean B0=76.3147 homogen=29441.0578
mean B0=52.0956 homogen=61381.1881
mean B0=87.4654 homogen=103991.334
mean B0=65.0965 homogen=118267.7711
mean B0=86.7307 homogen=95292.5133
mean B0=84.1396 homogen=86245.3047
mean B0=76.4503 homogen=30100.6248
mean B0=78.1973 homogen=42191.7938
mean B0=83.9989 homogen=69895.8497
mean B0=78.5306 homogen=38591.5501
mean B0=80.028 homogen=42748.0546
mean B0=74.5269 homogen=37424.9385
mean B0=87.8025 homogen=107472.6094
mean B0=78.8728 homogen=79405.1733
mean B0=80.2824 homogen=45147.4996
mean B0=72.8973 homogen=40447.9384
mean B0=73.826 homogen=20877.3893
mean B0=84.489 homogen=73461.7267
mean B0=82.2383 homogen=56742.3433
mean B0=86.5719 homogen=100983.1863
mean B0=78.4479 homogen=35709.6781
mean B0=70.5765 homogen=21421.9318
mean B0=85.8925 homogen=86166.4097
mean B0=68.6715 homogen=7324.6887
mean B0=78.995 homogen=38638.1466
mean B0=86.098 homogen=74806.1276
mean B0=72.3824 homogen=15957.1108
mean B0=48.081 homogen=92800.3559
mean B0=78.4736 homogen=89981.4881
mean B0=74.7298 homogen=28328.3545
mean B0=65.5648 homogen=27671.2727
mean B0=78.6567 homogen=39492.0858
mean B0=86.5258 homogen=93182.1066
mean B0=86.3287 homogen=111360.658
mean B0=75.7661 homogen=26701.3492
   257 |    10280 |     40 |  0.000000E+00 |  0.000000E+00 |  0.0032830164 |             f
mean B0=75.2772 homogen=20464.8984
mean B0=71.5506 homogen=13749.055
mean B0=85.9343 homogen=86581.9648
mean B0=82.4747 homogen=121341.3458
mean B0=74.8418 homogen=43637.301
mean B0=86.1008 homogen=88408.9181
mean B0=83.9572 homogen=94422.4453
mean B0=64.6901 homogen=218036.978
mean B0=87.7966 homogen=107469.5714
mean B0=83.5846 homogen=77597.868
mean B0=85.1171 homogen=63683.9819
mean B0=74.2009 homogen=197786.2309
mean B0=71.0077 homogen=35662.84
mean B0=73.8608 homogen=22142.7087
mean B0=84.0758 homogen=70488.4447
mean B0=80.2528 homogen=45126.2554
mean B0=88.6439 homogen=121105.3764
mean B0=78.9937 homogen=38640.0478
mean B0=81.0008 homogen=60011.8895
mean B0=79.0852 homogen=32635.3699
mean B0=75.7661 homogen=26701.3492
mean B0=72.502 homogen=17688.6273
mean B0=81.8312 homogen=54264.3198
mean B0=54.9931 homogen=336066.6663
mean B0=79.3311 homogen=40184.087
mean B0=86.8896 homogen=97244.5231
mean B0=78.5799 homogen=36309.3017
mean B0=84.3031 homogen=72267.0892
mean B0=80.8065 homogen=50948.7562
mean B0=68.5064 homogen=7702.412
mean B0=79.1151 homogen=47047.3175
mean B0=69.1127 homogen=8027.0307
mean B0=75.6816 homogen=36244.349
mean B0=78.5694 homogen=36891.4022
mean B0=73.9809 homogen=20085.9462
mean B0=74.0733 homogen=196089.1207
mean B0=87.0781 homogen=99476.0636
mean B0=77.9021 homogen=32739.9423
mean B0=72.6712 homogen=27247.9696
mean B0=86.5253 homogen=93185.5638
   258 |    10320 |     40 |  0.000000E+00 |  0.000000E+00 |  0.0180513104 |         ideal
mean B0=84.2812 homogen=74184.7946
mean B0=73.8513 homogen=53494.2801
mean B0=83.3572 homogen=65721.9451
mean B0=87.6265 homogen=105817.3502
mean B0=58.4884 homogen=292695.9977
mean B0=55.1853 homogen=198996.7754
mean B0=85.2676 homogen=80130.1063
mean B0=78.7084 homogen=261559.4509
mean B0=89.4081 homogen=109228.9473
mean B0=74.746 homogen=28429.3759
mean B0=84.3006 homogen=72269.6464
mean B0=79.0688 homogen=46746.4672
mean B0=69.2001 homogen=8319.0829
mean B0=78.4086 homogen=35484.4611
mean B0=71.3794 homogen=13525.182
mean B0=80.5473 homogen=68480.9251
mean B0=87.8979 homogen=112799.0106
mean B0=86.6418 homogen=94632.73
mean B0=81.8411 homogen=54323.0576
mean B0=86.1008 homogen=88408.9181
mean B0=72.3823 homogen=15960.1619
mean B0=73.481 homogen=40960.9091
mean B0=85.2302 homogen=79475.9583
mean B0=82.7637 homogen=60433.5648
mean B0=77.8072 homogen=32373.5449
mean B0=76.3967 homogen=30329.2845
mean B0=73.9627 homogen=19976.4037
mean B0=79.3311 homogen=40184.087
mean B0=69.8499 homogen=13131.6201
mean B0=79.8095 homogen=45108.0826
mean B0=50.6202 homogen=74561.6356
mean B0=80.691 homogen=42189.0479
mean B0=68.6725 homogen=7329.2775
mean B0=86.5194 homogen=93363.8021
mean B0=78.397 homogen=35444.8175
mean B0=75.796 homogen=31693.0252
mean B0=83.44 homogen=66060.4373
mean B0=71.4723 homogen=13617.8694
mean B0=82.2285 homogen=56679.5164
mean B0=79.768 homogen=49695.7907
   259 |    10360 |     40 |  0.000000E+00 |  0.000000E+00 |  0.0018248447 |             f
mean B0=84.7289 homogen=99599.2078
mean B0=75.8008 homogen=26872.4384
mean B0=87.5395 homogen=104530.1436
mean B0=74.6718 homogen=29726.3352
mean B0=81.8563 homogen=54412.9118
mean B0=87.6265 homogen=105817.3502
mean B0=82.4753 homogen=69779.3113
mean B0=79.3342 homogen=40230.3476
mean B0=78.3246 homogen=34923.5963
mean B0=75.6186 homogen=73308.6107
mean B0=82.6104 homogen=60098.0508
mean B0=80.6177 homogen=41791.7873
mean B0=73.8644 homogen=19758.1998
mean B0=68.6712 homogen=11920.4342
mean B0=75.5981 homogen=209388.8052
mean B0=77.8986 homogen=32938.3895
mean B0=73.6354 homogen=20565.7925
mean B0=62.5992 homogen=216652.1947
mean B0=71.3318 homogen=13463.6784
mean B0=61.9858 homogen=177490.6446
mean B0=79.1295 homogen=41676.8638
mean B0=72.4454 homogen=159709.6287
mean B0=79.2837 homogen=42471.1718
mean B0=75.5445 homogen=37017.4848
mean B0=66.5357 homogen=247777.7802
mean B0=67.4864 homogen=5907.2318
mean B0=63.9052 homogen=22318.4201
mean B0=85.2617 homogen=80107.8255
mean B0=86.5477 homogen=93615.9094
mean B0=78.7501 homogen=37396.5796
mean B0=70.6749 homogen=11203.3579
mean B0=83.52 homogen=79684.126
mean B0=88.2406 homogen=116711.8595
mean B0=77.6817 homogen=32966.3618
mean B0=82.7742 homogen=60531.8627
mean B0=80.6167 homogen=84473.0109
mean B0=72.8987 homogen=18375.4191
mean B0=87.1896 homogen=100813.6071
mean B0=79.8095 homogen=45108.0826
mean B0=79.9438 homogen=50317.2598
   260 |    10400 |     40 |  0.000000E+00 |  0.000000E+00 |  0.0032934611 |             f
mean B0=77.3819 homogen=33373.1065
mean B0=66.9004 homogen=10362.2656
mean B0=69.1908 homogen=8823.7985
mean B0=83.0659 homogen=62584.8421
mean B0=78.7233 homogen=44712.5355
mean B0=77.758 homogen=32013.0636
mean B0=73.8643 homogen=19758.4555
mean B0=80.364 homogen=118063.6168
mean B0=78.6533 homogen=82977.7655
mean B0=86.645 homogen=108303.2507
mean B0=72.5874 homogen=15073.2128
mean B0=74.9616 homogen=28143.4973
mean B0=88.35 homogen=117984.032
mean B0=77.2399 homogen=35632.5479
mean B0=62.8976 homogen=112098.9574
mean B0=85.8784 homogen=86003.5604
mean B0=83.9438 homogen=69457.7954
mean B0=71.5508 homogen=13750.5247
mean B0=87.6271 homogen=105825.5153
mean B0=56.3862 homogen=56894.4037
mean B0=79.5735 homogen=77617.5763
mean B0=81.8314 homogen=54271.7923
mean B0=70.6879 homogen=12451.2302
mean B0=80.1754 homogen=44566.4454
mean B0=81.4102 homogen=45612.7098
mean B0=86.5685 homogen=94273.7579
mean B0=70.6417 homogen=10681.5743
mean B0=75.5851 homogen=25993.5642
mean B0=74.3273 homogen=39532.4195
mean B0=89.7943 homogen=113575.6017
mean B0=83.1895 homogen=72885.3795
mean B0=81.4293 homogen=51973.2124
mean B0=86.1905 homogen=89196.3672
mean B0=82.3443 homogen=73237.1638
mean B0=71.5519 homogen=125700.7087
mean B0=80.803 homogen=50941.5202
mean B0=82.665 homogen=60524.952
mean B0=80.7921 homogen=42605.5716
mean B0=87.0777 homogen=99466.3686
mean B0=75.7656 homogen=26700.6631
   261 |    10440 |     40 |  0.000000E+00 |  0.000000E+00 |  0.0026030058 |             f
mean B0=76.6034 homogen=39526.2541
mean B0=68.282 homogen=8361.4594
mean B0=87.6251 homogen=105811.5807
mean B0=67.2467 homogen=4850.8233
mean B0=73.4602 homogen=18762.3993
mean B0=53.1863 homogen=354466.6132
mean B0=85.1998 homogen=94299.1844
mean B0=79.0899 homogen=39156.8392
mean B0=87.7874 homogen=111222.5139
mean B0=84.3012 homogen=72252.1191
mean B0=81.4272 homogen=51961.4998
mean B0=76.4503 homogen=30098.5385
mean B0=84.0135 homogen=69987.4284
mean B0=75.5851 homogen=25992.5714
mean B0=78.5422 homogen=36301.1785
mean B0=74.038 homogen=30705.4407
mean B0=87.1733 homogen=100546.3337
mean B0=80.2512 homogen=44973.1315
mean B0=86.6385 homogen=94449.8307
mean B0=85.1379 homogen=80561.5707
mean B0=82.2012 homogen=110005.3057
mean B0=76.2266 homogen=28954.2136
mean B0=55.1818 homogen=60376.5722
mean B0=79.3341 homogen=40230.1112
mean B0=45.6518 homogen=119148.8069
mean B0=88.6438 homogen=121107.9432
mean B0=73.282 homogen=23704.9024
mean B0=76.1749 homogen=60877.1756
mean B0=78.0118 homogen=33343.1887
mean B0=86.5279 homogen=93207.9719
mean B0=80.1774 homogen=44577.5697
mean B0=75.8453 homogen=215927.6858
mean B0=79.7053 homogen=32057.158
mean B0=87.1896 homogen=100814.7179
mean B0=84.5099 homogen=73810.5493
mean B0=72.6864 homogen=206987.2582
mean B0=67.3361 homogen=4897.8224
mean B0=83.473 homogen=66224.8534
mean B0=83.0718 homogen=62725.8355
mean B0=74.636 homogen=23887.7383
   262 |    10480 |     40 |  0.000000E+00 |  0.000000E+00 |  0.0019674095 |             f
mean B0=83.4978 homogen=85262.0514
mean B0=84.683 homogen=75258.1777
mean B0=78.2457 homogen=34731.968
mean B0=76.2412 homogen=40745.6867
mean B0=61.5927 homogen=118438.3963
mean B0=77.7491 homogen=245572.0857
mean B0=78.542 homogen=36299.4135
mean B0=86.2325 homogen=89679.6216
mean B0=74.1521 homogen=23210.2351
mean B0=78.8667 homogen=37762.7106
mean B0=73.8644 homogen=19758.1998
mean B0=81.2749 homogen=39251.375
mean B0=64.3758 homogen=20689.4563
mean B0=74.4716 homogen=27661.7868
mean B0=74.7719 homogen=32621.0172
mean B0=87.6063 homogen=105652.7596
mean B0=78.2197 homogen=93578.4421
mean B0=78.2419 homogen=92093.2495
mean B0=84.0208 homogen=69763.122
mean B0=85.7756 homogen=81132.9983
mean B0=78.2472 homogen=34740.0038
mean B0=70.6877 homogen=12451.7751
mean B0=88.0981 homogen=115039.0753
mean B0=79.4591 homogen=56798.9327
mean B0=86.5421 homogen=93520.2866
mean B0=81.4293 homogen=51973.2124
mean B0=87.0778 homogen=99472.6115
mean B0=73.3591 homogen=176370.4759
mean B0=76.335 homogen=22453.0641
mean B0=71.8513 homogen=15163.4702
mean B0=68.1039 homogen=21567.1607
mean B0=80.2825 homogen=45148.2587
mean B0=48.9528 homogen=109216.9845
mean B0=74.3463 homogen=26685.0111
mean B0=86.0767 homogen=92322.523
mean B0=84.8463 homogen=76214.1107
mean B0=74.9612 homogen=43043.1262
mean B0=76.6825 homogen=32218.1652
mean B0=82.9917 homogen=62341.9416
mean B0=66.6687 homogen=161793.7768
   263 |    10520 |     40 |  0.000000E+00 |  0.000000E+00 |  0.0025446785 |             f
mean B0=80.2825 homogen=45148.2587
mean B0=73.59 homogen=20797.9507
mean B0=72.3829 homogen=15956.5805
mean B0=84.1001 homogen=70694.5353
mean B0=77.4785 homogen=31741.4518
mean B0=74.2721 homogen=26978.1324
mean B0=77.8431 homogen=32534.2728
mean B0=79.826 homogen=42873.4216
mean B0=75.7958 homogen=212118.0906
mean B0=85.8702 homogen=106027.7541
mean B0=81.9586 homogen=67297.0677
mean B0=87.6252 homogen=105805.6067
mean B0=79.6805 homogen=42129.1973
mean B0=73.7872 homogen=27439.8687
mean B0=87.6063 homogen=105662.0714
mean B0=75.7447 homogen=74877.2867
mean B0=80.7629 homogen=55469.0103
mean B0=82.9117 homogen=61487.8599
mean B0=69.9116 homogen=11378.5154
mean B0=78.6282 homogen=36894.5573
mean B0=67.4864 homogen=5907.2318
mean B0=74.9126 homogen=25196.3067
mean B0=88.2573 homogen=116743.7615
mean B0=77.6092 homogen=31823.6368
mean B0=71.1606 homogen=37535.1657
mean B0=69.2342 homogen=117377.243
mean B0=84.798 homogen=100281.7419
mean B0=76.3596 homogen=54911.0916
mean B0=85.5887 homogen=83222.9817
mean B0=86.5441 homogen=80493.357
mean B0=89.6827 homogen=112316.7545
mean B0=58.8716 homogen=145660.3581
mean B0=58.0651 homogen=196403.5566
mean B0=77.4649 homogen=33010.976
mean B0=82.1967 homogen=47676.2285
mean B0=79.0803 homogen=39159.2834
mean B0=74.8539 homogen=30362.6482
mean B0=85.4799 homogen=81789.4402
mean B0=86.9653 homogen=84963.6163
mean B0=55.8505 homogen=54869.7021
   264 |    10560 |     40 |  0.000000E+00 |  0.000000E+00 |  0.0016742117 |             f
mean B0=67.4864 homogen=5907.2318
mean B0=86.5162 homogen=93196.7882
mean B0=73.0259 homogen=195289.716
mean B0=75.5518 homogen=23552.9404
mean B0=87.7876 homogen=111216.6497
mean B0=85.8849 homogen=86056.141
mean B0=76.4502 homogen=30100.5199
mean B0=86.1698 homogen=88965.1739
mean B0=68.8008 homogen=125058.5726
mean B0=74.4573 homogen=28384.5274
mean B0=80.2825 homogen=45148.2587
mean B0=84.683 homogen=75257.0947
mean B0=87.6252 homogen=105805.6067
mean B0=73.6007 homogen=22356.506
mean B0=73.9271 homogen=22574.4863
mean B0=84.1001 homogen=70694.5353
mean B0=71.5901 homogen=13887.0323
mean B0=82.5868 homogen=59031.9275
mean B0=74.875 homogen=25476.3364
mean B0=82.3517 homogen=73944.5215
mean B0=78.6282 homogen=36894.5573
mean B0=77.8694 homogen=32671.6915
mean B0=87.474 homogen=95636.3577
mean B0=86.499 homogen=106796.323
mean B0=68.6715 homogen=7326.6584
mean B0=80.2766 homogen=45120.9286
mean B0=81.4271 homogen=51960.0541
mean B0=88.7305 homogen=122127.9539
mean B0=77.2542 homogen=61475.4105
mean B0=83.6002 homogen=80312.817
mean B0=68.418 homogen=15827.6305
mean B0=82.0743 homogen=81307.3696
mean B0=81.6665 homogen=56661.4577
mean B0=76.7767 homogen=33526.3469
mean B0=70.3149 homogen=17914.8565
mean B0=67.2467 homogen=4848.8117
mean B0=72.9177 homogen=19688.9553
mean B0=76.0646 homogen=28813.4432
mean B0=87.1811 homogen=100710.3656
mean B0=80.7871 homogen=36791.4016
   265 |    10600 |     40 |  0.000000E+00 |  0.000000E+00 |  0.0040303011 |         ideal
mean B0=69.2005 homogen=8317.9582
mean B0=83.946 homogen=69473.3066
mean B0=80.7819 homogen=54301.1703
mean B0=72.8987 homogen=18375.4191
mean B0=76.4505 homogen=30099.0346
mean B0=68.7114 homogen=7452.7251
mean B0=82.8218 homogen=69799.5927
mean B0=78.6282 homogen=36894.5573
mean B0=82.0462 homogen=81357.9834
mean B0=80.261 homogen=45040.5144
mean B0=73.5783 homogen=25278.3542
mean B0=86.5886 homogen=93974.9318
mean B0=85.6281 homogen=87190.1685
mean B0=75.7454 homogen=79667.7189
mean B0=82.8137 homogen=53532.7405
mean B0=77.9766 homogen=49421.6036
mean B0=88.7802 homogen=102208.3564
mean B0=86.1785 homogen=89054.8818
mean B0=72.9092 homogen=27528.9914
mean B0=81.5115 homogen=52542.3274
mean B0=67.2467 homogen=4848.8117
mean B0=77.4766 homogen=31758.5174
mean B0=74.595 homogen=23703.8457
mean B0=74.9126 homogen=25196.3067
mean B0=73.9273 homogen=22565.5061
mean B0=81.6194 homogen=56369.8039
mean B0=69.1824 homogen=8814.9027
mean B0=78.818 homogen=59069.0822
mean B0=76.6179 homogen=35677.9819
mean B0=74.6558 homogen=23981.8415
mean B0=85.2247 homogen=100617.8173
mean B0=83.1215 homogen=63079.1797
mean B0=88.3726 homogen=96849.7565
mean B0=77.1484 homogen=30388.1174
mean B0=77.8951 homogen=32758.0885
mean B0=87.8977 homogen=108602.0837
mean B0=74.7711 homogen=29650.5794
mean B0=70.5723 homogen=13170.6828
mean B0=87.8662 homogen=108221.206
mean B0=87.5059 homogen=104294.1145
   266 |    10640 |     40 |  0.000000E+00 |  0.000000E+00 |  0.0012492217 |             f
mean B0=67.2467 homogen=4848.8117
mean B0=83.0463 homogen=62483.9065
mean B0=73.9269 homogen=22560.6059
mean B0=76.7384 homogen=37006.5579
mean B0=88.6439 homogen=121105.1614
mean B0=81.5216 homogen=52476.6689
mean B0=73.9714 homogen=34451.5966
mean B0=74.6067 homogen=28801.7346
mean B0=86.1437 homogen=90172.576
mean B0=83.9285 homogen=70087.936
mean B0=87.6063 homogen=105653.9228
mean B0=85.2617 homogen=80107.8255
mean B0=76.4668 homogen=30133.3038
mean B0=79.0686 homogen=39327.5194
mean B0=78.4699 homogen=36373.2026
mean B0=88.2578 homogen=116731.4666
mean B0=68.772 homogen=7477.1478
mean B0=78.742 homogen=108118.0154
mean B0=85.1374 homogen=79513.1159
mean B0=69.7497 homogen=12449.9408
mean B0=67.2467 homogen=4848.8117
mean B0=77.9666 homogen=33133.1903
mean B0=85.8792 homogen=86001.281
mean B0=82.7511 homogen=90632.2916
mean B0=88.7306 homogen=122127.3713
mean B0=84.1516 homogen=67720.1972
mean B0=81.9925 homogen=59670.4772
mean B0=75.5348 homogen=226609.5367
mean B0=58.5352 homogen=188876.7081
mean B0=77.4846 homogen=31364.6179
mean B0=82.8101 homogen=56821.4515
mean B0=61.1758 homogen=188389.0014
mean B0=56.0588 homogen=60080.2757
mean B0=63.2566 homogen=195436.6823
mean B0=69.2924 homogen=8438.7679
mean B0=87.506 homogen=104295.8111
mean B0=55.2811 homogen=57484.2392
mean B0=73.4056 homogen=58496.1903
mean B0=79.8089 homogen=42617.285
mean B0=86.6418 homogen=94632.73
   267 |    10680 |     40 |  0.000000E+00 |  0.000000E+00 |  0.0034457078 |             f
mean B0=79.2818 homogen=72874.9761
mean B0=79.582 homogen=41967.2771
mean B0=73.0579 homogen=32354.0721
mean B0=76.9017 homogen=38049.3004
mean B0=76.7295 homogen=34496.3343
mean B0=82.586 homogen=59026.324
mean B0=82.0549 homogen=55599.2214
mean B0=88.7302 homogen=122129.4285
mean B0=81.4271 homogen=51960.0541
mean B0=67.2773 homogen=4916.9409
mean B0=81.9746 homogen=63468.1787
mean B0=82.7451 homogen=67306.9736
mean B0=83.8294 homogen=72160.5517
mean B0=68.3218 homogen=31496.4176
mean B0=78.3697 homogen=35543.0566
mean B0=69.124 homogen=11360.332
mean B0=77.7999 homogen=32393.585
mean B0=69.1838 homogen=8823.5828
mean B0=87.474 homogen=95636.3577
mean B0=77.9701 homogen=33144.4874
mean B0=78.21 homogen=34650.0159
mean B0=73.3034 homogen=18811.1087
mean B0=70.7803 homogen=40958.0319
mean B0=77.1404 homogen=38245.6846
mean B0=79.3808 homogen=95715.9523
mean B0=75.5859 homogen=25997.4281
mean B0=85.0121 homogen=78208.7811
mean B0=86.5871 homogen=93968.453
mean B0=79.8089 homogen=42617.285
mean B0=84.8089 homogen=75911.5062
mean B0=73.1043 homogen=16263.4935
mean B0=73.7661 homogen=180998.7176
mean B0=87.7459 homogen=106938.9114
mean B0=84.3154 homogen=108069.291
mean B0=84.9054 homogen=100991.2035
mean B0=70.1946 homogen=15089.9455
mean B0=84.3478 homogen=74748.9972
mean B0=77.3649 homogen=35600.8332
mean B0=82.2383 homogen=56742.3433
mean B0=85.2617 homogen=80107.8255
   268 |    10720 |     40 |  0.000000E+00 |  0.000000E+00 |  0.0010305208 |             f
mean B0=72.5741 homogen=31873.7523
mean B0=78.9885 homogen=38678.2514
mean B0=67.619 homogen=7067.7331
mean B0=80.2916 homogen=45177.4384
mean B0=70.6417 homogen=10682.3994
mean B0=81.6579 homogen=65646.6863
mean B0=86.5871 homogen=93968.453
mean B0=70.2578 homogen=17014.2792
mean B0=79.0684 homogen=39329.8586
mean B0=61.5565 homogen=208458.1242
mean B0=58.8017 homogen=156795.8552
mean B0=78.0803 homogen=33711.5891
mean B0=74.4409 homogen=35048.7831
mean B0=75.0039 homogen=24983.6082
mean B0=85.5645 homogen=83042.7406
mean B0=79.5817 homogen=41962.7288
mean B0=87.4552 homogen=103653.9585
mean B0=80.8355 homogen=58443.2243
mean B0=84.2782 homogen=74125.6982
mean B0=88.4825 homogen=119208.7386
mean B0=82.332 homogen=69399.0699
mean B0=84.9564 homogen=101889.1747
mean B0=78.3138 homogen=35575.3104
mean B0=87.4637 homogen=95604.61
mean B0=57.3202 homogen=45174.3809
mean B0=77.5717 homogen=31378.5157
mean B0=81.5216 homogen=52476.6689
mean B0=87.9524 homogen=109267.6335
mean B0=82.1644 homogen=47857.7284
mean B0=80.626 homogen=83945.9093
mean B0=73.1799 homogen=63083.5576
mean B0=83.717 homogen=89915.1981
mean B0=73.7058 homogen=22483.3325
mean B0=71.8753 homogen=17566.8991
mean B0=74.9994 homogen=203071.368
mean B0=72.3828 homogen=15957.7109
mean B0=83.0893 homogen=62810.0108
mean B0=53.0869 homogen=66395.3281
mean B0=73.9291 homogen=20028.0851
mean B0=81.484 homogen=52318.1489
   269 |    10760 |     40 |  0.000000E+00 |  0.000000E+00 |  0.0037341514 |             f
mean B0=87.4637 homogen=95604.61
mean B0=84.5312 homogen=85967.0375
mean B0=80.2825 homogen=45148.2587
mean B0=70.6605 homogen=12631.4812
mean B0=78.0344 homogen=34053.2086
mean B0=77.106 homogen=80137.0062
mean B0=76.1308 homogen=29200.1812
mean B0=76.7561 homogen=45234.169
mean B0=77.9466 homogen=33649.7712
mean B0=86.1785 homogen=89054.8818
mean B0=75.4294 homogen=30752.4709
mean B0=46.8125 homogen=118193.5271
mean B0=68.3669 homogen=276727.684
mean B0=81.0946 homogen=46845.4042
mean B0=73.959 homogen=20057.0903
mean B0=72.142 homogen=23699.0406
mean B0=76.9898 homogen=34065.7315
mean B0=85.8746 homogen=86031.6059
mean B0=82.9883 homogen=62036.2151
mean B0=72.9319 homogen=19758.4171
mean B0=79.0686 homogen=39327.5194
mean B0=78.9735 homogen=38627.7617
mean B0=88.2578 homogen=116731.4666
mean B0=76.2312 homogen=215522.0792
mean B0=70.9158 homogen=32733.7773
mean B0=73.5803 homogen=39655.0431
mean B0=82.5777 homogen=58962.652
mean B0=76.679 homogen=39024.6364
mean B0=72.139 homogen=17933.0067
mean B0=85.2617 homogen=80107.8255
mean B0=82.3669 homogen=58152.6238
mean B0=58.8795 homogen=201755.4322
mean B0=61.3013 homogen=115621.4062
mean B0=88.7306 homogen=122127.3713
mean B0=77.9884 homogen=33456.576
mean B0=81.8114 homogen=57924.0858
mean B0=76.512 homogen=87328.2268
mean B0=84.2827 homogen=74096.8414
mean B0=81.4872 homogen=52280.3432
mean B0=87.8835 homogen=108442.6851
   270 |    10800 |     40 |  0.000000E+00 |  0.000000E+00 |  0.0014873818 |             f
mean B0=73.2514 homogen=39351.5718
mean B0=80.3449 homogen=45439.4175
mean B0=85.4125 homogen=71269.7316
mean B0=77.478 homogen=31326.8467
mean B0=88.2586 homogen=116726.9441
mean B0=76.8299 homogen=26283.0116
mean B0=82.5578 homogen=58820.878
mean B0=67.3485 homogen=5499.9862
mean B0=88.7208 homogen=122122.7804
mean B0=78.4214 homogen=36123.5568
mean B0=72.2838 homogen=22779.1442
mean B0=76.0291 homogen=30335.9448
mean B0=63.5754 homogen=108800.8875
mean B0=84.4913 homogen=64320.7986
mean B0=82.9743 homogen=61939.0928
mean B0=80.9399 homogen=49902.9049
mean B0=74.2892 homogen=38715.1943
mean B0=77.3104 homogen=55316.6026
mean B0=66.3197 homogen=33895.2966
mean B0=73.1535 homogen=21876.1099
mean B0=83.5633 homogen=78499.0658
mean B0=84.2284 homogen=73555.394
mean B0=86.2517 homogen=75816.7266
mean B0=72.3896 homogen=15984.0541
mean B0=88.7298 homogen=122132.5501
mean B0=63.1898 homogen=197716.0906
mean B0=84.3681 homogen=74934.1332
mean B0=85.5749 homogen=86076.0318
mean B0=85.5745 homogen=83066.6147
mean B0=85.3106 homogen=80542.4174
mean B0=69.3186 homogen=15703.4576
mean B0=78.3773 homogen=49031.6031
mean B0=84.2823 homogen=83864.1386
mean B0=85.0333 homogen=98688.2982
mean B0=87.9201 homogen=108899.9029
mean B0=71.0145 homogen=13766.3902
mean B0=82.3771 homogen=56816.7685
mean B0=85.4015 homogen=107226.6007
mean B0=89.8258 homogen=113946.4268
mean B0=77.4829 homogen=35003.9554
   271 |    10840 |     40 |  0.000000E+00 |  0.000000E+00 |  0.0021833382 |             f
mean B0=76.2726 homogen=37741.6108
mean B0=73.0225 homogen=36924.7969
mean B0=85.7918 homogen=74742.0643
mean B0=80.679 homogen=96901.3331
mean B0=78.5638 homogen=41445.8767
mean B0=72.9009 homogen=19620.1008
mean B0=72.3165 homogen=15682.2606
mean B0=69.2938 homogen=8440.6032
mean B0=89.3315 homogen=113393.0327
mean B0=82.0549 homogen=55599.2214
mean B0=82.8276 homogen=60894.5123
mean B0=88.2586 homogen=116726.9441
mean B0=75.0743 homogen=25311.9007
mean B0=76.0416 homogen=29012.4675
mean B0=88.7208 homogen=122122.7804
mean B0=78.1493 homogen=32085.2105
mean B0=66.8469 homogen=253711.3406
mean B0=88.2606 homogen=99001.1684
mean B0=53.3664 homogen=59835.3201
mean B0=67.2467 homogen=4848.8117
mean B0=73.163 homogen=23899.9348
mean B0=73.9692 homogen=44187.8561
mean B0=85.5428 homogen=89444.4737
mean B0=86.1889 homogen=89076.4411
mean B0=72.3671 homogen=14427.9905
mean B0=73.9786 homogen=20136.4443
mean B0=86.2458 homogen=89832.6684
mean B0=68.6701 homogen=7323.9111
mean B0=75.5388 homogen=55963.601
mean B0=68.6409 homogen=24776.673
mean B0=80.4896 homogen=46302.0477
mean B0=78.7942 homogen=262563.343
mean B0=67.5951 homogen=6885.0194
mean B0=84.478 homogen=75161.7894
mean B0=76.4668 homogen=30133.3038
mean B0=80.8363 homogen=49270.1436
mean B0=88.7306 homogen=122127.3713
mean B0=81.489 homogen=52282.0573
mean B0=87.4878 homogen=103833.9776
mean B0=65.4677 homogen=228547.756
   272 |    10880 |     40 |  0.000000E+00 |  0.000000E+00 |  0.0035359927 |             f
mean B0=54.4764 homogen=55297.1604
mean B0=74.025 homogen=37886.0078
mean B0=77.3322 homogen=32179.661
mean B0=86.6721 homogen=84217.4065
mean B0=67.2866 homogen=5132.359
mean B0=87.4875 homogen=103828.7909
mean B0=80.2944 homogen=45190.2565
mean B0=83.9433 homogen=69454.197
mean B0=67.1374 homogen=5752.2893
mean B0=87.1493 homogen=106289.1323
mean B0=84.4943 homogen=75309.2015
mean B0=67.2467 homogen=4849.1234
mean B0=77.0567 homogen=37079.3061
mean B0=78.0082 homogen=50200.3642
mean B0=74.8744 homogen=56049.646
mean B0=77.4877 homogen=31376.9514
mean B0=86.1221 homogen=114781.349
mean B0=76.8412 homogen=100946.1494
mean B0=74.9974 homogen=25012.9918
mean B0=87.506 homogen=104294.2294
mean B0=57.8016 homogen=47459.2068
mean B0=83.1638 homogen=80555.3542
mean B0=82.0296 homogen=56671.4334
mean B0=85.8426 homogen=106456.6557
mean B0=87.3966 homogen=95972.6306
mean B0=79.5818 homogen=41957.8133
mean B0=86.7596 homogen=97923.9759
mean B0=82.0552 homogen=55591.16
mean B0=72.8401 homogen=17730.3105
mean B0=71.4448 homogen=11865.0942
mean B0=87.4583 homogen=95475.8769
mean B0=72.3829 homogen=15956.5805
mean B0=82.1924 homogen=86804.5283
mean B0=74.6132 homogen=35886.1376
mean B0=82.8276 homogen=60894.5123
mean B0=76.4632 homogen=30128.0188
mean B0=75.0376 homogen=30503.6984
mean B0=79.0577 homogen=41500.0747
mean B0=77.4852 homogen=31302.6904
mean B0=80.2916 homogen=45179.4498
   273 |    10920 |     40 |  0.000000E+00 |  0.000000E+00 |  0.0000875388 |             f
mean B0=77.4944 homogen=31359.6407
mean B0=89.4089 homogen=109221.049
mean B0=82.1345 homogen=57103.8652
mean B0=75.6534 homogen=34913.9119
mean B0=87.6488 homogen=99078.3845
mean B0=70.137 homogen=27233.6901
mean B0=85.0143 homogen=78314.3128
mean B0=86.1063 homogen=84275.1657
mean B0=79.8108 homogen=43724.8143
mean B0=74.7591 homogen=37647.0611
mean B0=72.9116 homogen=19670.2991
mean B0=77.8976 homogen=32663.4601
mean B0=61.0273 homogen=208313.0639
mean B0=70.6417 homogen=10681.516
mean B0=57.0993 homogen=199083.6929
mean B0=68.9361 homogen=8330.6497
mean B0=85.4322 homogen=81753.6541
mean B0=88.7306 homogen=122127.3713
mean B0=86.0842 homogen=108523.5976
mean B0=76.1236 homogen=31134.1411
mean B0=86.2378 homogen=89891.2527
mean B0=79.6974 homogen=55742.2279
mean B0=78.3931 homogen=35940.2166
mean B0=85.1953 homogen=82049.7854
mean B0=76.6666 homogen=31219.9528
mean B0=72.7434 homogen=30810.5164
mean B0=86.8501 homogen=97318.8861
mean B0=87.1678 homogen=100445.0882
mean B0=87.5949 homogen=105173.7376
mean B0=75.9288 homogen=40183.6517
mean B0=55.8213 homogen=51150.5195
mean B0=68.2143 homogen=278531.0497
mean B0=73.1036 homogen=27479.9399
mean B0=84.4943 homogen=75309.2015
mean B0=67.6013 homogen=7266.4767
mean B0=81.3164 homogen=58221.9875
mean B0=79.0169 homogen=38562.1137
mean B0=88.7306 homogen=122127.3713
mean B0=80.1768 homogen=40059.2398
mean B0=83.2489 homogen=67164.2421
   274 |    10960 |     40 |  0.000000E+00 |  0.000000E+00 |  0.0064504225 |             f
mean B0=76.5382 homogen=57505.0871
mean B0=79.9039 homogen=43831.7117
mean B0=69.2389 homogen=8369.9883
mean B0=88.7288 homogen=122129.2301
mean B0=87.9195 homogen=108910.6375
mean B0=73.0357 homogen=33929.8738
mean B0=87.9179 homogen=113856.5043
mean B0=78.4554 homogen=35730.0571
mean B0=55.2479 homogen=56071.1854
mean B0=77.2588 homogen=29791.9809
mean B0=87.4456 homogen=103393.2613
mean B0=77.1318 homogen=34457.5076
mean B0=73.1518 homogen=26396.7476
mean B0=69.1782 homogen=8981.1406
mean B0=78.7888 homogen=37553.1672
mean B0=85.7803 homogen=87665.4985
mean B0=56.6816 homogen=133015.3774
mean B0=86.1063 homogen=84275.1657
mean B0=85.379 homogen=80860.6285
mean B0=81.9587 homogen=55151.9091
mean B0=74.4333 homogen=41486.0758
mean B0=83.8744 homogen=69827.2847
mean B0=78.7075 homogen=43885.1428
mean B0=87.4743 homogen=95634.0966
mean B0=83.2562 homogen=67358.9056
mean B0=70.9309 homogen=41901.7172
mean B0=67.6059 homogen=7733.4323
mean B0=85.6857 homogen=84133.3301
mean B0=72.1719 homogen=15117.4024
mean B0=85.5302 homogen=89242.773
mean B0=80.8303 homogen=52540.5739
mean B0=74.5916 homogen=27380.5893
mean B0=83.2957 homogen=65574.3757
mean B0=76.1882 homogen=29035.3383
mean B0=72.841 homogen=39626.2347
mean B0=76.8215 homogen=36185.4005
mean B0=85.8465 homogen=74101.4273
mean B0=73.9786 homogen=20136.4443
mean B0=57.5376 homogen=53069.4811
mean B0=84.0415 homogen=69924.6908
   275 |    11000 |     40 |  0.000000E+00 |  0.000000E+00 |  0.0021335759 |             f
mean B0=82.1346 homogen=57090.5274
mean B0=84.582 homogen=74204.8117
mean B0=79.0169 homogen=38561.9069
mean B0=69.8577 homogen=11217.6498
mean B0=78.8393 homogen=37831.9458
mean B0=74.3785 homogen=25658.2748
mean B0=85.0143 homogen=78314.3128
mean B0=75.8916 homogen=37000.3911
mean B0=76.9759 homogen=32707.8701
mean B0=76.9997 homogen=31827.9164
mean B0=78.4943 homogen=50695.7292
mean B0=70.7945 homogen=15329.7557
mean B0=82.8053 homogen=60591.5849
mean B0=74.1837 homogen=39650.6808
mean B0=70.6805 homogen=21754.243
mean B0=86.3234 homogen=101531.7237
mean B0=83.132 homogen=63237.6995
mean B0=78.7999 homogen=97419.0237
mean B0=87.8542 homogen=108181.9377
mean B0=65.2665 homogen=27473.9087
mean B0=72.3161 homogen=15684.8418
mean B0=85.7077 homogen=84481.063
mean B0=83.9439 homogen=69457.5151
mean B0=79.0238 homogen=33039.7093
mean B0=77.9855 homogen=42089.4685
mean B0=76.1732 homogen=29475.3992
mean B0=72.9009 homogen=19620.1008
mean B0=87.2522 homogen=101430.7379
mean B0=70.7481 homogen=59222.4312
mean B0=82.6863 homogen=78061.7265
mean B0=76.3488 homogen=47832.5435
mean B0=73.1419 homogen=18641.1165
mean B0=70.3225 homogen=33946.4523
mean B0=73.3742 homogen=51682.0847
mean B0=68.8541 homogen=28817.5287
mean B0=89.8813 homogen=114599.0514
mean B0=88.2771 homogen=104798.697
mean B0=75.6839 homogen=26360.6597
mean B0=83.3418 homogen=66049.8059
mean B0=86.8134 homogen=98113.9399
   276 |    11040 |     40 |  0.000000E+00 |  0.000000E+00 |  0.0031754617 |             f
mean B0=84.0408 homogen=69926.4469
mean B0=78.5831 homogen=36345.908
mean B0=83.9439 homogen=69453.6311
mean B0=69.0776 homogen=8802.3174
mean B0=65.2952 homogen=34051.9113
mean B0=74.8223 homogen=42871.6457
mean B0=75.7462 homogen=29206.6989
mean B0=73.4611 homogen=21446.3677
mean B0=77.8466 homogen=33626.9987
mean B0=84.9441 homogen=77647.8683
mean B0=76.1466 homogen=41008.9876
mean B0=87.1282 homogen=93540.0581
mean B0=84.1704 homogen=74913.127
mean B0=74.9618 homogen=31476.0035
mean B0=72.7713 homogen=31383.712
mean B0=87.4743 homogen=95634.0966
mean B0=79.2661 homogen=48710.932
mean B0=88.8552 homogen=102286.4031
mean B0=82.4892 homogen=89512.7918
mean B0=75.3291 homogen=32348.1279
mean B0=86.1057 homogen=84273.8158
mean B0=80.3576 homogen=45562.0092
mean B0=81.9593 homogen=55160.1263
mean B0=83.1672 homogen=64758.7351
mean B0=84.8614 homogen=90382.7318
mean B0=72.245 homogen=27437.1371
mean B0=75.6298 homogen=27424.8976
mean B0=77.6677 homogen=32213.7027
mean B0=84.4218 homogen=72827.1703
mean B0=67.3002 homogen=5315.7525
mean B0=78.4911 homogen=35980.5028
mean B0=71.009 homogen=14688.2618
mean B0=86.5253 homogen=97004.352
mean B0=76.5907 homogen=42054.6435
mean B0=66.7931 homogen=27549.887
mean B0=79.582 homogen=41967.2771
mean B0=82.0182 homogen=87841.0938
mean B0=84.5847 homogen=74210.8533
mean B0=79.4537 homogen=41270.1849
mean B0=90.3102 homogen=102422.2259
   277 |    11080 |     40 |  0.000000E+00 |  0.000000E+00 |  0.0016861186 |             f
mean B0=88.2415 homogen=96116.3773
mean B0=78.5564 homogen=58488.3564
mean B0=75.0039 homogen=24983.6082
mean B0=77.8974 homogen=33859.1961
mean B0=69.3789 homogen=12642.1609
mean B0=71.4397 homogen=68400.9303
mean B0=71.849 homogen=37320.7326
mean B0=74.029 homogen=20270.9535
mean B0=46.5711 homogen=368127.8333
mean B0=85.2895 homogen=80456.4883
mean B0=68.9782 homogen=8366.7255
mean B0=84.9032 homogen=102484.3029
mean B0=53.1223 homogen=65139.2454
mean B0=81.9587 homogen=55151.9091
mean B0=80.549 homogen=47487.9149
mean B0=74.3779 homogen=28669.2711
mean B0=73.9481 homogen=24193.1885
mean B0=83.9431 homogen=69447.658
mean B0=81.0074 homogen=50063.0163
mean B0=78.5271 homogen=105090.4609
mean B0=85.4269 homogen=88212.1663
mean B0=80.8383 homogen=65813.7095
mean B0=79.4537 homogen=41270.1849
mean B0=79.461 homogen=40828.6352
mean B0=80.726 homogen=54936.4937
mean B0=80.0274 homogen=114142.9972
mean B0=82.1514 homogen=57208.8314
mean B0=76.6145 homogen=31057.2546
mean B0=80.4898 homogen=46304.7206
mean B0=82.7561 homogen=61096.6309
mean B0=67.6423 homogen=141293.5936
mean B0=78.3298 homogen=35123.3498
mean B0=87.9524 homogen=109267.6335
mean B0=71.0145 homogen=13766.3902
mean B0=77.304 homogen=48393.2253
mean B0=73.4122 homogen=22412.0464
mean B0=82.7641 homogen=61309.2344
mean B0=77.3325 homogen=32466.6662
mean B0=85.138 homogen=78569.3272
mean B0=78.0167 homogen=33726.316
   278 |    11120 |     40 |  0.000000E+00 |  0.000000E+00 |  0.0024981527 |             f
mean B0=79.2381 homogen=39692.9231
mean B0=82.3144 homogen=72645.3526
mean B0=83.0759 homogen=63105.7955
mean B0=73.2939 homogen=19048.9812
mean B0=86.8021 homogen=116895.5627
mean B0=83.8733 homogen=68125.3154
mean B0=80.2561 homogen=45220.6425
mean B0=84.7926 homogen=66919.9708
mean B0=69.018 homogen=8629.3629
mean B0=83.3418 homogen=66049.8059
mean B0=75.0039 homogen=24983.6082
mean B0=61.254 homogen=196489.3574
mean B0=72.6542 homogen=36533.5785
mean B0=84.4016 homogen=105722.3735
mean B0=69.26 homogen=8665.4454
mean B0=72.1728 homogen=15116.9799
mean B0=71.0074 homogen=13836.7374
mean B0=75.2066 homogen=34184.3722
mean B0=75.8619 homogen=43509.1191
mean B0=82.2014 homogen=53888.3083
mean B0=87.4179 homogen=95092.9912
mean B0=71.0198 homogen=14190.2611
mean B0=86.8332 homogen=97249.2671
mean B0=73.8827 homogen=19947.4004
mean B0=89.8808 homogen=114592.9441
mean B0=81.0497 homogen=50328.7895
mean B0=76.2512 homogen=29184.9477
mean B0=85.8382 homogen=109255.9358
mean B0=86.1441 homogen=88705.8447
mean B0=84.4218 homogen=72827.1703
mean B0=71.0338 homogen=11204.1578
mean B0=81.3963 homogen=52762.2821
mean B0=89.465 homogen=111950.5407
mean B0=70.626 homogen=12917.0718
mean B0=67.2775 homogen=5090.9807
mean B0=65.1091 homogen=17335.9863
mean B0=79.0278 homogen=38618.2419
mean B0=87.5517 homogen=104544.6473
mean B0=82.5079 homogen=76814.6295
mean B0=87.0937 homogen=88662.2077
   279 |    11160 |     40 |  0.000000E+00 |  0.000000E+00 |  0.0039195366 |             f
mean B0=76.2512 homogen=29184.9477
mean B0=62.0812 homogen=178451.6068
mean B0=74.6657 homogen=66996.4997
mean B0=73.9906 homogen=20249.6446
mean B0=86.5672 homogen=102663.075
mean B0=80.3576 homogen=45562.0092
mean B0=71.0603 homogen=13474.5722
mean B0=71.7447 homogen=23698.5061
mean B0=87.9524 homogen=109267.0215
mean B0=70.3118 homogen=278274.1835
mean B0=81.4026 homogen=52800.562
mean B0=88.8622 homogen=107882.3559
mean B0=75.5909 homogen=26027.3707
mean B0=70.6013 homogen=17858.2567
mean B0=84.3492 homogen=72576.6306
mean B0=79.9727 homogen=43663.0742
mean B0=74.9463 homogen=36924.6449
mean B0=84.4273 homogen=74373.7603
mean B0=83.9431 homogen=69447.658
mean B0=72.3405 homogen=17403.7375
mean B0=76.1892 homogen=29041.4931
mean B0=78.7226 homogen=97824.0093
mean B0=78.3659 homogen=108326.1276
mean B0=88.0598 homogen=111388.0794
mean B0=83.924 homogen=69309.2987
mean B0=72.413 homogen=16081.8266
mean B0=87.2154 homogen=93041.6708
mean B0=79.9525 homogen=43413.0131
mean B0=87.4876 homogen=103825.0239
mean B0=87.5638 homogen=104695.6911
mean B0=80.148 homogen=50397.9028
mean B0=79.2177 homogen=45730.9158
mean B0=64.956 homogen=181791.1095
mean B0=68.8149 homogen=12331.5298
mean B0=85.0849 homogen=78456.1694
mean B0=66.4595 homogen=233361.5425
mean B0=76.1014 homogen=33440.304
mean B0=67.1043 homogen=6235.6564
mean B0=60.8663 homogen=238795.001
mean B0=72.3699 homogen=14437.7339
   280 |    11200 |     40 |  0.000000E+00 |  0.000000E+00 |  0.0019177440 |             f
mean B0=78.4555 homogen=35728.9927
mean B0=67.0707 homogen=5859.3389
mean B0=88.5761 homogen=120327.1197
mean B0=78.1556 homogen=48577.8246
mean B0=80.4825 homogen=47600.8609
mean B0=67.6062 homogen=12834.3451
mean B0=89.5605 homogen=110905.5719
mean B0=70.2506 homogen=15821.7416
mean B0=87.5636 homogen=104708.1461
mean B0=86.4963 homogen=93239.7652
mean B0=72.856 homogen=32852.2285
mean B0=75.6112 homogen=41754.4874
mean B0=80.4771 homogen=107657.7412
mean B0=87.907 homogen=108752.3888
mean B0=72.9607 homogen=26801.0208
mean B0=87.1707 homogen=100446.924
mean B0=76.6362 homogen=39414.2824
mean B0=79.9562 homogen=43403.5939
mean B0=72.2486 homogen=28581.697
mean B0=80.826 homogen=70939.1703
mean B0=82.8053 homogen=60591.8091
mean B0=76.3998 homogen=29613.2975
mean B0=66.6985 homogen=248904.2172
mean B0=81.8205 homogen=72567.684
mean B0=87.8798 homogen=108571.0511
mean B0=82.1514 homogen=57208.8314
mean B0=87.1094 homogen=101160.566
mean B0=89.7999 homogen=114495.9237
mean B0=67.6185 homogen=7093.1063
mean B0=80.8668 homogen=48965.6851
mean B0=70.599 homogen=27845.4318
mean B0=85.6895 homogen=90582.344
mean B0=78.4066 homogen=35619.2501
mean B0=71.0716 homogen=16899.1076
mean B0=73.3679 homogen=23459.6716
mean B0=73.4008 homogen=19251.0069
mean B0=76.8852 homogen=54185.7423
mean B0=83.9199 homogen=69331.1699
mean B0=81.3566 homogen=57195.715
mean B0=77.1152 homogen=34537.1131
   281 |    11240 |     40 |  0.000000E+00 |  0.000000E+00 |  0.0045311978 |             f
mean B0=89.881 homogen=114590.8477
mean B0=82.6485 homogen=60243.1165
mean B0=83.1118 homogen=62552.6013
mean B0=71.0752 homogen=14815.1523
mean B0=89.7229 homogen=112781.45
mean B0=72.3634 homogen=32944.5038
mean B0=78.4066 homogen=35619.2501
mean B0=79.5958 homogen=47576.8554
mean B0=56.0788 homogen=68667.3021
mean B0=74.7108 homogen=25631.1049
mean B0=78.6613 homogen=43305.1502
mean B0=78.3141 homogen=35067.4326
mean B0=74.029 homogen=20271.0435
mean B0=73.6253 homogen=240658.1165
mean B0=87.3764 homogen=102735.483
mean B0=83.5145 homogen=103038.283
mean B0=68.0686 homogen=12142.4018
mean B0=87.4158 homogen=93980.9372
mean B0=84.2628 homogen=82928.4669
mean B0=72.1687 homogen=15500.5643
mean B0=63.3662 homogen=197012.7241
mean B0=84.5883 homogen=74781.7728
mean B0=80.2722 homogen=45164.7227
mean B0=80.8859 homogen=49668.6102
mean B0=86.3239 homogen=101537.5982
mean B0=73.6111 homogen=39277.9069
mean B0=86.2458 homogen=89832.6684
mean B0=90.336 homogen=96457.5063
mean B0=74.5585 homogen=22856.0723
mean B0=66.4903 homogen=25592.029
mean B0=74.1081 homogen=20152.5951
mean B0=81.9398 homogen=70204.0712
mean B0=85.0143 homogen=78314.5299
mean B0=72.8236 homogen=38656.3809
mean B0=68.9589 homogen=8066.4152
mean B0=76.4268 homogen=32881.2644
mean B0=88.2586 homogen=116726.9441
mean B0=78.3499 homogen=42945.4597
mean B0=78.1004 homogen=34292.3849
mean B0=68.9431 homogen=8013.7575
   282 |    11280 |     40 |  0.000000E+00 |  0.000000E+00 |  0.0036739163 |             f
mean B0=81.9588 homogen=55152.412
mean B0=83.1118 homogen=62555.4511
mean B0=72.4103 homogen=16070.0944
mean B0=85.3955 homogen=88720.8833
mean B0=83.329 homogen=72365.1063
mean B0=81.4403 homogen=67644.4383
mean B0=88.7253 homogen=122060.317
mean B0=86.0599 homogen=89117.859
mean B0=81.0149 homogen=50029.3928
mean B0=78.4133 homogen=35496.8929
mean B0=71.7684 homogen=14929.7587
mean B0=88.3361 homogen=117575.3302
mean B0=74.9924 homogen=42838.4479
mean B0=75.5909 homogen=26027.3707
mean B0=80.4748 homogen=47563.6783
mean B0=76.7174 homogen=32283.8935
mean B0=87.8871 homogen=109420.4185
mean B0=84.3535 homogen=72619.9343
mean B0=68.9192 homogen=12640.7033
mean B0=74.3612 homogen=26646.5743
mean B0=87.4744 homogen=95629.573
mean B0=75.0036 homogen=24972.8109
mean B0=79.0138 homogen=29844.1894
mean B0=72.9077 homogen=52174.4896
mean B0=77.0312 homogen=38723.3667
mean B0=70.6261 homogen=12923.0261
mean B0=88.5814 homogen=120392.7016
mean B0=76.5969 homogen=32693.9321
mean B0=80.2639 homogen=45031.7978
mean B0=77.1293 homogen=33390.302
mean B0=73.6 homogen=18813.614
mean B0=79.8786 homogen=42985.998
mean B0=80.1778 homogen=111643.5631
mean B0=83.924 homogen=69309.2987
mean B0=86.1133 homogen=84342.6446
mean B0=72.4459 homogen=44953.7268
mean B0=53.9541 homogen=71557.9384
mean B0=87.4458 homogen=103348.2879
mean B0=69.7975 homogen=17265.8311
mean B0=82.328 homogen=59119.5215
   283 |    11320 |     40 |  0.000000E+00 |  0.000000E+00 |  0.0031309264 |             f
mean B0=56.9481 homogen=47087.5691
mean B0=76.1411 homogen=31559.6563
mean B0=87.2801 homogen=102984.7495
mean B0=87.4911 homogen=108432.7498
mean B0=72.413 homogen=16082.5517
mean B0=87.5052 homogen=104031.5175
mean B0=84.9646 homogen=78393.7752
mean B0=83.067 homogen=118357.4492
mean B0=86.2502 homogen=89884.0889
mean B0=71.9116 homogen=97115.0676
mean B0=59.0267 homogen=228762.0312
mean B0=87.6124 homogen=96048.3562
mean B0=84.1893 homogen=104925.1602
mean B0=71.0752 homogen=14815.1523
mean B0=75.5772 homogen=25969.2203
mean B0=80.1136 homogen=48546.2413
mean B0=68.3345 homogen=9563.4246
mean B0=64.4853 homogen=199082.6656
mean B0=77.7702 homogen=32243.9052
mean B0=87.1966 homogen=92927.0902
mean B0=81.5382 homogen=53794.6679
mean B0=75.4705 homogen=27843.7331
mean B0=83.25 homogen=64653.7628
mean B0=80.5326 homogen=46721.053
mean B0=84.5883 homogen=74781.7728
mean B0=88.0436 homogen=111181.5191
mean B0=78.9619 homogen=44535.2835
mean B0=79.514 homogen=36317.2755
mean B0=76.713 homogen=32258.3953
mean B0=77.2605 homogen=35398.6045
mean B0=77.083 homogen=33078.6312
mean B0=78.6581 homogen=43264.9838
mean B0=75.063 homogen=23323.0453
mean B0=73.6 homogen=18813.614
mean B0=76.2022 homogen=29086.2941
mean B0=58.424 homogen=221566.0352
mean B0=69.8087 homogen=11618.7454
mean B0=87.5638 homogen=104695.6911
mean B0=72.5951 homogen=43019.96
mean B0=86.1345 homogen=84460.4645
   284 |    11360 |     40 |  0.000000E+00 |  0.000000E+00 |  0.0031913432 |             f
mean B0=78.7977 homogen=42742.6972
mean B0=84.8976 homogen=67581.6027
mean B0=74.3413 homogen=62281.3898
mean B0=77.8805 homogen=50880.0522
mean B0=87.1631 homogen=102964.7234
mean B0=73.5363 homogen=19829.4071
mean B0=78.791 homogen=31414.3964
mean B0=53.1289 homogen=65036.9286
mean B0=68.8824 homogen=7971.1761
mean B0=87.5992 homogen=110848.1681
mean B0=87.3206 homogen=94166.4608
mean B0=83.9089 homogen=69177.5631
mean B0=86.24 homogen=89773.7854
mean B0=67.6189 homogen=7063.6768
mean B0=87.017 homogen=97023.1428
mean B0=83.924 homogen=69309.2987
mean B0=77.2642 homogen=40092.9831
mean B0=88.6558 homogen=121226.1386
mean B0=75.566 homogen=25934.9968
mean B0=79.8592 homogen=82216.7365
mean B0=68.9361 homogen=8331.237
mean B0=84.3677 homogen=80293.9321
mean B0=74.3875 homogen=38390.9396
mean B0=74.7712 homogen=37684.9688
mean B0=74.551 homogen=22392.4106
mean B0=55.5317 homogen=54831.5738
mean B0=84.5883 homogen=74781.7728
mean B0=79.4541 homogen=40796.7518
mean B0=72.4792 homogen=16198.8323
mean B0=78.894 homogen=38114.3252
mean B0=85.1603 homogen=79442.5222
mean B0=83.1276 homogen=62677.7449
mean B0=56.6206 homogen=54042.8818
mean B0=69.2938 homogen=8433.6698
mean B0=89.8799 homogen=114581.7057
mean B0=81.5382 homogen=53794.6679
mean B0=68.2227 homogen=125816.0056
mean B0=84.5677 homogen=74685.2169
mean B0=76.2128 homogen=29109.19
mean B0=77.7761 homogen=40284.5004
   285 |    11400 |     40 |  0.000000E+00 |  0.000000E+00 |  0.0011961528 |             f
mean B0=78.7775 homogen=37465.152
mean B0=82.6463 homogen=60198.3547
mean B0=87.1497 homogen=103375.9292
mean B0=54.4733 homogen=92692.7222
mean B0=78.6049 homogen=37012.4023
mean B0=87.7915 homogen=107953.9935
mean B0=80.5093 homogen=46556.4936
mean B0=73.1207 homogen=20698.9094
mean B0=83.1171 homogen=59645.6673
mean B0=83.7889 homogen=72220.0197
mean B0=72.3704 homogen=14433.0253
mean B0=88.1189 homogen=116778.9007
mean B0=68.8824 homogen=7971.1761
mean B0=69.2978 homogen=8718.954
mean B0=47.108 homogen=115195.1022
mean B0=86.7226 homogen=116084.6446
mean B0=87.4106 homogen=95442.0514
mean B0=81.6869 homogen=63057.3273
mean B0=87.4799 homogen=109318.9196
mean B0=74.4852 homogen=24898.6935
mean B0=81.1333 homogen=50611.8477
mean B0=67.2841 homogen=8271.2657
mean B0=74.7664 homogen=23314.3478
mean B0=79.3456 homogen=35172.2588
mean B0=75.7252 homogen=26566.0218
mean B0=79.4921 homogen=41051.5522
mean B0=76.2261 homogen=29223.211
mean B0=82.6817 homogen=64557.057
mean B0=71.208 homogen=40915.3802
mean B0=75.5772 homogen=25969.5612
mean B0=72.8398 homogen=18446.3334
mean B0=56.9464 homogen=46344.5479
mean B0=58.3034 homogen=44595.2866
mean B0=86.5273 homogen=89966.3131
mean B0=78.4208 homogen=35573.9908
mean B0=88.2029 homogen=95617.2019
mean B0=83.5913 homogen=67009.3414
mean B0=72.7639 homogen=16632.4203
mean B0=83.1061 homogen=62855.3266
mean B0=68.3808 homogen=7569.2606
   286 |    11440 |     40 |  0.000000E+00 |  0.000000E+00 |  0.0041902351 |             f
mean B0=69.4388 homogen=9761.251
mean B0=76.2263 homogen=29224.4769
mean B0=84.6355 homogen=114113.077
mean B0=74.8442 homogen=41997.3488
mean B0=89.4739 homogen=109957.6162
mean B0=88.715 homogen=121933.5807
mean B0=72.5716 homogen=16794.6187
mean B0=79.4973 homogen=102848.2767
mean B0=79.1755 homogen=39630.2706
mean B0=71.6174 homogen=183590.7543
mean B0=76.453 homogen=34039.9376
mean B0=77.6093 homogen=36216.711
mean B0=86.5576 homogen=90016.9438
mean B0=79.2524 homogen=86683.6763
mean B0=86.8247 homogen=97567.3639
mean B0=84.0389 homogen=52698.8892
mean B0=83.1404 homogen=63571.3934
mean B0=56.0074 homogen=50186.8947
mean B0=86.8292 homogen=97074.7474
mean B0=46.3004 homogen=88323.5394
mean B0=82.8877 homogen=72197.4723
mean B0=72.7633 homogen=16628.0142
mean B0=74.0012 homogen=31333.3779
mean B0=77.8732 homogen=34443.6172
mean B0=86.7439 homogen=116202.4725
mean B0=57.4215 homogen=39531.7891
mean B0=66.8559 homogen=10391.0811
mean B0=81.4752 homogen=53278.3559
mean B0=81.803 homogen=71706.3392
mean B0=70.8273 homogen=14379.2241
mean B0=74.9748 homogen=39038.013
mean B0=78.305 homogen=35192.307
mean B0=87.1653 homogen=92977.5298
mean B0=72.9564 homogen=40742.5088
mean B0=80.4302 homogen=46270.8129
mean B0=82.9593 homogen=63437.9342
mean B0=86.5761 homogen=94973.6867
mean B0=74.7664 homogen=23314.3478
mean B0=83.7147 homogen=58187.6741
mean B0=74.2668 homogen=46445.7707
   287 |    11480 |     40 |  0.000000E+00 |  0.000000E+00 |  0.0019625004 |             f
mean B0=83.3058 homogen=64416.7651
mean B0=89.7711 homogen=122549.1282
mean B0=72.42 homogen=23087.5156
mean B0=87.6438 homogen=105595.2128
mean B0=80.7965 homogen=59691.4694
mean B0=82.1086 homogen=49893.3973
mean B0=70.6281 homogen=10645.1474
mean B0=81.8925 homogen=55377.6045
mean B0=70.4115 homogen=43277.9668
mean B0=78.8625 homogen=38010.7048
mean B0=78.3054 homogen=35198.1561
mean B0=79.3159 homogen=43945.5574
mean B0=73.6263 homogen=209498.6363
mean B0=80.5093 homogen=46556.4936
mean B0=80.429 homogen=46262.7724
mean B0=88.9073 homogen=124300.1688
mean B0=74.2007 homogen=59938.0315
mean B0=78.7194 homogen=261686.4183
mean B0=73.1627 homogen=18696.1451
mean B0=74.7307 homogen=82074.5345
mean B0=84.1937 homogen=71737.2166
mean B0=70.9005 homogen=15285.7654
mean B0=71.5585 homogen=22500.9835
mean B0=89.1548 homogen=109793.1484
mean B0=61.842 homogen=175465.3082
mean B0=55.5433 homogen=81016.5869
mean B0=82.3407 homogen=59179.2316
mean B0=67.2903 homogen=5168.4825
mean B0=83.827 homogen=61556.4704
mean B0=76.2409 homogen=29370.2231
mean B0=76.6173 homogen=227689.0415
mean B0=68.933 homogen=13267.848
mean B0=79.4603 homogen=35770.1022
mean B0=68.3808 homogen=7569.2606
mean B0=86.1077 homogen=84281.7591
mean B0=87.7065 homogen=107150.5684
mean B0=79.024 homogen=39012.7769
mean B0=87.7915 homogen=107953.9935
mean B0=84.9235 homogen=78312.3487
mean B0=78.6445 homogen=46206.8314
   288 |    11520 |     40 |  0.000000E+00 |  0.000000E+00 |  0.0081608102 |         ideal
mean B0=65.0901 homogen=14906.1575
mean B0=84.7016 homogen=75728.9542
mean B0=76.0289 homogen=26394.381
mean B0=86.4771 homogen=95154.2633
mean B0=84.5101 homogen=72344.0026
mean B0=83.824 homogen=68420.9955
mean B0=76.1231 homogen=35229.7983
mean B0=77.4465 homogen=35710.3185
mean B0=79.0815 homogen=43210.3874
mean B0=86.2365 homogen=89717.4224
mean B0=76.2359 homogen=29346.2686
mean B0=79.4921 homogen=41051.5522
mean B0=84.1938 homogen=71745.8357
mean B0=77.4889 homogen=34303.1827
mean B0=83.106 homogen=62854.8414
mean B0=76.2242 homogen=29212.3254
mean B0=85.436 homogen=98245.9693
mean B0=71.3795 homogen=43167.1396
mean B0=89.8262 homogen=113939.8121
mean B0=87.454 homogen=103803.7459
mean B0=58.7138 homogen=200305.2233
mean B0=87.745 homogen=107825.9539
mean B0=83.5985 homogen=102583.3049
mean B0=84.2744 homogen=69970.0967
mean B0=86.8864 homogen=92960.8866
mean B0=69.5097 homogen=9954.7514
mean B0=70.5296 homogen=36860.3147
mean B0=71.9923 homogen=13744.7031
mean B0=76.0185 homogen=30284.4334
mean B0=83.3192 homogen=64533.6032
mean B0=88.6592 homogen=121288.0711
mean B0=81.4752 homogen=53278.3559
mean B0=85.4038 homogen=71776.9242
mean B0=77.857 homogen=40888.5854
mean B0=68.4235 homogen=20508.4679
mean B0=77.7726 homogen=32228.7378
mean B0=68.7181 homogen=28857.1711
mean B0=85.895 homogen=89758.8602
mean B0=59.1439 homogen=267050.7186
mean B0=78.3821 homogen=35476.1391
   289 |    11560 |     40 |  0.000000E+00 |  0.000000E+00 |  0.0019255647 |             f
mean B0=79.4391 homogen=40791.702
mean B0=74.9364 homogen=41348.7621
mean B0=80.3428 homogen=58889.5588
mean B0=79.1025 homogen=39237.9461
mean B0=88.9821 homogen=125251.8137
mean B0=87.4876 homogen=103825.0239
mean B0=81.8526 homogen=59441.0362
mean B0=86.6797 homogen=95992.0493
mean B0=79.1213 homogen=39255.8197
mean B0=47.4228 homogen=101727.8052
mean B0=75.566 homogen=25932.8265
mean B0=84.1683 homogen=111650.0983
mean B0=62.4521 homogen=183675.6318
mean B0=72.2935 homogen=25908.4691
mean B0=85.1842 homogen=69827.9742
mean B0=85.8314 homogen=85872.489
mean B0=71.0075 homogen=14570.6958
mean B0=80.0477 homogen=38919.1762
mean B0=76.2407 homogen=29364.4016
mean B0=76.6778 homogen=44615.927
mean B0=67.29 homogen=5183.92
mean B0=74.5378 homogen=53502.155
mean B0=70.693 homogen=12909.8283
mean B0=85.9958 homogen=87155.1083
mean B0=84.6221 homogen=75083.3521
mean B0=83.106 homogen=62854.8414
mean B0=72.3064 homogen=15611.8777
mean B0=78.9843 homogen=38750.7731
mean B0=81.177 homogen=75453.4048
mean B0=69.3194 homogen=9412.5757
mean B0=80.6132 homogen=49127.7782
mean B0=67.9917 homogen=124650.2305
mean B0=84.1791 homogen=86294.1456
mean B0=77.8038 homogen=34932.8347
mean B0=85.7671 homogen=91804.5616
mean B0=82.1428 homogen=56566.6045
mean B0=69.0331 homogen=14035.9281
mean B0=86.687 homogen=115532.8341
mean B0=88.2586 homogen=116726.9441
mean B0=87.6367 homogen=96399.2881
   290 |    11600 |     40 |  0.000000E+00 |  0.000000E+00 |  0.0034409146 |         ideal
mean B0=77.6661 homogen=51306.5796
mean B0=69.5097 homogen=9954.7711
mean B0=67.2467 homogen=4848.8117
mean B0=86.2506 homogen=89880.672
mean B0=84.8809 homogen=76524.2081
mean B0=76.2409 homogen=29370.2231
mean B0=88.7251 homogen=106860.3779
mean B0=87.4441 homogen=103330.281
mean B0=89.4089 homogen=109221.049
mean B0=78.2144 homogen=35388.4462
mean B0=85.9572 homogen=90708.7839
mean B0=72.4691 homogen=23628.1542
mean B0=83.3011 homogen=73209.4317
mean B0=83.5913 homogen=67009.3414
mean B0=81.9614 homogen=55172.9132
mean B0=82.3408 homogen=59166.7254
mean B0=70.5698 homogen=23056.3159
mean B0=74.551 homogen=22392.4106
mean B0=70.9688 homogen=14154.3802
mean B0=71.1612 homogen=28975.0408
mean B0=87.667 homogen=106115.0376
mean B0=70.6281 homogen=10645.1474
mean B0=87.745 homogen=107825.9539
mean B0=80.429 homogen=46273.3083
mean B0=85.9246 homogen=83414.5358
mean B0=69.2944 homogen=114983.8417
mean B0=58.1245 homogen=150703.0854
mean B0=88.3024 homogen=117204.4726
mean B0=82.0666 homogen=67777.8889
mean B0=69.7429 homogen=9366.5966
mean B0=87.8048 homogen=86717.6274
mean B0=68.9495 homogen=13706.4923
mean B0=84.9657 homogen=68283.3737
mean B0=88.9821 homogen=125251.8137
mean B0=77.77 homogen=32242.1494
mean B0=80.6131 homogen=49131.0395
mean B0=75.7784 homogen=31163.5298
mean B0=79.4599 homogen=102887.6596
mean B0=47.6701 homogen=104920.5406
mean B0=80.4427 homogen=55075.7018
   291 |    11640 |     40 |  0.000000E+00 |  0.000000E+00 |  0.0017611711 |             f
mean B0=76.7034 homogen=29145.8206
mean B0=68.8406 homogen=28872.422
mean B0=67.0691 homogen=4960.0329
mean B0=86.717 homogen=103549.6334
mean B0=87.8555 homogen=109388.71
mean B0=84.6447 homogen=110298.8225
mean B0=67.0011 homogen=167300.7939
mean B0=86.4784 homogen=81850.3903
mean B0=80.7617 homogen=48339.8762
mean B0=83.0852 homogen=66002.4493
mean B0=78.2339 homogen=34790.2441
mean B0=68.9902 homogen=8138.2796
mean B0=82.365 homogen=59306.9999
mean B0=68.6384 homogen=32867.8491
mean B0=87.3283 homogen=94315.2725
mean B0=84.0885 homogen=69144.4054
mean B0=67.619 homogen=7070.3508
mean B0=76.1791 homogen=29223.0594
mean B0=83.5913 homogen=67020.3027
mean B0=80.9956 homogen=49866.7545
mean B0=85.9246 homogen=83411.8367
mean B0=72.7633 homogen=16628.9125
mean B0=87.6044 homogen=92237.7598
mean B0=76.8167 homogen=36275.4852
mean B0=69.0202 homogen=130712.5787
mean B0=75.2527 homogen=24226.8361
mean B0=82.4407 homogen=64862.9022
mean B0=82.4796 homogen=60232.1994
mean B0=84.536 homogen=73804.499
mean B0=87.0589 homogen=99693.9459
mean B0=76.1674 homogen=28854.0272
mean B0=67.9958 homogen=7481.4758
mean B0=75.5404 homogen=25784.6444
mean B0=87.6296 homogen=105655.9747
mean B0=77.4238 homogen=81850.6024
mean B0=79.4927 homogen=35900.904
mean B0=70.9688 homogen=14159.8877
mean B0=86.2438 homogen=89879.6846
mean B0=88.9819 homogen=125259.7326
mean B0=83.1261 homogen=63094.9142
   292 |    11680 |     40 |  0.000000E+00 |  0.000000E+00 |  0.0043859941 |             f
mean B0=87.234 homogen=114646.5156
mean B0=83.1261 homogen=63094.9142
mean B0=71.7684 homogen=14929.7587
mean B0=74.2416 homogen=35344.4371
mean B0=78.5226 homogen=44005.9874
mean B0=84.536 homogen=73804.499
mean B0=83.3654 homogen=74200.7251
mean B0=75.152 homogen=48540.8106
mean B0=53.9348 homogen=61173.998
mean B0=67.9406 homogen=9879.5949
mean B0=75.9657 homogen=79115.3444
mean B0=88.6217 homogen=120902.2932
mean B0=68.9513 homogen=8346.5229
mean B0=85.9891 homogen=83602.0516
mean B0=87.8852 homogen=108462.6578
mean B0=87.1967 homogen=92920.6305
mean B0=87.8612 homogen=109133.7712
mean B0=75.5462 homogen=25818.574
mean B0=74.551 homogen=22392.4106
mean B0=73.4943 homogen=19625.2027
mean B0=82.4985 homogen=60358.3115
mean B0=51.8775 homogen=331890.2447
mean B0=78.8625 homogen=38010.7048
mean B0=76.8138 homogen=62963.3004
mean B0=86.2356 homogen=101541.2091
mean B0=77.7726 homogen=32228.7378
mean B0=84.8804 homogen=77360.018
mean B0=67.1024 homogen=107586.0519
mean B0=74.7745 homogen=38080.2898
mean B0=75.886 homogen=32964.8697
mean B0=79.6972 homogen=45071.6633
mean B0=69.9856 homogen=125032.2751
mean B0=67.2857 homogen=5123.4746
mean B0=76.6881 homogen=38204.0834
mean B0=87.2078 homogen=93045.9454
mean B0=76.3548 homogen=212265.8125
mean B0=80.3828 homogen=45968.7842
mean B0=84.8752 homogen=76474.5777
mean B0=86.2506 homogen=89880.672
mean B0=73.8059 homogen=20558.4076
   293 |    11720 |     40 |  0.000000E+00 |  0.000000E+00 |  0.0018010692 |             f
mean B0=87.8871 homogen=109420.4185
mean B0=70.6695 homogen=12623.6981
mean B0=85.1673 homogen=107477.3363
mean B0=80.5832 homogen=47836.8865
mean B0=71.0813 homogen=39510.622
mean B0=49.7708 homogen=104686.723
mean B0=78.95 homogen=42866.3933
mean B0=71.971 homogen=26242.3257
mean B0=84.0561 homogen=83057.0771
mean B0=87.6296 homogen=105655.9747
mean B0=87.398 homogen=94865.4357
mean B0=69.4184 homogen=162998.4709
mean B0=81.0147 homogen=50017.2713
mean B0=73.7723 homogen=20394.5575
mean B0=74.5338 homogen=22245.6844
mean B0=87.1967 homogen=92926.8231
mean B0=88.624 homogen=120890.0162
mean B0=86.1036 homogen=89737.0316
mean B0=78.2087 homogen=34730.5028
mean B0=88.7037 homogen=121798.4977
mean B0=87.4876 homogen=103825.0239
mean B0=76.262 homogen=38189.8544
mean B0=79.2769 homogen=42389.7713
mean B0=72.9233 homogen=17620.142
mean B0=82.2683 homogen=63573.9283
mean B0=75.9422 homogen=59241.256
mean B0=67.0355 homogen=140563.4855
mean B0=72.9933 homogen=31505.0446
mean B0=76.4125 homogen=37604.8523
mean B0=83.5913 homogen=67020.3027
mean B0=84.2842 homogen=70035.3764
mean B0=78.7372 homogen=37263.6366
mean B0=88.2562 homogen=116874.39
mean B0=76.7385 homogen=29312.999
mean B0=70.9842 homogen=13806.9348
mean B0=78.8624 homogen=38012.7278
mean B0=76.2601 homogen=26636.515
mean B0=86.0692 homogen=83947.5007
mean B0=77.7978 homogen=32447.5147
mean B0=79.1396 homogen=39565.9545
   294 |    11760 |     40 |  0.000000E+00 |  0.000000E+00 |  0.0041420915 |             f
mean B0=70.1887 homogen=27833.9342
mean B0=84.4278 homogen=71000.0419
mean B0=88.1499 homogen=117223.7595
mean B0=78.1471 homogen=34281.2749
mean B0=72.7586 homogen=30515.9802
mean B0=87.8872 homogen=109417.9579
mean B0=79.412 homogen=44114.2049
mean B0=70.6449 homogen=32264.6822
mean B0=78.8295 homogen=37782.6595
mean B0=89.0161 homogen=125903.4295
mean B0=74.3536 homogen=22499.2831
mean B0=86.4225 homogen=93163.9168
mean B0=74.5804 homogen=26602.7175
mean B0=78.8659 homogen=45041.8645
mean B0=83.5921 homogen=67006.5789
mean B0=80.0032 homogen=45546.5216
mean B0=72.6741 homogen=16528.7008
mean B0=87.5105 homogen=96285.6618
mean B0=65.9652 homogen=220604.95
mean B0=77.3491 homogen=37532.055
mean B0=87.9252 homogen=108943.4876
mean B0=81.8109 homogen=54238.0781
mean B0=80.6749 homogen=47694.6323
mean B0=77.166 homogen=38149.781
mean B0=70.6404 homogen=31515.365
mean B0=57.7831 homogen=34432.9508
mean B0=71.7264 homogen=38604.2571
mean B0=71.4125 homogen=38261.9615
mean B0=85.8324 homogen=82630.1135
mean B0=72.9831 homogen=18232.4504
mean B0=75.5244 homogen=25718.8201
mean B0=78.3809 homogen=47491.2221
mean B0=84.624 homogen=76949.9342
mean B0=83.6732 homogen=74867.6806
mean B0=80.4275 homogen=46262.8671
mean B0=86.1706 homogen=91295.6707
mean B0=85.5601 homogen=98123.6509
mean B0=90.5965 homogen=126395.3083
mean B0=68.9902 homogen=8138.2796
mean B0=83.0933 homogen=65261.5094
   295 |    11800 |     40 |  0.000000E+00 |  0.000000E+00 |  0.0053828250 |         nadir
mean B0=88.1365 homogen=115314.6902
mean B0=77.9476 homogen=33013.3105
mean B0=80.7159 homogen=58016.9917
mean B0=76.1658 homogen=28869.0418
mean B0=87.5105 homogen=96289.7403
mean B0=86.6262 homogen=81052.5973
mean B0=75.4896 homogen=27864.5446
mean B0=78.4056 homogen=35915.7926
mean B0=76.734 homogen=29287.0525
mean B0=85.3036 homogen=79681.0369
mean B0=64.7436 homogen=30532.1179
mean B0=65.1515 homogen=238772.5796
mean B0=79.684 homogen=44614.6963
mean B0=69.7424 homogen=9368.7113
mean B0=68.5796 homogen=7370.5835
mean B0=86.7049 homogen=95261.4114
mean B0=73.5896 homogen=21516.4193
mean B0=80.6747 homogen=47693.8304
mean B0=76.5297 homogen=42318.9553
mean B0=87.1966 homogen=92926.1421
mean B0=83.6162 homogen=67192.9603
mean B0=81.6302 homogen=53124.4234
mean B0=43.6972 homogen=119675.7511
mean B0=75.5482 homogen=25813.1402
mean B0=80.251 homogen=34207.629
mean B0=83.8988 homogen=75934.2596
mean B0=76.9693 homogen=35039.9032
mean B0=77.4384 homogen=34894.8193
mean B0=89.0021 homogen=125865.1117
mean B0=77.896 homogen=32727.0456
mean B0=68.3003 homogen=251216.8218
mean B0=89.7174 homogen=112662.1838
mean B0=86.9147 homogen=98820.9502
mean B0=67.9944 homogen=7468.0975
mean B0=82.8921 homogen=61245.0975
mean B0=82.3477 homogen=58621.3652
mean B0=71.2004 homogen=13702.62
mean B0=83.1262 homogen=63100.8364
mean B0=55.6612 homogen=337035.4467
mean B0=88.6239 homogen=120891.9472
   296 |    11840 |     40 |  0.000000E+00 |  0.000000E+00 |  0.0026128530 |             f
mean B0=75.4299 homogen=31291.5114
mean B0=64.7094 homogen=210809.8093
mean B0=76.2346 homogen=251936.4232
mean B0=58.6156 homogen=275104.7315
mean B0=75.4146 homogen=25073.2889
mean B0=82.8103 homogen=61890.0129
mean B0=79.0002 homogen=38866.4647
mean B0=87.621 homogen=111018.4871
mean B0=74.5305 homogen=23058.19
mean B0=74.7816 homogen=45604.3203
mean B0=68.7292 homogen=281091.6407
mean B0=84.4049 homogen=74832.8879
mean B0=76.7404 homogen=82300.5281
mean B0=66.845 homogen=6312.7757
mean B0=79.2116 homogen=39562.4427
mean B0=71.3688 homogen=265279.1063
mean B0=63.9472 homogen=230955.3733
mean B0=88.6212 homogen=121104.8288
mean B0=86.692 homogen=96205.5837
mean B0=71.1075 homogen=13350.1403
mean B0=74.952 homogen=28560.5035
mean B0=77.9186 homogen=41614.0744
mean B0=74.9024 homogen=23267.6323
mean B0=84.1997 homogen=74905.9644
mean B0=69.8584 homogen=9701.671
mean B0=80.5036 homogen=47690.593
mean B0=67.1642 homogen=241595.6041
mean B0=82.2644 homogen=56941.2977
mean B0=67.2467 homogen=4848.8117
mean B0=85.8388 homogen=89731.1474
mean B0=88.701 homogen=121791.7253
mean B0=76.7866 homogen=230561.359
mean B0=79.7589 homogen=47021.2199
mean B0=68.9813 homogen=8120.1587
mean B0=83.1755 homogen=64037.6358
mean B0=79.684 homogen=44614.6963
mean B0=85.832 homogen=82625.876
mean B0=84.3782 homogen=70597.8671
mean B0=77.7539 homogen=32345.5543
mean B0=76.2618 homogen=29398.9479
   297 |    11880 |     40 |  0.000000E+00 |  0.000000E+00 |  0.0024060110 |             f
mean B0=78.22 homogen=34732.4851
mean B0=69.5411 homogen=8859.9613
mean B0=83.7639 homogen=89329.1041
mean B0=71.5505 homogen=14001.8813
mean B0=67.7991 homogen=29190.7547
mean B0=76.699 homogen=38910.6509
mean B0=89.4088 homogen=109225.7428
mean B0=74.6146 homogen=54375.5946
mean B0=78.7355 homogen=37260.747
mean B0=85.9039 homogen=102323.8046
mean B0=87.4756 homogen=96003.9499
mean B0=87.3386 homogen=94454.54
mean B0=77.7726 homogen=32228.7378
mean B0=84.8503 homogen=76460.8571
mean B0=73.5339 homogen=22091.2495
mean B0=74.5685 homogen=28452.8795
mean B0=87.7655 homogen=107441.3084
mean B0=73.8631 homogen=53995.1355
mean B0=74.6087 homogen=26316.0523
mean B0=79.616 homogen=44097.6349
mean B0=78.9458 homogen=40104.9501
mean B0=82.2057 homogen=56665.9311
mean B0=77.26 homogen=52678.2063
mean B0=78.4671 homogen=34373.1909
mean B0=83.1183 homogen=62241.7549
mean B0=87.639 homogen=109623.0778
mean B0=85.8321 homogen=92486.0169
mean B0=85.2624 homogen=79471.6081
mean B0=72.6756 homogen=16530.4771
mean B0=71.083 homogen=13644.3733
mean B0=73.1499 homogen=18634.1377
mean B0=84.2614 homogen=69853.4017
mean B0=81.6302 homogen=53124.4234
mean B0=82.2366 homogen=57792.3586
mean B0=83.4777 homogen=66387.2615
mean B0=57.7829 homogen=34426.4933
mean B0=84.821 homogen=80523.1122
mean B0=73.3356 homogen=41873.8325
mean B0=72.666 homogen=21249.5691
mean B0=74.2979 homogen=78031.878
   298 |    11920 |     40 |  0.000000E+00 |  0.000000E+00 |  0.0043056402 |             f
mean B0=88.9728 homogen=99876.8555
mean B0=82.8204 homogen=61846.7757
mean B0=81.8242 homogen=55556.7294
mean B0=77.6969 homogen=32691.833
mean B0=79.2769 homogen=42389.7713
mean B0=83.6162 homogen=67195.3333
mean B0=88.9514 homogen=111690.1334
mean B0=76.4718 homogen=61535.9609
mean B0=79.2072 homogen=45098.8312
mean B0=86.1057 homogen=84273.8158
mean B0=69.5411 homogen=8859.9613
mean B0=84.9111 homogen=78676.3437
mean B0=87.1966 homogen=92925.044
mean B0=84.3121 homogen=85382.7374
mean B0=85.5895 homogen=72297.8201
mean B0=87.9253 homogen=108939.4607
mean B0=72.3533 homogen=55621.7765
mean B0=87.7655 homogen=107441.3084
mean B0=83.2484 homogen=84270.5029
mean B0=77.2733 homogen=30900.4274
mean B0=66.1112 homogen=46747.5882
mean B0=72.6673 homogen=16545.3205
mean B0=79.7761 homogen=42787.3099
mean B0=56.1896 homogen=46288.6761
mean B0=84.4279 homogen=70997.5785
mean B0=69.8584 homogen=9703.3436
mean B0=67.2467 homogen=4848.8117
mean B0=80.6014 homogen=49398.6663
mean B0=72.7977 homogen=17038.6885
mean B0=66.1298 homogen=15950.8625
mean B0=73.8059 homogen=20558.4076
mean B0=68.96 homogen=8099.9122
mean B0=88.6241 homogen=120887.0505
mean B0=81.3517 homogen=54628.5849
mean B0=80.4271 homogen=46247.1006
mean B0=81.9588 homogen=55159.9233
mean B0=80.6866 homogen=42282.3726
mean B0=79.839 homogen=45462.3044
mean B0=78.1742 homogen=34250.579
mean B0=86.8149 homogen=125589.3933
   299 |    11960 |     40 |  0.000000E+00 |  0.000000E+00 |  0.0022470823 |             f
mean B0=86.2505 homogen=89878.6423
mean B0=64.8896 homogen=31856.4834
mean B0=73.6094 homogen=191022.6526
mean B0=87.9253 homogen=108938.7137
mean B0=84.6134 homogen=67059.2078
mean B0=72.6109 homogen=16643.8747
mean B0=67.2467 homogen=4849.0365
mean B0=73.8316 homogen=20737.1224
mean B0=73.805 homogen=20577.7286
mean B0=88.0895 homogen=114742.5514
mean B0=71.104 homogen=13340.5933
mean B0=90.1636 homogen=118329.0966
mean B0=82.1151 homogen=68248.489
mean B0=77.2733 homogen=30900.6204
mean B0=84.2614 homogen=69853.4017
mean B0=78.2287 homogen=255671.5732
mean B0=85.4346 homogen=78897.5574
mean B0=78.2938 homogen=35008.3496
mean B0=87.3207 homogen=94178.5259
mean B0=77.6247 homogen=33890.8574
mean B0=69.8584 homogen=9702.4388
mean B0=54.7689 homogen=72497.7839
mean B0=73.1813 homogen=26393.9469
mean B0=55.7694 homogen=69647.5465
mean B0=80.551 homogen=53797.2831
mean B0=68.9805 homogen=8135.3369
mean B0=81.3517 homogen=54630.295
mean B0=76.1404 homogen=28796.295
mean B0=77.7744 homogen=32214.0325
mean B0=83.6892 homogen=67775.4104
mean B0=72.6774 homogen=16547.4261
mean B0=82.1409 homogen=69006.6421
mean B0=87.5502 homogen=93494.4683
mean B0=75.4145 homogen=25068.8283
mean B0=71.8864 homogen=141210.2263
mean B0=68.5796 homogen=7366.2304
mean B0=87.3014 homogen=97347.8393
mean B0=87.6819 homogen=107329.7226
mean B0=75.2032 homogen=24146.6249
mean B0=78.9818 homogen=43375.4783
   300 |    12000 |     40 |  0.000000E+00 |  0.000000E+00 |  0.0029826823 |             f
mean B0=75.7915 homogen=28251.1257
mean B0=73.7324 homogen=55980.4936
mean B0=85.5647 homogen=86801.607
mean B0=74.8648 homogen=26795.0378
mean B0=75.0744 homogen=41571.2878
mean B0=81.0299 homogen=50102.2697
mean B0=77.5909 homogen=83847.5525
mean B0=83.907 homogen=69923.1919
mean B0=85.4346 homogen=78897.5574
mean B0=76.3681 homogen=32926.5669
mean B0=75.9204 homogen=54247.1684
mean B0=88.5141 homogen=120773.7918
mean B0=76.1407 homogen=28794.4604
mean B0=53.8819 homogen=212357.6561
mean B0=82.8375 homogen=61942.2098
mean B0=85.2974 homogen=88644.2646
mean B0=76.4721 homogen=38181.5785
mean B0=63.0558 homogen=114107.0055
mean B0=79.0475 homogen=49851.8869
mean B0=76.76 homogen=38595.623
mean B0=82.4765 homogen=58286.22
mean B0=89.5485 homogen=110866.6585
mean B0=87.0224 homogen=91466.203
mean B0=79.0872 homogen=41570.9724
mean B0=81.0776 homogen=99805.0372
mean B0=79.8241 homogen=45418.0743
mean B0=75.1828 homogen=60494.6372
mean B0=71.2004 homogen=13702.62
mean B0=78.9458 homogen=40104.9501
mean B0=87.3162 homogen=101871.5953
mean B0=88.4807 homogen=98739.5148
mean B0=68.5364 homogen=7324.1445
mean B0=76.7384 homogen=29315.797
mean B0=76.7997 homogen=44829.4217
mean B0=69.8434 homogen=9662.2051
mean B0=77.2518 homogen=38514.6392
mean B0=83.1401 homogen=109888.2274
mean B0=85.9966 homogen=103352.7846
mean B0=72.7135 homogen=39603.7882
mean B0=79.7482 homogen=88321.1218
   301 |    12040 |     40 |  0.000000E+00 |  0.000000E+00 |  0.0016176145 |             f
mean B0=85.5887 homogen=90224.0954
mean B0=75.595 homogen=56425.418
mean B0=82.4761 homogen=58282.5897
mean B0=89.018 homogen=125894.8713
mean B0=84.4792 homogen=64281.4645
mean B0=87.3916 homogen=94994.2855
mean B0=82.7898 homogen=84939.6846
mean B0=80.0151 homogen=39050.7123
mean B0=77.0906 homogen=33637.6473
mean B0=75.8108 homogen=25299.71
mean B0=84.4279 homogen=70997.9181
mean B0=81.3717 homogen=54694.473
mean B0=89.7738 homogen=113352.5229
mean B0=85.3669 homogen=79194.1001
mean B0=75.3085 homogen=24716.8528
mean B0=84.081 homogen=56158.1556
mean B0=54.9681 homogen=200159.1651
mean B0=71.2004 homogen=13702.62
mean B0=72.5486 homogen=36131.2896
mean B0=86.1832 homogen=89902.5473
mean B0=82.838 homogen=54804.0466
mean B0=88.8264 homogen=102651.8875
mean B0=83.6158 homogen=67201.9554
mean B0=83.9056 homogen=69931.4006
mean B0=84.5598 homogen=96100.3738
mean B0=79.6443 homogen=44395.8406
mean B0=74.7766 homogen=32729.395
mean B0=71.9658 homogen=19991.0807
mean B0=75.7015 homogen=30095.5203
mean B0=76.8399 homogen=29061.036
mean B0=84.8502 homogen=76461.2529
mean B0=68.3621 homogen=7153.0725
mean B0=69.1266 homogen=13400.8132
mean B0=67.2881 homogen=5148.1545
mean B0=72.5715 homogen=16112.5186
mean B0=69.5715 homogen=266683.4963
mean B0=64.7198 homogen=118618.0512
mean B0=77.7744 homogen=32214.0325
mean B0=83.4813 homogen=74243.3373
mean B0=85.469 homogen=122924.5532
   302 |    12080 |     40 |  0.000000E+00 |  0.000000E+00 |  0.0026173939 |             f
mean B0=67.2878 homogen=5140.1735
mean B0=78.817 homogen=40187.5419
mean B0=80.6343 homogen=52861.6205
mean B0=89.018 homogen=125894.8713
mean B0=83.1755 homogen=64041.0159
mean B0=80.0214 homogen=49739.73
mean B0=86.4002 homogen=96487.1911
mean B0=75.5482 homogen=25814.8563
mean B0=76.9946 homogen=37522.7305
mean B0=70.1167 homogen=24120.5158
mean B0=76.7515 homogen=41009.0302
mean B0=74.536 homogen=53820.9346
mean B0=77.9606 homogen=95709.9447
mean B0=68.8128 homogen=7986.2135
mean B0=85.131 homogen=97595.2012
mean B0=84.4537 homogen=71190.8592
mean B0=67.2467 homogen=4848.8117
mean B0=61.1662 homogen=241732.7205
mean B0=79.5185 homogen=49893.9381
mean B0=84.9789 homogen=77673.656
mean B0=83.8434 homogen=70265.9055
mean B0=84.3496 homogen=96388.521
mean B0=77.5632 homogen=31917.3747
mean B0=79.1029 homogen=85408.3319
mean B0=71.2004 homogen=13704.565
mean B0=89.2755 homogen=107870.5759
mean B0=73.8909 homogen=21128.1233
mean B0=72.7978 homogen=17036.9638
mean B0=70.1171 homogen=17574.9939
mean B0=74.832 homogen=42223.1067
mean B0=76.3999 homogen=30240.0405
mean B0=86.0025 homogen=87321.8289
mean B0=89.1475 homogen=106324.9367
mean B0=79.0418 homogen=43086.5586
mean B0=80.0276 homogen=38806.8113
mean B0=88.2304 homogen=116433.7191
mean B0=87.9253 homogen=108939.4607
mean B0=75.3513 homogen=42299.3206
mean B0=74.3377 homogen=20356.4437
mean B0=79.7056 homogen=44710.4485
   303 |    12120 |     40 |  0.000000E+00 |  0.000000E+00 |  0.0017358139 |             f
mean B0=84.9752 homogen=77395.4803
mean B0=78.3864 homogen=35432.1619
mean B0=74.6849 homogen=203311.0426
mean B0=74.1743 homogen=39917.4649
mean B0=86.2485 homogen=100939.7374
mean B0=76.1558 homogen=28741.5928
mean B0=67.2868 homogen=5142.5719
mean B0=69.8584 homogen=9703.3436
mean B0=78.7532 homogen=40021.0299
mean B0=87.5002 homogen=105099.9555
mean B0=74.3108 homogen=21317.0926
mean B0=76.274 homogen=40944.1897
mean B0=84.7214 homogen=82567.5744
mean B0=84.4095 homogen=62862.8063
mean B0=84.6816 homogen=65904.8435
mean B0=73.5412 homogen=20774.8194
mean B0=88.0892 homogen=114746.5983
mean B0=87.6819 homogen=107329.7226
mean B0=87.7579 homogen=121458.0825
mean B0=81.1752 homogen=53515.0086
mean B0=88.8798 homogen=124424.3792
mean B0=83.8223 homogen=69121.4761
mean B0=69.5787 homogen=17193.3799
mean B0=73.0849 homogen=75691.7107
mean B0=82.3965 homogen=57766.8034
mean B0=68.4293 homogen=7507.1282
mean B0=86.1018 homogen=89732.7852
mean B0=84.4537 homogen=71190.8592
mean B0=79.1524 homogen=41752.76
mean B0=83.0499 homogen=62234.9652
mean B0=71.1035 homogen=13340.4958
mean B0=75.1784 homogen=25994.1847
mean B0=74.6592 homogen=21871.7849
mean B0=72.5717 homogen=16109.9175
mean B0=83.8097 homogen=75162.804
mean B0=72.8905 homogen=17413.8801
mean B0=67.2467 homogen=4851.1953
mean B0=87.9253 homogen=108939.4607
mean B0=82.8228 homogen=54740.937
mean B0=77.0348 homogen=30086.9497
   304 |    12160 |     40 |  0.000000E+00 |  0.000000E+00 |  0.0033385962 |             f
mean B0=83.1755 homogen=64036.9476
mean B0=84.9807 homogen=78571.4686
mean B0=81.3717 homogen=54694.473
mean B0=57.7631 homogen=192025.6615
mean B0=86.8397 homogen=82632.3441
mean B0=88.0516 homogen=94149.1158
mean B0=85.8687 homogen=89011.9297
mean B0=87.8996 homogen=110230.4092
mean B0=73.7616 homogen=31273.6457
mean B0=73.9583 homogen=20834.2076
mean B0=75.218 homogen=43438.8226
mean B0=67.132 homogen=5764.4939
mean B0=73.5595 homogen=16107.1622
mean B0=66.3192 homogen=101495.8035
mean B0=74.0008 homogen=94732.7919
mean B0=72.7749 homogen=24070.235
mean B0=65.1544 homogen=25158.5679
mean B0=78.2141 homogen=34645.8364
mean B0=73.4849 homogen=23586.1448
mean B0=77.7222 homogen=31953.7959
mean B0=82.3965 homogen=57766.2562
mean B0=68.7569 homogen=7675.8307
mean B0=76.1558 homogen=28741.5928
mean B0=63.3391 homogen=206361.9757
mean B0=85.7023 homogen=95424.4783
mean B0=87.168 homogen=121723.472
mean B0=79.7073 homogen=43330.8945
mean B0=88.8005 homogen=123060.2021
mean B0=75.3322 homogen=26884.8102
mean B0=69.7465 homogen=9472.1949
mean B0=86.183 homogen=89452.301
mean B0=85.4407 homogen=78915.8656
mean B0=88.6097 homogen=121349.0869
mean B0=83.2564 homogen=80256.4992
mean B0=79.9188 homogen=38232.8682
mean B0=82.9051 homogen=55453.4857
mean B0=67.2866 homogen=5141.7918
mean B0=83.6913 homogen=67895.4774
mean B0=78.3014 homogen=35132.6117
mean B0=79.8613 homogen=48898.9455
   305 |    12200 |     40 |  0.000000E+00 |  0.000000E+00 |  0.0018927042 |             f
mean B0=84.4684 homogen=71320.8538
mean B0=47.8774 homogen=359183.8583
mean B0=87.3707 homogen=103439.4786
mean B0=68.9393 homogen=29129.7052
mean B0=80.9987 homogen=49971.9417
mean B0=72.2416 homogen=53638.127
mean B0=84.912 homogen=76940.9241
mean B0=76.6573 homogen=39708.5381
mean B0=83.4903 homogen=72664.932
mean B0=71.4049 homogen=14203.0635
mean B0=69.7942 homogen=9487.8349
mean B0=82.396 homogen=57765.061
mean B0=89.0179 homogen=125897.0457
mean B0=73.9143 homogen=23468.2642
mean B0=79.1712 homogen=41855.8826
mean B0=74.9616 homogen=30700.3298
mean B0=82.1934 homogen=50408.8556
mean B0=72.5717 homogen=16109.9175
mean B0=78.8814 homogen=66214.4415
mean B0=69.2496 homogen=15040.0025
mean B0=77.1013 homogen=23914.2385
mean B0=89.018 homogen=125894.8713
mean B0=86.4156 homogen=86931.133
mean B0=89.0238 homogen=104957.5306
mean B0=73.7701 homogen=20290.5444
mean B0=79.6974 homogen=37660.6607
mean B0=83.6306 homogen=67434.0446
mean B0=70.5807 homogen=31940.0716
mean B0=82.3438 homogen=57621.4589
mean B0=82.6044 homogen=60082.4523
mean B0=87.5052 homogen=96250.2307
mean B0=82.1041 homogen=51075.8213
mean B0=73.9583 homogen=20836.4182
mean B0=74.5004 homogen=44744.6798
mean B0=87.8829 homogen=110001.0945
mean B0=89.0961 homogen=107551.7637
mean B0=79.9093 homogen=49155.024
mean B0=75.5482 homogen=25813.1402
mean B0=75.1566 homogen=36426.7217
mean B0=70.8947 homogen=18328.2993
   306 |    12240 |     40 |  0.000000E+00 |  0.000000E+00 |  0.0028976446 |             f
mean B0=88.2475 homogen=116603.6184
mean B0=51.3219 homogen=89811.2178
mean B0=83.5593 homogen=73276.9395
mean B0=89.018 homogen=125894.8713
mean B0=69.0539 homogen=40658.1681
mean B0=87.1101 homogen=95191.549
mean B0=68.3804 homogen=7200.9103
mean B0=82.717 homogen=70501.6239
mean B0=83.0504 homogen=62241.3639
mean B0=81.6447 homogen=53142.2442
mean B0=87.5131 homogen=96299.5587
mean B0=84.4661 homogen=71301.2928
mean B0=67.0443 homogen=5296.0356
mean B0=84.4906 homogen=71474.3336
mean B0=87.6819 homogen=107328.1634
mean B0=68.735 homogen=114367.6486
mean B0=82.5975 homogen=59197.6859
mean B0=59.7481 homogen=183017.0107
mean B0=70.6666 homogen=56525.517
mean B0=87.8317 homogen=84954.208
mean B0=86.8602 homogen=90187.2929
mean B0=75.3405 homogen=35114.0441
mean B0=77.8456 homogen=32588.0682
mean B0=89.018 homogen=125894.8713
mean B0=82.3731 homogen=57680.4313
mean B0=67.4142 homogen=5837.8436
mean B0=68.962 homogen=8090.2851
mean B0=78.0301 homogen=33426.9242
mean B0=67.2885 homogen=5149.6054
mean B0=78.0009 homogen=39633.5216
mean B0=78.3844 homogen=35428.3043
mean B0=81.3591 homogen=54612.3285
mean B0=83.4185 homogen=66177.4195
mean B0=84.8285 homogen=76336.6818
mean B0=67.4822 homogen=161594.7051
mean B0=79.4901 homogen=73841.615
mean B0=69.6478 homogen=8990.3474
mean B0=77.5619 homogen=31850.5996
mean B0=78.134 homogen=44905.9445
mean B0=75.4915 homogen=37668.8254
   307 |    12280 |     40 |  0.000000E+00 |  0.000000E+00 |  0.0033364032 |             f
mean B0=86.0728 homogen=92992.6984
mean B0=86.4475 homogen=101199.8015
mean B0=84.3165 homogen=70185.2062
mean B0=74.3819 homogen=70207.8673
mean B0=85.3864 homogen=85445.9708
mean B0=81.7423 homogen=126553.918
mean B0=79.0482 homogen=41237.8039
mean B0=67.2481 homogen=4847.4271
mean B0=74.79 homogen=27915.4694
mean B0=69.9194 homogen=9868.8038
mean B0=86.7316 homogen=81806.013
mean B0=88.5894 homogen=120503.265
mean B0=81.033 homogen=52452.6571
mean B0=82.3886 homogen=57886.4497
mean B0=77.5619 homogen=31850.5996
mean B0=81.6947 homogen=53547.026
mean B0=87.5089 homogen=96297.6968
mean B0=70.8818 homogen=16100.0342
mean B0=62.3321 homogen=269584.267
mean B0=85.8855 homogen=97128.8409
mean B0=87.4318 homogen=95239.7575
mean B0=60.0678 homogen=139500.9565
mean B0=82.5171 homogen=58784.9509
mean B0=71.1318 homogen=227670.4099
mean B0=75.1315 homogen=31331.4707
mean B0=73.4383 homogen=54713.5986
mean B0=87.5293 homogen=96419.5888
mean B0=46.3149 homogen=375128.6937
mean B0=80.0205 homogen=49735.8421
mean B0=78.3152 homogen=35105.6285
mean B0=74.8521 homogen=214066.859
mean B0=78.6361 homogen=33946.5484
mean B0=56.1346 homogen=46327.9929
mean B0=77.1748 homogen=34599.5956
mean B0=73.5498 homogen=23110.3813
mean B0=70.9659 homogen=13244.7162
mean B0=79.3529 homogen=42108.4097
mean B0=70.1274 homogen=23896.3184
mean B0=78.355 homogen=49089.7388
mean B0=87.5196 homogen=88871.9163
   308 |    12320 |     40 |  0.000000E+00 |  0.000000E+00 |  0.0018205721 |             f
mean B0=80.0357 homogen=49761.7665
mean B0=74.3019 homogen=30936.1855
mean B0=80.0749 homogen=50629.9102
mean B0=72.3632 homogen=30409.5804
mean B0=75.2134 homogen=26760.6885
mean B0=90.0459 homogen=117162.1052
mean B0=83.3848 homogen=60623.925
mean B0=87.12 homogen=95289.1813
mean B0=83.4184 homogen=66180.1921
mean B0=74.4793 homogen=28016.7711
mean B0=86.4156 homogen=86931.133
mean B0=75.6177 homogen=37807.8038
mean B0=86.3851 homogen=86576.7017
mean B0=87.9514 homogen=114603.6634
mean B0=83.6862 homogen=67855.2927
mean B0=86.6173 homogen=105233.9117
mean B0=79.1844 homogen=34627.8417
mean B0=80.7153 homogen=53874.7957
mean B0=78.2993 homogen=47577.055
mean B0=87.525 homogen=96165.1634
mean B0=82.1661 homogen=56567.5632
mean B0=65.065 homogen=24314.666
mean B0=75.8516 homogen=37502.4039
mean B0=72.5391 homogen=39509.5352
mean B0=74.9066 homogen=26835.6514
mean B0=83.3378 homogen=75325.811
mean B0=66.0103 homogen=32389.2129
mean B0=88.2299 homogen=116452.1589
mean B0=72.8905 homogen=17413.5713
mean B0=83.591 homogen=81599.0628
mean B0=57.017 homogen=46874.7588
mean B0=70.5142 homogen=30904.2955
mean B0=72.2188 homogen=16305.5631
mean B0=73.822 homogen=20633.3886
mean B0=85.446 homogen=78950.2747
mean B0=89.2617 homogen=107782.8875
mean B0=77.107 homogen=82509.4021
mean B0=79.2588 homogen=46581.3596
mean B0=71.1423 homogen=14846.6454
mean B0=83.323 homogen=68199.0606
   309 |    12360 |     40 |  0.000000E+00 |  0.000000E+00 |  0.0030233772 |             f
mean B0=74.7721 homogen=55363.7611
mean B0=79.0634 homogen=41316.3963
mean B0=87.8095 homogen=91638.9763
mean B0=69.2261 homogen=8357.1889
mean B0=76.1793 homogen=33012.2115
mean B0=67.7879 homogen=21529.0297
mean B0=79.0268 homogen=41711.43
mean B0=65.2819 homogen=15700.6505
mean B0=87.3545 homogen=95277.4734
mean B0=75.4232 homogen=42160.2409
mean B0=69.9225 homogen=16683.628
mean B0=80.0749 homogen=50631.6519
mean B0=85.2415 homogen=77457.4722
mean B0=76.6139 homogen=39622.4702
mean B0=87.2933 homogen=108604.6313
mean B0=67.4989 homogen=6060.5177
mean B0=76.8651 homogen=27878.2134
mean B0=86.9298 homogen=90736.1748
mean B0=87.5621 homogen=96818.4054
mean B0=89.0169 homogen=125908.202
mean B0=77.8271 homogen=53506.8282
mean B0=76.139 homogen=28654.3596
mean B0=75.193 homogen=56686.6072
mean B0=73.3855 homogen=22737.7166
mean B0=81.0006 homogen=49769.5663
mean B0=69.6268 homogen=8965.3028
mean B0=78.9438 homogen=79958.3152
mean B0=72.8905 homogen=17413.5713
mean B0=80.162 homogen=44671.0779
mean B0=78.3319 homogen=88741.6833
mean B0=77.7629 homogen=33371.6514
mean B0=88.6241 homogen=120887.0505
mean B0=73.8104 homogen=49350.8091
mean B0=75.371 homogen=27082.0611
mean B0=87.197 homogen=86628.8288
mean B0=86.732 homogen=93770.615
mean B0=80.3667 homogen=51947.3643
mean B0=80.893 homogen=51565.7765
mean B0=86.0755 homogen=84002.3498
mean B0=87.9483 homogen=114599.534
   310 |    12400 |     40 |  0.000000E+00 |  0.000000E+00 |  0.0022473396 |             f
mean B0=74.7226 homogen=41862.2668
mean B0=71.1561 homogen=35878.1027
mean B0=76.593 homogen=46589.7262
mean B0=84.3353 homogen=70319.6473
mean B0=75.0127 homogen=34935.2182
mean B0=87.0139 homogen=91406.7069
mean B0=76.5487 homogen=51988.8356
mean B0=87.74 homogen=108089.986
mean B0=83.4893 homogen=69903.1485
mean B0=86.9294 homogen=90735.0792
mean B0=67.3071 homogen=5153.73
mean B0=80.7372 homogen=41493.516
mean B0=77.562 homogen=31846.0072
mean B0=78.4698 homogen=43355.9698
mean B0=75.2006 homogen=24149.564
mean B0=78.3444 homogen=35279.8718
mean B0=88.5772 homogen=97158.9975
mean B0=82.1661 homogen=56567.5632
mean B0=73.4409 homogen=21440.5131
mean B0=73.7702 homogen=20287.7579
mean B0=78.9324 homogen=77234.7107
mean B0=82.3948 homogen=63633.0486
mean B0=77.5849 homogen=80073.6525
mean B0=89.0002 homogen=125656.7647
mean B0=84.4089 homogen=123407.2454
mean B0=88.0962 homogen=114855.0527
mean B0=74.9503 homogen=39544.8279
mean B0=80.9399 homogen=49469.2473
mean B0=78.2873 homogen=215550.5196
mean B0=87.5484 homogen=96666.6833
mean B0=69.856 homogen=10043.0695
mean B0=73.8751 homogen=20284.1361
mean B0=70.2298 homogen=277152.9352
mean B0=80.7116 homogen=42409.0925
mean B0=85.0483 homogen=92471.8133
mean B0=82.0346 homogen=55571.5663
mean B0=73.0262 homogen=48814.2307
mean B0=89.018 homogen=125894.8713
mean B0=74.4971 homogen=25637.0783
mean B0=83.4184 homogen=66177.5837
   311 |    12440 |     40 |  0.000000E+00 |  0.000000E+00 |  0.0033907422 |             f
mean B0=77.9302 homogen=35831.8242
mean B0=74.3471 homogen=20593.0412
mean B0=71.2368 homogen=29804.8877
mean B0=74.7048 homogen=23812.9431
mean B0=75.1096 homogen=44309.1518
mean B0=73.3907 homogen=56627.8993
mean B0=85.0456 homogen=78002.848
mean B0=80.6653 homogen=64252.5809
mean B0=81.5693 homogen=110568.7185
mean B0=78.2902 homogen=45646.7537
mean B0=78.3443 homogen=35278.1411
mean B0=88.3781 homogen=118036.3579
mean B0=79.0629 homogen=43779.6483
mean B0=77.1824 homogen=32745.633
mean B0=88.4475 homogen=126427.7334
mean B0=80.4422 homogen=52217.8821
mean B0=81.6937 homogen=53539.5964
mean B0=77.024 homogen=37602.1357
mean B0=65.6394 homogen=155936.0462
mean B0=88.1415 homogen=114957.3974
mean B0=80.3488 homogen=94210.9362
mean B0=81.6826 homogen=67402.764
mean B0=71.5037 homogen=21326.3444
mean B0=76.7311 homogen=37009.6619
mean B0=82.9188 homogen=70559.7612
mean B0=89.8235 homogen=115679.4001
mean B0=63.0111 homogen=84727.8544
mean B0=87.7703 homogen=108604.3852
mean B0=77.2007 homogen=37334.839
mean B0=64.2197 homogen=254803.7848
mean B0=43.0173 homogen=123094.6729
mean B0=78.6768 homogen=32762.9994
mean B0=83.5281 homogen=66606.6597
mean B0=86.2306 homogen=110252.5288
mean B0=85.9047 homogen=82678.3379
mean B0=88.4107 homogen=84206.3994
mean B0=76.1568 homogen=28747.585
mean B0=70.9116 homogen=16793.2939
mean B0=82.4952 homogen=65670.238
mean B0=73.2622 homogen=22350.747
   312 |    12480 |     40 |  0.000000E+00 |  0.000000E+00 |  0.0015125543 |             f
mean B0=86.1057 homogen=84272.7024
mean B0=74.1615 homogen=21723.289
mean B0=87.7438 homogen=108146.5623
mean B0=79.564 homogen=44967.0235
mean B0=87.6876 homogen=87197.997
mean B0=87.1441 homogen=92381.1962
mean B0=80.162 homogen=44671.0779
mean B0=76.4914 homogen=33987.3033
mean B0=84.3311 homogen=70306.9121
mean B0=76.2565 homogen=41044.988
mean B0=84.8665 homogen=97879.6272
mean B0=87.8348 homogen=109479.3706
mean B0=76.1013 homogen=28951.7564
mean B0=83.4185 homogen=66178.8574
mean B0=77.0209 homogen=57743.2108
mean B0=69.3484 homogen=16510.0154
mean B0=80.2248 homogen=45374.8202
mean B0=39.5404 homogen=111588.6611
mean B0=74.0046 homogen=28286.8115
mean B0=72.7728 homogen=26036.0194
mean B0=79.0483 homogen=41239.3326
mean B0=69.0488 homogen=8103.9505
mean B0=62.6726 homogen=222185.8742
mean B0=82.3031 homogen=57264.5225
mean B0=88.2439 homogen=116571.8005
mean B0=85.8473 homogen=84319.0237
mean B0=85.446 homogen=78950.2747
mean B0=86.2486 homogen=85595.0741
mean B0=57.0215 homogen=46876.5708
mean B0=75.1796 homogen=26317.5554
mean B0=82.1535 homogen=50265.0101
mean B0=88.9354 homogen=124808.3198
mean B0=67.2922 homogen=5147.7122
mean B0=81.6947 homogen=53549.2731
mean B0=75.2541 homogen=33778.404
mean B0=87.1656 homogen=101616.9687
mean B0=74.7187 homogen=23837.773
mean B0=70.8926 homogen=13024.0122
mean B0=85.8603 homogen=120444.5834
mean B0=70.5667 homogen=31998.9729
   313 |    12520 |     40 |  0.000000E+00 |  0.000000E+00 |  0.0029950924 |             f
mean B0=78.2118 homogen=34465.2665
mean B0=71.5747 homogen=14851.2906
mean B0=81.033 homogen=52452.6571
mean B0=82.4061 homogen=49857.6246
mean B0=87.8337 homogen=109469.8149
mean B0=84.1916 homogen=69357.6907
mean B0=83.657 homogen=70583.6806
mean B0=67.248 homogen=4824.5131
mean B0=69.5177 homogen=9144.5545
mean B0=89.0184 homogen=125925.7984
mean B0=76.1568 homogen=28747.585
mean B0=76.5628 homogen=31384.5212
mean B0=80.9399 homogen=49471.3667
mean B0=87.0958 homogen=90117.8827
mean B0=88.6931 homogen=103295.9175
mean B0=84.6769 homogen=73153.9985
mean B0=81.767 homogen=79076.3371
mean B0=83.3371 homogen=65415.4644
mean B0=85.821 homogen=81955.5977
mean B0=47.1529 homogen=95188.1046
mean B0=66.949 homogen=9751.2987
mean B0=73.7041 homogen=20892.5421
mean B0=88.9354 homogen=124808.3198
mean B0=82.5547 homogen=59040.7513
mean B0=89.0182 homogen=125891.9899
mean B0=86.9543 homogen=90936.1692
mean B0=77.7326 homogen=31917.4666
mean B0=63.735 homogen=202979.8229
mean B0=68.7638 homogen=7964.5379
mean B0=88.3752 homogen=118016.2702
mean B0=86.2486 homogen=85595.0741
mean B0=72.514 homogen=16356.6606
mean B0=67.8447 homogen=21643.8091
mean B0=81.6767 homogen=46975.5813
mean B0=78.0939 homogen=34001.6412
mean B0=77.3271 homogen=228735.0924
mean B0=78.06 homogen=33793.4156
mean B0=83.6091 homogen=67378.6239
mean B0=55.4242 homogen=70668.2253
mean B0=85.294 homogen=84540.2068
   314 |    12560 |     40 |  0.000000E+00 |  0.000000E+00 |  0.0033084796 |             f
mean B0=70.012 homogen=147674.0998
mean B0=77.7394 homogen=40196.627
mean B0=69.9676 homogen=273914.9785
mean B0=76.253 homogen=32546.5525
mean B0=87.8191 homogen=109141.1308
mean B0=84.7771 homogen=76161.7156
mean B0=78.2691 homogen=48160.0246
mean B0=72.7878 homogen=41771.2117
mean B0=69.2272 homogen=15804.7011
mean B0=79.2332 homogen=34641.8652
mean B0=90.1922 homogen=115375.2977
mean B0=72.1139 homogen=37868.8158
mean B0=80.2591 homogen=33389.9089
mean B0=84.0919 homogen=50483.9993
mean B0=71.5747 homogen=14851.2906
mean B0=87.9523 homogen=114600.4649
mean B0=76.5759 homogen=39226.9812
mean B0=75.9033 homogen=55618.5533
mean B0=82.8634 homogen=61268.3482
mean B0=76.5628 homogen=31384.5212
mean B0=88.2738 homogen=97157.9983
mean B0=71.1975 homogen=12947.4089
mean B0=70.9016 homogen=13051.8489
mean B0=82.4133 homogen=58292.2419
mean B0=83.4719 homogen=66096.9017
mean B0=76.1706 homogen=28773.5668
mean B0=76.2053 homogen=87582.4554
mean B0=82.5584 homogen=136811.0989
mean B0=72.1793 homogen=27269.348
mean B0=79.8969 homogen=49129.2116
mean B0=80.9687 homogen=52044.2431
mean B0=81.5286 homogen=58844.2897
mean B0=74.408 homogen=39624.2598
mean B0=87.0778 homogen=80298.2816
mean B0=80.162 homogen=44671.0779
mean B0=86.8581 homogen=90177.1826
mean B0=74.1211 homogen=23405.1999
mean B0=77.1004 homogen=77310.2981
mean B0=84.9665 homogen=57998.7695
mean B0=84.6769 homogen=73153.9985
   315 |    12600 |     40 |  0.000000E+00 |  0.000000E+00 |  0.0009945311 |             f
mean B0=79.2331 homogen=34644.0317
mean B0=72.418 homogen=19384.3165
mean B0=87.2551 homogen=93393.4515
mean B0=69.1383 homogen=10637.7407
mean B0=79.7072 homogen=43333.8053
mean B0=68.2273 homogen=7435.2425
mean B0=70.8518 homogen=136117.9489
mean B0=87.6637 homogen=107093.6656
mean B0=72.5329 homogen=16039.5432
mean B0=90.2248 homogen=119291.948
mean B0=84.93 homogen=84251.2584
mean B0=72.277 homogen=30598.5053
mean B0=84.075 homogen=61790.4178
mean B0=68.6933 homogen=5903.054
mean B0=78.2756 homogen=34811.3584
mean B0=81.2458 homogen=51076.9693
mean B0=83.8483 homogen=72803.1196
mean B0=87.8193 homogen=109154.9655
mean B0=74.798 homogen=27064.7294
mean B0=75.9219 homogen=33171.4632
mean B0=58.2115 homogen=28054.5083
mean B0=51.1903 homogen=90376.6612
mean B0=84.7127 homogen=75444.4546
mean B0=83.1449 homogen=65590.4916
mean B0=81.4372 homogen=46701.6285
mean B0=43.8438 homogen=118803.5148
mean B0=82.5535 homogen=59013.0285
mean B0=84.2102 homogen=69499.9183
mean B0=85.3873 homogen=78739.2156
mean B0=72.1619 homogen=57705.0882
mean B0=70.1987 homogen=12839.7708
mean B0=87.8178 homogen=95218.396
mean B0=85.3951 homogen=88672.3608
mean B0=67.2476 homogen=4816.8979
mean B0=77.956 homogen=39044.5186
mean B0=80.009 homogen=43821.4854
mean B0=86.8325 homogen=90104.272
mean B0=86.2483 homogen=85580.8255
mean B0=58.2444 homogen=47091.3947
mean B0=88.1673 homogen=93878.6969
   316 |    12640 |     40 |  0.000000E+00 |  0.000000E+00 |  0.0021566275 |             f
mean B0=55.664 homogen=393126.1056
mean B0=85.2528 homogen=84290.3045
mean B0=71.5096 homogen=14710.9959
mean B0=75.4588 homogen=27246.322
mean B0=76.6301 homogen=31717.9784
mean B0=70.8926 homogen=13023.4776
mean B0=71.193 homogen=19622.913
mean B0=80.162 homogen=44668.6351
mean B0=84.8282 homogen=76327.5126
mean B0=82.9268 homogen=62501.8587
mean B0=82.9978 homogen=62618.7012
mean B0=66.4081 homogen=29831.3024
mean B0=58.6081 homogen=223902.6599
mean B0=88.9354 homogen=124808.3198
mean B0=83.5716 homogen=67225.2076
mean B0=83.8363 homogen=66959.8666
mean B0=86.4509 homogen=112702.9972
mean B0=73.6072 homogen=22241.3945
mean B0=76.8983 homogen=30719.7761
mean B0=73.7797 homogen=19983.9658
mean B0=83.0982 homogen=62528.7508
mean B0=83.3423 homogen=65598.2688
mean B0=78.2703 homogen=34792.6749
mean B0=74.8618 homogen=26175.1157
mean B0=82.235 homogen=56840.8488
mean B0=89.0184 homogen=125927.053
mean B0=78.5697 homogen=40533.183
mean B0=81.8571 homogen=62504.0452
mean B0=86.2489 homogen=85580.9719
mean B0=67.8855 homogen=9148.7491
mean B0=80.1025 homogen=44221.7914
mean B0=87.4011 homogen=90295.641
mean B0=75.6501 homogen=37837.3297
mean B0=74.798 homogen=27064.7294
mean B0=87.6978 homogen=95416.3754
mean B0=87.1957 homogen=92901.0173
mean B0=44.1409 homogen=119678.0371
mean B0=76.5039 homogen=39288.5505
mean B0=79.9336 homogen=49270.2254
mean B0=44.6252 homogen=116079.8789
   317 |    12680 |     40 |  0.000000E+00 |  0.000000E+00 |  0.0028580440 |             f
mean B0=86.4969 homogen=93495.5769
mean B0=67.6248 homogen=8086.3728
mean B0=75.8975 homogen=46534.7639
mean B0=84.8285 homogen=76336.6818
mean B0=78.8881 homogen=41889.138
mean B0=73.9986 homogen=24740.8703
mean B0=80.9628 homogen=49469.6858
mean B0=84.712 homogen=75433.1746
mean B0=73.4471 homogen=21873.3739
mean B0=89.0236 homogen=125849.7334
mean B0=69.7352 homogen=136021.867
mean B0=68.4394 homogen=7340.4601
mean B0=81.6921 homogen=53548.3125
mean B0=59.0478 homogen=80508.3819
mean B0=72.9728 homogen=61778.4254
mean B0=78.1781 homogen=34259.0773
mean B0=70.2199 homogen=42726.5044
mean B0=75.4559 homogen=27232.3683
mean B0=84.7127 homogen=75444.4546
mean B0=69.983 homogen=10030.2798
mean B0=77.0515 homogen=56401.5507
mean B0=87.152 homogen=101395.5956
mean B0=74.1877 homogen=38227.4617
mean B0=88.3781 homogen=118036.3579
mean B0=80.6229 homogen=48239.8937
mean B0=91.2222 homogen=112094.6315
mean B0=79.3041 homogen=31110.1505
mean B0=77.7641 homogen=53904.6302
mean B0=87.2601 homogen=93540.7019
mean B0=78.3877 homogen=37838.2208
mean B0=87.645 homogen=97629.76
mean B0=80.0727 homogen=44190.6306
mean B0=49.3875 homogen=100161.8738
mean B0=89.8916 homogen=116414.6643
mean B0=76.4508 homogen=105409.2043
mean B0=82.3232 homogen=57428.5133
mean B0=87.7978 homogen=91495.4656
mean B0=68.7664 homogen=7976.2345
mean B0=83.8363 homogen=66959.8666
mean B0=70.8216 homogen=12818.4519
   318 |    12720 |     40 |  0.000000E+00 |  0.000000E+00 |  0.0009806707 |             f
mean B0=83.7322 homogen=64481.879
mean B0=85.9566 homogen=74283.062
mean B0=79.9892 homogen=38477.5686
mean B0=65.7041 homogen=109302.8691
mean B0=85.446 homogen=78950.2747
mean B0=73.4604 homogen=40554.4425
mean B0=82.3837 homogen=58428.2424
mean B0=83.4444 homogen=68990.5416
mean B0=76.7702 homogen=36096.1081
mean B0=88.7676 homogen=123442.3045
mean B0=86.289 homogen=85896.3057
mean B0=67.0889 homogen=8547.7812
mean B0=78.1522 homogen=34126.3969
mean B0=55.8459 homogen=75051.7179
mean B0=87.5577 homogen=97047.8227
mean B0=71.0135 homogen=14161.2305
mean B0=86.2488 homogen=85585.6517
mean B0=77.9037 homogen=39526.5749
mean B0=80.251 homogen=45486.322
mean B0=87.9762 homogen=116599.1972
mean B0=81.2438 homogen=51068.5071
mean B0=87.9118 homogen=88477.4457
mean B0=64.1927 homogen=192263.2758
mean B0=72.8665 homogen=17605.5908
mean B0=68.3621 homogen=7153.0725
mean B0=78.1889 homogen=34362.2229
mean B0=75.6077 homogen=29099.8155
mean B0=85.3486 homogen=88357.3736
mean B0=68.9374 homogen=8324.6612
mean B0=83.9924 homogen=67870.374
mean B0=83.7961 homogen=66684.6398
mean B0=80.7609 homogen=48329.4997
mean B0=58.8652 homogen=37842.5076
mean B0=76.314 homogen=29508.067
mean B0=72.4299 homogen=15694.9264
mean B0=77.2903 homogen=30577.9523
mean B0=79.7067 homogen=43328.4713
mean B0=84.7591 homogen=97770.005
mean B0=71.392 homogen=14141.9187
mean B0=69.9194 homogen=9866.0345
   319 |    12760 |     40 |  0.000000E+00 |  0.000000E+00 |  0.0034485720 |             f
mean B0=74.6209 homogen=46851.2511
mean B0=73.3029 homogen=40021.561
mean B0=68.3621 homogen=7153.0725
mean B0=79.3904 homogen=40835.7628
mean B0=76.4317 homogen=37938.9619
mean B0=85.0513 homogen=69412.6637
mean B0=84.4576 homogen=74754.3926
mean B0=89.9119 homogen=115850.818
mean B0=86.7985 homogen=89662.0475
mean B0=85.4466 homogen=78953.4177
mean B0=77.2903 homogen=30577.9523
mean B0=72.8693 homogen=17611.6372
mean B0=69.983 homogen=10030.2798
mean B0=90.1585 homogen=102287.0158
mean B0=73.2913 homogen=18647.6502
mean B0=67.2476 homogen=4816.8979
mean B0=69.6935 homogen=165773.3687
mean B0=76.2557 homogen=29115.0927
mean B0=79.9892 homogen=38473.4856
mean B0=86.3195 homogen=86145.8472
mean B0=72.4654 homogen=27373.0829
mean B0=79.8969 homogen=49129.2116
mean B0=84.2102 homogen=69499.9183
mean B0=87.8065 homogen=112985.5026
mean B0=72.4661 homogen=20227.3582
mean B0=84.7067 homogen=82434.5525
mean B0=72.5581 homogen=16654.2931
mean B0=82.7098 homogen=70351.9383
mean B0=87.5975 homogen=97490.1324
mean B0=87.9762 homogen=116605.5271
mean B0=68.9374 homogen=8324.6612
mean B0=76.1525 homogen=28726.3803
mean B0=74.8618 homogen=26175.1157
mean B0=85.3823 homogen=91917.8582
mean B0=72.4506 homogen=19807.354
mean B0=61.3832 homogen=112076.4323
mean B0=86.2823 homogen=90903.1099
mean B0=78.6089 homogen=40553.6024
mean B0=66.063 homogen=126255.9894
mean B0=82.4822 homogen=58515.1169
   320 |    12800 |     40 |  0.000000E+00 |  0.000000E+00 |  0.0021990552 |             f
mean B0=74.8618 homogen=26173.5048
mean B0=88.071 homogen=111074.3486
mean B0=88.2046 homogen=96575.1016
mean B0=71.2839 homogen=12923.3947
mean B0=87.8974 homogen=113086.6383
mean B0=85.8647 homogen=82587.2537
mean B0=76.2759 homogen=68750.6264
mean B0=87.609 homogen=106489.933
mean B0=89.501 homogen=110188.4822
mean B0=71.1894 homogen=50760.3523
mean B0=84.5011 homogen=74104.5374
mean B0=87.8085 homogen=97302.1432
mean B0=75.8223 homogen=28251.3786
mean B0=78.2592 homogen=34846.9998
mean B0=83.8418 homogen=99330.3449
mean B0=72.5556 homogen=21548.8086
mean B0=74.9083 homogen=42783.6085
mean B0=69.6162 homogen=43997.2744
mean B0=82.8799 homogen=70231.9521
mean B0=82.1799 homogen=56515.7813
mean B0=67.2476 homogen=4817.8367
mean B0=84.2102 homogen=69499.8473
mean B0=60.2868 homogen=158499.0607
mean B0=77.4602 homogen=42695.2491
mean B0=87.4681 homogen=96545.3902
mean B0=88.3498 homogen=118292.7708
mean B0=88.3782 homogen=118034.4262
mean B0=73.7911 homogen=19926.6221
mean B0=71.889 homogen=20415.9256
mean B0=85.0028 homogen=78996.3307
mean B0=73.9008 homogen=25172.2049
mean B0=78.7796 homogen=40732.4766
mean B0=70.0025 homogen=10161.7525
mean B0=82.569 homogen=67971.1602
mean B0=76.3049 homogen=63582.2705
mean B0=80.8095 homogen=48761.7568
mean B0=69.8557 homogen=27983.4543
mean B0=76.1524 homogen=28726.1766
mean B0=72.5962 homogen=40829.647
mean B0=78.6441 homogen=41181.7848
   321 |    12840 |     40 |  0.000000E+00 |  0.000000E+00 |  0.0048015683 |             f
mean B0=77.6683 homogen=53283.7711
mean B0=76.682 homogen=31721.1552
mean B0=85.3865 homogen=74810.9134
mean B0=82.8506 homogen=71499.637
mean B0=67.9519 homogen=7918.4801
mean B0=78.9874 homogen=38921.8135
mean B0=87.5945 homogen=97125.5518
mean B0=74.1553 homogen=21685.3691
mean B0=80.2492 homogen=45493.6786
mean B0=80.4072 homogen=40698.2228
mean B0=74.5798 homogen=40439.5116
mean B0=49.6205 homogen=352350.8737
mean B0=80.8095 homogen=48761.7568
mean B0=74.9315 homogen=59772.7402
mean B0=67.2146 homogen=4849.5846
mean B0=84.503 homogen=74120.2777
mean B0=86.7854 homogen=89900.1126
mean B0=87.0083 homogen=99199.7254
mean B0=70.0025 homogen=10161.7525
mean B0=77.844 homogen=33156.0184
mean B0=86.6003 homogen=94779.6169
mean B0=83.8519 homogen=70505.3609
mean B0=82.5534 homogen=59014.9352
mean B0=89.3429 homogen=108382.6564
mean B0=79.3823 homogen=40796.5579
mean B0=86.9333 homogen=98400.5297
mean B0=88.8166 homogen=123998.4447
mean B0=81.6701 homogen=53452.995
mean B0=74.8635 homogen=26189.9041
mean B0=77.5762 homogen=49315.0107
mean B0=70.6302 homogen=36949.643
mean B0=71.5751 homogen=14849.6578
mean B0=88.4965 homogen=119375.9555
mean B0=79.991 homogen=38476.2011
mean B0=77.6045 homogen=31504.7247
mean B0=85.8626 homogen=82583.2685
mean B0=68.075 homogen=257338.3729
mean B0=77.1955 homogen=33751.4573
mean B0=73.3894 homogen=21637.6566
mean B0=71.9117 homogen=18606.3694
   322 |    12880 |     40 |  0.000000E+00 |  0.000000E+00 |  0.0009311022 |             f
mean B0=84.2109 homogen=69500.2358
mean B0=72.8561 homogen=17415.938
mean B0=76.8475 homogen=37209.9876
mean B0=84.712 homogen=75433.3391
mean B0=82.0013 homogen=61959.1629
mean B0=86.7984 homogen=89659.0631
mean B0=77.282 homogen=30556.0587
mean B0=66.5357 homogen=13791.9282
mean B0=81.8219 homogen=54349.4448
mean B0=88.4968 homogen=119367.9956
mean B0=85.9257 homogen=86555.3299
mean B0=70.2854 homogen=74875.0162
mean B0=81.6545 homogen=53350.3625
mean B0=76.7538 homogen=42839.9433
mean B0=67.5667 homogen=5658.0816
mean B0=86.3196 homogen=86145.4407
mean B0=83.3241 homogen=109552.8231
mean B0=88.0904 homogen=89673.8757
mean B0=46.3691 homogen=94362.0686
mean B0=48.8839 homogen=96440.1515
mean B0=86.8321 homogen=90091.2659
mean B0=59.7726 homogen=174978.6078
mean B0=68.5501 homogen=23500.3763
mean B0=88.071 homogen=111074.8964
mean B0=81.0336 homogen=44142.4432
mean B0=87.6442 homogen=97620.1181
mean B0=76.3205 homogen=29524.251
mean B0=90.1735 homogen=118281.381
mean B0=88.1597 homogen=115452.936
mean B0=75.8223 homogen=28245.8834
mean B0=79.6083 homogen=43006.9228
mean B0=82.5535 homogen=59013.0285
mean B0=67.2597 homogen=4813.1753
mean B0=86.7086 homogen=85358.3423
mean B0=69.4463 homogen=9132.3067
mean B0=73.791 homogen=19925.5723
mean B0=77.5378 homogen=38254.4746
mean B0=80.9574 homogen=49796.4345
mean B0=90.2133 homogen=119845.6114
mean B0=73.8488 homogen=17197.8421
   323 |    12920 |     40 |  0.000000E+00 |  0.000000E+00 |  0.0033448237 |             f
mean B0=78.6967 homogen=38780.211
mean B0=77.2705 homogen=30478.5572
mean B0=74.1613 homogen=21721.0316
mean B0=89.186 homogen=107259.7548
mean B0=72.9918 homogen=17471.3174
mean B0=77.9648 homogen=38247.3788
mean B0=64.9452 homogen=32221.1007
mean B0=88.071 homogen=111074.3486
mean B0=77.2903 homogen=30571.9193
mean B0=81.7305 homogen=53851.2304
mean B0=77.0562 homogen=33771.0157
mean B0=71.1288 homogen=71131.8364
mean B0=72.9215 homogen=18089.4876
mean B0=70.8084 homogen=13090.9443
mean B0=78.2631 homogen=34865.0605
mean B0=85.0115 homogen=78069.2163
mean B0=81.5185 homogen=63377.109
mean B0=88.274 homogen=116920.639
mean B0=80.0651 homogen=79462.1023
mean B0=76.3169 homogen=29492.6026
mean B0=84.4621 homogen=102936.1445
mean B0=74.8722 homogen=26103.9059
mean B0=48.9379 homogen=358177.7794
mean B0=86.1429 homogen=99678.8227
mean B0=79.398 homogen=46293.7145
mean B0=71.1371 homogen=21046.0927
mean B0=89.6702 homogen=115106.0108
mean B0=73.2913 homogen=18647.6502
mean B0=84.5023 homogen=74109.5772
mean B0=82.4768 homogen=58472.7513
mean B0=76.5623 homogen=34190.3776
mean B0=81.0198 homogen=107299.5408
mean B0=71.1818 homogen=142029.0201
mean B0=83.7527 homogen=66632.2837
mean B0=81.8171 homogen=54321.9896
mean B0=87.3789 homogen=103526.5037
mean B0=89.9118 homogen=115854.3797
mean B0=79.0396 homogen=89084.5942
mean B0=77.7146 homogen=51086.8417
mean B0=78.9929 homogen=38959.9281
   324 |    12960 |     40 |  0.000000E+00 |  0.000000E+00 |  0.0011006509 |             f
mean B0=84.8029 homogen=76162.0939
mean B0=88.4837 homogen=119319.7208
mean B0=84.3577 homogen=63620.0204
mean B0=74.8722 homogen=26103.3445
mean B0=79.8566 homogen=48945.9918
mean B0=76.6753 homogen=33238.6809
mean B0=80.1284 homogen=39192.5645
mean B0=74.1615 homogen=21723.289
mean B0=87.6455 homogen=97625.5404
mean B0=80.3965 homogen=47241.773
mean B0=84.7994 homogen=76110.794
mean B0=52.1758 homogen=69669.4876
mean B0=87.2959 homogen=94839.6438
mean B0=77.7911 homogen=60126.0923
mean B0=79.0059 homogen=45565.1463
mean B0=70.7685 homogen=17471.1243
mean B0=72.3761 homogen=15770.7616
mean B0=83.0215 homogen=78289.0762
mean B0=88.8312 homogen=103335.8749
mean B0=74.2127 homogen=70974.256
mean B0=80.1622 homogen=44913.8264
mean B0=88.0845 homogen=111124.1258
mean B0=74.0609 homogen=201739.3424
mean B0=79.3903 homogen=40837.3073
mean B0=79.9491 homogen=38462.0534
mean B0=77.8449 homogen=33981.2474
mean B0=72.1721 homogen=55601.5449
mean B0=74.1613 homogen=21721.0316
mean B0=62.9222 homogen=26955.8149
mean B0=84.2732 homogen=72123.5577
mean B0=88.1597 homogen=115452.936
mean B0=82.7982 homogen=61508.9935
mean B0=87.832 homogen=108982.7652
mean B0=66.7907 homogen=106337.4532
mean B0=82.414 homogen=58647.1775
mean B0=90.0437 homogen=119191.6216
mean B0=82.6147 homogen=59418.8543
mean B0=73.2399 homogen=20419.289
mean B0=77.3174 homogen=38877.5854
mean B0=78.4874 homogen=87470.2212
   325 |    13000 |     40 |  0.000000E+00 |  0.000000E+00 |  0.0040966445 |             f
mean B0=74.1054 homogen=21997.7623
mean B0=71.5644 homogen=14819.895
mean B0=85.5869 homogen=94096.8828
mean B0=57.9805 homogen=30163.1466
mean B0=78.2628 homogen=34861.5823
mean B0=80.127 homogen=50331.0276
mean B0=85.0132 homogen=78687.7764
mean B0=74.8654 homogen=23667.5883
mean B0=54.2261 homogen=74174.5112
mean B0=72.4299 homogen=15694.9264
mean B0=87.1385 homogen=100725.8726
mean B0=73.4673 homogen=43172.9997
mean B0=86.3197 homogen=86148.1925
mean B0=83.89 homogen=70919.1306
mean B0=85.3324 homogen=85047.8586
mean B0=70.8135 homogen=12810.4667
mean B0=68.8535 homogen=21934.3299
mean B0=78.6967 homogen=38780.211
mean B0=84.6242 homogen=73239.308
mean B0=84.9007 homogen=97122.2498
mean B0=77.9012 homogen=34299.24
mean B0=74.7298 homogen=23629.7171
mean B0=86.3251 homogen=79122.4424
mean B0=53.0108 homogen=85116.9386
mean B0=81.6502 homogen=53335.5296
mean B0=82.746 homogen=54558.1561
mean B0=87.6644 homogen=106283.5442
mean B0=86.4584 homogen=87012.3926
mean B0=78.6272 homogen=43690.3435
mean B0=82.7982 homogen=61508.9935
mean B0=87.5255 homogen=96704.7705
mean B0=75.4441 homogen=41969.15
mean B0=77.2904 homogen=30585.3691
mean B0=77.6171 homogen=31447.2424
mean B0=74.616 homogen=54369.2526
mean B0=88.8615 homogen=123980.2082
mean B0=77.6642 homogen=37247.7275
mean B0=69.4463 homogen=9132.3067
mean B0=79.3358 homogen=40281.2268
mean B0=71.0901 homogen=33195.7913
   326 |    13040 |     40 |  0.000000E+00 |  0.000000E+00 |  0.0023116936 |             f
mean B0=86.5896 homogen=115439.2095
mean B0=79.2372 homogen=41586.3251
mean B0=68.6591 homogen=15005.6313
mean B0=76.9175 homogen=37197.6546
mean B0=85.1466 homogen=105470.0221
mean B0=84.4328 homogen=49084.1662
mean B0=89.0399 homogen=126025.4591
mean B0=87.2966 homogen=102428.3528
mean B0=85.0115 homogen=78069.2163
mean B0=86.8795 homogen=97785.9768
mean B0=76.6343 homogen=58233.9194
mean B0=74.3651 homogen=40833.3448
mean B0=82.7277 homogen=60577.0297
mean B0=56.482 homogen=318666.8978
mean B0=72.4172 homogen=15651.3156
mean B0=90.0647 homogen=118118.8949
mean B0=72.5656 homogen=53194.6114
mean B0=83.3757 homogen=53606.0287
mean B0=88.7159 homogen=102411.0744
mean B0=74.6352 homogen=41437.4418
mean B0=76.0092 homogen=24755.8536
mean B0=87.7619 homogen=99556.6674
mean B0=84.0314 homogen=69942.4095
mean B0=79.4588 homogen=52703.3913
mean B0=77.8984 homogen=34192.9011
mean B0=84.6737 homogen=75267.7841
mean B0=76.7799 homogen=34899.6543
mean B0=79.6764 homogen=46038.1988
mean B0=87.2959 homogen=94839.6438
mean B0=83.7334 homogen=69580.6186
mean B0=81.508 homogen=67661.2454
mean B0=69.4289 homogen=61962.4755
mean B0=73.1747 homogen=16386.2551
mean B0=86.2199 homogen=86256.1915
mean B0=74.8855 homogen=26034.6309
mean B0=82.7527 homogen=70449.7655
mean B0=78.0131 homogen=34586.082
mean B0=78.8384 homogen=45435.4677
mean B0=68.4543 homogen=40586.1627
mean B0=76.0466 homogen=42439.8434
   327 |    13080 |     40 |  0.000000E+00 |  0.000000E+00 |  0.0038008244 |             f
mean B0=63.4231 homogen=111665.5016
mean B0=72.5045 homogen=15979.0375
mean B0=78.7043 homogen=38800.9382
mean B0=87.6117 homogen=120869.5796
mean B0=87.2859 homogen=94741.1329
mean B0=81.82 homogen=54351.3605
mean B0=72.369 homogen=49440.0686
mean B0=86.7738 homogen=96571.4354
mean B0=85.4368 homogen=78874.7051
mean B0=74.1613 homogen=21721.0316
mean B0=86.8098 homogen=87584.1688
mean B0=75.613 homogen=62005.0889
mean B0=85.9522 homogen=106915.7294
mean B0=87.1374 homogen=100924.4918
mean B0=79.3096 homogen=41284.9257
mean B0=80.2221 homogen=46892.1818
mean B0=78.4042 homogen=35478.9019
mean B0=72.4299 homogen=15694.9264
mean B0=69.2584 homogen=8864.6171
mean B0=69.4463 homogen=9133.191
mean B0=86.8325 homogen=90104.272
mean B0=83.6315 homogen=65915.7718
mean B0=80.95 homogen=49765.0886
mean B0=89.7917 homogen=114602.9549
mean B0=77.7485 homogen=234345.7071
mean B0=64.8402 homogen=14735.3549
mean B0=84.1664 homogen=62398.1603
mean B0=81.9148 homogen=54946.0897
mean B0=88.3252 homogen=117542.6459
mean B0=89.0399 homogen=126025.4591
mean B0=75.797 homogen=52781.6398
mean B0=79.3612 homogen=40757.7346
mean B0=82.1116 homogen=50283.0401
mean B0=77.8262 homogen=46650.8283
mean B0=75.7556 homogen=27919.353
mean B0=67.3905 homogen=4960.7139
mean B0=82.7206 homogen=67914.3208
mean B0=84.6737 homogen=75267.7841
mean B0=72.4704 homogen=19981.2428
mean B0=77.2705 homogen=30476.4885
   328 |    13120 |     40 |  0.000000E+00 |  0.000000E+00 |  0.0010601474 |             f
mean B0=79.361 homogen=40765.5535
mean B0=88.4343 homogen=119267.9038
mean B0=86.473 homogen=87449.5406
mean B0=80.1622 homogen=44913.8264
mean B0=78.6967 homogen=38780.211
mean B0=83.8927 homogen=70906.4611
mean B0=85.6564 homogen=90807.3386
mean B0=73.703 homogen=19242.6037
mean B0=74.4502 homogen=182332.025
mean B0=84.6481 homogen=73310.8084
mean B0=68.9827 homogen=15737.983
mean B0=76.9694 homogen=34825.9894
mean B0=85.4368 homogen=78874.7051
mean B0=85.3764 homogen=111917.1258
mean B0=87.2255 homogen=125706.4554
mean B0=75.0875 homogen=53837.1168
mean B0=71.3768 homogen=51139.669
mean B0=87.9171 homogen=113490.6443
mean B0=78.6017 homogen=38706.9342
mean B0=83.7492 homogen=80481.6801
mean B0=74.1608 homogen=21717.245
mean B0=72.4582 homogen=15895.4568
mean B0=82.7264 homogen=60391.1689
mean B0=75.7556 homogen=27919.353
mean B0=69.2584 homogen=8864.6171
mean B0=80.954 homogen=49806.7758
mean B0=79.7762 homogen=38631.0877
mean B0=44.5425 homogen=116318.6253
mean B0=81.6449 homogen=53301.0046
mean B0=64.8738 homogen=220989.9713
mean B0=69.9964 homogen=7987.3664
mean B0=79.2138 homogen=108150.6594
mean B0=85.4466 homogen=78953.4177
mean B0=76.8826 homogen=57332.2845
mean B0=88.8243 homogen=123522.8402
mean B0=88.4522 homogen=99118.2463
mean B0=83.7665 homogen=53848.319
mean B0=78.4634 homogen=36260.6967
mean B0=75.8072 homogen=32745.2157
mean B0=71.233 homogen=42432.6378
   329 |    13160 |     40 |  0.000000E+00 |  0.000000E+00 |  0.0026400702 |             f
mean B0=82.5164 homogen=58739.7944
mean B0=90.7762 homogen=104531.282
mean B0=74.8655 homogen=23667.9566
mean B0=74.7607 homogen=40672.5368
mean B0=77.6171 homogen=31449.189
mean B0=76.8831 homogen=38188.1159
mean B0=84.6866 homogen=73812.4163
mean B0=86.625 homogen=98746.9642
mean B0=67.5667 homogen=5658.0816
mean B0=76.3404 homogen=29549.2066
mean B0=87.9169 homogen=113487.0141
mean B0=86.9479 homogen=84373.6572
mean B0=78.6227 homogen=81365.5288
mean B0=87.6455 homogen=97625.5404
mean B0=77.7947 homogen=52013.6154
mean B0=90.1165 homogen=118944.7786
mean B0=85.6676 homogen=78236.4761
mean B0=75.8855 homogen=47022.3576
mean B0=76.855 homogen=36764.0999
mean B0=80.0016 homogen=45154.1839
mean B0=83.5892 homogen=65630.0138
mean B0=55.8409 homogen=53527.3437
mean B0=74.1607 homogen=21716.531
mean B0=74.5315 homogen=34380.6209
mean B0=78.6968 homogen=38782.0262
mean B0=74.7938 homogen=44924.7224
mean B0=78.9728 homogen=39235.1238
mean B0=78.3312 homogen=35454.9968
mean B0=86.473 homogen=87449.5406
mean B0=84.8649 homogen=76143.3569
mean B0=72.5044 homogen=15981.1938
mean B0=86.4606 homogen=103956.7136
mean B0=79.0762 homogen=41989.1741
mean B0=80.3965 homogen=47241.773
mean B0=70.636 homogen=38001.5508
mean B0=77.1326 homogen=37247.3727
mean B0=75.7985 homogen=32897.1517
mean B0=87.224 homogen=87426.7915
mean B0=83.0861 homogen=72256.6962
mean B0=82.6008 homogen=59414.383
   330 |    13200 |     40 |  0.000000E+00 |  0.000000E+00 |  0.0019893617 |             f
mean B0=78.0838 homogen=84399.5548
mean B0=73.4653 homogen=22182.7641
mean B0=60.6133 homogen=15057.2945
mean B0=74.5579 homogen=31034.5991
mean B0=77.0192 homogen=55298.3615
mean B0=89.0411 homogen=126032.8111
mean B0=64.3431 homogen=234733.924
mean B0=76.3218 homogen=29911.7499
mean B0=80.0034 homogen=45153.7377
mean B0=90.0377 homogen=119250.6049
mean B0=80.8014 homogen=48815.2894
mean B0=76.6906 homogen=31285.3437
mean B0=81.9601 homogen=49370.1905
mean B0=75.5448 homogen=26590.6352
mean B0=86.517 homogen=80878.7746
mean B0=68.2289 homogen=57883.8663
mean B0=83.8861 homogen=70854.8257
mean B0=82.4364 homogen=87426.4049
mean B0=75.943 homogen=204242.0964
mean B0=85.841 homogen=58990.6406
mean B0=75.1327 homogen=65958.4953
mean B0=76.2423 homogen=39102.4733
mean B0=85.8398 homogen=81779.1992
mean B0=81.6419 homogen=81670.3604
mean B0=84.1733 homogen=73140.1104
mean B0=83.5853 homogen=65614.5664
mean B0=75.9763 homogen=65126.7855
mean B0=67.1809 homogen=7670.1973
mean B0=86.4725 homogen=87448.997
mean B0=68.51 homogen=41018.8325
mean B0=82.6341 homogen=59524.4792
mean B0=86.2378 homogen=110205.256
mean B0=74.0363 homogen=45431.9971
mean B0=77.8999 homogen=33284.228
mean B0=86.7341 homogen=106458.8029
mean B0=74.4143 homogen=43814.709
mean B0=74.8714 homogen=23707.0982
mean B0=78.9972 homogen=38827.7614
mean B0=86.473 homogen=87449.5406
mean B0=86.5615 homogen=104965.0669
   331 |    13240 |     40 |  0.000000E+00 |  0.000000E+00 |  0.0036082259 |             f
mean B0=89.1314 homogen=89837.4644
mean B0=77.6171 homogen=31447.2424
mean B0=72.4172 homogen=15647.7144
mean B0=70.6387 homogen=12927.2651
mean B0=78.1297 homogen=41191.4041
mean B0=53.4334 homogen=354136.1571
mean B0=88.6299 homogen=105232.9208
mean B0=86.6482 homogen=81731.261
mean B0=81.9095 homogen=54904.6013
mean B0=84.1536 homogen=71731.1713
mean B0=87.5826 homogen=89449.2093
mean B0=82.4767 homogen=58474.4459
mean B0=76.8997 homogen=40754.6789
mean B0=77.1982 homogen=30648.0584
mean B0=81.549 homogen=52949.1819
mean B0=80.2493 homogen=46492.9287
mean B0=83.8553 homogen=82290.1279
mean B0=72.4584 homogen=16068.5373
mean B0=82.3751 homogen=88470.7139
mean B0=83.6721 homogen=66187.2913
mean B0=35.0213 homogen=160465.9874
mean B0=86.473 homogen=87449.5406
mean B0=79.6082 homogen=43004.4851
mean B0=76.4086 homogen=38690.589
mean B0=76.5975 homogen=38652.7848
mean B0=73.3465 homogen=27840.2933
mean B0=84.3483 homogen=90402.462
mean B0=73.4846 homogen=42188.4139
mean B0=86.3271 homogen=86202.324
mean B0=70.3581 homogen=30470.1433
mean B0=78.8134 homogen=44081.1206
mean B0=77.0209 homogen=33509.9337
mean B0=78.6365 homogen=92244.0492
mean B0=79.4356 homogen=41134.6339
mean B0=83.6847 homogen=65990.1667
mean B0=74.9899 homogen=31730.4175
mean B0=72.8011 homogen=42355.0478
mean B0=73.2448 homogen=24428.3267
mean B0=80.712 homogen=39782.8658
mean B0=87.2457 homogen=94330.3441
   332 |    13280 |     40 |  0.000000E+00 |  0.000000E+00 |  0.0006869142 |             f
mean B0=81.8482 homogen=55141.4036
mean B0=85.8079 homogen=96251.6041
mean B0=77.8357 homogen=76578.3082
mean B0=80.0033 homogen=45158.1622
mean B0=83.8861 homogen=70853.1
mean B0=82.8014 homogen=88266.6233
mean B0=83.4086 homogen=66191.7847
mean B0=68.2958 homogen=275360.0635
mean B0=87.2435 homogen=94342.6601
mean B0=88.4506 homogen=119236.9856
mean B0=85.4466 homogen=78953.4177
mean B0=69.6257 homogen=11449.4448
mean B0=67.6086 homogen=6065.4794
mean B0=87.2859 homogen=94741.1329
mean B0=67.2461 homogen=159908.7093
mean B0=72.4284 homogen=26898.0373
mean B0=86.6442 homogen=106106.5573
mean B0=83.7557 homogen=76033.4344
mean B0=74.3314 homogen=23994.7273
mean B0=70.1103 homogen=58179.6276
mean B0=77.3278 homogen=30753.075
mean B0=86.0365 homogen=76539.2105
mean B0=67.0791 homogen=108235.8413
mean B0=55.4162 homogen=56985.2956
mean B0=75.8224 homogen=28251.161
mean B0=76.9663 homogen=58512.4259
mean B0=80.2744 homogen=46513.7059
mean B0=86.6774 homogen=88984.4863
mean B0=81.551 homogen=52943.6558
mean B0=79.393 homogen=40834.9533
mean B0=80.2493 homogen=46492.9287
mean B0=79.8639 homogen=55441.6935
mean B0=69.8394 homogen=34943.4869
mean B0=72.4172 homogen=15647.7144
mean B0=76.6755 homogen=38200.6592
mean B0=66.1648 homogen=106772.6114
mean B0=88.7401 homogen=123417.6056
mean B0=76.2094 homogen=63524.6176
mean B0=73.6749 homogen=23361.712
mean B0=85.5924 homogen=94616.7782
   333 |    13320 |     40 |  0.000000E+00 |  0.000000E+00 |  0.0021798216 |             f
mean B0=87.246 homogen=94335.1007
mean B0=81.5552 homogen=52971.3307
mean B0=77.6303 homogen=31519.6415
mean B0=73.2924 homogen=42116.7753
mean B0=84.4516 homogen=59618.7758
mean B0=64.7514 homogen=202658.7674
mean B0=73.1224 homogen=18060.067
mean B0=87.8812 homogen=109981.5257
mean B0=76.9306 homogen=32024.9302
mean B0=76.1433 homogen=38581.1416
mean B0=74.7625 homogen=55440.7505
mean B0=71.2097 homogen=13238.968
mean B0=72.7041 homogen=22213.2341
mean B0=82.3388 homogen=57595.0588
mean B0=82.7681 homogen=54083.5433
mean B0=85.3927 homogen=85207.6441
mean B0=89.7533 homogen=114182.4877
mean B0=87.1303 homogen=86209.6389
mean B0=83.8905 homogen=70908.8071
mean B0=76.6331 homogen=33857.1469
mean B0=80.0038 homogen=45158.9954
mean B0=75.5406 homogen=26570.1232
mean B0=67.493 homogen=5412.7558
mean B0=74.3497 homogen=52111.1698
mean B0=85.5333 homogen=79670.0274
mean B0=67.9613 homogen=164538.4154
mean B0=69.2868 homogen=8942.5699
mean B0=80.5165 homogen=47645.7552
mean B0=84.2443 homogen=73690.7056
mean B0=75.1835 homogen=30891.5355
mean B0=88.1597 homogen=115454.9238
mean B0=73.5725 homogen=192252.6118
mean B0=84.7073 homogen=77385.0437
mean B0=85.8327 homogen=82607.5077
mean B0=73.4612 homogen=25134.4691
mean B0=78.3078 homogen=44048.0799
mean B0=82.9533 homogen=69945.8689
mean B0=79.1124 homogen=54408.943
mean B0=76.3354 homogen=29525.0286
mean B0=76.8641 homogen=37279.4613
   334 |    13360 |     40 |  0.000000E+00 |  0.000000E+00 |  0.0040294144 |             f
mean B0=66.5489 homogen=139673.5409
mean B0=82.7264 homogen=60391.1689
mean B0=81.5528 homogen=52951.4306
mean B0=62.7637 homogen=188121.2761
mean B0=80.3369 homogen=46764.5448
mean B0=75.332 homogen=66454.8356
mean B0=76.7492 homogen=34129.9988
mean B0=83.5853 homogen=65614.5664
mean B0=84.7823 homogen=74502.33
mean B0=79.3555 homogen=100029.0873
mean B0=74.9834 homogen=57053.5618
mean B0=88.4505 homogen=119237.4161
mean B0=82.6363 homogen=59884.1315
mean B0=76.3969 homogen=29806.9186
mean B0=72.5045 homogen=15979.0375
mean B0=87.8499 homogen=109560.0671
mean B0=75.0021 homogen=36815.3463
mean B0=74.9709 homogen=43520.9526
mean B0=82.028 homogen=62252.5053
mean B0=79.041 homogen=39077.8299
mean B0=71.0976 homogen=30206.7606
mean B0=83.8905 homogen=70908.8071
mean B0=80.0016 homogen=45145.9021
mean B0=89.4317 homogen=115465.9613
mean B0=82.5163 homogen=58937.6553
mean B0=86.5597 homogen=94289.2432
mean B0=76.8155 homogen=34129.0785
mean B0=85.8327 homogen=82607.5077
mean B0=87.5817 homogen=97758.7267
mean B0=74.9999 homogen=65153.5467
mean B0=85.3647 homogen=85423.7978
mean B0=86.6774 homogen=88983.9921
mean B0=86.5284 homogen=87753.2125
mean B0=63.3788 homogen=111022.4157
mean B0=72.4172 homogen=15647.7144
mean B0=74.8855 homogen=26037.8138
mean B0=84.2942 homogen=130644.2762
mean B0=78.776 homogen=90600.154
mean B0=75.8851 homogen=27609.0089
mean B0=74.1146 homogen=21941.899
   335 |    13400 |     40 |  0.000000E+00 |  0.000000E+00 |  0.0005110323 |             f
mean B0=78.8163 homogen=38244.5386
mean B0=83.1776 homogen=52906.4804
mean B0=76.2249 homogen=30078.1301
mean B0=79.5458 homogen=103261.4455
mean B0=81.0014 homogen=50074.0029
mean B0=79.1527 homogen=39973.0665
mean B0=71.6798 homogen=43487.0922
mean B0=86.6774 homogen=88984.4863
mean B0=80.0014 homogen=45152.0725
mean B0=72.3889 homogen=15887.227
mean B0=69.3998 homogen=9169.1537
mean B0=84.9913 homogen=78513.389
mean B0=87.7596 homogen=97386.2462
mean B0=75.625 homogen=41671.429
mean B0=83.2558 homogen=113187.2816
mean B0=83.9006 homogen=70993.7962
mean B0=79.3125 homogen=41395.685
mean B0=84.7873 homogen=76317.5556
mean B0=73.8905 homogen=40667.2118
mean B0=84.8423 homogen=76007.0776
mean B0=73.2167 homogen=18157.0869
mean B0=51.6775 homogen=108113.5673
mean B0=91.4308 homogen=109149.7783
mean B0=74.4826 homogen=67995.3387
mean B0=83.639 homogen=65684.5476
mean B0=67.4582 homogen=5023.4104
mean B0=80.5713 homogen=52130.7833
mean B0=88.1597 homogen=115452.936
mean B0=81.9147 homogen=54944.6625
mean B0=78.0446 homogen=34308.3623
mean B0=74.2921 homogen=21027.8422
mean B0=86.485 homogen=87889.4729
mean B0=78.6252 homogen=38031.5391
mean B0=88.2186 homogen=113955.5452
mean B0=68.6913 homogen=28610.4845
mean B0=81.5418 homogen=52874.9493
mean B0=80.1077 homogen=79293.1759
mean B0=74.0183 homogen=24140.0031
mean B0=89.9336 homogen=116635.6422
mean B0=87.2675 homogen=94570.8365
   336 |    13440 |     40 |  0.000000E+00 |  0.000000E+00 |  0.0021844145 |             f
mean B0=87.7619 homogen=99556.6674
mean B0=78.3592 homogen=39461.7362
mean B0=61.4345 homogen=177966.93
mean B0=76.1702 homogen=44527.9016
mean B0=59.3241 homogen=33213.7245
mean B0=87.3734 homogen=103843.3366
mean B0=79.7944 homogen=52522.984
mean B0=83.6073 homogen=65502.0493
mean B0=87.3767 homogen=94820.2643
mean B0=73.9298 homogen=47404.3013
mean B0=72.4172 homogen=15651.2574
mean B0=82.3487 homogen=57661.7109
mean B0=75.8957 homogen=28265.9474
mean B0=83.5072 homogen=73446.9611
mean B0=69.28 homogen=9058.8396
mean B0=79.6473 homogen=42125.1659
mean B0=74.2075 homogen=22357.2678
mean B0=79.94 homogen=32530.0915
mean B0=81.8697 homogen=55748.8776
mean B0=78.4946 homogen=35940.3938
mean B0=83.9006 homogen=70993.7962
mean B0=78.3697 homogen=35393.0643
mean B0=82.0679 homogen=71257.7449
mean B0=82.9479 homogen=62395.5941
mean B0=67.6081 homogen=6061.2677
mean B0=86.7874 homogen=89846.4607
mean B0=90.2561 homogen=119582.0497
mean B0=75.9788 homogen=64065.5843
mean B0=88.3214 homogen=118929.9931
mean B0=72.8646 homogen=29614.4042
mean B0=59.1343 homogen=186384.4912
mean B0=83.8773 homogen=70835.5393
mean B0=87.1195 homogen=93326.2461
mean B0=70.2169 homogen=28382.1397
mean B0=87.6934 homogen=109377.9533
mean B0=79.7339 homogen=43779.0479
mean B0=72.5888 homogen=16445.8556
mean B0=83.604 homogen=65444.3194
mean B0=77.5925 homogen=52478.029
mean B0=83.3021 homogen=75337.6711
   337 |    13480 |     40 |  0.000000E+00 |  0.000000E+00 |  0.0040962575 |             f
mean B0=88.7781 homogen=123027.9035
mean B0=85.0915 homogen=76281.2147
mean B0=75.604 homogen=41295.5313
mean B0=84.6287 homogen=73249.8955
mean B0=88.6372 homogen=101589.4703
mean B0=82.3425 homogen=57620.2391
mean B0=74.2168 homogen=21420.7679
mean B0=82.9481 homogen=62399.3511
mean B0=81.7185 homogen=54727.062
mean B0=80.5211 homogen=47669.729
mean B0=61.4995 homogen=113649.4359
mean B0=79.393 homogen=40834.9533
mean B0=78.1382 homogen=34613.6048
mean B0=73.7146 homogen=48790.7373
mean B0=87.2282 homogen=94027.8715
mean B0=84.7444 homogen=74272.9728
mean B0=89.0411 homogen=126032.8111
mean B0=83.6037 homogen=65449.7656
mean B0=86.6936 homogen=88992.5568
mean B0=80.3075 homogen=41497.9088
mean B0=87.5517 homogen=106287.6002
mean B0=87.5284 homogen=97051.3233
mean B0=74.2532 homogen=25363.4735
mean B0=84.9876 homogen=78497.9453
mean B0=68.4467 homogen=40390.9373
mean B0=87.7669 homogen=99624.9477
mean B0=70.4892 homogen=17568.5956
mean B0=85.8329 homogen=82603.7868
mean B0=88.2237 homogen=113936.835
mean B0=87.8255 homogen=108977.8096
mean B0=72.556 homogen=16176.2063
mean B0=88.3214 homogen=118929.9931
mean B0=69.423 homogen=9019.5622
mean B0=81.9805 homogen=56055.0072
mean B0=72.1498 homogen=165027.1283
mean B0=86.5186 homogen=87782.2261
mean B0=74.3314 homogen=23994.7273
mean B0=75.8957 homogen=28276.8263
mean B0=67.0525 homogen=6278.4421
mean B0=78.2041 homogen=40905.3983
   338 |    13520 |     40 |  0.000000E+00 |  0.000000E+00 |  0.0015107323 |             f
mean B0=87.7718 homogen=99630.0119
mean B0=82.945 homogen=62380.6634
mean B0=86.3137 homogen=92609.1217
mean B0=67.7403 homogen=228595.2955
mean B0=78.6252 homogen=38031.5391
mean B0=89.861 homogen=115077.2143
mean B0=85.0958 homogen=70614.3132
mean B0=88.0388 homogen=113126.1411
mean B0=82.8504 homogen=61144.5338
mean B0=77.861 homogen=33181.9521
mean B0=85.8679 homogen=82623.3036
mean B0=84.3194 homogen=72132.3644
mean B0=75.5632 homogen=40793.4532
mean B0=84.1016 homogen=72946.1136
mean B0=88.7712 homogen=122958.2432
mean B0=75.5735 homogen=26732.2508
mean B0=69.2584 homogen=8862.9122
mean B0=76.8828 homogen=34176.7448
mean B0=70.8135 homogen=12810.4667
mean B0=88.4506 homogen=119236.7493
mean B0=86.7834 homogen=89831.4277
mean B0=74.2949 homogen=21013.1545
mean B0=86.6973 homogen=89052.8961
mean B0=69.6849 homogen=9612.3426
mean B0=82.3487 homogen=57661.7109
mean B0=78.5633 homogen=44339.5184
mean B0=79.3611 homogen=40735.1386
mean B0=43.6386 homogen=119583.8871
mean B0=83.9099 homogen=71045.2211
mean B0=88.9888 homogen=125511.4002
mean B0=84.8526 homogen=75285.6051
mean B0=82.3134 homogen=58201.3156
mean B0=74.2806 homogen=25260.9124
mean B0=75.4059 homogen=35586.6975
mean B0=79.9938 homogen=45108.965
mean B0=74.6441 homogen=25518.9111
mean B0=67.6085 homogen=6065.3497
mean B0=76.7065 homogen=34601.0722
mean B0=87.8255 homogen=108977.8096
mean B0=81.5417 homogen=52875.2012
   339 |    13560 |     40 |  0.000000E+00 |  0.000000E+00 |  0.0031222744 |             f
mean B0=80.0003 homogen=45135.838
mean B0=74.1416 homogen=69602.7158
mean B0=78.3213 homogen=35885.1508
mean B0=76.6755 homogen=44248.2913
mean B0=78.4725 homogen=36354.8278
mean B0=71.2729 homogen=13480.2874
mean B0=72.8165 homogen=156265.3731
mean B0=78.1346 homogen=44726.5912
mean B0=81.0034 homogen=50079.6522
mean B0=85.81 homogen=82527.4077
mean B0=77.6847 homogen=52208.971
mean B0=67.6101 homogen=6049.8192
mean B0=76.7596 homogen=63657.322
mean B0=78.5584 homogen=42647.9989
mean B0=81.9777 homogen=56270.7834
mean B0=85.4152 homogen=80731.838
mean B0=89.6692 homogen=113651.0824
mean B0=52.3442 homogen=83154.86
mean B0=84.7467 homogen=89375.5248
mean B0=76.0883 homogen=32016.847
mean B0=87.1136 homogen=93257.627
mean B0=75.5363 homogen=77755.0284
mean B0=86.6591 homogen=96329.0818
mean B0=86.3127 homogen=99578.3164
mean B0=77.2886 homogen=35399.9335
mean B0=70.8135 homogen=12810.4667
mean B0=89.0412 homogen=126031.0498
mean B0=76.8905 homogen=42092.8314
mean B0=88.2225 homogen=113927.1925
mean B0=87.2511 homogen=94097.2052
mean B0=86.2124 homogen=93362.8168
mean B0=72.4152 homogen=15652.1444
mean B0=75.8704 homogen=53063.4401
mean B0=87.7807 homogen=92170.8662
mean B0=78.4755 homogen=35734.441
mean B0=85.3006 homogen=81418.0358
mean B0=78.6984 homogen=45195.1211
mean B0=80.6253 homogen=69178.7472
mean B0=71.6864 homogen=14068.7392
mean B0=76.8555 homogen=35797.5509
   340 |    13600 |     40 |  0.000000E+00 |  0.000000E+00 |  0.0021772567 |             f
mean B0=87.2446 homogen=86528.9366
mean B0=81.5517 homogen=52947.4271
mean B0=69.4021 homogen=9593.2445
mean B0=88.4559 homogen=119337.8675
mean B0=74.1611 homogen=23969.2231
mean B0=88.2235 homogen=113933.4365
mean B0=77.4389 homogen=53620.1344
mean B0=85.7872 homogen=82312.0679
mean B0=90.125 homogen=118794.157
mean B0=87.7669 homogen=99624.456
mean B0=79.713 homogen=43968.7582
mean B0=87.4976 homogen=93897.0142
mean B0=76.2717 homogen=29853.2504
mean B0=53.4773 homogen=52566.6852
mean B0=77.6396 homogen=32545.9551
mean B0=67.0717 homogen=6024.0721
mean B0=79.0549 homogen=35989.6467
mean B0=67.2451 homogen=116149.5279
mean B0=70.8669 homogen=13067.8203
mean B0=84.9544 homogen=77886.8788
mean B0=67.8169 homogen=113370.3896
mean B0=82.8404 homogen=61079.5882
mean B0=87.7612 homogen=107690.6694
mean B0=87.2442 homogen=93998.0116
mean B0=70.9792 homogen=13791.1798
mean B0=79.3612 homogen=40738.4278
mean B0=74.5198 homogen=59670.3115
mean B0=84.4894 homogen=67657.1692
mean B0=85.8695 homogen=93823.8544
mean B0=82.948 homogen=62404.0733
mean B0=82.2687 homogen=57360.6031
mean B0=74.4901 homogen=45393.2296
mean B0=85.2829 homogen=88380.3246
mean B0=72.3264 homogen=15832.9012
mean B0=78.1962 homogen=40860.3159
mean B0=83.7079 homogen=66102.3892
mean B0=77.2776 homogen=30516.6925
mean B0=81.1717 homogen=50999.1303
mean B0=82.499 homogen=74134.0038
mean B0=71.6161 homogen=13965.9043
   341 |    13640 |     40 |  0.000000E+00 |  0.000000E+00 |  0.0031330838 |             f
mean B0=89.0412 homogen=126030.0821
mean B0=86.4849 homogen=114308.2275
mean B0=82.0007 homogen=55750.3867
mean B0=76.7279 homogen=44861.6996
mean B0=86.5432 homogen=87848.2291
mean B0=69.7193 homogen=15066.4191
mean B0=77.8834 homogen=236716.1592
mean B0=85.043 homogen=86709.1758
mean B0=85.1954 homogen=77114.5119
mean B0=87.0342 homogen=93753.7334
mean B0=75.9359 homogen=28462.823
mean B0=73.6029 homogen=43284.5132
mean B0=71.2638 homogen=14513.6084
mean B0=74.7443 homogen=40632.8959
mean B0=78.3917 homogen=35493.5204
mean B0=81.2113 homogen=65490.0339
mean B0=85.4105 homogen=80711.3728
mean B0=88.4634 homogen=119444.6254
mean B0=85.8326 homogen=82609.6874
mean B0=72.9585 homogen=39883.9723
mean B0=79.361 homogen=40738.2052
mean B0=74.625 homogen=19031.88
mean B0=79.9785 homogen=45282.3466
mean B0=79.8848 homogen=44854.1663
mean B0=87.0267 homogen=92027.2497
mean B0=69.1565 homogen=17413.6016
mean B0=87.7718 homogen=99631.9158
mean B0=75.4173 homogen=33485.0261
mean B0=83.805 homogen=70231.0976
mean B0=78.6863 homogen=37805.5344
mean B0=80.9605 homogen=49816.2843
mean B0=74.3589 homogen=224850.8333
mean B0=73.8412 homogen=23161.8064
mean B0=72.3637 homogen=30261.2452
mean B0=82.764 homogen=113241.2759
mean B0=80.1709 homogen=39360.209
mean B0=83.7424 homogen=57598.5593
mean B0=79.9927 homogen=45109.2571
mean B0=82.8404 homogen=61079.2964
mean B0=71.9694 homogen=24996.9515
   342 |    13680 |     40 |  0.000000E+00 |  0.000000E+00 |  0.0012656743 |             f
mean B0=87.7688 homogen=99647.64
mean B0=82.7841 homogen=54595.2688
mean B0=71.1856 homogen=24585.508
mean B0=87.8151 homogen=108842.7666
mean B0=66.0617 homogen=117409.0672
mean B0=74.5315 homogen=24859.4766
mean B0=87.4985 homogen=105404.6049
mean B0=69.3019 homogen=8644.5646
mean B0=75.583 homogen=27262.564
mean B0=87.0569 homogen=92133.0282
mean B0=74.4324 homogen=21418.007
mean B0=79.3524 homogen=40697.6536
mean B0=85.2959 homogen=71586.0743
mean B0=70.8135 homogen=12816.4229
mean B0=70.3177 homogen=15938.1977
mean B0=67.2597 homogen=4813.1753
mean B0=87.2888 homogen=94199.6192
mean B0=55.8879 homogen=73166.8252
mean B0=80.1248 homogen=45652.5092
mean B0=74.6319 homogen=67222.9406
mean B0=82.9503 homogen=62390.687
mean B0=78.1891 homogen=40840.0325
mean B0=74.1421 homogen=21931.5475
mean B0=86.3311 homogen=86235.3105
mean B0=55.5732 homogen=70092.9765
mean B0=82.5485 homogen=63367.6747
mean B0=87.7652 homogen=99587.8926
mean B0=77.0042 homogen=34176.0319
mean B0=69.5199 homogen=9223.7608
mean B0=87.1532 homogen=104961.4955
mean B0=75.4829 homogen=198401.5345
mean B0=77.8708 homogen=33235.019
mean B0=84.5409 homogen=95727.5797
mean B0=53.4138 homogen=78085.7687
mean B0=90.0905 homogen=115410.6371
mean B0=53.9855 homogen=84106.5253
mean B0=85.8321 homogen=82606.0105
mean B0=77.4235 homogen=32328.6116
mean B0=87.277 homogen=96695.1506
mean B0=79.9453 homogen=61303.0906
   343 |    13720 |     40 |  0.000000E+00 |  0.000000E+00 |  0.0020279890 |             f
mean B0=68.6684 homogen=252921.6154
mean B0=90.1242 homogen=118766.6539
mean B0=87.6292 homogen=97779.586
mean B0=83.6645 homogen=69490.0595
mean B0=85.0256 homogen=78569.0611
mean B0=72.4174 homogen=15642.208
mean B0=69.3016 homogen=8639.4001
mean B0=85.9287 homogen=73601.5281
mean B0=77.7344 homogen=38072.3712
mean B0=82.1254 homogen=64546.9505
mean B0=71.2931 homogen=15104.0604
mean B0=74.4364 homogen=181278.7199
mean B0=73.483 homogen=202523.6575
mean B0=86.2022 homogen=93100.2212
mean B0=83.9996 homogen=71768.4636
mean B0=79.3761 homogen=52900.0036
mean B0=72.8163 homogen=17146.67
mean B0=87.4272 homogen=104992.2647
mean B0=74.1895 homogen=20623.4559
mean B0=74.3381 homogen=24689.0328
mean B0=78.6086 homogen=43019.8894
mean B0=35.3405 homogen=241966.9475
mean B0=85.8582 homogen=87444.7468
mean B0=88.5821 homogen=121009.911
mean B0=82.4427 homogen=59614.3785
mean B0=88.4641 homogen=119442.881
mean B0=67.6097 homogen=6086.2363
mean B0=78.3763 homogen=41611.367
mean B0=84.6294 homogen=76047.9602
mean B0=64.6232 homogen=29679.4024
mean B0=67.2597 homogen=4813.1753
mean B0=77.4272 homogen=229272.1237
mean B0=87.6563 homogen=94675.9105
mean B0=79.3413 homogen=40655.5055
mean B0=81.9085 homogen=55178.288
mean B0=88.074 homogen=111712.1773
mean B0=48.2029 homogen=100971.3216
mean B0=69.3755 homogen=30694.4353
mean B0=69.7477 homogen=34410.6945
mean B0=72.8027 homogen=20141.9353
   344 |    13760 |     40 |  0.000000E+00 |  0.000000E+00 |  0.0054784074 |             f
mean B0=82.3029 homogen=137531.6664
mean B0=74.061 homogen=184797.9242
mean B0=71.6736 homogen=10957.7946
mean B0=85.629 homogen=91115.3082
mean B0=87.9613 homogen=110244.884
mean B0=83.5806 homogen=65224.1024
mean B0=73.2583 homogen=41835.7493
mean B0=80.1248 homogen=45654.8225
mean B0=77.6175 homogen=49510.4672
mean B0=85.7273 homogen=84811.9338
mean B0=83.0035 homogen=63102.1677
mean B0=64.9073 homogen=14398.7196
mean B0=77.0771 homogen=35617.5645
mean B0=74.1049 homogen=19469.0171
mean B0=86.9811 homogen=90676.1961
mean B0=85.4875 homogen=100301.0257
mean B0=74.5074 homogen=25625.1873
mean B0=67.2601 homogen=4816.5661
mean B0=85.3666 homogen=80638.2657
mean B0=70.7312 homogen=138069.0588
mean B0=75.0276 homogen=42250.6937
mean B0=84.7886 homogen=77272.203
mean B0=48.1605 homogen=110312.966
mean B0=53.9059 homogen=76899.795
mean B0=79.4539 homogen=41278.2977
mean B0=86.5651 homogen=88105.6735
mean B0=80.8631 homogen=107779.6854
mean B0=75.936 homogen=28464.925
mean B0=86.5635 homogen=98075.6983
mean B0=81.0206 homogen=43057.9551
mean B0=88.1477 homogen=112402.7048
mean B0=73.3063 homogen=17692.3511
mean B0=78.786 homogen=45338.4558
mean B0=83.9502 homogen=77071.2949
mean B0=67.6795 homogen=111690.7037
mean B0=68.3269 homogen=32271.5129
mean B0=79.6616 homogen=70653.066
mean B0=70.8138 homogen=12813.5103
mean B0=82.9954 homogen=62940.3338
mean B0=88.7134 homogen=122486.8287
   345 |    13800 |     40 |  0.000000E+00 |  0.000000E+00 |  0.0010704759 |             f
mean B0=72.3618 homogen=15699.0967
mean B0=72.8139 homogen=17136.809
mean B0=84.8341 homogen=77615.2369
mean B0=82.4902 homogen=52626.5757
mean B0=78.1269 homogen=50211.0191
mean B0=81.0771 homogen=50551.3643
mean B0=86.8845 homogen=90531.8472
mean B0=88.7168 homogen=122593.5487
mean B0=66.5816 homogen=13836.1248
mean B0=74.3843 homogen=21379.4247
mean B0=79.4718 homogen=43388.4663
mean B0=78.0993 homogen=34367.9035
mean B0=78.6197 homogen=49731.7502
mean B0=80.7094 homogen=48824.2071
mean B0=79.3416 homogen=40650.7608
mean B0=85.8199 homogen=87026.8822
mean B0=88.1524 homogen=89231.9396
mean B0=69.3363 homogen=8681.6311
mean B0=75.8086 homogen=40809.9539
mean B0=47.4494 homogen=114195.018
mean B0=83.2598 homogen=64937.9963
mean B0=74.6455 homogen=25527.4317
mean B0=83.1491 homogen=64217.1944
mean B0=74.9061 homogen=55102.0178
mean B0=83.1858 homogen=93385.0002
mean B0=84.5459 homogen=75361.2726
mean B0=86.4466 homogen=82714.7533
mean B0=87.0228 homogen=91942.1929
mean B0=67.5765 homogen=6074.0766
mean B0=81.6812 homogen=53794.7433
mean B0=74.0225 homogen=40844.3374
mean B0=87.0879 homogen=92810.2844
mean B0=82.2985 homogen=59723.1938
mean B0=56.8161 homogen=308340.5733
mean B0=87.7723 homogen=99633.6093
mean B0=87.8474 homogen=109207.8558
mean B0=79.1073 homogen=266415.5624
mean B0=71.3421 homogen=17231.3454
mean B0=78.9142 homogen=74537.3595
mean B0=76.981 homogen=41255.7694
   346 |    13840 |     40 |  0.000000E+00 |  0.000000E+00 |  0.0028388133 |             f
mean B0=67.811 homogen=21790.7903
mean B0=85.5627 homogen=73419.3325
mean B0=65.0571 homogen=270273.1708
mean B0=87.8149 homogen=108851.3286
mean B0=78.7254 homogen=43631.9223
mean B0=72.4598 homogen=16178.9931
mean B0=90.1916 homogen=118464.0307
mean B0=88.5659 homogen=120821.2992
mean B0=74.4734 homogen=21708.7761
mean B0=85.1064 homogen=76408.2641
mean B0=74.4865 homogen=207544.9184
mean B0=87.1805 homogen=96182.0058
mean B0=81.1327 homogen=63666.6787
mean B0=78.2978 homogen=106360.3785
mean B0=65.2583 homogen=33556.534
mean B0=79.7869 homogen=40568.8187
mean B0=86.598 homogen=88365.978
mean B0=75.6398 homogen=27419.6595
mean B0=67.3352 homogen=4965.93
mean B0=77.8645 homogen=33199.0352
mean B0=72.8179 homogen=17152.5639
mean B0=68.912 homogen=41342.3985
mean B0=80.5938 homogen=48022.2668
mean B0=80.7094 homogen=48819.6001
mean B0=89.9802 homogen=116552.6026
mean B0=70.7716 homogen=13833.8366
mean B0=76.3521 homogen=33392.6705
mean B0=85.8481 homogen=82714.1423
mean B0=81.5805 homogen=53178.7847
mean B0=80.1105 homogen=45591.9734
mean B0=79.3416 homogen=40650.7608
mean B0=51.0556 homogen=110862.1123
mean B0=75.1078 homogen=45280.37
mean B0=75.4561 homogen=42228.8976
mean B0=85.9037 homogen=75510.0077
mean B0=74.9374 homogen=84308.1913
mean B0=83.1101 homogen=63881.2359
mean B0=78.0378 homogen=34164.9871
mean B0=85.2831 homogen=79861.9169
mean B0=78.6922 homogen=37836.3904
   347 |    13880 |     40 |  0.000000E+00 |  0.000000E+00 |  0.0007403451 |             f
mean B0=72.1535 homogen=42013.4878
mean B0=75.936 homogen=28465.3385
mean B0=79.0026 homogen=39042.8435
mean B0=87.2728 homogen=90942.1358
mean B0=71.6161 homogen=13965.9043
mean B0=71.6159 homogen=14550.3422
mean B0=71.6394 homogen=48973.8951
mean B0=77.9719 homogen=35343.8731
mean B0=85.0118 homogen=77320.3764
mean B0=72.5827 homogen=16672.633
mean B0=45.008 homogen=78870.377
mean B0=80.1098 homogen=45588.4279
mean B0=74.1096 homogen=20770.4656
mean B0=69.7222 homogen=34022.2337
mean B0=79.7864 homogen=37977.9793
mean B0=87.6192 homogen=97721.7109
mean B0=73.4181 homogen=33968.3237
mean B0=67.61 homogen=6047.5436
mean B0=78.9235 homogen=38530.228
mean B0=83.604 homogen=65444.3194
mean B0=59.3013 homogen=33572.2016
mean B0=80.5938 homogen=48022.7879
mean B0=87.7305 homogen=110767.2433
mean B0=64.4931 homogen=228282.6686
mean B0=74.4734 homogen=21708.7761
mean B0=79.7464 homogen=48711.3538
mean B0=84.5474 homogen=86366.7867
mean B0=88.0028 homogen=111291.1117
mean B0=86.8137 homogen=92891.9772
mean B0=67.1099 homogen=5786.8601
mean B0=78.3598 homogen=36153.2591
mean B0=77.8645 homogen=33198.9168
mean B0=75.6645 homogen=27652.8954
mean B0=73.5461 homogen=45506.4107
mean B0=80.647 homogen=55110.0018
mean B0=81.5898 homogen=53218.2548
mean B0=80.5061 homogen=47025.8711
mean B0=72.2095 homogen=168745.9747
mean B0=89.0212 homogen=125820.8061
mean B0=87.4719 homogen=108425.8016
   348 |    13920 |     40 |  0.000000E+00 |  0.000000E+00 |  0.0025968708 |             f
mean B0=72.8466 homogen=16893.2525
mean B0=68.2043 homogen=11133.0762
mean B0=83.6923 homogen=88895.0456
mean B0=76.2389 homogen=40059.2774
mean B0=74.9313 homogen=35620.4805
mean B0=85.1175 homogen=78181.1228
mean B0=85.6511 homogen=91532.8
mean B0=73.3658 homogen=42717.5269
mean B0=85.6157 homogen=87511.2736
mean B0=78.8782 homogen=44334.679
mean B0=76.6557 homogen=34971.1874
mean B0=87.6977 homogen=99137.7834
mean B0=82.4421 homogen=59618.5721
mean B0=76.0042 homogen=28787.9555
mean B0=77.8706 homogen=33230.5476
mean B0=80.1098 homogen=45588.4279
mean B0=72.7296 homogen=17924.6338
mean B0=89.5167 homogen=110802.77
mean B0=69.3092 homogen=8588.5307
mean B0=74.6863 homogen=41161.6682
mean B0=87.8888 homogen=113260.1808
mean B0=81.1112 homogen=50718.1767
mean B0=78.8412 homogen=46278.6876
mean B0=79.5163 homogen=74225.8571
mean B0=84.0749 homogen=125774.4018
mean B0=86.4942 homogen=87543.6682
mean B0=89.6399 homogen=112390.576
mean B0=75.588 homogen=39764.5151
mean B0=86.7452 homogen=91911.4944
mean B0=84.8762 homogen=68439.8628
mean B0=83.8807 homogen=90670.2345
mean B0=81.914 homogen=55133.6348
mean B0=83.6039 homogen=65446.5246
mean B0=79.0282 homogen=265305.9367
mean B0=78.3551 homogen=36133.9199
mean B0=75.583 homogen=27262.564
mean B0=69.339 homogen=8686.4187
mean B0=84.9649 homogen=98031.3432
mean B0=55.4148 homogen=303196.4352
mean B0=69.9328 homogen=25846.7677
   349 |    13960 |     40 |  0.000000E+00 |  0.000000E+00 |  0.0005908877 |             f
mean B0=76.1063 homogen=78622.6024
mean B0=67.2565 homogen=4823.8195
mean B0=77.4963 homogen=98767.3079
mean B0=73.1294 homogen=17968.8924
mean B0=89.6879 homogen=112928.0848
mean B0=85.5431 homogen=87487.1013
mean B0=78.3598 homogen=36153.2591
mean B0=81.9115 homogen=55128.7263
mean B0=82.9728 homogen=62801.4224
mean B0=81.0257 homogen=49992.6387
mean B0=79.3416 homogen=40650.7608
mean B0=87.5565 homogen=97712.2974
mean B0=70.2262 homogen=25642.7595
mean B0=84.5499 homogen=75375.6589
mean B0=78.6093 homogen=61242.4003
mean B0=77.6872 homogen=210691.11
mean B0=79.5793 homogen=45376.0638
mean B0=74.1158 homogen=24188.8277
mean B0=74.8035 homogen=35186.5235
mean B0=68.743 homogen=27042.4543
mean B0=68.9786 homogen=8428.2217
mean B0=70.8233 homogen=12840.5961
mean B0=79.5121 homogen=41898.9146
mean B0=43.454 homogen=119301.2457
mean B0=86.6526 homogen=106531.59
mean B0=83.5191 homogen=67136.1337
mean B0=74.4734 homogen=21708.7761
mean B0=88.495 homogen=86185.5389
mean B0=88.247 homogen=114235.4449
mean B0=82.3664 homogen=85657.3578
mean B0=83.604 homogen=65444.3194
mean B0=66.2286 homogen=211853.7494
mean B0=70.4667 homogen=156313.9566
mean B0=65.7089 homogen=230810.4232
mean B0=84.7062 homogen=112064.4812
mean B0=69.5857 homogen=121409.6704
mean B0=90.0974 homogen=117400.9926
mean B0=73.2638 homogen=15861.4946
mean B0=83.1467 homogen=65157.7497
mean B0=74.1895 homogen=20623.4559
   350 |    14000 |     40 |  0.000000E+00 |  0.000000E+00 |  0.0022931800 |             f
mean B0=74.8108 homogen=42840.3882
mean B0=55.8564 homogen=46599.4449
mean B0=77.3609 homogen=30486.4183
mean B0=88.777 homogen=123966.5869
mean B0=81.4366 homogen=46107.8185
mean B0=78.3128 homogen=253487.8043
mean B0=83.914 homogen=131089.3204
mean B0=67.8611 homogen=6616.5175
mean B0=89.0485 homogen=126110.8114
mean B0=70.5713 homogen=12721.7549
mean B0=78.5539 homogen=39563.2276
mean B0=78.3598 homogen=36153.2591
mean B0=71.2605 homogen=16471.8979
mean B0=67.9246 homogen=254326.2692
mean B0=78.3712 homogen=30799.7244
mean B0=83.5835 homogen=65308.0085
mean B0=79.0619 homogen=39249.7659
mean B0=74.0632 homogen=20980.2782
mean B0=71.3969 homogen=14560.0509
mean B0=70.4663 homogen=26139.9954
mean B0=75.3193 homogen=77030.9175
mean B0=77.405 homogen=52483.3709
mean B0=79.4223 homogen=41928.4584
mean B0=87.8096 homogen=108489.7615
mean B0=86.2473 homogen=111822.0398
mean B0=80.571 homogen=48006.5842
mean B0=76.4576 homogen=40115.1056
mean B0=74.1953 homogen=21143.9798
mean B0=82.9656 homogen=62742.025
mean B0=85.653 homogen=91874.2621
mean B0=78.5433 homogen=62994.2708
mean B0=85.8582 homogen=87444.7468
mean B0=72.8933 homogen=23373.0283
mean B0=75.1534 homogen=31134.9051
mean B0=78.7932 homogen=43927.3697
mean B0=81.9313 homogen=55262.0607
mean B0=74.6479 homogen=37333.8611
mean B0=87.9334 homogen=110449.1818
mean B0=87.3402 homogen=106857.5884
mean B0=72.241 homogen=30821.6589
   351 |    14040 |     40 |  0.000000E+00 |  0.000000E+00 |  0.0030825914 |             f
mean B0=73.4983 homogen=45576.9335
mean B0=77.3851 homogen=35810.4592
mean B0=73.0274 homogen=17767.5202
mean B0=72.3604 homogen=15542.5823
mean B0=78.3598 homogen=36153.2591
mean B0=78.661 homogen=37218.0578
mean B0=81.1072 homogen=102100.1273
mean B0=48.9479 homogen=95708.1531
mean B0=76.2595 homogen=32375.6093
mean B0=78.8184 homogen=37867.2568
mean B0=74.4734 homogen=21708.7761
mean B0=79.1399 homogen=39738.2862
mean B0=89.8343 homogen=117180.1027
mean B0=78.7453 homogen=40526.3803
mean B0=67.1986 homogen=4860.3681
mean B0=83.6042 homogen=65444.9389
mean B0=85.1176 homogen=78180.7035
mean B0=76.5895 homogen=56284.887
mean B0=84.9735 homogen=68938.9921
mean B0=70.6243 homogen=30069.8991
mean B0=83.65 homogen=73455.7402
mean B0=81.5072 homogen=102675.9024
mean B0=75.6935 homogen=27563.5138
mean B0=85.8602 homogen=87448.9629
mean B0=79.3416 homogen=40650.7608
mean B0=66.8928 homogen=8349.9388
mean B0=86.5549 homogen=102494.6398
mean B0=81.1114 homogen=50715.0005
mean B0=83.7931 homogen=69187.6898
mean B0=84.5674 homogen=108769.2884
mean B0=87.2888 homogen=94199.6192
mean B0=79.0819 homogen=80790.5979
mean B0=74.3947 homogen=44880.4595
mean B0=84.1888 homogen=71689.2918
mean B0=82.4886 homogen=59987.7762
mean B0=75.5829 homogen=27262.7684
mean B0=68.9786 homogen=8425.5233
mean B0=82.4689 homogen=58719.8327
mean B0=85.5106 homogen=93861.9232
mean B0=52.07 homogen=91657.4523
   352 |    14080 |     40 |  0.000000E+00 |  0.000000E+00 |  0.0023056635 |             f
mean B0=87.082 homogen=78436.5963
mean B0=73.0798 homogen=17970.2997
mean B0=49.4218 homogen=106093.7828
mean B0=85.1398 homogen=115146.5787
mean B0=67.8611 homogen=6616.5175
mean B0=82.6077 homogen=60805.3306
mean B0=88.247 homogen=114233.7204
mean B0=81.1114 homogen=50715.0005
mean B0=84.2842 homogen=72555.595
mean B0=83.7931 homogen=69187.6898
mean B0=87.5558 homogen=97716.6443
mean B0=77.2155 homogen=35478.3485
mean B0=80.5628 homogen=35813.3063
mean B0=77.4646 homogen=229478.0522
mean B0=78.732 homogen=37573.4735
mean B0=80.5881 homogen=48078.1855
mean B0=66.7866 homogen=7176.1229
mean B0=79.6947 homogen=44858.2588
mean B0=75.6348 homogen=27049.5022
mean B0=70.8477 homogen=13186.3946
mean B0=76.0045 homogen=28794.1569
mean B0=78.304 homogen=35869.968
mean B0=80.7527 homogen=120088.2395
mean B0=80.4726 homogen=41433.661
mean B0=87.7723 homogen=99633.6093
mean B0=83.4518 homogen=64460.173
mean B0=79.0708 homogen=35936.821
mean B0=68.1432 homogen=23540.6619
mean B0=71.0113 homogen=12598.3929
mean B0=77.2705 homogen=30476.4885
mean B0=82.4676 homogen=58708.939
mean B0=81.8308 homogen=69101.6799
mean B0=69.7499 homogen=9622.2929
mean B0=87.2888 homogen=94199.6192
mean B0=79.7264 homogen=70889.8822
mean B0=53.2068 homogen=78493.8274
mean B0=89.024 homogen=126328.6426
mean B0=76.2751 homogen=92836.894
mean B0=81.8488 homogen=55341.4736
mean B0=67.7742 homogen=22069.9811
   353 |    14120 |     40 |  0.000000E+00 |  0.000000E+00 |  0.0036759597 |             f
mean B0=70.4991 homogen=12515.3979
mean B0=85.8586 homogen=87466.3968
mean B0=89.9083 homogen=116643.6198
mean B0=74.8251 homogen=23517.796
mean B0=80.6311 homogen=42050.3817
mean B0=71.6161 homogen=13965.9043
mean B0=87.295 homogen=94212.788
mean B0=81.9312 homogen=55264.68
mean B0=69.5626 homogen=9791.4712
mean B0=87.8784 homogen=96106.4781
mean B0=83.0631 homogen=56135.2453
mean B0=89.6676 homogen=112700.7138
mean B0=87.6138 homogen=107161.691
mean B0=80.2547 homogen=40494.5636
mean B0=85.8345 homogen=94047.1333
mean B0=69.3961 homogen=6652.6476
mean B0=75.1956 homogen=41248.2786
mean B0=74.9015 homogen=42447.0838
mean B0=72.2145 homogen=23326.4762
mean B0=82.9228 homogen=55439.907
mean B0=73.6413 homogen=18002.0741
mean B0=77.3852 homogen=35814.165
mean B0=86.4252 homogen=103832.6355
mean B0=87.3707 homogen=103474.7904
mean B0=82.3798 homogen=67986.0281
mean B0=73.0274 homogen=17767.5202
mean B0=87.0673 homogen=78513.5694
mean B0=83.5834 homogen=65308.4641
mean B0=74.2596 homogen=24316.6318
mean B0=86.2925 homogen=101531.7868
mean B0=79.9804 homogen=49631.8398
mean B0=86.1879 homogen=100635.5984
mean B0=79.1956 homogen=39943.1427
mean B0=77.8493 homogen=47360.6636
mean B0=80.6809 homogen=42589.6066
mean B0=84.2865 homogen=72554.7818
mean B0=75.0671 homogen=51348.6578
mean B0=69.405 homogen=30569.6647
mean B0=62.8411 homogen=27645.736
mean B0=71.8377 homogen=46719.1125
   354 |    14160 |     40 |  0.000000E+00 |  0.000000E+00 |  0.0016831811 |             f
mean B0=85.1075 homogen=78102.7665
mean B0=88.9362 homogen=124693.7447
mean B0=83.0019 homogen=55818.7119
mean B0=78.1638 homogen=48193.8306
mean B0=72.9848 homogen=43724.3175
mean B0=88.7779 homogen=123967.0309
mean B0=80.9592 homogen=43876.8526
mean B0=70.6311 homogen=12366.3201
mean B0=76.9682 homogen=36346.9029
mean B0=86.3283 homogen=94328.1427
mean B0=88.2561 homogen=114360.2118
mean B0=72.852 homogen=36442.666
mean B0=84.8962 homogen=69188.2648
mean B0=72.1811 homogen=50179.7002
mean B0=80.2417 homogen=53859.2234
mean B0=76.6971 homogen=38397.0351
mean B0=85.6571 homogen=103564.8348
mean B0=78.481 homogen=36326.6735
mean B0=73.6212 homogen=23284.9954
mean B0=83.1688 homogen=42641.2058
mean B0=84.2901 homogen=72611.2744
mean B0=67.3569 homogen=5017.4483
mean B0=66.5618 homogen=29840.4895
mean B0=76.3975 homogen=36741.581
mean B0=73.4495 homogen=41305.8216
mean B0=71.6164 homogen=13966.1177
mean B0=78.1276 homogen=45269.3582
mean B0=70.1306 homogen=12134.7658
mean B0=56.6468 homogen=41149.8201
mean B0=82.1329 homogen=57468.3229
mean B0=85.8502 homogen=87324.5972
mean B0=77.2705 homogen=30477.6412
mean B0=74.6945 homogen=28601.7782
mean B0=83.4908 homogen=76181.6269
mean B0=77.6967 homogen=32135.3344
mean B0=68.5396 homogen=143312.5582
mean B0=72.8983 homogen=39867.5444
mean B0=84.4977 homogen=97274.8785
mean B0=87.2888 homogen=94199.6192
mean B0=85.9394 homogen=108772.979
   355 |    14200 |     40 |  0.000000E+00 |  0.000000E+00 |  0.0026751882 |             f
mean B0=83.5835 homogen=65307.7022
mean B0=88.5659 homogen=120821.2992
mean B0=73.8728 homogen=21563.7694
mean B0=67.4977 homogen=33557.6211
mean B0=88.2441 homogen=114257.8313
mean B0=79.895 homogen=44551.8206
mean B0=84.5266 homogen=73823.2264
mean B0=67.4097 homogen=5091.8467
mean B0=83.2207 homogen=70425.2553
mean B0=83.5616 homogen=65192.1407
mean B0=87.5564 homogen=97710.7617
mean B0=88.2567 homogen=114354.6712
mean B0=79.3569 homogen=41114.3452
mean B0=80.4462 homogen=47378.831
mean B0=85.3644 homogen=79027.0378
mean B0=76.8638 homogen=41756.5464
mean B0=89.0302 homogen=125936.1349
mean B0=74.5988 homogen=22424.0139
mean B0=81.19 homogen=51209.101
mean B0=67.8096 homogen=7160.9598
mean B0=74.1895 homogen=20623.5143
mean B0=79.1956 homogen=39943.1427
mean B0=86.6646 homogen=89364.1124
mean B0=84.8295 homogen=70236.7266
mean B0=75.5118 homogen=27565.7392
mean B0=87.1103 homogen=92652.239
mean B0=77.0917 homogen=31458.446
mean B0=79.404 homogen=43670.9
mean B0=72.8737 homogen=43455.6467
mean B0=84.1759 homogen=71680.4106
mean B0=75.6348 homogen=27045.1855
mean B0=80.5594 homogen=47402.7079
mean B0=87.9324 homogen=109891.6537
mean B0=71.7211 homogen=14331.0403
mean B0=83.5338 homogen=57439.5231
mean B0=75.272 homogen=212073.7254
mean B0=85.831 homogen=87127.6915
mean B0=85.2535 homogen=79290.5578
mean B0=77.6224 homogen=31744.9
mean B0=61.3853 homogen=115248.8451
   356 |    14240 |     40 |  0.000000E+00 |  0.000000E+00 |  0.0032324153 |             f
mean B0=88.5659 homogen=120821.2992
mean B0=67.7135 homogen=123976.1632
mean B0=70.5926 homogen=14973.6983
mean B0=75.6575 homogen=39118.9005
mean B0=79.3977 homogen=67317.0975
mean B0=70.6387 homogen=12927.2651
mean B0=78.0936 homogen=40292.2288
mean B0=82.0209 homogen=83693.7425
mean B0=83.7892 homogen=66464.5036
mean B0=79.6766 homogen=42728.8305
mean B0=76.8719 homogen=36664.5053
mean B0=81.7369 homogen=60133.4136
mean B0=73.0495 homogen=46863.3194
mean B0=57.8931 homogen=298904.6699
mean B0=84.3835 homogen=72721.4571
mean B0=87.7797 homogen=121525.738
mean B0=68.9786 homogen=8425.5233
mean B0=81.9115 homogen=55128.7263
mean B0=84.481 homogen=72179.4007
mean B0=85.6303 homogen=84521.7188
mean B0=88.5659 homogen=120821.2992
mean B0=85.0955 homogen=78051.0048
mean B0=88.9973 homogen=115112.4593
mean B0=79.9859 homogen=45221.9446
mean B0=78.3922 homogen=44938.4943
mean B0=78.537 homogen=48074.5087
mean B0=80.2342 homogen=40334.6855
mean B0=72.6148 homogen=41668.4419
mean B0=88.7775 homogen=124098.4401
mean B0=85.8431 homogen=86937.872
mean B0=71.77 homogen=17268.9549
mean B0=72.0538 homogen=52274.5936
mean B0=79.3229 homogen=72357.5467
mean B0=83.6332 homogen=83617.0462
mean B0=74.3169 homogen=21110.207
mean B0=83.0033 homogen=55935.25
mean B0=77.2705 homogen=30476.4885
mean B0=87.3446 homogen=95002.7861
mean B0=86.6118 homogen=88566.7453
mean B0=69.9601 homogen=10254.15
   357 |    14280 |     40 |  0.000000E+00 |  0.000000E+00 |  0.0034752210 |             f
mean B0=87.3446 homogen=95002.7861
mean B0=87.9324 homogen=109891.6008
mean B0=83.4352 homogen=64360.7295
mean B0=71.6493 homogen=150602.3968
mean B0=80.47 homogen=48543.0627
mean B0=85.0074 homogen=112999.9465
mean B0=85.096 homogen=78052.4535
mean B0=87.7723 homogen=99633.6093
mean B0=67.8114 homogen=6475.1474
mean B0=76.5302 homogen=27665.1241
mean B0=68.9907 homogen=8231.9155
mean B0=79.1814 homogen=79659.8936
mean B0=89.0469 homogen=126120.2373
mean B0=72.6883 homogen=30001.4118
mean B0=75.6831 homogen=20052.288
mean B0=54.9524 homogen=81389.3265
mean B0=79.0422 homogen=32562.1714
mean B0=73.1233 homogen=17941.3558
mean B0=76.8147 homogen=40676.6266
mean B0=74.1912 homogen=20622.3648
mean B0=88.2567 homogen=114354.6712
mean B0=88.5679 homogen=120822.8244
mean B0=86.6796 homogen=89498.9243
mean B0=77.6966 homogen=32135.885
mean B0=87.7213 homogen=107292.522
mean B0=74.4046 homogen=63093.921
mean B0=73.4717 homogen=165001.6166
mean B0=88.7775 homogen=124098.4401
mean B0=67.3098 homogen=4920.6323
mean B0=78.1855 homogen=40958.7609
mean B0=78.3553 homogen=35962.1943
mean B0=77.159 homogen=35269.5832
mean B0=84.1752 homogen=71691.0113
mean B0=81.5887 homogen=57622.3275
mean B0=78.6247 homogen=37139.1823
mean B0=70.7183 homogen=14422.2297
mean B0=78.2242 homogen=41676.7731
mean B0=67.2656 homogen=4894.0652
mean B0=75.1717 homogen=55633.6503
mean B0=85.6277 homogen=84528.1019
   358 |    14320 |     40 |  0.000000E+00 |  0.000000E+00 |  0.0013311463 |             f
mean B0=79.9059 homogen=44806.3829
mean B0=88.5502 homogen=120809.1987
mean B0=82.5366 homogen=52885.808
mean B0=69.6507 homogen=12831.2098
mean B0=84.8636 homogen=73659.9391
mean B0=72.5169 homogen=17948.8892
mean B0=87.516 homogen=90530.9509
mean B0=85.0955 homogen=78051.0048
mean B0=82.2624 homogen=57552.6847
mean B0=71.7774 homogen=17305.208
mean B0=62.9219 homogen=26959.2861
mean B0=76.4972 homogen=74213.1861
mean B0=75.9358 homogen=28603.1499
mean B0=76.6624 homogen=28517.6666
mean B0=87.6274 homogen=95093.9759
mean B0=87.3412 homogen=87970.1621
mean B0=79.586 homogen=42092.8155
mean B0=81.0582 homogen=50107.938
mean B0=73.0847 homogen=18037.7138
mean B0=87.9324 homogen=109891.6008
mean B0=83.5152 homogen=64854.3698
mean B0=72.9709 homogen=17667.4616
mean B0=85.2107 homogen=83479.198
mean B0=76.942 homogen=35113.2765
mean B0=82.8635 homogen=61362.6099
mean B0=71.4794 homogen=19031.6978
mean B0=74.6205 homogen=190651.8314
mean B0=87.1103 homogen=92652.239
mean B0=64.6376 homogen=16798.2167
mean B0=69.7434 homogen=9604.0018
mean B0=81.1114 homogen=50715.0005
mean B0=75.1063 homogen=39620.9199
mean B0=77.4268 homogen=31467.9726
mean B0=81.1324 homogen=51150.2995
mean B0=84.1104 homogen=74842.5196
mean B0=84.1269 homogen=77762.5958
mean B0=77.4536 homogen=87179.6477
mean B0=83.8 homogen=63172.789
mean B0=75.578 homogen=26708.3833
mean B0=74.1912 homogen=20622.3648
   359 |    14360 |     40 |  0.000000E+00 |  0.000000E+00 |  0.0027634838 |             f
mean B0=84.5582 homogen=73903.2757
mean B0=77.6826 homogen=32086.1992
mean B0=81.0205 homogen=45500.7732
mean B0=72.2908 homogen=169736.8395
mean B0=76.6699 homogen=28524.3937
mean B0=76.8125 homogen=33465.4492
mean B0=76.1205 homogen=36504.3926
mean B0=80.3083 homogen=46476.177
mean B0=82.6055 homogen=59762.2405
mean B0=69.96 homogen=10255.9665
mean B0=75.5994 homogen=28310.1187
mean B0=88.5019 homogen=120179.4054
mean B0=87.1052 homogen=92597.07
mean B0=78.4348 homogen=36236.5895
mean B0=78.7734 homogen=50829.8007
mean B0=88.6069 homogen=121260.9663
mean B0=69.7491 homogen=14859.2636
mean B0=84.1251 homogen=71458.5506
mean B0=69.3684 homogen=10237.1686
mean B0=73.9334 homogen=20775.8101
mean B0=82.1499 homogen=56334.9164
mean B0=80.7227 homogen=42575.6381
mean B0=79.586 homogen=42092.8155
mean B0=79.1261 homogen=97978.3974
mean B0=87.0981 homogen=92672.3871
mean B0=77.17 homogen=58136.4459
mean B0=78.5519 homogen=110173.6851
mean B0=83.8019 homogen=53388.8901
mean B0=74.3125 homogen=24298.1894
mean B0=83.7589 homogen=79717.5541
mean B0=88.2567 homogen=114354.6712
mean B0=87.8208 homogen=100160.7319
mean B0=86.6698 homogen=89411.5592
mean B0=75.7537 homogen=27449.9784
mean B0=79.9563 homogen=38939.9201
mean B0=85.321 homogen=78687.308
mean B0=68.7407 homogen=13625.5019
mean B0=60.5066 homogen=190671.9843
mean B0=67.4932 homogen=6046.388
mean B0=66.8475 homogen=19876.9523
   360 |    14400 |     40 |  0.000000E+00 |  0.000000E+00 |  0.0015582300 |             f
mean B0=85.2969 homogen=78502.4548
mean B0=72.6125 homogen=14932.4976
mean B0=76.8504 homogen=72644.2924
mean B0=85.6379 homogen=82013.555
mean B0=79.3251 homogen=40816.0018
mean B0=82.6992 homogen=71249.2042
mean B0=68.9845 homogen=8142.0288
mean B0=89.3631 homogen=105853.3888
mean B0=76.0035 homogen=50034.6434
mean B0=89.0485 homogen=126110.8114
mean B0=75.578 homogen=26712.5906
mean B0=71.363 homogen=221227.756
mean B0=82.1499 homogen=56334.9164
mean B0=86.6636 homogen=89376.6555
mean B0=74.269 homogen=20919.3973
mean B0=84.443 homogen=89936.3133
mean B0=77.7538 homogen=33273.2856
mean B0=74.7727 homogen=61718.3451
mean B0=77.7017 homogen=32149.0432
mean B0=89.5644 homogen=112460.1451
mean B0=81.253 homogen=51607.7744
mean B0=71.4215 homogen=13184.403
mean B0=78.0103 homogen=33774.9149
mean B0=67.0021 homogen=7050.798
mean B0=70.1339 homogen=10876.4435
mean B0=82.5525 homogen=59156.9587
mean B0=78.6017 homogen=43719.9233
mean B0=75.7537 homogen=27449.9784
mean B0=86.9296 homogen=74519.9773
mean B0=74.8251 homogen=23517.796
mean B0=78.6247 homogen=37139.1823
mean B0=75.6651 homogen=37423.9213
mean B0=69.3684 homogen=10237.1686
mean B0=85.6317 homogen=84491.9615
mean B0=79.8962 homogen=44765.7659
mean B0=72.9584 homogen=45406.6378
mean B0=72.5114 homogen=18408.3231
mean B0=81.7076 homogen=76128.2489
mean B0=78.3632 homogen=254237.8328
mean B0=78.036 homogen=96667.9631
   361 |    14440 |     40 |  0.000000E+00 |  0.000000E+00 |  0.0032522441 |             f
mean B0=70.3723 homogen=27784.3649
mean B0=72.7388 homogen=29351.2528
mean B0=87.2229 homogen=105538.5836
mean B0=85.8095 homogen=126967.6876
mean B0=87.1435 homogen=101989.0146
mean B0=48.9947 homogen=95059.9085
mean B0=83.7892 homogen=66464.5036
mean B0=76.4846 homogen=30144.1408
mean B0=82.6056 homogen=89542.228
mean B0=63.9022 homogen=208585.5359
mean B0=80.3532 homogen=48326.0259
mean B0=55.5081 homogen=57288.0094
mean B0=78.8979 homogen=52954.7516
mean B0=76.3315 homogen=38140.4162
mean B0=79.9877 homogen=45230.3949
mean B0=71.7457 homogen=29981.4269
mean B0=67.0324 homogen=6302.8794
mean B0=77.4395 homogen=31241.7048
mean B0=74.6984 homogen=21940.4408
mean B0=88.6256 homogen=121556.6535
mean B0=80.2952 homogen=51296.2554
mean B0=73.0265 homogen=26771.4858
mean B0=85.4003 homogen=83650.2943
mean B0=77.6289 homogen=32527.1989
mean B0=87.7966 homogen=99875.7648
mean B0=67.5649 homogen=5596.2979
mean B0=75.578 homogen=26708.3833
mean B0=70.8943 homogen=16014.6648
mean B0=78.968 homogen=38888.4051
mean B0=80.5894 homogen=54134.729
mean B0=85.7607 homogen=82332.7485
mean B0=80.6159 homogen=47367.3309
mean B0=76.7059 homogen=36990.4246
mean B0=76.9284 homogen=30837.7534
mean B0=79.1203 homogen=90145.7404
mean B0=88.1973 homogen=113605.9953
mean B0=82.5299 homogen=59071.4244
mean B0=79.1525 homogen=40278.7727
mean B0=83.3846 homogen=72700.2732
mean B0=89.0225 homogen=125787.5937
   362 |    14480 |     40 |  0.000000E+00 |  0.000000E+00 |  0.0028210426 |             f
mean B0=73.1184 homogen=17923.4001
mean B0=69.8109 homogen=10767.8997
mean B0=88.1725 homogen=98131.7979
mean B0=86.6646 homogen=89362.9881
mean B0=81.6737 homogen=47523.6627
mean B0=69.5627 homogen=9792.5888
mean B0=73.9086 homogen=168836.2767
mean B0=80.7971 homogen=57854.9578
mean B0=85.1402 homogen=115804.8319
mean B0=68.9843 homogen=8133.5187
mean B0=87.9799 homogen=112047.7886
mean B0=71.9193 homogen=15066.3422
mean B0=72.4336 homogen=32446.9976
mean B0=69.6036 homogen=31725.4698
mean B0=88.9889 homogen=125400.9766
mean B0=76.6662 homogen=38554.763
mean B0=74.4401 homogen=21655.0791
mean B0=85.189 homogen=80867.538
mean B0=76.6787 homogen=38209.6894
mean B0=85.6186 homogen=86863.4378
mean B0=78.3664 homogen=36010.1882
mean B0=67.58 homogen=6874.4129
mean B0=85.7817 homogen=92930.7431
mean B0=87.8208 homogen=100160.7319
mean B0=78.2126 homogen=45268.4117
mean B0=75.9232 homogen=31132.6262
mean B0=87.9364 homogen=101518.6601
mean B0=89.9551 homogen=116137.0014
mean B0=51.0072 homogen=78097.8082
mean B0=85.7603 homogen=82337.3655
mean B0=80.7668 homogen=42767.6084
mean B0=71.7742 homogen=17286.2486
mean B0=76.6748 homogen=35759.2295
mean B0=73.9284 homogen=23617.8003
mean B0=83.7971 homogen=66523.9667
mean B0=84.3926 homogen=62328.2583
mean B0=80.3724 homogen=46924.0461
mean B0=83.4844 homogen=65606.2567
mean B0=69.7663 homogen=167885.8553
mean B0=83.9154 homogen=73217.1701
   363 |    14520 |     40 |  0.000000E+00 |  0.000000E+00 |  0.0014260424 |             f
mean B0=79.3251 homogen=40816.0018
mean B0=84.1098 homogen=71350.1741
mean B0=73.2266 homogen=18380.3709
mean B0=80.9792 homogen=49385.2717
mean B0=78.3014 homogen=35738.1189
mean B0=78.8785 homogen=38436.3626
mean B0=89.0485 homogen=126110.8114
mean B0=74.838 homogen=23500.954
mean B0=71.9639 homogen=18177.584
mean B0=88.0749 homogen=120069.1383
mean B0=71.4213 homogen=13185.0074
mean B0=82.5496 homogen=59501.1556
mean B0=70.1339 homogen=10876.4435
mean B0=74.127 homogen=32876.4322
mean B0=80.8648 homogen=48923.2905
mean B0=87.0385 homogen=92532.2254
mean B0=76.5882 homogen=200890.9153
mean B0=74.2641 homogen=71741.0141
mean B0=49.5809 homogen=97953.2107
mean B0=81.19 homogen=51209.101
mean B0=89.0485 homogen=126110.8114
mean B0=81.2686 homogen=51684.4348
mean B0=87.8487 homogen=100506.802
mean B0=78.7989 homogen=37729.1637
mean B0=68.6739 homogen=8779.1077
mean B0=74.8616 homogen=84580.468
mean B0=82.8635 homogen=61362.6099
mean B0=74.1775 homogen=20613.5888
mean B0=72.7821 homogen=16980.8075
mean B0=86.6646 homogen=89362.9881
mean B0=82.1499 homogen=56334.9164
mean B0=81.2335 homogen=51414.3659
mean B0=67.8611 homogen=6616.5175
mean B0=76.432 homogen=40577.0026
mean B0=80.8624 homogen=54998.5797
mean B0=87.2522 homogen=105995.2169
mean B0=78.2641 homogen=41106.751
mean B0=85.2919 homogen=81772.9877
mean B0=87.8133 homogen=99751.2252
mean B0=78.968 homogen=38888.4051
   364 |    14560 |     40 |  0.000000E+00 |  0.000000E+00 |  0.0032932319 |             f
mean B0=67.3303 homogen=5406.2771
mean B0=86.3128 homogen=102999.1363
mean B0=67.3558 homogen=5289.236
mean B0=75.9938 homogen=68871.2203
mean B0=79.8948 homogen=49051.537
mean B0=80.6884 homogen=48541.9183
mean B0=56.8601 homogen=195576.2594
mean B0=79.5579 homogen=41921.3654
mean B0=79.9859 homogen=45217.3037
mean B0=85.3223 homogen=78750.5313
mean B0=70.6452 homogen=282842.3197
mean B0=80.9072 homogen=77194.1662
mean B0=76.3626 homogen=33285.2376
mean B0=83.4352 homogen=64360.7295
mean B0=77.2852 homogen=36217.8744
mean B0=90.1241 homogen=118769.0922
mean B0=81.758 homogen=61049.2718
mean B0=87.7172 homogen=99228.2118
mean B0=77.9072 homogen=39339.6375
mean B0=82.549 homogen=59501.4204
mean B0=79.2426 homogen=40406.8593
mean B0=72.9688 homogen=18408.8504
mean B0=67.7645 homogen=7229.6484
mean B0=85.1627 homogen=82861.625
mean B0=88.9133 homogen=105443.2447
mean B0=82.3316 homogen=85653.802
mean B0=69.5598 homogen=9777.6389
mean B0=85.1091 homogen=77797.1492
mean B0=78.3014 homogen=35738.2121
mean B0=69.382 homogen=16075.4447
mean B0=73.2266 homogen=18380.3709
mean B0=76.791 homogen=43273.466
mean B0=86.3192 homogen=97878.5283
mean B0=89.0485 homogen=126110.8114
mean B0=77.2286 homogen=35417.5568
mean B0=82.6982 homogen=68420.0019
mean B0=86.1489 homogen=77044.8691
mean B0=82.207 homogen=56595.5254
mean B0=83.1593 homogen=79135.9801
mean B0=76.4848 homogen=30145.2023
   365 |    14600 |     40 |  0.000000E+00 |  0.000000E+00 |  0.0010989014 |             f
mean B0=67.2624 homogen=4841.1635
mean B0=82.5494 homogen=59507.5134
mean B0=74.2367 homogen=179323.8097
mean B0=79.037 homogen=39334.5056
mean B0=77.6724 homogen=32922.9598
mean B0=78.2809 homogen=35623.9825
mean B0=81.3114 homogen=51953.5663
mean B0=80.6158 homogen=47362.2439
mean B0=78.8175 homogen=39618.0991
mean B0=74.1775 homogen=20613.5888
mean B0=85.1091 homogen=77797.1492
mean B0=68.9701 homogen=16922.1195
mean B0=71.6866 homogen=13769.6126
mean B0=72.3507 homogen=15774.4507
mean B0=85.1549 homogen=79335.9317
mean B0=71.8245 homogen=15504.1771
mean B0=66.2425 homogen=14079.7001
mean B0=82.8896 homogen=62068.1524
mean B0=88.5031 homogen=120186.3902
mean B0=86.665 homogen=89362.1326
mean B0=88.1923 homogen=113644.206
mean B0=89.0469 homogen=126126.3183
mean B0=83.569 homogen=77093.9296
mean B0=69.1108 homogen=11891.2738
mean B0=84.6508 homogen=112602.1481
mean B0=75.7718 homogen=27521.5568
mean B0=83.7522 homogen=66210.9388
mean B0=83.4358 homogen=64362.8302
mean B0=77.6527 homogen=32709.5391
mean B0=72.3552 homogen=146488.2735
mean B0=87.0385 homogen=92532.2254
mean B0=78.1876 homogen=35146.5455
mean B0=88.5366 homogen=121675.7575
mean B0=76.8347 homogen=31150.2026
mean B0=75.763 homogen=38280.2073
mean B0=83.8092 homogen=76502.8785
mean B0=67.5114 homogen=248298.5216
mean B0=78.111 homogen=40566.6159
mean B0=88.6244 homogen=121521.2366
mean B0=69.4588 homogen=139310.9798
   366 |    14640 |     40 |  0.000000E+00 |  0.000000E+00 |  0.0028329623 |             f
mean B0=75.7755 homogen=27536.6198
mean B0=80.3937 homogen=46960.2393
mean B0=70.8066 homogen=15568.655
mean B0=82.7472 homogen=90367.3858
mean B0=82.6311 homogen=136202.6366
mean B0=86.6645 homogen=89358.3515
mean B0=88.6865 homogen=122407.369
mean B0=88.5019 homogen=120179.4054
mean B0=73.7308 homogen=39755.9097
mean B0=82.6702 homogen=68538.5534
mean B0=67.8611 homogen=6616.5175
mean B0=79.6865 homogen=42651.7379
mean B0=70.6527 homogen=12669.2491
mean B0=78.3014 homogen=35738.2121
mean B0=87.0385 homogen=92532.2254
mean B0=83.6184 homogen=65552.5092
mean B0=81.7926 homogen=51469.9375
mean B0=84.9011 homogen=68714.4566
mean B0=85.061 homogen=81675.4161
mean B0=71.1835 homogen=142274.2026
mean B0=63.5305 homogen=209798.8497
mean B0=52.5026 homogen=83993.2026
mean B0=70.9609 homogen=19055.5884
mean B0=79.371 homogen=41043.8434
mean B0=73.9011 homogen=39417.1611
mean B0=87.7169 homogen=99229.1656
mean B0=67.2045 homogen=4845.8469
mean B0=68.4861 homogen=131572.5661
mean B0=78.3659 homogen=51841.397
mean B0=80.8506 homogen=49673.5928
mean B0=85.1549 homogen=79335.9317
mean B0=73.0908 homogen=17803.4909
mean B0=74.7265 homogen=23633.9669
mean B0=89.0485 homogen=126110.8114
mean B0=67.2597 homogen=4813.1753
mean B0=86.9392 homogen=116806.45
mean B0=81.3114 homogen=51953.5663
mean B0=66.3754 homogen=258762.0292
mean B0=83.6023 homogen=65998.1318
mean B0=74.1775 homogen=20613.5888
   367 |    14680 |     40 |  0.000000E+00 |  0.000000E+00 |  0.0016555064 |             f
mean B0=78.1069 homogen=34281.3938
mean B0=70.8174 homogen=13562.2987
mean B0=78.1749 homogen=251352.1703
mean B0=83.7971 homogen=66523.9667
mean B0=84.5698 homogen=74009.0763
mean B0=79.6082 homogen=48591.9227
mean B0=66.8715 homogen=19711.8137
mean B0=85.7607 homogen=82332.7366
mean B0=87.0385 homogen=92532.2254
mean B0=86.4182 homogen=87051.073
mean B0=74.3137 homogen=23276.3354
mean B0=70.6531 homogen=12658.3168
mean B0=77.6232 homogen=33290.5589
mean B0=87.6298 homogen=106567.3533
mean B0=85.8858 homogen=94949.8382
mean B0=77.4136 homogen=36107.9348
mean B0=69.4634 homogen=24555.7424
mean B0=79.6818 homogen=40426.6562
mean B0=80.8529 homogen=49282.5126
mean B0=81.1203 homogen=51019.035
mean B0=85.0334 homogen=79844.3727
mean B0=82.5292 homogen=76157.3233
mean B0=78.248 homogen=35515.4577
mean B0=53.0222 homogen=69597.2611
mean B0=47.2167 homogen=165602.3149
mean B0=78.4069 homogen=36096.2311
mean B0=74.155 homogen=20515.9037
mean B0=76.4847 homogen=30140.9636
mean B0=71.4215 homogen=13184.403
mean B0=85.4443 homogen=83486.332
mean B0=87.0021 homogen=108512.1013
mean B0=89.0472 homogen=126121.6344
mean B0=69.3504 homogen=8683.4125
mean B0=69.6291 homogen=22071.3942
mean B0=87.7696 homogen=99682.9696
mean B0=63.4872 homogen=120524.4301
mean B0=69.5809 homogen=9633.9066
mean B0=82.5613 homogen=88478.427
mean B0=87.1548 homogen=93688.3391
mean B0=78.5491 homogen=36858.5685
   368 |    14720 |     40 |  0.000000E+00 |  0.000000E+00 |  0.0040771493 |             f
mean B0=76.9789 homogen=36252.2956
mean B0=88.5639 homogen=98471.8938
mean B0=69.7721 homogen=11075.294
mean B0=80.406 homogen=47200.72
mean B0=73.0093 homogen=18836.1375
mean B0=89.6366 homogen=112550.5967
mean B0=83.2047 homogen=56942.018
mean B0=65.4853 homogen=171265.2429
mean B0=85.2894 homogen=78712.1013
mean B0=67.8611 homogen=6616.5175
mean B0=73.3834 homogen=17513.5419
mean B0=84.5158 homogen=73523.3989
mean B0=86.4182 homogen=87051.073
mean B0=81.1373 homogen=60232.0122
mean B0=69.0186 homogen=20274.5978
mean B0=83.6503 homogen=82024.2737
mean B0=81.306 homogen=51969.976
mean B0=86.6958 homogen=105986.0351
mean B0=81.5108 homogen=52953.1584
mean B0=76.4847 homogen=30140.8589
mean B0=84.8572 homogen=113731.0125
mean B0=79.5157 homogen=59446.6101
mean B0=68.0902 homogen=9368.18
mean B0=68.7599 homogen=31600.8241
mean B0=74.179 homogen=20522.9029
mean B0=74.8742 homogen=30744.0989
mean B0=71.8032 homogen=46592.0279
mean B0=86.2305 homogen=77577.5578
mean B0=85.1726 homogen=79399.9211
mean B0=85.7607 homogen=82332.7366
mean B0=71.5367 homogen=14691.4888
mean B0=87.5182 homogen=97369.5261
mean B0=83.6184 homogen=65552.5092
mean B0=74.642 homogen=166773.6327
mean B0=73.85 homogen=47553.6249
mean B0=71.3141 homogen=43735.6961
mean B0=79.0419 homogen=39320.973
mean B0=90.0686 homogen=118303.4334
mean B0=88.5038 homogen=119929.9541
mean B0=79.6865 homogen=42652.8611
   369 |    14760 |     40 |  0.000000E+00 |  0.000000E+00 |  0.0010310856 |             f
mean B0=74.8615 homogen=42372.2975
mean B0=80.4976 homogen=42061.9556
mean B0=71.6862 homogen=13763.9368
mean B0=67.1762 homogen=116706.8918
mean B0=79.2503 homogen=40481.8053
mean B0=76.8814 homogen=34890.5657
mean B0=85.5416 homogen=93915.3885
mean B0=84.0152 homogen=81525.749
mean B0=84.7581 homogen=83727.5107
mean B0=61.982 homogen=185695.9901
mean B0=73.2673 homogen=42463.7186
mean B0=73.8668 homogen=21645.7813
mean B0=83.5092 homogen=80520.6759
mean B0=82.9852 homogen=55378.5916
mean B0=79.2174 homogen=36585.2011
mean B0=78.5519 homogen=36756.7366
mean B0=76.5794 homogen=76396.8804
mean B0=68.8444 homogen=12532.5184
mean B0=71.912 homogen=45492.9967
mean B0=86.9216 homogen=86500.9762
mean B0=77.3479 homogen=82631.6062
mean B0=76.769 homogen=45036.3506
mean B0=81.5105 homogen=52952.0896
mean B0=78.5564 homogen=36898.6972
mean B0=75.1084 homogen=21709.1913
mean B0=83.4102 homogen=74056.2503
mean B0=87.1259 homogen=86295.3931
mean B0=88.3369 homogen=98268.2222
mean B0=91.2782 homogen=110103.4106
mean B0=83.8751 homogen=69740.0494
mean B0=80.3392 homogen=97068.1463
mean B0=89.0174 homogen=125771.8583
mean B0=72.5144 homogen=161848.4328
mean B0=86.3239 homogen=102700.1246
mean B0=81.4933 homogen=51795.6493
mean B0=77.5709 homogen=38399.6689
mean B0=77.723 homogen=40959.5527
mean B0=68.8842 homogen=14950.3344
mean B0=73.9662 homogen=208004.3782
mean B0=77.3346 homogen=38524.31
   370 |    14800 |     40 |  0.000000E+00 |  0.000000E+00 |  0.0016812934 |             f
mean B0=82.9058 homogen=130057.3046
mean B0=68.991 homogen=8122.9021
mean B0=69.9483 homogen=11682.8514
mean B0=78.3941 homogen=127506.8275
mean B0=83.0645 homogen=70098.6895
mean B0=87.9151 homogen=112839.4668
mean B0=85.5376 homogen=80367.6158
mean B0=73.7988 homogen=19592.6275
mean B0=86.5365 homogen=72519.9489
mean B0=79.6869 homogen=42651.1698
mean B0=69.2733 homogen=8449.1907
mean B0=86.4938 homogen=87969.8204
mean B0=78.5467 homogen=37738.384
mean B0=78.5516 homogen=36762.4292
mean B0=83.4284 homogen=70112.9475
mean B0=78.1816 homogen=40869.8013
mean B0=85.9174 homogen=67785.9019
mean B0=87.7255 homogen=107361.2332
mean B0=74.8452 homogen=42663.7426
mean B0=87.937 homogen=101531.9382
mean B0=48.6184 homogen=99966.1443
mean B0=77.2934 homogen=35861.235
mean B0=82.3069 homogen=58031.3522
mean B0=77.0882 homogen=41070.581
mean B0=88.8669 homogen=104382.1261
mean B0=74.8043 homogen=23066.4707
mean B0=70.8836 homogen=12945.6806
mean B0=83.758 homogen=66275.3012
mean B0=81.4205 homogen=59144.391
mean B0=79.2498 homogen=40482.2583
mean B0=86.6558 homogen=92367.4967
mean B0=75.9144 homogen=28197.3076
mean B0=80.1898 homogen=47358.322
mean B0=88.687 homogen=122406.7335
mean B0=80.7301 homogen=48672.8268
mean B0=65.7529 homogen=265827.3204
mean B0=80.1713 homogen=46135.3768
mean B0=74.1183 homogen=26105.2806
mean B0=74.1591 homogen=23970.0481
mean B0=85.2882 homogen=78703.9498
   371 |    14840 |     40 |  0.000000E+00 |  0.000000E+00 |  0.0035578982 |             f
mean B0=86.4939 homogen=87970.4455
mean B0=76.4848 homogen=30145.9394
mean B0=55.8247 homogen=198341.0489
mean B0=76.8614 homogen=34772.9104
mean B0=76.8512 homogen=31193.2813
mean B0=86.3784 homogen=102937.2665
mean B0=73.7988 homogen=19592.6275
mean B0=86.4111 homogen=87291.0598
mean B0=70.1339 homogen=10876.4435
mean B0=84.1561 homogen=71473.3123
mean B0=78.8015 homogen=40418.5272
mean B0=88.1238 homogen=112581.9869
mean B0=79.0917 homogen=45447.6779
mean B0=74.849 homogen=59087.1763
mean B0=85.6441 homogen=87862.5322
mean B0=77.0326 homogen=36443.0702
mean B0=71.3367 homogen=20450.9682
mean B0=66.863 homogen=7257.5343
mean B0=84.5018 homogen=73956.6556
mean B0=76.6208 homogen=52764.9106
mean B0=79.0418 homogen=39321.8407
mean B0=74.8379 homogen=23495.3701
mean B0=79.7646 homogen=42901.3312
mean B0=74.9707 homogen=39476.8074
mean B0=83.7379 homogen=66154.1292
mean B0=68.9609 homogen=139177.6856
mean B0=85.2884 homogen=78706.6879
mean B0=87.4074 homogen=96310.863
mean B0=87.5182 homogen=97369.5261
mean B0=88.4574 homogen=119929.612
mean B0=88.9524 homogen=115830.2862
mean B0=89.1198 homogen=127116.9167
mean B0=77.5077 homogen=31798.2341
mean B0=75.9223 homogen=62133.1711
mean B0=76.4761 homogen=34014.6635
mean B0=76.435 homogen=43484.0081
mean B0=70.9514 homogen=20427.612
mean B0=82.814 homogen=61197.6778
mean B0=67.288 homogen=5275.1497
mean B0=81.1821 homogen=51207.3535
   372 |    14880 |     40 |  0.000000E+00 |  0.000000E+00 |  0.0032614793 |         ideal
mean B0=78.5607 homogen=41525.2681
mean B0=67.2068 homogen=137136.2111
mean B0=81.9215 homogen=49232.9439
mean B0=74.155 homogen=20515.9037
mean B0=81.5108 homogen=52952.6613
mean B0=75.7537 homogen=27449.9784
mean B0=89.0994 homogen=106835.9097
mean B0=83.7534 homogen=66235.5692
mean B0=84.0425 homogen=68212.2753
mean B0=89.1073 homogen=103376.4976
mean B0=79.1169 homogen=39566.6518
mean B0=84.1935 homogen=71839.4366
mean B0=69.4305 homogen=12122.6619
mean B0=67.2897 homogen=5014.2911
mean B0=82.5343 homogen=53491.4806
mean B0=67.2612 homogen=4827.7214
mean B0=79.1065 homogen=40513.2437
mean B0=71.5522 homogen=24406.5924
mean B0=88.2431 homogen=114240.2526
mean B0=72.3502 homogen=15758.5995
mean B0=83.2775 homogen=82613.4304
mean B0=83.3458 homogen=73131.1196
mean B0=82.8826 homogen=69311.5169
mean B0=88.1973 homogen=113605.9953
mean B0=80.8541 homogen=49290.819
mean B0=86.4111 homogen=87291.0598
mean B0=86.0233 homogen=99522.7577
mean B0=87.1546 homogen=93725.7909
mean B0=82.5094 homogen=59295.8007
mean B0=74.8379 homogen=23488.9116
mean B0=77.5451 homogen=32987.0161
mean B0=82.2228 homogen=57650.4531
mean B0=70.7267 homogen=17084.5385
mean B0=67.8306 homogen=6395.1699
mean B0=86.3186 homogen=102104.4979
mean B0=68.9897 homogen=8136.7918
mean B0=82.7556 homogen=90495.2419
mean B0=74.7799 homogen=41468.5524
mean B0=79.3973 homogen=43505.0957
mean B0=80.9507 homogen=84398.2211
   373 |    14920 |     40 |  0.000000E+00 |  0.000000E+00 |  0.0009874904 |             f
mean B0=84.0425 homogen=68212.3809
mean B0=77.5451 homogen=32986.3813
mean B0=76.4847 homogen=30140.9639
mean B0=85.1652 homogen=77669.3021
mean B0=75.7858 homogen=23846.9121
mean B0=82.6184 homogen=53157.6475
mean B0=88.5958 homogen=122329.3005
mean B0=68.991 homogen=8121.7595
mean B0=69.5635 homogen=7517.1864
mean B0=88.9072 homogen=114886.1761
mean B0=72.969 homogen=19904.3502
mean B0=74.0725 homogen=74927.3749
mean B0=89.1363 homogen=107786.7241
mean B0=68.2645 homogen=24210.5059
mean B0=76.1314 homogen=65812.0988
mean B0=81.1503 homogen=50923.3965
mean B0=86.592 homogen=90272.004
mean B0=67.7827 homogen=6857.5843
mean B0=79.3069 homogen=40728.5554
mean B0=87.6159 homogen=108114.9668
mean B0=83.7372 homogen=66156.7004
mean B0=77.8072 homogen=38265.0307
mean B0=80.8529 homogen=49282.802
mean B0=87.2751 homogen=94944.2663
mean B0=71.6533 homogen=173632.7841
mean B0=79.0595 homogen=45273.6072
mean B0=78.6357 homogen=37077.8931
mean B0=72.3502 homogen=15757.9698
mean B0=67.5265 homogen=5836.8089
mean B0=86.4126 homogen=87284.8734
mean B0=79.1817 homogen=39856.7057
mean B0=78.1421 homogen=47147.7246
mean B0=70.7561 homogen=42235.1761
mean B0=61.4159 homogen=202254.7496
mean B0=82.1832 homogen=57379.041
mean B0=79.4514 homogen=54492.7007
mean B0=80.3173 homogen=55880.5257
mean B0=87.8346 homogen=112243.7949
mean B0=80.2285 homogen=85443.3565
mean B0=79.6476 homogen=43296.1382
   374 |    14960 |     40 |  0.000000E+00 |  0.000000E+00 |  0.0017465681 |             f
mean B0=80.4361 homogen=77636.5309
mean B0=45.9356 homogen=98247.3865
mean B0=88.687 homogen=122406.7335
mean B0=79.48 homogen=37872.913
mean B0=84.868 homogen=75290.0209
mean B0=88.0786 homogen=115579.4125
mean B0=82.8493 homogen=62793.9095
mean B0=70.1473 homogen=135110.1253
mean B0=85.277 homogen=78756.72
mean B0=71.9349 homogen=39245.6705
mean B0=83.7755 homogen=116853.5062
mean B0=88.4079 homogen=117446.8223
mean B0=67.2601 homogen=4821.8005
mean B0=79.0842 homogen=39259.4198
mean B0=78.8405 homogen=42890.0892
mean B0=75.7534 homogen=27444.3636
mean B0=80.602 homogen=59781.2027
mean B0=81.4214 homogen=100221.6172
mean B0=81.0848 homogen=50567.3871
mean B0=66.5495 homogen=15737.1367
mean B0=75.8408 homogen=42831.0174
mean B0=72.2353 homogen=26232.0915
mean B0=89.1198 homogen=127116.9167
mean B0=61.9999 homogen=196025.3732
mean B0=72.587 homogen=42726.9689
mean B0=68.4524 homogen=33344.8348
mean B0=79.3256 homogen=44711.7157
mean B0=83.9185 homogen=67701.9293
mean B0=86.4247 homogen=87241.7641
mean B0=82.3949 homogen=59298.5703
mean B0=76.6883 homogen=37671.6527
mean B0=76.6748 homogen=29911.9183
mean B0=87.2748 homogen=94934.3867
mean B0=73.2874 homogen=22763.3092
mean B0=77.9741 homogen=248617.4708
mean B0=63.7605 homogen=211647.2492
mean B0=73.3473 homogen=31757.4153
mean B0=77.3067 homogen=35479.5272
mean B0=82.6009 homogen=60611.026
mean B0=80.4652 homogen=42001.1479
   375 |    15000 |     40 |  0.000000E+00 |  0.000000E+00 |  0.0027614395 |             f
mean B0=81.0842 homogen=50567.6874
mean B0=80.3027 homogen=46874.8999
mean B0=84.0412 homogen=68213.495
mean B0=78.7742 homogen=37586.9583
mean B0=87.1351 homogen=93489.3035
mean B0=72.876 homogen=18010.7727
mean B0=75.7534 homogen=27444.3636
mean B0=89.1105 homogen=104983.7443
mean B0=86.9571 homogen=99414.3135
mean B0=78.9901 homogen=40059.9629
mean B0=81.9614 homogen=126594.4618
mean B0=76.7288 homogen=35054.7922
mean B0=72.3501 homogen=15752.0272
mean B0=74.9163 homogen=22485.605
mean B0=78.3503 homogen=84620.1517
mean B0=80.9747 homogen=50205.9534
mean B0=87.6759 homogen=99044.4481
mean B0=86.5853 homogen=115578.3363
mean B0=68.4115 homogen=13483.4803
mean B0=67.8611 homogen=6616.5175
mean B0=89.12 homogen=127113.1917
mean B0=80.9404 homogen=56112.104
mean B0=67.2601 homogen=4818.038
mean B0=81.8194 homogen=54951.9116
mean B0=84.5874 homogen=74155.7465
mean B0=72.1601 homogen=19863.0234
mean B0=80.8529 homogen=49282.5126
mean B0=80.4267 homogen=47053.2751
mean B0=52.5026 homogen=106475.0938
mean B0=81.8748 homogen=79163.9528
mean B0=74.2355 homogen=39464.5355
mean B0=87.7336 homogen=108710.6925
mean B0=25.7132 homogen=746914.3356
mean B0=80.3336 homogen=52290.9642
mean B0=73.2422 homogen=42394.0075
mean B0=77.2602 homogen=34679.0226
mean B0=87.5876 homogen=97598.6087
mean B0=79.3286 homogen=37267.9056
mean B0=90.2431 homogen=119822.094
mean B0=83.7379 homogen=66154.1292
   376 |    15040 |     40 |  0.000000E+00 |  0.000000E+00 |  0.0016460461 |             f
mean B0=86.2392 homogen=85830.5991
mean B0=80.5934 homogen=52660.214
mean B0=87.6528 homogen=98231.3934
mean B0=79.5543 homogen=41992.3663
mean B0=84.801 homogen=75595.0698
mean B0=78.5519 homogen=36756.7366
mean B0=88.375 homogen=116120.7398
mean B0=74.867 homogen=80352.2805
mean B0=77.4583 homogen=32468.3463
mean B0=84.1984 homogen=69254.9753
mean B0=76.1271 homogen=64320.6798
mean B0=84.3568 homogen=71941.08
mean B0=85.0617 homogen=81776.3536
mean B0=86.0624 homogen=97023.9674
mean B0=47.943 homogen=76728.8215
mean B0=67.2604 homogen=4817.8838
mean B0=79.8902 homogen=43652.0061
mean B0=69.3208 homogen=8577.8255
mean B0=79.0842 homogen=39259.4198
mean B0=72.6076 homogen=41568.5013
mean B0=76.6675 homogen=31253.9378
mean B0=70.1235 homogen=31343.402
mean B0=89.0574 homogen=126362.5268
mean B0=85.4324 homogen=79839.2449
mean B0=81.8786 homogen=55025.6186
mean B0=77.5451 homogen=32986.3813
mean B0=73.0401 homogen=173055.9962
mean B0=80.1262 homogen=47517.3352
mean B0=70.9836 homogen=13242.7867
mean B0=80.0214 homogen=45378.1854
mean B0=78.6627 homogen=58980.1485
mean B0=76.3137 homogen=35080.3775
mean B0=47.229 homogen=127313.4367
mean B0=89.6189 homogen=113373.9324
mean B0=88.2431 homogen=114239.2613
mean B0=68.9906 homogen=8127.8437
mean B0=82.42 homogen=86663.9405
mean B0=72.8288 homogen=17869.1185
mean B0=72.3501 homogen=15752.0272
mean B0=83.8639 homogen=90744.3087
   377 |    15080 |     40 |  0.000000E+00 |  0.000000E+00 |  0.0029013894 |             f
mean B0=68.9694 homogen=16869.29
mean B0=87.2669 homogen=94863.9341
mean B0=68.3731 homogen=37048.7638
mean B0=78.5672 homogen=73594.4716
mean B0=75.6498 homogen=41168.3105
mean B0=68.9879 homogen=16718.0879
mean B0=84.2254 homogen=71118.9095
mean B0=74.155 homogen=20515.9037
mean B0=88.7337 homogen=124434.6935
mean B0=72.7541 homogen=16976.2559
mean B0=70.7619 homogen=70290.8339
mean B0=83.0127 homogen=69915.132
mean B0=85.2249 homogen=87361.4861
mean B0=72.2223 homogen=37082.2442
mean B0=77.6745 homogen=54708.0703
mean B0=78.4282 homogen=46385.9413
mean B0=80.1856 homogen=49736.5498
mean B0=81.6911 homogen=54240.4635
mean B0=79.6622 homogen=42592.9257
mean B0=75.2908 homogen=38347.1603
mean B0=69.2021 homogen=15571.7667
mean B0=89.0655 homogen=126476.3556
mean B0=90.2411 homogen=119834.006
mean B0=85.4374 homogen=69474.371
mean B0=74.1603 homogen=23955.4012
mean B0=78.9085 homogen=35804.5337
mean B0=82.3158 homogen=58062.9072
mean B0=87.9799 homogen=112047.7886
mean B0=82.5487 homogen=61246.6381
mean B0=78.997 homogen=38769.5706
mean B0=82.0608 homogen=119619.3714
mean B0=74.342 homogen=46147.8648
mean B0=80.8089 homogen=38381.2782
mean B0=81.2108 homogen=45136.2564
mean B0=73.0401 homogen=66113.7181
mean B0=81.6805 homogen=47499.8146
mean B0=76.9312 homogen=83288.0571
mean B0=77.2802 homogen=31811.6483
mean B0=75.6379 homogen=26929.0765
mean B0=85.5596 homogen=87559.8519
   378 |    15120 |     40 |  0.000000E+00 |  0.000000E+00 |  0.0038268213 |             f
mean B0=80.524 homogen=50580.9243
mean B0=69.6232 homogen=27044.6955
mean B0=88.5236 homogen=120713.5339
mean B0=86.1507 homogen=97217.0312
mean B0=80.6342 homogen=52733.7053
mean B0=67.198 homogen=5223.17
mean B0=73.6762 homogen=24460.5397
mean B0=80.9886 homogen=56992.4242
mean B0=51.1984 homogen=79710.2573
mean B0=71.3123 homogen=20529.4741
mean B0=87.8034 homogen=110093.9098
mean B0=72.3524 homogen=15750.9285
mean B0=79.2384 homogen=40458.1787
mean B0=78.3421 homogen=45382.5692
mean B0=84.8766 homogen=67571.1437
mean B0=85.3881 homogen=89580.7244
mean B0=69.6446 homogen=9505.5683
mean B0=79.3192 homogen=46806.7976
mean B0=87.9313 homogen=101439.4934
mean B0=89.0405 homogen=126184.9982
mean B0=78.6329 homogen=37396.3482
mean B0=72.5712 homogen=35885.3987
mean B0=86.9995 homogen=89799.4058
mean B0=84.276 homogen=74008.0898
mean B0=54.2156 homogen=74427.3278
mean B0=82.6048 homogen=62105.6175
mean B0=74.2565 homogen=29103.7464
mean B0=72.5736 homogen=16693.8948
mean B0=75.0747 homogen=83318.3651
mean B0=58.1955 homogen=180035.7
mean B0=80.3181 homogen=46869.844
mean B0=74.153 homogen=20524.5563
mean B0=73.6181 homogen=20115.4126
mean B0=78.5495 homogen=80769.5303
mean B0=78.9051 homogen=40891.8314
mean B0=76.965 homogen=81427.8192
mean B0=76.0101 homogen=28048.2652
mean B0=83.7288 homogen=64102.331
mean B0=86.2402 homogen=85857.4495
mean B0=85.3203 homogen=78954.1857
   379 |    15160 |     40 |  0.000000E+00 |  0.000000E+00 |  0.0030123312 |             f
mean B0=78.3059 homogen=84102.4791
mean B0=89.627 homogen=113465.3552
mean B0=67.4485 homogen=137790.126
mean B0=73.6513 homogen=20279.8833
mean B0=78.4281 homogen=42340.9832
mean B0=76.8075 homogen=35887.5709
mean B0=79.535 homogen=89705.8791
mean B0=73.995 homogen=26909.3142
mean B0=82.3978 homogen=64507.2381
mean B0=80.0272 homogen=56131.9588
mean B0=85.8436 homogen=99763.7906
mean B0=79.9906 homogen=44079.12
mean B0=73.9258 homogen=38000.9759
mean B0=84.875 homogen=75341.0723
mean B0=69.5421 homogen=9490.3611
mean B0=89.0158 homogen=106327.6456
mean B0=73.1814 homogen=18352.1231
mean B0=84.278 homogen=73992.5614
mean B0=83.6827 homogen=66550.2244
mean B0=82.3809 homogen=60232.2579
mean B0=55.3699 homogen=202932.9448
mean B0=68.6318 homogen=38620.5823
mean B0=76.4847 homogen=30140.8589
mean B0=76.3486 homogen=68410.0736
mean B0=80.2139 homogen=47416.2296
mean B0=84.8259 homogen=112722.0122
mean B0=73.586 homogen=38876.5824
mean B0=90.2701 homogen=119544.3863
mean B0=69.0847 homogen=14483.8709
mean B0=53.1899 homogen=323404.2949
mean B0=74.4001 homogen=162738.1876
mean B0=79.4999 homogen=78711.8892
mean B0=73.3381 homogen=49066.4874
mean B0=66.9737 homogen=236854.9945
mean B0=79.84 homogen=43581.4076
mean B0=73.2862 homogen=37710.7368
mean B0=78.6853 homogen=37541.0394
mean B0=80.5224 homogen=50588.2908
mean B0=85.8083 homogen=89333.5052
mean B0=87.308 homogen=94613.6553
   380 |    15200 |     40 |  0.000000E+00 |  0.000000E+00 |  0.0007620522 |             f
mean B0=78.6853 homogen=37540.3518
mean B0=87.6034 homogen=92064.223
mean B0=74.6621 homogen=22589.8444
mean B0=85.3881 homogen=88511.5334
mean B0=69.2057 homogen=19268.6632
mean B0=86.0871 homogen=106790.2819
mean B0=77.3286 homogen=37542.6269
mean B0=76.1779 homogen=54677.9886
mean B0=68.991 homogen=8121.7595
mean B0=88.328 homogen=98961.3453
mean B0=75.4078 homogen=23943.4928
mean B0=88.0685 homogen=113287.3963
mean B0=81.0335 homogen=51081.0234
mean B0=90.0699 homogen=118135.1233
mean B0=66.5979 homogen=171968.2376
mean B0=67.2597 homogen=4813.1753
mean B0=86.2275 homogen=85507.0912
mean B0=79.0072 homogen=40143.8671
mean B0=84.278 homogen=73992.5614
mean B0=67.2928 homogen=37907.4175
mean B0=78.6329 homogen=37396.3371
mean B0=83.9218 homogen=90084.505
mean B0=73.3595 homogen=19240.5348
mean B0=78.2306 homogen=34364.4182
mean B0=74.4513 homogen=35816.9625
mean B0=72.5044 homogen=16559.5816
mean B0=78.3625 homogen=35891.5557
mean B0=68.502 homogen=115168.8333
mean B0=77.1991 homogen=44825.6607
mean B0=83.4474 homogen=73458.4135
mean B0=87.8477 homogen=100499.7221
mean B0=72.7014 homogen=16403.9073
mean B0=86.32 homogen=102650.5236
mean B0=75.015 homogen=41000.8083
mean B0=89.12 homogen=127113.1917
mean B0=84.7928 homogen=67862.9395
mean B0=87.1216 homogen=101655.3339
mean B0=87.1351 homogen=93489.3035
mean B0=86.0897 homogen=76634.8319
mean B0=85.4257 homogen=73816.7689
   381 |    15240 |     40 |  0.000000E+00 |  0.000000E+00 |  0.0035815788 |             f
mean B0=83.931 homogen=84008.255
mean B0=69.6445 homogen=9515.1744
mean B0=70.3021 homogen=15801.0269
mean B0=78.3622 homogen=35897.214
mean B0=90.6378 homogen=103451.5951
mean B0=68.1995 homogen=6545.0802
mean B0=77.9679 homogen=33761.6762
mean B0=73.1462 homogen=18607.2649
mean B0=85.5117 homogen=80597.7097
mean B0=80.2972 homogen=118325.097
mean B0=87.9529 homogen=111751.8366
mean B0=80.4967 homogen=48448.0176
mean B0=64.0889 homogen=31696.814
mean B0=86.2372 homogen=85600.3783
mean B0=72.6806 homogen=16991.5583
mean B0=86.7746 homogen=107027.3762
mean B0=73.6377 homogen=20651.1652
mean B0=75.9893 homogen=27983.9167
mean B0=81.2991 homogen=54699.8358
mean B0=84.8751 homogen=75341.068
mean B0=84.0197 homogen=68869.6663
mean B0=82.3807 homogen=60226.6235
mean B0=69.6844 homogen=20862.6815
mean B0=79.6623 homogen=42595.9198
mean B0=70.1297 homogen=15878.8632
mean B0=64.2188 homogen=228326.69
mean B0=75.691 homogen=27181.7499
mean B0=67.4361 homogen=5052.0476
mean B0=68.9121 homogen=7935.8222
mean B0=88.2107 homogen=98566.3703
mean B0=87.3332 homogen=94886.1849
mean B0=87.7814 homogen=108814.1963
mean B0=81.36 homogen=46084.3007
mean B0=83.7252 homogen=66066.4069
mean B0=73.1286 homogen=19543.8936
mean B0=89.0098 homogen=106244.2017
mean B0=76.8917 homogen=36061.2649
mean B0=83.7734 homogen=71989.3329
mean B0=88.1429 homogen=117874.49
mean B0=81.0333 homogen=51080.7909
   382 |    15280 |     40 |  0.000000E+00 |  0.000000E+00 |  0.0019997837 |             f
mean B0=82.8491 homogen=62799.2265
mean B0=84.7683 homogen=75045.1071
mean B0=71.4152 homogen=47082.3485
mean B0=78.2979 homogen=35683.0524
mean B0=90.2888 homogen=120998.0295
mean B0=75.1807 homogen=44828.4466
mean B0=77.6172 homogen=37135.0691
mean B0=84.9975 homogen=78840.8379
mean B0=70.9366 homogen=19790.6279
mean B0=63.0881 homogen=37412.387
mean B0=88.2699 homogen=118297.6711
mean B0=67.6943 homogen=8588.9459
mean B0=88.5793 homogen=100474.133
mean B0=78.1511 homogen=251001.4225
mean B0=86.6642 homogen=89360.0802
mean B0=86.3713 homogen=79972.9223
mean B0=80.9566 homogen=55924.2204
mean B0=74.155 homogen=20515.341
mean B0=78.3625 homogen=35891.5557
mean B0=79.6983 homogen=42964.3801
mean B0=84.2253 homogen=71122.8059
mean B0=79.0984 homogen=40724.9171
mean B0=83.8877 homogen=96601.4335
mean B0=66.3508 homogen=18973.8287
mean B0=86.1056 homogen=100071.0002
mean B0=85.9093 homogen=95729.1202
mean B0=72.8477 homogen=18126.5114
mean B0=84.7142 homogen=76666.6739
mean B0=46.6763 homogen=95875.704
mean B0=85.416 homogen=79685.4262
mean B0=87.1764 homogen=94030.7386
mean B0=67.929 homogen=9173.7208
mean B0=77.8621 homogen=40718.8464
mean B0=76.2877 homogen=65834.266
mean B0=77.6234 homogen=33289.7704
mean B0=66.0147 homogen=239706.4098
mean B0=86.2227 homogen=79697.2499
mean B0=72.7017 homogen=16396.9597
mean B0=75.6379 homogen=26928.7381
mean B0=82.4869 homogen=73738.2597
   383 |    15320 |     40 |  0.000000E+00 |  0.000000E+00 |  0.0034266750 |             f
mean B0=77.3885 homogen=31724.7239
mean B0=69.6295 homogen=9643.7283
mean B0=89.0784 homogen=127073.5384
mean B0=78.5227 homogen=46269.8178
mean B0=81.6965 homogen=54275.6348
mean B0=87.5227 homogen=97085.5332
mean B0=78.3855 homogen=35846.4487
mean B0=86.4612 homogen=88330.5441
mean B0=73.3871 homogen=68616.4036
mean B0=84.9975 homogen=78840.8379
mean B0=81.9769 homogen=50369.3931
mean B0=84.0197 homogen=68869.6663
mean B0=68.7858 homogen=20609.6915
mean B0=71.0011 homogen=70582.5614
mean B0=76.1117 homogen=31007.0889
mean B0=77.8326 homogen=58551.8229
mean B0=74.6131 homogen=224875.1229
mean B0=82.6741 homogen=70851.3911
mean B0=86.6629 homogen=117337.5907
mean B0=73.0714 homogen=15695.394
mean B0=84.9032 homogen=111774.1458
mean B0=68.2259 homogen=9809.8865
mean B0=88.4986 homogen=119963.4848
mean B0=89.6624 homogen=116550.8996
mean B0=78.2928 homogen=35661.0306
mean B0=87.5038 homogen=97486.8299
mean B0=79.8663 homogen=58405.7924
mean B0=84.5307 homogen=72049.5771
mean B0=87.9372 homogen=101525.078
mean B0=72.8477 homogen=18126.5114
mean B0=79.8114 homogen=76386.3291
mean B0=83.7252 homogen=66066.4069
mean B0=74.3105 homogen=40509.947
mean B0=80.9729 homogen=110839.8828
mean B0=76.9972 homogen=221743.4485
mean B0=73.4651 homogen=28139.3526
mean B0=82.9159 homogen=61537.8051
mean B0=65.4944 homogen=94465.9569
mean B0=67.5371 homogen=6249.1978
mean B0=77.5642 homogen=32975.3557
   384 |    15360 |     40 |  0.000000E+00 |  0.000000E+00 |  0.0020121327 |             f
mean B0=78.9652 homogen=62922.4311
mean B0=81.6122 homogen=72303.9313
mean B0=73.4954 homogen=46931.8513
mean B0=82.7588 homogen=90535.753
mean B0=76.62 homogen=31123.3417
mean B0=72.5316 homogen=22793.5179
mean B0=70.9212 homogen=32443.6818
mean B0=67.3619 homogen=37311.8447
mean B0=77.2964 homogen=30960.7648
mean B0=84.1602 homogen=72788.9787
mean B0=73.5225 homogen=37322.3521
mean B0=79.2554 homogen=105331.3111
mean B0=89.0922 homogen=126743.0578
mean B0=81.1389 homogen=51177.1284
mean B0=88.7337 homogen=124434.6935
mean B0=73.2772 homogen=42558.8634
mean B0=82.8993 homogen=64581.4486
mean B0=82.943 homogen=61708.1958
mean B0=86.3131 homogen=87816.8985
mean B0=89.1283 homogen=127193.7282
mean B0=78.9122 homogen=38532.3853
mean B0=72.363 homogen=27068.9529
mean B0=80.0825 homogen=43929.0653
mean B0=79.7732 homogen=41206.2565
mean B0=70.6161 homogen=12279.7918
mean B0=84.3497 homogen=65459.3632
mean B0=79.1116 homogen=90076.8868
mean B0=87.0367 homogen=86661.5688
mean B0=84.645 homogen=83402.5182
mean B0=76.5377 homogen=60167.3296
mean B0=72.0574 homogen=20221.16
mean B0=75.3796 homogen=60417.779
mean B0=83.756 homogen=66277.3633
mean B0=85.135 homogen=84625.4554
mean B0=80.2139 homogen=47416.2296
mean B0=78.2671 homogen=89212.655
mean B0=85.5979 homogen=84919.8735
mean B0=70.96 homogen=13157.2014
mean B0=78.7324 homogen=43514.7239
mean B0=86.6545 homogen=89290.1205
   385 |    15400 |     40 |  0.000000E+00 |  0.000000E+00 |  0.0045324178 |             f
mean B0=79.8455 homogen=41527.3754
mean B0=74.155 homogen=20515.341
mean B0=83.0283 homogen=63689.2245
mean B0=76.2678 homogen=29777.2383
mean B0=77.3885 homogen=31724.7239
mean B0=70.7186 homogen=13298.4223
mean B0=87.5226 homogen=97087.0069
mean B0=83.5934 homogen=65263.7436
mean B0=80.8868 homogen=52798.228
mean B0=67.2646 homogen=4856.9279
mean B0=79.5938 homogen=54907.8699
mean B0=72.3525 homogen=15751.8708
mean B0=78.9127 homogen=38539.651
mean B0=78.09 homogen=34375.4489
mean B0=74.5534 homogen=40376.5018
mean B0=89.1139 homogen=127249.6587
mean B0=80.2686 homogen=45842.1139
mean B0=78.142 homogen=34843.7258
mean B0=87.8484 homogen=100499.5295
mean B0=69.81 homogen=18441.0081
mean B0=88.1424 homogen=117876.5471
mean B0=87.9529 homogen=111751.8366
mean B0=84.2636 homogen=72884.2391
mean B0=81.4276 homogen=53262.834
mean B0=81.0786 homogen=39515.6998
mean B0=81.9494 homogen=70214.9437
mean B0=70.9836 homogen=13242.8784
mean B0=84.6924 homogen=73181.3562
mean B0=82.1859 homogen=84000.012
mean B0=80.7614 homogen=44399.5849
mean B0=76.6856 homogen=36349.1727
mean B0=89.1129 homogen=110778.1663
mean B0=78.9169 homogen=63267.221
mean B0=79.6052 homogen=58841.0944
mean B0=72.4197 homogen=19127.3127
mean B0=87.1869 homogen=93926.4506
mean B0=84.9073 homogen=76746.6384
mean B0=79.1495 homogen=39870.0502
mean B0=86.6639 homogen=89356.5253
mean B0=64.8668 homogen=221792.9089
   386 |    15440 |     40 |  0.000000E+00 |  0.000000E+00 |  0.0021827378 |             f
mean B0=87.5227 homogen=97087.8666
mean B0=82.3807 homogen=60226.9898
mean B0=83.2339 homogen=62881.1464
mean B0=75.4762 homogen=99806.4077
mean B0=82.9011 homogen=61545.5087
mean B0=67.4149 homogen=6042.9457
mean B0=85.5007 homogen=86154.5746
mean B0=84.5618 homogen=93382.4614
mean B0=74.6936 homogen=36426.0386
mean B0=58.6202 homogen=35879.2788
mean B0=87.0905 homogen=93171.276
mean B0=83.0283 homogen=63691.458
mean B0=77.4251 homogen=55536.9736
mean B0=81.1389 homogen=51177.1284
mean B0=84.5797 homogen=72251.5573
mean B0=80.3966 homogen=51714.4679
mean B0=71.689 homogen=18729.9716
mean B0=82.9086 homogen=51916.6307
mean B0=74.2474 homogen=20790.7601
mean B0=79.6827 homogen=42878.6811
mean B0=72.3524 homogen=15749.7184
mean B0=74.155 homogen=20515.9813
mean B0=69.5277 homogen=24255.5224
mean B0=74.7561 homogen=29231.2855
mean B0=87.8952 homogen=100645.4852
mean B0=76.0454 homogen=28921.1887
mean B0=83.2852 homogen=63996.8984
mean B0=89.2125 homogen=109557.3803
mean B0=72.2298 homogen=17615.8154
mean B0=65.8477 homogen=32267.6354
mean B0=79.8223 homogen=43270.2145
mean B0=87.9529 homogen=111752.796
mean B0=72.4581 homogen=57597.8882
mean B0=84.9975 homogen=78840.8379
mean B0=89.081 homogen=127078.3475
mean B0=72.3514 homogen=26303.6633
mean B0=74.0898 homogen=29627.3584
mean B0=74.0014 homogen=21934.1959
mean B0=78.973 homogen=38476.7009
mean B0=86.2438 homogen=85652.5832
   387 |    15480 |     40 |  0.000000E+00 |  0.000000E+00 |  0.0025824134 |             f
mean B0=85.9671 homogen=99280.5349
mean B0=80.1855 homogen=45604.7734
mean B0=78.4515 homogen=36233.0174
mean B0=85.5234 homogen=83835.4581
mean B0=87.2087 homogen=94146.1887
mean B0=80.8449 homogen=73739.8483
mean B0=88.6813 homogen=127206.5747
mean B0=87.6173 homogen=97179.2451
mean B0=78.2367 homogen=46820.1728
mean B0=69.624 homogen=9361.1609
mean B0=79.3073 homogen=40726.8281
mean B0=74.2474 homogen=20790.7601
mean B0=77.3058 homogen=28817.1202
mean B0=81.1621 homogen=51343.6851
mean B0=84.9804 homogen=78653.1863
mean B0=80.0023 homogen=252856.1054
mean B0=72.4157 homogen=20329.9199
mean B0=80.2777 homogen=46269.5196
mean B0=68.8674 homogen=15530.2971
mean B0=88.1429 homogen=117874.49
mean B0=89.8631 homogen=116732.9993
mean B0=81.6253 homogen=52324.274
mean B0=82.3436 homogen=74706.241
mean B0=83.8332 homogen=66899.4295
mean B0=78.3373 homogen=35598.096
mean B0=81.701 homogen=47995.5088
mean B0=66.2884 homogen=18395.4757
mean B0=84.8659 homogen=75486.6132
mean B0=74.0348 homogen=71553.5268
mean B0=72.3745 homogen=15794.1355
mean B0=87.7971 homogen=109531.4877
mean B0=89.8727 homogen=116801.6665
mean B0=71.5015 homogen=16127.1626
mean B0=78.9478 homogen=38358.528
mean B0=73.3772 homogen=19337.0445
mean B0=68.6318 homogen=38623.3808
mean B0=70.5884 homogen=20683.7634
mean B0=80.6147 homogen=54429.5386
mean B0=69.0134 homogen=13877.3219
mean B0=86.4087 homogen=88412.6511
   388 |    15520 |     40 |  0.000000E+00 |  0.000000E+00 |  0.0019465505 |             f
mean B0=86.4828 homogen=89072.0117
mean B0=68.0882 homogen=257178.0521
mean B0=65.0631 homogen=33612.5122
mean B0=76.4399 homogen=38798.4391
mean B0=69.8781 homogen=11260.481
mean B0=88.143 homogen=117871.3705
mean B0=87.1701 homogen=94043.2911
mean B0=72.3311 homogen=22503.5637
mean B0=74.368 homogen=21257.7744
mean B0=57.0405 homogen=148678.1001
mean B0=78.6254 homogen=49078.7601
mean B0=69.6731 homogen=9324.7885
mean B0=74.4467 homogen=31860.968
mean B0=89.0109 homogen=112035.0834
mean B0=81.6966 homogen=54270.0148
mean B0=84.2695 homogen=72149.4432
mean B0=74.3713 homogen=40862.6618
mean B0=77.8355 homogen=48739.3035
mean B0=79.1059 homogen=43610.5794
mean B0=88.023 homogen=101769.507
mean B0=87.8788 homogen=110737.4775
mean B0=70.7269 homogen=284049.2463
mean B0=82.6295 homogen=53164.8694
mean B0=76.8804 homogen=53863.8885
mean B0=78.9618 homogen=39678.6149
mean B0=86.6652 homogen=89356.7785
mean B0=83.6726 homogen=65713.5538
mean B0=63.7671 homogen=18774.6269
mean B0=75.9267 homogen=28454.2999
mean B0=84.6792 homogen=73412.4198
mean B0=84.9205 homogen=83196.2093
mean B0=80.1532 homogen=45412.3354
mean B0=71.7561 homogen=18578.577
mean B0=88.7337 homogen=124434.6935
mean B0=79.0613 homogen=32053.2915
mean B0=81.9459 homogen=57022.2348
mean B0=72.4751 homogen=19674.7919
mean B0=76.2176 homogen=52740.4322
mean B0=77.1118 homogen=41510.6545
mean B0=85.3931 homogen=80042.6908
   389 |    15560 |     40 |  0.000000E+00 |  0.000000E+00 |  0.0034234205 |             f
mean B0=87.2177 homogen=87798.3602
mean B0=78.1092 homogen=53344.61
mean B0=87.6289 homogen=97609.9383
mean B0=85.1886 homogen=88055.2753
mean B0=76.859 homogen=36076.8554
mean B0=83.6611 homogen=65643.1422
mean B0=77.4084 homogen=32441.5536
mean B0=82.9003 homogen=55318.5803
mean B0=82.7268 homogen=67240.3785
mean B0=73.3785 homogen=19333.6987
mean B0=88.7381 homogen=124402.4977
mean B0=72.3136 homogen=199758.3723
mean B0=69.9358 homogen=10365.1229
mean B0=70.7924 homogen=12814.7269
mean B0=88.0235 homogen=101768.5693
mean B0=74.5685 homogen=36323.2274
mean B0=72.539 homogen=17141.7819
mean B0=87.1701 homogen=94043.2911
mean B0=86.2315 homogen=113180.4831
mean B0=65.3909 homogen=116537.0519
mean B0=68.6318 homogen=38624.177
mean B0=79.5732 homogen=55159.4346
mean B0=87.7545 homogen=111511.911
mean B0=81.4325 homogen=46208.9663
mean B0=84.9997 homogen=78517.6665
mean B0=78.9722 homogen=39727.4747
mean B0=71.4965 homogen=16587.516
mean B0=57.1145 homogen=56080.0506
mean B0=77.1578 homogen=65572.1221
mean B0=78.3353 homogen=35608.9471
mean B0=56.585 homogen=57857.3296
mean B0=64.6721 homogen=140650.399
mean B0=67.3035 homogen=5192.4187
mean B0=80.1167 homogen=56766.7294
mean B0=67.2598 homogen=4822.8145
mean B0=73.6393 homogen=38383.8998
mean B0=77.3985 homogen=35866.329
mean B0=82.3807 homogen=60226.6235
mean B0=85.5216 homogen=80675.2211
mean B0=70.5403 homogen=15990.1607
   390 |    15600 |     40 |  0.000000E+00 |  0.000000E+00 |  0.0021079319 |             f
mean B0=77.1773 homogen=39951.9033
mean B0=74.9667 homogen=23787.3131
mean B0=88.6548 homogen=123685.6796
mean B0=54.381 homogen=76233.9433
mean B0=79.1593 homogen=36546.9302
mean B0=63.0678 homogen=25199.7274
mean B0=72.3994 homogen=19774.5144
mean B0=75.4514 homogen=46482.14
mean B0=82.5692 homogen=61135.3036
mean B0=81.9065 homogen=61428.4966
mean B0=78.9096 homogen=43348.2753
mean B0=65.7409 homogen=113440.9965
mean B0=78.9866 homogen=33788.2102
mean B0=84.5307 homogen=72049.5771
mean B0=80.6856 homogen=53002.4266
mean B0=86.7765 homogen=107023.1889
mean B0=67.2597 homogen=4813.1753
mean B0=81.0293 homogen=66455.8002
mean B0=86.1796 homogen=85104.1114
mean B0=72.6364 homogen=18498.7001
mean B0=85.3764 homogen=73595.4499
mean B0=84.7674 homogen=77506.8382
mean B0=78.7887 homogen=38104.6049
mean B0=67.2824 homogen=5075.0361
mean B0=83.0099 homogen=70220.8596
mean B0=76.5072 homogen=30205.5896
mean B0=73.7239 homogen=24603.421
mean B0=86.236 homogen=97270.8322
mean B0=87.7595 homogen=99489.4511
mean B0=80.1438 homogen=39841.4795
mean B0=81.4805 homogen=53523.1356
mean B0=87.1365 homogen=93355.0961
mean B0=73.6913 homogen=40395.8718
mean B0=87.0905 homogen=93171.276
mean B0=69.4455 homogen=11042.9754
mean B0=87.8734 homogen=94387.913
mean B0=72.3524 homogen=15749.7184
mean B0=76.6448 homogen=52886.821
mean B0=81.7639 homogen=54613.5293
mean B0=69.5907 homogen=8941.9339
   391 |    15640 |     40 |  0.000000E+00 |  0.000000E+00 |  0.0035546529 |             f
mean B0=86.1565 homogen=68360.3228
mean B0=86.2261 homogen=85507.6455
mean B0=78.0111 homogen=36343.6043
mean B0=80.9312 homogen=49661.2975
mean B0=74.2513 homogen=20797.7226
mean B0=87.9268 homogen=100532.23
mean B0=72.844 homogen=22963.3149
mean B0=72.3519 homogen=15749.4824
mean B0=79.7932 homogen=83869.6181
mean B0=76.6782 homogen=31101.7543
mean B0=55.1566 homogen=199825.0709
mean B0=79.2807 homogen=40676.6817
mean B0=83.8332 homogen=66899.4772
mean B0=82.201 homogen=58482.6367
mean B0=86.7512 homogen=116441.6285
mean B0=84.8694 homogen=76490.1303
mean B0=80.5187 homogen=41453.1454
mean B0=80.4276 homogen=41043.1662
mean B0=80.1477 homogen=45391.9785
mean B0=73.6952 homogen=23016.8121
mean B0=86.1463 homogen=85062.396
mean B0=80.2312 homogen=46017.2831
mean B0=80.2364 homogen=100637.1197
mean B0=83.4181 homogen=72661.3732
mean B0=69.8748 homogen=11263.7997
mean B0=89.2266 homogen=128680.867
mean B0=85.0664 homogen=69520.6826
mean B0=75.6384 homogen=26929.6273
mean B0=71.3914 homogen=68066.1453
mean B0=87.394 homogen=97431.9096
mean B0=79.3073 homogen=40726.8281
mean B0=71.2061 homogen=15881.1788
mean B0=81.9459 homogen=57022.3101
mean B0=75.1786 homogen=25162.5295
mean B0=76.6144 homogen=34057.9309
mean B0=78.2125 homogen=41008.1949
mean B0=70.1461 homogen=29377.3482
mean B0=82.9285 homogen=71219.8309
mean B0=85.5271 homogen=80678.2256
mean B0=74.9852 homogen=37283.6919
   392 |    15680 |     40 |  0.000000E+00 |  0.000000E+00 |  0.0044717326 |         ideal
mean B0=85.6426 homogen=74436.2688
mean B0=80.8547 homogen=66816.0518
mean B0=74.5875 homogen=22268.8141
mean B0=88.9357 homogen=124959.4953
mean B0=55.1773 homogen=59812.6791
mean B0=67.2597 homogen=4813.1753
mean B0=72.4136 homogen=15969.5625
mean B0=75.4111 homogen=38861.4521
mean B0=83.5601 homogen=65163.374
mean B0=85.4678 homogen=91288.1928
mean B0=76.3277 homogen=37378.0639
mean B0=76.6782 homogen=31101.8151
mean B0=85.5098 homogen=80554.8223
mean B0=77.6814 homogen=50709.774
mean B0=61.2902 homogen=173806.0117
mean B0=77.8584 homogen=52869.9842
mean B0=85.8027 homogen=91868.6292
mean B0=78.7887 homogen=38105.7036
mean B0=73.4833 homogen=61638.2816
mean B0=74.838 homogen=23500.954
mean B0=89.227 homogen=128673.0108
mean B0=82.2007 homogen=58501.2318
mean B0=82.6238 homogen=75975.4024
mean B0=78.3855 homogen=35848.4286
mean B0=73.1077 homogen=36776.3217
mean B0=67.2597 homogen=4813.1753
mean B0=69.8179 homogen=11674.1059
mean B0=79.4381 homogen=95141.4949
mean B0=85.1455 homogen=77417.4507
mean B0=84.4279 homogen=66753.651
mean B0=72.3458 homogen=17627.4068
mean B0=88.6548 homogen=123686.4337
mean B0=84.5498 homogen=72200.4953
mean B0=78.8378 homogen=52046.8491
mean B0=81.1577 homogen=51358.8209
mean B0=87.0574 homogen=79474.5848
mean B0=80.2776 homogen=46270.0681
mean B0=59.858 homogen=190938.502
mean B0=71.216 homogen=12862.9985
mean B0=84.5307 homogen=72049.5771
   393 |    15720 |     40 |  0.000000E+00 |  0.000000E+00 |  0.0009536964 |             f
mean B0=89.2597 homogen=114774.0784
mean B0=86.5357 homogen=71546.3572
mean B0=74.8619 homogen=23627.8239
mean B0=84.7034 homogen=73940.968
mean B0=81.4583 homogen=52992.7771
mean B0=52.8775 homogen=71262.3104
mean B0=90.238 homogen=120057.1269
mean B0=82.3305 homogen=74056.3895
mean B0=77.8786 homogen=30359.7047
mean B0=88.6556 homogen=123683.215
mean B0=74.5649 homogen=41176.9878
mean B0=84.6556 homogen=64956.0459
mean B0=72.9844 homogen=40864.6624
mean B0=69.5906 homogen=8942.0826
mean B0=80.4974 homogen=47510.3486
mean B0=73.3734 homogen=19253.9875
mean B0=71.607 homogen=14934.7644
mean B0=87.7649 homogen=98959.7634
mean B0=72.3615 homogen=19831.8839
mean B0=87.6181 homogen=97225.7637
mean B0=70.451 homogen=41573.4363
mean B0=70.0274 homogen=40744.8659
mean B0=82.1787 homogen=58392.1412
mean B0=86.8275 homogen=90839.2979
mean B0=75.2834 homogen=25498.0092
mean B0=70.9836 homogen=13242.8784
mean B0=73.9245 homogen=26614.2898
mean B0=70.1817 homogen=10857.6647
mean B0=76.696 homogen=31120.7403
mean B0=78.3374 homogen=35601.3374
mean B0=74.0976 homogen=37937.8517
mean B0=80.2892 homogen=52691.3122
mean B0=81.5838 homogen=132008.6017
mean B0=85.1454 homogen=77415.5606
mean B0=88.0962 homogen=98478.0183
mean B0=80.1081 homogen=45346.7674
mean B0=81.7919 homogen=69780.6932
mean B0=85.7311 homogen=88688.3967
mean B0=74.5149 homogen=41401.6425
mean B0=86.5499 homogen=88671.0139
   394 |    15760 |     40 |  0.000000E+00 |  0.000000E+00 |  0.0037194396 |             f
mean B0=79.522 homogen=43200.7743
mean B0=88.9883 homogen=126867.0824
mean B0=79.4774 homogen=47585.6546
mean B0=69.5836 homogen=14193.001
mean B0=87.745 homogen=98739.3312
mean B0=75.8633 homogen=23631.5308
mean B0=88.0235 homogen=101768.5693
mean B0=70.6388 homogen=12322.4649
mean B0=81.1622 homogen=44996.9249
mean B0=72.6768 homogen=17012.8183
mean B0=75.4599 homogen=26450.8017
mean B0=84.2539 homogen=79449.4394
mean B0=83.2428 homogen=57176.5232
mean B0=73.0333 homogen=18863.3124
mean B0=80.1083 homogen=45350.1651
mean B0=78.0775 homogen=41892.4094
mean B0=80.6714 homogen=61907.507
mean B0=83.067 homogen=70340.5
mean B0=73.5004 homogen=38653.7603
mean B0=67.3579 homogen=5419.594
mean B0=84.7978 homogen=74682.4169
mean B0=86.4966 homogen=87683.6693
mean B0=88.5888 homogen=122568.4769
mean B0=71.0436 homogen=14512.44
mean B0=56.5798 homogen=59894.2061
mean B0=58.8898 homogen=36211.0976
mean B0=87.6181 homogen=97225.7637
mean B0=69.8553 homogen=11104.5431
mean B0=76.9685 homogen=44371.9653
mean B0=79.7131 homogen=48800.5511
mean B0=42.1254 homogen=127503.3409
mean B0=84.4258 homogen=66750.9755
mean B0=76.0224 homogen=52124.9068
mean B0=72.6978 homogen=16389.2567
mean B0=69.5907 homogen=8941.9339
mean B0=90.1288 homogen=119655.4082
mean B0=74.8298 homogen=23461.5386
mean B0=80.9841 homogen=50062.1306
mean B0=75.8812 homogen=28999.033
mean B0=84.5838 homogen=72935.9071
   395 |    15800 |     40 |  0.000000E+00 |  0.000000E+00 |  0.0037326125 |             f
mean B0=83.5784 homogen=66356.2383
mean B0=74.6347 homogen=35357.5905
mean B0=83.3633 homogen=72834.6248
mean B0=75.1486 homogen=35119.8744
mean B0=83.5937 homogen=68221.1027
mean B0=67.9228 homogen=6023.8703
mean B0=86.9484 homogen=112159.7271
mean B0=83.2824 homogen=64714.5087
mean B0=79.0316 homogen=40325.5807
mean B0=70.9821 homogen=14241.6192
mean B0=75.1182 homogen=40649.7236
mean B0=73.8449 homogen=22205.1602
mean B0=87.4182 homogen=95906.2928
mean B0=73.3964 homogen=19406.9405
mean B0=74.3567 homogen=180651.374
mean B0=88.8468 homogen=124877.927
mean B0=78.6127 homogen=42940.3806
mean B0=69.5593 homogen=8880.1161
mean B0=84.9475 homogen=76087.1194
mean B0=87.6987 homogen=91938.2626
mean B0=67.35 homogen=5479.6139
mean B0=70.7185 homogen=20120.6004
mean B0=79.9283 homogen=39178.0568
mean B0=78.7045 homogen=93162.7394
mean B0=78.7693 homogen=43771.0456
mean B0=76.7629 homogen=30663.6985
mean B0=77.8947 homogen=38392.1356
mean B0=72.1834 homogen=15448.7202
mean B0=81.5366 homogen=53870.7873
mean B0=72.7622 homogen=16634.3689
mean B0=76.5563 homogen=31320.1816
mean B0=79.8559 homogen=43443.0625
mean B0=79.2289 homogen=44579.8225
mean B0=75.2654 homogen=25431.2698
mean B0=88.1429 homogen=117874.4123
mean B0=84.7143 homogen=74221.6459
mean B0=76.6525 homogen=70777.5096
mean B0=72.3845 homogen=15803.7099
mean B0=86.6773 homogen=89485.549
mean B0=86.4178 homogen=104888.6028
   396 |    15840 |     40 |  0.000000E+00 |  0.000000E+00 |  0.0037822684 |             f
mean B0=73.0679 homogen=64383.093
mean B0=81.5472 homogen=54567.0611
mean B0=76.6379 homogen=35608.7436
mean B0=74.2516 homogen=44636.3522
mean B0=62.8878 homogen=172268.4832
mean B0=73.7734 homogen=67680.7594
mean B0=83.2341 homogen=73376.6817
mean B0=83.655 homogen=64970.9029
mean B0=69.3362 homogen=15020.8796
mean B0=84.9468 homogen=76087.5147
mean B0=36.833 homogen=463201.4533
mean B0=76.0463 homogen=41344.0564
mean B0=83.122 homogen=47265.0093
mean B0=71.2427 homogen=14343.7559
mean B0=68.3908 homogen=22496.1401
mean B0=71.0247 homogen=15206.6597
mean B0=87.5662 homogen=79639.5782
mean B0=55.1786 homogen=53908.0615
mean B0=88.1312 homogen=97587.9137
mean B0=82.5689 homogen=61136.9533
mean B0=77.857 homogen=109332.4779
mean B0=84.9825 homogen=75932.6671
mean B0=89.998 homogen=120224.5787
mean B0=81.3142 homogen=52358.9928
mean B0=87.1374 homogen=93352.3903
mean B0=79.7003 homogen=43376.9029
mean B0=78.637 homogen=36107.9632
mean B0=89.7189 homogen=114896.4912
mean B0=74.4124 homogen=21551.2533
mean B0=70.6162 homogen=12277.9022
mean B0=74.4805 homogen=21810.846
mean B0=79.2429 homogen=36446.2396
mean B0=70.9696 homogen=32456.8991
mean B0=70.4999 homogen=15291.1572
mean B0=79.3473 homogen=40732.1267
mean B0=81.4058 homogen=52916.153
mean B0=63.8487 homogen=186341.9971
mean B0=89.9509 homogen=117047.7469
mean B0=83.1738 homogen=71244.5528
mean B0=74.8274 homogen=27595.5831
   397 |    15880 |     40 |  0.000000E+00 |  0.000000E+00 |  0.0014026734 |             f
mean B0=77.5032 homogen=32713.0884
mean B0=80.1356 homogen=45804.0453
mean B0=86.3261 homogen=86698.1103
mean B0=85.5096 homogen=84703.9789
mean B0=71.6299 homogen=94113.5412
mean B0=75.9312 homogen=39011.6529
mean B0=89.4892 homogen=111619.3039
mean B0=84.3819 homogen=85005.7588
mean B0=76.5305 homogen=33848.7213
mean B0=75.6329 homogen=38082.6305
mean B0=67.3025 homogen=5198.8988
mean B0=82.3514 homogen=84084.0268
mean B0=86.8216 homogen=90860.3597
mean B0=71.29 homogen=15488.6477
mean B0=85.5997 homogen=95123.6296
mean B0=66.8801 homogen=112608.5638
mean B0=81.1621 homogen=51343.6851
mean B0=75.9945 homogen=52412.2984
mean B0=88.8261 homogen=103401.2121
mean B0=70.581 homogen=12212.6048
mean B0=78.9347 homogen=41386.5512
mean B0=75.6101 homogen=26854.2491
mean B0=55.054 homogen=68761.6112
mean B0=56.6842 homogen=33398.7761
mean B0=72.2553 homogen=55414.8406
mean B0=75.4085 homogen=59359.4591
mean B0=73.5294 homogen=45822.7317
mean B0=87.9791 homogen=101191.3404
mean B0=76.6653 homogen=36815.3931
mean B0=77.4687 homogen=42933.6474
mean B0=68.4788 homogen=131438.6638
mean B0=79.1764 homogen=41049.364
mean B0=76.8868 homogen=30376.5167
mean B0=68.1602 homogen=8571.7477
mean B0=89.0444 homogen=107086.26
mean B0=76.7824 homogen=54237.6573
mean B0=79.3473 homogen=40732.1267
mean B0=86.9245 homogen=84618.4678
mean B0=83.906 homogen=80877.2316
mean B0=89.1539 homogen=128605.0552
   398 |    15920 |     40 |  0.000000E+00 |  0.000000E+00 |  0.0018352580 |             f
mean B0=83.9261 homogen=67527.3255
mean B0=87.425 homogen=95948.2639
mean B0=78.3633 homogen=36043.3013
mean B0=79.162 homogen=45589.6416
mean B0=73.7659 homogen=22987.2005
mean B0=78.2641 homogen=40253.9387
mean B0=77.0305 homogen=41595.3006
mean B0=73.2037 homogen=25863.1194
mean B0=79.0271 homogen=76696.725
mean B0=86.6336 homogen=88780.6853
mean B0=75.1714 homogen=52804.2655
mean B0=81.0287 homogen=41698.1757
mean B0=86.7792 homogen=90055.29
mean B0=67.238 homogen=4824.7217
mean B0=78.7447 homogen=43687.5933
mean B0=81.5472 homogen=54567.0611
mean B0=82.7084 homogen=61794.0306
mean B0=74.5718 homogen=41212.7343
mean B0=67.2188 homogen=5617.4179
mean B0=76.7245 homogen=40116.1529
mean B0=88.4964 homogen=121541.7118
mean B0=86.1375 homogen=85007.1532
mean B0=69.6208 homogen=9052.8696
mean B0=80.943 homogen=55959.3124
mean B0=73.9652 homogen=23459.3394
mean B0=86.5567 homogen=107562.3978
mean B0=42.1076 homogen=139820.8621
mean B0=80.9786 homogen=50185.2491
mean B0=81.3665 homogen=46225.6377
mean B0=84.4505 homogen=71862.9682
mean B0=90.3508 homogen=120783.3852
mean B0=82.3859 homogen=54506.3043
mean B0=75.7906 homogen=199899.516
mean B0=74.441 homogen=21668.6873
mean B0=78.3465 homogen=35636.4194
mean B0=83.2824 homogen=64714.5087
mean B0=87.7946 homogen=100148.1439
mean B0=77.9598 homogen=59022.5536
mean B0=76.5877 homogen=30656.0976
mean B0=79.2205 homogen=94743.1259
   399 |    15960 |     40 |  0.000000E+00 |  0.000000E+00 |  0.0031941551 |             f
mean B0=83.8912 homogen=127624.8492
mean B0=69.7823 homogen=10213.4761
mean B0=76.1449 homogen=29714.1543
mean B0=85.3176 homogen=78640.5464
mean B0=59.3296 homogen=32684.8479
mean B0=86.2218 homogen=85324.3933
mean B0=77.4425 homogen=37367.5542
mean B0=76.8227 homogen=30800.0202
mean B0=82.5432 homogen=61197.5831
mean B0=88.1682 homogen=117809.7297
mean B0=84.4267 homogen=71690.0011
mean B0=47.2576 homogen=115111.6611
mean B0=79.3593 homogen=46770.5159
mean B0=79.7306 homogen=42873.7776
mean B0=80.4967 homogen=47507.1957
mean B0=87.6382 homogen=98320.4554
mean B0=85.1175 homogen=77046.4667
mean B0=87.0526 homogen=92473.9645
mean B0=69.321 homogen=6106.3155
mean B0=72.9859 homogen=54056.3184
mean B0=74.0346 homogen=33910.6646
mean B0=75.3932 homogen=25709.7011
mean B0=76.104 homogen=37228.5649
mean B0=70.4199 homogen=246778.3189
mean B0=78.6281 homogen=43185.9863
mean B0=82.6256 homogen=61498.587
mean B0=74.0479 homogen=33456.4484
mean B0=81.7331 homogen=56204.071
mean B0=72.0627 homogen=45623.529
mean B0=78.3144 homogen=35526.6792
mean B0=83.3746 homogen=67643.5948
mean B0=79.3284 homogen=41567.0981
mean B0=69.0066 homogen=8552.6467
mean B0=78.6427 homogen=38688.5315
mean B0=72.1834 homogen=15441.411
mean B0=88.359 homogen=119257.3614
mean B0=86.3607 homogen=86580.2165
mean B0=86.0837 homogen=94681.4424
mean B0=69.8548 homogen=9537.8234
mean B0=78.0782 homogen=51182.7924
   400 |    16000 |     40 |  0.000000E+00 |  0.000000E+00 |  0.0036389926 |             f
mean B0=51.3435 homogen=93444.6388
mean B0=87.7149 homogen=109039.2041
mean B0=84.2976 homogen=66070.7598
mean B0=69.8921 homogen=10230.1943
mean B0=74.4491 homogen=21687.8485
mean B0=54.8187 homogen=74467.3452
mean B0=87.0137 homogen=101413.784
mean B0=89.2275 homogen=128671.1255
mean B0=84.9268 homogen=75490.4147
mean B0=67.2435 homogen=4919.0327
mean B0=77.5177 homogen=54631.4523
mean B0=87.6854 homogen=98459.206
mean B0=83.8334 homogen=66895.9937
mean B0=88.1375 homogen=84479.9682
mean B0=75.1671 homogen=39437.161
mean B0=86.8391 homogen=90638.4717
mean B0=66.8901 homogen=5039.5675
mean B0=86.8383 homogen=83786.3313
mean B0=72.2978 homogen=15644.7307
mean B0=68.9919 homogen=8118.2952
mean B0=74.2265 homogen=62219.7475
mean B0=79.5365 homogen=44393.0446
mean B0=76.5801 homogen=43959.1469
mean B0=69.5594 homogen=10105.4153
mean B0=74.7949 homogen=23297.744
mean B0=81.1639 homogen=51334.7294
mean B0=79.0057 homogen=41832.297
mean B0=85.8126 homogen=97980.4901
mean B0=86.1935 homogen=85443.7034
mean B0=78.3349 homogen=35578.994
mean B0=85.7603 homogen=82274.2152
mean B0=78.6996 homogen=86519.9676
mean B0=81.7332 homogen=56202.8092
mean B0=84.4925 homogen=72217.8899
mean B0=76.1449 homogen=29713.6311
mean B0=70.4035 homogen=143245.9003
mean B0=81.4056 homogen=53302.4021
mean B0=85.2099 homogen=109740.3176
mean B0=85.2695 homogen=79829.6427
mean B0=68.1859 homogen=11440.6898
   401 |    16040 |     40 |  0.000000E+00 |  0.000000E+00 |  0.0021070273 |             f
mean B0=85.7173 homogen=64323.9975
mean B0=73.4298 homogen=23456.678
mean B0=69.612 homogen=9219.2842
mean B0=79.3284 homogen=41567.0981
mean B0=85.8154 homogen=87269.7464
mean B0=73.7565 homogen=38947.6415
mean B0=72.0897 homogen=15092.0452
mean B0=73.6371 homogen=22673.039
mean B0=66.8203 homogen=7598.4179
mean B0=89.0266 homogen=127316.7678
mean B0=74.9476 homogen=42786.8995
mean B0=80.6222 homogen=51062.9015
mean B0=82.5692 homogen=61135.3036
mean B0=60.3692 homogen=26163.8023
mean B0=83.7747 homogen=66497.4397
mean B0=81.4056 homogen=53302.4021
mean B0=67.3024 homogen=5195.8879
mean B0=63.3143 homogen=198235.5984
mean B0=79.7311 homogen=42870.5773
mean B0=77.5716 homogen=33012.4198
mean B0=84.9497 homogen=75842.1296
mean B0=82.9282 homogen=61589.3139
mean B0=71.5217 homogen=15591.9994
mean B0=86.4966 homogen=87683.6693
mean B0=78.5414 homogen=41862.4589
mean B0=69.1928 homogen=20001.0999
mean B0=84.0375 homogen=68276.6469
mean B0=73.4767 homogen=21144.4182
mean B0=78.8453 homogen=242704.8978
mean B0=89.0465 homogen=126233.0888
mean B0=71.9211 homogen=30779.8782
mean B0=44.6816 homogen=116814.9243
mean B0=88.1682 homogen=117809.7297
mean B0=55.9557 homogen=49536.84
mean B0=69.6065 homogen=10260.1031
mean B0=80.1081 homogen=45346.7674
mean B0=67.2598 homogen=4820.0345
mean B0=80.9809 homogen=50178.4691
mean B0=85.2704 homogen=79832.3314
mean B0=83.281 homogen=57394.6055
   402 |    16080 |     40 |  0.000000E+00 |  0.000000E+00 |  0.0038453864 |             f
mean B0=78.3144 homogen=35525.9106
mean B0=70.0663 homogen=274255.9533
mean B0=75.0401 homogen=23923.1073
mean B0=46.8836 homogen=104378.8325
mean B0=89.2275 homogen=128671.1255
mean B0=68.1113 homogen=6592.4198
mean B0=77.957 homogen=35077.2777
mean B0=67.3169 homogen=5097.5367
mean B0=81.6865 homogen=56035.1462
mean B0=77.7193 homogen=41037.0924
mean B0=64.2412 homogen=24053.2033
mean B0=81.7394 homogen=60716.0445
mean B0=73.4767 homogen=21144.4182
mean B0=54.6067 homogen=51849.2382
mean B0=71.2426 homogen=14345.5428
mean B0=77.6942 homogen=80282.9053
mean B0=53.6337 homogen=52101.4936
mean B0=79.2985 homogen=40717.2427
mean B0=81.4705 homogen=54102.4715
mean B0=74.2106 homogen=49601.4946
mean B0=89.7447 homogen=118907.0222
mean B0=82.1937 homogen=39697.002
mean B0=82.637 homogen=60331.9415
mean B0=65.7826 homogen=186011.2543
mean B0=88.4964 homogen=121541.7118
mean B0=67.3452 homogen=5097.236
mean B0=80.0376 homogen=45488.8962
mean B0=77.555 homogen=32919.8102
mean B0=79.8446 homogen=43500.1561
mean B0=83.9559 homogen=70114.4737
mean B0=56.596 homogen=430324.0552
mean B0=76.2191 homogen=25771.8148
mean B0=84.0375 homogen=68276.6469
mean B0=69.2361 homogen=24109.4364
mean B0=87.4251 homogen=95947.5889
mean B0=77.4495 homogen=37288.4877
mean B0=88.8794 homogen=96701.3711
mean B0=77.9512 homogen=62665.1025
mean B0=75.4566 homogen=39183.6677
mean B0=81.5992 homogen=79685.0463
   403 |    16120 |     40 |  0.000000E+00 |  0.000000E+00 |  0.0023194477 |             f
mean B0=80.7959 homogen=52290.5339
mean B0=71.8932 homogen=14384.0705
mean B0=78.9438 homogen=38618.6941
mean B0=90.3748 homogen=121094.5247
mean B0=67.7613 homogen=7843.4217
mean B0=69.4284 homogen=10229.5274
mean B0=72.2904 homogen=15618.3309
mean B0=81.7052 homogen=55108.8948
mean B0=78.6039 homogen=77878.8599
mean B0=86.3782 homogen=86947.0854
mean B0=69.6111 homogen=9217.3079
mean B0=74.4124 homogen=21547.337
mean B0=74.8066 homogen=23327.4681
mean B0=82.9225 homogen=68884.8487
mean B0=72.7802 homogen=24301.7703
mean B0=88.8465 homogen=124885.0262
mean B0=87.9444 homogen=88327.099
mean B0=75.4228 homogen=55572.784
mean B0=57.9098 homogen=37712.9166
mean B0=89.1685 homogen=127990.6151
mean B0=80.1322 homogen=82560.6203
mean B0=84.6822 homogen=73609.7759
mean B0=80.5167 homogen=52211.9932
mean B0=84.9482 homogen=102558.25
mean B0=69.4713 homogen=10348.536
mean B0=67.7268 homogen=7493.4631
mean B0=79.4682 homogen=38881.3367
mean B0=78.0671 homogen=34567.37
mean B0=77.8588 homogen=39275.6792
mean B0=82.0639 homogen=57681.4694
mean B0=43.6507 homogen=119584.9086
mean B0=83.7748 homogen=66494.4271
mean B0=74.7729 homogen=27864.7176
mean B0=79.8767 homogen=39697.3214
mean B0=69.5238 homogen=18762.1372
mean B0=81.388 homogen=38899.98
mean B0=87.3697 homogen=95326.5883
mean B0=76.6335 homogen=37904.9128
mean B0=77.1815 homogen=39368.6534
mean B0=85.8536 homogen=87692.1907
   404 |    16160 |     40 |  0.000000E+00 |  0.000000E+00 |  0.0032727777 |             f
mean B0=68.2356 homogen=6614.359
mean B0=87.5875 homogen=97573.5121
mean B0=78.4957 homogen=42338.6362
mean B0=85.4726 homogen=79877.0166
mean B0=88.9585 homogen=126171.432
mean B0=78.6406 homogen=37684.7584
mean B0=87.7058 homogen=98960.7073
mean B0=70.6036 homogen=16217.2963
mean B0=72.3216 homogen=15677.5741
mean B0=75.0401 homogen=23923.145
mean B0=80.5229 homogen=50079.0007
mean B0=82.9551 homogen=61704.7322
mean B0=82.0641 homogen=57685.9602
mean B0=73.5321 homogen=21221.6472
mean B0=86.2665 homogen=113212.7131
mean B0=77.6852 homogen=74557.9275
mean B0=69.0343 homogen=8237.5918
mean B0=52.2001 homogen=67552.2615
mean B0=80.0928 homogen=39638.4204
mean B0=73.5792 homogen=27884.0209
mean B0=67.2248 homogen=4978.0258
mean B0=78.1191 homogen=34543.1697
mean B0=88.8633 homogen=105329.4373
mean B0=84.969 homogen=76035.109
mean B0=89.1145 homogen=127372.6159
mean B0=76.989 homogen=31773.9748
mean B0=85.2375 homogen=78019.7625
mean B0=71.8435 homogen=23880.5283
mean B0=71.2209 homogen=14343.2426
mean B0=83.7748 homogen=66494.2941
mean B0=88.524 homogen=119336.2591
mean B0=86.1663 homogen=86461.2506
mean B0=77.8873 homogen=34030.6522
mean B0=67.3892 homogen=118862.9641
mean B0=79.8079 homogen=38565.0868
mean B0=73.1707 homogen=42011.6224
mean B0=74.3996 homogen=25260.3113
mean B0=85.28 homogen=71302.5324
mean B0=85.8194 homogen=93415.7618
mean B0=83.8067 homogen=127529.2788
   405 |    16200 |     40 |  0.000000E+00 |  0.000000E+00 |  0.0025245585 |             f
mean B0=86.9549 homogen=98908.2777
mean B0=84.3351 homogen=70840.414
mean B0=83.7744 homogen=66499.0398
mean B0=67.2588 homogen=4819.1564
mean B0=82.6403 homogen=60349.6725
mean B0=90.7188 homogen=125793.1095
mean B0=78.7887 homogen=38104.6049
mean B0=79.2113 homogen=43691.0108
mean B0=82.9551 homogen=61704.7322
mean B0=81.8457 homogen=82349.3305
mean B0=72.3426 homogen=15998.6923
mean B0=80.4942 homogen=48707.384
mean B0=88.524 homogen=119336.2591
mean B0=78.8244 homogen=46280.4847
mean B0=87.9121 homogen=101457.7009
mean B0=88.4497 homogen=115972.9128
mean B0=84.6792 homogen=73592.4125
mean B0=87.0844 homogen=92824.2569
mean B0=71.0883 homogen=14258.3662
mean B0=72.9149 homogen=18816.6663
mean B0=69.2444 homogen=31910.7683
mean B0=85.564 homogen=80700.4233
mean B0=76.989 homogen=31775.5989
mean B0=67.3459 homogen=5103.4769
mean B0=87.4237 homogen=95950.5903
mean B0=77.8366 homogen=40916.4785
mean B0=82.0639 homogen=57681.4694
mean B0=77.4974 homogen=88979.6601
mean B0=80.2947 homogen=49961.8729
mean B0=81.9909 homogen=59252.67
mean B0=67.2169 homogen=4925.4388
mean B0=50.6334 homogen=99983.9957
mean B0=80.1081 homogen=45346.7674
mean B0=80.9905 homogen=44176.9295
mean B0=72.3245 homogen=15681.8935
mean B0=78.6326 homogen=40356.7985
mean B0=86.1704 homogen=86483.8051
mean B0=75.0054 homogen=23744.4713
mean B0=74.5862 homogen=21962.0559
mean B0=83.8863 homogen=76878.6369
   406 |    16240 |     40 |  0.000000E+00 |  0.000000E+00 |  0.0013333568 |             f
mean B0=81.823 homogen=56565.2802
mean B0=62.9218 homogen=26961.2007
mean B0=67.2597 homogen=4813.1753
mean B0=81.8127 homogen=49166.1822
mean B0=81.1636 homogen=51854.9665
mean B0=78.3251 homogen=45170.7913
mean B0=75.2558 homogen=92477.1781
mean B0=71.2427 homogen=14305.7207
mean B0=75.0649 homogen=37670.6321
mean B0=89.2274 homogen=128672.8444
mean B0=48.8895 homogen=77654.2714
mean B0=86.1266 homogen=77076.1755
mean B0=86.0963 homogen=95753.2186
mean B0=78.7886 homogen=38105.1598
mean B0=71.5965 homogen=19686.377
mean B0=83.4855 homogen=65247.3495
mean B0=81.8252 homogen=56417.4543
mean B0=78.7887 homogen=38106.4171
mean B0=71.7699 homogen=37840.9792
mean B0=77.7509 homogen=33192.2196
mean B0=87.2944 homogen=94379.8445
mean B0=87.7164 homogen=99225.0929
mean B0=88.4497 homogen=115972.9128
mean B0=84.6031 homogen=82174.8534
mean B0=84.8842 homogen=96166.1859
mean B0=78.7904 homogen=37775.1651
mean B0=77.2527 homogen=57204.2013
mean B0=76.9416 homogen=31604.1503
mean B0=74.8355 homogen=55272.4253
mean B0=85.4017 homogen=80489.4903
mean B0=74.4248 homogen=43559.1535
mean B0=75.5355 homogen=42206.165
mean B0=80.9905 homogen=44176.9295
mean B0=67.3459 homogen=5106.7427
mean B0=89.8502 homogen=115704.8984
mean B0=66.5008 homogen=229002.1971
mean B0=85.3852 homogen=79327.8058
mean B0=71.0883 homogen=14258.9528
mean B0=72.3019 homogen=15655.9992
mean B0=81.2735 homogen=63345.8804
   407 |    16280 |     40 |  0.000000E+00 |  0.000000E+00 |  0.0035433367 |             f
mean B0=85.1082 homogen=123549.5555
mean B0=71.2016 homogen=14566.5559
mean B0=82.9551 homogen=61705.8095
mean B0=80.9809 homogen=50178.4691
mean B0=81.4746 homogen=75129.2848
mean B0=85.6992 homogen=75063.6215
mean B0=83.4737 homogen=65166.9199
mean B0=66.6259 homogen=19925.4684
mean B0=69.0354 homogen=8233.8782
mean B0=85.7603 homogen=82275.6999
mean B0=87.0455 homogen=110489.9807
mean B0=88.2675 homogen=118087.9558
mean B0=67.2984 homogen=5074.9749
mean B0=79.0517 homogen=39255.1613
mean B0=83.6916 homogen=67965.3057
mean B0=74.4124 homogen=21547.337
mean B0=78.2364 homogen=48611.5522
mean B0=85.3512 homogen=79220.8407
mean B0=81.825 homogen=56415.7737
mean B0=77.1487 homogen=40607.9361
mean B0=75.6797 homogen=31961.156
mean B0=67.2986 homogen=5160.4767
mean B0=87.4262 homogen=95955.6192
mean B0=76.1449 homogen=29713.6311
mean B0=73.7774 homogen=53303.5825
mean B0=76.5918 homogen=38622.7615
mean B0=84.3482 homogen=70944.2966
mean B0=74.9729 homogen=24066.9214
mean B0=80.4926 homogen=48709.5318
mean B0=87.7165 homogen=99222.7216
mean B0=78.9635 homogen=42051.2826
mean B0=86.4869 homogen=87595.9375
mean B0=79.2963 homogen=40812.2488
mean B0=78.756 homogen=76351.1171
mean B0=76.5866 homogen=66442.3089
mean B0=89.2275 homogen=128671.1255
mean B0=85.1234 homogen=79849.3145
mean B0=87.0882 homogen=92546.1481
mean B0=81.4707 homogen=54104.2129
mean B0=80.5209 homogen=130783.4125
   408 |    16320 |     40 |  0.000000E+00 |  0.000000E+00 |  0.0000672991 |             f
mean B0=76.934 homogen=36233.1405
mean B0=74.413 homogen=21548.8527
mean B0=71.6421 homogen=47834.9608
mean B0=64.8895 homogen=31967.964
mean B0=73.7478 homogen=23439.3001
mean B0=72.0487 homogen=45063.5481
mean B0=79.6183 homogen=44081.0413
mean B0=79.2985 homogen=40717.2427
mean B0=80.9711 homogen=49846.3132
mean B0=80.3427 homogen=46669.2553
mean B0=80.5315 homogen=48816.2579
mean B0=67.2597 homogen=4813.1753
mean B0=77.8873 homogen=34030.6522
mean B0=51.0029 homogen=118907.3316
mean B0=85.7603 homogen=82274.2152
mean B0=85.8745 homogen=98293.9924
mean B0=83.326 homogen=65020.9626
mean B0=89.2256 homogen=128667.7658
mean B0=88.9634 homogen=125657.1696
mean B0=88.7395 homogen=102333.2182
mean B0=86.1906 homogen=91929.2443
mean B0=87.7162 homogen=99206.7847
mean B0=81.8725 homogen=61430.3943
mean B0=86.5862 homogen=82510.8699
mean B0=73.5487 homogen=32016.9601
mean B0=85.8156 homogen=75786.9541
mean B0=81.5934 homogen=54400.4551
mean B0=71.0883 homogen=14258.3662
mean B0=88.2177 homogen=114525.1143
mean B0=83.8227 homogen=90981.2204
mean B0=83.7329 homogen=66328.9991
mean B0=69.8921 homogen=10230.1943
mean B0=87.0526 homogen=92473.9645
mean B0=71.2646 homogen=19821.4987
mean B0=82.0639 homogen=57681.4694
mean B0=75.0985 homogen=38053.7795
mean B0=79.6145 homogen=43093.945
mean B0=84.7096 homogen=73851.475
mean B0=77.7449 homogen=34616.6021
mean B0=70.0373 homogen=39394.416
   409 |    16360 |     40 |  0.000000E+00 |  0.000000E+00 |  0.0008406167 |             f
mean B0=78.79 homogen=37768.4068
mean B0=85.9081 homogen=85756.2385
mean B0=72.3426 homogen=15998.6923
mean B0=84.5232 homogen=62953.3011
mean B0=71.1864 homogen=14074.9991
mean B0=67.3812 homogen=247544.4921
mean B0=40.8698 homogen=172988.0718
mean B0=79.6843 homogen=38283.8187
mean B0=72.8447 homogen=39908.2636
mean B0=78.291 homogen=39920.1081
mean B0=72.7789 homogen=24514.4906
mean B0=77.327 homogen=42010.5254
mean B0=78.1044 homogen=32547.2757
mean B0=68.6776 homogen=35126.6806
mean B0=88.2177 homogen=114525.1143
mean B0=80.5665 homogen=48266.2977
mean B0=78.678 homogen=43478.658
mean B0=87.2796 homogen=87528.0406
mean B0=87.703 homogen=92454.1406
mean B0=75.2321 homogen=25265.6296
mean B0=63.1137 homogen=114128.5853
mean B0=72.051 homogen=28298.32
mean B0=80.9809 homogen=50178.4691
mean B0=84.68 homogen=73566.9313
mean B0=67.409 homogen=5398.3366
mean B0=85.7604 homogen=82273.757
mean B0=89.2417 homogen=129266.0293
mean B0=83.8298 homogen=76993.3649
mean B0=82.2838 homogen=135530.2236
mean B0=80.0051 homogen=86229.0955
mean B0=72.1471 homogen=20905.2564
mean B0=77.1567 homogen=35300.3641
mean B0=88.356 homogen=115083.0795
mean B0=86.5215 homogen=110638.0379
mean B0=87.6506 homogen=80330.0358
mean B0=80.0499 homogen=56692.443
mean B0=75.957 homogen=59953.9972
mean B0=83.0466 homogen=70166.3394
mean B0=86.8757 homogen=108402.4765
mean B0=83.4355 homogen=58808.1248
   410 |    16400 |     40 |  0.000000E+00 |  0.000000E+00 |  0.0047801539 |         nadir
mean B0=73.9661 homogen=23353.9946
mean B0=69.6836 homogen=19312.6979
mean B0=87.8875 homogen=101404.1841
mean B0=83.4885 homogen=73873.5139
mean B0=74.931 homogen=23970.2527
mean B0=79.774 homogen=38525.7019
mean B0=73.9916 homogen=19764.1519
mean B0=72.0606 homogen=45144.4067
mean B0=74.5706 homogen=56114.4638
mean B0=76.223 homogen=29713.2287
mean B0=85.9998 homogen=85017.5995
mean B0=80.1084 homogen=45353.8885
mean B0=63.856 homogen=200548.9284
mean B0=76.1003 homogen=29494.3426
mean B0=88.1939 homogen=85009.9584
mean B0=89.2417 homogen=129266.0293
mean B0=68.3224 homogen=14954.7676
mean B0=80.3388 homogen=46719.6722
mean B0=75.3035 homogen=43140.1254
mean B0=84.7022 homogen=73782.7396
mean B0=79.697 homogen=43260.255
mean B0=81.3829 homogen=54603.49
mean B0=88.354 homogen=114664.3223
mean B0=80.5264 homogen=41640.8401
mean B0=72.6064 homogen=41550.3001
mean B0=78.0056 homogen=44700.6037
mean B0=65.6381 homogen=145750.0506
mean B0=86.1266 homogen=77076.1755
mean B0=81.1046 homogen=56923.9753
mean B0=63.0756 homogen=25333.8173
mean B0=84.5037 homogen=72348.4668
mean B0=76.1448 homogen=29714.0118
mean B0=70.9301 homogen=12861.3136
mean B0=58.6931 homogen=196044.5098
mean B0=86.4987 homogen=87691.2421
mean B0=88.4497 homogen=115972.9128
mean B0=69.8934 homogen=10243.6723
mean B0=87.7892 homogen=102158.7787
mean B0=69.9312 homogen=19496.3008
mean B0=87.061 homogen=92553.2027
   411 |    16440 |     40 |  0.000000E+00 |  0.000000E+00 |  0.0019153781 |             f
mean B0=76.1173 homogen=56174.1842
mean B0=80.3265 homogen=47443.3366
mean B0=88.2176 homogen=114532.7063
mean B0=77.4061 homogen=53159.923
mean B0=80.2074 homogen=132942.3762
mean B0=82.2898 homogen=61345.7039
mean B0=86.3907 homogen=86847.2611
mean B0=72.1272 homogen=15175.907
mean B0=79.0088 homogen=38511.3118
mean B0=87.9624 homogen=100097.4221
mean B0=82.0254 homogen=65806.9538
mean B0=79.8141 homogen=44146.1054
mean B0=69.4358 homogen=16947.7047
mean B0=84.9589 homogen=68732.0651
mean B0=85.3512 homogen=79220.8407
mean B0=85.6885 homogen=91718.8144
mean B0=86.0975 homogen=95744.2321
mean B0=77.7546 homogen=33211.7682
mean B0=82.9795 homogen=63462.3936
mean B0=89.0463 homogen=126615.8281
mean B0=80.4352 homogen=48227.7779
mean B0=67.4211 homogen=5831.1046
mean B0=76.1003 homogen=29495.4521
mean B0=76.6739 homogen=63322.5779
mean B0=49.5822 homogen=105964.6905
mean B0=87.9187 homogen=114193.4227
mean B0=83.0685 homogen=62283.4618
mean B0=71.1443 homogen=13870.6273
mean B0=81.8277 homogen=56827.3642
mean B0=60.9968 homogen=15187.0301
mean B0=78.6715 homogen=43349.6514
mean B0=74.2668 homogen=20930.1309
mean B0=72.842 homogen=23743.3975
mean B0=52.1528 homogen=75660.4362
mean B0=84.7096 homogen=73851.475
mean B0=74.2347 homogen=20893.0522
mean B0=89.4121 homogen=110694.024
mean B0=81.5879 homogen=54392.3825
mean B0=70.0774 homogen=10592.6497
mean B0=87.9119 homogen=101447.9346
   412 |    16480 |     40 |  0.000000E+00 |  0.000000E+00 |  0.0037038945 |             f
mean B0=73.8305 homogen=22484.5677
mean B0=85.84 homogen=88117.7909
mean B0=77.7542 homogen=33199.1101
mean B0=78.5991 homogen=42940.6221
mean B0=85.9873 homogen=85028.8847
mean B0=83.6782 homogen=78684.4591
mean B0=66.4018 homogen=19856.2099
mean B0=71.2393 homogen=31481.4382
mean B0=83.8736 homogen=76759.3389
mean B0=90.4641 homogen=124100.0914
mean B0=75.04 homogen=23925.4933
mean B0=87.7078 homogen=99124.1299
mean B0=70.0774 homogen=10592.6497
mean B0=72.9243 homogen=25247.043
mean B0=70.7253 homogen=12769.8253
mean B0=89.3308 homogen=109710.2876
mean B0=74.4423 homogen=21671.1631
mean B0=79.4763 homogen=48219.2124
mean B0=84.2004 homogen=71273.9618
mean B0=76.3565 homogen=31785.0426
mean B0=67.4211 homogen=5831.1046
mean B0=80.8628 homogen=50039.7894
mean B0=88.4494 homogen=115973.2149
mean B0=76.1048 homogen=25550.3828
mean B0=86.4905 homogen=87617.9263
mean B0=90.2813 homogen=120888.8298
mean B0=79.574 homogen=104351.9214
mean B0=74.4735 homogen=40428.707
mean B0=77.8606 homogen=34033.272
mean B0=78.183 homogen=42869.1461
mean B0=82.2899 homogen=61345.5914
mean B0=84.3441 homogen=70909.4936
mean B0=69.8934 homogen=10243.6723
mean B0=87.1148 homogen=92161.2444
mean B0=87.3138 homogen=124234.0668
mean B0=76.7321 homogen=49222.9753
mean B0=77.5762 homogen=34019.6835
mean B0=68.2456 homogen=31851.7001
mean B0=82.8988 homogen=61354.4302
mean B0=70.7949 homogen=13421.6209
   413 |    16520 |     40 |  0.000000E+00 |  0.000000E+00 |  0.0016873788 |             f
mean B0=82.8467 homogen=68037.5368
mean B0=80.4721 homogen=56771.3943
mean B0=84.7089 homogen=73853.6156
mean B0=68.2227 homogen=111848.6798
mean B0=81.3941 homogen=47062.0005
mean B0=83.8864 homogen=76873.5312
mean B0=87.096 homogen=121234.0918
mean B0=82.3255 homogen=63185.0348
mean B0=84.7933 homogen=76691.0909
mean B0=76.0969 homogen=29475.9579
mean B0=76.2732 homogen=30545.9851
mean B0=82.8988 homogen=61354.4302
mean B0=88.5306 homogen=102891.17
mean B0=78.3968 homogen=39852.5049
mean B0=88.3668 homogen=117710.6754
mean B0=65.2851 homogen=34595.7346
mean B0=80.9645 homogen=50664.2959
mean B0=87.8475 homogen=102682.2591
mean B0=70.6387 homogen=12927.2651
mean B0=74.2657 homogen=20933.6214
mean B0=71.4192 homogen=47597.8084
mean B0=89.294 homogen=111737.6124
mean B0=80.3389 homogen=46718.737
mean B0=73.4694 homogen=30324.525
mean B0=81.9282 homogen=79979.9707
mean B0=64.2179 homogen=214632.5751
mean B0=74.0368 homogen=20129.7657
mean B0=73.1966 homogen=46131.5637
mean B0=77.1522 homogen=57434.3684
mean B0=77.2504 homogen=32910.8205
mean B0=80.0836 homogen=44840.9503
mean B0=83.7748 homogen=66494.2941
mean B0=73.8425 homogen=57781.1598
mean B0=85.0441 homogen=99789.3894
mean B0=75.0482 homogen=24699.1943
mean B0=87.6371 homogen=92917.4126
mean B0=86.0268 homogen=91339.0706
mean B0=52.8368 homogen=68981.7506
mean B0=78.7807 homogen=52780.7355
mean B0=72.1277 homogen=15172.0083
   414 |    16560 |     40 |  0.000000E+00 |  0.000000E+00 |  0.0034907126 |             f
mean B0=75.9357 homogen=31083.882
mean B0=88.056 homogen=112032.2445
mean B0=69.0533 homogen=8299.8147
mean B0=78.8216 homogen=42363.1263
mean B0=77.7856 homogen=33622.0304
mean B0=80.0837 homogen=44841.3914
mean B0=87.0997 homogen=100930.3942
mean B0=85.7937 homogen=82957.4403
mean B0=87.6821 homogen=99033.1199
mean B0=85.2008 homogen=78029.1672
mean B0=72.1277 homogen=15171.4016
mean B0=80.0555 homogen=56376.9016
mean B0=85.7071 homogen=87084.9847
mean B0=78.8916 homogen=66929.6297
mean B0=80.3606 homogen=46985.9737
mean B0=71.3605 homogen=20429.5406
mean B0=85.7595 homogen=82265.2353
mean B0=79.8081 homogen=47276.3935
mean B0=70.8151 homogen=12967.7022
mean B0=84.4287 homogen=71715.3537
mean B0=69.094 homogen=8217.48
mean B0=79.694 homogen=44510.4942
mean B0=75.0224 homogen=23853.9239
mean B0=84.3237 homogen=96119.3806
mean B0=83.1865 homogen=63882.3672
mean B0=81.4704 homogen=54101.608
mean B0=87.8824 homogen=100132.0597
mean B0=85.0205 homogen=76328.0355
mean B0=76.3798 homogen=31873.393
mean B0=72.4683 homogen=16471.3035
mean B0=82.2897 homogen=61350.0356
mean B0=70.6432 homogen=12948.9417
mean B0=54.9716 homogen=47744.3991
mean B0=80.828 homogen=48777.6428
mean B0=89.2423 homogen=129261.0043
mean B0=63.7419 homogen=103649.5978
mean B0=80.6265 homogen=39890.4455
mean B0=61.703 homogen=195744.7786
mean B0=86.0829 homogen=85099.3291
mean B0=86.3946 homogen=98092.6262
   415 |    16600 |     40 |  0.000000E+00 |  0.000000E+00 |  0.0024196904 |             f
mean B0=67.2597 homogen=4813.1753
mean B0=69.5799 homogen=10111.0193
mean B0=79.458 homogen=41936.3284
mean B0=85.3507 homogen=79221.4641
mean B0=70.9305 homogen=12875.6159
mean B0=79.6024 homogen=43977.9567
mean B0=81.5672 homogen=54728.4357
mean B0=52.7168 homogen=78618.2722
mean B0=72.1277 homogen=15173.0576
mean B0=68.6303 homogen=136089.8037
mean B0=73.0113 homogen=75418.9224
mean B0=79.0091 homogen=38512.6069
mean B0=83.2822 homogen=57397.4304
mean B0=82.3928 homogen=65179.8672
mean B0=89.2231 homogen=93337.169
mean B0=82.8897 homogen=61513.4993
mean B0=83.4394 homogen=65771.2648
mean B0=67.2381 homogen=4827.4306
mean B0=87.2361 homogen=87705.6711
mean B0=89.2387 homogen=129250.0066
mean B0=54.8119 homogen=67426.5916
mean B0=76.6948 homogen=35832.6303
mean B0=85.2763 homogen=78413.1465
mean B0=76.3798 homogen=31873.3938
mean B0=72.468 homogen=16463.5702
mean B0=78.9869 homogen=38457.7862
mean B0=83.6727 homogen=65804.5113
mean B0=88.5032 homogen=94073.4877
mean B0=88.4495 homogen=115980.3767
mean B0=79.2853 homogen=40328.5909
mean B0=77.8122 homogen=46968.2965
mean B0=88.2188 homogen=114529.6578
mean B0=79.4021 homogen=50790.699
mean B0=79.9441 homogen=50459.4345
mean B0=59.1976 homogen=34290.9416
mean B0=74.5325 homogen=21962.8422
mean B0=81.3767 homogen=53315.7394
mean B0=82.9255 homogen=61496.9668
mean B0=72.701 homogen=39336.0654
mean B0=88.8485 homogen=124885.6554
   416 |    16640 |     40 |  0.000000E+00 |  0.000000E+00 |  0.0038337693 |             f
mean B0=68.925 homogen=20050.113
mean B0=80.6407 homogen=48025.7906
mean B0=86.5918 homogen=88053.7952
mean B0=84.9812 homogen=76378.1373
mean B0=81.9587 homogen=64560.7786
mean B0=88.45 homogen=115976.052
mean B0=81.0469 homogen=51391.003
mean B0=86.0432 homogen=90671.9567
mean B0=74.2472 homogen=20862.382
mean B0=73.2638 homogen=44595.2457
mean B0=67.2597 homogen=4813.1753
mean B0=76.8848 homogen=31331.3371
mean B0=85.3114 homogen=80779.0686
mean B0=75.2321 homogen=25265.6296
mean B0=86.3445 homogen=120234.5203
mean B0=70.0102 homogen=17253.5514
mean B0=74.1583 homogen=20538.5677
mean B0=86.4973 homogen=87690.0984
mean B0=89.0418 homogen=126558.8516
mean B0=70.6266 homogen=19155.8247
mean B0=82.837 homogen=60593.952
mean B0=88.7725 homogen=126416.0933
mean B0=85.1881 homogen=77706.5311
mean B0=80.6934 homogen=48695.127
mean B0=76.9619 homogen=40053.7518
mean B0=87.6816 homogen=99034.8127
mean B0=78.8628 homogen=38151.1748
mean B0=79.6455 homogen=43562.6739
mean B0=59.5038 homogen=212684.9882
mean B0=80.4969 homogen=47824.7838
mean B0=74.2668 homogen=20930.1309
mean B0=81.062 homogen=51570.8672
mean B0=81.278 homogen=52687.6847
mean B0=79.2853 homogen=40328.5909
mean B0=71.0991 homogen=121955.8452
mean B0=83.3178 homogen=57512.6942
mean B0=67.5942 homogen=7729.9019
mean B0=71.6806 homogen=20084.1481
mean B0=89.0486 homogen=127599.348
mean B0=79.5204 homogen=41794.8139
   417 |    16680 |     40 |  0.000000E+00 |  0.000000E+00 |  0.0016988286 |             f
mean B0=82.9064 homogen=89772.9059
mean B0=69.3298 homogen=24115.3794
mean B0=68.5452 homogen=278870.1062
mean B0=78.5122 homogen=48844.0199
mean B0=73.8417 homogen=25600.9021
mean B0=66.9694 homogen=32544.1698
mean B0=78.8629 homogen=38149.0451
mean B0=71.4653 homogen=273039.4268
mean B0=80.5358 homogen=57155.8702
mean B0=88.4066 homogen=115919.3598
mean B0=72.024 homogen=14752.1036
mean B0=81.5673 homogen=54717.12
mean B0=87.1792 homogen=94887.1597
mean B0=77.079 homogen=37591.3627
mean B0=72.5679 homogen=16669.3664
mean B0=87.1288 homogen=83181.1141
mean B0=70.9996 homogen=32744.8937
mean B0=69.094 homogen=8217.48
mean B0=86.4973 homogen=87690.0984
mean B0=89.178 homogen=128507.3894
mean B0=81.1835 homogen=51934.6024
mean B0=74.8901 homogen=42294.4897
mean B0=71.0165 homogen=13253.8771
mean B0=85.354 homogen=73535.5117
mean B0=74.158 homogen=20536.5594
mean B0=82.4352 homogen=69258.1565
mean B0=67.4223 homogen=5808.8819
mean B0=65.3808 homogen=213698.2601
mean B0=70.8371 homogen=15948.1768
mean B0=77.8211 homogen=33748.3921
mean B0=71.0304 homogen=13357.4366
mean B0=78.7901 homogen=37764.9298
mean B0=67.4627 homogen=5635.8465
mean B0=87.9658 homogen=96268.0091
mean B0=76.7573 homogen=30844.4751
mean B0=66.3167 homogen=184702.0833
mean B0=75.2251 homogen=25242.6483
mean B0=80.3606 homogen=46985.9737
mean B0=85.0205 homogen=76328.0355
mean B0=88.8949 homogen=91604.4587
   418 |    16720 |     40 |  0.000000E+00 |  0.000000E+00 |  0.0026580226 |             f
mean B0=75.3161 homogen=35313.138
mean B0=63.0429 homogen=207789.254
mean B0=78.7605 homogen=37611.0679
mean B0=78.7902 homogen=37757.1896
mean B0=71.9001 homogen=25446.1419
mean B0=88.4083 homogen=115912.8239
mean B0=86.6676 homogen=89223.5699
mean B0=75.5919 homogen=66008.677
mean B0=70.7628 homogen=13095.0485
mean B0=87.7434 homogen=110647.2106
mean B0=79.1929 homogen=45604.9434
mean B0=64.9079 homogen=31899.1495
mean B0=79.5204 homogen=41794.8139
mean B0=77.8425 homogen=33924.1854
mean B0=89.2427 homogen=129262.2656
mean B0=90.3397 homogen=121056.1095
mean B0=72.0831 homogen=26537.7197
mean B0=83.7748 homogen=66494.2941
mean B0=72.3658 homogen=15728.6358
mean B0=88.7134 homogen=123476.9523
mean B0=85.2914 homogen=86565.6204
mean B0=78.3286 homogen=33646.1581
mean B0=86.6208 homogen=88288.3721
mean B0=81.5672 homogen=54728.2515
mean B0=71.6811 homogen=19350.2743
mean B0=70.8372 homogen=285704.688
mean B0=80.1903 homogen=45739.7931
mean B0=74.106 homogen=37852.2887
mean B0=85.4307 homogen=79639.7273
mean B0=74.317 homogen=41169.7804
mean B0=84.9623 homogen=76186.7559
mean B0=86.6875 homogen=82134.5929
mean B0=70.9301 homogen=12861.3136
mean B0=81.9023 homogen=79862.554
mean B0=86.4973 homogen=87703.4683
mean B0=68.8389 homogen=55518.7509
mean B0=71.657 homogen=21493.0224
mean B0=87.1792 homogen=94887.1597
mean B0=80.8359 homogen=41716.7928
mean B0=67.2917 homogen=5177.1516
   419 |    16760 |     40 |  0.000000E+00 |  0.000000E+00 |  0.0016554779 |             f
mean B0=79.4917 homogen=38699.4074
mean B0=80.4547 homogen=47252.8818
mean B0=88.2266 homogen=113543.6408
mean B0=89.1739 homogen=129261.6337
mean B0=88.8391 homogen=124767.9807
mean B0=66.3197 homogen=114200.2962
mean B0=80.7018 homogen=52456.464
mean B0=84.0187 homogen=70964.086
mean B0=81.0375 homogen=51223.8187
mean B0=76.0803 homogen=29127.4077
mean B0=81.8513 homogen=59628.6582
mean B0=76.0731 homogen=29363.4222
mean B0=67.2597 homogen=4813.1753
mean B0=72.5994 homogen=16792.0124
mean B0=77.6021 homogen=54142.6522
mean B0=88.0576 homogen=113554.8314
mean B0=84.3352 homogen=70839.5001
mean B0=66.7422 homogen=32775.137
mean B0=89.3148 homogen=110605.6524
mean B0=69.5799 homogen=10110.323
mean B0=85.4229 homogen=89367.1399
mean B0=87.9359 homogen=101867.508
mean B0=79.7764 homogen=43726.4289
mean B0=67.537 homogen=8062.3235
mean B0=88.7198 homogen=123552.726
mean B0=84.9108 homogen=85036.8828
mean B0=71.0961 homogen=43384.9279
mean B0=79.7875 homogen=43861.0953
mean B0=86.2201 homogen=92151.5445
mean B0=73.3025 homogen=24169.0452
mean B0=74.9345 homogen=23209.4926
mean B0=78.7839 homogen=37725.9475
mean B0=73.2595 homogen=174835.7301
mean B0=77.7909 homogen=33600.6811
mean B0=76.3609 homogen=62628.5605
mean B0=71.8387 homogen=15536.9982
mean B0=84.9622 homogen=76187.6523
mean B0=87.7824 homogen=92845.8132
mean B0=87.6292 homogen=110902.3399
mean B0=86.4972 homogen=87692.4115
   420 |    16800 |     40 |  0.000000E+00 |  0.000000E+00 |  0.0038116008 |             f
mean B0=75.2251 homogen=25242.7017
mean B0=74.5877 homogen=22232.6236
mean B0=84.9954 homogen=78177.3965
mean B0=74.9828 homogen=23457.9235
mean B0=81.8673 homogen=58082.1247
mean B0=90.1054 homogen=118075.166
mean B0=76.088 homogen=29390.1462
mean B0=80.4523 homogen=47242.8465
mean B0=85.9578 homogen=105188.5979
mean B0=74.5034 homogen=21867.6046
mean B0=87.0613 homogen=92561.8308
mean B0=88.5964 homogen=122072.7489
mean B0=88.4499 homogen=115980.9091
mean B0=67.2703 homogen=5325.4516
mean B0=71.902 homogen=21709.7162
mean B0=89.0194 homogen=105904.6688
mean B0=52.9507 homogen=367000.3531
mean B0=79.0642 homogen=40244.8908
mean B0=84.3352 homogen=70838.7665
mean B0=70.1113 homogen=43969.4942
mean B0=89.2185 homogen=93378.7184
mean B0=83.7123 homogen=66070.9492
mean B0=82.2379 homogen=60655.4018
mean B0=79.4475 homogen=38488.4433
mean B0=71.4614 homogen=15416.5741
mean B0=64.9785 homogen=26418.4661
mean B0=76.7314 homogen=35530.9841
mean B0=80.193 homogen=45753.7233
mean B0=82.0446 homogen=57855.8728
mean B0=60.1335 homogen=206681.7892
mean B0=69.0942 homogen=8226.7447
mean B0=83.8912 homogen=67295.9105
mean B0=67.2605 homogen=4820.99
mean B0=57.2207 homogen=201122.8919
mean B0=88.3244 homogen=116361.5002
mean B0=78.6857 homogen=43792.9421
mean B0=84.9623 homogen=76186.7559
mean B0=60.464 homogen=189015.2304
mean B0=86.4973 homogen=87689.5343
mean B0=87.0614 homogen=85693.763
   421 |    16840 |     40 |  0.000000E+00 |  0.000000E+00 |  0.0014533783 |             f
mean B0=86.0641 homogen=76586.8534
mean B0=78.4767 homogen=38969.4742
mean B0=68.6219 homogen=27284.6698
mean B0=71.0253 homogen=13289.7473
mean B0=65.8586 homogen=33673.1036
mean B0=87.2435 homogen=88855.7775
mean B0=82.0622 homogen=58013.3107
mean B0=86.6676 homogen=89223.2438
mean B0=72.9653 homogen=17957.3056
mean B0=83.8092 homogen=58741.7262
mean B0=46.2314 homogen=106428.3475
mean B0=66.4367 homogen=228588.2713
mean B0=86.2431 homogen=78016.7158
mean B0=84.8394 homogen=76728.3093
mean B0=67.3001 homogen=8255.0332
mean B0=87.1425 homogen=92776.773
mean B0=62.2111 homogen=189234.7114
mean B0=68.9494 homogen=8348.5924
mean B0=50.4213 homogen=98591.503
mean B0=76.0746 homogen=29378.745
mean B0=64.9079 homogen=31894.4054
mean B0=85.4307 homogen=79639.7273
mean B0=69.0213 homogen=286036.0499
mean B0=75.7965 homogen=21367.5888
mean B0=87.0964 homogen=121302.5078
mean B0=79.791 homogen=37900.3965
mean B0=77.3106 homogen=226724.3012
mean B0=75.9344 homogen=28418.6276
mean B0=73.795 homogen=20859.7108
mean B0=76.9398 homogen=32440.6695
mean B0=77.7578 homogen=33204.2777
mean B0=89.6461 homogen=113475.5855
mean B0=76.4087 homogen=48466.4673
mean B0=88.2637 homogen=114756.2777
mean B0=88.8273 homogen=125997.1547
mean B0=88.3675 homogen=115866.9092
mean B0=88.6136 homogen=104149.9143
mean B0=78.4692 homogen=41641.3784
mean B0=75.4569 homogen=57181.4345
mean B0=87.6867 homogen=99172.2895
   422 |    16880 |     40 |  0.000000E+00 |  0.000000E+00 |  0.0023548558 |             f
mean B0=73.1253 homogen=44336.8417
mean B0=79.7565 homogen=98070.1714
mean B0=68.6806 homogen=33016.4315
mean B0=73.064 homogen=18408.318
mean B0=86.9139 homogen=119734.8678
mean B0=74.8788 homogen=57518.4458
mean B0=69.1754 homogen=10904.5363
mean B0=84.4448 homogen=63151.0923
mean B0=86.9587 homogen=90604.8492
mean B0=78.2539 homogen=46321.1431
mean B0=80.9395 homogen=51633.2638
mean B0=89.2149 homogen=128882.316
mean B0=78.1258 homogen=70317.3505
mean B0=84.006 homogen=69237.838
mean B0=69.0095 homogen=8175.9337
mean B0=77.7367 homogen=56588.7875
mean B0=75.8472 homogen=24265.8335
mean B0=83.5715 homogen=74313.6028
mean B0=85.1325 homogen=86294.9094
mean B0=83.9641 homogen=90907.3782
mean B0=76.4184 homogen=31458.6455
mean B0=73.0293 homogen=42981.1841
mean B0=88.8453 homogen=103590.893
mean B0=71.6411 homogen=16410.0788
mean B0=83.282 homogen=57397.511
mean B0=86.2653 homogen=78125.3064
mean B0=70.9011 homogen=16952.217
mean B0=88.7394 homogen=124966.8337
mean B0=90.3753 homogen=121091.7416
mean B0=82.8552 homogen=61872.1882
mean B0=75.9348 homogen=28416.2795
mean B0=85.4582 homogen=79896.9466
mean B0=75.0295 homogen=37183.6509
mean B0=80.8472 homogen=49178.4078
mean B0=79.7367 homogen=50499.3935
mean B0=70.9307 homogen=12855.9072
mean B0=86.679 homogen=117165.6195
mean B0=80.4908 homogen=41468.3909
mean B0=79.6222 homogen=38025.4206
mean B0=76.6284 homogen=37506.9574
   423 |    16920 |     40 |  0.000000E+00 |  0.000000E+00 |  0.0041038781 |             f
mean B0=80.4768 homogen=47392.935
mean B0=85.0764 homogen=78935.3232
mean B0=45.6873 homogen=107188.1135
mean B0=77.1599 homogen=34123.6575
mean B0=72.024 homogen=14752.1036
mean B0=82.836 homogen=69359.2143
mean B0=76.4437 homogen=26042.6043
mean B0=80.8418 homogen=49161.4332
mean B0=89.2427 homogen=129262.2656
mean B0=77.3612 homogen=32682.9654
mean B0=85.4665 homogen=64224.7152
mean B0=80.4778 homogen=46811.774
mean B0=87.3813 homogen=105662.0781
mean B0=85.2077 homogen=85266.4122
mean B0=85.2102 homogen=72569.1387
mean B0=76.251 homogen=34952.4119
mean B0=66.9392 homogen=28979.8346
mean B0=88.5964 homogen=122072.7489
mean B0=66.9137 homogen=10326.9771
mean B0=69.7268 homogen=48495.0931
mean B0=87.5428 homogen=97663.2035
mean B0=75.1396 homogen=24886.8211
mean B0=67.4239 homogen=5240.5863
mean B0=71.5168 homogen=15487.1803
mean B0=83.7377 homogen=74735.8864
mean B0=80.4957 homogen=41201.617
mean B0=81.0381 homogen=51216.427
mean B0=86.6684 homogen=89220.2389
mean B0=67.2597 homogen=4813.1753
mean B0=87.9136 homogen=100524.4627
mean B0=80.192 homogen=45743.8801
mean B0=88.3749 homogen=91221.9901
mean B0=73.6054 homogen=48069.8551
mean B0=75.4454 homogen=38795.7093
mean B0=66.6547 homogen=31880.3068
mean B0=90.0709 homogen=119927.051
mean B0=88.9971 homogen=105877.5542
mean B0=83.7119 homogen=66076.0754
mean B0=81.5674 homogen=54722.4253
mean B0=70.5647 homogen=30339.4324
   424 |    16960 |     40 |  0.000000E+00 |  0.000000E+00 |  0.0005760710 |             f
mean B0=82.8552 homogen=61872.1882
mean B0=72.824 homogen=39659.2545
mean B0=78.5795 homogen=35021.0448
mean B0=75.5715 homogen=71033.1082
mean B0=85.6343 homogen=73962.4018
mean B0=78.5891 homogen=40494.9798
mean B0=82.7708 homogen=55194.8517
mean B0=70.7122 homogen=38442.9839
mean B0=88.6093 homogen=122222.1092
mean B0=67.5974 homogen=7687.1249
mean B0=72.6442 homogen=16602.6498
mean B0=84.0316 homogen=64810.4189
mean B0=80.1915 homogen=45733.1244
mean B0=87.4825 homogen=96972.8149
mean B0=80.4731 homogen=47352.5487
mean B0=89.2427 homogen=129263.4493
mean B0=69.6525 homogen=31487.5469
mean B0=88.4634 homogen=116525.6962
mean B0=74.1609 homogen=20523.0514
mean B0=68.8875 homogen=7690.6565
mean B0=71.0304 homogen=13357.4366
mean B0=72.9263 homogen=33498.0845
mean B0=82.8709 homogen=64203.4422
mean B0=73.2546 homogen=41307.4518
mean B0=79.1529 homogen=43336.6202
mean B0=83.4392 homogen=67748.8101
mean B0=86.1017 homogen=95822.7721
mean B0=89.4943 homogen=110773.1635
mean B0=86.6551 homogen=89120.075
mean B0=69.5767 homogen=10143.0406
mean B0=82.2312 homogen=61624.754
mean B0=72.6835 homogen=23568.4946
mean B0=76.4159 homogen=31444.7402
mean B0=75.7998 homogen=62629.6703
mean B0=80.6199 homogen=69866.4073
mean B0=88.8273 homogen=125997.5929
mean B0=75.9319 homogen=28406.0247
mean B0=90.3693 homogen=119822.7949
mean B0=45.5692 homogen=107709.1046
mean B0=87.9364 homogen=112153.569
   425 |    17000 |     40 |  0.000000E+00 |  0.000000E+00 |  0.0019091057 |             f
mean B0=80.4326 homogen=47185.1669
mean B0=72.0583 homogen=14878.9562
mean B0=80.1915 homogen=45730.4257
mean B0=67.3801 homogen=5278.7991
mean B0=85.23 homogen=77949.8493
mean B0=68.9413 homogen=7797.6572
mean B0=79.9923 homogen=251056.9208
mean B0=88.7264 homogen=88283.9599
mean B0=84.6723 homogen=96787.709
mean B0=66.819 homogen=20564.6705
mean B0=66.7088 homogen=19883.586
mean B0=84.7424 homogen=74110.125
mean B0=88.3665 homogen=118424.6023
mean B0=81.5549 homogen=55006.0773
mean B0=77.508 homogen=33913.1548
mean B0=69.5249 homogen=166733.2256
mean B0=70.2276 homogen=7256.5484
mean B0=66.3729 homogen=10946.8305
mean B0=77.4341 homogen=38714.226
mean B0=88.1884 homogen=113499.2905
mean B0=74.1757 homogen=20576.6438
mean B0=80.2214 homogen=45562.3729
mean B0=82.871 homogen=64207.1225
mean B0=70.7941 homogen=12366.0609
mean B0=55.1486 homogen=61684.3913
mean B0=59.1357 homogen=35111.0819
mean B0=87.2133 homogen=123600.0135
mean B0=75.1396 homogen=24886.8211
mean B0=81.1131 homogen=47592.8422
mean B0=83.665 homogen=67582.5946
mean B0=67.2596 homogen=4813.0767
mean B0=87.9602 homogen=101146.9935
mean B0=88.0237 homogen=102062.7726
mean B0=75.3365 homogen=25632.9884
mean B0=83.5818 homogen=59478.6359
mean B0=80.8377 homogen=49813.9468
mean B0=75.2014 homogen=25146.1916
mean B0=83.7115 homogen=66072.6629
mean B0=86.7275 homogen=105593.2564
mean B0=82.3089 homogen=61524.787
   426 |    17040 |     40 |  0.000000E+00 |  0.000000E+00 |  0.0032469922 |             f
mean B0=77.878 homogen=32632.3977
mean B0=81.0918 homogen=51351.7064
mean B0=85.7179 homogen=94912.8697
mean B0=71.8529 homogen=52969.9764
mean B0=82.2604 homogen=61265.4654
mean B0=84.6197 homogen=73511.8463
mean B0=69.5726 homogen=17921.793
mean B0=86.7478 homogen=119604.8012
mean B0=86.606 homogen=88357.112
mean B0=84.0836 homogen=73420.7648
mean B0=82.2867 homogen=122086.8408
mean B0=80.2211 homogen=45566.4329
mean B0=86.4959 homogen=87689.9807
mean B0=70.5718 homogen=11993.9339
mean B0=69.1537 homogen=12644.5312
mean B0=77.8241 homogen=33770.3427
mean B0=88.6044 homogen=122754.0024
mean B0=72.0239 homogen=14755.6511
mean B0=75.3365 homogen=25632.9884
mean B0=72.208 homogen=14221.6824
mean B0=86.4791 homogen=92156.1515
mean B0=85.5867 homogen=84877.2439
mean B0=81.2888 homogen=108504.182
mean B0=76.8723 homogen=39770.378
mean B0=74.9041 homogen=23041.0603
mean B0=87.6749 homogen=97909.0732
mean B0=71.0688 homogen=16846.1534
mean B0=69.5426 homogen=32705.2217
mean B0=85.0913 homogen=77040.6984
mean B0=83.4447 homogen=64246.6971
mean B0=78.6338 homogen=35916.1272
mean B0=76.4197 homogen=31456.6983
mean B0=87.4804 homogen=96951.4654
mean B0=83.593 homogen=74556.6859
mean B0=78.9963 homogen=38480.5239
mean B0=68.9387 homogen=7792.9217
mean B0=65.4509 homogen=25785.9809
mean B0=88.0545 homogen=112039.075
mean B0=79.4917 homogen=38699.4074
mean B0=75.0455 homogen=24496.4986
   427 |    17080 |     40 |  0.000000E+00 |  0.000000E+00 |  0.0025851899 |             f
mean B0=87.5499 homogen=97386.7779
mean B0=79.9992 homogen=38566.9138
mean B0=75.0076 homogen=36457.5967
mean B0=88.3224 homogen=119227.5506
mean B0=75.9321 homogen=28405.6209
mean B0=69.8993 homogen=10780.619
mean B0=73.5349 homogen=39937.1823
mean B0=78.7085 homogen=37758.9996
mean B0=79.8182 homogen=50430.701
mean B0=88.7533 homogen=124238.7688
mean B0=73.8095 homogen=21289.6486
mean B0=88.4636 homogen=116531.6668
mean B0=87.8608 homogen=100162.42
mean B0=78.2805 homogen=33412.9613
mean B0=87.575 homogen=80777.9916
mean B0=87.449 homogen=89552.3588
mean B0=75.2204 homogen=66249.555
mean B0=76.0254 homogen=41597.1895
mean B0=71.4449 homogen=42169.5882
mean B0=88.0559 homogen=112028.3913
mean B0=82.6383 homogen=63930.6475
mean B0=72.5751 homogen=18512.6116
mean B0=82.3347 homogen=57975.1994
mean B0=82.7366 homogen=65674.1886
mean B0=68.8872 homogen=7686.7571
mean B0=76.0064 homogen=31014.147
mean B0=83.0196 homogen=59073.6346
mean B0=80.2754 homogen=45354.9395
mean B0=70.9987 homogen=14583.3073
mean B0=89.0836 homogen=127113.9199
mean B0=59.6418 homogen=190851.1086
mean B0=75.6104 homogen=21740.0497
mean B0=84.4201 homogen=71514.8083
mean B0=83.7123 homogen=66069.7369
mean B0=87.1439 homogen=92792.4908
mean B0=78.7576 homogen=41419.8038
mean B0=73.1525 homogen=43553.3012
mean B0=79.7265 homogen=89104.2089
mean B0=85.8589 homogen=88120.774
mean B0=84.7423 homogen=74115.24
   428 |    17120 |     40 |  0.000000E+00 |  0.000000E+00 |  0.0022914880 |             f
mean B0=75.9707 homogen=45966.1466
mean B0=85.0914 homogen=77043.876
mean B0=91.2517 homogen=115961.2981
mean B0=86.6913 homogen=98865.362
mean B0=85.6536 homogen=85613.4952
mean B0=70.8582 homogen=16402.0031
mean B0=90.3794 homogen=121521.3563
mean B0=70.9305 homogen=12855.0567
mean B0=47.1725 homogen=103810.7163
mean B0=87.5908 homogen=97973.9582
mean B0=82.5011 homogen=62852.2769
mean B0=81.3625 homogen=52332.6267
mean B0=75.0563 homogen=68981.3059
mean B0=87.1067 homogen=92655.6134
mean B0=69.8993 homogen=10780.619
mean B0=76.1391 homogen=32399.9794
mean B0=70.9529 homogen=13089.3057
mean B0=72.0656 homogen=14867.5588
mean B0=75.6068 homogen=23806.3543
mean B0=80.0696 homogen=45535.1428
mean B0=78.5424 homogen=95495.5738
mean B0=84.7994 homogen=74631.0498
mean B0=81.5966 homogen=59411.5308
mean B0=85.0296 homogen=81755.5115
mean B0=87.9888 homogen=111302.588
mean B0=71.7739 homogen=20303.8661
mean B0=75.5227 homogen=56838.5703
mean B0=75.0455 homogen=24492.4271
mean B0=84.3352 homogen=70838.7665
mean B0=78.3695 homogen=49646.7837
mean B0=74.3013 homogen=21068.1698
mean B0=84.8878 homogen=76376.8638
mean B0=76.8992 homogen=33124.906
mean B0=85.4931 homogen=80032.551
mean B0=75.9321 homogen=28405.6209
mean B0=79.3402 homogen=35184.2533
mean B0=87.8258 homogen=109569.5481
mean B0=82.2752 homogen=58189.6322
mean B0=86.8368 homogen=118959.9446
mean B0=54.7113 homogen=46369.8162
   429 |    17160 |     40 |  0.000000E+00 |  0.000000E+00 |  0.0037587480 |             f
mean B0=74.8813 homogen=27317.7219
mean B0=68.5748 homogen=136232.1121
mean B0=74.2851 homogen=21027.268
mean B0=88.6819 homogen=122152.0586
mean B0=85.7965 homogen=74293.9496
mean B0=83.5139 homogen=96041.2964
mean B0=80.4136 homogen=49410.0167
mean B0=87.5484 homogen=97372.0131
mean B0=82.3345 homogen=57985.7322
mean B0=72.9322 homogen=18046.4879
mean B0=81.0192 homogen=47330.4131
mean B0=88.1421 homogen=113428.3753
mean B0=77.3563 homogen=41820.0961
mean B0=78.7604 homogen=37613.5669
mean B0=73.6522 homogen=60043.9999
mean B0=89.4957 homogen=110791.0066
mean B0=86.0861 homogen=76755.0703
mean B0=68.8874 homogen=7691.7051
mean B0=89.5888 homogen=112190.3716
mean B0=86.6065 homogen=88346.105
mean B0=71.6862 homogen=152667.0543
mean B0=67.2694 homogen=4846.9795
mean B0=72.6601 homogen=16633.5399
mean B0=87.5005 homogen=97848.4353
mean B0=77.9236 homogen=39394.7785
mean B0=77.5494 homogen=54203.8985
mean B0=79.9668 homogen=43416.8654
mean B0=88.4592 homogen=116471.1599
mean B0=89.2434 homogen=129266.2725
mean B0=73.2482 homogen=23044.6662
mean B0=69.5647 homogen=10105.3154
mean B0=81.2213 homogen=51292.1688
mean B0=72.6047 homogen=25147.7041
mean B0=75.1809 homogen=190149.9973
mean B0=90.3725 homogen=121645.6527
mean B0=62.9413 homogen=22121.6867
mean B0=83.2816 homogen=71985.1685
mean B0=88.0562 homogen=112052.1541
mean B0=72.5684 homogen=40490.3427
mean B0=84.3357 homogen=70848.9585
   430 |    17200 |     40 |  0.000000E+00 |  0.000000E+00 |  0.0010606614 |             f
mean B0=73.064 homogen=18408.5376
mean B0=72.7414 homogen=17735.4862
mean B0=76.8741 homogen=26894.4905
mean B0=54.8898 homogen=168755.4502
mean B0=57.0828 homogen=313805.2069
mean B0=79.9668 homogen=43416.8654
mean B0=90.1962 homogen=118389.3646
mean B0=71.1634 homogen=267756.8089
mean B0=87.1204 homogen=101623.6155
mean B0=71.1605 homogen=33353.7509
mean B0=74.7754 homogen=37746.6106
mean B0=71.7719 homogen=26304.7382
mean B0=85.727 homogen=87024.8009
mean B0=80.6816 homogen=51145.6159
mean B0=72.93 homogen=41186.3435
mean B0=80.239 homogen=45146.019
mean B0=86.6055 homogen=88346.9845
mean B0=82.5471 homogen=88691.69
mean B0=78.1831 homogen=37683.5343
mean B0=74.7914 homogen=83175.2945
mean B0=74.17 homogen=27703.9262
mean B0=75.2172 homogen=25193.3016
mean B0=77.6474 homogen=37688.699
mean B0=90.823 homogen=112047.769
mean B0=85.1967 homogen=86954.8581
mean B0=83.7123 homogen=66070.9492
mean B0=82.4532 homogen=58768.1884
mean B0=87.8384 homogen=93962.2075
mean B0=83.3757 homogen=69683.6623
mean B0=85.5908 homogen=80815.3816
mean B0=67.1937 homogen=160878.4309
mean B0=72.0031 homogen=29248.0792
mean B0=79.4312 homogen=102851.7618
mean B0=89.0726 homogen=115149.8624
mean B0=75.5758 homogen=70681.7841
mean B0=70.8276 homogen=12494.128
mean B0=75.9854 homogen=63688.1092
mean B0=78.7021 homogen=41821.1174
mean B0=76.2553 homogen=57644.828
mean B0=80.1866 homogen=48085.1638
   431 |    17240 |     40 |  0.000000E+00 |  0.000000E+00 |  0.0029390238 |             f
mean B0=76.8845 homogen=36341.5532
mean B0=82.334 homogen=57977.4511
mean B0=85.6316 homogen=80984.5578
mean B0=73.0639 homogen=18406.7266
mean B0=88.0241 homogen=102064.0968
mean B0=78.3076 homogen=34888.927
mean B0=84.3383 homogen=70887.4247
mean B0=81.5498 homogen=47762.4237
mean B0=76.167 homogen=40093.292
mean B0=72.7701 homogen=37233.7445
mean B0=89.2434 homogen=129266.2725
mean B0=85.6536 homogen=85614.4286
mean B0=89.4593 homogen=111292.357
mean B0=72.7415 homogen=17739.2895
mean B0=66.3432 homogen=44418.7247
mean B0=78.3063 homogen=107866.3082
mean B0=75.986 homogen=63682.6322
mean B0=79.1542 homogen=39645.869
mean B0=87.8413 homogen=111792.3274
mean B0=69.0077 homogen=7971.3433
mean B0=85.8614 homogen=115967.2342
mean B0=69.5799 homogen=10110.6908
mean B0=87.1051 homogen=92684.2907
mean B0=87.1068 homogen=92656.1517
mean B0=87.548 homogen=97370.5921
mean B0=79.0415 homogen=36362.3676
mean B0=85.7244 homogen=86964.4714
mean B0=70.4593 homogen=12823.6999
mean B0=81.5843 homogen=86210.9469
mean B0=77.1583 homogen=34936.7853
mean B0=75.2172 homogen=25193.3016
mean B0=68.7506 homogen=282237.9439
mean B0=70.6816 homogen=23027.1414
mean B0=76.4197 homogen=31458.5825
mean B0=70.4256 homogen=25942.9267
mean B0=73.8946 homogen=71402.4305
mean B0=82.5037 homogen=62876.0557
mean B0=89.0542 homogen=112150.2358
mean B0=78.9492 homogen=38301.5923
mean B0=74.1554 homogen=20483.351
   432 |    17280 |     40 |  0.000000E+00 |  0.000000E+00 |  0.0017011739 |             f
mean B0=80.2485 homogen=45199.788
mean B0=82.8477 homogen=71792.2817
mean B0=83.6593 homogen=89456.0084
mean B0=86.8804 homogen=89956.36
mean B0=84.2237 homogen=70084.1043
mean B0=70.8424 homogen=17658.5159
mean B0=70.1703 homogen=12725.2537
mean B0=77.9086 homogen=32822.3137
mean B0=73.5987 homogen=23570.3643
mean B0=78.9422 homogen=38363.7702
mean B0=79.9114 homogen=44092.2813
mean B0=87.3725 homogen=111107.1935
mean B0=87.1085 homogen=92701.1135
mean B0=90.3839 homogen=120413.6898
mean B0=83.2663 homogen=75563.7106
mean B0=81.0025 homogen=45233.0136
mean B0=82.2788 homogen=57603.6372
mean B0=75.9322 homogen=28406.2953
mean B0=65.9332 homogen=208601.4525
mean B0=65.3202 homogen=22271.716
mean B0=89.0984 homogen=115423.5977
mean B0=80.8945 homogen=49494.8632
mean B0=78.8405 homogen=44175.8657
mean B0=78.6296 homogen=48267.327
mean B0=89.2199 homogen=128952.4519
mean B0=69.1743 homogen=16750.0354
mean B0=69.1149 homogen=16571.1733
mean B0=64.5033 homogen=25414.2508
mean B0=89.1898 homogen=128536.1604
mean B0=82.4592 homogen=96985.176
mean B0=84.9804 homogen=82542.6355
mean B0=78.2167 homogen=235337.1361
mean B0=85.6274 homogen=80969.2319
mean B0=69.5799 homogen=10111.0193
mean B0=87.1068 homogen=92654.6364
mean B0=71.0454 homogen=15061.774
mean B0=78.4082 homogen=35199.9845
mean B0=74.1554 homogen=20489.9695
mean B0=83.5647 homogen=74196.5224
mean B0=66.5462 homogen=217689.2686
   433 |    17320 |     40 |  0.000000E+00 |  0.000000E+00 |  0.0025388761 |             f
mean B0=67.7087 homogen=122471.034
mean B0=89.0984 homogen=115423.5977
mean B0=72.4631 homogen=16295.1354
mean B0=69.594 homogen=10122.1687
mean B0=72.9994 homogen=18391.0884
mean B0=81.6984 homogen=54159.2227
mean B0=74.1016 homogen=20712.0762
mean B0=87.5908 homogen=97973.9582
mean B0=82.3347 homogen=57975.1994
mean B0=89.0722 homogen=112348.2216
mean B0=80.27 homogen=43324.3509
mean B0=81.5666 homogen=54716.8306
mean B0=62.9645 homogen=26263.4355
mean B0=89.2433 homogen=129267.052
mean B0=89.2434 homogen=129266.2725
mean B0=83.2659 homogen=71599.0734
mean B0=82.7166 homogen=67483.4809
mean B0=86.195 homogen=85344.7904
mean B0=90.0708 homogen=121110.3513
mean B0=80.3182 homogen=84337.4489
mean B0=74.4665 homogen=28436.498
mean B0=78.7204 homogen=86486.1057
mean B0=88.0241 homogen=102065.0475
mean B0=76.4084 homogen=31324.7295
mean B0=67.3346 homogen=5571.9019
mean B0=76.8114 homogen=37126.6426
mean B0=71.0057 homogen=13338.6237
mean B0=83.4447 homogen=64246.6971
mean B0=86.8804 homogen=89956.36
mean B0=86.5881 homogen=88220.3588
mean B0=69.5237 homogen=10412.7631
mean B0=75.0448 homogen=24490.1144
mean B0=72.2943 homogen=25104.9555
mean B0=70.8122 homogen=285764.3915
mean B0=74.3349 homogen=27926.7514
mean B0=81.9258 homogen=49191.5561
mean B0=83.8718 homogen=61386.8867
mean B0=83.5868 homogen=65738.3138
mean B0=78.9229 homogen=38523.2195
mean B0=78.5984 homogen=43266.8037
   434 |    17360 |     40 |  0.000000E+00 |  0.000000E+00 |  0.0019853356 |             f
mean B0=75.0673 homogen=27863.2976
mean B0=83.5163 homogen=56154.7204
mean B0=85.4711 homogen=84372.5374
mean B0=78.4085 homogen=35653.3684
mean B0=85.7965 homogen=74293.9496
mean B0=54.6469 homogen=300299.8255
mean B0=79.3927 homogen=57768.6391
mean B0=88.8307 homogen=124512.7889
mean B0=87.3728 homogen=95322.144
mean B0=68.9881 homogen=7720.8232
mean B0=79.5245 homogen=41557.5007
mean B0=75.2931 homogen=35313.6549
mean B0=69.4832 homogen=131314.5234
mean B0=71.0053 homogen=13327.9597
mean B0=76.0609 homogen=35029.2542
mean B0=71.1094 homogen=17783.5431
mean B0=87.8045 homogen=94501.2347
mean B0=87.8155 homogen=99674.6724
mean B0=63.5055 homogen=226340.1688
mean B0=67.3029 homogen=5203.9442
mean B0=79.7782 homogen=43839.6912
mean B0=77.5792 homogen=41113.6242
mean B0=69.3298 homogen=163665.6913
mean B0=75.5371 homogen=43664.2446
mean B0=79.3466 homogen=46631.9739
mean B0=67.6903 homogen=130739.6185
mean B0=78.7465 homogen=37147.9003
mean B0=79.2247 homogen=37332.1763
mean B0=78.3773 homogen=254151.0443
mean B0=81.7932 homogen=43547.5528
mean B0=72.4042 homogen=40551.3044
mean B0=81.992 homogen=56093.2634
mean B0=87.1417 homogen=109858.6013
mean B0=82.2789 homogen=57597.7704
mean B0=79.3908 homogen=120057.2272
mean B0=75.6289 homogen=39419.0355
mean B0=57.6508 homogen=153044.2379
mean B0=87.3511 homogen=95181.2099
mean B0=71.8175 homogen=14302.631
mean B0=90.3044 homogen=120976.2355
   435 |    17400 |     40 |  0.000000E+00 |  0.000000E+00 |  0.0043998385 |             f
mean B0=86.0932 homogen=90239.8683
mean B0=83.3243 homogen=73686.5811
mean B0=81.151 homogen=51134.3234
mean B0=71.9177 homogen=14308.4807
mean B0=89.2434 homogen=129267.5917
mean B0=70.7941 homogen=12366.0609
mean B0=83.5868 homogen=65738.3138
mean B0=80.751 homogen=51613.3805
mean B0=82.3481 homogen=86373.2265
mean B0=70.5323 homogen=13502.8863
mean B0=85.4207 homogen=79255.9664
mean B0=89.1898 homogen=128536.1604
mean B0=81.6982 homogen=54152.2492
mean B0=85.7275 homogen=88393.3968
mean B0=89.0541 homogen=112153.3773
mean B0=43.6222 homogen=119910.7968
mean B0=82.2303 homogen=83943.411
mean B0=77.4326 homogen=34845.7073
mean B0=82.5045 homogen=62861.8587
mean B0=67.257 homogen=4826.3546
mean B0=80.9575 homogen=44094.5824
mean B0=76.2259 homogen=38202.8782
mean B0=81.4943 homogen=67752.1162
mean B0=74.7733 homogen=27184.4565
mean B0=83.4447 homogen=64246.9008
mean B0=69.594 homogen=10122.1687
mean B0=78.4085 homogen=35653.3684
mean B0=87.8042 homogen=108741.8674
mean B0=76.7605 homogen=60388.1067
mean B0=81.7393 homogen=48514.598
mean B0=87.3536 homogen=94815.2092
mean B0=84.2237 homogen=70084.1043
mean B0=82.2791 homogen=57617.5363
mean B0=75.3882 homogen=36934.9762
mean B0=89.0984 homogen=115419.4908
mean B0=76.4198 homogen=31460.8551
mean B0=80.6882 homogen=48466.6593
mean B0=67.5142 homogen=121450.6643
mean B0=84.338 homogen=70891.8623
mean B0=68.8896 homogen=7692.9246
   436 |    17440 |     40 |  0.000000E+00 |  0.000000E+00 |  0.0017725165 |             f
mean B0=68.9617 homogen=8448.1416
mean B0=73.3021 homogen=40310.9278
mean B0=74.5897 homogen=30392.2195
mean B0=78.7226 homogen=38368.9831
mean B0=76.6736 homogen=39866.1388
mean B0=76.4179 homogen=35810.9807
mean B0=45.4962 homogen=108740.9719
mean B0=80.5928 homogen=50696.6356
mean B0=86.1413 homogen=85108.1792
mean B0=78.2878 homogen=35130.149
mean B0=84.3382 homogen=70884.0051
mean B0=79.7951 homogen=42957.2254
mean B0=79.3073 homogen=43496.6497
mean B0=89.5005 homogen=116844.3166
mean B0=80.4459 homogen=52587.564
mean B0=74.12 homogen=24796.3097
mean B0=80.1883 homogen=46356.1662
mean B0=81.151 homogen=51134.3234
mean B0=82.5023 homogen=62851.0674
mean B0=80.1692 homogen=45711.3058
mean B0=71.9537 homogen=16548.4398
mean B0=73.9097 homogen=23102.768
mean B0=87.0752 homogen=95009.315
mean B0=82.2008 homogen=89423.8399
mean B0=78.6656 homogen=96842.9641
mean B0=82.8709 homogen=71144.3079
mean B0=73.0239 homogen=18413.5793
mean B0=76.7853 homogen=90153.5854
mean B0=87.0507 homogen=91943.9178
mean B0=75.1492 homogen=25045.864
mean B0=54.856 homogen=88211.8325
mean B0=86.1387 homogen=91424.1443
mean B0=81.2365 homogen=45108.1748
mean B0=80.2696 homogen=43322.5453
mean B0=69.4917 homogen=6535.2248
mean B0=71.7836 homogen=17142.585
mean B0=82.3178 homogen=80993.5073
mean B0=86.195 homogen=85344.7904
mean B0=89.1916 homogen=128559.0266
mean B0=83.3634 homogen=77372.4484
   437 |    17480 |     40 |  0.000000E+00 |  0.000000E+00 |  0.0025218296 |             f
mean B0=85.3801 homogen=78970.0004
mean B0=73.0243 homogen=40038.1922
mean B0=72.8631 homogen=39443.5096
mean B0=76.4376 homogen=40789.2371
mean B0=82.9837 homogen=55713.5254
mean B0=75.2124 homogen=55291.2668
mean B0=77.8777 homogen=32629.4643
mean B0=78.7862 homogen=37597.2144
mean B0=82.8329 homogen=66082.3278
mean B0=89.1898 homogen=128536.1604
mean B0=77.6849 homogen=33047.8528
mean B0=86.1931 homogen=85554.0844
mean B0=76.8277 homogen=43587.7276
mean B0=77.2411 homogen=40672.7847
mean B0=66.1478 homogen=223781.8725
mean B0=86.1461 homogen=96715.7263
mean B0=75.0447 homogen=24488.1529
mean B0=79.1453 homogen=250454.5758
mean B0=73.8874 homogen=21932.3275
mean B0=87.548 homogen=97370.5921
mean B0=85.203 homogen=78338.9504
mean B0=78.8943 homogen=82018.4011
mean B0=90.1057 homogen=119452.0656
mean B0=76.8539 homogen=52639.0853
mean B0=82.4023 homogen=65302.8354
mean B0=75.3312 homogen=38736.1889
mean B0=71.0052 homogen=13333.9259
mean B0=85.9322 homogen=128406.0012
mean B0=79.9654 homogen=41638.9946
mean B0=89.2434 homogen=129266.2725
mean B0=84.5311 homogen=68619.2221
mean B0=88.0652 homogen=111048.5546
mean B0=82.5701 homogen=91374.55
mean B0=83.6311 homogen=121010.1899
mean B0=67.3346 homogen=5571.9019
mean B0=77.9313 homogen=32666.2613
mean B0=74.3013 homogen=21068.3701
mean B0=70.473 homogen=12101.6143
mean B0=69.1359 homogen=8543.3488
mean B0=72.024 homogen=14752.1036
   438 |    17520 |     40 |  0.000000E+00 |  0.000000E+00 |  0.0027795681 |             f
mean B0=75.3773 homogen=55629.8614
mean B0=62.8116 homogen=224438.458
mean B0=76.1648 homogen=55966.3616
mean B0=77.8776 homogen=32630.8552
mean B0=79.0506 homogen=45483.2345
mean B0=70.1995 homogen=11029.0849
mean B0=84.6115 homogen=86931.8796
mean B0=86.158 homogen=119925.5674
mean B0=80.3028 homogen=48335.2254
mean B0=90.326 homogen=120779.5527
mean B0=79.1641 homogen=90184.9834
mean B0=83.5777 homogen=86936.4699
mean B0=86.7984 homogen=83424.7268
mean B0=81.1509 homogen=51136.9506
mean B0=81.0249 homogen=50272.2883
mean B0=75.1846 homogen=39105.0921
mean B0=88.0654 homogen=111049.1265
mean B0=82.2789 homogen=57597.7704
mean B0=80.8154 homogen=90931.2106
mean B0=87.7591 homogen=99116.3008
mean B0=84.9236 homogen=101201.8597
mean B0=75.248 homogen=30991.9052
mean B0=74.5969 homogen=80561.0615
mean B0=69.5939 homogen=10121.589
mean B0=77.8781 homogen=32637.2867
mean B0=80.5497 homogen=44743.7448
mean B0=68.5568 homogen=145952.7973
mean B0=76.6456 homogen=38124.7877
mean B0=78.1442 homogen=43590.3726
mean B0=77.817 homogen=40167.7116
mean B0=73.0494 homogen=19642.0355
mean B0=80.4121 homogen=57062.811
mean B0=70.5956 homogen=39208.6691
mean B0=59.977 homogen=183703.1914
mean B0=86.1177 homogen=84760.0402
mean B0=74.6985 homogen=54461.201
mean B0=67.2546 homogen=4852.3315
mean B0=88.0241 homogen=102064.0968
mean B0=72.2912 homogen=34398.0712
mean B0=84.3514 homogen=70991.5103
   439 |    17560 |     40 |  0.000000E+00 |  0.000000E+00 |  0.0005829789 |             f
mean B0=81.0192 homogen=47330.4131
mean B0=77.3884 homogen=35140.7074
mean B0=84.1121 homogen=62573.9061
mean B0=86.9879 homogen=91452.0345
mean B0=76.4198 homogen=31456.4168
mean B0=88.6188 homogen=125707.2782
mean B0=84.5143 homogen=72637.4672
mean B0=77.7963 homogen=44587.9191
mean B0=77.7587 homogen=42211.6732
mean B0=74.1554 homogen=20483.283
mean B0=86.8733 homogen=83509.915
mean B0=79.572 homogen=41679.1643
mean B0=78.38 homogen=46394.6056
mean B0=87.1074 homogen=122443.4317
mean B0=87.434 homogen=97291.3352
mean B0=88.6372 homogen=110341.6009
mean B0=76.2217 homogen=41805.7119
mean B0=84.654 homogen=78501.4465
mean B0=52.7048 homogen=321420.9585
mean B0=78.7504 homogen=37407.782
mean B0=75.1492 homogen=25045.864
mean B0=67.7448 homogen=8703.231
mean B0=82.4927 homogen=65912.1848
mean B0=67.2945 homogen=5094.4946
mean B0=71.9176 homogen=14303.9956
mean B0=83.1378 homogen=68450.0008
mean B0=80.9846 homogen=49872.0194
mean B0=90.5454 homogen=124030.1118
mean B0=74.4375 homogen=82273.2576
mean B0=88.0649 homogen=111055.5731
mean B0=76.5377 homogen=50341.7625
mean B0=75.7337 homogen=27951.4117
mean B0=79.6095 homogen=87711.1421
mean B0=82.8704 homogen=54848.3214
mean B0=57.1876 homogen=56015.214
mean B0=68.9836 homogen=7804.8856
mean B0=86.8294 homogen=104855.829
mean B0=54.8125 homogen=70829.0153
mean B0=79.2178 homogen=40868.7898
mean B0=74.3343 homogen=21193.9446
   440 |    17600 |     40 |  0.000000E+00 |  0.000000E+00 |  0.0037032147 |             f
mean B0=75.6936 homogen=27636.3724
mean B0=89.0999 homogen=115452.7993
mean B0=66.3114 homogen=19304.0048
mean B0=70.4731 homogen=12101.9023
mean B0=85.1424 homogen=86278.7775
mean B0=87.4345 homogen=97275.2864
mean B0=77.4987 homogen=32342.4983
mean B0=80.4427 homogen=35027.8509
mean B0=76.0172 homogen=65653.0634
mean B0=76.5677 homogen=254148.5606
mean B0=67.3346 homogen=5571.9019
mean B0=86.8381 homogen=104544.2247
mean B0=76.7559 homogen=32266.7733
mean B0=88.0615 homogen=102471.618
mean B0=64.289 homogen=212009.159
mean B0=83.5707 homogen=78189.1734
mean B0=78.2224 homogen=37314.8908
mean B0=52.8398 homogen=62731.2811
mean B0=73.9016 homogen=21854.2339
mean B0=85.6274 homogen=80969.2319
mean B0=73.183 homogen=48107.2355
mean B0=86.9845 homogen=91430.5035
mean B0=72.0516 homogen=14818.7067
mean B0=71.9177 homogen=14308.8728
mean B0=79.5798 homogen=36408.0679
mean B0=82.2782 homogen=57602.0255
mean B0=80.7219 homogen=58389.5452
mean B0=73.064 homogen=18408.5376
mean B0=89.3554 homogen=118424.5808
mean B0=69.8841 homogen=17840.2241
mean B0=86.195 homogen=85344.7904
mean B0=84.6307 homogen=75776.4526
mean B0=77.8777 homogen=32629.4643
mean B0=82.5994 homogen=64234.8017
mean B0=84.5066 homogen=72443.8989
mean B0=90.1851 homogen=119926.4843
mean B0=81.2945 homogen=52100.387
mean B0=76.6365 homogen=89473.4721
mean B0=69.2197 homogen=8593.7386
mean B0=87.7591 homogen=99116.3008
   441 |    17640 |     40 |  0.000000E+00 |  0.000000E+00 |  0.0050684289 |         ideal
mean B0=88.0092 homogen=103094.0451
mean B0=81.9992 homogen=53820.9376
mean B0=76.1397 homogen=46147.2649
mean B0=69.269 homogen=8758.426
mean B0=67.2596 homogen=4813.0767
mean B0=76.5344 homogen=31751.6641
mean B0=58.5823 homogen=32598.0602
mean B0=78.6906 homogen=91295.9983
mean B0=89.145 homogen=115936.2939
mean B0=85.5025 homogen=80444.599
mean B0=77.0305 homogen=36120.8273
mean B0=77.21 homogen=41837.635
mean B0=80.3612 homogen=40579.5606
mean B0=77.0859 homogen=58528.9994
mean B0=90.2427 homogen=119983.2375
mean B0=74.4356 homogen=39688.8529
mean B0=78.4479 homogen=41896.6281
mean B0=80.5213 homogen=44588.6502
mean B0=84.5239 homogen=75006.7161
mean B0=83.1378 homogen=68450.0008
mean B0=85.618 homogen=80699.7876
mean B0=75.414 homogen=45340.0472
mean B0=83.6619 homogen=68161.5722
mean B0=75.8111 homogen=63541.3904
mean B0=79.2178 homogen=40868.7898
mean B0=71.8908 homogen=15293.8862
mean B0=75.8819 homogen=24352.6765
mean B0=75.1955 homogen=67368.661
mean B0=78.696 homogen=37124.7834
mean B0=71.9302 homogen=14331.8555
mean B0=82.2228 homogen=54425.1273
mean B0=88.4623 homogen=87417.2492
mean B0=79.837 homogen=63045.9483
mean B0=78.1617 homogen=89275.652
mean B0=82.9738 homogen=67591.2304
mean B0=79.0234 homogen=97172.2003
mean B0=73.142 homogen=51842.2437
mean B0=67.3615 homogen=5628.24
mean B0=80.2512 homogen=47989.3717
mean B0=81.2945 homogen=52100.387
   442 |    17680 |     40 |  0.000000E+00 |  0.000000E+00 |  0.0018105935 |             f
mean B0=74.1131 homogen=20630.0108
mean B0=85.3903 homogen=79293.4481
mean B0=70.7121 homogen=16927.0572
mean B0=73.3188 homogen=25456.6232
mean B0=78.4176 homogen=46060.0966
mean B0=89.7344 homogen=121199.1874
mean B0=86.9043 homogen=108783.8242
mean B0=78.4971 homogen=36274.2577
mean B0=74.1388 homogen=22300.5802
mean B0=88.3967 homogen=107577.2001
mean B0=89.7858 homogen=116342.7859
mean B0=76.7522 homogen=38621.5658
mean B0=70.4731 homogen=12105.7218
mean B0=86.1594 homogen=85198.345
mean B0=85.8305 homogen=78456.1846
mean B0=82.0166 homogen=53946.312
mean B0=72.2255 homogen=15940.5403
mean B0=79.5422 homogen=36224.1643
mean B0=67.2596 homogen=4813.0767
mean B0=75.8051 homogen=42531.2807
mean B0=72.7809 homogen=17516.5946
mean B0=87.2171 homogen=93307.6347
mean B0=76.7474 homogen=31751.5926
mean B0=74.2058 homogen=25112.9772
mean B0=56.4718 homogen=311523.9273
mean B0=78.6045 homogen=40572.8377
mean B0=81.3026 homogen=45217.2663
mean B0=67.4403 homogen=5992.0124
mean B0=72.7094 homogen=30976.2127
mean B0=85.4446 homogen=80305.9176
mean B0=76.0837 homogen=30709.7883
mean B0=89.8747 homogen=117328.5945
mean B0=84.6308 homogen=75775.3644
mean B0=87.0874 homogen=92089.8575
mean B0=87.1727 homogen=100744.8375
mean B0=75.7115 homogen=27841.9704
mean B0=82.5883 homogen=65555.4322
mean B0=82.5303 homogen=66198.127
mean B0=72.4412 homogen=57450.9055
mean B0=74.2806 homogen=61556.734
   443 |    17720 |     40 |  0.000000E+00 |  0.000000E+00 |  0.0168619921 |         ideal
mean B0=85.6401 homogen=81143.0218
mean B0=73.3528 homogen=23660.8175
mean B0=81.0853 homogen=107587.2916
mean B0=86.9696 homogen=91303.6966
mean B0=76.0837 homogen=30709.7883
mean B0=80.2684 homogen=43281.9138
mean B0=73.9225 homogen=23420.5778
mean B0=77.8777 homogen=32629.4643
mean B0=73.7538 homogen=42858.9313
mean B0=73.998 homogen=43778.9533
mean B0=72.2443 homogen=16660.2103
mean B0=81.5275 homogen=54167.1415
mean B0=68.3426 homogen=16308.9345
mean B0=89.3163 homogen=118153.5356
mean B0=69.0348 homogen=28418.7145
mean B0=79.2831 homogen=32413.6327
mean B0=84.2329 homogen=79118.1044
mean B0=89.0977 homogen=115425.148
mean B0=74.5059 homogen=218481.4679
mean B0=81.9373 homogen=62902.2258
mean B0=88.0541 homogen=102068.9965
mean B0=70.6804 homogen=39140.1808
mean B0=81.1511 homogen=51135.5843
mean B0=87.849 homogen=98683.2691
mean B0=71.9176 homogen=14303.9956
mean B0=88.3987 homogen=107673.1303
mean B0=68.9504 homogen=7978.2202
mean B0=85.203 homogen=78338.9504
mean B0=76.7461 homogen=31749.5982
mean B0=48.7917 homogen=201341.1996
mean B0=87.2571 homogen=113213.729
mean B0=86.4711 homogen=87718.4566
mean B0=75.0447 homogen=24488.107
mean B0=78.4019 homogen=45965.3624
mean B0=69.3651 homogen=16352.1248
mean B0=68.8873 homogen=7665.1578
mean B0=72.1623 homogen=16639.727
mean B0=80.1002 homogen=37650.5252
mean B0=83.8309 homogen=61291.5935
mean B0=67.7183 homogen=8046.3699
   444 |    17760 |     40 |  0.000000E+00 |  0.000000E+00 |  0.0007838774 |             f
mean B0=72.3307 homogen=53639.3203
mean B0=89.7344 homogen=121199.1874
mean B0=88.6437 homogen=110416.9032
mean B0=47.6731 homogen=194524.2328
mean B0=77.8808 homogen=32645.3301
mean B0=85.6014 homogen=88894.2873
mean B0=86.6646 homogen=81975.8547
mean B0=80.5497 homogen=44743.7448
mean B0=74.7795 homogen=67918.009
mean B0=75.0351 homogen=24493.4818
mean B0=89.5673 homogen=111332.7409
mean B0=76.7474 homogen=31751.5926
mean B0=72.4628 homogen=18688.5057
mean B0=48.153 homogen=105191.2721
mean B0=79.0117 homogen=39707.9045
mean B0=79.6474 homogen=46370.6165
mean B0=74.9461 homogen=48912.7366
mean B0=80.2879 homogen=40462.3256
mean B0=85.2865 homogen=83204.3005
mean B0=79.3021 homogen=39071.1606
mean B0=79.3481 homogen=40943.2793
mean B0=69.269 homogen=8758.426
mean B0=79.2547 homogen=90989.0531
mean B0=81.2977 homogen=53102.3764
mean B0=67.863 homogen=129222.3636
mean B0=81.629 homogen=51143.166
mean B0=70.495 homogen=143385.9234
mean B0=70.4731 homogen=12105.7218
mean B0=89.3999 homogen=111252.1598
mean B0=72.7884 homogen=17478.1356
mean B0=86.7489 homogen=96347.7045
mean B0=86.5608 homogen=86192.6761
mean B0=69.4649 homogen=7355.9832
mean B0=74.0154 homogen=24282.296
mean B0=85.5165 homogen=85480.4805
mean B0=90.4133 homogen=121980.357
mean B0=74.6782 homogen=32196.4976
mean B0=85.4618 homogen=90814.7662
mean B0=43.994 homogen=113273.0715
mean B0=76.6263 homogen=81946.6419
   445 |    17800 |     40 |  0.000000E+00 |  0.000000E+00 |  0.0018878353 |             f
mean B0=80.3955 homogen=43673.7284
mean B0=70.5096 homogen=40526.2602
mean B0=76.0837 homogen=30709.7883
mean B0=72.1597 homogen=28079.8828
mean B0=83.7035 homogen=70401.9197
mean B0=88.2206 homogen=114009.4055
mean B0=81.2457 homogen=51429.5871
mean B0=75.7086 homogen=27678.3631
mean B0=78.7085 homogen=65651.8732
mean B0=78.4824 homogen=36207.2705
mean B0=82.0166 homogen=53946.312
mean B0=83.2273 homogen=69038.1169
mean B0=71.9176 homogen=14303.9956
mean B0=76.6149 homogen=32535.2396
mean B0=79.3481 homogen=40943.2793
mean B0=82.498 homogen=88683.615
mean B0=79.5383 homogen=42436.3792
mean B0=87.7092 homogen=98665.8268
mean B0=79.5805 homogen=39716.5194
mean B0=87.7938 homogen=115877.1819
mean B0=69.4969 homogen=15186.6287
mean B0=85.4764 homogen=85685.6676
mean B0=81.629 homogen=51143.166
mean B0=69.9474 homogen=24477.2064
mean B0=81.224 homogen=45431.5387
mean B0=69.8365 homogen=9566.1834
mean B0=70.6355 homogen=283580.4454
mean B0=70.4606 homogen=12102.1197
mean B0=77.6659 homogen=33672.8435
mean B0=87.4465 homogen=97432.7019
mean B0=68.8873 homogen=7665.1578
mean B0=90.4141 homogen=121966.0802
mean B0=72.7884 homogen=17478.1356
mean B0=87.2656 homogen=89385.0645
mean B0=67.2596 homogen=4813.0767
mean B0=76.8079 homogen=59922.349
mean B0=88.2536 homogen=114636.3491
mean B0=83.0402 homogen=67688.1067
mean B0=88.0123 homogen=107858.193
mean B0=59.5922 homogen=249922.7992
   446 |    17840 |     40 |  0.000000E+00 |  0.000000E+00 |  0.0034407166 |             f
mean B0=83.2612 homogen=82383.1072
mean B0=71.5104 homogen=13981.2799
mean B0=67.0339 homogen=9732.3731
mean B0=78.5338 homogen=97671.6845
mean B0=76.3778 homogen=31468.662
mean B0=78.4298 homogen=35959.6322
mean B0=88.8309 homogen=103921.8153
mean B0=74.2778 homogen=25290.7442
mean B0=78.5217 homogen=245240.3031
mean B0=72.0363 homogen=17171.9702
mean B0=83.957 homogen=74957.9573
mean B0=77.184 homogen=79751.8786
mean B0=76.7272 homogen=31750.3233
mean B0=77.8376 homogen=42897.538
mean B0=82.8327 homogen=66090.902
mean B0=87.365 homogen=94776.1134
mean B0=80.2713 homogen=43337.9003
mean B0=84.495 homogen=76348.6606
mean B0=82.1076 homogen=54221.2713
mean B0=79.6674 homogen=34876.3528
mean B0=58.885 homogen=32686.4912
mean B0=78.799 homogen=40882.0626
mean B0=57.5311 homogen=182618.3183
mean B0=75.7562 homogen=30187.1341
mean B0=82.7163 homogen=58232.39
mean B0=72.8156 homogen=17634.1981
mean B0=76.9435 homogen=45949.4903
mean B0=75.954 homogen=40497.0768
mean B0=76.6328 homogen=35212.2439
mean B0=78.1359 homogen=35468.294
mean B0=89.0262 homogen=107807.6471
mean B0=76.7271 homogen=30212.9981
mean B0=67.2799 homogen=4833.3563
mean B0=86.643 homogen=112724.9653
mean B0=85.6401 homogen=81136.3247
mean B0=87.5599 homogen=97204.2008
mean B0=86.2402 homogen=90837.3173
mean B0=68.9684 homogen=146006.7148
mean B0=68.7509 homogen=7534.9792
mean B0=78.799 homogen=69194.1023
   447 |    17880 |     40 |  0.000000E+00 |  0.000000E+00 |  0.0006993180 |             f
mean B0=71.4893 homogen=25359.2535
mean B0=73.584 homogen=49490.685
mean B0=84.6427 homogen=111612.843
mean B0=90.2613 homogen=113338.692
mean B0=82.3016 homogen=57393.564
mean B0=85.4221 homogen=84509.637
mean B0=31.6312 homogen=308000.9323
mean B0=89.0962 homogen=115384.5434
mean B0=87.2188 homogen=93997.2139
mean B0=37.2235 homogen=259215.2989
mean B0=79.5584 homogen=41266.6453
mean B0=80.8047 homogen=56439.6422
mean B0=79.4373 homogen=38938.8889
mean B0=82.0166 homogen=53946.312
mean B0=72.5593 homogen=149692.9434
mean B0=86.722 homogen=105110.1385
mean B0=72.9154 homogen=18098.6781
mean B0=68.2525 homogen=142959.9412
mean B0=88.6963 homogen=96746.229
mean B0=72.0629 homogen=14848.529
mean B0=70.6732 homogen=23462.5878
mean B0=76.5662 homogen=42005.9984
mean B0=78.5162 homogen=36816.0955
mean B0=80.2401 homogen=46230.4359
mean B0=88.3421 homogen=115024.2799
mean B0=61.9572 homogen=159899.9732
mean B0=76.7475 homogen=31748.1105
mean B0=80.552 homogen=44757.0109
mean B0=86.4681 homogen=87292.345
mean B0=88.9722 homogen=129123.4779
mean B0=79.2635 homogen=40425.2437
mean B0=69.65 homogen=16701.5531
mean B0=72.2267 homogen=15943.3379
mean B0=89.7344 homogen=121199.1874
mean B0=78.751 homogen=49343.1892
mean B0=70.4357 homogen=11964.2374
mean B0=82.3922 homogen=62031.0599
mean B0=75.4533 homogen=37783.5105
mean B0=75.9454 homogen=30778.7336
mean B0=62.964 homogen=27019.4646
   448 |    17920 |     40 |  0.000000E+00 |  0.000000E+00 |  0.0017419850 |             f
mean B0=71.8965 homogen=50866.2472
mean B0=73.6079 homogen=18206.0605
mean B0=79.6916 homogen=40307.1954
mean B0=86.2704 homogen=86244.651
mean B0=82.9897 homogen=77186.3567
mean B0=73.6996 homogen=14560.0871
mean B0=73.3081 homogen=40834.8195
mean B0=78.033 homogen=80461.2926
mean B0=74.6664 homogen=24965.7377
mean B0=89.5735 homogen=118004.0148
mean B0=88.9427 homogen=126760.2205
mean B0=88.2775 homogen=106222.9951
mean B0=68.7496 homogen=7539.634
mean B0=89.5539 homogen=113124.7112
mean B0=65.7278 homogen=252861.563
mean B0=82.8424 homogen=60755.2504
mean B0=75.9454 homogen=30779.8646
mean B0=80.5057 homogen=44542.2278
mean B0=80.158 homogen=50301.9497
mean B0=78.5676 homogen=36600.259
mean B0=85.5607 homogen=90090.8109
mean B0=78.5841 homogen=39831.3063
mean B0=70.3662 homogen=11631.9472
mean B0=71.7626 homogen=13935.131
mean B0=75.5055 homogen=53097.6242
mean B0=74.1554 homogen=20483.283
mean B0=77.0926 homogen=88090.901
mean B0=79.0688 homogen=89742.1484
mean B0=68.2748 homogen=7839.4428
mean B0=88.0616 homogen=102471.24
mean B0=79.3634 homogen=44508.3607
mean B0=75.3366 homogen=25908.4514
mean B0=77.6677 homogen=33689.0502
mean B0=80.6925 homogen=51871.0401
mean B0=79.33 homogen=35605.6865
mean B0=83.7965 homogen=67242.5513
mean B0=58.8852 homogen=32683.3836
mean B0=79.4822 homogen=39148.8265
mean B0=81.2413 homogen=51842.5664
mean B0=87.1502 homogen=92587.9035
   449 |    17960 |     40 |  0.000000E+00 |  0.000000E+00 |  0.0036949155 |             f
mean B0=70.4544 homogen=24561.6606
mean B0=71.6865 homogen=16866.3347
mean B0=84.6219 homogen=75686.8233
mean B0=76.0694 homogen=39217.9513
mean B0=74.3681 homogen=24605.1369
mean B0=78.6182 homogen=49787.806
mean B0=74.0522 homogen=28176.1917
mean B0=57.1232 homogen=193298.3521
mean B0=84.082 homogen=78449.7568
mean B0=85.6652 homogen=81460.6919
mean B0=74.8977 homogen=52067.8299
mean B0=75.9645 homogen=30879.7673
mean B0=79.4129 homogen=38793.6734
mean B0=81.2844 homogen=74714.9388
mean B0=74.6976 homogen=182058.1069
mean B0=88.0609 homogen=102458.6203
mean B0=58.0427 homogen=196951.2124
mean B0=81.2163 homogen=51344.1712
mean B0=86.5083 homogen=92211.3947
mean B0=79.7097 homogen=40393.9388
mean B0=70.9451 homogen=16769.0242
mean B0=83.7291 homogen=75313.272
mean B0=63.0982 homogen=28293.7354
mean B0=86.9632 homogen=121560.6878
mean B0=76.8866 homogen=35157.7424
mean B0=84.0617 homogen=73471.1563
mean B0=83.1037 homogen=62369.6735
mean B0=75.8711 homogen=28270.732
mean B0=80.4376 homogen=40987.0681
mean B0=83.8519 homogen=67481.2341
mean B0=74.242 homogen=41512.309
mean B0=76.731 homogen=31735.3298
mean B0=89.7551 homogen=121534.9552
mean B0=74.3654 homogen=39819.8869
mean B0=84.4183 homogen=71538.9813
mean B0=84.156 homogen=60253.93
mean B0=89.2024 homogen=115441.7486
mean B0=85.565 homogen=80828.0202
mean B0=90.7466 homogen=110249.418
mean B0=80.2518 homogen=43203.211
   450 |    18000 |     40 |  0.000000E+00 |  0.000000E+00 |  0.0028766488 |         nadir
mean B0=80.9733 homogen=43951.8735
mean B0=80.2173 homogen=40070.1014
mean B0=87.2464 homogen=94407.3719
mean B0=67.9081 homogen=5767.959
mean B0=72.7533 homogen=17753.8587
mean B0=82.8424 homogen=60755.2504
mean B0=77.6287 homogen=43442.9757
mean B0=80.7973 homogen=49934.7992
mean B0=71.4617 homogen=44671.3203
mean B0=76.8832 homogen=35140.1072
mean B0=73.1087 homogen=66005.3281
mean B0=49.1715 homogen=103791.1235
mean B0=86.8781 homogen=91770.8163
mean B0=87.7072 homogen=98662.2393
mean B0=86.0867 homogen=91318.6644
mean B0=68.7134 homogen=7775.1167
mean B0=78.8896 homogen=44546.085
mean B0=74.9935 homogen=40028.6234
mean B0=86.1498 homogen=85309.4002
mean B0=87.3665 homogen=95505.6045
mean B0=80.4851 homogen=92702.2942
mean B0=78.9451 homogen=41717.3628
mean B0=87.5714 homogen=98342.2122
mean B0=67.2601 homogen=4817.4975
mean B0=53.1609 homogen=359774.6746
mean B0=79.4129 homogen=38793.6734
mean B0=83.8277 homogen=71158.6164
mean B0=74.3344 homogen=37542.9048
mean B0=86.7753 homogen=82479.9206
mean B0=78.5 homogen=36289.2923
mean B0=80.7952 homogen=100573.3301
mean B0=84.6541 homogen=75845.5488
mean B0=84.9534 homogen=72634.6788
mean B0=88.0624 homogen=102464.9458
mean B0=86.539 homogen=81791.8812
mean B0=67.2982 homogen=5199.1385
mean B0=84.6531 homogen=65747.4321
mean B0=75.4442 homogen=64378.3596
mean B0=67.4374 homogen=245721.4882
mean B0=84.2702 homogen=70359.5553
   451 |    18040 |     40 |  0.000000E+00 |  0.000000E+00 |  0.0022300901 |             f
mean B0=78.5682 homogen=36600.9641
mean B0=73.9565 homogen=66131.4867
mean B0=79.3532 homogen=38465.7946
mean B0=51.6301 homogen=329763.3575
mean B0=70.5202 homogen=12115.9315
mean B0=67.0212 homogen=5460.1859
mean B0=75.7552 homogen=27934.8025
mean B0=82.1501 homogen=84455.5406
mean B0=67.5671 homogen=5874.1726
mean B0=86.1589 homogen=85204.1211
mean B0=78.6471 homogen=86158.122
mean B0=77.0611 homogen=50186.1435
mean B0=76.1677 homogen=37956.8988
mean B0=57.1448 homogen=196930.3904
mean B0=82.8977 homogen=70288.0856
mean B0=83.7793 homogen=67114.1176
mean B0=83.2491 homogen=63407.3301
mean B0=80.5518 homogen=44753.5693
mean B0=85.8313 homogen=93209.476
mean B0=89.7551 homogen=121534.9552
mean B0=67.2598 homogen=4813.7751
mean B0=83.7026 homogen=60812.7475
mean B0=74.221 homogen=20756.9433
mean B0=81.2415 homogen=51848.374
mean B0=82.9333 homogen=61654.5424
mean B0=69.4197 homogen=278116.8748
mean B0=82.2336 homogen=56970.3869
mean B0=80.3501 homogen=43781.9753
mean B0=88.8865 homogen=114407.6562
mean B0=86.4711 homogen=87712.9757
mean B0=85.5963 homogen=81001.5142
mean B0=86.622 homogen=81635.6463
mean B0=72.633 homogen=17248.5089
mean B0=78.5643 homogen=36394.8615
mean B0=71.6405 homogen=48450.1531
mean B0=87.3105 homogen=96437.8847
mean B0=76.818 homogen=32542.1018
mean B0=60.2106 homogen=183507.033
mean B0=88.0199 homogen=101975.9923
mean B0=69.269 homogen=8758.426
   452 |    18080 |     40 |  0.000000E+00 |  0.000000E+00 |  0.0046068162 |             f
mean B0=78.939 homogen=34900.3137
mean B0=64.2536 homogen=197090.1303
mean B0=83.1097 homogen=62408.3259
mean B0=71.9176 homogen=14303.9956
mean B0=74.3238 homogen=21538.9913
mean B0=87.3516 homogen=105347.9219
mean B0=75.6936 homogen=27636.3724
mean B0=86.1281 homogen=85099.3706
mean B0=74.1266 homogen=20602.3947
mean B0=70.5128 homogen=12084.7314
mean B0=90.5871 homogen=115846.0189
mean B0=70.7557 homogen=26674.1378
mean B0=81.5686 homogen=53841.0146
mean B0=77.9903 homogen=248802.3966
mean B0=55.481 homogen=71061.5659
mean B0=84.261 homogen=56966.29
mean B0=73.1244 homogen=41483.5748
mean B0=77.5375 homogen=36225.0927
mean B0=78.5472 homogen=85396.7807
mean B0=85.6642 homogen=81458.6972
mean B0=86.9066 homogen=106292.4431
mean B0=87.3665 homogen=95504.383
mean B0=82.1246 homogen=56648.7242
mean B0=79.6738 homogen=39348.1704
mean B0=81.9479 homogen=62245.0774
mean B0=70.1003 homogen=12674.9085
mean B0=74.7093 homogen=22364.6436
mean B0=84.2668 homogen=70197.9524
mean B0=73.01 homogen=18590.5959
mean B0=84.9611 homogen=72685.9666
mean B0=89.7551 homogen=121534.9552
mean B0=71.4278 homogen=26006.3633
mean B0=87.5708 homogen=97606.0373
mean B0=78.0202 homogen=37178.8477
mean B0=79.8681 homogen=41628.5152
mean B0=80.812 homogen=50005.8349
mean B0=79.5008 homogen=93072.7032
mean B0=84.1713 homogen=68130.9468
mean B0=77.8025 homogen=38820.183
mean B0=67.5672 homogen=5879.6745
   453 |    18120 |     40 |  0.000000E+00 |  0.000000E+00 |  0.0016738812 |             f
mean B0=89.5113 homogen=121183.5052
mean B0=87.7092 homogen=98665.8268
mean B0=85.717 homogen=82051.4289
mean B0=88.904 homogen=104471.964
mean B0=70.5363 homogen=12106.068
mean B0=67.2596 homogen=4827.9699
mean B0=75.4224 homogen=67639.4199
mean B0=83.4279 homogen=104229.5614
mean B0=81.2246 homogen=51728.7217
mean B0=74.4152 homogen=122637.71
mean B0=73.0072 homogen=18575.3566
mean B0=76.2238 homogen=34213.937
mean B0=78.1428 homogen=35176.8902
mean B0=75.9543 homogen=67949.0509
mean B0=79.98 homogen=47422.4399
mean B0=89.7556 homogen=121573.35
mean B0=78.5812 homogen=35145.9126
mean B0=76.7161 homogen=32250.9071
mean B0=75.966 homogen=26736.9879
mean B0=91.4514 homogen=111300.4016
mean B0=78.9929 homogen=88953.9418
mean B0=67.9336 homogen=5533.5445
mean B0=87.2144 homogen=93996.5163
mean B0=78.5617 homogen=85305.1266
mean B0=71.894 homogen=14261.2256
mean B0=82.9333 homogen=61660.0913
mean B0=79.1472 homogen=51232.2949
mean B0=78.6651 homogen=37171.807
mean B0=84.9796 homogen=72817.0183
mean B0=73.7553 homogen=55409.5921
mean B0=72.6369 homogen=17275.2109
mean B0=83.1562 homogen=59989.6145
mean B0=86.4114 homogen=86859.8178
mean B0=74.2392 homogen=71401.4507
mean B0=74.586 homogen=28312.6554
mean B0=88.8841 homogen=114366.9005
mean B0=79.4693 homogen=54351.9964
mean B0=77.5362 homogen=32271.0368
mean B0=70.8439 homogen=9935.8838
mean B0=74.6846 homogen=59557.6593
   454 |    18160 |     40 |  0.000000E+00 |  0.000000E+00 |  0.0029913991 |             f
mean B0=62.568 homogen=191825.6553
mean B0=73.6595 homogen=22143.6799
mean B0=77.5362 homogen=32271.0368
mean B0=68.5487 homogen=268315.8376
mean B0=76.3173 homogen=40169.4669
mean B0=82.9915 homogen=69954.1742
mean B0=66.9259 homogen=6273.2972
mean B0=72.6444 homogen=17307.2754
mean B0=80.7349 homogen=67119.5579
mean B0=89.8842 homogen=116324.7361
mean B0=80.7971 homogen=49940.0222
mean B0=85.4629 homogen=84456.333
mean B0=80.3464 homogen=41064.5315
mean B0=86.4632 homogen=101028.2162
mean B0=74.1167 homogen=20531.5071
mean B0=82.9502 homogen=61752.5642
mean B0=84.961 homogen=72684.6739
mean B0=74.2989 homogen=69768.9893
mean B0=65.547 homogen=8140.7646
mean B0=88.6301 homogen=86876.4267
mean B0=78.679 homogen=51597.9343
mean B0=85.4783 homogen=81029.1718
mean B0=84.9796 homogen=72817.0183
mean B0=80.3351 homogen=43414.6121
mean B0=84.7388 homogen=124948.7131
mean B0=64.0375 homogen=135292.8517
mean B0=83.6646 homogen=62477.0652
mean B0=71.9067 homogen=14265.6046
mean B0=79.2446 homogen=43722.6934
mean B0=86.5628 homogen=93433.7558
mean B0=70.513 homogen=12085.7922
mean B0=85.5432 homogen=74038.5477
mean B0=62.6662 homogen=245257.1625
mean B0=70.1297 homogen=11254.1902
mean B0=70.6285 homogen=12118.8488
mean B0=82.1085 homogen=56547.7937
mean B0=75.0448 homogen=24490.0685
mean B0=80.9403 homogen=110578.5906
mean B0=83.7916 homogen=67909.765
mean B0=80.3362 homogen=43738.8792
   455 |    18200 |     40 |  0.000000E+00 |  0.000000E+00 |  0.0003545301 |             f
mean B0=78.5323 homogen=34897.8495
mean B0=78.4346 homogen=44710.9821
mean B0=71.9162 homogen=14303.4769
mean B0=79.1606 homogen=39465.0899
mean B0=84.7525 homogen=84611.7669
mean B0=70.4859 homogen=12665.922
mean B0=84.6679 homogen=71204.723
mean B0=85.8023 homogen=82779.3577
mean B0=77.8995 homogen=61129.773
mean B0=79.3526 homogen=39124.3137
mean B0=70.3679 homogen=32478.9703
mean B0=67.5188 homogen=6445.0969
mean B0=78.7566 homogen=51937.8029
mean B0=84.9796 homogen=72815.7301
mean B0=85.1633 homogen=79792.907
mean B0=76.5499 homogen=43334.0519
mean B0=88.5177 homogen=99292.4053
mean B0=71.8598 homogen=14141.7504
mean B0=80.7975 homogen=49936.0478
mean B0=75.3574 homogen=57500.5383
mean B0=83.304 homogen=63598.1621
mean B0=81.5969 homogen=78151.8132
mean B0=70.6298 homogen=12132.3354
mean B0=84.5006 homogen=76299.5175
mean B0=79.248 homogen=46599.2536
mean B0=77.0598 homogen=37095.0065
mean B0=87.6187 homogen=98308.583
mean B0=83.6768 homogen=66455.7956
mean B0=80.5849 homogen=42065.8369
mean B0=85.0025 homogen=114101.1828
mean B0=76.8674 homogen=70622.9793
mean B0=67.308 homogen=5160.3771
mean B0=77.8164 homogen=33676.7148
mean B0=84.961 homogen=72685.6
mean B0=74.1554 homogen=20483.283
mean B0=73.2542 homogen=39943.4338
mean B0=89.5113 homogen=121185.5859
mean B0=76.7522 homogen=32444.3252
mean B0=87.3665 homogen=95505.4905
mean B0=79.0766 homogen=65682.3923
   456 |    18240 |     40 |  0.000000E+00 |  0.000000E+00 |  0.0037620591 |             f
mean B0=81.6806 homogen=37525.2472
mean B0=77.1921 homogen=45173.9108
mean B0=65.3282 homogen=29965.7656
mean B0=67.2601 homogen=4816.6088
mean B0=77.5356 homogen=32270.1185
mean B0=67.1015 homogen=231403.0722
mean B0=84.7346 homogen=70886.735
mean B0=72.3848 homogen=19264.3659
mean B0=80.8559 homogen=50313.5739
mean B0=76.8932 homogen=33121.9499
mean B0=89.7406 homogen=121547.0445
mean B0=88.0624 homogen=102464.9458
mean B0=85.0729 homogen=76478.8641
mean B0=69.84 homogen=11210.4678
mean B0=74.2399 homogen=20839.2505
mean B0=45.1782 homogen=118227.9896
mean B0=68.2767 homogen=33327.226
mean B0=85.9754 homogen=102680.433
mean B0=90.5663 homogen=115510.1769
mean B0=75.97 homogen=38179.1082
mean B0=81.5268 homogen=53572.0106
mean B0=81.4368 homogen=88303.3849
mean B0=83.4822 homogen=54462.1277
mean B0=69.8364 homogen=9567.403
mean B0=77.8164 homogen=33676.9864
mean B0=82.9833 homogen=66626.5902
mean B0=80.582 homogen=44944.5549
mean B0=72.3411 homogen=23304.8743
mean B0=89.3848 homogen=119726.7709
mean B0=74.7051 homogen=22868.1614
mean B0=89.2128 homogen=115384.5227
mean B0=87.3665 homogen=95504.383
mean B0=83.7019 homogen=66576.5688
mean B0=78.342 homogen=36210.7102
mean B0=75.0276 homogen=24417.8141
mean B0=70.7249 homogen=10455.7845
mean B0=89.2299 homogen=110172.8988
mean B0=85.6806 homogen=81440.4905
mean B0=75.7552 homogen=27934.8025
mean B0=78.894 homogen=33817.6372
   457 |    18280 |     40 |  0.000000E+00 |  0.000000E+00 |  0.0026669282 |             f
mean B0=59.3731 homogen=31648.5481
mean B0=85.587 homogen=81780.5922
mean B0=84.842 homogen=124815.0274
mean B0=68.8038 homogen=29343.2026
mean B0=85.1004 homogen=76669.2233
mean B0=85.2618 homogen=80440.1431
mean B0=84.0267 homogen=79409.2356
mean B0=81.3198 homogen=45541.0215
mean B0=70.6298 homogen=12132.3354
mean B0=61.5687 homogen=247614.8943
mean B0=74.1168 homogen=24662.9261
mean B0=83.6078 homogen=60277.7029
mean B0=43.5774 homogen=119068.8948
mean B0=85.1919 homogen=70218.3602
mean B0=65.2155 homogen=30842.9966
mean B0=79.6069 homogen=35979.7696
mean B0=78.7358 homogen=38240.2861
mean B0=67.4283 homogen=247243.9269
mean B0=78.8842 homogen=35704.7244
mean B0=74.2829 homogen=21003.6324
mean B0=75.5741 homogen=53829.5659
mean B0=76.5308 homogen=59917.8855
mean B0=61.0622 homogen=169138.8485
mean B0=78.0254 homogen=93907.5464
mean B0=83.6763 homogen=66382.3756
mean B0=86.032 homogen=84485.0485
mean B0=73.2826 homogen=51561.5383
mean B0=74.7994 homogen=25686.4008
mean B0=69.8365 homogen=9566.1834
mean B0=81.4852 homogen=80389.2532
mean B0=73.0048 homogen=34206.99
mean B0=78.6078 homogen=44835.0412
mean B0=85.6093 homogen=81562.8826
mean B0=76.2538 homogen=219841.1731
mean B0=86.1435 homogen=78875.4317
mean B0=71.9859 homogen=15624.442
mean B0=77.3435 homogen=41364.0723
mean B0=87.7433 homogen=101625.346
mean B0=86.6753 homogen=88259.8953
mean B0=48.8557 homogen=105111.8309
   458 |    18320 |     40 |  0.000000E+00 |  0.000000E+00 |  0.0011198755 |             f
mean B0=72.9501 homogen=16929.1573
mean B0=70.8189 homogen=12349.8651
mean B0=78.8842 homogen=35704.8945
mean B0=77.8073 homogen=33643.51
mean B0=77.0579 homogen=37146.3393
mean B0=70.2812 homogen=37677.2569
mean B0=88.2688 homogen=106388.5833
mean B0=78.5155 homogen=37383.3314
mean B0=87.6479 homogen=98715.4477
mean B0=73.4984 homogen=34123.458
mean B0=57.3228 homogen=194085.7091
mean B0=85.834 homogen=106777.042
mean B0=86.724 homogen=88840.6913
mean B0=79.3526 homogen=39123.0402
mean B0=73.3526 homogen=37420.1024
mean B0=87.3951 homogen=101143.926
mean B0=71.6566 homogen=13792.2004
mean B0=76.8944 homogen=35630.4974
mean B0=84.7299 homogen=70862.9839
mean B0=68.7112 homogen=7752.2426
mean B0=76.2861 homogen=29722.8579
mean B0=82.6376 homogen=60423.3563
mean B0=87.7427 homogen=101626.7583
mean B0=83.8011 homogen=67946.6315
mean B0=70.7662 homogen=13499.4621
mean B0=83.6763 homogen=66382.3756
mean B0=87.8807 homogen=100573.6578
mean B0=78.8067 homogen=51168.085
mean B0=80.8229 homogen=50206.8111
mean B0=85.4539 homogen=59771.4631
mean B0=76.6067 homogen=31534.146
mean B0=70.9931 homogen=15616.4645
mean B0=78.523 homogen=35424.8032
mean B0=84.9797 homogen=72817.0066
mean B0=89.6055 homogen=119959.452
mean B0=70.6015 homogen=12257.1124
mean B0=74.5028 homogen=21542.0341
mean B0=85.4908 homogen=110669.1211
mean B0=85.6848 homogen=81460.558
mean B0=67.2996 homogen=5178.9574
   459 |    18360 |     40 |  0.000000E+00 |  0.000000E+00 |  0.0031156486 |             f
mean B0=79.5535 homogen=41965.2444
mean B0=67.3145 homogen=5062.2718
mean B0=89.2128 homogen=115384.5227
mean B0=70.2097 homogen=11404.2387
mean B0=84.4387 homogen=95696.0829
mean B0=72.7608 homogen=17855.1976
mean B0=80.5919 homogen=48894.53
mean B0=85.2486 homogen=79937.4827
mean B0=75.9795 homogen=44888.0996
mean B0=82.652 homogen=70036.889
mean B0=87.2678 homogen=90147.7477
mean B0=78.8857 homogen=35808.8519
mean B0=86.6634 homogen=88233.1372
mean B0=88.6437 homogen=110416.9032
mean B0=81.0117 homogen=44126.6446
mean B0=83.8503 homogen=67652.5063
mean B0=84.9797 homogen=72817.0066
mean B0=78.615 homogen=40073.695
mean B0=77.8877 homogen=81060.2136
mean B0=71.5628 homogen=13456.9133
mean B0=71.6256 homogen=20997.9651
mean B0=46.4608 homogen=106304.4257
mean B0=76.7161 homogen=32250.9071
mean B0=67.7136 homogen=254795.7383
mean B0=69.9466 homogen=20870.2463
mean B0=72.881 homogen=17975.6209
mean B0=78.0585 homogen=34922.6307
mean B0=84.9796 homogen=76402.8137
mean B0=81.2514 homogen=128752.1941
mean B0=73.0516 homogen=22053.7575
mean B0=65.592 homogen=41135.104
mean B0=82.617 homogen=59599.9977
mean B0=76.2646 homogen=29664.3558
mean B0=82.3016 homogen=57393.564
mean B0=74.6151 homogen=24900.2355
mean B0=80.5371 homogen=45152.2036
mean B0=79.3526 homogen=39123.0402
mean B0=83.7104 homogen=75869.6781
mean B0=73.4546 homogen=40784.9641
mean B0=80.9156 homogen=50563.5137
   460 |    18400 |     40 |  0.000000E+00 |  0.000000E+00 |  0.0026758895 |             f
mean B0=75.0986 homogen=24726.8694
mean B0=74.5028 homogen=21542.0341
mean B0=77.7859 homogen=33573.3367
mean B0=86.1824 homogen=85435.0817
mean B0=88.8185 homogen=109788.9411
mean B0=87.6385 homogen=98503.9806
mean B0=74.9648 homogen=26511.7191
mean B0=72.1639 homogen=17405.9127
mean B0=89.2129 homogen=115380.1355
mean B0=74.3886 homogen=41890.616
mean B0=87.2933 homogen=89750.9052
mean B0=79.9339 homogen=87108.8208
mean B0=81.6453 homogen=55221.692
mean B0=81.6764 homogen=53988.9637
mean B0=66.9837 homogen=157670.3759
mean B0=79.8239 homogen=39443.2197
mean B0=74.1865 homogen=23490.9828
mean B0=76.4462 homogen=42756.0242
mean B0=81.8787 homogen=53650.0094
mean B0=86.8776 homogen=91777.2924
mean B0=76.6422 homogen=31819.7013
mean B0=84.7299 homogen=70862.9839
mean B0=81.5893 homogen=53983.828
mean B0=84.0923 homogen=69349.9603
mean B0=69.8781 homogen=10062.044
mean B0=85.6648 homogen=81305.0034
mean B0=60.992 homogen=170281.6347
mean B0=81.2301 homogen=45655.3921
mean B0=84.9794 homogen=72818.8011
mean B0=74.4918 homogen=40103.3863
mean B0=66.9645 homogen=5744.7384
mean B0=80.3124 homogen=36815.383
mean B0=82.2057 homogen=57172.9047
mean B0=76.3976 homogen=33417.7219
mean B0=67.5672 homogen=5879.6745
mean B0=74.759 homogen=82725.6584
mean B0=81.7551 homogen=54931.5201
mean B0=85.058 homogen=79927.1446
mean B0=68.5412 homogen=32990.7945
mean B0=85.2481 homogen=79941.5173
   461 |    18440 |     40 |  0.000000E+00 |  0.000000E+00 |  0.0016705747 |             f
mean B0=80.3629 homogen=47835.4664
mean B0=83.2806 homogen=57555.4681
mean B0=79.5571 homogen=41954.3168
mean B0=77.1473 homogen=34908.4243
mean B0=86.1822 homogen=85437.3096
mean B0=83.8506 homogen=67657.2151
mean B0=77.6599 homogen=33135.693
mean B0=80.3356 homogen=43412.5731
mean B0=88.7624 homogen=109134.8784
mean B0=76.2108 homogen=29871.7524
mean B0=76.5339 homogen=56529.2314
mean B0=71.6503 homogen=16424.6171
mean B0=82.3664 homogen=87534.8412
mean B0=84.6863 homogen=70801.7374
mean B0=83.0808 homogen=67297.8122
mean B0=72.0018 homogen=14910.1538
mean B0=89.7654 homogen=121656.3445
mean B0=70.7075 homogen=16321.8551
mean B0=83.6963 homogen=66713.918
mean B0=67.3791 homogen=155524.7506
mean B0=71.2088 homogen=13908.4517
mean B0=83.8077 homogen=75718.8803
mean B0=87.6143 homogen=98333.4195
mean B0=84.7891 homogen=77363.5719
mean B0=82.9333 homogen=61656.8455
mean B0=70.2098 homogen=11405.2541
mean B0=64.5862 homogen=200611.8449
mean B0=88.2668 homogen=106386.8077
mean B0=67.5408 homogen=5215.0903
mean B0=67.3019 homogen=5184.0231
mean B0=65.4897 homogen=206479.3765
mean B0=70.799 homogen=15896.4822
mean B0=77.9338 homogen=47924.8013
mean B0=84.4096 homogen=72343.693
mean B0=79.5725 homogen=37788.0901
mean B0=68.7451 homogen=137969.8879
mean B0=89.176 homogen=115003.7334
mean B0=68.4218 homogen=10414.8456
mean B0=88.0685 homogen=102528.726
mean B0=83.0101 homogen=69563.3797
   462 |    18480 |     40 |  0.000000E+00 |  0.000000E+00 |  0.0029971343 |             f
mean B0=70.6388 homogen=12923.624
mean B0=72.5207 homogen=20924.9644
mean B0=66.4004 homogen=235629.5386
mean B0=78.8017 homogen=35387.303
mean B0=88.8912 homogen=110630.0136
mean B0=86.8294 homogen=91149.4379
mean B0=72.7579 homogen=17408.0741
mean B0=80.9131 homogen=51292.0706
mean B0=82.6586 homogen=60154.695
mean B0=75.9775 homogen=39022.7904
mean B0=86.537 homogen=87025.9891
mean B0=89.0835 homogen=120853.4931
mean B0=87.2988 homogen=122267.1302
mean B0=64.7232 homogen=207323.9278
mean B0=75.9252 homogen=36698.3371
mean B0=75.5842 homogen=40278.0067
mean B0=75.6903 homogen=68264.5638
mean B0=83.7399 homogen=60307.6853
mean B0=81.5237 homogen=102571.4304
mean B0=69.8365 homogen=9571.5006
mean B0=85.3472 homogen=104859.387
mean B0=70.8252 homogen=23052.5588
mean B0=86.1357 homogen=85103.1189
mean B0=84.1671 homogen=69957.2707
mean B0=82.8494 homogen=61135.0375
mean B0=83.7284 homogen=67017.414
mean B0=85.0744 homogen=79252.3342
mean B0=62.1866 homogen=162299.3845
mean B0=72.2637 homogen=53130.5696
mean B0=84.1698 homogen=77016.4321
mean B0=79.6748 homogen=42547.9644
mean B0=73.01 homogen=18590.4338
mean B0=77.4005 homogen=34185.02
mean B0=84.687 homogen=70789.8257
mean B0=72.8147 homogen=20608.9194
mean B0=77.9103 homogen=34209.9868
mean B0=77.4414 homogen=34250.6002
mean B0=73.5645 homogen=33615.0479
mean B0=73.3451 homogen=39934.9519
mean B0=80.3356 homogen=43407.3269
   463 |    18520 |     40 |  0.000000E+00 |  0.000000E+00 |  0.0012712678 |             f
mean B0=77.7162 homogen=35975.1717
mean B0=85.5994 homogen=85483.4182
mean B0=76.9337 homogen=32725.286
mean B0=80.5919 homogen=48893.5343
mean B0=83.1039 homogen=59058.7666
mean B0=76.0391 homogen=40864.0081
mean B0=51.6038 homogen=92882.7197
mean B0=69.9667 homogen=23766.0675
mean B0=74.4237 homogen=50627.403
mean B0=73.0101 homogen=18587.9829
mean B0=77.7733 homogen=86019.1272
mean B0=72.0015 homogen=14913.2593
mean B0=74.1804 homogen=20666.4648
mean B0=71.7297 homogen=25896.2495
mean B0=86.0144 homogen=84787.1688
mean B0=75.5837 homogen=29865.6588
mean B0=69.8365 homogen=9572.4901
mean B0=51.1346 homogen=72262.6287
mean B0=89.6559 homogen=120543.6853
mean B0=84.5751 homogen=65906.8343
mean B0=77.3587 homogen=34869.2518
mean B0=81.0123 homogen=44128.3256
mean B0=79.3066 homogen=41166.302
mean B0=88.8184 homogen=109788.0834
mean B0=72.6323 homogen=17249.4462
mean B0=74.9812 homogen=35604.2406
mean B0=86.6781 homogen=89843.3913
mean B0=76.3935 homogen=40711.2176
mean B0=86.0993 homogen=87195.3684
mean B0=84.6875 homogen=70788.8366
mean B0=73.5201 homogen=51601.9588
mean B0=89.7655 homogen=121669.11
mean B0=87.2109 homogen=97051.8479
mean B0=71.9484 homogen=27640.9837
mean B0=85.6373 homogen=77902.5776
mean B0=76.2672 homogen=69235.65
mean B0=69.8366 homogen=9565.3081
mean B0=80.3005 homogen=47447.2389
mean B0=60.2196 homogen=245932.6644
mean B0=83.6936 homogen=74832.7801
   464 |    18560 |     40 |  0.000000E+00 |  0.000000E+00 |  0.0030076780 |             f
mean B0=68.3753 homogen=39260.3086
mean B0=75.0983 homogen=24717.9887
mean B0=72.024 homogen=57130.2826
mean B0=88.8915 homogen=110635.5417
mean B0=89.2292 homogen=115580.051
mean B0=74.3077 homogen=21098.9132
mean B0=79.5589 homogen=41959.4688
mean B0=84.32 homogen=71089.3451
mean B0=83.6598 homogen=66561.548
mean B0=54.66 homogen=56388.2925
mean B0=82.9333 homogen=61654.5901
mean B0=80.2116 homogen=51572.5508
mean B0=69.0079 homogen=120961.7349
mean B0=85.7609 homogen=82076.0197
mean B0=79.6577 homogen=43007.9231
mean B0=84.5569 homogen=76467.4406
mean B0=72.1016 homogen=17261.0691
mean B0=74.5516 homogen=81102.3815
mean B0=74.1804 homogen=20666.4648
mean B0=72.5114 homogen=18962.303
mean B0=89.5733 homogen=116541.0107
mean B0=70.2921 homogen=26819.3639
mean B0=79.0097 homogen=36376.8341
mean B0=82.6589 homogen=60168.552
mean B0=89.7411 homogen=121380.4394
mean B0=72.9272 homogen=18201.9518
mean B0=72.5354 homogen=17135.7452
mean B0=80.2858 homogen=47350.4688
mean B0=88.082 homogen=102592.2603
mean B0=86.175 homogen=83445.8002
mean B0=76.2648 homogen=29662.7995
mean B0=70.5325 homogen=11777.3152
mean B0=86.5608 homogen=95057.9979
mean B0=86.602 homogen=89252.4579
mean B0=78.52 homogen=35083.8298
mean B0=64.3611 homogen=198597.2396
mean B0=87.4348 homogen=103807.6255
mean B0=78.3096 homogen=42473.2484
mean B0=67.5672 homogen=5879.6745
mean B0=53.9797 homogen=50369.7035
   465 |    18600 |     40 |  0.000000E+00 |  0.000000E+00 |  0.0022180784 |             f
mean B0=67.2596 homogen=4813.0767
mean B0=80.5916 homogen=48898.6204
mean B0=71.0845 homogen=13438.2621
mean B0=78.6483 homogen=39945.5303
mean B0=75.7427 homogen=32771.2448
mean B0=87.0022 homogen=92997.2399
mean B0=78.9457 homogen=38434.3898
mean B0=81.6225 homogen=53562.8151
mean B0=73.8901 homogen=20646.304
mean B0=87.2158 homogen=96956.7538
mean B0=88.2453 homogen=92050.4315
mean B0=76.2326 homogen=37831.626
mean B0=84.6875 homogen=70788.8366
mean B0=73.7469 homogen=67788.5069
mean B0=75.0986 homogen=24725.1308
mean B0=81.8942 homogen=134861.5185
mean B0=89.7651 homogen=121658.9666
mean B0=75.6081 homogen=23777.8999
mean B0=86.175 homogen=83445.8002
mean B0=72.0017 homogen=14918.3637
mean B0=67.2597 homogen=4815.2391
mean B0=88.8917 homogen=110626.4387
mean B0=84.6566 homogen=70246.1786
mean B0=83.3151 homogen=57840.262
mean B0=85.7889 homogen=88597.5261
mean B0=78.1437 homogen=73399.9191
mean B0=84.5536 homogen=95677.9752
mean B0=83.9232 homogen=87848.5767
mean B0=68.7608 homogen=11242.116
mean B0=87.609 homogen=82796.4484
mean B0=80.5258 homogen=44636.9493
mean B0=72.7061 homogen=23244.3627
mean B0=78.52 homogen=35083.8298
mean B0=86.4515 homogen=82892.1871
mean B0=69.8366 homogen=9565.5725
mean B0=74.8099 homogen=44296.724
mean B0=85.6379 homogen=77906.0278
mean B0=80.8978 homogen=55250.0045
mean B0=79.4326 homogen=252953.4278
mean B0=86.8783 homogen=91771.0581
   466 |    18640 |     40 |  0.000000E+00 |  0.000000E+00 |  0.0032563560 |             f
mean B0=62.1412 homogen=186829.8075
mean B0=74.2223 homogen=27933.2407
mean B0=89.6559 homogen=120547.4629
mean B0=88.5433 homogen=106628.2085
mean B0=79.2861 homogen=41073.1197
mean B0=79.8965 homogen=48451.5881
mean B0=89.7621 homogen=121658.8907
mean B0=84.6566 homogen=70246.1786
mean B0=68.7136 homogen=8216.8138
mean B0=44.4081 homogen=119020.1774
mean B0=86.2923 homogen=85241.2969
mean B0=78.9419 homogen=55545.0378
mean B0=68.7509 homogen=7534.9627
mean B0=75.0983 homogen=24717.9887
mean B0=85.5295 homogen=80313.0009
mean B0=67.5096 homogen=6263.7096
mean B0=82.9333 homogen=61656.8973
mean B0=84.3955 homogen=68273.009
mean B0=88.8182 homogen=109789.9687
mean B0=80.9156 homogen=50563.5137
mean B0=78.0721 homogen=34823.9591
mean B0=76.992 homogen=26063.5805
mean B0=83.695 homogen=66705.6253
mean B0=75.3967 homogen=61605.8422
mean B0=67.2766 homogen=4947.9955
mean B0=73.5979 homogen=36223.9157
mean B0=88.086 homogen=102598.3775
mean B0=84.9797 homogen=72817.0066
mean B0=79.5182 homogen=46115.7219
mean B0=70.807 homogen=12298.3057
mean B0=73.7269 homogen=20310.2956
mean B0=80.6155 homogen=41837.9836
mean B0=88.8914 homogen=110626.6573
mean B0=72.0018 homogen=14910.1538
mean B0=85.2979 homogen=77274.5972
mean B0=73.0726 homogen=18648.346
mean B0=86.602 homogen=89249.762
mean B0=84.2327 homogen=70402.7525
mean B0=80.3356 homogen=43414.3282
mean B0=85.4794 homogen=95469.0438
   467 |    18680 |     40 |  0.000000E+00 |  0.000000E+00 |  0.0024999884 |             f
mean B0=86.1582 homogen=96920.8451
mean B0=84.2409 homogen=70621.1052
mean B0=74.4925 homogen=21612.8981
mean B0=78.0641 homogen=34795.8752
mean B0=72.0305 homogen=14901.3777
mean B0=75.167 homogen=36897.8534
mean B0=88.082 homogen=102592.2603
mean B0=83.2843 homogen=63502.0118
mean B0=80.3461 homogen=43446.9161
mean B0=68.768 homogen=7553.3437
mean B0=76.2646 homogen=29666.2104
mean B0=83.6652 homogen=66582.7506
mean B0=82.3016 homogen=57394.2634
mean B0=85.9262 homogen=82652.7514
mean B0=78.9701 homogen=38562.8787
mean B0=82.5037 homogen=62062.6724
mean B0=84.9509 homogen=76010.3086
mean B0=73.8378 homogen=21741.888
mean B0=70.0752 homogen=12230.0336
mean B0=74.8493 homogen=23483.7092
mean B0=73.6955 homogen=18160.4754
mean B0=81.2534 homogen=107043.3954
mean B0=69.673 homogen=9302.2195
mean B0=77.9182 homogen=34235.8222
mean B0=73.707 homogen=20316.6307
mean B0=72.7137 homogen=36745.4956
mean B0=89.6558 homogen=120547.4705
mean B0=86.0536 homogen=87401.2723
mean B0=89.2169 homogen=115573.3775
mean B0=70.7901 homogen=12278.05
mean B0=71.4233 homogen=9879.6195
mean B0=86.5943 homogen=89209.6054
mean B0=79.3066 homogen=41166.8358
mean B0=83.7648 homogen=63499.0237
mean B0=69.815 homogen=9493.995
mean B0=71.5328 homogen=27474.9693
mean B0=87.8086 homogen=101549.8479
mean B0=58.8082 homogen=40823.2023
mean B0=83.4112 homogen=84918.3075
mean B0=83.1983 homogen=63461.9193
   468 |    18720 |     40 |  0.000000E+00 |  0.000000E+00 |  0.0044136673 |             f
mean B0=67.1266 homogen=118442.5814
mean B0=88.5547 homogen=111535.2143
mean B0=85.6161 homogen=78659.6708
mean B0=70.8627 homogen=23127.8217
mean B0=85.459 homogen=80586.6677
mean B0=80.3461 homogen=43446.9161
mean B0=70.6811 homogen=12635.1546
mean B0=72.3531 homogen=37715.8124
mean B0=79.2989 homogen=41119.3787
mean B0=86.6568 homogen=71401.6436
mean B0=84.3466 homogen=67879.5153
mean B0=90.1759 homogen=121174.7955
mean B0=74.0087 homogen=26727.9349
mean B0=86.3381 homogen=85635.7569
mean B0=85.4206 homogen=84703.6114
mean B0=81.9528 homogen=55232.3732
mean B0=79.1847 homogen=36105.211
mean B0=76.0669 homogen=40499.872
mean B0=84.7891 homogen=83724.6967
mean B0=70.543 homogen=22551.9591
mean B0=84.0197 homogen=62007.1628
mean B0=59.1552 homogen=193122.9245
mean B0=84.1893 homogen=73431.5548
mean B0=76.2244 homogen=39902.162
mean B0=88.8625 homogen=112291.3985
mean B0=67.2596 homogen=4813.0767
mean B0=78.5685 homogen=47812.5435
mean B0=85.4513 homogen=83879.1952
mean B0=79.4914 homogen=38763.336
mean B0=88.8916 homogen=110638.6041
mean B0=85.2861 homogen=82014.2615
mean B0=69.5442 homogen=10150.8887
mean B0=70.0934 homogen=35911.047
mean B0=88.4972 homogen=106170.4282
mean B0=87.3484 homogen=88758.0683
mean B0=83.438 homogen=61864.1739
mean B0=66.275 homogen=262187.56
mean B0=73.447 homogen=29071.7259
mean B0=73.1683 homogen=26900.8734
mean B0=72.0305 homogen=14901.3777
   469 |    18760 |     40 |  0.000000E+00 |  0.000000E+00 |  0.0012764155 |             f
mean B0=87.8086 homogen=101549.8479
mean B0=68.3568 homogen=26733.822
mean B0=89.656 homogen=120541.4009
mean B0=72.2242 homogen=15715.9767
mean B0=87.3974 homogen=98994.5796
mean B0=82.9728 homogen=58910.9524
mean B0=86.0171 homogen=83323.5148
mean B0=77.49 homogen=52480.1179
mean B0=73.413 homogen=36147.6251
mean B0=70.9191 homogen=16092.0184
mean B0=72.0431 homogen=14989.6431
mean B0=81.6225 homogen=53562.8151
mean B0=83.0514 homogen=62405.1098
mean B0=73.7239 homogen=20298.6149
mean B0=81.9118 homogen=54950.4637
mean B0=84.9509 homogen=76010.3086
mean B0=89.6805 homogen=105198.6661
mean B0=84.6527 homogen=70218.0739
mean B0=87.2643 homogen=110563.8388
mean B0=83.3848 homogen=75617.6352
mean B0=43.6072 homogen=119069.1969
mean B0=75.1033 homogen=53521.4542
mean B0=72.3943 homogen=143530.82
mean B0=87.272 homogen=96859.9062
mean B0=75.8634 homogen=63329.822
mean B0=82.3019 homogen=83553.135
mean B0=77.5395 homogen=44072.6152
mean B0=80.9227 homogen=51105.8005
mean B0=85.0412 homogen=84304.6082
mean B0=69.67 homogen=18200.2892
mean B0=68.7392 homogen=7528.1708
mean B0=71.2437 homogen=10650.0332
mean B0=79.3963 homogen=39358.565
mean B0=75.1015 homogen=24740.1373
mean B0=83.02 homogen=53859.5888
mean B0=70.7901 homogen=12278.05
mean B0=86.6029 homogen=89234.4929
mean B0=85.3808 homogen=76020.9625
mean B0=80.7345 homogen=42505.3982
mean B0=76.5944 homogen=38907.75
   470 |    18800 |     40 |  0.000000E+00 |  0.000000E+00 |  0.0032041735 |             f
mean B0=85.0816 homogen=86189.5384
mean B0=82.7399 homogen=60235.899
mean B0=70.7066 homogen=20836.913
mean B0=77.9453 homogen=34185.1486
mean B0=80.447 homogen=43979.6977
mean B0=83.1824 homogen=55605.7753
mean B0=71.4586 homogen=19359.2287
mean B0=84.951 homogen=76011.3755
mean B0=83.7648 homogen=63499.0237
mean B0=85.1374 homogen=65869.3064
mean B0=72.4236 homogen=53413.5467
mean B0=78.8482 homogen=36945.8948
mean B0=66.4121 homogen=17604.0564
mean B0=87.2062 homogen=101170.463
mean B0=74.6095 homogen=43345.0787
mean B0=89.765 homogen=121663.1386
mean B0=73.6685 homogen=20202.7087
mean B0=76.0043 homogen=48805.8414
mean B0=80.8131 homogen=89926.9928
mean B0=87.6187 homogen=98308.583
mean B0=74.3142 homogen=48897.573
mean B0=72.4989 homogen=15927.1294
mean B0=76.0908 homogen=41150.546
mean B0=85.5306 homogen=110688.7514
mean B0=86.4585 homogen=88113.6913
mean B0=85.7478 homogen=74272.3455
mean B0=76.0603 homogen=38649.6247
mean B0=84.6528 homogen=70218.381
mean B0=82.9728 homogen=58910.9524
mean B0=87.5675 homogen=98709.2443
mean B0=79.822 homogen=41525.9205
mean B0=82.1655 homogen=85258.7117
mean B0=77.2927 homogen=32691.6
mean B0=79.3963 homogen=39358.565
mean B0=72.699 homogen=34680.4722
mean B0=79.4907 homogen=38762.1959
mean B0=86.6713 homogen=90031.8933
mean B0=84.0681 homogen=80729.1868
mean B0=80.2799 homogen=43212.0462
mean B0=80.9227 homogen=51105.8005
   471 |    18840 |     40 |  0.000000E+00 |  0.000000E+00 |  0.0025750349 |             f
mean B0=85.7251 homogen=80760.746
mean B0=89.2292 homogen=115580.051
mean B0=77.9616 homogen=33692.2284
mean B0=85.9584 homogen=83719.2166
mean B0=84.8389 homogen=83386.0151
mean B0=81.242 homogen=51642.7045
mean B0=82.8421 homogen=58098.6729
mean B0=78.211 homogen=46442.9424
mean B0=72.4989 homogen=15926.9278
mean B0=72.1721 homogen=23546.344
mean B0=89.5146 homogen=110757.8345
mean B0=78.4929 homogen=54754.4358
mean B0=77.3346 homogen=32898.1441
mean B0=68.7149 homogen=7491.0836
mean B0=71.7446 homogen=52332.1551
mean B0=80.7058 homogen=49294.4368
mean B0=72.5345 homogen=16583.2276
mean B0=80.772 homogen=50528.0888
mean B0=68.4165 homogen=267426.7662
mean B0=66.8745 homogen=5182.5059
mean B0=82.5038 homogen=58653.653
mean B0=86.4585 homogen=88113.6913
mean B0=65.6886 homogen=249644.6692
mean B0=79.8726 homogen=41360.1874
mean B0=81.4473 homogen=49042.0474
mean B0=82.1195 homogen=89402.6772
mean B0=84.7866 homogen=71284.4854
mean B0=77.3896 homogen=32849.0416
mean B0=70.8189 homogen=12349.7977
mean B0=72.6895 homogen=27708.9712
mean B0=86.5855 homogen=95918.579
mean B0=68.3025 homogen=8973.5284
mean B0=69.6355 homogen=9175.6884
mean B0=80.9518 homogen=51192.416
mean B0=79.2987 homogen=35145.9723
mean B0=84.8443 homogen=75007.0735
mean B0=89.7168 homogen=121228.7646
mean B0=78.9871 homogen=37435.3771
mean B0=83.0501 homogen=62401.4764
mean B0=85.9134 homogen=81411.7934
   472 |    18880 |     40 |  0.000000E+00 |  0.000000E+00 |  0.0014469345 |             f
mean B0=83.2698 homogen=64247.7657
mean B0=84.3689 homogen=67952.2514
mean B0=82.1365 homogen=58992.6917
mean B0=79.7746 homogen=130358.9409
mean B0=68.7163 homogen=7484.4019
mean B0=69.6673 homogen=6569.3109
mean B0=87.4444 homogen=91265.1711
mean B0=78.3235 homogen=110078.2248
mean B0=89.2292 homogen=115580.051
mean B0=75.1016 homogen=24727.0338
mean B0=77.2864 homogen=32709.3828
mean B0=82.1553 homogen=56479.5683
mean B0=69.5141 homogen=10241.3235
mean B0=74.8182 homogen=84149.8969
mean B0=88.4996 homogen=106135.9971
mean B0=81.9896 homogen=55403.8553
mean B0=74.6905 homogen=41905.4169
mean B0=74.3334 homogen=45817.8919
mean B0=80.5763 homogen=44973.2883
mean B0=77.0861 homogen=31713.6233
mean B0=84.0077 homogen=72177.0336
mean B0=84.764 homogen=71213.4807
mean B0=77.4924 homogen=38013.7999
mean B0=78.9169 homogen=37187.5886
mean B0=78.0721 homogen=34823.9591
mean B0=68.0482 homogen=7175.5278
mean B0=78.3661 homogen=50724.0595
mean B0=81.535 homogen=52999.3235
mean B0=82.4729 homogen=126136.1039
mean B0=76.8675 homogen=221592.818
mean B0=79.8786 homogen=41339.0687
mean B0=79.1294 homogen=38172.136
mean B0=70.04 homogen=11976.5487
mean B0=80.2687 homogen=43110.7626
mean B0=84.6505 homogen=70244.5022
mean B0=86.5852 homogen=87177.8266
mean B0=76.2584 homogen=32379.3214
mean B0=79.0378 homogen=58676.896
mean B0=78.6582 homogen=50450.9337
mean B0=72.447 homogen=16937.9088
   473 |    18920 |     40 |  0.000000E+00 |  0.000000E+00 |  0.0059985201 |             f
mean B0=62.7111 homogen=173290.2853
mean B0=87.2042 homogen=96129.4249
mean B0=88.9308 homogen=114419.3414
mean B0=73.9186 homogen=18685.8303
mean B0=49.1949 homogen=103372.1154
mean B0=80.1018 homogen=42599.0143
mean B0=83.786 homogen=63625.1473
mean B0=76.7849 homogen=34152.2758
mean B0=74.4868 homogen=66897.7412
mean B0=89.656 homogen=120541.4009
mean B0=83.0487 homogen=70304.6239
mean B0=82.0116 homogen=49791.7537
mean B0=78.7076 homogen=243563.0438
mean B0=84.3989 homogen=68215.7343
mean B0=78.934 homogen=36279.5605
mean B0=80.9591 homogen=52881.9958
mean B0=85.1064 homogen=100483.3205
mean B0=88.3215 homogen=97305.5751
mean B0=75.0987 homogen=24724.3914
mean B0=69.9072 homogen=11574.2102
mean B0=82.7596 homogen=63897.7986
mean B0=82.5311 homogen=56291.4516
mean B0=68.1211 homogen=252726.6058
mean B0=77.3861 homogen=34115.3326
mean B0=70.6233 homogen=22330.534
mean B0=69.7014 homogen=9266.0695
mean B0=78.8289 homogen=36878.7837
mean B0=65.8016 homogen=223504.6178
mean B0=73.7938 homogen=74487.7752
mean B0=82.3016 homogen=57394.2634
mean B0=72.5527 homogen=16928.693
mean B0=78.5748 homogen=49700.9284
mean B0=72.6266 homogen=148401.5648
mean B0=89.7176 homogen=121121.2827
mean B0=84.6026 homogen=80758.3835
mean B0=80.5834 homogen=42229.0766
mean B0=70.5813 homogen=12793.8733
mean B0=73.1319 homogen=19811.5714
mean B0=68.0482 homogen=7174.279
mean B0=71.2277 homogen=18584.2425
   474 |    18960 |     40 |  0.000000E+00 |  0.000000E+00 |  0.0018476912 |             f
mean B0=88.4996 homogen=106135.9971
mean B0=86.4902 homogen=86143.4126
mean B0=68.9494 homogen=8343.9953
mean B0=78.5564 homogen=87766.5017
mean B0=80.5919 homogen=48894.8352
mean B0=74.6825 homogen=25268.2502
mean B0=50.9756 homogen=344325.3936
mean B0=75.4657 homogen=24831.4638
mean B0=80.508 homogen=46406.9284
mean B0=80.7915 homogen=45722.2075
mean B0=77.2548 homogen=65873.841
mean B0=78.3551 homogen=72224.3409
mean B0=81.9892 homogen=55398.3815
mean B0=88.8917 homogen=110626.7608
mean B0=80.8276 homogen=45476.4656
mean B0=71.131 homogen=26714.3337
mean B0=71.478 homogen=14692.8995
mean B0=86.5339 homogen=86489.5811
mean B0=88.8275 homogen=114142.3284
mean B0=73.6262 homogen=27213.0138
mean B0=77.0861 homogen=31713.6233
mean B0=88.0843 homogen=102801.5513
mean B0=79.7293 homogen=48201.5957
mean B0=76.8872 homogen=36760.6407
mean B0=78.934 homogen=36276.9381
mean B0=77.7985 homogen=33600.9376
mean B0=72.4105 homogen=17042.182
mean B0=72.5502 homogen=41242.2213
mean B0=64.951 homogen=241160.1499
mean B0=81.2297 homogen=48257.9449
mean B0=79.8772 homogen=41304.6408
mean B0=73.3471 homogen=39910.8769
mean B0=86.0168 homogen=83319.8171
mean B0=86.6713 homogen=90030.5087
mean B0=82.6894 homogen=59077.5715
mean B0=84.746 homogen=81183.7208
mean B0=81.6203 homogen=56532.0463
mean B0=87.8677 homogen=102136.517
mean B0=77.5921 homogen=232491.03
mean B0=72.2112 homogen=23324.3041
   475 |    19000 |     40 |  0.000000E+00 |  0.000000E+00 |  0.0036945026 |             f
mean B0=84.5358 homogen=79634.7327
mean B0=75.4695 homogen=24835.723
mean B0=87.6736 homogen=94067.9769
mean B0=79.0662 homogen=37844.5057
mean B0=80.5763 homogen=44973.2883
mean B0=88.8917 homogen=110628.4761
mean B0=89.2337 homogen=115679.3363
mean B0=87.2035 homogen=96128.7161
mean B0=87.2725 homogen=95310.2264
mean B0=85.0338 homogen=74575.9992
mean B0=73.2224 homogen=26225.5323
mean B0=85.0535 homogen=64370.6194
mean B0=75.1016 homogen=24727.6607
mean B0=87.2718 homogen=96862.2355
mean B0=66.8571 homogen=4951.6973
mean B0=89.7663 homogen=121663.7679
mean B0=72.028 homogen=16128.2164
mean B0=73.4111 homogen=36391.1673
mean B0=82.6094 homogen=54001.1666
mean B0=80.778 homogen=45233.4515
mean B0=84.5598 homogen=119522.836
mean B0=79.7112 homogen=45045.1483
mean B0=86.6999 homogen=95622.079
mean B0=77.7069 homogen=70666.0375
mean B0=76.2648 homogen=29662.7995
mean B0=70.8189 homogen=12349.5294
mean B0=85.2813 homogen=76082.3488
mean B0=68.0481 homogen=7173.0658
mean B0=85.4457 homogen=77374.2131
mean B0=78.5927 homogen=36046.3934
mean B0=44.5339 homogen=118884.9747
mean B0=84.3466 homogen=67879.5153
mean B0=77.7985 homogen=33601.9429
mean B0=81.5349 homogen=52998.1106
mean B0=37.6839 homogen=280764.7309
mean B0=88.083 homogen=102770.0082
mean B0=79.4811 homogen=36390.9835
mean B0=82.1566 homogen=59060.9352
mean B0=83.5688 homogen=69115.0525
mean B0=82.5732 homogen=56590.7384
   476 |    19040 |     40 |  0.000000E+00 |  0.000000E+00 |  0.0009173558 |             f
mean B0=82.8035 homogen=57736.8962
mean B0=73.3059 homogen=18845.2129
mean B0=87.3958 homogen=96422.1036
mean B0=77.6576 homogen=46467.6904
mean B0=81.9431 homogen=105520.8179
mean B0=84.7225 homogen=70947.0334
mean B0=78.8118 homogen=35330.0688
mean B0=78.4283 homogen=92800.9247
mean B0=69.3036 homogen=9112.2115
mean B0=82.8517 homogen=44831.4737
mean B0=76.2397 homogen=31202.1125
mean B0=79.0838 homogen=37931.9311
mean B0=81.4409 homogen=49011.0464
mean B0=72.2933 homogen=21855.2163
mean B0=76.5361 homogen=43914.7191
mean B0=80.2859 homogen=43191.1719
mean B0=79.4649 homogen=37395.104
mean B0=77.3331 homogen=33922.2559
mean B0=78.5871 homogen=121399.7808
mean B0=84.2949 homogen=67788.5252
mean B0=81.281 homogen=53274.6016
mean B0=75.4043 homogen=25821.7904
mean B0=86.5451 homogen=88973.7741
mean B0=81.2113 homogen=108684.2005
mean B0=84.9512 homogen=96478.746
mean B0=87.8843 homogen=100605.42
mean B0=87.9791 homogen=101477.6235
mean B0=73.2326 homogen=41978.7185
mean B0=69.5604 homogen=8850.1363
mean B0=75.8165 homogen=27646.1696
mean B0=78.5296 homogen=37577.7242
mean B0=72.2656 homogen=15458.849
mean B0=89.7719 homogen=121689.4773
mean B0=73.9517 homogen=26545.2242
mean B0=80.9704 homogen=121474.8272
mean B0=73.8037 homogen=164999.0111
mean B0=82.0192 homogen=59155.5608
mean B0=82.8839 homogen=74920.3519
mean B0=76.166 homogen=43614.05
mean B0=68.0489 homogen=7017.7525
   477 |    19080 |     40 |  0.000000E+00 |  0.000000E+00 |  0.0044323966 |             f
mean B0=76.2972 homogen=29820.7516
mean B0=81.1958 homogen=108620.673
mean B0=79.7444 homogen=38714.1664
mean B0=74.2 homogen=52258.8458
mean B0=78.1642 homogen=80838.6776
mean B0=77.3962 homogen=35570.7049
mean B0=76.746 homogen=31344.5499
mean B0=77.8521 homogen=87247.2779
mean B0=68.0489 homogen=7017.7525
mean B0=78.7495 homogen=86943.594
mean B0=79.5489 homogen=39836.7258
mean B0=71.3076 homogen=18688.7114
mean B0=77.7984 homogen=33604.8419
mean B0=87.2586 homogen=95161.4976
mean B0=83.9379 homogen=66074.1775
mean B0=69.5424 homogen=8819.2477
mean B0=80.535 homogen=41934.6967
mean B0=81.2668 homogen=113302.4263
mean B0=53.8089 homogen=59334.1694
mean B0=89.9646 homogen=117080.4035
mean B0=75.7842 homogen=27485.8919
mean B0=86.2224 homogen=83640.4013
mean B0=87.0582 homogen=98542.5063
mean B0=87.8916 homogen=100578.2112
mean B0=76.9922 homogen=42213.8465
mean B0=77.1372 homogen=214761.5798
mean B0=84.3961 homogen=109531.7589
mean B0=75.7369 homogen=29583.4212
mean B0=58.8657 homogen=184816.4323
mean B0=81.3874 homogen=45685.1283
mean B0=72.3549 homogen=185312.0538
mean B0=78.885 homogen=35547.9806
mean B0=87.884 homogen=100604.2985
mean B0=81.5475 homogen=53076.8037
mean B0=82.8035 homogen=57736.8962
mean B0=70.8359 homogen=12369.7625
mean B0=66.9259 homogen=6273.2972
mean B0=87.2537 homogen=96663.8778
mean B0=79.664 homogen=40080.1318
mean B0=73.3499 homogen=20748.9916
   478 |    19120 |     40 |  0.000000E+00 |  0.000000E+00 |  0.0009900266 |             f
mean B0=82.3394 homogen=48507.098
mean B0=78.8118 homogen=35330.0688
mean B0=75.1417 homogen=31479.5562
mean B0=55.2306 homogen=353471.5044
mean B0=84.8336 homogen=71855.9239
mean B0=72.5823 homogen=58128.4631
mean B0=79.1303 homogen=38176.168
mean B0=74.5976 homogen=21936.1943
mean B0=83.0195 homogen=58586.2216
mean B0=48.0298 homogen=106445.6989
mean B0=89.234 homogen=115684.5216
mean B0=67.2596 homogen=4813.0767
mean B0=87.3905 homogen=96310.7109
mean B0=86.5438 homogen=88962.8178
mean B0=73.3765 homogen=39929.1136
mean B0=82.5307 homogen=56292.0891
mean B0=80.1283 homogen=59057.745
mean B0=81.2154 homogen=44878.901
mean B0=88.5216 homogen=106255.9629
mean B0=87.8605 homogen=102339.5468
mean B0=87.2586 homogen=95161.4976
mean B0=87.8916 homogen=100576.4482
mean B0=82.3794 homogen=56460.7262
mean B0=75.173 homogen=45097.3662
mean B0=72.2216 homogen=16352.1892
mean B0=69.4739 homogen=8923.9693
mean B0=89.7649 homogen=121651.5557
mean B0=60.9664 homogen=182639.3083
mean B0=85.4172 homogen=77143.6861
mean B0=71.1111 homogen=16892.213
mean B0=86.0165 homogen=83317.0325
mean B0=81.5475 homogen=53076.8037
mean B0=89.7748 homogen=121829.628
mean B0=67.5609 homogen=251515.1968
mean B0=80.1725 homogen=96256.3971
mean B0=88.8928 homogen=110630.6419
mean B0=77.1288 homogen=37344.3973
mean B0=77.5396 homogen=34761.2297
mean B0=84.2732 homogen=67681.3521
mean B0=69.6203 homogen=8927.4055
   479 |    19160 |     40 |  0.000000E+00 |  0.000000E+00 |  0.0021578552 |             f
mean B0=70.1773 homogen=286907.149
mean B0=79.0148 homogen=90164.9078
mean B0=83.5967 homogen=52757.4374
mean B0=78.6438 homogen=104604.5071
mean B0=73.5051 homogen=19942.5792
mean B0=79.4625 homogen=41537.5312
mean B0=71.2225 homogen=126049.1738
mean B0=79.3274 homogen=39172.8302
mean B0=83.0974 homogen=62675.2242
mean B0=72.2623 homogen=15429.459
mean B0=67.1906 homogen=35895.5594
mean B0=87.4601 homogen=96771.8884
mean B0=58.9151 homogen=32123.6756
mean B0=86.9635 homogen=91171.2032
mean B0=85.6247 homogen=77971.0501
mean B0=81.8425 homogen=54436.8411
mean B0=69.6689 homogen=9227.1636
mean B0=85.0316 homogen=74624.0987
mean B0=74.5497 homogen=21764.5033
mean B0=73.4538 homogen=24433.7918
mean B0=88.4108 homogen=105271.9557
mean B0=87.5988 homogen=96699.3693
mean B0=89.748 homogen=121451.0765
mean B0=48.7093 homogen=107063.2849
mean B0=86.2591 homogen=86417.1636
mean B0=66.7981 homogen=22265.2937
mean B0=85.4007 homogen=76112.5747
mean B0=89.0207 homogen=113235.7321
mean B0=70.8189 homogen=12349.5294
mean B0=73.3076 homogen=18816.7683
mean B0=88.8956 homogen=106692.5983
mean B0=78.1431 homogen=35333.276
mean B0=78.4724 homogen=32871.353
mean B0=80.5661 homogen=44540.6592
mean B0=85.3226 homogen=76374.5545
mean B0=82.2429 homogen=55047.6729
mean B0=68.0152 homogen=6992.0031
mean B0=83.7661 homogen=63459.9009
mean B0=67.5894 homogen=6121.232
mean B0=74.0524 homogen=22338.3021
   480 |    19200 |     40 |  0.000000E+00 |  0.000000E+00 |  0.0042779239 |             f
mean B0=87.8916 homogen=100576.4482
mean B0=86.9635 homogen=91170.9293
mean B0=87.3999 homogen=96432.9596
mean B0=86.0165 homogen=83317.0325
mean B0=81.0667 homogen=53285.9371
mean B0=87.5985 homogen=96704.0541
mean B0=78.8029 homogen=35280.0472
mean B0=85.664 homogen=106678.6831
mean B0=73.3725 homogen=19154.9941
mean B0=79.4625 homogen=41537.5312
mean B0=73.1245 homogen=54533.467
mean B0=89.0208 homogen=113236.1345
mean B0=80.8272 homogen=45478.3627
mean B0=73.8117 homogen=20559.0583
mean B0=70.5666 homogen=14664.5937
mean B0=82.434 homogen=121825.1711
mean B0=81.8803 homogen=57416.695
mean B0=84.2268 homogen=70685.7559
mean B0=88.8928 homogen=110630.6419
mean B0=55.3297 homogen=196269.3285
mean B0=82.5311 homogen=56291.4516
mean B0=84.7229 homogen=70948.5104
mean B0=89.7365 homogen=121283.0439
mean B0=83.0195 homogen=58586.2216
mean B0=84.7528 homogen=67448.1228
mean B0=85.6373 homogen=77895.5543
mean B0=80.294 homogen=43234.6998
mean B0=77.5552 homogen=34779.9132
mean B0=72.3861 homogen=17109.338
mean B0=85.0338 homogen=74575.9992
mean B0=84.2301 homogen=76426.3298
mean B0=76.746 homogen=31344.6284
mean B0=77.7987 homogen=33597.0083
mean B0=79.0347 homogen=37825.1857
mean B0=68.9493 homogen=8345.8309
mean B0=76.9423 homogen=39654.6865
mean B0=74.2839 homogen=53175.8397
mean B0=86.8673 homogen=92953.2308
mean B0=83.7661 homogen=63459.9009
mean B0=69.1555 homogen=8649.2441
   481 |    19240 |     40 |  0.000000E+00 |  0.000000E+00 |  0.0008302432 |             f
mean B0=78.5439 homogen=34911.4387
mean B0=85.0342 homogen=74592.8126
mean B0=77.2699 homogen=35185.7676
mean B0=72.7894 homogen=38185.7124
mean B0=74.9817 homogen=38691.3327
mean B0=89.1074 homogen=114150.0204
mean B0=63.5261 homogen=180301.1559
mean B0=76.2965 homogen=188764.936
mean B0=86.2609 homogen=86678.7451
mean B0=80.0139 homogen=41781.6741
mean B0=75.4405 homogen=22351.4041
mean B0=74.6564 homogen=41498.1461
mean B0=86.0166 homogen=83315.5595
mean B0=73.8117 homogen=20559.0583
mean B0=88.9122 homogen=110969.9444
mean B0=78.5938 homogen=67549.3521
mean B0=72.4226 homogen=17016.1778
mean B0=70.3048 homogen=13643.6415
mean B0=53.4386 homogen=60470.7694
mean B0=89.1663 homogen=115028.7225
mean B0=72.3652 homogen=40172.1375
mean B0=78.8023 homogen=35275.9552
mean B0=72.663 homogen=44211.2769
mean B0=81.2139 homogen=53991.2154
mean B0=79.8217 homogen=38706.0854
mean B0=86.2504 homogen=86489.8364
mean B0=85.757 homogen=85306.0908
mean B0=83.7615 homogen=63475.4717
mean B0=77.4048 homogen=39051.3612
mean B0=89.7364 homogen=121481.8792
mean B0=70.9121 homogen=12538.8084
mean B0=80.3135 homogen=89155.2584
mean B0=77.7986 homogen=33599.2116
mean B0=83.0974 homogen=62675.2242
mean B0=89.3576 homogen=117273.2939
mean B0=78.859 homogen=37748.9434
mean B0=68.0695 homogen=7041.5834
mean B0=77.885 homogen=37724.9749
mean B0=81.1968 homogen=53365.7027
mean B0=87.6667 homogen=97337.3164
   482 |    19280 |     40 |  0.000000E+00 |  0.000000E+00 |  0.0016865763 |             f
mean B0=73.3075 homogen=18819.4128
mean B0=85.256 homogen=75874.9402
mean B0=87.4672 homogen=97340.4488
mean B0=89.8021 homogen=122523.3768
mean B0=84.7066 homogen=70802.004
mean B0=70.836 homogen=12373.8281
mean B0=67.309 homogen=5113.6324
mean B0=87.4097 homogen=95293.0098
mean B0=81.535 homogen=52999.3235
mean B0=82.5316 homogen=56293.258
mean B0=73.4078 homogen=175489.7972
mean B0=86.0215 homogen=83919.1438
mean B0=80.8653 homogen=80693.7148
mean B0=73.5381 homogen=19337.3908
mean B0=81.0027 homogen=103914.3402
mean B0=71.2475 homogen=18707.9445
mean B0=82.9239 homogen=61509.0991
mean B0=79.9461 homogen=42691.2092
mean B0=73.5217 homogen=24571.1007
mean B0=84.5453 homogen=67979.5806
mean B0=88.0841 homogen=102788.2004
mean B0=79.5619 homogen=39546.4038
mean B0=84.2019 homogen=67068.6236
mean B0=67.0805 homogen=5526.7546
mean B0=87.6839 homogen=97485.4838
mean B0=70.912 homogen=12532.4277
mean B0=88.3109 homogen=106026.8922
mean B0=82.5714 homogen=59229.5421
mean B0=78.5223 homogen=44837.8123
mean B0=85.6372 homogen=77904.4131
mean B0=79.6802 homogen=43674.6398
mean B0=77.0066 homogen=30242.8984
mean B0=81.8393 homogen=51916.568
mean B0=77.8079 homogen=33625.4145
mean B0=73.4746 homogen=21233.2799
mean B0=75.9748 homogen=39119.5472
mean B0=80.9987 homogen=46340.9775
mean B0=69.1199 homogen=8243.6471
mean B0=73.9827 homogen=22129.4264
mean B0=88.9066 homogen=110961.7565
   483 |    19320 |     40 |  0.000000E+00 |  0.000000E+00 |  0.0058936962 |         nadir
mean B0=83.1029 homogen=62674.311
mean B0=80.0612 homogen=47624.3092
mean B0=86.2617 homogen=86677.8768
mean B0=77.9326 homogen=34116.7085
mean B0=85.0342 homogen=74592.8126
mean B0=74.1054 homogen=42676.938
mean B0=72.7449 homogen=17429.7085
mean B0=89.7904 homogen=122055.6844
mean B0=67.4034 homogen=5445.5229
mean B0=83.2049 homogen=57057.3364
mean B0=79.9461 homogen=42691.2092
mean B0=79.5648 homogen=39525.93
mean B0=77.0184 homogen=30082.4555
mean B0=86.8626 homogen=90437.9394
mean B0=79.2113 homogen=90807.9331
mean B0=77.8079 homogen=33625.4145
mean B0=70.8359 homogen=12367.3275
mean B0=73.2515 homogen=18464.8788
mean B0=87.4097 homogen=95293.0098
mean B0=56.989 homogen=192298.865
mean B0=84.1965 homogen=67079.1616
mean B0=74.1339 homogen=19205.3218
mean B0=73.9824 homogen=22121.9306
mean B0=80.8642 homogen=45855.1106
mean B0=88.5216 homogen=106255.9629
mean B0=83.0808 homogen=61162.7275
mean B0=69.1128 homogen=8085.8765
mean B0=88.9283 homogen=111392.2515
mean B0=90.2134 homogen=110917.1521
mean B0=74.6944 homogen=25253.1614
mean B0=83.0195 homogen=58586.2216
mean B0=80.2832 homogen=43209.9199
mean B0=67.2435 homogen=4874.0415
mean B0=80.9172 homogen=45896.4687
mean B0=84.3153 homogen=63326.9351
mean B0=79.1303 homogen=38176.168
mean B0=87.6834 homogen=97482.4444
mean B0=67.3017 homogen=5217.6945
mean B0=79.5328 homogen=33983.7659
mean B0=85.8875 homogen=79968.7076
   484 |    19360 |     40 |  0.000000E+00 |  0.000000E+00 |  0.0012805093 |             f
mean B0=84.5138 homogen=64678.6932
mean B0=76.3266 homogen=47465.3048
mean B0=71.2262 homogen=12862.5032
mean B0=82.5311 homogen=56291.4516
mean B0=72.5258 homogen=16740.5425
mean B0=86.2676 homogen=86773.7598
mean B0=67.4034 homogen=5445.3249
mean B0=81.3774 homogen=48675.3938
mean B0=74.1219 homogen=41637.8899
mean B0=88.3603 homogen=92745.236
mean B0=81.2098 homogen=47394.7467
mean B0=77.968 homogen=34246.3787
mean B0=77.1398 homogen=65737.5791
mean B0=58.5568 homogen=32524.9469
mean B0=73.3078 homogen=18817.8222
mean B0=79.5639 homogen=39523.7253
mean B0=81.5692 homogen=110951.9937
mean B0=88.8654 homogen=110659.5568
mean B0=77.8899 homogen=33986.2584
mean B0=73.7776 homogen=37185.8913
mean B0=73.3879 homogen=21746.4538
mean B0=74.943 homogen=29820.9079
mean B0=79.5368 homogen=103922.7704
mean B0=73.9827 homogen=22129.4264
mean B0=88.5215 homogen=106257.5062
mean B0=80.2783 homogen=43149.2138
mean B0=84.202 homogen=67068.1388
mean B0=86.096 homogen=81923.2871
mean B0=71.8564 homogen=20444.805
mean B0=57.2365 homogen=55071.9832
mean B0=86.6364 homogen=88658.2185
mean B0=67.2288 homogen=4834.4899
mean B0=85.0342 homogen=74592.8126
mean B0=63.0264 homogen=193886.1182
mean B0=67.2599 homogen=4816.0976
mean B0=86.0172 homogen=83317.8143
mean B0=89.3386 homogen=117012.3147
mean B0=85.8875 homogen=79969.3117
mean B0=72.3555 homogen=17272.7121
mean B0=84.0977 homogen=72473.8348
   485 |    19400 |     40 |  0.000000E+00 |  0.000000E+00 |  0.0027343026 |             f
mean B0=73.3874 homogen=21740.5535
mean B0=84.3026 homogen=112524.6624
mean B0=79.6267 homogen=39822.2287
mean B0=85.0561 homogen=85527.3105
mean B0=83.736 homogen=63512.8661
mean B0=81.8394 homogen=51916.6542
mean B0=70.547 homogen=12920.7688
mean B0=86.096 homogen=81923.2429
mean B0=75.0987 homogen=24725.303
mean B0=89.5357 homogen=119482.5601
mean B0=76.7101 homogen=90007.385
mean B0=69.3333 homogen=9751.1588
mean B0=77.7904 homogen=39799.4227
mean B0=88.0833 homogen=102782.1224
mean B0=89.3619 homogen=117335.5249
mean B0=77.6758 homogen=31967.3041
mean B0=89.7904 homogen=122055.6844
mean B0=77.9233 homogen=36240.9533
mean B0=85.4351 homogen=78291.6542
mean B0=79.5712 homogen=35966.1696
mean B0=85.0348 homogen=74591.598
mean B0=76.2415 homogen=39746.2875
mean B0=88.4242 homogen=105249.7133
mean B0=72.0831 homogen=17059.4441
mean B0=85.4093 homogen=72701.0534
mean B0=77.7987 homogen=33596.6778
mean B0=77.4687 homogen=38393.6876
mean B0=86.6365 homogen=88658.98
mean B0=67.2597 homogen=4815.6025
mean B0=80.3465 homogen=43500.4397
mean B0=79.9104 homogen=38250.2476
mean B0=86.2611 homogen=78238.244
mean B0=88.6311 homogen=107637.8973
mean B0=89.3388 homogen=117029.4
mean B0=81.3724 homogen=48640.7524
mean B0=67.4036 homogen=5445.0005
mean B0=82.5311 homogen=56291.4516
mean B0=73.9338 homogen=18806.1254
mean B0=79.8811 homogen=40957.0583
mean B0=75.885 homogen=37763.8665
   486 |    19440 |     40 |  0.000000E+00 |  0.000000E+00 |  0.0016285224 |             f
mean B0=81.4745 homogen=53141.4956
mean B0=67.5061 homogen=5088.9388
mean B0=79.4826 homogen=44186.1353
mean B0=81.9367 homogen=55111.2874
mean B0=73.3874 homogen=21740.5535
mean B0=71.0866 homogen=17496.9091
mean B0=88.6263 homogen=112275.6493
mean B0=80.988 homogen=46291.003
mean B0=74.8373 homogen=50669.9089
mean B0=88.9157 homogen=111105.2668
mean B0=81.8385 homogen=52945.814
mean B0=77.9947 homogen=42418.7203
mean B0=73.3814 homogen=21756.5951
mean B0=89.6392 homogen=120580.6764
mean B0=87.1832 homogen=91632.6415
mean B0=86.1244 homogen=82176.161
mean B0=84.2066 homogen=67073.6596
mean B0=89.8272 homogen=122636.7707
mean B0=76.6273 homogen=30705.6833
mean B0=72.447 homogen=16937.9088
mean B0=70.4633 homogen=12463.8895
mean B0=77.6753 homogen=32949.0382
mean B0=77.2028 homogen=32954.5645
mean B0=88.3556 homogen=104853.3668
mean B0=86.9635 homogen=91170.9293
mean B0=80.1907 homogen=42653.7745
mean B0=70.9124 homogen=12537.2016
mean B0=88.9387 homogen=111517.609
mean B0=80.2101 homogen=42697.1487
mean B0=79.8672 homogen=40879.3522
mean B0=67.166 homogen=5272.7251
mean B0=90.4351 homogen=122321.5492
mean B0=71.8779 homogen=18241.3685
mean B0=87.569 homogen=96649.2054
mean B0=79.9547 homogen=41208.8767
mean B0=76.9864 homogen=30171.2102
mean B0=82.5268 homogen=56281.264
mean B0=78.5592 homogen=34329.4618
mean B0=84.127 homogen=70889.6627
mean B0=67.2596 homogen=4813.0767
   487 |    19480 |     40 |  0.000000E+00 |  0.000000E+00 |  0.0023968638 |             f
mean B0=78.9525 homogen=43693.2923
mean B0=88.0833 homogen=102782.1224
mean B0=81.331 homogen=52695.4986
mean B0=70.5516 homogen=11217.4266
mean B0=77.0164 homogen=42619.2457
mean B0=89.233 homogen=115666.8696
mean B0=75.0987 homogen=24723.5097
mean B0=81.1819 homogen=47409.2679
mean B0=89.1082 homogen=115278.14
mean B0=85.2079 homogen=75087.2047
mean B0=82.4288 homogen=55685.8351
mean B0=79.356 homogen=43006.2585
mean B0=78.2963 homogen=42268.1876
mean B0=75.4124 homogen=28421.5409
mean B0=84.6736 homogen=70367.9136
mean B0=89.3386 homogen=117012.3147
mean B0=74.4202 homogen=40162.5828
mean B0=86.096 homogen=81923.2429
mean B0=88.5873 homogen=107122.842
mean B0=78.8022 homogen=35275.2172
mean B0=76.2575 homogen=73815.095
mean B0=84.202 homogen=67068.1388
mean B0=79.141 homogen=38042.0709
mean B0=69.4547 homogen=8849.8179
mean B0=77.397 homogen=68585.2175
mean B0=78.8024 homogen=35060.892
mean B0=77.7986 homogen=33597.1227
mean B0=90.0559 homogen=103011.3613
mean B0=67.6051 homogen=8556.0415
mean B0=80.3583 homogen=91205.2615
mean B0=86.2283 homogen=83113.9099
mean B0=74.7755 homogen=25612.267
mean B0=48.4715 homogen=87859.5692
mean B0=71.0818 homogen=10561.521
mean B0=84.7309 homogen=70861.0603
mean B0=75.0987 homogen=24724.3914
mean B0=69.0664 homogen=24894.4452
mean B0=79.5639 homogen=39523.7253
mean B0=72.4924 homogen=16802.6114
mean B0=87.1822 homogen=91634.9363
   488 |    19520 |     40 |  0.000000E+00 |  0.000000E+00 |  0.0058375217 |             f
mean B0=85.2079 homogen=75087.2047
mean B0=81.3536 homogen=52533.7037
mean B0=66.181 homogen=226669.1099
mean B0=87.6838 homogen=97484.4688
mean B0=84.9822 homogen=74222.6967
mean B0=70.856 homogen=12376.2775
mean B0=84.7309 homogen=82990.1343
mean B0=83.6523 homogen=61091.5827
mean B0=80.0844 homogen=84483.3196
mean B0=67.3018 homogen=5191.6324
mean B0=86.6131 homogen=93289.2762
mean B0=68.1476 homogen=194942.7345
mean B0=81.2336 homogen=125955.39
mean B0=68.418 homogen=13549.3079
mean B0=87.1509 homogen=99416.9604
mean B0=81.5522 homogen=49593.2208
mean B0=69.1728 homogen=272009.8424
mean B0=78.5501 homogen=34308.0573
mean B0=76.2124 homogen=39258.1036
mean B0=75.4302 homogen=28502.362
mean B0=88.6311 homogen=107637.8973
mean B0=77.5018 homogen=48934.7281
mean B0=82.9271 homogen=58806.9416
mean B0=78.8026 homogen=35060.0276
mean B0=64.2285 homogen=194036.9522
mean B0=67.3153 homogen=5003.0776
mean B0=70.136 homogen=34315.7092
mean B0=79.6614 homogen=44885.8456
mean B0=73.5759 homogen=24427.0103
mean B0=86.1617 homogen=83549.9733
mean B0=90.4085 homogen=122269.4675
mean B0=80.7609 homogen=42545.5182
mean B0=60.4312 homogen=154295.9322
mean B0=70.1082 homogen=11772.4136
mean B0=83.3237 homogen=57783.63
mean B0=78.9669 homogen=37139.0735
mean B0=87.6929 homogen=98004.2775
mean B0=79.5742 homogen=39553.5175
mean B0=79.6196 homogen=59482.032
mean B0=80.3274 homogen=43399.3317
   489 |    19560 |     40 |  0.000000E+00 |  0.000000E+00 |  0.0018596365 |             f
mean B0=79.8794 homogen=77328.9399
mean B0=77.7449 homogen=33770.3296
mean B0=77.6753 homogen=32949.0382
mean B0=72.6834 homogen=69631.4957
mean B0=82.6697 homogen=57086.7592
mean B0=82.5238 homogen=56269.6776
mean B0=43.7795 homogen=119201.4028
mean B0=67.164 homogen=5113.9527
mean B0=71.5244 homogen=10141.4367
mean B0=83.766 homogen=63462.2072
mean B0=72.2358 homogen=71952.7854
mean B0=72.2623 homogen=15429.459
mean B0=86.6364 homogen=88659.0406
mean B0=76.1038 homogen=39797.1091
mean B0=88.9388 homogen=111504.8224
mean B0=75.4307 homogen=28504.4798
mean B0=84.6736 homogen=70367.7122
mean B0=82.0424 homogen=53005.67
mean B0=72.7191 homogen=52479.4996
mean B0=85.7745 homogen=92456.6857
mean B0=80.2989 homogen=42893.4606
mean B0=77.3532 homogen=33536.8833
mean B0=87.569 homogen=96649.2054
mean B0=83.8464 homogen=132759.453
mean B0=58.3978 homogen=166027.2581
mean B0=88.0918 homogen=102794.4091
mean B0=77.0748 homogen=29948.6014
mean B0=82.8422 homogen=59018.6512
mean B0=80.3465 homogen=43500.4397
mean B0=78.5502 homogen=34307.9959
mean B0=78.0879 homogen=66993.3453
mean B0=66.4474 homogen=132313.1755
mean B0=85.6379 homogen=77905.824
mean B0=70.3651 homogen=45004.8783
mean B0=84.9819 homogen=74227.5909
mean B0=80.4937 homogen=50559.5197
mean B0=89.8264 homogen=122641.8717
mean B0=87.1881 homogen=91638.7578
mean B0=79.5503 homogen=40666.0478
mean B0=72.2343 homogen=15234.5207
   490 |    19600 |     40 |  0.000000E+00 |  0.000000E+00 |  0.0025271072 |             f
mean B0=78.2533 homogen=74279.9153
mean B0=80.137 homogen=42490.879
mean B0=79.2623 homogen=35351.0413
mean B0=85.5528 homogen=77193.6488
mean B0=66.9254 homogen=6292.1945
mean B0=77.9145 homogen=40569.1169
mean B0=86.6646 homogen=89005.0624
mean B0=82.8814 homogen=58573.2727
mean B0=78.7009 homogen=35235.3124
mean B0=86.6139 homogen=88486.6764
mean B0=88.762 homogen=109672.3091
mean B0=87.6837 homogen=97440.5909
mean B0=70.6036 homogen=31442.4695
mean B0=80.9884 homogen=46293.2443
mean B0=79.4106 homogen=73517.3869
mean B0=77.1612 homogen=76589.2231
mean B0=80.1902 homogen=42232.0956
mean B0=75.0987 homogen=24723.509
mean B0=68.7738 homogen=13240.9431
mean B0=71.0781 homogen=36227.5184
mean B0=79.5665 homogen=39510.7865
mean B0=67.3949 homogen=5097.4254
mean B0=74.973 homogen=59599.4552
mean B0=77.7631 homogen=33273.6751
mean B0=87.8109 homogen=91928.8486
mean B0=80.957 homogen=90226.834
mean B0=76.5278 homogen=37480.1922
mean B0=73.3714 homogen=21725.7248
mean B0=84.2062 homogen=90724.1323
mean B0=88.0849 homogen=102781.8695
mean B0=81.0807 homogen=46841.3294
mean B0=57.7324 homogen=307748.558
mean B0=70.3918 homogen=34969.0051
mean B0=82.5241 homogen=56266.2379
mean B0=75.2865 homogen=42172.6015
mean B0=76.1309 homogen=41692.2124
mean B0=88.9041 homogen=110746.5393
mean B0=82.0425 homogen=53005.7319
mean B0=72.2074 homogen=15819.8721
mean B0=85.6355 homogen=90765.7998
   491 |    19640 |     40 |  0.000000E+00 |  0.000000E+00 |  0.0006990902 |             f
mean B0=86.0642 homogen=81599.9077
mean B0=69.1128 homogen=8085.8765
mean B0=89.7852 homogen=122182.9448
mean B0=88.2708 homogen=103773.8506
mean B0=77.9048 homogen=37269.9784
mean B0=81.5522 homogen=49593.2208
mean B0=79.8492 homogen=79218.8835
mean B0=74.2646 homogen=25143.9763
mean B0=87.5115 homogen=96160.83
mean B0=78.161 homogen=80541.1192
mean B0=79.8665 homogen=43038.3733
mean B0=62.7472 homogen=116435.1367
mean B0=80.2987 homogen=42896.6689
mean B0=76.1294 homogen=29522.4792
mean B0=81.5608 homogen=110757.622
mean B0=74.3288 homogen=27176.9007
mean B0=87.4308 homogen=94206.2611
mean B0=69.6684 homogen=9226.982
mean B0=90.4548 homogen=122495.745
mean B0=67.5164 homogen=5116.2545
mean B0=84.8469 homogen=71682.9873
mean B0=72.4924 homogen=16802.6114
mean B0=80.6152 homogen=41644.5709
mean B0=88.5676 homogen=106906.8924
mean B0=77.4125 homogen=51120.105
mean B0=63.4617 homogen=195840.3559
mean B0=79.3539 homogen=42037.366
mean B0=79.6712 homogen=38148.253
mean B0=85.6934 homogen=78377.358
mean B0=77.7772 homogen=46472.2478
mean B0=82.8767 homogen=61296.176
mean B0=72.0383 homogen=16532.9655
mean B0=80.9876 homogen=46290.93
mean B0=85.9732 homogen=88081.3273
mean B0=82.1039 homogen=53795.3997
mean B0=75.5088 homogen=51693.5127
mean B0=73.3637 homogen=25695.9387
mean B0=77.676 homogen=32963.5849
mean B0=81.4025 homogen=55231.9972
mean B0=78.6874 homogen=35167.0092
   492 |    19680 |     40 |  0.000000E+00 |  0.000000E+00 |  0.0024600853 |             f
mean B0=73.1641 homogen=45740.7575
mean B0=77.0748 homogen=29949.6737
mean B0=85.8367 homogen=79794.718
mean B0=73.5759 homogen=24427.0103
mean B0=80.1661 homogen=42465.6855
mean B0=71.1061 homogen=14455.8384
mean B0=69.5752 homogen=35698.1488
mean B0=76.8331 homogen=28985.9064
mean B0=80.2823 homogen=52720.505
mean B0=57.5091 homogen=298782.2342
mean B0=73.98 homogen=41863.5619
mean B0=73.3714 homogen=21725.7248
mean B0=70.3167 homogen=45004.7202
mean B0=89.847 homogen=122939.8903
mean B0=89.7852 homogen=122182.9448
mean B0=80.6538 homogen=51436.8103
mean B0=88.7381 homogen=111260.6008
mean B0=76.1687 homogen=45177.0557
mean B0=89.4183 homogen=117668.2741
mean B0=89.9327 homogen=107098.4608
mean B0=89.7387 homogen=121346.8745
mean B0=72.2623 homogen=15429.7535
mean B0=81.7787 homogen=51023.6766
mean B0=88.2708 homogen=103773.8506
mean B0=72.2445 homogen=55293.6096
mean B0=79.6822 homogen=41979.8845
mean B0=85.4362 homogen=77349.5052
mean B0=84.6653 homogen=82810.9282
mean B0=70.407 homogen=13628.1621
mean B0=81.8561 homogen=52149.7504
mean B0=72.8339 homogen=36187.0212
mean B0=80.1902 homogen=42232.0956
mean B0=83.7666 homogen=63457.4378
mean B0=80.2758 homogen=42763.9449
mean B0=80.988 homogen=46289.7202
mean B0=72.717 homogen=17431.6676
mean B0=85.1684 homogen=74750.5838
mean B0=79.0876 homogen=102059.824
mean B0=77.7864 homogen=40251.6695
mean B0=84.7915 homogen=73332.4742
   493 |    19720 |     40 |  0.000000E+00 |  0.000000E+00 |  0.0025660524 |         nadir
mean B0=75.4307 homogen=28504.4798
mean B0=77.6969 homogen=32619.0267
mean B0=90.556 homogen=107094.568
mean B0=67.7293 homogen=6770.3158
mean B0=79.5099 homogen=31079.5423
mean B0=80.234 homogen=42560.5427
mean B0=82.2095 homogen=54002.3742
mean B0=73.8189 homogen=21787.4798
mean B0=64.573 homogen=14235.9099
mean B0=73.1723 homogen=28925.294
mean B0=81.5524 homogen=49595.5817
mean B0=78.7424 homogen=35364.8286
mean B0=57.7818 homogen=277534.5418
mean B0=73.3714 homogen=21725.7248
mean B0=83.7562 homogen=74694.6117
mean B0=76.0682 homogen=59265.9852
mean B0=83.7817 homogen=63512.1439
mean B0=89.846 homogen=122925.8245
mean B0=86.4345 homogen=85313.2813
mean B0=85.969 homogen=88041.8507
mean B0=69.1128 homogen=8085.8765
mean B0=80.3544 homogen=44011.5891
mean B0=79.7941 homogen=40658.458
mean B0=89.4185 homogen=117669.406
mean B0=88.5875 homogen=107131.2742
mean B0=87.2553 homogen=92386.3119
mean B0=75.4823 homogen=194596.0272
mean B0=73.4955 homogen=24169.9997
mean B0=72.7181 homogen=40317.5252
mean B0=86.5146 homogen=92979.1176
mean B0=82.3222 homogen=60969.4671
mean B0=79.3029 homogen=46650.5038
mean B0=73.2827 homogen=24963.5666
mean B0=73.3714 homogen=21725.7248
mean B0=71.2167 homogen=51404.8366
mean B0=79.9412 homogen=41031.425
mean B0=86.2145 homogen=83115.1811
mean B0=82.5253 homogen=56273.7743
mean B0=74.7799 homogen=25499.0585
mean B0=89.0221 homogen=105033.726
   494 |    19760 |     40 |  0.000000E+00 |  0.000000E+00 |  0.0018797868 |             f
mean B0=83.7817 homogen=63512.1439
mean B0=85.5528 homogen=77195.2071
mean B0=82.6418 homogen=55547.5625
mean B0=79.5665 homogen=39510.7865
mean B0=61.9188 homogen=170805.3901
mean B0=85.345 homogen=78597.638
mean B0=80.7035 homogen=44781.892
mean B0=87.5448 homogen=97382.9277
mean B0=73.7975 homogen=22284.6603
mean B0=72.2796 homogen=21063.2866
mean B0=85.4619 homogen=76619.5044
mean B0=89.8479 homogen=122929.2609
mean B0=81.5524 homogen=49595.5817
mean B0=80.7303 homogen=45462.2415
mean B0=71.141 homogen=13287.6907
mean B0=44.8139 homogen=188048.0517
mean B0=87.1875 homogen=91639.2411
mean B0=77.2403 homogen=89007.4519
mean B0=76.6297 homogen=30316.4129
mean B0=81.4945 homogen=49906.8326
mean B0=67.2596 homogen=4813.0767
mean B0=76.1296 homogen=29528.0806
mean B0=84.5985 homogen=69928.8282
mean B0=62.9218 homogen=26956.8828
mean B0=82.5238 homogen=96666.7149
mean B0=88.8635 homogen=110461.5127
mean B0=77.2341 homogen=65494.6527
mean B0=86.3226 homogen=83806.8921
mean B0=79.58 homogen=40256.9233
mean B0=70.7893 homogen=16745.1862
mean B0=88.0674 homogen=102402.1036
mean B0=70.1512 homogen=28857.8938
mean B0=88.5873 homogen=107122.842
mean B0=68.6475 homogen=15310.4959
mean B0=77.0065 homogen=33200.7438
mean B0=63.4057 homogen=183684.5037
mean B0=82.9275 homogen=58809.8276
mean B0=79.8755 homogen=41101.45
mean B0=76.1242 homogen=29507.055
mean B0=74.0032 homogen=105832.6843
   495 |    19800 |     40 |  0.000000E+00 |  0.000000E+00 |  0.0045400820 |             f
mean B0=88.0527 homogen=102379.8993
mean B0=91.1242 homogen=113258.5539
mean B0=66.926 homogen=6270.1415
mean B0=78.7426 homogen=41734.4464
mean B0=82.9273 homogen=58807.2554
mean B0=78.8947 homogen=37602.451
mean B0=70.9603 homogen=12684.3903
mean B0=82.1512 homogen=54091.0288
mean B0=88.6156 homogen=91176.8221
mean B0=89.7372 homogen=121582.9988
mean B0=85.0733 homogen=85983.8693
mean B0=77.6662 homogen=32766.2248
mean B0=79.7849 homogen=42611.5428
mean B0=69.1128 homogen=8085.8765
mean B0=78.5505 homogen=34312.1705
mean B0=83.2544 homogen=63896.441
mean B0=85.3639 homogen=78735.6183
mean B0=81.119 homogen=45784.1121
mean B0=81.0521 homogen=50363.482
mean B0=73.3714 homogen=21725.7262
mean B0=83.7797 homogen=63508.6465
mean B0=56.4023 homogen=44685.3508
mean B0=89.5752 homogen=111566.4336
mean B0=77.2158 homogen=84414.6351
mean B0=84.5985 homogen=69928.5985
mean B0=60.8158 homogen=221651.9649
mean B0=71.84 homogen=17959.169
mean B0=75.3891 homogen=28329.7461
mean B0=78.7418 homogen=35360.0379
mean B0=82.8041 homogen=57911.2566
mean B0=72.2297 homogen=56169.9613
mean B0=84.8184 homogen=74692.5091
mean B0=85.3267 homogen=77410.7395
mean B0=88.0849 homogen=102781.8695
mean B0=86.3219 homogen=83804.6213
mean B0=72.4766 homogen=18342.2675
mean B0=82.1411 homogen=53483.9851
mean B0=66.7663 homogen=6299.9299
mean B0=81.1604 homogen=68877.4847
mean B0=73.8189 homogen=21787.8131
   496 |    19840 |     40 |  0.000000E+00 |  0.000000E+00 |  0.0032150783 |             f
mean B0=84.2558 homogen=70717.2151
mean B0=67.5894 homogen=6110.9353
mean B0=72.4802 homogen=19570.0954
mean B0=82.3872 homogen=57882.6481
mean B0=67.167 homogen=131180.5057
mean B0=81.08 homogen=46739.8121
mean B0=77.9922 homogen=72069.7204
mean B0=89.7454 homogen=121408.8326
mean B0=87.5608 homogen=96708.4138
mean B0=78.0064 homogen=42008.2869
mean B0=87.3126 homogen=93041.8636
mean B0=83.7694 homogen=63479.6476
mean B0=82.1158 homogen=53899.6903
mean B0=59.6579 homogen=166750.3609
mean B0=44.2228 homogen=119358.7413
mean B0=73.3714 homogen=21725.7248
mean B0=74.5103 homogen=31935.5093
mean B0=85.6304 homogen=91483.1879
mean B0=80.2863 homogen=43745.9253
mean B0=85.6402 homogen=83301.1384
mean B0=78.9214 homogen=37698.2745
mean B0=75.4307 homogen=28504.4798
mean B0=76.1079 homogen=40978.9113
mean B0=78.4425 homogen=34707.9231
mean B0=72.6937 homogen=39060.4425
mean B0=86.3188 homogen=84534.6349
mean B0=85.4444 homogen=84015.6439
mean B0=52.7734 homogen=73131.8612
mean B0=67.6003 homogen=5304.6433
mean B0=62.6345 homogen=182429.4822
mean B0=89.7877 homogen=122090.9719
mean B0=79.8727 homogen=41085.1967
mean B0=73.7509 homogen=21720.6014
mean B0=85.0494 homogen=113191.5251
mean B0=69.1518 homogen=8096.8304
mean B0=89.4183 homogen=117668.2741
mean B0=75.6554 homogen=209090.0751
mean B0=72.2343 homogen=15234.5207
mean B0=82.9731 homogen=59034.324
mean B0=87.1935 homogen=93294.3721
   497 |    19880 |     40 |  0.000000E+00 |  0.000000E+00 |  0.0029809428 |             f
mean B0=77.7504 homogen=32515.1525
mean B0=69.4516 homogen=276797.3941
mean B0=82.1704 homogen=96886.3224
mean B0=82.0445 homogen=52884.3067
mean B0=89.0651 homogen=112869.165
mean B0=70.184 homogen=11275.7239
mean B0=81.08 homogen=46738.2965
mean B0=74.5415 homogen=26500.1787
mean B0=74.8295 homogen=67643.2074
mean B0=66.8916 homogen=111087.0631
mean B0=72.4802 homogen=19570.0954
mean B0=70.0848 homogen=32761.0148
mean B0=72.3992 homogen=20215.3901
mean B0=79.0495 homogen=41461.2892
mean B0=77.4527 homogen=54223.7699
mean B0=86.546 homogen=90194.6338
mean B0=80.988 homogen=46291.003
mean B0=85.425 homogen=76332.5917
mean B0=76.0732 homogen=36541.6325
mean B0=87.5598 homogen=96695.0155
mean B0=83.0678 homogen=60802.2239
mean B0=87.6671 homogen=98122.0211
mean B0=76.3065 homogen=39872.6029
mean B0=88.0098 homogen=102011.461
mean B0=56.7562 homogen=39700.3822
mean B0=85.4821 homogen=84217.2127
mean B0=75.9102 homogen=202634.9577
mean B0=67.0963 homogen=131984.4409
mean B0=77.9577 homogen=103160.1935
mean B0=77.7225 homogen=68182.9552
mean B0=78.9214 homogen=37698.2745
mean B0=77.7105 homogen=32539.3976
mean B0=71.9145 homogen=17578.7182
mean B0=78.2211 homogen=47909.6344
mean B0=76.8199 homogen=33226.5872
mean B0=80.1798 homogen=47225.1436
mean B0=84.5985 homogen=69928.5985
mean B0=75.1337 homogen=24892.3422
mean B0=72.5441 homogen=39613.9564
mean B0=89.8472 homogen=122931.52
   498 |    19920 |     40 |  0.000000E+00 |  0.000000E+00 |  0.0011244539 |             f
mean B0=87.6755 homogen=96771.6734
mean B0=70.638 homogen=12927.8857
mean B0=87.2417 homogen=100207.8177
mean B0=70.7951 homogen=23341.2274
mean B0=88.4357 homogen=116401.8668
mean B0=87.5442 homogen=96321.64
mean B0=78.4186 homogen=37199.6987
mean B0=82.3872 homogen=57882.6481
mean B0=77.0889 homogen=30061.9403
mean B0=88.9615 homogen=111761.7443
mean B0=72.0672 homogen=17365.4605
mean B0=89.3635 homogen=116896.8902
mean B0=80.5444 homogen=44500.392
mean B0=70.4152 homogen=13096.5568
mean B0=75.7171 homogen=64962.5531
mean B0=79.7109 homogen=46082.0535
mean B0=76.349 homogen=48937.9643
mean B0=92.1594 homogen=121091.7824
mean B0=81.6902 homogen=52754.1534
mean B0=75.0986 homogen=24713.7853
mean B0=69.2685 homogen=9873.018
mean B0=82.6304 homogen=75582.6469
mean B0=85.5448 homogen=78267.1098
mean B0=69.0911 homogen=112261.0904
mean B0=71.606 homogen=43393.6918
mean B0=83.9224 homogen=64464.7836
mean B0=72.8551 homogen=24673.8497
mean B0=77.0748 homogen=29949.6737
mean B0=84.8184 homogen=74692.5091
mean B0=88.3483 homogen=90575.5733
mean B0=74.2313 homogen=23621.1382
mean B0=78.5034 homogen=34968.3402
mean B0=83.8882 homogen=64377.5964
mean B0=63.9037 homogen=21010.545
mean B0=75.4207 homogen=32739.8874
mean B0=88.9455 homogen=104637.3739
mean B0=86.5825 homogen=111867.2951
mean B0=85.8367 homogen=79794.718
mean B0=87.7041 homogen=98051.0235
mean B0=73.751 homogen=21718.2327
   499 |    19960 |     40 |  0.000000E+00 |  0.000000E+00 |  0.0033531217 |             f
mean B0=88.4313 homogen=116334.8087
mean B0=83.9204 homogen=64457.4874
mean B0=80.5974 homogen=44766.5238
mean B0=88.0822 homogen=102745.0682
mean B0=63.6882 homogen=233061.3877
mean B0=82.4732 homogen=110505.0824
mean B0=69.5813 homogen=9988.195
mean B0=72.4714 homogen=16002.906
mean B0=43.5585 homogen=119084.9099
mean B0=76.2278 homogen=205588.1907
mean B0=81.5544 homogen=55446.3888
mean B0=52.9623 homogen=73793.955
mean B0=70.5584 homogen=11239.1248
mean B0=89.2046 homogen=100832.4203
mean B0=82.3124 homogen=50963.8258
mean B0=80.5282 homogen=44392.481
mean B0=75.5109 homogen=28955.1696
mean B0=73.1778 homogen=17773.4072
mean B0=85.4596 homogen=83802.9476
mean B0=72.4545 homogen=19432.5144
mean B0=68.8011 homogen=37156.742
mean B0=87.5461 homogen=96321.7512
mean B0=77.7012 homogen=32755.979
mean B0=79.8752 homogen=41100.1974
mean B0=78.0268 homogen=34491.0295
mean B0=77.4403 homogen=39794.5627
mean B0=67.2596 homogen=4813.0227
mean B0=77.4993 homogen=34875.5885
mean B0=84.9337 homogen=75613.8172
mean B0=84.5218 homogen=57512.7054
mean B0=79.9426 homogen=40982.7815
mean B0=88.9741 homogen=111559.3697
mean B0=83.7727 homogen=63467.41
mean B0=89.2142 homogen=114438.6223
mean B0=82.3913 homogen=55249.2579
mean B0=84.6022 homogen=69956.912
mean B0=79.1857 homogen=40224.3058
mean B0=69.2416 homogen=20475.0772
mean B0=82.2037 homogen=54148.4569
mean B0=77.7131 homogen=226465.4978
   500 |    20000 |     40 |  0.000000E+00 |  0.000000E+00 |  0.0020939039 |             f
mean B0=85.5983 homogen=77594.3608
mean B0=62.3821 homogen=179000.2511
mean B0=83.1212 homogen=65983.1702
mean B0=89.5233 homogen=110396.6688
mean B0=75.066 homogen=26968.6475
mean B0=82.7024 homogen=150631.5544
mean B0=71.0465 homogen=13408.4147
mean B0=73.9267 homogen=22317.1684
mean B0=77.5864 homogen=33055.1084
mean B0=87.1839 homogen=91632.4159
mean B0=73.7796 homogen=24292.9977
mean B0=75.4541 homogen=41587.002
mean B0=81.8125 homogen=58246.8618
mean B0=88.9396 homogen=111500.0499
mean B0=87.3236 homogen=100809.438
mean B0=57.1901 homogen=55245.4686
mean B0=56.8942 homogen=56593.0841
mean B0=75.2136 homogen=41647.3279
mean B0=81.0854 homogen=46765.4707
mean B0=79.7298 homogen=40246.809
mean B0=85.6526 homogen=83706.9848
mean B0=81.0723 homogen=43698.2606
mean B0=79.7832 homogen=40839.2555
mean B0=83.7252 homogen=63137.3128
mean B0=72.7379 homogen=22086.6104
mean B0=67.7696 homogen=107817.2581
mean B0=77.187 homogen=31243.7901
mean B0=80.5233 homogen=44302.0844
mean B0=75.0841 homogen=27187.9256
mean B0=85.5484 homogen=78289.2184
mean B0=80.9011 homogen=43904.774
mean B0=78.3444 homogen=66219.4026
mean B0=71.3799 homogen=13386.1832
mean B0=87.5452 homogen=96331.5285
mean B0=74.2724 homogen=45320.0119
mean B0=70.6385 homogen=12926.4824
mean B0=78.7944 homogen=35726.9793
mean B0=63.8693 homogen=132887.942
mean B0=55.0526 homogen=64940.6725
mean B0=85.9732 homogen=88080.8103
   501 |    20040 |     40 |  0.000000E+00 |  0.000000E+00 |  0.0032065793 |             f
mean B0=87.9831 homogen=101959.7829
mean B0=86.7718 homogen=89956.4456
mean B0=71.2893 homogen=14536.8475
mean B0=67.2971 homogen=7080.1489
mean B0=47.3783 homogen=106493.1626
mean B0=73.6854 homogen=20976.9899
mean B0=81.5331 homogen=50156.4933
mean B0=74.7648 homogen=48062.2179
mean B0=88.8482 homogen=91801.9014
mean B0=84.9337 homogen=75613.8172
mean B0=79.2952 homogen=38816.6172
mean B0=80.9119 homogen=45861.7944
mean B0=86.145 homogen=82477.8167
mean B0=77.5194 homogen=31617.8529
mean B0=73.5838 homogen=23479.2638
mean B0=87.1771 homogen=91662.2814
mean B0=88.6194 homogen=116282.285
mean B0=65.8702 homogen=15613.9728
mean B0=85.5351 homogen=77011.2697
mean B0=77.3297 homogen=31069.7523
mean B0=88.9853 homogen=111547.9743
mean B0=80.376 homogen=43454.1139
mean B0=82.916 homogen=61330.5938
mean B0=82.2995 homogen=53145.1671
mean B0=77.863 homogen=34194.3992
mean B0=71.0871 homogen=13147.0799
mean B0=81.7478 homogen=56747.7936
mean B0=56.9763 homogen=196013.1535
mean B0=83.5991 homogen=60569.7163
mean B0=75.066 homogen=26968.6475
mean B0=81.3117 homogen=92662.5875
mean B0=83.6852 homogen=89030.508
mean B0=82.5663 homogen=56471.557
mean B0=76.524 homogen=46681.5516
mean B0=75.4645 homogen=33130.406
mean B0=80.3617 homogen=44013.2177
mean B0=85.516 homogen=76779.9179
mean B0=77.1087 homogen=37762.4036
mean B0=76.565 homogen=46680.0187
mean B0=89.637 homogen=119958.7798
   502 |    20080 |     40 |  0.000000E+00 |  0.000000E+00 |  0.0033120471 |             f
mean B0=71.2257 homogen=34828.7869
mean B0=84.5183 homogen=69387.527
mean B0=85.7534 homogen=86347.4507
mean B0=83.9068 homogen=64356.5804
mean B0=81.5167 homogen=50110.452
mean B0=87.5436 homogen=96351.2484
mean B0=75.9604 homogen=44459.8252
mean B0=83.7254 homogen=63138.5669
mean B0=70.6513 homogen=13868.2073
mean B0=84.4754 homogen=79826.8257
mean B0=90.3348 homogen=121478.6385
mean B0=78.5192 homogen=240973.3058
mean B0=79.1058 homogen=250402.2626
mean B0=88.6693 homogen=116333.3991
mean B0=72.0803 homogen=22342.679
mean B0=73.8952 homogen=50822.0391
mean B0=73.9396 homogen=25151.6992
mean B0=81.9126 homogen=51897.3244
mean B0=87.9023 homogen=100938.4117
mean B0=87.3247 homogen=88275.6869
mean B0=73.68 homogen=20976.1637
mean B0=69.7423 homogen=9396.8108
mean B0=80.68 homogen=41995.8259
mean B0=83.0845 homogen=60952.6919
mean B0=84.8359 homogen=74744.0142
mean B0=57.638 homogen=296756.5349
mean B0=83.3537 homogen=125823.5747
mean B0=77.8637 homogen=34198.1167
mean B0=70.7408 homogen=22267.8293
mean B0=67.6 homogen=5304.5657
mean B0=86.6334 homogen=93332.3372
mean B0=84.8514 homogen=71823.6438
mean B0=88.0243 homogen=102490.9569
mean B0=82.475 homogen=55626.8284
mean B0=77.4754 homogen=43621.8746
mean B0=71.0691 homogen=53246.8027
mean B0=79.2631 homogen=35909.1325
mean B0=89.2746 homogen=115809.6374
mean B0=82.6046 homogen=56704.0658
mean B0=71.5879 homogen=17586.9454
   503 |    20120 |     40 |  0.000000E+00 |  0.000000E+00 |  0.0021565511 |             f
mean B0=84.5816 homogen=69816.7178
mean B0=85.6944 homogen=78307.9146
mean B0=79.9724 homogen=41600.1
mean B0=56.5094 homogen=59073.4114
mean B0=84.5175 homogen=69383.7388
mean B0=71.9327 homogen=40875.1895
mean B0=89.8479 homogen=122929.2609
mean B0=82.7661 homogen=57599.5239
mean B0=79.3493 homogen=37287.1315
mean B0=87.546 homogen=96322.5979
mean B0=69.7405 homogen=9405.1864
mean B0=83.5991 homogen=60569.7163
mean B0=76.668 homogen=35643.6962
mean B0=74.8123 homogen=28061.3416
mean B0=77.7444 homogen=32548.8055
mean B0=86.9232 homogen=96940.0489
mean B0=81.5888 homogen=90855.8804
mean B0=76.8976 homogen=30147.3274
mean B0=77.0162 homogen=32989.4019
mean B0=81.4658 homogen=55091.388
mean B0=80.9604 homogen=46216.9125
mean B0=88.0799 homogen=102352.587
mean B0=73.4668 homogen=29007.7334
mean B0=82.8832 homogen=57768.8945
mean B0=74.2308 homogen=18216.9562
mean B0=81.9364 homogen=61520.5117
mean B0=70.6513 homogen=13868.2073
mean B0=86.5728 homogen=88513.1657
mean B0=71.8397 homogen=15352.8418
mean B0=87.9024 homogen=100939.364
mean B0=67.2605 homogen=4821.013
mean B0=48.857 homogen=353801.785
mean B0=81.3256 homogen=52624.3619
mean B0=87.1881 homogen=91639.1726
mean B0=76.4102 homogen=51862.9504
mean B0=90.4369 homogen=122310.2624
mean B0=79.7313 homogen=258162.5512
mean B0=69.2845 homogen=8228.5345
mean B0=80.1371 homogen=39899.4974
mean B0=82.3957 homogen=55318.2929
   504 |    20160 |     40 |  0.000000E+00 |  0.000000E+00 |  0.0031891681 |             f
mean B0=79.4181 homogen=38758.0332
mean B0=81.8992 homogen=100051.05
mean B0=73.9172 homogen=206319.2292
mean B0=84.9896 homogen=62845.7044
mean B0=72.4311 homogen=16060.4434
mean B0=79.9942 homogen=44997.0057
mean B0=80.6102 homogen=44405.1251
mean B0=83.9816 homogen=64827.3984
mean B0=89.8479 homogen=122929.2609
mean B0=77.8274 homogen=33170.4955
mean B0=70.0173 homogen=22197.8052
mean B0=85.6002 homogen=77586.5846
mean B0=86.9386 homogen=103218.1442
mean B0=81.196 homogen=106495.7928
mean B0=73.844 homogen=21294.1851
mean B0=70.0057 homogen=9787.4133
mean B0=79.2486 homogen=49560.0953
mean B0=75.2223 homogen=61728.2256
mean B0=81.4862 homogen=54525.5591
mean B0=87.2378 homogen=100582.6988
mean B0=87.9351 homogen=100715.1172
mean B0=61.2265 homogen=175955.7229
mean B0=76.4293 homogen=38286.3445
mean B0=69.6002 homogen=9333.7989
mean B0=76.4573 homogen=69075.2809
mean B0=88.7743 homogen=109315.9063
mean B0=79.7735 homogen=41339.9891
mean B0=89.5846 homogen=119255.9306
mean B0=89.8479 homogen=122929.2609
mean B0=75.1318 homogen=29965.1236
mean B0=80.8855 homogen=51823.7367
mean B0=73.8907 homogen=22075.1997
mean B0=89.3046 homogen=116189.8296
mean B0=82.8474 homogen=49644.2821
mean B0=78.7309 homogen=37001.4226
mean B0=86.1312 homogen=86624.7266
mean B0=68.2082 homogen=38274.9534
mean B0=80.4395 homogen=34976.8229
mean B0=69.1033 homogen=20250.8404
mean B0=71.768 homogen=14519.6925
   505 |    20200 |     40 |  0.000000E+00 |  0.000000E+00 |  0.0015994699 |             f
mean B0=78.3992 homogen=91360.5329
mean B0=84.0046 homogen=70849.2893
mean B0=78.4499 homogen=33796.1534
mean B0=70.7976 homogen=11743.4628
mean B0=76.2405 homogen=33504.085
mean B0=89.8862 homogen=123351.773
mean B0=75.5307 homogen=34877.9213
mean B0=74.1561 homogen=46397.8218
mean B0=78.7309 homogen=37001.4226
mean B0=80.544 homogen=44083.8033
mean B0=68.1697 homogen=16090.9384
mean B0=79.7863 homogen=38960.3037
mean B0=83.9816 homogen=64834.5223
mean B0=81.7238 homogen=51359.2662
mean B0=76.52 homogen=206625.0147
mean B0=77.6895 homogen=234542.374
mean B0=85.5702 homogen=77347.8705
mean B0=87.4909 homogen=95850.1656
mean B0=59.9623 homogen=258767.9781
mean B0=86.319 homogen=84537.2191
mean B0=78.2513 homogen=40519.8293
mean B0=74.9582 homogen=45638.6424
mean B0=76.4257 homogen=33731.0392
mean B0=83.0016 homogen=66506.9291
mean B0=81.3443 homogen=55118.9321
mean B0=83.7136 homogen=63070.4251
mean B0=75.9818 homogen=64165.7578
mean B0=71.8552 homogen=50881.6039
mean B0=88.9396 homogen=111500.0499
mean B0=81.1519 homogen=47086.643
mean B0=76.3654 homogen=37798.9914
mean B0=76.68 homogen=45000.5145
mean B0=89.8477 homogen=122939.8947
mean B0=76.04 homogen=41970.3261
mean B0=87.6394 homogen=97323.9769
mean B0=74.2436 homogen=23441.7846
mean B0=89.3729 homogen=116935.2472
mean B0=88.8289 homogen=109874.7061
mean B0=78.5249 homogen=36702.4292
mean B0=88.0847 homogen=102778.1011
   506 |    20240 |     40 |  0.000000E+00 |  0.000000E+00 |  0.0035643374 |         nadir
mean B0=77.4166 homogen=64095.6361
mean B0=87.4903 homogen=95844.6145
mean B0=80.1647 homogen=30800.9487
mean B0=84.0233 homogen=133561.481
mean B0=84.3046 homogen=77640.4942
mean B0=74.1757 homogen=23135.2052
mean B0=76.3747 homogen=45432.6174
mean B0=79.4661 homogen=36475.4913
mean B0=67.5784 homogen=5393.2151
mean B0=81.4272 homogen=109403.8939
mean B0=88.9657 homogen=104657.4353
mean B0=81.1454 homogen=47054.3902
mean B0=89.3045 homogen=123661.9023
mean B0=80.3408 homogen=43057.8202
mean B0=52.6511 homogen=52396.2848
mean B0=75.2821 homogen=27886.3604
mean B0=78.9116 homogen=40550.6122
mean B0=81.7542 homogen=51579.7014
mean B0=90.1109 homogen=110154.677
mean B0=85.7902 homogen=79111.9269
mean B0=77.3605 homogen=33921.7829
mean B0=85.5703 homogen=77336.949
mean B0=87.0844 homogen=91527.1795
mean B0=79.0382 homogen=36907.1394
mean B0=78.7941 homogen=34005.0189
mean B0=61.4355 homogen=115206.3846
mean B0=73.2623 homogen=41328.4757
mean B0=69.6388 homogen=37347.5352
mean B0=73.7052 homogen=21019.4161
mean B0=71.2893 homogen=14536.8475
mean B0=81.3618 homogen=54941.5286
mean B0=74.5172 homogen=46684.044
mean B0=83.5456 homogen=62207.337
mean B0=84.1906 homogen=66476.1541
mean B0=75.3121 homogen=27950.4468
mean B0=87.9705 homogen=101138.7414
mean B0=80.2629 homogen=85541.039
mean B0=88.7389 homogen=108928.1508
mean B0=84.5175 homogen=69383.7388
mean B0=87.0916 homogen=90617.8406
   507 |    20280 |     40 |  0.000000E+00 |  0.000000E+00 |  0.0018610105 |             f
mean B0=84.7288 homogen=71421.5543
mean B0=80.5249 homogen=47464.3187
mean B0=70.0343 homogen=149572.6699
mean B0=87.181 homogen=91564.2849
mean B0=85.3971 homogen=77187.4289
mean B0=77.8389 homogen=33055.313
mean B0=78.6435 homogen=34909.3978
mean B0=84.1971 homogen=66528.3905
mean B0=89.3728 homogen=116935.6614
mean B0=67.8427 homogen=155857.0649
mean B0=83.8747 homogen=88024.3206
mean B0=77.0748 homogen=29949.6737
mean B0=89.0958 homogen=122156.1845
mean B0=89.2526 homogen=115243.9643
mean B0=86.3007 homogen=91423.9613
mean B0=75.8181 homogen=80735.9762
mean B0=80.544 homogen=44083.8033
mean B0=80.8377 homogen=45625.1781
mean B0=79.0403 homogen=36915.1581
mean B0=86.145 homogen=82477.8167
mean B0=70.5697 homogen=11235.6352
mean B0=87.9969 homogen=100564.6751
mean B0=76.0797 homogen=38493.392
mean B0=87.099 homogen=90686.4039
mean B0=74.5227 homogen=24353.3121
mean B0=75.1943 homogen=27504.0101
mean B0=89.6929 homogen=120635.5595
mean B0=72.4761 homogen=19551.4903
mean B0=78.7335 homogen=45075.6317
mean B0=63.4855 homogen=88780.5894
mean B0=70.6376 homogen=12932.6523
mean B0=73.68 homogen=20976.1637
mean B0=84.3305 homogen=59844.4452
mean B0=83.9938 homogen=65036.6753
mean B0=73.3686 homogen=28033.9951
mean B0=76.6441 homogen=41508.6225
mean B0=79.4181 homogen=38758.0332
mean B0=89.5614 homogen=119374.4218
mean B0=88.0831 homogen=102783.3145
mean B0=79.9724 homogen=41600.1
   508 |    20320 |     40 |  0.000000E+00 |  0.000000E+00 |  0.0027748184 |             f
mean B0=76.6102 homogen=208243.5051
mean B0=79.9724 homogen=41599.9895
mean B0=88.7698 homogen=109344.8197
mean B0=76.2756 homogen=25585.8882
mean B0=80.5006 homogen=44208.8243
mean B0=84.0114 homogen=65199.0361
mean B0=87.3985 homogen=101931.4688
mean B0=85.4504 homogen=68208.3765
mean B0=87.9969 homogen=100564.6751
mean B0=72.4018 homogen=150258.0789
mean B0=77.5987 homogen=32726.9567
mean B0=77.0889 homogen=29995.9353
mean B0=71.2893 homogen=14536.8475
mean B0=86.6139 homogen=88486.6764
mean B0=57.9585 homogen=44908.2694
mean B0=89.2276 homogen=114914.0058
mean B0=74.0185 homogen=32232.8225
mean B0=67.4298 homogen=8583.5152
mean B0=77.359 homogen=31185.9986
mean B0=70.5659 homogen=11223.9074
mean B0=87.6307 homogen=97041.1033
mean B0=86.1448 homogen=82477.6298
mean B0=84.7329 homogen=71402.6736
mean B0=78.7826 homogen=35696.5854
mean B0=74.8773 homogen=82642.3858
mean B0=83.2524 homogen=62154.1865
mean B0=82.5323 homogen=52279.1023
mean B0=83.9816 homogen=64834.5223
mean B0=72.4802 homogen=19570.0954
mean B0=74.8848 homogen=25133.3422
mean B0=81.8451 homogen=52236.3249
mean B0=74.2301 homogen=23412.275
mean B0=86.145 homogen=82477.8167
mean B0=78.4499 homogen=33796.1534
mean B0=87.1881 homogen=91639.0338
mean B0=85.4234 homogen=77411.3641
mean B0=72.2623 homogen=15430.0365
mean B0=69.2933 homogen=8923.9308
mean B0=73.9179 homogen=23841.9243
mean B0=73.6628 homogen=20951.5361
   509 |    20360 |     40 |  0.000000E+00 |  0.000000E+00 |  0.0019144108 |             f
mean B0=77.4908 homogen=36064.426
mean B0=89.3835 homogen=117968.1195
mean B0=76.6298 homogen=29629.5592
mean B0=74.8209 homogen=27867.0857
mean B0=85.3045 homogen=61698.7219
mean B0=72.2903 homogen=19811.3975
mean B0=87.6308 homogen=97040.0416
mean B0=73.5145 homogen=159579.2114
mean B0=88.311 homogen=96441.2737
mean B0=87.6089 homogen=97613.3087
mean B0=85.3598 homogen=76870.451
mean B0=69.4314 homogen=11922.9511
mean B0=86.8203 homogen=72547.7834
mean B0=73.6877 homogen=21013.8225
mean B0=80.425 homogen=43796.3019
mean B0=81.1519 homogen=47086.643
mean B0=81.9597 homogen=56806.2103
mean B0=83.6345 homogen=64198.2978
mean B0=74.371 homogen=38309.6239
mean B0=55.8729 homogen=178551.7488
mean B0=72.729 homogen=32194.5804
mean B0=75.4436 homogen=28551.9519
mean B0=86.0173 homogen=95341.3209
mean B0=74.9409 homogen=53661.5925
mean B0=86.4532 homogen=87148.2067
mean B0=70.9447 homogen=12621.2226
mean B0=88.7389 homogen=108925.2095
mean B0=84.8514 homogen=71823.6438
mean B0=84.8077 homogen=71432.2005
mean B0=81.2914 homogen=48000.2495
mean B0=81.6828 homogen=45075.5875
mean B0=69.7083 homogen=7429.701
mean B0=81.3148 homogen=107651.0433
mean B0=78.7088 homogen=35469.1907
mean B0=71.2895 homogen=14537.3356
mean B0=89.2276 homogen=114914.0058
mean B0=70.368 homogen=127717.1172
mean B0=80.4652 homogen=46646.3888
mean B0=86.7823 homogen=92747.0007
mean B0=77.4741 homogen=39176.8405
   510 |    20400 |     40 |  0.000000E+00 |  0.000000E+00 |  0.0047141293 |             f
mean B0=90.0176 homogen=102043.4473
mean B0=72.2621 homogen=15431.347
mean B0=77.264 homogen=30778.5642
mean B0=83.3487 homogen=62693.2715
mean B0=75.3817 homogen=22716.01
mean B0=83.424 homogen=68674.3923
mean B0=80.9406 homogen=61311.9948
mean B0=86.2088 homogen=91078.8173
mean B0=84.4371 homogen=78954.4518
mean B0=86.7967 homogen=95113.9284
mean B0=82.1204 homogen=72289.978
mean B0=78.7088 homogen=35469.1907
mean B0=67.9965 homogen=4801.8357
mean B0=83.6345 homogen=64198.2978
mean B0=72.4801 homogen=19565.548
mean B0=76.7798 homogen=40813.6511
mean B0=73.9193 homogen=56473.227
mean B0=86.7275 homogen=89299.5421
mean B0=84.7928 homogen=71369.9801
mean B0=80.6828 homogen=48297.893
mean B0=87.0358 homogen=90125.3626
mean B0=73.6879 homogen=21023.3152
mean B0=89.1523 homogen=116529.7497
mean B0=67.3565 homogen=4980.0921
mean B0=70.957 homogen=12619.7366
mean B0=88.6408 homogen=102004.294
mean B0=81.2749 homogen=47903.8335
mean B0=79.217 homogen=37905.971
mean B0=88.623 homogen=107660.214
mean B0=89.6079 homogen=113384.4742
mean B0=75.9896 homogen=43867.8591
mean B0=75.5109 homogen=28955.1696
mean B0=69.107 homogen=8031.5098
mean B0=70.5516 homogen=11217.4266
mean B0=85.3599 homogen=76874.706
mean B0=88.0699 homogen=101394.4299
mean B0=75.7125 homogen=46197.5182
mean B0=76.8022 homogen=44090.6728
mean B0=82.921 homogen=64154.4241
mean B0=74.9363 homogen=25704.4676
   511 |    20440 |     40 |  0.000000E+00 |  0.000000E+00 |  0.0020234550 |             f
mean B0=78.572 homogen=34747.9199
mean B0=83.1115 homogen=72589.9526
mean B0=85.7902 homogen=79111.9269
mean B0=81.4795 homogen=88314.8182
mean B0=79.9957 homogen=38757.3747
mean B0=84.1759 homogen=89965.2413
mean B0=84.776 homogen=71233.42
mean B0=72.2597 homogen=38415.9929
mean B0=70.3111 homogen=12559.9557
mean B0=77.0669 homogen=31118.3483
mean B0=81.9597 homogen=56806.2103
mean B0=88.157 homogen=102213.8145
mean B0=87.1863 homogen=83395.058
mean B0=72.4801 homogen=19565.5508
mean B0=74.8333 homogen=24892.5462
mean B0=82.2877 homogen=38223.8508
mean B0=78.2667 homogen=38090.1556
mean B0=77.2125 homogen=48864.952
mean B0=71.6802 homogen=15101.7941
mean B0=83.6658 homogen=64529.4294
mean B0=71.8245 homogen=34651.2961
mean B0=73.6155 homogen=41728.4024
mean B0=88.623 homogen=107660.214
mean B0=81.1377 homogen=51370.3755
mean B0=70.9407 homogen=24302.2113
mean B0=78.5186 homogen=34352.1719
mean B0=89.4865 homogen=104200.5837
mean B0=82.2457 homogen=59784.9357
mean B0=69.5478 homogen=16794.0678
mean B0=87.9725 homogen=93569.5102
mean B0=89.1523 homogen=116529.7497
mean B0=88.2389 homogen=104887.0111
mean B0=75.1092 homogen=28242.3588
mean B0=70.957 homogen=12619.7849
mean B0=77.1295 homogen=30241.9766
mean B0=87.676 homogen=97588.575
mean B0=74.15 homogen=24591.9826
mean B0=81.0703 homogen=38237.7123
mean B0=80.8299 homogen=49341.5478
mean B0=80.9322 homogen=46460.3548
   512 |    20480 |     40 |  0.000000E+00 |  0.000000E+00 |  0.0038089242 |             f
mean B0=77.5647 homogen=37087.9384
mean B0=71.2724 homogen=16406.2064
mean B0=88.7271 homogen=111818.2403
mean B0=80.3273 homogen=40459.0802
mean B0=82.3721 homogen=55076.2901
mean B0=88.2279 homogen=104636.3657
mean B0=86.1454 homogen=82473.4734
mean B0=77.9003 homogen=42591.7599
mean B0=79.4703 homogen=36496.8575
mean B0=73.6883 homogen=21028.7302
mean B0=79.217 homogen=37905.868
mean B0=82.4124 homogen=61281.9086
mean B0=70.783 homogen=12018.1481
mean B0=73.9437 homogen=61314.325
mean B0=68.8926 homogen=267570.2178
mean B0=77.1489 homogen=34149.5165
mean B0=84.807 homogen=71406.4863
mean B0=87.1881 homogen=91639.0338
mean B0=80.9709 homogen=46744.4218
mean B0=81.2914 homogen=48000.2495
mean B0=80.0336 homogen=41929.4438
mean B0=68.03 homogen=11425.1018
mean B0=82.1226 homogen=53778.9881
mean B0=73.158 homogen=51578.5132
mean B0=79.5882 homogen=66438.4511
mean B0=89.8936 homogen=123578.792
mean B0=75.5105 homogen=28958.4111
mean B0=73.7175 homogen=60841.4022
mean B0=71.7643 homogen=159725.1022
mean B0=72.4797 homogen=19566.477
mean B0=80.8376 homogen=45623.9401
mean B0=75.0438 homogen=26850.0938
mean B0=89.5237 homogen=120024.3923
mean B0=48.2532 homogen=100442.3949
mean B0=86.4531 homogen=87148.8043
mean B0=70.336 homogen=12919.8761
mean B0=84.1817 homogen=66479.5509
mean B0=65.6461 homogen=113729.0942
mean B0=77.5864 homogen=53240.2093
mean B0=88.7743 homogen=109315.9063
   513 |    20520 |     40 |  0.000000E+00 |  0.000000E+00 |  0.0014648319 |             f
mean B0=54.2859 homogen=48906.9535
mean B0=77.0748 homogen=29950.0655
mean B0=81.8313 homogen=55905.4894
mean B0=54.9201 homogen=63206.2336
mean B0=89.8782 homogen=123653.9897
mean B0=70.957 homogen=12619.719
mean B0=87.6275 homogen=96990.3723
mean B0=79.1986 homogen=37812.8195
mean B0=56.8039 homogen=124114.2616
mean B0=89.1523 homogen=116529.3517
mean B0=88.1759 homogen=104206.3548
mean B0=78.7932 homogen=35740.2441
mean B0=85.8062 homogen=79800.8197
mean B0=76.7131 homogen=43690.4984
mean B0=73.2558 homogen=19167.6401
mean B0=90.2447 homogen=121193.5637
mean B0=38.4913 homogen=225367.0302
mean B0=71.0986 homogen=13304.9254
mean B0=67.2181 homogen=5051.9706
mean B0=58.9785 homogen=208971.8511
mean B0=79.9374 homogen=41475.8668
mean B0=81.0193 homogen=37238.0139
mean B0=68.9038 homogen=9462.4771
mean B0=70.9398 homogen=10276.7338
mean B0=81.4715 homogen=49721.926
mean B0=85.3596 homogen=76867.7774
mean B0=87.1916 homogen=91681.3224
mean B0=83.6848 homogen=64680.4586
mean B0=79.6323 homogen=39532.2246
mean B0=84.8068 homogen=71407.7386
mean B0=77.6762 homogen=32661.6963
mean B0=77.3847 homogen=38097.203
mean B0=88.414 homogen=105354.1948
mean B0=82.6432 homogen=116784.0931
mean B0=66.8069 homogen=20277.5247
mean B0=67.2801 homogen=8754.3621
mean B0=65.1998 homogen=207808.3906
mean B0=73.1411 homogen=18681.4866
mean B0=74.8823 homogen=25007.7303
mean B0=79.2258 homogen=35307.4248
   514 |    20560 |     40 |  0.000000E+00 |  0.000000E+00 |  0.0045943522 |             f
mean B0=53.9059 homogen=49692.4936
mean B0=89.8679 homogen=101018.4872
mean B0=87.1898 homogen=91699.1014
mean B0=80.854 homogen=75815.8872
mean B0=84.0916 homogen=65858.0508
mean B0=77.8705 homogen=35933.2033
mean B0=70.3932 homogen=10691.5246
mean B0=69.1133 homogen=8100.4473
mean B0=67.9543 homogen=7326.675
mean B0=86.4532 homogen=87148.2067
mean B0=73.4479 homogen=21488.5859
mean B0=88.0706 homogen=101394.9799
mean B0=84.4586 homogen=68616.1385
mean B0=77.8934 homogen=53536.2847
mean B0=81.6933 homogen=65930.6618
mean B0=70.0992 homogen=112846.8847
mean B0=81.0059 homogen=46497.0211
mean B0=84.7946 homogen=71296.376
mean B0=75.5108 homogen=28954.7535
mean B0=55.645 homogen=69187.8024
mean B0=83.4254 homogen=68116.2262
mean B0=80.0336 homogen=41929.4438
mean B0=86.0202 homogen=84854.015
mean B0=80.1231 homogen=45376.1553
mean B0=80.9928 homogen=50002.1949
mean B0=80.5519 homogen=44603.3915
mean B0=90.0164 homogen=125388.4163
mean B0=72.255 homogen=15366.5974
mean B0=67.4392 homogen=5344.9928
mean B0=86.1454 homogen=82473.4734
mean B0=76.1052 homogen=38528.0971
mean B0=73.1414 homogen=18675.4587
mean B0=85.5426 homogen=77768.1195
mean B0=86.6858 homogen=90616.9126
mean B0=75.755 homogen=54647.6755
mean B0=81.6831 homogen=51432.1701
mean B0=86.0772 homogen=84154.188
mean B0=77.6805 homogen=226069.3647
mean B0=74.8823 homogen=25007.7303
mean B0=73.0972 homogen=148718.737
   515 |    20600 |     40 |  0.000000E+00 |  0.000000E+00 |  0.0053952973 |         ideal
mean B0=73.6372 homogen=20792.5938
mean B0=86.3137 homogen=87933.5873
mean B0=77.6798 homogen=32647.5239
mean B0=85.8062 homogen=79799.5424
mean B0=88.0713 homogen=101383.6656
mean B0=89.5496 homogen=120133.163
mean B0=80.6644 homogen=45187.1624
mean B0=74.1368 homogen=27950.7298
mean B0=72.5573 homogen=55840.2883
mean B0=79.6909 homogen=87892.1797
mean B0=84.895 homogen=100987.6835
mean B0=79.3491 homogen=38573.632
mean B0=85.4094 homogen=76117.3364
mean B0=78.7991 homogen=33989.4346
mean B0=86.6299 homogen=88633.1219
mean B0=77.3602 homogen=33026.9174
mean B0=75.6741 homogen=42809.5095
mean B0=78.5186 homogen=34352.1719
mean B0=81.0604 homogen=104737.4974
mean B0=81.4713 homogen=49720.4345
mean B0=69.335 homogen=9015.9553
mean B0=77.8788 homogen=55291.1311
mean B0=83.7343 homogen=65087.1028
mean B0=75.5102 homogen=28956.8595
mean B0=67.6003 homogen=5304.6433
mean B0=88.8809 homogen=110747.6069
mean B0=83.7287 homogen=55373.8527
mean B0=73.7357 homogen=15848.777
mean B0=76.5131 homogen=42847.4733
mean B0=85.2739 homogen=75625.4631
mean B0=77.3154 homogen=38595.4801
mean B0=77.0668 homogen=61353.2467
mean B0=78.6836 homogen=35701.6658
mean B0=85.7477 homogen=92512.1822
mean B0=70.3154 homogen=11723.1551
mean B0=70.4259 homogen=14467.2625
mean B0=83.5603 homogen=131830.9588
mean B0=52.5909 homogen=58013.0179
mean B0=89.8709 homogen=123739.9943
mean B0=82.3721 homogen=55076.0318
   516 |    20640 |     40 |  0.000000E+00 |  0.000000E+00 |  0.0020082518 |             f
mean B0=89.1523 homogen=116529.3517
mean B0=65.0954 homogen=306045.9731
mean B0=79.6323 homogen=39532.3882
mean B0=79.2974 homogen=34162.3862
mean B0=83.8406 homogen=65585.7217
mean B0=76.5451 homogen=43696.0198
mean B0=79.3491 homogen=38573.632
mean B0=60.0377 homogen=188030.7554
mean B0=90.1394 homogen=127067.9042
mean B0=67.2124 homogen=4848.2075
mean B0=73.0751 homogen=18380.6715
mean B0=82.3721 homogen=55076.0318
mean B0=70.2491 homogen=13602.4054
mean B0=70.6476 homogen=11536.4126
mean B0=89.889 homogen=123611.8744
mean B0=88.2893 homogen=103898.9807
mean B0=69.2933 homogen=8926.0821
mean B0=74.2207 homogen=22008.5524
mean B0=70.6794 homogen=14311.1955
mean B0=81.2714 homogen=47914.9727
mean B0=76.8952 homogen=228994.4566
mean B0=77.2289 homogen=44487.9336
mean B0=88.4138 homogen=105356.3406
mean B0=80.282 homogen=96908.8293
mean B0=85.1731 homogen=74817.9814
mean B0=78.3186 homogen=33712.7999
mean B0=84.4586 homogen=68616.1385
mean B0=87.8158 homogen=91961.6233
mean B0=86.1543 homogen=86806.8774
mean B0=87.678 homogen=97691.703
mean B0=81.7954 homogen=51823.3483
mean B0=84.623 homogen=69961.9986
mean B0=82.8942 homogen=55561.3059
mean B0=75.4128 homogen=28448.6317
mean B0=75.5139 homogen=28942.3538
mean B0=85.593 homogen=78133.8819
mean B0=76.0184 homogen=31177.4385
mean B0=74.2933 homogen=23809.7609
mean B0=79.5673 homogen=42058.5326
mean B0=83.9096 homogen=68860.6023
   517 |    20680 |     40 |  0.000000E+00 |  0.000000E+00 |  0.0053743228 |         ideal
mean B0=78.2089 homogen=34496.1675
mean B0=86.1529 homogen=86798.1632
mean B0=80.553 homogen=44612.3725
mean B0=72.0817 homogen=15411.8819
mean B0=82.5909 homogen=57010.5467
mean B0=73.6298 homogen=20762.0786
mean B0=85.8434 homogen=80152.8876
mean B0=82.3417 homogen=53734.6083
mean B0=57.7604 homogen=47370.9072
mean B0=68.5622 homogen=10925.6563
mean B0=89.8385 homogen=122976.4854
mean B0=88.0178 homogen=100795.6903
mean B0=82.5872 homogen=88974.7365
mean B0=69.335 homogen=9015.9553
mean B0=64.3401 homogen=134961.5217
mean B0=87.0627 homogen=90398.1803
mean B0=89.152 homogen=116530.1201
mean B0=77.0716 homogen=29951.9213
mean B0=67.6003 homogen=5304.6675
mean B0=78.3196 homogen=33684.4675
mean B0=81.6313 homogen=66730.0516
mean B0=87.6275 homogen=96990.3723
mean B0=83.8397 homogen=65590.0616
mean B0=81.7384 homogen=40842.8288
mean B0=89.5069 homogen=118215.9497
mean B0=73.1331 homogen=18635.7271
mean B0=83.0265 homogen=60516.4692
mean B0=89.0076 homogen=114448.0099
mean B0=83.894 homogen=65661.651
mean B0=70.9441 homogen=18573.3782
mean B0=80.919 homogen=46066.4035
mean B0=88.9239 homogen=111234.7276
mean B0=78.4221 homogen=36263.65
mean B0=69.9915 homogen=12025.7648
mean B0=69.0957 homogen=270476.6809
mean B0=77.8643 homogen=33184.1486
mean B0=70.6795 homogen=14314.7067
mean B0=69.1072 homogen=8024.4882
mean B0=82.3721 homogen=55076.5756
mean B0=75.5129 homogen=28974.5382
   518 |    20720 |     40 |  0.000000E+00 |  0.000000E+00 |  0.0027579061 |             f
mean B0=78.4975 homogen=35460.049
mean B0=60.9811 homogen=177398.0006
mean B0=83.0265 homogen=60516.4692
mean B0=55.9729 homogen=50061.7644
mean B0=81.2008 homogen=47533.9561
mean B0=87.9691 homogen=100107.9395
mean B0=84.3623 homogen=64978.4845
mean B0=70.514 homogen=12235.3082
mean B0=72.2622 homogen=15421.0044
mean B0=90.0379 homogen=125930.791
mean B0=85.8434 homogen=80152.8876
mean B0=60.072 homogen=195545.5633
mean B0=67.6003 homogen=5304.6433
mean B0=87.8925 homogen=99356.0044
mean B0=78.2061 homogen=37703.4697
mean B0=86.9718 homogen=89537.4652
mean B0=71.7823 homogen=15517.5763
mean B0=49.3019 homogen=74455.3106
mean B0=78.7136 homogen=35245.9655
mean B0=87.3234 homogen=93094.9678
mean B0=79.6787 homogen=51000.9456
mean B0=86.1488 homogen=86817.893
mean B0=77.7444 homogen=32548.8055
mean B0=85.2429 homogen=75403.1347
mean B0=69.1691 homogen=8074.7574
mean B0=89.5199 homogen=118469.0316
mean B0=68.9865 homogen=9597.9049
mean B0=76.3925 homogen=33542.5298
mean B0=70.3928 homogen=10689.0835
mean B0=87.7056 homogen=97843.4784
mean B0=89.0076 homogen=114448.0099
mean B0=82.4194 homogen=55570.604
mean B0=86.1543 homogen=86806.8774
mean B0=84.0059 homogen=77612.3402
mean B0=89.0809 homogen=107275.116
mean B0=82.6764 homogen=57532.9552
mean B0=72.964 homogen=17947.8783
mean B0=84.9114 homogen=81455.3164
mean B0=85.8881 homogen=111787.8133
mean B0=80.4278 homogen=43966.5074
   519 |    20760 |     40 |  0.000000E+00 |  0.000000E+00 |  0.0026491678 |             f
mean B0=85.0852 homogen=75080.7895
mean B0=81.1436 homogen=47158.8937
mean B0=84.5794 homogen=70744.0231
mean B0=69.3385 homogen=9029.0362
mean B0=84.4393 homogen=85353.3167
mean B0=75.4473 homogen=43605.7888
mean B0=77.7353 homogen=36546.5975
mean B0=78.8162 homogen=245974.9404
mean B0=89.9022 homogen=123762.167
mean B0=75.6713 homogen=29752.5736
mean B0=73.3198 homogen=31457.9255
mean B0=81.3069 homogen=56216.7814
mean B0=80.2909 homogen=81050.2374
mean B0=51.0575 homogen=93716.3981
mean B0=78.5994 homogen=34697.3202
mean B0=77.5868 homogen=35163.3931
mean B0=86.1529 homogen=86798.1632
mean B0=68.4292 homogen=8851.5665
mean B0=88.0985 homogen=104406.2537
mean B0=69.7752 homogen=281602.5679
mean B0=52.4782 homogen=317792.6082
mean B0=89.4347 homogen=117475.2288
mean B0=71.7788 homogen=15157.9174
mean B0=80.5472 homogen=44577.9486
mean B0=77.1221 homogen=37801.9592
mean B0=76.9541 homogen=62513.2658
mean B0=84.4961 homogen=96605.7192
mean B0=80.0829 homogen=42263.2922
mean B0=83.5291 homogen=63368.3428
mean B0=77.5745 homogen=33034.954
mean B0=78.5092 homogen=35354.7677
mean B0=76.5132 homogen=29031.0844
mean B0=50.6525 homogen=95799.8949
mean B0=88.2571 homogen=97692.7959
mean B0=85.9293 homogen=80676.9111
mean B0=73.1613 homogen=48176.6868
mean B0=79.6323 homogen=39532.2246
mean B0=62.9342 homogen=26898.5764
mean B0=88.9859 homogen=111711.1537
mean B0=83.9289 homogen=65860.4893
   520 |    20800 |     40 |  0.000000E+00 |  0.000000E+00 |  0.0019096988 |             f
mean B0=83.0678 homogen=60802.2239
mean B0=78.2837 homogen=35123.5346
mean B0=71.8001 homogen=15674.7602
mean B0=72.0145 homogen=16600.4675
mean B0=86.9639 homogen=89519.9746
mean B0=81.2702 homogen=51912.934
mean B0=88.9696 homogen=112280.212
mean B0=89.516 homogen=118315.767
mean B0=82.4198 homogen=55565.3193
mean B0=76.5229 homogen=52961.4666
mean B0=77.7444 homogen=32548.8055
mean B0=75.5045 homogen=42903.6174
mean B0=73.8327 homogen=42890.7003
mean B0=63.2181 homogen=180474.3031
mean B0=86.2047 homogen=86881.4635
mean B0=67.3095 homogen=5147.9593
mean B0=75.4337 homogen=28404.7557
mean B0=84.7783 homogen=71213.7852
mean B0=72.4755 homogen=51502.5016
mean B0=63.0338 homogen=174945.8948
mean B0=90.1394 homogen=127067.9042
mean B0=73.8108 homogen=29628.2443
mean B0=87.4655 homogen=104016.4103
mean B0=68.3256 homogen=15474.6332
mean B0=83.9367 homogen=65887.1504
mean B0=63.6417 homogen=222283.284
mean B0=55.8555 homogen=51466.9097
mean B0=80.0757 homogen=42227.1494
mean B0=88.0987 homogen=104408.6663
mean B0=79.3002 homogen=38239.804
mean B0=68.7547 homogen=10841.9323
mean B0=70.6251 homogen=36629.4228
mean B0=77.0714 homogen=29973.487
mean B0=81.9779 homogen=53080.2311
mean B0=81.408 homogen=109512.348
mean B0=79.5678 homogen=39676.8044
mean B0=87.5442 homogen=97688.4625
mean B0=79.8694 homogen=89904.3833
mean B0=84.1787 homogen=76774.901
mean B0=79.4023 homogen=81317.8704
   521 |    20840 |     40 |  0.000000E+00 |  0.000000E+00 |  0.0028183334 |             f
mean B0=71.9035 homogen=18788.6516
mean B0=70.3928 homogen=10689.0835
mean B0=90.1394 homogen=127066.3458
mean B0=78.8651 homogen=247290.4178
mean B0=74.9747 homogen=41620.8004
mean B0=68.2096 homogen=8713.3018
mean B0=70.2407 homogen=45503.6967
mean B0=84.1965 homogen=71005.2633
mean B0=73.9175 homogen=43346.8429
mean B0=88.3089 homogen=105928.7037
mean B0=78.8626 homogen=34976.9396
mean B0=77.1286 homogen=32662.0453
mean B0=76.3885 homogen=32976.8963
mean B0=71.0315 homogen=13649.6488
mean B0=68.7639 homogen=7457.6279
mean B0=81.2713 homogen=47914.9011
mean B0=74.8098 homogen=38250.6156
mean B0=88.4145 homogen=105353.9513
mean B0=88.995 homogen=112322.194
mean B0=78.8545 homogen=36250.573
mean B0=74.9222 homogen=28223.2844
mean B0=83.0678 homogen=60802.2239
mean B0=83.9367 homogen=65886.4077
mean B0=86.2043 homogen=86966.1062
mean B0=74.9129 homogen=32430.3207
mean B0=72.3668 homogen=16006.1329
mean B0=85.8062 homogen=79800.8197
mean B0=79.5254 homogen=39834.0735
mean B0=87.6944 homogen=97157.9402
mean B0=89.1528 homogen=114098.9995
mean B0=82.6654 homogen=67112.1243
mean B0=81.6228 homogen=81390.5163
mean B0=78.8435 homogen=35890.8645
mean B0=86.2194 homogen=100171.0743
mean B0=67.6043 homogen=7035.8892
mean B0=80.0827 homogen=42265.4095
mean B0=82.7978 homogen=59886.1821
mean B0=74.743 homogen=190921.0195
mean B0=76.3344 homogen=33352.5554
mean B0=88.8401 homogen=111116.7914
   522 |    20880 |     40 |  0.000000E+00 |  0.000000E+00 |  0.0023791299 |             f
mean B0=82.2233 homogen=56479.2892
mean B0=73.4083 homogen=19791.8159
mean B0=88.8612 homogen=110446.5616
mean B0=79.4279 homogen=39327.4183
mean B0=86.3037 homogen=88372.0748
mean B0=85.4869 homogen=79709.706
mean B0=85.9193 homogen=80551.5176
mean B0=75.4337 homogen=28399.6062
mean B0=80.5306 homogen=44094.6566
mean B0=81.1017 homogen=46952.4016
mean B0=90.8537 homogen=128279.7735
mean B0=72.3206 homogen=16175.0119
mean B0=76.5738 homogen=45223.0265
mean B0=67.72 homogen=25791.6075
mean B0=86.2282 homogen=83057.1707
mean B0=75.7628 homogen=33146.639
mean B0=79.5528 homogen=39128.1169
mean B0=83.7099 homogen=74285.7002
mean B0=74.6902 homogen=31100.1315
mean B0=85.4452 homogen=77701.5383
mean B0=48.7929 homogen=91435.4482
mean B0=58.6091 homogen=200807.7394
mean B0=82.2426 homogen=54710.5166
mean B0=76.8992 homogen=52843.6655
mean B0=88.262 homogen=103603.828
mean B0=88.4096 homogen=105235.6984
mean B0=82.1372 homogen=55514.5413
mean B0=84.5792 homogen=70736.328
mean B0=87.1603 homogen=94152.6815
mean B0=90.7298 homogen=107452.5643
mean B0=69.996 homogen=11039.8052
mean B0=67.2996 homogen=5172.5167
mean B0=78.3558 homogen=70360.1112
mean B0=76.3971 homogen=45817.1868
mean B0=86.8605 homogen=92063.2678
mean B0=70.0994 homogen=12759.228
mean B0=87.3401 homogen=96215.0297
mean B0=80.5814 homogen=44352.9253
mean B0=82.2465 homogen=54845.1836
mean B0=76.2837 homogen=42521.1656
   523 |    20920 |     40 |  0.000000E+00 |  0.000000E+00 |  0.0049711125 |             f
mean B0=84.5796 homogen=70756.596
mean B0=84.5794 homogen=70744.0231
mean B0=79.1179 homogen=37073.7325
mean B0=72.3128 homogen=16161.6366
mean B0=89.6119 homogen=119928.7778
mean B0=69.3393 homogen=9027.7587
mean B0=76.6908 homogen=64252.2731
mean B0=70.3932 homogen=10689.4708
mean B0=80.2462 homogen=55554.1693
mean B0=80.8855 homogen=45910.2424
mean B0=77.19 homogen=38072.4898
mean B0=85.7158 homogen=78505.7456
mean B0=73.0675 homogen=20496.2061
mean B0=85.7543 homogen=81056.9487
mean B0=78.5998 homogen=34700.8093
mean B0=70.4463 homogen=11747.6505
mean B0=75.2474 homogen=27560.9527
mean B0=77.641 homogen=34392.8637
mean B0=81.5839 homogen=48996.8284
mean B0=51.6502 homogen=329270.3577
mean B0=87.3241 homogen=93095.6052
mean B0=74.8333 homogen=24892.5462
mean B0=86.614 homogen=87388.047
mean B0=67.6526 homogen=7442.9347
mean B0=66.066 homogen=221954.6927
mean B0=89.5606 homogen=103928.3498
mean B0=75.4337 homogen=28399.6062
mean B0=79.3001 homogen=38239.0413
mean B0=70.6209 homogen=12717.2469
mean B0=77.5036 homogen=34009.9318
mean B0=79.7868 homogen=85295.3758
mean B0=89.3575 homogen=116524.3582
mean B0=83.2016 homogen=59057.2706
mean B0=81.2066 homogen=106245.02
mean B0=81.1 homogen=46944.6248
mean B0=85.777 homogen=105759.1943
mean B0=89.5055 homogen=119513.6846
mean B0=85.3507 homogen=123007.3502
mean B0=80.8479 homogen=52871.7875
mean B0=80.1145 homogen=42450.0865
   524 |    20960 |     40 |  0.000000E+00 |  0.000000E+00 |  0.0031008598 |             f
mean B0=79.7845 homogen=41432.7971
mean B0=70.7042 homogen=19006.3223
mean B0=89.9407 homogen=124137.1649
mean B0=71.6827 homogen=15087.081
mean B0=86.0008 homogen=70347.2375
mean B0=87.813 homogen=74866.3412
mean B0=88.262 homogen=103603.6018
mean B0=85.7158 homogen=78505.7456
mean B0=69.7523 homogen=9560.4686
mean B0=70.5896 homogen=134990.4827
mean B0=81.2313 homogen=52261.7761
mean B0=58.5758 homogen=36262.2934
mean B0=83.9289 homogen=65859.6364
mean B0=75.664 homogen=29707.6429
mean B0=81.2752 homogen=47899.2219
mean B0=86.4027 homogen=130825.8375
mean B0=87.69 homogen=102677.1327
mean B0=70.7382 homogen=11554.1059
mean B0=81.2028 homogen=47008.5269
mean B0=81.522 homogen=50119.6267
mean B0=47.5109 homogen=114360.7373
mean B0=71.6737 homogen=22675.3479
mean B0=65.516 homogen=222559.0706
mean B0=83.0949 homogen=56381.4365
mean B0=89.2203 homogen=114864.3985
mean B0=72.1799 homogen=16960.5973
mean B0=79.3002 homogen=38239.804
mean B0=79.1179 homogen=37073.7325
mean B0=67.9071 homogen=6139.3802
mean B0=75.1283 homogen=57369.6492
mean B0=80.3237 homogen=44081.1338
mean B0=86.8539 homogen=92089.8457
mean B0=87.6944 homogen=97157.9402
mean B0=80.1217 homogen=42491.8152
mean B0=80.1747 homogen=93679.7623
mean B0=76.3195 homogen=32039.0099
mean B0=76.4002 homogen=30466.2663
mean B0=76.7291 homogen=64661.2389
mean B0=82.7455 homogen=59533.4519
mean B0=77.6204 homogen=222854.0223
   525 |    21000 |     40 |  0.000000E+00 |  0.000000E+00 |  0.0020155258 |             f
mean B0=80.1529 homogen=44520.8166
mean B0=84.5792 homogen=70736.328
mean B0=52.6473 homogen=57879.9923
mean B0=78.8854 homogen=35766.7342
mean B0=76.3706 homogen=30765.2333
mean B0=81.8451 homogen=52077.1103
mean B0=86.2282 homogen=83057.1707
mean B0=73.017 homogen=45833.9339
mean B0=76.8963 homogen=30300.0312
mean B0=86.5533 homogen=90381.3458
mean B0=85.7627 homogen=86191.8251
mean B0=88.2771 homogen=103693.2885
mean B0=75.3636 homogen=25221.621
mean B0=80.9576 homogen=46309.8009
mean B0=87.3809 homogen=111352.0743
mean B0=77.2965 homogen=66126.249
mean B0=79.5252 homogen=39189.8704
mean B0=70.427 homogen=185428.1494
mean B0=70.2159 homogen=16535.7743
mean B0=67.2183 homogen=24218.5026
mean B0=76.0773 homogen=29707.0102
mean B0=86.614 homogen=87388.047
mean B0=89.9417 homogen=123937.1752
mean B0=72.749 homogen=48608.4413
mean B0=69.5943 homogen=11088.0205
mean B0=83.8845 homogen=65545.341
mean B0=80.8855 homogen=45910.2424
mean B0=86.5275 homogen=102223.5461
mean B0=83.2414 homogen=62059.7176
mean B0=89.4369 homogen=117981.7915
mean B0=73.6037 homogen=27114.6583
mean B0=88.7593 homogen=109230.4087
mean B0=87.097 homogen=106947.0136
mean B0=89.4312 homogen=125547.0537
mean B0=70.3514 homogen=11708.8723
mean B0=72.9644 homogen=17937.8969
mean B0=84.1644 homogen=67521.9571
mean B0=72.9368 homogen=38501.378
mean B0=46.4274 homogen=111534.6046
mean B0=77.6211 homogen=31909.7149
   526 |    21040 |     40 |  0.000000E+00 |  0.000000E+00 |  0.0047326319 |             f
mean B0=72.2839 homogen=17744.1851
mean B0=83.7042 homogen=63042.7513
mean B0=79.5631 homogen=39386.1755
mean B0=72.2578 homogen=15781.2138
mean B0=78.0532 homogen=239353.6062
mean B0=87.6944 homogen=97157.9402
mean B0=79.1179 homogen=37073.7325
mean B0=81.7991 homogen=84497.6219
mean B0=89.9816 homogen=124718.7985
mean B0=89.8388 homogen=122981.4109
mean B0=46.4392 homogen=369844.2239
mean B0=76.0703 homogen=45197.6826
mean B0=84.1644 homogen=67521.9571
mean B0=80.3862 homogen=52543.7391
mean B0=79.8435 homogen=41730.1414
mean B0=88.262 homogen=103603.6018
mean B0=84.5791 homogen=70756.4204
mean B0=69.0882 homogen=8022.6123
mean B0=81.3506 homogen=69366.1389
mean B0=73.3775 homogen=21989.6705
mean B0=73.4149 homogen=20571.5466
mean B0=87.019 homogen=96670.1368
mean B0=77.5845 homogen=31750.8863
mean B0=68.8778 homogen=7749.2113
mean B0=84.0702 homogen=68765.1315
mean B0=81.7954 homogen=51823.3483
mean B0=70.9331 homogen=129598.19
mean B0=79.4374 homogen=38977.6012
mean B0=84.0712 homogen=66612.1807
mean B0=89.4369 homogen=117968.4281
mean B0=70.4321 homogen=279587.4694
mean B0=73.7412 homogen=34582.0135
mean B0=77.0748 homogen=29949.6737
mean B0=84.172 homogen=69639.0957
mean B0=81.7816 homogen=51691.0276
mean B0=82.4198 homogen=55565.3193
mean B0=73.6885 homogen=21025.0172
mean B0=70.6472 homogen=11703.6987
mean B0=73.7138 homogen=37231.244
mean B0=74.6954 homogen=222423.5394
   527 |    21080 |     40 |  0.000000E+00 |  0.000000E+00 |  0.0023717621 |             f
mean B0=81.7794 homogen=51097.8512
mean B0=76.0775 homogen=29703.7099
mean B0=80.2275 homogen=43650.8626
mean B0=67.515 homogen=6677.194
mean B0=72.3149 homogen=15853.715
mean B0=69.6699 homogen=8067.1321
mean B0=75.9461 homogen=43058.1416
mean B0=89.2378 homogen=115219.1051
mean B0=82.42 homogen=55566.4584
mean B0=65.3075 homogen=126189.9732
mean B0=91.9773 homogen=131010.6939
mean B0=74.688 homogen=24203.1921
mean B0=81.615 homogen=50613.2878
mean B0=81.8569 homogen=52169.0059
mean B0=89.1489 homogen=114131.4035
mean B0=70.6482 homogen=11702.7578
mean B0=83.7041 homogen=63044.4418
mean B0=67.2596 homogen=4813.0227
mean B0=89.843 homogen=123045.9418
mean B0=78.6032 homogen=40379.536
mean B0=85.2215 homogen=76557.6339
mean B0=86.8608 homogen=92061.4049
mean B0=55.6251 homogen=67359.4926
mean B0=88.8868 homogen=103813.8167
mean B0=77.1307 homogen=30189.5077
mean B0=85.7377 homogen=81584.6511
mean B0=75.7184 homogen=61189.0051
mean B0=84.746 homogen=70936.4529
mean B0=71.6826 homogen=15087.3243
mean B0=71.6331 homogen=18773.613
mean B0=87.7689 homogen=97798.5281
mean B0=89.9375 homogen=124220.7021
mean B0=79.2861 homogen=37967.9747
mean B0=77.6061 homogen=31841.7172
mean B0=86.3547 homogen=98373.9467
mean B0=83.2346 homogen=62046.7919
mean B0=81.2751 homogen=47900.9611
mean B0=73.4149 homogen=20571.5466
mean B0=89.4309 homogen=117893.9305
mean B0=75.4143 homogen=25460.3369
   528 |    21120 |     40 |  0.000000E+00 |  0.000000E+00 |  0.0029286960 |             f
mean B0=88.2771 homogen=103695.3271
mean B0=80.6402 homogen=45910.0854
mean B0=83.3953 homogen=62201.6086
mean B0=79.9588 homogen=47958.8956
mean B0=73.4535 homogen=40773.5535
mean B0=74.8333 homogen=24892.5462
mean B0=84.7541 homogen=70965.7636
mean B0=67.229 homogen=4996.3196
mean B0=85.1261 homogen=74548.9202
mean B0=88.2631 homogen=103600.3627
mean B0=74.7618 homogen=28376.5666
mean B0=75.4485 homogen=20670.9405
mean B0=79.094 homogen=40873.2149
mean B0=82.0055 homogen=68024.6998
mean B0=75.3894 homogen=42000.3349
mean B0=75.7967 homogen=38702.6913
mean B0=79.9851 homogen=34406.4921
mean B0=89.1528 homogen=114098.9995
mean B0=76.3244 homogen=42761.437
mean B0=85.7543 homogen=81056.9487
mean B0=79.1179 homogen=37074.204
mean B0=84.2522 homogen=68168.971
mean B0=67.0384 homogen=21530.8871
mean B0=82.2797 homogen=101287.8544
mean B0=68.7581 homogen=7453.5306
mean B0=87.019 homogen=96670.1368
mean B0=89.428 homogen=117958.2981
mean B0=82.4563 homogen=55815.2769
mean B0=81.9713 homogen=52839.7526
mean B0=72.9639 homogen=17930.8356
mean B0=50.6043 homogen=358331.1544
mean B0=78.1156 homogen=32911.5913
mean B0=83.0231 homogen=60491.8193
mean B0=74.7339 homogen=31025.3322
mean B0=81.4217 homogen=95388.3584
mean B0=68.9895 homogen=17145.3822
mean B0=89.8469 homogen=123288.9551
mean B0=87.7689 homogen=97798.5281
mean B0=72.546 homogen=38638.5659
mean B0=79.1179 homogen=37073.7325
   529 |    21160 |     40 |  0.000000E+00 |  0.000000E+00 |  0.0016978503 |             f
mean B0=79.3684 homogen=38442.6816
mean B0=90.6265 homogen=108570.2745
mean B0=79.5922 homogen=45302.5014
mean B0=83.718 homogen=63127.7879
mean B0=78.9889 homogen=36681.43
mean B0=84.2523 homogen=68155.5773
mean B0=80.2277 homogen=43653.5932
mean B0=73.8722 homogen=21339.6497
mean B0=87.0091 homogen=94309.6859
mean B0=77.9695 homogen=39370.8646
mean B0=84.1559 homogen=62404.1162
mean B0=73.2884 homogen=38696.4309
mean B0=86.9195 homogen=98094.847
mean B0=84.9118 homogen=98221.9562
mean B0=77.0707 homogen=29932.2377
mean B0=69.7961 homogen=10018.6347
mean B0=82.6225 homogen=56880.8992
mean B0=77.2605 homogen=44280.412
mean B0=68.5155 homogen=8842.3317
mean B0=69.2677 homogen=271510.0302
mean B0=64.1428 homogen=212857.6821
mean B0=85.7721 homogen=81122.6407
mean B0=78.1393 homogen=45077.5963
mean B0=68.9915 homogen=269399.4993
mean B0=76.3754 homogen=31333.0662
mean B0=71.6831 homogen=15091.8142
mean B0=73.996 homogen=33376.7314
mean B0=74.6847 homogen=24217.5396
mean B0=88.5799 homogen=108851.1769
mean B0=68.2068 homogen=13161.74
mean B0=80.7092 homogen=46214.1416
mean B0=75.0567 homogen=49809.174
mean B0=70.7015 homogen=11516.9524
mean B0=70.6385 homogen=12926.4824
mean B0=90.1359 homogen=127013.8109
mean B0=86.7906 homogen=92517.5285
mean B0=88.0977 homogen=101619.9073
mean B0=53.382 homogen=83578.5421
mean B0=70.3927 homogen=10688.5752
mean B0=81.3202 homogen=48299.0125
   530 |    21200 |     40 |  0.000000E+00 |  0.000000E+00 |  0.0028146042 |             f
mean B0=69.4393 homogen=8754.7497
mean B0=87.7937 homogen=98070.0432
mean B0=68.8212 homogen=7598.2203
mean B0=79.1601 homogen=37583.2796
mean B0=70.8774 homogen=14826.0785
mean B0=86.898 homogen=92458.3521
mean B0=67.8375 homogen=11325.4998
mean B0=79.8592 homogen=56749.1872
mean B0=89.9223 homogen=123957.6476
mean B0=74.8535 homogen=24985.6182
mean B0=57.66 homogen=242488.6263
mean B0=84.3874 homogen=68105.4615
mean B0=76.1789 homogen=47109.5772
mean B0=88.1936 homogen=102728.9134
mean B0=85.5538 homogen=83531.1591
mean B0=72.881 homogen=17634.7177
mean B0=84.2523 homogen=68155.5773
mean B0=89.4677 homogen=118523.1664
mean B0=85.1785 homogen=74828.9105
mean B0=78.9418 homogen=36322.3864
mean B0=87.4158 homogen=97940.0446
mean B0=82.4338 homogen=55655.0454
mean B0=83.6373 homogen=62642.0042
mean B0=79.197 homogen=37551.4364
mean B0=68.7179 homogen=10247.6553
mean B0=48.6422 homogen=238596.2842
mean B0=71.117 homogen=15880.2378
mean B0=76.71 homogen=35688.4544
mean B0=89.8491 homogen=105501.694
mean B0=73.6683 homogen=20938.0218
mean B0=82.007 homogen=53171.2435
mean B0=79.5397 homogen=39941.3317
mean B0=77.7626 homogen=33729.9828
mean B0=67.3339 homogen=5005.516
mean B0=75.649 homogen=33523.1807
mean B0=82.0432 homogen=53351.3908
mean B0=73.8722 homogen=21339.6497
mean B0=88.7226 homogen=108732.411
mean B0=89.8449 homogen=123214.4456
mean B0=88.4344 homogen=107000.1978
   531 |    21240 |     40 |  0.000000E+00 |  0.000000E+00 |  0.0029497206 |             f
mean B0=68.7692 homogen=7475.8664
mean B0=74.048 homogen=28320.3352
mean B0=69.1045 homogen=9251.8676
mean B0=85.2429 homogen=75403.4864
mean B0=89.8383 homogen=122974.9994
mean B0=76.6461 homogen=63892.2446
mean B0=77.1886 homogen=32503.9934
mean B0=88.819 homogen=109709.0282
mean B0=88.7941 homogen=109652.2667
mean B0=73.6683 homogen=20938.0218
mean B0=80.2275 homogen=43650.8637
mean B0=76.6802 homogen=43202.4757
mean B0=35.1816 homogen=183510.0804
mean B0=72.9644 homogen=17937.8969
mean B0=88.2217 homogen=103047.7387
mean B0=84.1359 homogen=73218.5305
mean B0=88.2112 homogen=122045.3784
mean B0=78.0235 homogen=42100.1326
mean B0=84.8712 homogen=71915.64
mean B0=76.2853 homogen=43564.9187
mean B0=77.615 homogen=31879.1796
mean B0=79.9008 homogen=41423.9484
mean B0=74.3253 homogen=37307.865
mean B0=89.4675 homogen=118530.405
mean B0=80.1011 homogen=113041.685
mean B0=74.8535 homogen=24985.6182
mean B0=71.1497 homogen=42338.7018
mean B0=84.9911 homogen=73828.1234
mean B0=77.6636 homogen=33297.2615
mean B0=70.7015 homogen=11516.9524
mean B0=51.8697 homogen=79055.6269
mean B0=76.4386 homogen=87990.2295
mean B0=70.7817 homogen=14837.507
mean B0=85.1261 homogen=74548.9202
mean B0=88.4906 homogen=107622.3042
mean B0=69.268 homogen=27751.3237
mean B0=76.4276 homogen=28619.6421
mean B0=86.0615 homogen=84850.3362
mean B0=86.6409 homogen=87055.5941
mean B0=69.8124 homogen=21447.0705
   532 |    21280 |     40 |  0.000000E+00 |  0.000000E+00 |  0.0031077728 |             f
mean B0=88.7724 homogen=109223.3283
mean B0=84.7449 homogen=81290.2485
mean B0=76.1448 homogen=29845.5386
mean B0=80.6612 homogen=44686.5617
mean B0=83.5484 homogen=62336.9855
mean B0=74.4744 homogen=21627.2226
mean B0=90.1398 homogen=127065.5207
mean B0=85.2429 homogen=75403.1347
mean B0=75.2469 homogen=40490.2647
mean B0=67.2596 homogen=4813.0227
mean B0=55.1966 homogen=198947.7695
mean B0=82.0714 homogen=91468.9353
mean B0=65.7625 homogen=111742.2731
mean B0=89.8834 homogen=123466.7655
mean B0=71.9237 homogen=16195.477
mean B0=76.1644 homogen=53796.2134
mean B0=80.1996 homogen=43469.5272
mean B0=82.3212 homogen=54968.1114
mean B0=87.1445 homogen=92576.7762
mean B0=77.2186 homogen=32523.8594
mean B0=67.8833 homogen=6078.628
mean B0=77.157 homogen=25023.8143
mean B0=78.3446 homogen=36070.7686
mean B0=80.6619 homogen=49739.3783
mean B0=64.1851 homogen=193176.333
mean B0=80.9346 homogen=53512.3615
mean B0=85.7719 homogen=81124.1682
mean B0=84.3874 homogen=68105.4615
mean B0=80.6826 homogen=89209.7098
mean B0=77.615 homogen=31879.1796
mean B0=87.4929 homogen=97836.004
mean B0=59.6162 homogen=257416.5352
mean B0=66.0918 homogen=130595.8114
mean B0=87.2559 homogen=99744.8492
mean B0=89.1379 homogen=114802.8066
mean B0=74.6161 homogen=41066.4039
mean B0=76.1085 homogen=29817.5468
mean B0=89.1512 homogen=113527.8785
mean B0=83.9752 homogen=67874.3078
mean B0=71.4429 homogen=13246.3933
   533 |    21320 |     40 |  0.000000E+00 |  0.000000E+00 |  0.0052525744 |             f
mean B0=74.8535 homogen=24985.6182
mean B0=70.7101 homogen=11542.0879
mean B0=86.125 homogen=86585.9158
mean B0=77.5264 homogen=31722.5425
mean B0=86.8609 homogen=92064.5779
mean B0=76.6601 homogen=44280.7608
mean B0=80.6774 homogen=44746.8834
mean B0=84.2664 homogen=83731.4965
mean B0=74.7304 homogen=24394.4685
mean B0=89.447 homogen=117557.7999
mean B0=86.63 homogen=87083.8695
mean B0=80.3381 homogen=47765.3305
mean B0=79.8259 homogen=62207.7209
mean B0=67.5118 homogen=6719.6703
mean B0=78.345 homogen=36062.8895
mean B0=74.1932 homogen=18834.1068
mean B0=89.1422 homogen=113520.9832
mean B0=82.4844 homogen=55975.5103
mean B0=77.9717 homogen=36789.748
mean B0=76.528 homogen=29245.3282
mean B0=69.4393 homogen=8754.7497
mean B0=71.5128 homogen=15211.274
mean B0=76.0785 homogen=29359.8885
mean B0=73.7628 homogen=21375.6349
mean B0=72.881 homogen=17633.9974
mean B0=80.0265 homogen=103858.027
mean B0=86.6248 homogen=87036.0167
mean B0=57.2991 homogen=41321.7036
mean B0=82.9822 homogen=60242.5181
mean B0=85.9265 homogen=82208.7967
mean B0=78.6821 homogen=35945.429
mean B0=81.3533 homogen=50114.186
mean B0=74.9357 homogen=48747.5281
mean B0=71.2727 homogen=14307.0686
mean B0=84.8695 homogen=71911.6578
mean B0=89.6795 homogen=122797.6768
mean B0=54.0896 homogen=49603.2699
mean B0=86.9759 homogen=90778.0429
mean B0=82.6799 homogen=57230.5136
mean B0=66.9259 homogen=6272.6085
   534 |    21360 |     40 |  0.000000E+00 |  0.000000E+00 |  0.0027857950 |             f
mean B0=76.062 homogen=29285.4145
mean B0=63.8895 homogen=190228.6882
mean B0=81.1381 homogen=65952.1766
mean B0=69.0497 homogen=165419.3711
mean B0=76.872 homogen=40723.5908
mean B0=72.1521 homogen=147645.1306
mean B0=79.2554 homogen=35716.4649
mean B0=83.0125 homogen=66695.6902
mean B0=82.2052 homogen=77238.8765
mean B0=90.5957 homogen=108808.3923
mean B0=88.7724 homogen=109223.3283
mean B0=77.7789 homogen=33684.2406
mean B0=78.9502 homogen=36355.8941
mean B0=76.1327 homogen=30405.0095
mean B0=87.5065 homogen=90167.355
mean B0=89.1217 homogen=113280.7682
mean B0=72.7155 homogen=30654.3493
mean B0=67.9071 homogen=6139.3802
mean B0=88.6809 homogen=108359.8242
mean B0=85.7271 homogen=80870.2834
mean B0=70.7184 homogen=11572.8418
mean B0=74.688 homogen=24203.1921
mean B0=76.4529 homogen=49972.4759
mean B0=78.51 homogen=42246.2445
mean B0=67.7983 homogen=319009.7647
mean B0=88.1343 homogen=102302.4729
mean B0=79.8897 homogen=46617.3162
mean B0=75.5143 homogen=25890.0527
mean B0=74.5685 homogen=51466.5352
mean B0=72.8811 homogen=17629.1371
mean B0=83.0231 homogen=60491.8193
mean B0=76.1102 homogen=32609.1381
mean B0=69.6938 homogen=17376.9303
mean B0=69.4463 homogen=8944.7541
mean B0=77.3669 homogen=34303.2502
mean B0=87.5139 homogen=98080.7342
mean B0=81.0128 homogen=49745.1107
mean B0=78.6821 homogen=35945.429
mean B0=79.9738 homogen=41197.1693
mean B0=85.2849 homogen=75792.7265
   535 |    21400 |     40 |  0.000000E+00 |  0.000000E+00 |  0.0011502827 |             f
mean B0=78.4741 homogen=120453.146
mean B0=79.9505 homogen=41418.2191
mean B0=67.9071 homogen=6139.3802
mean B0=87.1539 homogen=92701.9091
mean B0=64.1658 homogen=197080.6145
mean B0=74.2123 homogen=22719.023
mean B0=75.46 homogen=40690.7328
mean B0=69.5095 homogen=9769.7736
mean B0=76.6331 homogen=32571.2484
mean B0=83.1329 homogen=67488.8233
mean B0=79.6592 homogen=35391.2447
mean B0=74.5948 homogen=40636.4698
mean B0=84.6061 homogen=73765.6824
mean B0=84.8486 homogen=77575.5532
mean B0=79.5368 homogen=44801.9624
mean B0=75.4817 homogen=25741.2175
mean B0=73.9668 homogen=46827.7811
mean B0=84.5839 homogen=71131.3802
mean B0=56.6051 homogen=303976.6615
mean B0=87.0637 homogen=95311.858
mean B0=76.7859 homogen=42147.3307
mean B0=78.3488 homogen=44463.8071
mean B0=79.5397 homogen=39941.3317
mean B0=88.1253 homogen=102117.025
mean B0=85.3703 homogen=76659.0717
mean B0=87.3667 homogen=102992.3462
mean B0=75.2319 homogen=36000.5973
mean B0=87.3713 homogen=90098.5196
mean B0=80.75 homogen=46384.9743
mean B0=73.5437 homogen=17251.232
mean B0=75.7206 homogen=29557.4149
mean B0=72.927 homogen=40589.1968
mean B0=83.6979 homogen=63011.0023
mean B0=74.9278 homogen=28974.6389
mean B0=87.4397 homogen=93728.8663
mean B0=69.1947 homogen=10227.692
mean B0=77.8219 homogen=34499.8694
mean B0=80.2475 homogen=94188.9014
mean B0=87.9865 homogen=100689.8224
mean B0=88.8612 homogen=112652.1654
   536 |    21440 |     40 |  0.000000E+00 |  0.000000E+00 |  0.0039779249 |             f
mean B0=83.6074 homogen=62396.2032
mean B0=54.8292 homogen=56421.8933
mean B0=75.3699 homogen=36553.4254
mean B0=88.3861 homogen=105976.4039
mean B0=73.4192 homogen=29284.1811
mean B0=84.529 homogen=70707.3595
mean B0=67.0548 homogen=5166.9689
mean B0=83.7421 homogen=74665.5673
mean B0=88.1343 homogen=102302.4729
mean B0=68.1874 homogen=14581.3384
mean B0=82.9281 homogen=49884.1211
mean B0=76.7427 homogen=28848.2866
mean B0=82.3212 homogen=54968.4432
mean B0=80.6409 homogen=44592.1912
mean B0=84.6396 homogen=74045.4857
mean B0=79.3067 homogen=58802.81
mean B0=89.6808 homogen=122790.6166
mean B0=81.3533 homogen=50114.186
mean B0=76.1439 homogen=29847.4577
mean B0=67.2434 homogen=4881.9509
mean B0=80.8337 homogen=46905.8602
mean B0=76.062 homogen=29285.4145
mean B0=80.0803 homogen=39384.2762
mean B0=84.4906 homogen=70398.2559
mean B0=86.1698 homogen=90054.3705
mean B0=85.828 homogen=81687.4217
mean B0=82.723 homogen=54612.091
mean B0=74.6652 homogen=54765.7986
mean B0=89.1836 homogen=115729.3091
mean B0=72.4389 homogen=20293.9061
mean B0=73.7615 homogen=39243.422
mean B0=75.5431 homogen=32482.8515
mean B0=58.6037 homogen=36677.9793
mean B0=71.9416 homogen=16262.2897
mean B0=80.143 homogen=42014.4724
mean B0=76.0305 homogen=40994.9478
mean B0=86.9751 homogen=90786.7713
mean B0=80.1532 homogen=39191.8472
mean B0=74.8543 homogen=24985.9442
mean B0=69.7685 homogen=9677.1867
   537 |    21480 |     40 |  0.000000E+00 |  0.000000E+00 |  0.0027149394 |             f
mean B0=89.7912 homogen=95524.1309
mean B0=84.8695 homogen=71911.6578
mean B0=86.6654 homogen=94248.7663
mean B0=87.4497 homogen=97097.2241
mean B0=86.2181 homogen=80556.0061
mean B0=74.3018 homogen=43544.2577
mean B0=73.53 homogen=39369.1817
mean B0=82.3569 homogen=55139.7788
mean B0=80.143 homogen=42014.4724
mean B0=81.5722 homogen=87873.8519
mean B0=79.5397 homogen=39941.3317
mean B0=72.9632 homogen=21537.8217
mean B0=83.9752 homogen=67874.3078
mean B0=81.9094 homogen=58352.4272
mean B0=52.0193 homogen=324145.2238
mean B0=77.3778 homogen=31178.6167
mean B0=67.5784 homogen=5816.334
mean B0=79.8125 homogen=40355.6258
mean B0=84.1812 homogen=70541.753
mean B0=81.615 homogen=50613.2878
mean B0=80.8347 homogen=46908.857
mean B0=86.1698 homogen=90054.3705
mean B0=80.6363 homogen=45265.2222
mean B0=85.816 homogen=81436.5629
mean B0=63.0403 homogen=113427.8965
mean B0=85.1945 homogen=75069.7778
mean B0=70.0015 homogen=118474.2443
mean B0=88.8207 homogen=112025.8144
mean B0=79.5397 homogen=39941.3317
mean B0=82.6649 homogen=57326.5912
mean B0=88.6809 homogen=108359.8242
mean B0=73.1409 homogen=18701.3192
mean B0=72.8811 homogen=17629.1371
mean B0=72.3606 homogen=15484.6227
mean B0=71.3862 homogen=33553.9305
mean B0=61.4372 homogen=114811.4863
mean B0=88.4679 homogen=106274.9088
mean B0=80.1624 homogen=79865.4783
mean B0=89.3052 homogen=115935.6423
mean B0=83.0231 homogen=60491.8193
   538 |    21520 |     40 |  0.000000E+00 |  0.000000E+00 |  0.0026812524 |             f
mean B0=87.1826 homogen=95992.0064
mean B0=73.5021 homogen=22653.9603
mean B0=80.2571 homogen=83648.1657
mean B0=82.3212 homogen=54968.1114
mean B0=87.7276 homogen=98715.8815
mean B0=88.6771 homogen=116024.2977
mean B0=54.9146 homogen=70632.1164
mean B0=80.6124 homogen=45156.4391
mean B0=81.0069 homogen=46628.604
mean B0=58.4237 homogen=184824.9268
mean B0=88.2118 homogen=102378.6212
mean B0=79.2698 homogen=59500.3973
mean B0=84.8893 homogen=71966.3839
mean B0=67.9071 homogen=6140.0789
mean B0=71.9237 homogen=16195.477
mean B0=74.592 homogen=202640.6793
mean B0=67.269 homogen=4869.3242
mean B0=76.5338 homogen=31462.4019
mean B0=75.7949 homogen=30510.7692
mean B0=66.8743 homogen=5062.233
mean B0=88.1155 homogen=104697.1599
mean B0=85.4399 homogen=65100.2876
mean B0=79.995 homogen=39344.7975
mean B0=87.4497 homogen=97097.2241
mean B0=70.6057 homogen=14637.1261
mean B0=80.4944 homogen=45652.2754
mean B0=71.9303 homogen=16415.2465
mean B0=81.6367 homogen=50723.4988
mean B0=87.3325 homogen=101290.5061
mean B0=79.5395 homogen=39938.7138
mean B0=58.474 homogen=29142.3674
mean B0=76.5466 homogen=40082.5335
mean B0=77.7912 homogen=34338.8725
mean B0=89.6809 homogen=122790.3252
mean B0=86.9759 homogen=90778.0429
mean B0=79.1065 homogen=35167.7716
mean B0=76.7322 homogen=28792.2584
mean B0=76.0622 homogen=51726.2083
mean B0=82.1195 homogen=55646.5622
mean B0=82.9677 homogen=49389.7467
   539 |    21560 |     40 |  0.000000E+00 |  0.000000E+00 |  0.0010736241 |             f
mean B0=70.9192 homogen=14963.72
mean B0=78.7398 homogen=35326.3658
mean B0=85.2345 homogen=76271.1563
mean B0=79.5081 homogen=39790.098
mean B0=70.9236 homogen=15744.0267
mean B0=82.9556 homogen=69768.1216
mean B0=81.6514 homogen=78971.364
mean B0=69.4647 homogen=8825.1211
mean B0=77.4664 homogen=33977.1071
mean B0=89.1593 homogen=115765.7477
mean B0=83.2976 homogen=62106.3037
mean B0=73.0515 homogen=21780.4976
mean B0=87.194 homogen=93142.9168
mean B0=83.0479 homogen=60781.4254
mean B0=79.0752 homogen=37956.241
mean B0=69.7685 homogen=9679.2813
mean B0=88.0864 homogen=102306.4404
mean B0=90.8738 homogen=128586.6861
mean B0=79.9903 homogen=94500.711
mean B0=66.9205 homogen=6347.2187
mean B0=84.842 homogen=71611.4032
mean B0=89.2447 homogen=114851.6198
mean B0=73.1433 homogen=33664.156
mean B0=89.4751 homogen=117918.5271
mean B0=73.0092 homogen=27154.0172
mean B0=86.4615 homogen=88088.6968
mean B0=78.3153 homogen=35676.0644
mean B0=77.7916 homogen=34647.1345
mean B0=82.3174 homogen=51583.0694
mean B0=80.7355 homogen=45536.7349
mean B0=86.4727 homogen=76406.9713
mean B0=73.0506 homogen=18556.4106
mean B0=87.9915 homogen=99868.1861
mean B0=85.801 homogen=81302.4605
mean B0=76.7333 homogen=41139.6171
mean B0=67.9071 homogen=6141.0826
mean B0=84.9529 homogen=77512.7569
mean B0=73.2551 homogen=21414.2181
mean B0=77.058 homogen=42328.9557
mean B0=90.3784 homogen=123799.1048
   540 |    21600 |     40 |  0.000000E+00 |  0.000000E+00 |  0.0038010626 |             f
mean B0=71.9273 homogen=16242.4798
mean B0=69.7683 homogen=15069.5317
mean B0=72.1526 homogen=37335.6111
mean B0=86.9759 homogen=90778.0429
mean B0=77.1097 homogen=40173.6521
mean B0=88.861 homogen=112651.5138
mean B0=87.5473 homogen=112650.5121
mean B0=83.698 homogen=63007.5483
mean B0=78.3746 homogen=36896.8179
mean B0=70.3856 homogen=13026.7833
mean B0=83.414 homogen=82989.9631
mean B0=86.5646 homogen=89250.2996
mean B0=71.9237 homogen=16195.477
mean B0=72.377 homogen=23705.0941
mean B0=82.3726 homogen=55280.6695
mean B0=81.7705 homogen=52134.8844
mean B0=88.2118 homogen=102378.6212
mean B0=86.2821 homogen=94107.2085
mean B0=80.9682 homogen=49674.751
mean B0=84.8524 homogen=71646.5895
mean B0=73.0475 homogen=18655.8477
mean B0=76.707 homogen=28967.2585
mean B0=74.642 homogen=36011.3146
mean B0=78.7398 homogen=35326.3658
mean B0=76.8981 homogen=41187.4799
mean B0=82.321 homogen=54965.7759
mean B0=75.4817 homogen=25741.2175
mean B0=85.4601 homogen=77506.8805
mean B0=58.2396 homogen=32688.7759
mean B0=74.8166 homogen=31286.9178
mean B0=75.8254 homogen=51549.359
mean B0=85.8527 homogen=81835.4868
mean B0=69.7685 homogen=9677.1867
mean B0=72.7135 homogen=39632.1389
mean B0=78.3416 homogen=35423.2459
mean B0=81.6738 homogen=92696.4912
mean B0=74.8543 homogen=24985.9442
mean B0=72.0914 homogen=16206.8343
mean B0=85.8797 homogen=81179.2747
mean B0=87.2329 homogen=93452.4238
   541 |    21640 |     40 |  0.000000E+00 |  0.000000E+00 |  0.0009012743 |             f
mean B0=76.4265 homogen=203577.7176
mean B0=72.7358 homogen=20969.7526
mean B0=73.9967 homogen=15784.7535
mean B0=81.0819 homogen=49097.5961
mean B0=73.1408 homogen=18701.3611
mean B0=76.1332 homogen=90722.869
mean B0=90.1398 homogen=127065.5207
mean B0=72.1368 homogen=16412.5094
mean B0=82.3231 homogen=108784.5227
mean B0=83.698 homogen=63007.5934
mean B0=88.7245 homogen=110745.5742
mean B0=88.4475 homogen=108993.3298
mean B0=87.38 homogen=94678.143
mean B0=77.965 homogen=36896.5996
mean B0=79.1449 homogen=38325.9863
mean B0=86.4574 homogen=88082.6075
mean B0=74.1879 homogen=21840.5834
mean B0=77.7587 homogen=53228.5977
mean B0=80.7718 homogen=45234.9504
mean B0=82.3134 homogen=68846.5743
mean B0=71.5789 homogen=13062.7004
mean B0=71.4603 homogen=21672.846
mean B0=78.4907 homogen=34807.3622
mean B0=64.743 homogen=209818.7457
mean B0=67.2597 homogen=4814.3875
mean B0=75.9232 homogen=45398.1318
mean B0=80.6124 homogen=45156.3299
mean B0=79.1904 homogen=36735.9979
mean B0=75.5763 homogen=40884.1498
mean B0=84.8893 homogen=71966.3839
mean B0=86.0159 homogen=82820.8198
mean B0=90.0981 homogen=126419.968
mean B0=67.7663 homogen=5749.8702
mean B0=76.0899 homogen=34340.5886
mean B0=89.2681 homogen=115539.326
mean B0=81.774 homogen=52142.052
mean B0=77.4482 homogen=32442.2465
mean B0=78.9762 homogen=37612.3998
mean B0=89.0754 homogen=113373.3996
mean B0=81.0678 homogen=47935.2965
   542 |    21680 |     40 |  0.000000E+00 |  0.000000E+00 |  0.0028431643 |             f
mean B0=72.0918 homogen=16207.645
mean B0=81.774 homogen=52142.9896
mean B0=89.0975 homogen=114053.1062
mean B0=79.4973 homogen=39721.4603
mean B0=77.7636 homogen=34782.0397
mean B0=85.2682 homogen=75470.8768
mean B0=68.9225 homogen=32701.0093
mean B0=75.0663 homogen=25635.8475
mean B0=78.765 homogen=33946.3206
mean B0=89.8389 homogen=123193.6188
mean B0=89.705 homogen=120861.3398
mean B0=84.7953 homogen=72042.0808
mean B0=72.1368 homogen=16412.5094
mean B0=79.6507 homogen=40207.8321
mean B0=76.9281 homogen=82163.6539
mean B0=86.0063 homogen=82807.2552
mean B0=69.8929 homogen=22989.6615
mean B0=91.4837 homogen=115984.4192
mean B0=82.7862 homogen=58266.6048
mean B0=87.5024 homogen=95999.5479
mean B0=88.2112 homogen=102382.103
mean B0=89.4751 homogen=117921.8398
mean B0=83.6063 homogen=62446.7556
mean B0=88.4794 homogen=109581.8557
mean B0=80.66 homogen=45486.2001
mean B0=70.1847 homogen=11377.3218
mean B0=72.1858 homogen=21608.0716
mean B0=67.0809 homogen=5454.9323
mean B0=72.7825 homogen=18842.6327
mean B0=84.0302 homogen=69962.264
mean B0=81.7927 homogen=52130.6692
mean B0=86.3602 homogen=84223.5296
mean B0=70.9236 homogen=15744.0267
mean B0=81.0323 homogen=81413.5405
mean B0=48.5547 homogen=254755.5235
mean B0=84.8989 homogen=71996.5858
mean B0=66.7164 homogen=19441.5532
mean B0=73.0506 homogen=18556.4106
mean B0=90.0184 homogen=125254.9671
mean B0=85.7595 homogen=80168.8968
   543 |    21720 |     40 |  0.000000E+00 |  0.000000E+00 |  0.0038773662 |             f
mean B0=72.1304 homogen=16233.2524
mean B0=67.4379 homogen=248563.5098
mean B0=73.7629 homogen=21376.036
mean B0=71.0413 homogen=16436.0433
mean B0=86.5407 homogen=88253.8712
mean B0=86.0249 homogen=82959.5005
mean B0=67.9888 homogen=6370.3312
mean B0=84.1882 homogen=70562.032
mean B0=88.2112 homogen=122045.1335
mean B0=88.4333 homogen=108785.5111
mean B0=78.2491 homogen=43882.7008
mean B0=81.6685 homogen=50953.754
mean B0=74.2123 homogen=22719.023
mean B0=80.4059 homogen=44023.1084
mean B0=74.1235 homogen=40695.2173
mean B0=78.7411 homogen=35269.8089
mean B0=81.8705 homogen=52579.4755
mean B0=52.6374 homogen=75941.0941
mean B0=85.1474 homogen=74589.6907
mean B0=75.0663 homogen=25635.8475
mean B0=88.3873 homogen=109526.3749
mean B0=80.6795 homogen=45612.3333
mean B0=83.0296 homogen=60683.4933
mean B0=88.4527 homogen=107183.9055
mean B0=66.8454 homogen=163503.0692
mean B0=80.8006 homogen=48990.1
mean B0=56.5815 homogen=59134.4128
mean B0=77.3706 homogen=31148.1305
mean B0=72.4685 homogen=12973.2368
mean B0=69.4511 homogen=8778.3128
mean B0=70.6349 homogen=12908.8014
mean B0=89.0669 homogen=113621.0424
mean B0=82.6644 homogen=57323.8956
mean B0=89.9107 homogen=123788.7262
mean B0=81.4708 homogen=110710.6395
mean B0=71.727 homogen=40719.2794
mean B0=84.9147 homogen=86642.7482
mean B0=78.6052 homogen=35659.8368
mean B0=73.1572 homogen=17950.7502
mean B0=77.8219 homogen=34499.8694
   544 |    21760 |     40 |  0.000000E+00 |  0.000000E+00 |  0.0049513080 |             f
mean B0=89.09 homogen=113886.9357
mean B0=83.7316 homogen=63143.9548
mean B0=71.3367 homogen=40439.1543
mean B0=79.3922 homogen=41573.2902
mean B0=80.8006 homogen=48990.1
mean B0=89.5711 homogen=122609.1805
mean B0=90.159 homogen=127277.5553
mean B0=85.2682 homogen=75470.8768
mean B0=78.3783 homogen=239236.1658
mean B0=79.4088 homogen=39270.3459
mean B0=79.703 homogen=39724.6786
mean B0=73.4843 homogen=54651.5934
mean B0=82.6884 homogen=57400.5538
mean B0=78.7426 homogen=35261.1426
mean B0=76.3562 homogen=30431.6745
mean B0=70.3973 homogen=12222.6221
mean B0=79.1874 homogen=38475.696
mean B0=70.9236 homogen=15744.0267
mean B0=85.3737 homogen=76659.7431
mean B0=89.1109 homogen=93865.9735
mean B0=89.6809 homogen=120593.2714
mean B0=83.9897 homogen=69813.6646
mean B0=83.8336 homogen=74985.5714
mean B0=77.5561 homogen=47313.6772
mean B0=76.2043 homogen=199882.4656
mean B0=72.7413 homogen=148212.6832
mean B0=85.5902 homogen=79116.9947
mean B0=89.9107 homogen=123788.7262
mean B0=74.1478 homogen=76545.4287
mean B0=89.7499 homogen=117744.6473
mean B0=83.2133 homogen=74621.9452
mean B0=70.3464 homogen=122111.1795
mean B0=75.5235 homogen=21906.6311
mean B0=87.2314 homogen=93440.3891
mean B0=69.9658 homogen=29055.6004
mean B0=83.5611 homogen=60427.9882
mean B0=72.4681 homogen=16632.4307
mean B0=69.4393 homogen=8754.7497
mean B0=71.0578 homogen=50122.3229
mean B0=86.6325 homogen=88812.0191
   545 |    21800 |     40 |  0.000000E+00 |  0.000000E+00 |  0.0021027198 |             f
mean B0=79.703 homogen=39724.6078
mean B0=67.2596 homogen=4813.0227
mean B0=75.2582 homogen=55633.7122
mean B0=83.1654 homogen=115792.7577
mean B0=84.3434 homogen=71774.2484
mean B0=82.7424 homogen=57783.1221
mean B0=68.9851 homogen=8165.9318
mean B0=71.4459 homogen=16359.6079
mean B0=86.5779 homogen=90582.547
mean B0=89.4751 homogen=117918.5271
mean B0=86.3602 homogen=84223.0878
mean B0=85.1863 homogen=80480.2261
mean B0=72.1307 homogen=16232.3328
mean B0=64.3835 homogen=197301.5792
mean B0=74.5131 homogen=42721.9305
mean B0=87.8439 homogen=89258.5762
mean B0=77.8223 homogen=34500.761
mean B0=88.6023 homogen=108416.9003
mean B0=81.9302 homogen=53014.1937
mean B0=85.2137 homogen=75590.7752
mean B0=70.7015 homogen=11516.9524
mean B0=44.4286 homogen=111661.67
mean B0=79.5911 homogen=48110.8941
mean B0=77.0478 homogen=40687.2455
mean B0=87.0742 homogen=91757.756
mean B0=86.2868 homogen=66303.4307
mean B0=73.2797 homogen=21249.5424
mean B0=77.6179 homogen=33174.1919
mean B0=81.9373 homogen=52518.9984
mean B0=85.5902 homogen=79116.9947
mean B0=76.7315 homogen=28793.7384
mean B0=87.8715 homogen=100924.396
mean B0=83.7324 homogen=63152.8963
mean B0=88.4952 homogen=107766.4387
mean B0=83.3649 homogen=124795.7829
mean B0=79.1642 homogen=38393.5812
mean B0=88.2115 homogen=102373.9992
mean B0=73.1572 homogen=17951.5684
mean B0=86.5455 homogen=88282.8476
mean B0=73.8178 homogen=22066.8659
   546 |    21840 |     40 |  0.000000E+00 |  0.000000E+00 |  0.0044566982 |             f
mean B0=72.9343 homogen=35285.7284
mean B0=90.4842 homogen=106268.1208
mean B0=81.9764 homogen=53064.7648
mean B0=80.6562 homogen=51357.7054
mean B0=53.4547 homogen=58787.3929
mean B0=71.5685 homogen=58387.9962
mean B0=69.0089 homogen=16532.6014
mean B0=83.2611 homogen=80357.6655
mean B0=70.7015 homogen=11516.7443
mean B0=82.7383 homogen=60212.3066
mean B0=80.4717 homogen=65547.8589
mean B0=77.4669 homogen=47551.6375
mean B0=87.8315 homogen=107054.7785
mean B0=79.7882 homogen=47011.8043
mean B0=89.8504 homogen=101737.9498
mean B0=71.5048 homogen=22662.0945
mean B0=83.9609 homogen=69539.6937
mean B0=89.4751 homogen=117918.5271
mean B0=79.6643 homogen=39530.7691
mean B0=74.441 homogen=42783.6817
mean B0=72.8906 homogen=24503.8166
mean B0=80.7124 homogen=44873.765
mean B0=87.8912 homogen=103168.4229
mean B0=83.0518 homogen=87383.9741
mean B0=77.6073 homogen=33241.4494
mean B0=80.6671 homogen=45259.2938
mean B0=87.3477 homogen=82213.6473
mean B0=76.7672 homogen=30244.4861
mean B0=72.4681 homogen=16632.238
mean B0=77.8377 homogen=34015.6804
mean B0=75.1628 homogen=51800.4968
mean B0=75.9295 homogen=54919.1427
mean B0=78.745 homogen=35271.4594
mean B0=74.6841 homogen=42637.2042
mean B0=57.1228 homogen=56958.0087
mean B0=70.6414 homogen=27187.6153
mean B0=85.2438 homogen=75868.2563
mean B0=90.159 homogen=127277.5553
mean B0=80.4437 homogen=44213.626
mean B0=81.3817 homogen=114608.8233
   547 |    21880 |     40 |  0.000000E+00 |  0.000000E+00 |  0.0011725073 |             f
mean B0=83.4968 homogen=61619.6424
mean B0=72.3947 homogen=25360.1187
mean B0=83.6948 homogen=63018.7287
mean B0=73.101 homogen=19277.4121
mean B0=76.4827 homogen=29281.8894
mean B0=86.0303 homogen=83032.0917
mean B0=88.8229 homogen=111232.3098
mean B0=80.8006 homogen=48990.1
mean B0=81.089 homogen=72964.4483
mean B0=83.6415 homogen=62664.6888
mean B0=87.2313 homogen=93433.3635
mean B0=78.7163 homogen=90169.6227
mean B0=66.9259 homogen=6272.6085
mean B0=80.8056 homogen=45399.447
mean B0=81.8257 homogen=52559.7516
mean B0=81.5722 homogen=90416.2212
mean B0=76.8615 homogen=40284.3417
mean B0=81.9373 homogen=52518.9984
mean B0=69.5335 homogen=8999.9924
mean B0=78.7018 homogen=38291.2241
mean B0=89.2594 homogen=91763.6198
mean B0=85.851 homogen=87833.4674
mean B0=90.2006 homogen=127327.9485
mean B0=71.3433 homogen=15580.1162
mean B0=79.9161 homogen=40855.8826
mean B0=80.3998 homogen=43994.2592
mean B0=87.6896 homogen=83280.0937
mean B0=70.9236 homogen=15744.0267
mean B0=74.4797 homogen=41336.782
mean B0=83.7206 homogen=70332.5195
mean B0=79.7055 homogen=39734.6208
mean B0=74.8209 homogen=42198.2938
mean B0=83.3685 homogen=58339.1417
mean B0=73.2001 homogen=20096.3792
mean B0=68.0653 homogen=6495.0033
mean B0=80.6803 homogen=45863.3851
mean B0=86.2343 homogen=87627.9682
mean B0=73.2797 homogen=21249.5424
mean B0=77.4093 homogen=34045.4585
mean B0=80.003 homogen=98780.5279
   548 |    21920 |     40 |  0.000000E+00 |  0.000000E+00 |  0.0037260439 |             f
mean B0=72.1303 homogen=16236.4338
mean B0=83.5074 homogen=61634.1183
mean B0=77.3713 homogen=34262.0468
mean B0=87.609 homogen=91175.3002
mean B0=76.7322 homogen=28792.2584
mean B0=87.0545 homogen=80483.6807
mean B0=89.4969 homogen=118204.5816
mean B0=68.2445 homogen=7050.3979
mean B0=88.8221 homogen=111229.5316
mean B0=87.7914 homogen=99930.0569
mean B0=71.3643 homogen=18344.1674
mean B0=81.9764 homogen=53064.7648
mean B0=88.9774 homogen=106223.2512
mean B0=80.7682 homogen=45353.8564
mean B0=79.7901 homogen=40687.7148
mean B0=67.3385 homogen=4979.7971
mean B0=86.0403 homogen=83120.4983
mean B0=65.5328 homogen=20699.7473
mean B0=85.9511 homogen=84568.6742
mean B0=79.3778 homogen=40531.621
mean B0=80.8057 homogen=45399.3379
mean B0=84.6701 homogen=74389.3596
mean B0=76.8395 homogen=54391.9715
mean B0=68.6515 homogen=8733.0848
mean B0=83.7325 homogen=63152.8063
mean B0=87.7418 homogen=98726.9758
mean B0=90.1402 homogen=126994.245
mean B0=72.9039 homogen=20438.6913
mean B0=75.0662 homogen=25639.4607
mean B0=88.6353 homogen=110705.6017
mean B0=72.5351 homogen=21100.6426
mean B0=84.3434 homogen=71774.2484
mean B0=77.1321 homogen=32787.5332
mean B0=88.4043 homogen=105390.3414
mean B0=80.895 homogen=45827.6174
mean B0=69.5388 homogen=9009.8438
mean B0=67.2465 homogen=4884.5543
mean B0=72.4736 homogen=16653.6531
mean B0=54.2514 homogen=47898.9325
mean B0=75.4333 homogen=25886.3404
   549 |    21960 |     40 |  0.000000E+00 |  0.000000E+00 |  0.0023529317 |             f
mean B0=82.7851 homogen=58963.9072
mean B0=86.0573 homogen=83003.5666
mean B0=78.5082 homogen=115843.3153
mean B0=87.2678 homogen=93633.3631
mean B0=80.9541 homogen=43733.051
mean B0=90.2002 homogen=127328.2202
mean B0=71.5446 homogen=17566.7946
mean B0=87.5714 homogen=99658.7114
mean B0=79.7783 homogen=91721.6819
mean B0=80.9331 homogen=46015.0092
mean B0=81.9373 homogen=52518.9984
mean B0=76.7959 homogen=29959.1878
mean B0=81.7971 homogen=66170.8991
mean B0=67.1452 homogen=20123.0132
mean B0=84.5881 homogen=114048.8455
mean B0=71.3916 homogen=39747.8252
mean B0=76.7322 homogen=28792.2584
mean B0=84.4719 homogen=78524.4437
mean B0=70.4389 homogen=12075.0066
mean B0=76.3458 homogen=30189.1395
mean B0=91.0826 homogen=120677.1167
mean B0=84.2918 homogen=59664.4616
mean B0=76.9266 homogen=46665.3299
mean B0=81.0492 homogen=46792.4247
mean B0=76.2986 homogen=90281.5957
mean B0=78.7454 homogen=35275.9553
mean B0=75.2461 homogen=32984.0183
mean B0=83.8467 homogen=64013.7977
mean B0=77.162 homogen=41737.2029
mean B0=70.1528 homogen=11233.2692
mean B0=57.3956 homogen=44076.6764
mean B0=83.4315 homogen=71127.7844
mean B0=70.2215 homogen=13641.9695
mean B0=87.8708 homogen=103145.6014
mean B0=77.618 homogen=33173.816
mean B0=77.2143 homogen=43141.4654
mean B0=82.6644 homogen=57323.8956
mean B0=78.8236 homogen=35219.7526
mean B0=73.0915 homogen=20452.5925
mean B0=72.9352 homogen=25376.57
   550 |    22000 |     40 |  0.000000E+00 |  0.000000E+00 |  0.0030113439 |             f
mean B0=69.952 homogen=21115.2728
mean B0=90.2003 homogen=127332.6048
mean B0=86.1957 homogen=97415.8402
mean B0=84.6707 homogen=74385.744
mean B0=71.0557 homogen=14201.721
mean B0=60.6521 homogen=255153.8404
mean B0=89.4969 homogen=118204.5816
mean B0=86.7779 homogen=88632.1329
mean B0=84.331 homogen=59981.7915
mean B0=81.7233 homogen=51407.2442
mean B0=81.6295 homogen=40999.0659
mean B0=73.43 homogen=40921.4327
mean B0=68.249 homogen=7689.8025
mean B0=80.3103 homogen=43429.9279
mean B0=80.0881 homogen=41693.7828
mean B0=79.1561 homogen=40290.8966
mean B0=72.1065 homogen=16155.9512
mean B0=74.3006 homogen=40531.5949
mean B0=70.4426 homogen=12402.0248
mean B0=70.0862 homogen=16142.3023
mean B0=82.1374 homogen=55394.0619
mean B0=83.8472 homogen=64012.9681
mean B0=81.5944 homogen=39745.8993
mean B0=81.9373 homogen=52518.9984
mean B0=88.6731 homogen=108417.0476
mean B0=87.7276 homogen=98715.8815
mean B0=73.8178 homogen=22066.8659
mean B0=79.9423 homogen=40949.7911
mean B0=88.7595 homogen=110817.5107
mean B0=83.6302 homogen=79483.0694
mean B0=83.0458 homogen=60814.573
mean B0=73.4728 homogen=26495.1478
mean B0=69.1626 homogen=8536.8288
mean B0=78.5266 homogen=49308.9256
mean B0=86.1821 homogen=82642.983
mean B0=77.8045 homogen=45842.1065
mean B0=75.0944 homogen=25747.936
mean B0=70.2316 homogen=25207.6744
mean B0=86.3579 homogen=84279.3189
mean B0=79.7555 homogen=40249.5554
   551 |    22040 |     40 |  0.000000E+00 |  0.000000E+00 |  0.0024794698 |             f
mean B0=89.8143 homogen=124804.0921
mean B0=83.6833 homogen=62919.4073
mean B0=67.2596 homogen=4813.0227
mean B0=86.8108 homogen=89181.6821
mean B0=80.9517 homogen=46415.3474
mean B0=80.1958 homogen=39504.5821
mean B0=68.2914 homogen=7309.8728
mean B0=80.0509 homogen=41507.9361
mean B0=74.2703 homogen=22331.7485
mean B0=85.3716 homogen=76403.1945
mean B0=48.6352 homogen=241704.0245
mean B0=81.9602 homogen=58772.5282
mean B0=72.9074 homogen=20219.1364
mean B0=57.3955 homogen=44074.4504
mean B0=89.5329 homogen=118686.2639
mean B0=87.4554 homogen=95658.9815
mean B0=88.7804 homogen=110653.4495
mean B0=83.4259 homogen=61214.0477
mean B0=69.2608 homogen=8433.8057
mean B0=64.0726 homogen=195860.4139
mean B0=48.2831 homogen=116786.0911
mean B0=71.177 homogen=15420.9871
mean B0=83.8472 homogen=64012.9681
mean B0=84.6308 homogen=74238.2689
mean B0=87.1514 homogen=92430.6011
mean B0=90.1408 homogen=127001.9142
mean B0=67.0408 homogen=5868.627
mean B0=57.7983 homogen=43406.7727
mean B0=72.8658 homogen=19413.7895
mean B0=67.4916 homogen=243520.6112
mean B0=79.6693 homogen=43276.7485
mean B0=77.1739 homogen=42367.6964
mean B0=73.2418 homogen=20009.7059
mean B0=73.101 homogen=19277.3429
mean B0=78.4184 homogen=36037.6273
mean B0=86.6339 homogen=86947.4561
mean B0=87.1225 homogen=92145.6657
mean B0=87.6476 homogen=89304.3757
mean B0=70.0422 homogen=11260.1499
mean B0=72.2315 homogen=17919.7886
   552 |    22080 |     40 |  0.000000E+00 |  0.000000E+00 |  0.0047732868 |             f
mean B0=78.8251 homogen=35225.2517
mean B0=82.8731 homogen=74257.9359
mean B0=73.2593 homogen=19629.3489
mean B0=83.8882 homogen=64910.1041
mean B0=81.7608 homogen=55628.3083
mean B0=71.7286 homogen=48518.3749
mean B0=56.2971 homogen=59595.1717
mean B0=73.5506 homogen=41524.8805
mean B0=78.8233 homogen=35221.1999
mean B0=86.1521 homogen=82563.9314
mean B0=87.3246 homogen=94293.58
mean B0=75.8578 homogen=31221.5474
mean B0=70.1622 homogen=11281.7321
mean B0=81.0229 homogen=47293.3376
mean B0=61.9795 homogen=208693.6594
mean B0=76.2423 homogen=30420.7671
mean B0=85.3758 homogen=78066.5543
mean B0=88.8156 homogen=111567.4587
mean B0=81.8 homogen=51654.8741
mean B0=87.7276 homogen=98715.8815
mean B0=87.3713 homogen=110639.7556
mean B0=76.9164 homogen=38919.0921
mean B0=72.4317 homogen=19584.2553
mean B0=68.163 homogen=6727.1821
mean B0=75.994 homogen=26769.5308
mean B0=78.9101 homogen=39543.5939
mean B0=87.731 homogen=98753.036
mean B0=75.5748 homogen=58021.5477
mean B0=88.8221 homogen=111234.1178
mean B0=89.5657 homogen=118728.3856
mean B0=81.0771 homogen=47109.4172
mean B0=69.0018 homogen=8141.0863
mean B0=69.2523 homogen=8411.4377
mean B0=80.1917 homogen=92815.0709
mean B0=77.015 homogen=32416.7668
mean B0=88.8413 homogen=110389.5393
mean B0=76.3062 homogen=30480.1835
mean B0=81.9381 homogen=53051.6745
mean B0=79.9831 homogen=41254.3949
mean B0=79.0745 homogen=247300.8167
   553 |    22120 |     40 |  0.000000E+00 |  0.000000E+00 |  0.0022711882 |             f
mean B0=83.1034 homogen=61269.4068
mean B0=80.4499 homogen=44002.6388
mean B0=88.5265 homogen=93137.009
mean B0=78.382 homogen=58711.7071
mean B0=89.322 homogen=117844.149
mean B0=78.6024 homogen=79248.4086
mean B0=73.7972 homogen=114286.7364
mean B0=67.2596 homogen=4813.0227
mean B0=54.1137 homogen=209148.3532
mean B0=69.5991 homogen=11852.286
mean B0=88.1029 homogen=130720.6509
mean B0=73.1277 homogen=19130.2412
mean B0=77.2387 homogen=36110.4453
mean B0=82.134 homogen=55381.2832
mean B0=85.3758 homogen=78066.5543
mean B0=81.2455 homogen=44973.1606
mean B0=80.8439 homogen=51884.6208
mean B0=73.6847 homogen=42031.1735
mean B0=76.4839 homogen=42690.8643
mean B0=70.3612 homogen=11970.9518
mean B0=85.7125 homogen=79712.343
mean B0=79.3066 homogen=37736.6307
mean B0=80.7181 homogen=45104.9336
mean B0=86.3906 homogen=92422.6754
mean B0=85.8652 homogen=81179.7866
mean B0=75.4076 homogen=40632.831
mean B0=73.4997 homogen=42920.1338
mean B0=86.1521 homogen=82563.9314
mean B0=79.3672 homogen=35285.2573
mean B0=71.3505 homogen=17504.2122
mean B0=86.6343 homogen=86953.3356
mean B0=79.0774 homogen=41563.4445
mean B0=81.4885 homogen=53200.7437
mean B0=75.4366 homogen=25901.8402
mean B0=81.7244 homogen=51415.1953
mean B0=78.1952 homogen=37361.7901
mean B0=79.6556 homogen=39839.1953
mean B0=72.7147 homogen=13595.9986
mean B0=81.562 homogen=103688.9455
mean B0=89.9612 homogen=118259.3473
   554 |    22160 |     40 |  0.000000E+00 |  0.000000E+00 |  0.0034197745 |             f
mean B0=72.5577 homogen=19411.5424
mean B0=79.8984 homogen=40809.4421
mean B0=85.3634 homogen=76397.5192
mean B0=73.7647 homogen=72173.9083
mean B0=83.0588 homogen=60885.2651
mean B0=86.6343 homogen=86953.3356
mean B0=68.9344 homogen=129034.3461
mean B0=82.1341 homogen=55380.2501
mean B0=85.5821 homogen=88982.6129
mean B0=85.8597 homogen=89893.205
mean B0=59.3484 homogen=26670.6906
mean B0=75.6086 homogen=29352.6261
mean B0=73.8719 homogen=22914.3302
mean B0=79.3608 homogen=43467.6383
mean B0=83.1034 homogen=61269.4068
mean B0=77.6669 homogen=33418.1625
mean B0=77.1314 homogen=28705.841
mean B0=89.5657 homogen=118728.3856
mean B0=78.3149 homogen=81457.6632
mean B0=72.1307 homogen=16232.3328
mean B0=79.4193 homogen=38687.4896
mean B0=80.5969 homogen=44679.1085
mean B0=85.2917 homogen=63581.4527
mean B0=72.0837 homogen=35245.9782
mean B0=89.2539 homogen=117105.7845
mean B0=67.2596 homogen=4813.0227
mean B0=76.5853 homogen=39209.5726
mean B0=82.1373 homogen=55393.7461
mean B0=73.3077 homogen=32037.2023
mean B0=76.3189 homogen=30705.5394
mean B0=84.3434 homogen=71772.4223
mean B0=71.2581 homogen=15204.6638
mean B0=82.3663 homogen=52088.1137
mean B0=72.3951 homogen=15645.1414
mean B0=75.4366 homogen=25901.8402
mean B0=74.83 homogen=25099.5742
mean B0=83.8472 homogen=64012.9681
mean B0=88.4129 homogen=86345.6761
mean B0=77.6655 homogen=35369.6087
mean B0=89.8145 homogen=124803.7363
   555 |    22200 |     40 |  0.000000E+00 |  0.000000E+00 |  0.0018501084 |             f
mean B0=85.5984 homogen=84210.1687
mean B0=81.5922 homogen=53939.9683
mean B0=77.2561 homogen=30483.8687
mean B0=72.4895 homogen=22722.3206
mean B0=88.0824 homogen=102237.2094
mean B0=67.2599 homogen=4818.2996
mean B0=84.0411 homogen=68992.5171
mean B0=87.6915 homogen=98306.5218
mean B0=88.4045 homogen=105392.394
mean B0=89.1293 homogen=115604.0044
mean B0=79.0904 homogen=36774.4499
mean B0=85.9886 homogen=124143.0502
mean B0=74.4854 homogen=44198.7648
mean B0=70.6765 homogen=12291.8894
mean B0=82.0465 homogen=54864.7798
mean B0=80.5243 homogen=38850.6665
mean B0=78.7651 homogen=35175.401
mean B0=71.4659 homogen=10679.184
mean B0=71.869 homogen=32370.6397
mean B0=84.3879 homogen=72184.8515
mean B0=73.2459 homogen=21859.5595
mean B0=75.3809 homogen=26365.4084
mean B0=44.0356 homogen=113412.9028
mean B0=72.9675 homogen=16266.9095
mean B0=83.644 homogen=62624.9763
mean B0=80.597 homogen=44678.8328
mean B0=61.7477 homogen=231102.071
mean B0=89.5725 homogen=118806.1317
mean B0=88.8411 homogen=110390.3748
mean B0=67.3297 homogen=5285.1065
mean B0=87.5614 homogen=95827.3251
mean B0=78.761 homogen=35532.5487
mean B0=77.8505 homogen=37354.7586
mean B0=71.1052 homogen=23032.5691
mean B0=86.7272 homogen=87695.472
mean B0=81.7138 homogen=51339.0337
mean B0=75.5599 homogen=61228.2978
mean B0=74.2005 homogen=22443.4559
mean B0=79.6982 homogen=42046.5187
mean B0=90.1612 homogen=126745.2108
   556 |    22240 |     40 |  0.000000E+00 |  0.000000E+00 |  0.0061914403 |             f
mean B0=76.693 homogen=28671.6943
mean B0=67.3743 homogen=83591.8836
mean B0=82.8543 homogen=59894.9973
mean B0=90.0186 homogen=124938.6446
mean B0=78.2606 homogen=34352.8237
mean B0=81.117 homogen=47351.3207
mean B0=79.3063 homogen=37736.486
mean B0=67.2596 homogen=4813.0227
mean B0=89.0028 homogen=114560.0046
mean B0=79.4236 homogen=36271.0071
mean B0=76.0654 homogen=40356.9553
mean B0=73.4339 homogen=27713.1697
mean B0=89.1611 homogen=115946.6864
mean B0=70.7015 homogen=11516.7443
mean B0=67.6071 homogen=251155.8704
mean B0=46.9345 homogen=223300.8736
mean B0=67.2742 homogen=5115.7877
mean B0=71.5125 homogen=25533.6818
mean B0=87.3246 homogen=94293.6067
mean B0=84.0413 homogen=68994.3364
mean B0=71.2897 homogen=15210.3793
mean B0=72.5167 homogen=19257.8924
mean B0=83.7306 homogen=63127.4432
mean B0=73.2108 homogen=20092.841
mean B0=82.8062 homogen=61773.1618
mean B0=85.3318 homogen=76102.3016
mean B0=72.1305 homogen=16233.5146
mean B0=85.3634 homogen=76397.5192
mean B0=81.2681 homogen=48787.2794
mean B0=68.8927 homogen=30514.4623
mean B0=78.479 homogen=90349.265
mean B0=86.7279 homogen=87696.1767
mean B0=82.6432 homogen=51634.9139
mean B0=69.2608 homogen=8433.8057
mean B0=87.893 homogen=99617.9867
mean B0=79.5482 homogen=41487.1696
mean B0=78.6428 homogen=34903.9982
mean B0=70.7097 homogen=23509.533
mean B0=88.8413 homogen=110389.5393
mean B0=84.3877 homogen=72187.0459
   557 |    22280 |     40 |  0.000000E+00 |  0.000000E+00 |  0.0022494775 |             f
mean B0=77.8054 homogen=32410.1742
mean B0=84.9853 homogen=73035.4584
mean B0=69.9464 homogen=11440.6048
mean B0=47.4183 homogen=114551.8493
mean B0=67.2316 homogen=5419.1644
mean B0=78.2831 homogen=34460.3001
mean B0=89.1658 homogen=115971.6667
mean B0=82.7976 homogen=83829.7726
mean B0=81.2681 homogen=48787.7228
mean B0=83.6104 homogen=65333.7081
mean B0=73.3796 homogen=20441.7817
mean B0=75.5634 homogen=26622.3146
mean B0=84.388 homogen=72186.0131
mean B0=76.7645 homogen=28892.7798
mean B0=86.1336 homogen=77386.4722
mean B0=85.3675 homogen=76425.2904
mean B0=74.9837 homogen=42030.4308
mean B0=68.0199 homogen=6412.8121
mean B0=87.893 homogen=99617.9867
mean B0=74.2703 homogen=22331.7485
mean B0=70.603 homogen=24432.3926
mean B0=89.1799 homogen=114602.2261
mean B0=88.9651 homogen=113568.4664
mean B0=77.0054 homogen=42147.5077
mean B0=74.8632 homogen=25034.4779
mean B0=87.3 homogen=94263.6116
mean B0=78.9978 homogen=248184.477
mean B0=85.3574 homogen=76382.2528
mean B0=89.8145 homogen=124801.1939
mean B0=70.7623 homogen=12921.9718
mean B0=77.474 homogen=32448.9647
mean B0=70.4413 homogen=12077.6408
mean B0=80.5962 homogen=44675.8489
mean B0=86.2568 homogen=83963.2956
mean B0=82.144 homogen=55363.1315
mean B0=73.5618 homogen=41430.5564
mean B0=77.467 homogen=70577.1003
mean B0=77.3143 homogen=30709.5606
mean B0=90.2004 homogen=127330.9965
mean B0=75.4366 homogen=25901.8402
   558 |    22320 |     40 |  0.000000E+00 |  0.000000E+00 |  0.0034553271 |             f
mean B0=81.7167 homogen=51359.8664
mean B0=78.5807 homogen=40431.7389
mean B0=81.1275 homogen=47164.9164
mean B0=80.4906 homogen=44188.9449
mean B0=78.9241 homogen=36465.2951
mean B0=77.8054 homogen=32410.3801
mean B0=80.5687 homogen=44726.7947
mean B0=76.1136 homogen=29366.4341
mean B0=45.4173 homogen=103623.9533
mean B0=88.8852 homogen=110800.1497
mean B0=84.9863 homogen=73043.2032
mean B0=88.4199 homogen=105312.9113
mean B0=69.6021 homogen=7618.3183
mean B0=88.0803 homogen=102239.2421
mean B0=68.0198 homogen=6364.5106
mean B0=77.0498 homogen=41854.0201
mean B0=73.1289 homogen=19332.3852
mean B0=85.7596 homogen=81423.9114
mean B0=87.602 homogen=95957.4787
mean B0=85.4804 homogen=87412.6638
mean B0=72.1274 homogen=16222.1213
mean B0=81.4373 homogen=46311.7128
mean B0=84.1739 homogen=86751.8855
mean B0=83.9945 homogen=65739.006
mean B0=74.1719 homogen=22199.8187
mean B0=67.2596 homogen=4813.3865
mean B0=65.7841 homogen=121190.3145
mean B0=82.203 homogen=56499.8365
mean B0=73.2428 homogen=21513.065
mean B0=87.6204 homogen=98047.768
mean B0=65.8052 homogen=192068.4036
mean B0=82.2197 homogen=48911.0994
mean B0=69.2606 homogen=8431.0217
mean B0=86.7297 homogen=87702.6696
mean B0=84.4291 homogen=72579.3994
mean B0=79.9739 homogen=112387.5219
mean B0=65.5547 homogen=222550.9377
mean B0=89.3974 homogen=117026.8804
mean B0=86.0584 homogen=82484.211
mean B0=74.1541 homogen=42721.8565
   559 |    22360 |     40 |  0.000000E+00 |  0.000000E+00 |  0.0043422648 |             f
mean B0=77.4123 homogen=40975.3914
mean B0=78.2786 homogen=34467.8869
mean B0=75.4276 homogen=35376.1016
mean B0=82.9815 homogen=60813.1502
mean B0=70.7555 homogen=13931.1568
mean B0=89.1728 homogen=114532.094
mean B0=79.6592 homogen=41849.991
mean B0=73.9583 homogen=43594.0837
mean B0=67.2784 homogen=4861.6216
mean B0=89.079 homogen=105933.3164
mean B0=89.8906 homogen=125660.1361
mean B0=70.7623 homogen=12921.9718
mean B0=87.8212 homogen=99258.2334
mean B0=77.7139 homogen=43941.0004
mean B0=83.8914 homogen=64936.2095
mean B0=89.9469 homogen=127778.1175
mean B0=70.6828 homogen=13607.0328
mean B0=81.0085 homogen=52246.3143
mean B0=78.9169 homogen=38316.5108
mean B0=80.8028 homogen=45906.3358
mean B0=47.2413 homogen=191275.9827
mean B0=78.9289 homogen=36490.8692
mean B0=72.3927 homogen=21267.3628
mean B0=85.3749 homogen=76425.5912
mean B0=74.876 homogen=23617.0294
mean B0=89.4066 homogen=117112.6801
mean B0=74.051 homogen=29219.9
mean B0=79.5457 homogen=71284.6704
mean B0=72.1097 homogen=16435.416
mean B0=73.3615 homogen=22354.4901
mean B0=82.6801 homogen=58321.1702
mean B0=67.2596 homogen=4813.0227
mean B0=87.5614 homogen=97129.8168
mean B0=79.1303 homogen=42862.487
mean B0=83.9939 homogen=65742.2551
mean B0=73.222 homogen=19580.6136
mean B0=80.8741 homogen=51796.1108
mean B0=71.5993 homogen=47166.9376
mean B0=52.9593 homogen=72079.4928
mean B0=87.2023 homogen=92621.3145
   560 |    22400 |     40 |  0.000000E+00 |  0.000000E+00 |  0.0021826928 |             f
mean B0=85.7354 homogen=109087.2183
mean B0=73.1573 homogen=19440.9888
mean B0=78.8388 homogen=36127.8062
mean B0=83.9945 homogen=65739.006
mean B0=79.4972 homogen=42808.5294
mean B0=70.4854 homogen=37749.6565
mean B0=70.9489 homogen=12739.246
mean B0=79.9026 homogen=40973.9166
mean B0=78.2007 homogen=34937.641
mean B0=84.7094 homogen=75700.7887
mean B0=81.2681 homogen=48787.2794
mean B0=86.8916 homogen=88982.3123
mean B0=79.1193 homogen=60348.7663
mean B0=76.7861 homogen=43025.3121
mean B0=84.3353 homogen=71749.6573
mean B0=83.5894 homogen=62234.3769
mean B0=87.6038 homogen=94035.7891
mean B0=85.6921 homogen=81337.6139
mean B0=87.3574 homogen=86773.6886
mean B0=80.3252 homogen=43280.6621
mean B0=69.8805 homogen=11559.0313
mean B0=82.645 homogen=58087.4219
mean B0=87.6534 homogen=98006.2796
mean B0=74.1719 homogen=22199.8187
mean B0=66.6908 homogen=257832.5237
mean B0=84.8789 homogen=73000.0662
mean B0=87.8888 homogen=119764.9863
mean B0=64.3707 homogen=215141.665
mean B0=76.7941 homogen=31577.559
mean B0=67.2596 homogen=4821.0684
mean B0=81.9978 homogen=54871.1357
mean B0=84.3045 homogen=77656.0211
mean B0=72.1389 homogen=24041.3968
mean B0=88.1353 homogen=102873.5411
mean B0=80.3031 homogen=45011.3059
mean B0=72.1307 homogen=16232.3328
mean B0=70.0108 homogen=30127.6916
mean B0=73.3591 homogen=43775.066
mean B0=85.5376 homogen=77942.2032
mean B0=88.0811 homogen=102229.488
   561 |    22440 |     40 |  0.000000E+00 |  0.000000E+00 |  0.0048024492 |             f
mean B0=89.1729 homogen=114531.6689
mean B0=86.1373 homogen=101123.1623
mean B0=76.8046 homogen=31633.1075
mean B0=76.3382 homogen=58826.5975
mean B0=80.8471 homogen=46172.7031
mean B0=73.1223 homogen=19322.6066
mean B0=90.1998 homogen=127334.3377
mean B0=71.2581 homogen=15204.6638
mean B0=66.3866 homogen=6982.4271
mean B0=78.9549 homogen=36579.3609
mean B0=68.9484 homogen=24761.6398
mean B0=79.6837 homogen=39612.6114
mean B0=85.494 homogen=77042.0208
mean B0=77.17 homogen=95188.4385
mean B0=84.0639 homogen=58594.5919
mean B0=77.816 homogen=88594.3737
mean B0=85.3613 homogen=76300.7704
mean B0=78.2831 homogen=34460.3001
mean B0=76.6966 homogen=28657.8644
mean B0=80.4065 homogen=101600.2025
mean B0=88.0811 homogen=102232.4937
mean B0=81.3185 homogen=49160.3531
mean B0=74.4706 homogen=21879.932
mean B0=76.9729 homogen=42128.2463
mean B0=46.7021 homogen=164368.8124
mean B0=86.715 homogen=70136.7335
mean B0=77.8051 homogen=32407.65
mean B0=85.7596 homogen=81423.9114
mean B0=74.8709 homogen=23629.6709
mean B0=81.2451 homogen=48623.8846
mean B0=71.2322 homogen=20789.4203
mean B0=82.4136 homogen=57472.694
mean B0=86.7099 homogen=99954.3745
mean B0=54.2975 homogen=360041.6589
mean B0=82.519 homogen=58227.2458
mean B0=76.124 homogen=31627.0002
mean B0=82.5104 homogen=61046.1487
mean B0=89.8145 homogen=124801.1939
mean B0=89.402 homogen=117146.7283
mean B0=74.892 homogen=42686.7114
   562 |    22480 |     40 |  0.000000E+00 |  0.000000E+00 |  0.0012353313 |             f
mean B0=75.6823 homogen=26297.9914
mean B0=82.2507 homogen=65376.409
mean B0=85.7596 homogen=81423.9114
mean B0=80.5102 homogen=44215.3524
mean B0=69.2179 homogen=8633.8675
mean B0=67.2596 homogen=4813.0227
mean B0=70.2705 homogen=11737.8496
mean B0=86.1147 homogen=82668.1241
mean B0=85.5331 homogen=105899.9637
mean B0=85.1622 homogen=74052.8994
mean B0=90.1999 homogen=127328.7059
mean B0=78.4022 homogen=36153.6302
mean B0=74.5506 homogen=24282.5246
mean B0=74.3658 homogen=27532.1588
mean B0=84.3513 homogen=71784.6117
mean B0=71.6367 homogen=135668.9614
mean B0=78.3679 homogen=34675.9178
mean B0=88.5813 homogen=94795.5872
mean B0=52.8962 homogen=60233.2225
mean B0=71.4762 homogen=18466.4409
mean B0=71.1025 homogen=37333.6609
mean B0=87.2994 homogen=94258.4593
mean B0=81.3185 homogen=49160.3531
mean B0=79.8609 homogen=88929.6188
mean B0=67.3017 homogen=5214.6752
mean B0=73.1223 homogen=19322.6066
mean B0=87.9734 homogen=100766.8031
mean B0=82.174 homogen=55930.3072
mean B0=71.1745 homogen=14923.1984
mean B0=87.1986 homogen=92596.0355
mean B0=86.7302 homogen=87699.7085
mean B0=72.5848 homogen=22274.8139
mean B0=85.2253 homogen=75993.1708
mean B0=79.1354 homogen=36144.9644
mean B0=83.5931 homogen=62255.8329
mean B0=82.1301 homogen=95220.5239
mean B0=80.1679 homogen=47840.1809
mean B0=85.7105 homogen=79018.85
mean B0=88.4859 homogen=108105.0149
mean B0=78.2786 homogen=34455.7406
   563 |    22520 |     40 |  0.000000E+00 |  0.000000E+00 |  0.0045948532 |             f
mean B0=86.1147 homogen=82668.1241
mean B0=84.5158 homogen=68696.1544
mean B0=67.1204 homogen=4891.3809
mean B0=76.8182 homogen=38246.1442
mean B0=90.072 homogen=117718.8859
mean B0=83.4801 homogen=63123.5155
mean B0=77.3004 homogen=40727.2204
mean B0=80.4953 homogen=38327.3759
mean B0=81.5453 homogen=53042.867
mean B0=76.6786 homogen=40693.2573
mean B0=79.8954 homogen=41479.8535
mean B0=81.634 homogen=51087.843
mean B0=86.8935 homogen=88998.4205
mean B0=88.0065 homogen=101118.9592
mean B0=79.4881 homogen=38583.7653
mean B0=75.6823 homogen=26297.9914
mean B0=69.2606 homogen=8431.7282
mean B0=71.2581 homogen=15204.6638
mean B0=86.1384 homogen=85014.9722
mean B0=78.9549 homogen=36579.3609
mean B0=74.9818 homogen=180872.2039
mean B0=70.25 homogen=13922.1503
mean B0=83.1916 homogen=61861.9696
mean B0=84.4259 homogen=100977.6915
mean B0=61.0449 homogen=117569.7911
mean B0=69.41 homogen=17027.0137
mean B0=79.8898 homogen=45078.4631
mean B0=89.8145 homogen=124804.7836
mean B0=72.3814 homogen=16322.2199
mean B0=82.0797 homogen=55470.7035
mean B0=79.1631 homogen=48615.3675
mean B0=86.5227 homogen=85796.7636
mean B0=90.1971 homogen=127282.3902
mean B0=78.8164 homogen=242772.0298
mean B0=82.2089 homogen=83565.5709
mean B0=78.2786 homogen=34455.7406
mean B0=70.1527 homogen=11234.4722
mean B0=89.1729 homogen=114531.6689
mean B0=62.9596 homogen=175392.1486
mean B0=81.9795 homogen=50025.5594
   564 |    22560 |     40 |  0.000000E+00 |  0.000000E+00 |  0.0016383509 |             f
mean B0=73.1316 homogen=24061.5734
mean B0=71.1081 homogen=10626.5488
mean B0=73.3063 homogen=179661.0483
mean B0=77.793 homogen=68363.8297
mean B0=88.5182 homogen=108600.4954
mean B0=83.8589 homogen=64637.4564
mean B0=77.2387 homogen=33171.6375
mean B0=81.0193 homogen=118922.7599
mean B0=81.9843 homogen=68963.6425
mean B0=70.2705 homogen=11737.8496
mean B0=72.8563 homogen=38607.8152
mean B0=81.6628 homogen=51261.295
mean B0=78.2786 homogen=34455.7406
mean B0=88.35 homogen=104759.6998
mean B0=78.0959 homogen=35385.5915
mean B0=77.1282 homogen=30098.5474
mean B0=81.5697 homogen=51294.5673
mean B0=69.8088 homogen=9963.8737
mean B0=85.0703 homogen=73566.8663
mean B0=70.7571 homogen=11456.1717
mean B0=50.5474 homogen=96319.3292
mean B0=84.6174 homogen=95408.7812
mean B0=85.4132 homogen=76543.0903
mean B0=76.0758 homogen=39712.6925
mean B0=81.9518 homogen=54721.9048
mean B0=91.0361 homogen=117684.595
mean B0=80.51 homogen=44206.4147
mean B0=72.2919 homogen=34251.352
mean B0=70.5267 homogen=12904.015
mean B0=84.3353 homogen=71749.6573
mean B0=78.4592 homogen=45425.6499
mean B0=90.1692 homogen=126979.1016
mean B0=76.8046 homogen=31633.1075
mean B0=87.9475 homogen=100957.2964
mean B0=79.3994 homogen=43218.3892
mean B0=87.6292 homogen=97655.6779
mean B0=75.1612 homogen=24177.7637
mean B0=85.5855 homogen=77395.8571
mean B0=74.7274 homogen=51976.8739
mean B0=75.1961 homogen=27332.1271
   565 |    22600 |     40 |  0.000000E+00 |  0.000000E+00 |  0.0034937152 |             f
mean B0=89.7979 homogen=124784.3998
mean B0=68.1769 homogen=6812.4685
mean B0=50.6711 homogen=95300.2552
mean B0=69.6717 homogen=8827.3066
mean B0=87.7703 homogen=97787.8828
mean B0=71.1841 homogen=15118.7378
mean B0=79.4788 homogen=38534.8156
mean B0=82.1514 homogen=56367.3393
mean B0=67.2596 homogen=4813.0227
mean B0=84.1821 homogen=57362.5964
mean B0=73.4231 homogen=21877.6333
mean B0=72.1311 homogen=16236.1923
mean B0=88.0193 homogen=101281.9254
mean B0=88.3516 homogen=104766.5941
mean B0=84.3353 homogen=71749.8389
mean B0=70.7571 homogen=11454.9111
mean B0=54.3917 homogen=66940.6836
mean B0=70.2794 homogen=11301.2884
mean B0=81.3303 homogen=48679.8157
mean B0=75.8251 homogen=30519.3901
mean B0=77.2458 homogen=33184.2789
mean B0=80.7013 homogen=45319.5408
mean B0=90.0507 homogen=125449.553
mean B0=72.0539 homogen=36086.5543
mean B0=81.1933 homogen=48819.4164
mean B0=77.6226 homogen=69189.9545
mean B0=75.4455 homogen=25943.6541
mean B0=83.7107 homogen=62967.3814
mean B0=62.9218 homogen=26957.9046
mean B0=77.0177 homogen=29718.1589
mean B0=78.6175 homogen=35971.8581
mean B0=69.2601 homogen=8427.7451
mean B0=88.2825 homogen=104345.6272
mean B0=50.6879 homogen=95462.3895
mean B0=85.6426 homogen=78391.2662
mean B0=73.8178 homogen=22062.0259
mean B0=83.469 homogen=64179.4628
mean B0=88.2066 homogen=108426.8127
mean B0=88.2728 homogen=104354.151
mean B0=53.9619 homogen=77345.5695
   566 |    22640 |     40 |  0.000000E+00 |  0.000000E+00 |  0.0026097782 |             f
mean B0=88.9565 homogen=112005.5508
mean B0=81.9977 homogen=54868.8472
mean B0=80.3153 homogen=43328.7476
mean B0=85.1374 homogen=73961.2125
mean B0=78.4385 homogen=34887.4651
mean B0=70.3541 homogen=11779.9899
mean B0=89.4066 homogen=117112.6801
mean B0=81.838 homogen=52180.5545
mean B0=87.9737 homogen=101261.7024
mean B0=89.1882 homogen=111002.3673
mean B0=86.278 homogen=78763.5356
mean B0=67.3131 homogen=5148.4751
mean B0=70.9971 homogen=15100.3769
mean B0=80.2724 homogen=71706.3967
mean B0=72.7165 homogen=19494.2978
mean B0=68.7474 homogen=16501.9034
mean B0=88.6443 homogen=121008.1308
mean B0=75.4417 homogen=25986.5029
mean B0=68.0006 homogen=11323.4284
mean B0=85.5256 homogen=77512.7986
mean B0=84.5445 homogen=73395.2558
mean B0=83.7108 homogen=62972.561
mean B0=82.1281 homogen=52981.1614
mean B0=53.7994 homogen=51249.3694
mean B0=77.3961 homogen=54833.197
mean B0=89.2345 homogen=109993.2274
mean B0=83.0296 homogen=60683.4933
mean B0=84.8134 homogen=91299.029
mean B0=82.1764 homogen=45271.3443
mean B0=78.6232 homogen=35920.1802
mean B0=80.4289 homogen=46795.6561
mean B0=79.2677 homogen=37817.6234
mean B0=71.346 homogen=33029.0726
mean B0=80.6428 homogen=47999.3145
mean B0=70.0261 homogen=10743.4055
mean B0=74.0581 homogen=25492.8307
mean B0=49.8911 homogen=342324.0651
mean B0=77.7364 homogen=69951.3877
mean B0=77.2458 homogen=33182.8648
mean B0=80.0883 homogen=41908.0475
   567 |    22680 |     40 |  0.000000E+00 |  0.000000E+00 |  0.0034932663 |             f
mean B0=85.5111 homogen=77531.0527
mean B0=56.3429 homogen=42309.916
mean B0=79.263 homogen=37797.8653
mean B0=84.7373 homogen=74914.0774
mean B0=88.0193 homogen=101281.9254
mean B0=78.6122 homogen=35391.7114
mean B0=89.7979 homogen=124785.7494
mean B0=88.4065 homogen=107802.4783
mean B0=78.303 homogen=42966.7703
mean B0=71.6411 homogen=11908.0834
mean B0=75.4459 homogen=25944.6876
mean B0=72.7433 homogen=19564.5431
mean B0=84.9546 homogen=73737.1637
mean B0=76.017 homogen=40964.3593
mean B0=74.9041 homogen=42736.7652
mean B0=71.023 homogen=17640.5182
mean B0=75.7524 homogen=37745.3804
mean B0=68.9149 homogen=132574.9318
mean B0=73.8827 homogen=21714.0746
mean B0=71.1229 homogen=34460.0234
mean B0=71.2056 homogen=26184.9186
mean B0=89.4961 homogen=118134.2425
mean B0=76.7016 homogen=28671.0547
mean B0=74.7026 homogen=22777.6094
mean B0=84.396 homogen=66851.4011
mean B0=86.9611 homogen=89669.8591
mean B0=78.6232 homogen=35920.6845
mean B0=81.9417 homogen=52699.4029
mean B0=74.9936 homogen=25547.7043
mean B0=80.8781 homogen=46470.5863
mean B0=67.2599 homogen=4825.3809
mean B0=82.4899 homogen=58131.818
mean B0=77.3106 homogen=33336.2641
mean B0=75.6693 homogen=83659.6324
mean B0=80.9717 homogen=109863.8566
mean B0=79.2568 homogen=36270.7648
mean B0=71.6576 homogen=36230.1132
mean B0=58.4576 homogen=36504.6733
mean B0=69.3425 homogen=9939.4476
mean B0=78.5325 homogen=36897.7305
   568 |    22720 |     40 |  0.000000E+00 |  0.000000E+00 |  0.0014199825 |             f
mean B0=75.9839 homogen=36677.3613
mean B0=86.581 homogen=89466.2276
mean B0=82.1407 homogen=53160.1567
mean B0=81.992 homogen=49437.7348
mean B0=67.2596 homogen=4813.0227
mean B0=89.7955 homogen=124746.3766
mean B0=88.3485 homogen=104675.5794
mean B0=87.6292 homogen=97655.6779
mean B0=68.5361 homogen=268601.222
mean B0=85.9331 homogen=80772.5535
mean B0=63.0976 homogen=242967.8579
mean B0=81.838 homogen=52180.5545
mean B0=78.633 homogen=72785.6957
mean B0=82.6324 homogen=58599.0448
mean B0=79.6645 homogen=39761.6151
mean B0=71.8285 homogen=23867.1632
mean B0=72.3914 homogen=16220.9327
mean B0=76.115 homogen=29433.0674
mean B0=66.894 homogen=6196.3481
mean B0=82.0391 homogen=53490.7182
mean B0=83.2694 homogen=57461.2518
mean B0=77.8274 homogen=40854.2951
mean B0=77.2304 homogen=32952.3096
mean B0=70.3609 homogen=11798.4811
mean B0=88.0193 homogen=101281.9254
mean B0=88.41 homogen=107847.8804
mean B0=88.7527 homogen=110528.7467
mean B0=79.9026 homogen=40973.9166
mean B0=85.635 homogen=78534.3167
mean B0=86.0823 homogen=90854.4217
mean B0=76.7835 homogen=35291.487
mean B0=71.1841 homogen=15118.7378
mean B0=81.1376 homogen=46939.5587
mean B0=74.4815 homogen=21983.9134
mean B0=83.2071 homogen=55680.0805
mean B0=72.0527 homogen=35953.5995
mean B0=84.8996 homogen=73749.9148
mean B0=72.9104 homogen=36454.6695
mean B0=89.2466 homogen=110201.2671
mean B0=75.4486 homogen=34159.0913
   569 |    22760 |     40 |  0.000000E+00 |  0.000000E+00 |  0.0035603369 |             f
mean B0=82.5469 homogen=68538.7223
mean B0=79.2321 homogen=38833.3688
mean B0=74.4815 homogen=21984.7963
mean B0=76.9602 homogen=30010.2529
mean B0=73.5857 homogen=25881.1138
mean B0=69.6127 homogen=6543.0141
mean B0=72.3677 homogen=126742.484
mean B0=88.9857 homogen=112402.7614
mean B0=76.3414 homogen=26768.074
mean B0=78.1912 homogen=37380.6145
mean B0=53.7674 homogen=51281.7319
mean B0=75.6008 homogen=26760.6714
mean B0=81.137 homogen=47517.482
mean B0=84.1618 homogen=67933.7861
mean B0=83.9945 homogen=65739.006
mean B0=80.1061 homogen=45200.0933
mean B0=72.3914 homogen=16220.9327
mean B0=79.9127 homogen=41020.1015
mean B0=87.9426 homogen=101774.9282
mean B0=75.409 homogen=89400.884
mean B0=71.1349 homogen=15615.3454
mean B0=81.678 homogen=98875.6267
mean B0=82.4899 homogen=58131.818
mean B0=89.7592 homogen=122377.0512
mean B0=82.4751 homogen=71224.5905
mean B0=66.6481 homogen=18152.3673
mean B0=49.1068 homogen=104140.355
mean B0=89.4663 homogen=117741.5401
mean B0=68.1582 homogen=14772.074
mean B0=74.6745 homogen=22551.3256
mean B0=84.9546 homogen=73738.0695
mean B0=86.628 homogen=86777.8217
mean B0=86.3951 homogen=85578.4753
mean B0=87.7822 homogen=101125.7659
mean B0=71.1841 homogen=15118.7378
mean B0=85.5634 homogen=77886.731
mean B0=83.8581 homogen=56263.3111
mean B0=75.6799 homogen=25992.8988
mean B0=88.8593 homogen=110515.3521
mean B0=76.5992 homogen=43481.0979
   570 |    22800 |     40 |  0.000000E+00 |  0.000000E+00 |  0.0041035124 |             f
mean B0=89.7244 homogen=120521.3242
mean B0=74.5592 homogen=81491.8705
mean B0=53.004 homogen=82839.928
mean B0=83.9034 homogen=65165.3449
mean B0=82.8315 homogen=87528.8044
mean B0=66.8949 homogen=170324.4717
mean B0=75.6799 homogen=25992.8988
mean B0=80.0636 homogen=44924.1489
mean B0=68.5778 homogen=14117.6183
mean B0=74.7335 homogen=56965.0093
mean B0=53.3087 homogen=80924.7472
mean B0=85.9126 homogen=80580.5527
mean B0=77.3106 homogen=33336.2641
mean B0=89.8477 homogen=123441.6484
mean B0=69.947 homogen=10460.0262
mean B0=81.0181 homogen=46765.6165
mean B0=66.8787 homogen=127817.6726
mean B0=76.4819 homogen=28774.5275
mean B0=75.9007 homogen=28497.0892
mean B0=74.07 homogen=36988.3161
mean B0=76.9966 homogen=64134.0883
mean B0=80.7281 homogen=46563.0502
mean B0=69.9933 homogen=21962.5764
mean B0=84.2348 homogen=68593.7356
mean B0=78.5494 homogen=35114.7842
mean B0=81.9943 homogen=52603.2287
mean B0=87.6292 homogen=97655.6779
mean B0=78.1907 homogen=47655.7257
mean B0=71.0705 homogen=15985.2104
mean B0=73.1648 homogen=41748.8387
mean B0=81.3097 homogen=48531.315
mean B0=67.8998 homogen=254815.78
mean B0=90.2006 homogen=127327.9485
mean B0=85.4275 homogen=76720.1136
mean B0=70.5494 homogen=13020.2974
mean B0=86.1806 homogen=91100.8549
mean B0=77.0314 homogen=30212.6468
mean B0=80.3287 homogen=46273.6335
mean B0=77.9479 homogen=37561.4623
mean B0=85.8103 homogen=87708.8917
   571 |    22840 |     40 |  0.000000E+00 |  0.000000E+00 |  0.0029792734 |             f
mean B0=85.9349 homogen=81571.8406
mean B0=75.6887 homogen=23441.2952
mean B0=72.3914 homogen=16220.9327
mean B0=85.4275 homogen=76720.1136
mean B0=89.5116 homogen=118376.5727
mean B0=82.4569 homogen=57980.6942
mean B0=90.2006 homogen=127327.9485
mean B0=76.0427 homogen=28830.7622
mean B0=87.9228 homogen=100962.21
mean B0=85.0883 homogen=75145.3234
mean B0=87.2987 homogen=94153.0637
mean B0=75.3975 homogen=29587.1891
mean B0=87.6225 homogen=97576.8496
mean B0=70.7128 homogen=11627.1545
mean B0=77.3415 homogen=33408.4874
mean B0=72.0053 homogen=22724.4861
mean B0=73.4117 homogen=21812.742
mean B0=81.3061 homogen=48505.555
mean B0=69.9472 homogen=10461.9677
mean B0=72.6318 homogen=21749.3885
mean B0=69.1371 homogen=8028.3259
mean B0=89.1822 homogen=116021.6813
mean B0=75.4459 homogen=25944.6876
mean B0=74.4815 homogen=21983.9134
mean B0=88.0065 homogen=100665.8735
mean B0=89.0418 homogen=112816.7891
mean B0=81.9943 homogen=52603.2287
mean B0=86.7088 homogen=89129.4889
mean B0=85.7062 homogen=79861.8391
mean B0=86.2338 homogen=84601.527
mean B0=79.551 homogen=40556.3325
mean B0=73.6187 homogen=38594.8844
mean B0=84.3411 homogen=71803.8047
mean B0=67.303 homogen=5183.596
mean B0=90.0958 homogen=127211.9605
mean B0=71.8354 homogen=34707.4331
mean B0=78.2912 homogen=34389.3382
mean B0=78.5746 homogen=35040.9575
mean B0=71.1844 homogen=15117.2941
mean B0=75.2949 homogen=31046.2001
   572 |    22880 |     40 |  0.000000E+00 |  0.000000E+00 |  0.0037212577 |             f
mean B0=80.0636 homogen=44924.1489
mean B0=70.4809 homogen=12869.0139
mean B0=78.2932 homogen=34404.2503
mean B0=86.4763 homogen=90734.8599
mean B0=83.7043 homogen=64853.934
mean B0=68.0628 homogen=8431.8598
mean B0=73.6412 homogen=21957.7409
mean B0=75.8965 homogen=28519.1839
mean B0=67.2997 homogen=5186.1811
mean B0=79.8893 homogen=40711.5452
mean B0=75.0373 homogen=36154.7856
mean B0=89.7243 homogen=120519.3348
mean B0=77.998 homogen=35210.9304
mean B0=89.8475 homogen=123440.7408
mean B0=81.3366 homogen=48709.2668
mean B0=82.456 homogen=57975.879
mean B0=80.8193 homogen=52461.8316
mean B0=89.1687 homogen=114443.021
mean B0=90.0137 homogen=124551.6284
mean B0=87.6022 homogen=106390.8105
mean B0=86.9876 homogen=81633.1628
mean B0=76.1213 homogen=29276.9765
mean B0=78.5725 homogen=35025.5657
mean B0=86.9611 homogen=89669.8591
mean B0=71.2796 homogen=14903.5406
mean B0=69.9633 homogen=12908.4861
mean B0=63.5198 homogen=88677.7954
mean B0=66.3748 homogen=231639.4258
mean B0=85.6458 homogen=80152.8764
mean B0=82.3671 homogen=89672.383
mean B0=73.9733 homogen=41474.3796
mean B0=90.2006 homogen=127327.9485
mean B0=81.0455 homogen=53296.2742
mean B0=82.7404 homogen=49984.7625
mean B0=76.0295 homogen=198494.829
mean B0=67.3031 homogen=5182.6903
mean B0=54.289 homogen=77032.9072
mean B0=81.0201 homogen=46626.1855
mean B0=88.2287 homogen=102826.3344
mean B0=70.7947 homogen=15598.6502
   573 |    22920 |     40 |  0.000000E+00 |  0.000000E+00 |  0.0023348425 |             f
mean B0=71.9299 homogen=16791.334
mean B0=87.1796 homogen=92771.0645
mean B0=81.4719 homogen=109135.9675
mean B0=89.0222 homogen=112363.1874
mean B0=77.6337 homogen=39654.8358
mean B0=82.4873 homogen=55133.9365
mean B0=80.2151 homogen=42637.3979
mean B0=73.3974 homogen=21302.9613
mean B0=70.8232 homogen=11659.7972
mean B0=86.6922 homogen=88979.3364
mean B0=72.0073 homogen=15826.3223
mean B0=81.2033 homogen=47733.8106
mean B0=69.2566 homogen=8773.6927
mean B0=76.7191 homogen=51761.8668
mean B0=79.8893 homogen=40711.5452
mean B0=84.097 homogen=66153.7115
mean B0=77.311 homogen=33335.1277
mean B0=84.9705 homogen=73808.043
mean B0=71.3687 homogen=16139.809
mean B0=82.6324 homogen=58599.0448
mean B0=86.0177 homogen=112155.477
mean B0=78.6945 homogen=35095.9347
mean B0=82.5354 homogen=58529.0904
mean B0=66.9995 homogen=6344.9596
mean B0=79.3006 homogen=39038.9237
mean B0=87.6571 homogen=97869.7676
mean B0=80.4033 homogen=91582.881
mean B0=76.954 homogen=29497.4215
mean B0=75.3718 homogen=29412.7865
mean B0=84.3506 homogen=71851.3957
mean B0=71.9776 homogen=16382.9872
mean B0=74.6151 homogen=62211.3921
mean B0=67.1464 homogen=6024.3151
mean B0=77.9791 homogen=36216.1305
mean B0=83.9034 homogen=65165.3449
mean B0=57.9808 homogen=188215.7232
mean B0=86.3946 homogen=85576.8733
mean B0=89.417 homogen=117385.921
mean B0=87.783 homogen=98601.4809
mean B0=85.7062 homogen=79861.8391
   574 |    22960 |     40 |  0.000000E+00 |  0.000000E+00 |  0.0051768992 |             f
mean B0=81.821 homogen=51203.289
mean B0=84.0367 homogen=69386.2322
mean B0=67.3003 homogen=5181.4443
mean B0=66.6206 homogen=27914.0367
mean B0=81.3803 homogen=48724.4601
mean B0=82.4649 homogen=54995.7607
mean B0=82.3267 homogen=57381.5496
mean B0=57.16 homogen=44025.3405
mean B0=81.0021 homogen=52918.9737
mean B0=76.3043 homogen=48186.4155
mean B0=81.6926 homogen=120454.1388
mean B0=75.7705 homogen=28151.9345
mean B0=89.1024 homogen=121397.8388
mean B0=69.2969 homogen=9463.0958
mean B0=78.9766 homogen=37537.9992
mean B0=44.9479 homogen=110648.3933
mean B0=77.3126 homogen=33327.2639
mean B0=85.9801 homogen=80367.8512
mean B0=82.2386 homogen=60695.6417
mean B0=59.3486 homogen=26672.3961
mean B0=89.109 homogen=113462.2439
mean B0=74.9729 homogen=24082.6738
mean B0=45.7672 homogen=111756.5816
mean B0=78.6945 homogen=35095.9347
mean B0=77.1276 homogen=41562.5096
mean B0=88.2556 homogen=103582.714
mean B0=76.9821 homogen=50574.1592
mean B0=87.6573 homogen=97868.5966
mean B0=81.5576 homogen=50668.8155
mean B0=75.9818 homogen=42917.166
mean B0=73.9949 homogen=42960.4117
mean B0=59.5423 homogen=185695.033
mean B0=84.9705 homogen=73808.043
mean B0=54.6502 homogen=65901.6136
mean B0=37.3027 homogen=210641.5194
mean B0=70.5867 homogen=18651.2863
mean B0=87.1775 homogen=92785.6287
mean B0=83.6967 homogen=64816.7734
mean B0=70.6594 homogen=12417.5775
mean B0=90.2006 homogen=127327.9485
   575 |    23000 |     40 |  0.000000E+00 |  0.000000E+00 |  0.0011002058 |             f
mean B0=88.0065 homogen=100675.6665
mean B0=87.6688 homogen=97967.7932
mean B0=78.229 homogen=93351.1383
mean B0=79.8988 homogen=40939.9097
mean B0=68.9726 homogen=11801.2816
mean B0=82.4277 homogen=54921.4583
mean B0=59.854 homogen=216631.5574
mean B0=85.7605 homogen=80364.0424
mean B0=47.6844 homogen=109166.29
mean B0=83.9727 homogen=65494.0975
mean B0=78.9944 homogen=36003.6499
mean B0=65.8695 homogen=17964.3883
mean B0=89.3112 homogen=117203.3797
mean B0=52.8492 homogen=60802.5428
mean B0=70.6814 homogen=12641.1676
mean B0=71.6124 homogen=15040.5371
mean B0=79.1593 homogen=38716.7876
mean B0=75.1611 homogen=24930.7403
mean B0=79.2215 homogen=96823.3046
mean B0=74.7023 homogen=22777.3733
mean B0=84.3371 homogen=71756.9541
mean B0=87.2878 homogen=94024.3169
mean B0=79.885 homogen=43638.742
mean B0=82.4928 homogen=58110.1427
mean B0=70.6751 homogen=12643.4089
mean B0=89.2254 homogen=114514.1935
mean B0=85.6372 homogen=90256.5446
mean B0=86.3327 homogen=85101.7575
mean B0=73.6663 homogen=22363.7919
mean B0=86.8937 homogen=92735.4774
mean B0=89.5679 homogen=118418.595
mean B0=81.7006 homogen=51614.3557
mean B0=55.9937 homogen=45310.5836
mean B0=56.715 homogen=208522.5559
mean B0=70.1438 homogen=12938.9351
mean B0=78.6836 homogen=36796.9714
mean B0=83.093 homogen=72849.2697
mean B0=77.119 homogen=32441.0065
mean B0=81.0725 homogen=47605.776
mean B0=76.9547 homogen=29497.7396
   576 |    23040 |     40 |  0.000000E+00 |  0.000000E+00 |  0.0045481728 |             f
mean B0=75.7705 homogen=28152.3403
mean B0=73.5094 homogen=31643.5244
mean B0=82.5435 homogen=58320.0713
mean B0=71.8204 homogen=134720.4769
mean B0=68.1769 homogen=6812.4685
mean B0=81.1053 homogen=48559.5782
mean B0=73.5537 homogen=41545.9498
mean B0=72.4988 homogen=16716.0087
mean B0=71.8742 homogen=16269.402
mean B0=78.3516 homogen=34290.9482
mean B0=86.2167 homogen=84472.0472
mean B0=87.2063 homogen=96226.9807
mean B0=77.3045 homogen=32302.3952
mean B0=68.4183 homogen=18842.4253
mean B0=75.9434 homogen=28659.4425
mean B0=77.751 homogen=32941.1575
mean B0=76.6468 homogen=31967.6999
mean B0=88.3485 homogen=104675.5794
mean B0=80.1442 homogen=42278.0167
mean B0=85.9698 homogen=80353.2119
mean B0=73.6663 homogen=22364.2623
mean B0=77.6747 homogen=45392.2778
mean B0=82.0908 homogen=52973.635
mean B0=77.2052 homogen=89807.1659
mean B0=69.2969 homogen=9463.0958
mean B0=70.6977 homogen=208973.9341
mean B0=87.6804 homogen=98091.0478
mean B0=77.1964 homogen=32771.0224
mean B0=87.6466 homogen=96538.8176
mean B0=89.8654 homogen=101614.2466
mean B0=80.5828 homogen=44765.8356
mean B0=86.0794 homogen=82467.3391
mean B0=81.022 homogen=46626.615
mean B0=67.2596 homogen=4813.0227
mean B0=83.7526 homogen=67535.7689
mean B0=80.8715 homogen=49244.7253
mean B0=75.3144 homogen=212203.8656
mean B0=73.3974 homogen=21302.9613
mean B0=84.4114 homogen=72344.4934
mean B0=83.7058 homogen=64830.425
   577 |    23080 |     40 |  0.000000E+00 |  0.000000E+00 |  0.0026226692 |             f
mean B0=87.0805 homogen=96579.8935
mean B0=85.0796 homogen=74118.5799
mean B0=74.956 homogen=24177.3963
mean B0=78.7654 homogen=36664.3175
mean B0=88.3485 homogen=104675.5794
mean B0=79.9022 homogen=40940.7825
mean B0=77.1623 homogen=42135.788
mean B0=78.0036 homogen=40486.2712
mean B0=87.2307 homogen=93250.7571
mean B0=69.0062 homogen=7928.4217
mean B0=82.9585 homogen=57535.1196
mean B0=86.3946 homogen=85575.9261
mean B0=71.6143 homogen=15048.4745
mean B0=84.2919 homogen=71395.5993
mean B0=75.5864 homogen=27464.1118
mean B0=77.751 homogen=32941.1575
mean B0=74.6469 homogen=42550.2249
mean B0=45.7814 homogen=197423.5656
mean B0=83.4608 homogen=63080.7354
mean B0=78.3527 homogen=34289.1129
mean B0=86.6586 homogen=89066.8943
mean B0=88.4703 homogen=112401.5728
mean B0=75.9772 homogen=28888.3334
mean B0=82.1504 homogen=53219.9705
mean B0=58.7211 homogen=35627.4029
mean B0=88.3445 homogen=104675.2431
mean B0=77.0108 homogen=33616.6913
mean B0=53.4968 homogen=257849.4523
mean B0=87.1998 homogen=96153.2522
mean B0=68.4787 homogen=7241.9502
mean B0=66.9132 homogen=6244.6838
mean B0=82.4921 homogen=58113.7186
mean B0=67.7553 homogen=23715.1106
mean B0=67.295 homogen=5095.8589
mean B0=71.6255 homogen=16068.2668
mean B0=84.097 homogen=66153.7115
mean B0=81.2655 homogen=109104.8737
mean B0=90.2002 homogen=127331.8168
mean B0=83.9326 homogen=66175.6692
mean B0=73.6652 homogen=22359.937
   578 |    23120 |     40 |  0.000000E+00 |  0.000000E+00 |  0.0024172727 |             f
mean B0=81.7009 homogen=51614.9646
mean B0=77.4247 homogen=35733.4331
mean B0=87.9366 homogen=107530.5299
mean B0=73.7356 homogen=22408.5973
mean B0=55.668 homogen=45209.6164
mean B0=62.8568 homogen=24084.0685
mean B0=77.3063 homogen=32306.5543
mean B0=67.2596 homogen=4813.0227
mean B0=72.5104 homogen=16725.9029
mean B0=86.3946 homogen=85575.9261
mean B0=80.1101 homogen=41828.0327
mean B0=75.8192 homogen=56627.4462
mean B0=80.5611 homogen=49386.9478
mean B0=82.1118 homogen=56348.6848
mean B0=73.6657 homogen=22356.0279
mean B0=88.7188 homogen=110086.5113
mean B0=83.7067 homogen=65023.9529
mean B0=67.295 homogen=5096.4259
mean B0=81.32 homogen=49140.7168
mean B0=82.302 homogen=53447.3379
mean B0=75.5873 homogen=27467.3971
mean B0=80.498 homogen=61701.2818
mean B0=89.1484 homogen=113163.5394
mean B0=82.3244 homogen=57098.4224
mean B0=86.2506 homogen=83044.9443
mean B0=67.2601 homogen=4818.1494
mean B0=78.9926 homogen=36001.6487
mean B0=78.151 homogen=238894.5127
mean B0=74.9433 homogen=24151.1316
mean B0=87.2307 homogen=93250.7571
mean B0=81.9364 homogen=52196.116
mean B0=77.9114 homogen=39093.7225
mean B0=76.9868 homogen=43900.9958
mean B0=73.1519 homogen=24532.0587
mean B0=78.3524 homogen=34288.4735
mean B0=79.9925 homogen=41248.7467
mean B0=82.2965 homogen=56661.5294
mean B0=89.5679 homogen=118417.2589
mean B0=86.4187 homogen=88923.0574
mean B0=60.7839 homogen=224720.6925
   579 |    23160 |     40 |  0.000000E+00 |  0.000000E+00 |  0.0041529257 |             f
mean B0=71.9864 homogen=19589.9628
mean B0=87.3221 homogen=93241.3039
mean B0=51.4881 homogen=310440.7904
mean B0=67.1837 homogen=5868.881
mean B0=77.7427 homogen=32917.5556
mean B0=73.7429 homogen=22345.7354
mean B0=82.4502 homogen=41389.8346
mean B0=67.6373 homogen=7481.4541
mean B0=79.1338 homogen=41838.1803
mean B0=67.2946 homogen=5095.5457
mean B0=90.1811 homogen=127152.8524
mean B0=80.8844 homogen=73254.1024
mean B0=73.4067 homogen=21118.608
mean B0=86.2058 homogen=84365.8507
mean B0=90.4318 homogen=112930.4576
mean B0=80.6669 homogen=45188.9942
mean B0=78.5028 homogen=35977.3506
mean B0=79.184 homogen=251244.9743
mean B0=68.365 homogen=6391.7925
mean B0=77.3854 homogen=57753.2085
mean B0=78.6344 homogen=34898.0634
mean B0=76.3995 homogen=204197.8607
mean B0=75.3244 homogen=36950.4682
mean B0=88.0003 homogen=101906.5371
mean B0=73.0214 homogen=17931.5547
mean B0=78.6586 homogen=34921.6913
mean B0=85.0873 homogen=74190.3199
mean B0=82.2395 homogen=54295.6116
mean B0=60.8594 homogen=191547.5294
mean B0=90.2004 homogen=127329.8743
mean B0=82.5518 homogen=58321.5036
mean B0=80.5854 homogen=45043.532
mean B0=66.2621 homogen=228962.1254
mean B0=68.8867 homogen=10266.4138
mean B0=88.6927 homogen=109864.4319
mean B0=89.2891 homogen=115239.6421
mean B0=80.3516 homogen=60778.671
mean B0=86.2029 homogen=82628.2741
mean B0=79.5541 homogen=36153.6901
mean B0=82.2725 homogen=55274.9934
   580 |    23200 |     40 |  0.000000E+00 |  0.000000E+00 |  0.0021654437 |             f
mean B0=77.7253 homogen=200385.2429
mean B0=84.0887 homogen=66088.5229
mean B0=78.9944 homogen=36004.7142
mean B0=73.3042 homogen=20875.3744
mean B0=68.1769 homogen=6812.4685
mean B0=82.3699 homogen=75391.8507
mean B0=82.5497 homogen=58328.7521
mean B0=89.1504 homogen=116024.825
mean B0=71.2796 homogen=14903.5406
mean B0=85.12 homogen=74220.241
mean B0=74.9364 homogen=24128.1804
mean B0=86.2508 homogen=83045.1476
mean B0=70.8484 homogen=11765.5828
mean B0=90.1572 homogen=127281.7724
mean B0=80.0091 homogen=41312.2958
mean B0=73.0263 homogen=16703.9696
mean B0=87.6568 homogen=87582.4048
mean B0=72.4364 homogen=16297.7882
mean B0=75.5873 homogen=27467.5521
mean B0=80.4283 homogen=43884.3491
mean B0=80.5081 homogen=44511.7482
mean B0=77.7512 homogen=32908.5762
mean B0=77.3063 homogen=32305.9367
mean B0=89.5378 homogen=118902.3299
mean B0=73.0214 homogen=17931.5547
mean B0=81.669 homogen=51384.8773
mean B0=78.3543 homogen=34301.0674
mean B0=87.8323 homogen=99282.3061
mean B0=88.0065 homogen=100665.8735
mean B0=86.2986 homogen=117030.4954
mean B0=89.1559 homogen=113252.8551
mean B0=79.8988 homogen=40939.8019
mean B0=67.1745 homogen=5297.1295
mean B0=87.3627 homogen=93299.8193
mean B0=89.3255 homogen=115656.9994
mean B0=66.8179 homogen=6077.0836
mean B0=86.6586 homogen=89066.8943
mean B0=70.538 homogen=15724.4368
mean B0=84.2918 homogen=71395.5422
mean B0=84.7144 homogen=89970.7783
   581 |    23240 |     40 |  0.000000E+00 |  0.000000E+00 |  0.0016878515 |             f
mean B0=72.8591 homogen=21689.0302
mean B0=83.359 homogen=71383.7098
mean B0=77.8212 homogen=32515.1841
mean B0=89.4567 homogen=117672.7772
mean B0=80.5074 homogen=44515.3421
mean B0=82.5518 homogen=58322.8581
mean B0=78.9945 homogen=36002.2471
mean B0=84.5143 homogen=73168.221
mean B0=88.284 homogen=108458.579
mean B0=76.6072 homogen=46828.1367
mean B0=90.2006 homogen=127327.9485
mean B0=81.0155 homogen=46546.2454
mean B0=80.0737 homogen=79971.9821
mean B0=84.1006 homogen=66201.982
mean B0=76.7456 homogen=209441.51
mean B0=82.1504 homogen=53219.9705
mean B0=67.2596 homogen=4813.0227
mean B0=81.0196 homogen=47930.1057
mean B0=88.6949 homogen=109848.9264
mean B0=86.255 homogen=83017.8972
mean B0=66.5854 homogen=106523.018
mean B0=84.2919 homogen=71395.8133
mean B0=79.8283 homogen=40563.0966
mean B0=85.7274 homogen=79976.4567
mean B0=68.1772 homogen=6806.9861
mean B0=74.9365 homogen=24127.9554
mean B0=90.1818 homogen=127147.0884
mean B0=82.8054 homogen=75704.965
mean B0=86.6056 homogen=85818.6621
mean B0=72.183 homogen=33830.6793
mean B0=83.4608 homogen=63080.7354
mean B0=80.7272 homogen=73474.4354
mean B0=78.467 homogen=34959.7271
mean B0=90.5748 homogen=114544.0473
mean B0=66.5068 homogen=24975.07
mean B0=76.954 homogen=29497.4215
mean B0=68.1769 homogen=6812.4685
mean B0=72.5211 homogen=16622.9404
mean B0=68.5619 homogen=13095.6842
mean B0=88.002 homogen=100697.7042
   582 |    23280 |     40 |  0.000000E+00 |  0.000000E+00 |  0.0043905565 |             f
mean B0=85.9205 homogen=80061.1274
mean B0=79.4178 homogen=39168.585
mean B0=69.3879 homogen=22216.0798
mean B0=80.5613 homogen=44777.0927
mean B0=87.6317 homogen=97128.2564
mean B0=85.8997 homogen=80487.4479
mean B0=77.8212 homogen=32515.2275
mean B0=85.9144 homogen=88085.3377
mean B0=71.138 homogen=13774.2345
mean B0=74.6375 homogen=42613.5409
mean B0=73.7079 homogen=22217.8721
mean B0=67.6125 homogen=10027.7213
mean B0=86.4139 homogen=91583.6714
mean B0=90.138 homogen=126625.8806
mean B0=73.1441 homogen=24904.5449
mean B0=85.9807 homogen=80897.4202
mean B0=78.467 homogen=34959.7271
mean B0=90.2006 homogen=127327.9485
mean B0=82.1512 homogen=53189.4626
mean B0=82.5518 homogen=58321.5036
mean B0=89.0275 homogen=114062.2326
mean B0=80.6091 homogen=91236.6434
mean B0=81.2944 homogen=51872.2947
mean B0=75.534 homogen=27213.6326
mean B0=80.1329 homogen=42100.9139
mean B0=87.1629 homogen=92884.7735
mean B0=78.9946 homogen=36002.1794
mean B0=47.3947 homogen=86654.5127
mean B0=87.2794 homogen=112734.861
mean B0=79.3868 homogen=56419.9903
mean B0=75.5298 homogen=21533.8847
mean B0=80.0365 homogen=41423.0832
mean B0=79.853 homogen=44303.934
mean B0=70.4062 homogen=13497.7295
mean B0=63.9461 homogen=215179.5104
mean B0=85.7982 homogen=80839.3478
mean B0=85.4298 homogen=79635.3801
mean B0=72.8591 homogen=21689.0302
mean B0=91.4471 homogen=117861.2499
mean B0=81.669 homogen=51384.8773
   583 |    23320 |     40 |  0.000000E+00 |  0.000000E+00 |  0.0028170709 |             f
mean B0=83.0712 homogen=61852.1533
mean B0=67.8247 homogen=6448.8245
mean B0=75.4484 homogen=33965.0641
mean B0=74.4799 homogen=37194.9554
mean B0=80.7039 homogen=79565.5559
mean B0=83.4608 homogen=63080.7354
mean B0=84.9932 homogen=73456.8756
mean B0=86.4002 homogen=100115.95
mean B0=81.7156 homogen=51633.769
mean B0=91.4873 homogen=116439.082
mean B0=74.9365 homogen=24127.0143
mean B0=84.8175 homogen=73670.6856
mean B0=67.9776 homogen=6904.6451
mean B0=74.5668 homogen=29057.1516
mean B0=86.4402 homogen=86879.0619
mean B0=89.1139 homogen=114143.984
mean B0=89.8107 homogen=122875.1883
mean B0=70.8267 homogen=11691.5026
mean B0=72.4627 homogen=16397.1345
mean B0=80.7601 homogen=45132.7549
mean B0=74.4598 homogen=40416.5103
mean B0=75.0373 homogen=26019.3423
mean B0=85.6624 homogen=85217.0289
mean B0=73.2769 homogen=37482.6746
mean B0=76.5285 homogen=43035.6468
mean B0=83.4608 homogen=63080.7354
mean B0=89.5108 homogen=117813.0511
mean B0=78.2144 homogen=36602.0602
mean B0=87.5737 homogen=96582.4706
mean B0=89.5678 homogen=118418.7764
mean B0=82.4346 homogen=47129.8991
mean B0=86.0425 homogen=88501.7351
mean B0=77.1875 homogen=32331.3587
mean B0=84.6064 homogen=74441.5771
mean B0=73.0451 homogen=23509.6356
mean B0=80.6297 homogen=44992.9513
mean B0=79.1852 homogen=36997.404
mean B0=82.8677 homogen=55413.4314
mean B0=91.1302 homogen=120642.5389
mean B0=76.8809 homogen=34836.5377
   584 |    23360 |     40 |  0.000000E+00 |  0.000000E+00 |  0.0029252728 |             f
mean B0=67.8649 homogen=6022.0606
mean B0=85.0373 homogen=73580.7253
mean B0=72.4799 homogen=16460.453
mean B0=62.1433 homogen=225135.194
mean B0=85.5825 homogen=79052.4086
mean B0=82.8355 homogen=127216.5162
mean B0=69.965 homogen=283280.9033
mean B0=79.3918 homogen=39018.0547
mean B0=70.5661 homogen=12387.5483
mean B0=83.4608 homogen=63080.7354
mean B0=74.9366 homogen=24125.635
mean B0=66.4065 homogen=5631.0437
mean B0=70.6113 homogen=12138.9992
mean B0=87.5744 homogen=96580.387
mean B0=74.076 homogen=20303.1932
mean B0=77.6878 homogen=32059.5835
mean B0=72.759 homogen=17685.5018
mean B0=79.986 homogen=42060.0525
mean B0=88.3983 homogen=109572.4103
mean B0=84.697 homogen=70207.7603
mean B0=86.5388 homogen=86219.6088
mean B0=83.1542 homogen=62480.6488
mean B0=82.5079 homogen=58166.9628
mean B0=71.545 homogen=15148.8695
mean B0=89.218 homogen=114472.896
mean B0=72.6762 homogen=39329.2278
mean B0=86.9081 homogen=91203.4132
mean B0=69.8097 homogen=125527.9953
mean B0=90.1646 homogen=126924.7411
mean B0=73.7429 homogen=22345.7354
mean B0=82.1512 homogen=53189.061
mean B0=90.9149 homogen=128537.6942
mean B0=67.8392 homogen=42330.1374
mean B0=43.9586 homogen=118143.5447
mean B0=83.0163 homogen=50600.8496
mean B0=78.2715 homogen=34691.4994
mean B0=80.6339 homogen=44628.9504
mean B0=52.994 homogen=143050.6323
mean B0=88.5807 homogen=108738.0365
mean B0=89.9675 homogen=125071.664
   585 |    23400 |     40 |  0.000000E+00 |  0.000000E+00 |  0.0051493304 |             f
mean B0=80.3868 homogen=43832.2117
mean B0=82.0864 homogen=87594.5789
mean B0=72.6806 homogen=180140.9181
mean B0=80.6063 homogen=44509.9443
mean B0=77.6245 homogen=31744.8764
mean B0=76.6423 homogen=43383.8496
mean B0=67.2998 homogen=5183.0924
mean B0=81.503 homogen=55094.5181
mean B0=78.1741 homogen=239621.7196
mean B0=85.0142 homogen=73251.5081
mean B0=83.4608 homogen=63080.7354
mean B0=83.4133 homogen=62648.5638
mean B0=67.2596 homogen=4813.0227
mean B0=90.2006 homogen=127331.3907
mean B0=82.7808 homogen=59855.9636
mean B0=82.1312 homogen=53063.2288
mean B0=86.255 homogen=83017.2799
mean B0=86.819 homogen=87816.5138
mean B0=87.8604 homogen=101291.1818
mean B0=66.2022 homogen=254329.1134
mean B0=80.6355 homogen=89588.8163
mean B0=72.865 homogen=150523.1517
mean B0=80.2656 homogen=42532.6712
mean B0=87.5775 homogen=96742.7794
mean B0=65.6392 homogen=19543.2445
mean B0=47.0654 homogen=91488.0847
mean B0=68.1364 homogen=6958.8455
mean B0=80.1806 homogen=43020.72
mean B0=68.3935 homogen=17348.3107
mean B0=69.3914 homogen=9694.9825
mean B0=86.9081 homogen=91203.4132
mean B0=78.3182 homogen=34398.3404
mean B0=89.5679 homogen=118418.595
mean B0=74.0753 homogen=20296.7502
mean B0=67.4199 homogen=187576.5291
mean B0=83.2516 homogen=67980.5513
mean B0=90.2008 homogen=127327.5246
mean B0=75.3957 homogen=26666.9026
mean B0=79.0735 homogen=36418.9398
mean B0=65.1748 homogen=147159.7646
   586 |    23440 |     40 |  0.000000E+00 |  0.000000E+00 |  0.0014721692 |             f
mean B0=75.2399 homogen=25361.9509
mean B0=83.8093 homogen=63664.668
mean B0=88.6946 homogen=109856.9901
mean B0=80.5303 homogen=43919.5039
mean B0=75.5873 homogen=27467.3971
mean B0=91.622 homogen=116657.1972
mean B0=67.9851 homogen=250056.7518
mean B0=77.662 homogen=31915.9789
mean B0=75.7613 homogen=36632.3567
mean B0=69.7386 homogen=9215.3376
mean B0=73.9953 homogen=20174.4189
mean B0=89.8107 homogen=122875.1883
mean B0=61.3794 homogen=179701.5791
mean B0=88.3915 homogen=107200.5768
mean B0=81.9558 homogen=51856.6592
mean B0=65.544 homogen=121256.4391
mean B0=83.106 homogen=64245.7597
mean B0=76.5041 homogen=58694.9293
mean B0=85.5006 homogen=80587.8691
mean B0=72.3654 homogen=16227.2239
mean B0=67.0863 homogen=6811.5332
mean B0=80.8481 homogen=46211.8922
mean B0=78.3188 homogen=34408.316
mean B0=82.1803 homogen=57536.5161
mean B0=87.5744 homogen=96580.387
mean B0=75.3957 homogen=26668.6085
mean B0=85.1201 homogen=74218.5234
mean B0=67.2296 homogen=5227.2135
mean B0=78.6916 homogen=35868.6759
mean B0=57.6099 homogen=191146.2514
mean B0=82.6707 homogen=57382.8965
mean B0=88.0065 homogen=100665.8735
mean B0=89.218 homogen=114472.896
mean B0=85.1218 homogen=73567.4354
mean B0=84.8916 homogen=71960.4786
mean B0=69.7398 homogen=21391.1264
mean B0=88.3415 homogen=109161.6178
mean B0=76.5231 homogen=42001.5876
mean B0=74.0747 homogen=44215.8555
mean B0=68.6305 homogen=13113.966
   587 |    23480 |     40 |  0.000000E+00 |  0.000000E+00 |  0.0034024346 |             f
mean B0=69.9634 homogen=31087.0953
mean B0=89.2367 homogen=114687.1911
mean B0=66.8785 homogen=7182.5703
mean B0=86.2006 homogen=82908.702
mean B0=72.9561 homogen=29059.3561
mean B0=88.6044 homogen=119264.3807
mean B0=81.0833 homogen=47613.5353
mean B0=78.2562 homogen=34713.2222
mean B0=84.6805 homogen=70120.5829
mean B0=76.9546 homogen=29500.8692
mean B0=88.085 homogen=102349.9391
mean B0=81.2318 homogen=106085.9518
mean B0=72.4674 homogen=16316.9673
mean B0=71.1515 homogen=13049.1522
mean B0=82.1888 homogen=53346.9458
mean B0=68.2708 homogen=145623.1296
mean B0=82.9091 homogen=58247.8356
mean B0=83.6847 homogen=97971.8241
mean B0=81.7774 homogen=53730.4615
mean B0=72.0631 homogen=123710.0139
mean B0=81.1581 homogen=50639.2714
mean B0=88.3731 homogen=106954.4443
mean B0=87.3081 homogen=92745.8902
mean B0=85.1119 homogen=85254.4512
mean B0=70.6765 homogen=21627.5048
mean B0=71.0795 homogen=13959.9944
mean B0=87.305 homogen=93508.3074
mean B0=78.423 homogen=42668.0265
mean B0=83.2127 homogen=62554.3511
mean B0=72.8986 homogen=15871.5715
mean B0=89.6854 homogen=121498.4089
mean B0=87.2969 homogen=94361.2921
mean B0=85.0328 homogen=72878.8747
mean B0=89.8107 homogen=122874.0762
mean B0=79.0381 homogen=36285.2941
mean B0=85.9896 homogen=89142.2772
mean B0=73.8564 homogen=19784.6199
mean B0=77.6985 homogen=38588.1718
mean B0=85.1009 homogen=73532.3019
mean B0=79.2375 homogen=39692.0758
   588 |    23520 |     40 |  0.000000E+00 |  0.000000E+00 |  0.0045055624 |             f
mean B0=81.1207 homogen=47429.6978
mean B0=73.0059 homogen=17631.961
mean B0=56.9168 homogen=194204.0225
mean B0=90.1973 homogen=127289.4186
mean B0=85.639 homogen=79493.0079
mean B0=76.0812 homogen=51353.2817
mean B0=80.2388 homogen=35877.1813
mean B0=61.3089 homogen=150735.4871
mean B0=73.9018 homogen=41313.0444
mean B0=80.8471 homogen=49040.8282
mean B0=54.197 homogen=77514.0458
mean B0=86.6048 homogen=85818.4323
mean B0=87.5739 homogen=80471.3652
mean B0=70.5998 homogen=12221.0233
mean B0=87.4705 homogen=96203.9959
mean B0=73.9927 homogen=24202.6104
mean B0=88.085 homogen=102349.9391
mean B0=78.276 homogen=34622.6244
mean B0=82.9092 homogen=58249.4838
mean B0=85.7578 homogen=69770.0895
mean B0=68.4351 homogen=269215.8332
mean B0=82.0464 homogen=52542.7795
mean B0=73.4133 homogen=20225.6209
mean B0=89.8075 homogen=122837.8227
mean B0=65.9755 homogen=221490.7841
mean B0=75.6166 homogen=42012.4513
mean B0=86.0818 homogen=81879.1889
mean B0=74.0689 homogen=20312.3951
mean B0=80.2586 homogen=107857.0627
mean B0=78.8033 homogen=37759.6916
mean B0=78.1514 homogen=40045.6422
mean B0=77.6629 homogen=31920.9521
mean B0=88.138 homogen=101949.424
mean B0=67.9408 homogen=7291.6972
mean B0=68.0623 homogen=20106.3803
mean B0=89.6851 homogen=121498.6112
mean B0=75.5397 homogen=53310.1585
mean B0=70.1974 homogen=31563.7757
mean B0=55.2457 homogen=61424.1218
mean B0=83.2127 homogen=62555.7422
   589 |    23560 |     40 |  0.000000E+00 |  0.000000E+00 |  0.0020518753 |             f
mean B0=83.0869 homogen=61835.1876
mean B0=80.8654 homogen=46782.4772
mean B0=87.9564 homogen=100902.1917
mean B0=46.8298 homogen=110985.37
mean B0=78.5394 homogen=35354.9037
mean B0=89.3307 homogen=110138.2581
mean B0=79.8173 homogen=38773.2177
mean B0=71.2694 homogen=160906.6168
mean B0=88.0015 homogen=100592.6193
mean B0=82.6632 homogen=57358.8512
mean B0=71.4447 homogen=141153.3423
mean B0=84.8602 homogen=71468.7821
mean B0=75.5873 homogen=27467.3971
mean B0=81.925 homogen=51668.1882
mean B0=68.1858 homogen=6831.7045
mean B0=55.2305 homogen=43637.3192
mean B0=84.8611 homogen=71497.0019
mean B0=82.1746 homogen=59244.5263
mean B0=89.8109 homogen=122874.7912
mean B0=77.7142 homogen=32180.5821
mean B0=80.067 homogen=45724.0046
mean B0=78.4468 homogen=58819.5821
mean B0=84.9339 homogen=72086.5084
mean B0=67.2596 homogen=4812.9189
mean B0=87.0236 homogen=89878.0411
mean B0=66.9259 homogen=6272.6085
mean B0=78.5227 homogen=67083.6655
mean B0=74.855 homogen=23954.5901
mean B0=89.6894 homogen=121532.8983
mean B0=89.2322 homogen=114683.6262
mean B0=79.9858 homogen=42054.6165
mean B0=87.9582 homogen=100238.2977
mean B0=85.5825 homogen=79052.4086
mean B0=65.2312 homogen=23236.0913
mean B0=72.3576 homogen=16197.0973
mean B0=77.2671 homogen=38735.8493
mean B0=80.7835 homogen=45193.4873
mean B0=81.0759 homogen=38297.9127
mean B0=90.2007 homogen=127327.0361
mean B0=74.5552 homogen=34373.7407
   590 |    23600 |     40 |  0.000000E+00 |  0.000000E+00 |  0.0028952209 |             f
mean B0=74.2943 homogen=26058.3561
mean B0=83.8093 homogen=63664.668
mean B0=71.3073 homogen=14911.6913
mean B0=87.0736 homogen=90370.1885
mean B0=88.1268 homogen=101864.3112
mean B0=71.5334 homogen=13875.7775
mean B0=69.696 homogen=25934.7922
mean B0=81.1207 homogen=47429.6978
mean B0=72.4439 homogen=15350.9655
mean B0=78.0068 homogen=35631.0506
mean B0=85.0976 homogen=85464.2689
mean B0=86.3445 homogen=92334.7211
mean B0=74.9402 homogen=24334.7413
mean B0=77.7201 homogen=37449.2246
mean B0=78.9565 homogen=38557.7176
mean B0=84.7633 homogen=70787.6374
mean B0=85.1219 homogen=73569.3544
mean B0=77.0606 homogen=31065.4781
mean B0=87.3127 homogen=92789.7082
mean B0=78.2196 homogen=34246.6737
mean B0=73.8554 homogen=21899.1773
mean B0=89.2367 homogen=114687.1911
mean B0=72.975 homogen=17588.7718
mean B0=82.1399 homogen=53042.8948
mean B0=86.0909 homogen=81959.9648
mean B0=75.0944 homogen=217796.755
mean B0=78.0364 homogen=35906.2911
mean B0=68.1772 homogen=6806.9861
mean B0=65.9891 homogen=249212.7256
mean B0=88.3561 homogen=122496.1464
mean B0=73.5861 homogen=41722.3179
mean B0=86.8978 homogen=91320.4817
mean B0=89.0839 homogen=112904.5813
mean B0=75.9276 homogen=64425.4705
mean B0=47.1284 homogen=110964.9313
mean B0=79.1574 homogen=39300.7966
mean B0=86.7824 homogen=91349.6314
mean B0=79.611 homogen=36687.8557
mean B0=73.8523 homogen=19770.03
mean B0=87.5357 homogen=95758.5724
   591 |    23640 |     40 |  0.000000E+00 |  0.000000E+00 |  0.0007549834 |             f
mean B0=75.3477 homogen=52491.1423
mean B0=70.0967 homogen=10492.6804
mean B0=87.8708 homogen=99230.7348
mean B0=71.4282 homogen=13287.8411
mean B0=80.2827 homogen=97191.0241
mean B0=75.587 homogen=27465.1885
mean B0=84.7909 homogen=99242.6382
mean B0=85.5824 homogen=79050.207
mean B0=88.7019 homogen=109885.2686
mean B0=84.9356 homogen=80910.4574
mean B0=85.7669 homogen=78668.5962
mean B0=84.6304 homogen=69730.4542
mean B0=83.0201 homogen=61376.1357
mean B0=85.0741 homogen=74116.9151
mean B0=79.4256 homogen=35173.4148
mean B0=73.8472 homogen=19761.5544
mean B0=87.5291 homogen=95623.2008
mean B0=76.9713 homogen=29584.4713
mean B0=74.6282 homogen=26952.1611
mean B0=83.9481 homogen=64629.5521
mean B0=80.041 homogen=41420.8081
mean B0=86.1778 homogen=115098.6634
mean B0=84.847 homogen=71449.6577
mean B0=88.2723 homogen=122308.0258
mean B0=76.7694 homogen=43342.0409
mean B0=81.1212 homogen=47433.7352
mean B0=77.5951 homogen=36156.6896
mean B0=67.6085 homogen=23063.256
mean B0=81.1662 homogen=41125.473
mean B0=78.4916 homogen=34889.9789
mean B0=77.1008 homogen=35240.1708
mean B0=82.2365 homogen=53644.2241
mean B0=74.1343 homogen=20483.7829
mean B0=87.9721 homogen=100324.7784
mean B0=62.9137 homogen=131415.1066
mean B0=74.8614 homogen=23968.1852
mean B0=88.795 homogen=97345.364
mean B0=78.2584 homogen=34697.5509
mean B0=75.5047 homogen=26552.7616
mean B0=68.0775 homogen=6546.4802
   592 |    23680 |     40 |  0.000000E+00 |  0.000000E+00 |  0.0027255633 |             f
mean B0=82.5935 homogen=99883.7823
mean B0=69.7228 homogen=25428.5762
mean B0=67.2596 homogen=4812.9189
mean B0=76.5271 homogen=28143.5403
mean B0=86.5919 homogen=87090.395
mean B0=81.6086 homogen=56998.5999
mean B0=80.5015 homogen=43813.8179
mean B0=70.7759 homogen=12131.1409
mean B0=80.0314 homogen=41381.1684
mean B0=73.841 homogen=21468.3608
mean B0=80.6095 homogen=92441.5094
mean B0=89.1212 homogen=113122.8579
mean B0=87.4868 homogen=81900.2917
mean B0=77.0005 homogen=29670.5827
mean B0=76.4413 homogen=39246.3944
mean B0=81.6468 homogen=50632.0121
mean B0=81.9245 homogen=51698.5239
mean B0=68.6726 homogen=127785.2212
mean B0=83.8554 homogen=67923.2225
mean B0=88.6948 homogen=109847.6908
mean B0=50.1297 homogen=98498.4398
mean B0=73.6467 homogen=26156.0265
mean B0=64.8695 homogen=262585.885
mean B0=72.1172 homogen=19579.7758
mean B0=86.2899 homogen=90858.008
mean B0=78.8992 homogen=40613.1454
mean B0=79.2445 homogen=39718.6185
mean B0=77.3488 homogen=28980.7659
mean B0=68.7883 homogen=7159.1355
mean B0=84.9594 homogen=72304.2039
mean B0=72.0195 homogen=35804.6652
mean B0=89.6452 homogen=121252.6991
mean B0=83.0905 homogen=61850.3645
mean B0=74.8102 homogen=23817.6208
mean B0=72.4435 homogen=20658.5903
mean B0=86.8234 homogen=72452.251
mean B0=74.9844 homogen=185616.9162
mean B0=63.1682 homogen=195057.9988
mean B0=80.1803 homogen=42291.9145
mean B0=89.2367 homogen=114686.8621
   593 |    23720 |     40 |  0.000000E+00 |  0.000000E+00 |  0.0013884092 |             f
mean B0=72.3578 homogen=16198.3207
mean B0=85.6378 homogen=79377.9037
mean B0=89.6855 homogen=121496.7925
mean B0=74.0289 homogen=20314.8662
mean B0=84.6304 homogen=69730.4542
mean B0=75.6608 homogen=54607.4081
mean B0=73.9234 homogen=43575.181
mean B0=74.0966 homogen=20981.351
mean B0=86.1808 homogen=97536.0977
mean B0=69.2269 homogen=10564.9688
mean B0=87.6635 homogen=96561.3906
mean B0=81.6281 homogen=111174.7789
mean B0=82.8419 homogen=60780.8809
mean B0=76.6998 homogen=32081.7216
mean B0=72.0001 homogen=35614.8033
mean B0=86.1855 homogen=82715.0534
mean B0=83.1347 homogen=62597.2124
mean B0=80.4931 homogen=65160.7197
mean B0=68.0429 homogen=6443.61
mean B0=63.8078 homogen=187083.7899
mean B0=77.7137 homogen=32170.8011
mean B0=57.2263 homogen=53613.357
mean B0=79.979 homogen=90752.2416
mean B0=80.5128 homogen=43826.7964
mean B0=73.0059 homogen=17631.961
mean B0=77.0724 homogen=29884.8525
mean B0=85.4001 homogen=76196.7441
mean B0=75.1083 homogen=215574.5871
mean B0=80.263 homogen=42516.6202
mean B0=69.7135 homogen=10041.5179
mean B0=85.5901 homogen=77272.2144
mean B0=87.532 homogen=95602.217
mean B0=81.8244 homogen=51895.5335
mean B0=77.0817 homogen=29909.9501
mean B0=72.3933 homogen=21551.643
mean B0=86.141 homogen=88609.6205
mean B0=76.6552 homogen=32864.3513
mean B0=71.2173 homogen=21108.957
mean B0=67.2891 homogen=4868.1212
mean B0=79.1339 homogen=93782.8281
   594 |    23760 |     40 |  0.000000E+00 |  0.000000E+00 |  0.0027339374 |             f
mean B0=71.2898 homogen=14887.1233
mean B0=70.3108 homogen=11625.2962
mean B0=77.8282 homogen=70437.3652
mean B0=77.2334 homogen=30750.4948
mean B0=74.4787 homogen=41734.8194
mean B0=84.63 homogen=69729.0302
mean B0=72.0976 homogen=140019.9417
mean B0=82.0689 homogen=53041.2999
mean B0=81.661 homogen=84039.3136
mean B0=88.7733 homogen=108997.9678
mean B0=80.4349 homogen=99684.4862
mean B0=78.9543 homogen=35913.3453
mean B0=78.2492 homogen=74293.8507
mean B0=77.828 homogen=26172.8993
mean B0=87.532 homogen=95602.217
mean B0=75.5869 homogen=27464.0786
mean B0=81.6468 homogen=50632.0121
mean B0=89.4301 homogen=118845.3325
mean B0=77.4621 homogen=43231.8411
mean B0=86.2005 homogen=82909.4497
mean B0=82.7563 homogen=60465.3476
mean B0=78.7291 homogen=34901.4414
mean B0=85.7146 homogen=78509.095
mean B0=88.2721 homogen=122310.6971
mean B0=72.9852 homogen=41354.7293
mean B0=74.9881 homogen=185650.3434
mean B0=86.1527 homogen=82074.7052
mean B0=88.8724 homogen=110046.1924
mean B0=80.3796 homogen=37204.6349
mean B0=82.0315 homogen=53966.7815
mean B0=72.9389 homogen=41398.3259
mean B0=75.5528 homogen=82862.9067
mean B0=78.1826 homogen=46550.1886
mean B0=73.4101 homogen=21480.3857
mean B0=74.8102 homogen=23817.6208
mean B0=78.8031 homogen=37757.9547
mean B0=89.2367 homogen=114686.8621
mean B0=85.3345 homogen=75250.5019
mean B0=74.7726 homogen=57771.3806
mean B0=84.6304 homogen=69727.9703
   595 |    23800 |     40 |  0.000000E+00 |  0.000000E+00 |  0.0027714290 |             f
mean B0=53.5275 homogen=74394.9406
mean B0=82.2508 homogen=53697.8658
mean B0=88.1383 homogen=101950.3355
mean B0=88.9705 homogen=111480.0704
mean B0=88.8319 homogen=109722.8868
mean B0=85.5632 homogen=121266.6678
mean B0=81.5845 homogen=86697.6318
mean B0=72.3576 homogen=16196.8861
mean B0=67.0937 homogen=5770.7174
mean B0=86.2089 homogen=91863.7909
mean B0=77.2345 homogen=30754.1801
mean B0=64.046 homogen=211789.6702
mean B0=80.3601 homogen=44996.4624
mean B0=71.3073 homogen=14911.6913
mean B0=78.9543 homogen=35914.744
mean B0=76.8569 homogen=102222.0218
mean B0=66.6563 homogen=232914.7578
mean B0=87.5312 homogen=95591.3117
mean B0=74.2494 homogen=21048.29
mean B0=74.8115 homogen=23823.5446
mean B0=71.4282 homogen=13287.8411
mean B0=80.2495 homogen=42476.7383
mean B0=88.8725 homogen=110048.1684
mean B0=86.8659 homogen=90689.3531
mean B0=77.1781 homogen=30568.5721
mean B0=78.0885 homogen=34522.6284
mean B0=79.4961 homogen=38593.1444
mean B0=84.6302 homogen=69726.7407
mean B0=68.3523 homogen=7631.6211
mean B0=86.7029 homogen=90666.4989
mean B0=76.5518 homogen=33213.1034
mean B0=61.2412 homogen=180593.7425
mean B0=72.9908 homogen=23725.8373
mean B0=74.2657 homogen=37871.2301
mean B0=86.8191 homogen=87816.5575
mean B0=76.6545 homogen=43892.1695
mean B0=85.289 homogen=75832.311
mean B0=89.2372 homogen=114689.4923
mean B0=83.0062 homogen=61616.829
mean B0=70.7562 homogen=11453.0208
   596 |    23840 |     40 |  0.000000E+00 |  0.000000E+00 |  0.0031724018 |             f
mean B0=55.1407 homogen=61104.385
mean B0=87.2206 homogen=95220.1524
mean B0=85.289 homogen=75832.311
mean B0=80.4326 homogen=43689.4545
mean B0=70.3162 homogen=13650.0048
mean B0=80.4038 homogen=43241.4173
mean B0=81.6039 homogen=50371.1015
mean B0=86.3714 homogen=84092.3584
mean B0=64.7437 homogen=224174.7505
mean B0=80.5329 homogen=43912.8648
mean B0=82.3272 homogen=118558.8447
mean B0=71.5536 homogen=15184.5139
mean B0=75.766 homogen=35911.9698
mean B0=70.205 homogen=10547.706
mean B0=82.2508 homogen=53697.8658
mean B0=85.9688 homogen=82601.5008
mean B0=82.4826 homogen=55070.7849
mean B0=76.0109 homogen=28174.4458
mean B0=85.6689 homogen=86252.4576
mean B0=85.4695 homogen=83831.0484
mean B0=79.3785 homogen=37985.6065
mean B0=84.1331 homogen=67893.7352
mean B0=81.0483 homogen=111838.6626
mean B0=71.9458 homogen=52035.866
mean B0=69.3662 homogen=12863.851
mean B0=87.5111 homogen=96512.102
mean B0=84.8459 homogen=71511.5013
mean B0=68.5932 homogen=143463.6024
mean B0=73.524 homogen=41145.1749
mean B0=87.868 homogen=99254.3965
mean B0=73.7742 homogen=41100.3344
mean B0=71.3636 homogen=15380.852
mean B0=73.7162 homogen=22495.6119
mean B0=73.4205 homogen=19169.8661
mean B0=75.4262 homogen=24532.8601
mean B0=88.7324 homogen=96822.4858
mean B0=64.6628 homogen=141410.0816
mean B0=76.2569 homogen=28322.6256
mean B0=78.5424 homogen=213317.6132
mean B0=74.9576 homogen=53308.9409
   597 |    23880 |     40 |  0.000000E+00 |  0.000000E+00 |  0.0045275096 |             f
mean B0=74.7859 homogen=23770.1652
mean B0=82.7537 homogen=60426.6032
mean B0=76.5271 homogen=28143.5403
mean B0=71.6132 homogen=15452.8152
mean B0=83.3538 homogen=50237.4278
mean B0=87.8651 homogen=99846.9992
mean B0=78.8492 homogen=35368.4124
mean B0=67.2598 homogen=4823.9293
mean B0=87.3794 homogen=96871.0478
mean B0=78.0885 homogen=34522.6284
mean B0=76.1177 homogen=28153.6436
mean B0=81.8123 homogen=53795.895
mean B0=82.3053 homogen=55163.5829
mean B0=86.3738 homogen=84120.3673
mean B0=69.7386 homogen=9215.3376
mean B0=82.3174 homogen=55251.569
mean B0=85.561 homogen=123654.625
mean B0=87.2392 homogen=95459.9375
mean B0=89.4504 homogen=118862.9596
mean B0=79.4724 homogen=38483.4383
mean B0=64.2831 homogen=15718.4948
mean B0=74.2533 homogen=21089.6451
mean B0=45.113 homogen=113712.947
mean B0=81.5748 homogen=65408.3018
mean B0=73.4205 homogen=19169.8661
mean B0=84.2398 homogen=66530.4706
mean B0=88.1654 homogen=102290.4929
mean B0=88.9707 homogen=111481.1102
mean B0=77.9668 homogen=71632.6458
mean B0=67.2596 homogen=4812.9189
mean B0=89.7328 homogen=101026.4427
mean B0=79.3551 homogen=40239.7627
mean B0=86.1537 homogen=82487.3906
mean B0=86.1507 homogen=82068.6383
mean B0=70.205 homogen=10547.706
mean B0=87.9604 homogen=100449.2722
mean B0=78.293 homogen=35223.3191
mean B0=81.1212 homogen=47433.2998
mean B0=83.1151 homogen=62527.1025
mean B0=70.7766 homogen=11513.0678
   598 |    23920 |     40 |  0.000000E+00 |  0.000000E+00 |  0.0015294356 |             f
mean B0=86.1514 homogen=82071.6922
mean B0=85.1528 homogen=74777.4162
mean B0=70.6572 homogen=11357.1923
mean B0=86.1662 homogen=81872.0206
mean B0=72.1606 homogen=34412.8222
mean B0=67.3956 homogen=5562.4552
mean B0=80.9906 homogen=48587.9694
mean B0=82.0196 homogen=55484.1125
mean B0=68.1776 homogen=5612.1068
mean B0=70.6387 homogen=12928.8044
mean B0=77.2736 homogen=30885.5327
mean B0=82.3666 homogen=60428.0421
mean B0=88.0838 homogen=101330.241
mean B0=81.2651 homogen=47865.4148
mean B0=81.5261 homogen=121062.2545
mean B0=85.4036 homogen=76715.4514
mean B0=75.5962 homogen=18858.4068
mean B0=81.8417 homogen=86143.6866
mean B0=76.5271 homogen=28143.5403
mean B0=84.0189 homogen=65152.1892
mean B0=81.811 homogen=53790.8077
mean B0=89.8147 homogen=122947.6995
mean B0=90.2594 homogen=128230.0192
mean B0=83.5334 homogen=64063.4609
mean B0=84.9744 homogen=76174.2197
mean B0=68.0467 homogen=7049.6448
mean B0=81.2314 homogen=81870.8372
mean B0=84.9828 homogen=73025.4443
mean B0=76.0725 homogen=26630.6635
mean B0=83.042 homogen=76483.1427
mean B0=63.5896 homogen=112062.5081
mean B0=74.069 homogen=20246.7674
mean B0=74.8487 homogen=24000.9866
mean B0=85.2956 homogen=90996.48
mean B0=72.0559 homogen=36190.7257
mean B0=80.1354 homogen=41895.4391
mean B0=85.8567 homogen=87461.6894
mean B0=77.8999 homogen=41012.3635
mean B0=73.3806 homogen=157267.112
mean B0=79.43 homogen=38247.3259
   599 |    23960 |     40 |  0.000000E+00 |  0.000000E+00 |  0.0025470531 |         ideal
mean B0=55.9886 homogen=312836.3019
mean B0=74.0499 homogen=23927.4332
mean B0=79.7805 homogen=98235.8121
mean B0=72.9103 homogen=18781.9357
mean B0=86.1703 homogen=81902.0026
mean B0=90.4715 homogen=127297.4344
mean B0=89.747 homogen=122653.5229
mean B0=88.7664 homogen=109241.3918
mean B0=75.2049 homogen=23277.5466
mean B0=87.994 homogen=100723.4592
mean B0=87.8677 homogen=99190.4692
mean B0=69.8938 homogen=11203.5193
mean B0=80.2325 homogen=42392.4233
mean B0=43.6072 homogen=119067.4269
mean B0=70.6385 homogen=12924.785
mean B0=75.0952 homogen=45999.3811
mean B0=82.7536 homogen=60427.3591
mean B0=83.1347 homogen=62593.6358
mean B0=81.1197 homogen=47421.2148
mean B0=89.416 homogen=116832.4032
mean B0=75.7218 homogen=26780.9413
mean B0=70.1047 homogen=10789.8372
mean B0=77.4721 homogen=39186.5473
mean B0=78.8849 homogen=35414.5554
mean B0=84.9785 homogen=72993.2222
mean B0=86.9303 homogen=91294.3764
mean B0=81.6658 homogen=50636.9171
mean B0=89.633 homogen=121047.1083
mean B0=70.2687 homogen=11507.0421
mean B0=84.1662 homogen=77474.6788
mean B0=75.8638 homogen=28970.7726
mean B0=70.0336 homogen=27866.7598
mean B0=78.9689 homogen=35988.0151
mean B0=67.3956 homogen=5562.4552
mean B0=84.9398 homogen=98390.4565
mean B0=71.3014 homogen=127563.6716
mean B0=80.1361 homogen=41897.5619
mean B0=87.3802 homogen=96872.379
mean B0=82.3951 homogen=55353.5128
mean B0=84.1259 homogen=65876.8217
   600 |    24000 |     40 |  0.000000E+00 |  0.000000E+00 |  0.0022679549 |             f
mean B0=70.7085 homogen=11297.2039
mean B0=83.2269 homogen=86087.8331
mean B0=86.0668 homogen=82290.3907
mean B0=88.3768 homogen=120213.3401
mean B0=83.228 homogen=62925.0168
mean B0=85.691 homogen=62726.6518
mean B0=89.416 homogen=116833.3044
mean B0=87.3322 homogen=93239.8829
mean B0=74.7768 homogen=32793.5876
mean B0=75.8048 homogen=54333.6117
mean B0=75.6802 homogen=36401.6119
mean B0=91.5596 homogen=117068.1289
mean B0=86.9303 homogen=91294.3764
mean B0=88.1654 homogen=102290.4929
mean B0=79.5183 homogen=38704.3268
mean B0=64.1586 homogen=214293.1969
mean B0=70.5084 homogen=10448.2292
mean B0=67.4331 homogen=246074.9101
mean B0=74.7131 homogen=23355.1581
mean B0=73.6889 homogen=71320.8333
mean B0=69.3608 homogen=27153.5358
mean B0=87.0959 homogen=95039.2381
mean B0=78.3522 homogen=34993.7959
mean B0=82.4845 homogen=55127.9136
mean B0=84.1348 homogen=65727.0086
mean B0=69.6486 homogen=10510.5855
mean B0=77.2735 homogen=30887.8136
mean B0=87.8096 homogen=98375.7798
mean B0=86.1921 homogen=129695.5138
mean B0=72.6706 homogen=40571.2714
mean B0=78.7152 homogen=39695.2062
mean B0=44.6996 homogen=110631.9992
mean B0=80.2495 homogen=42476.7383
mean B0=45.6352 homogen=111311.9098
mean B0=75.2484 homogen=30065.6259
mean B0=75.7368 homogen=36488.8435
mean B0=68.1929 homogen=6845.8637
mean B0=88.7787 homogen=108964.3342
mean B0=80.2426 homogen=42440.7756
mean B0=79.0042 homogen=36047.7677
   601 |    24040 |     40 |  0.000000E+00 |  0.000000E+00 |  0.0035764960 |             f
mean B0=86.819 homogen=87816.5138
mean B0=64.5989 homogen=220860.193
mean B0=67.2612 homogen=4828.6552
mean B0=85.0998 homogen=73385.2394
mean B0=69.048 homogen=15664.2148
mean B0=83.1518 homogen=62352.6468
mean B0=69.6968 homogen=9162.2756
mean B0=80.3002 homogen=42720.0764
mean B0=76.3672 homogen=64082.6639
mean B0=80.2914 homogen=46243.5698
mean B0=78.4586 homogen=35004.8932
mean B0=84.1644 homogen=65960.8971
mean B0=88.9707 homogen=111481.1102
mean B0=69.7366 homogen=21824.6778
mean B0=90.1414 homogen=126641.4737
mean B0=72.563 homogen=14351.7101
mean B0=76.0198 homogen=40722.6942
mean B0=74.8876 homogen=24189.1217
mean B0=78.274 homogen=34751.3861
mean B0=90.183 homogen=127141.5974
mean B0=80.1354 homogen=41895.4391
mean B0=85.6614 homogen=101170.4699
mean B0=68.1843 homogen=6839.7111
mean B0=87.2073 homogen=93061.0619
mean B0=72.3455 homogen=22646.8005
mean B0=89.4702 homogen=117368.4766
mean B0=72.4012 homogen=16236.1579
mean B0=83.2942 homogen=60914.4175
mean B0=84.1294 homogen=65911.8978
mean B0=85.7021 homogen=84906.8804
mean B0=75.9733 homogen=27131.5768